county,year,month,total_gwh,residential_gwh,nonresidential_gwh,month_start_date
ALAMEDA,2008,January,1106.703848835,328.7857454,777.9181034349999,2008-01-01
ALAMEDA,2008,February,971.517644093,267.2670054,704.250638693,2008-02-01
ALAMEDA,2008,March,933.949738096,252.1524694,681.7972686960001,2008-03-01
ALAMEDA,2008,April,905.672466857,234.2130108,671.4594560569999,2008-04-01
ALAMEDA,2008,May,906.5171187459999,225.6505082,680.8666105460001,2008-05-01
ALAMEDA,2008,June,910.946366357,231.4016274,679.5447389569999,2008-06-01
ALAMEDA,2008,July,993.197374979,248.4906908,744.7066841790001,2008-07-01
ALAMEDA,2008,August,910.288820128,223.8244736,686.464346528,2008-08-01
ALAMEDA,2008,September,953.9500897529999,244.0416596,709.9084301529999,2008-09-01
ALAMEDA,2008,October,896.565350063,242.4452393,654.120110763,2008-10-01
ALAMEDA,2008,November,720.431637262,200.0600606,520.3715766619999,2008-11-01
ALAMEDA,2008,December,926.940190835,296.165607,630.7745838349999,2008-12-01
ALAMEDA,2009,January,857.758523598,293.2611686,564.497354998,2009-01-01
ALAMEDA,2009,February,795.600257221,249.4467722,546.1534850209999,2009-02-01
ALAMEDA,2009,March,846.9565230100001,263.0854752,583.8710478100002,2009-03-01
ALAMEDA,2009,April,840.533610228,248.0132005,592.520409728,2009-04-01
ALAMEDA,2009,May,780.094565365,221.627946,558.466619365,2009-05-01
ALAMEDA,2009,June,843.56987885,235.977301,607.59257785,2009-06-01
ALAMEDA,2009,July,958.875315031,247.058272,711.8170430309999,2009-07-01
ALAMEDA,2009,August,884.727800791,230.2524979,654.475302891,2009-08-01
ALAMEDA,2009,September,893.374454405,247.4351271,645.939327305,2009-09-01
ALAMEDA,2009,October,878.398119659,242.8012462,635.5968734590001,2009-10-01
ALAMEDA,2009,November,751.220489003,220.5373465,530.683142503,2009-11-01
ALAMEDA,2009,December,984.459618065,314.7649866,669.694631465,2009-12-01
ALAMEDA,2010,January,877.599082086,287.4801859,590.118896186,2010-01-01
ALAMEDA,2010,February,831.457763117,257.252932,574.2048311169999,2010-02-01
ALAMEDA,2010,March,907.6483831859999,268.4953,639.1530831859999,2010-03-01
ALAMEDA,2010,April,872.368781258,253.4888394,618.8799418579999,2010-04-01
ALAMEDA,2010,May,767.0582272940001,221.8542882,545.2039390939999,2010-05-01
ALAMEDA,2010,June,879.192540422,237.3690034,641.8235370220001,2010-06-01
ALAMEDA,2010,July,883.067623887,233.1991556,649.8684682870002,2010-07-01
ALAMEDA,2010,August,960.907222448,236.087551,724.819671448,2010-08-01
ALAMEDA,2010,September,922.574875006,242.1408384,680.4340366060001,2010-09-01
ALAMEDA,2010,October,897.489095648,240.5594779,656.9296177479999,2010-10-01
ALAMEDA,2010,November,833.165364751,223.0213029,610.144061851,2010-11-01
ALAMEDA,2010,December,1045.222139727,317.479332,727.742807727,2010-12-01
ALAMEDA,2011,January,904.52785772,282.4668622,622.06099552,2011-01-01
ALAMEDA,2011,February,837.5143997729999,247.6464666,589.8679331729999,2011-02-01
ALAMEDA,2011,March,968.079553213,299.2317661,668.8477871129999,2011-03-01
ALAMEDA,2011,April,815.026057528,238.0448513,576.981206228,2011-04-01
ALAMEDA,2011,May,831.995006979,230.4681688,601.5268381790002,2011-05-01
ALAMEDA,2011,June,954.31438911,244.0294676,710.28492151,2011-06-01
ALAMEDA,2011,July,942.68002849,241.9094689,700.7705595900001,2011-07-01
ALAMEDA,2011,August,1024.284775937,237.6636365,786.6211394369999,2011-08-01
ALAMEDA,2011,September,954.277999557,240.4873763,713.7906232570001,2011-09-01
ALAMEDA,2011,October,943.2427644530001,233.4492957,709.7934687530001,2011-10-01
ALAMEDA,2011,November,820.769126387,231.9077164,588.861409987,2011-11-01
ALAMEDA,2011,December,937.631644349,293.1946412,644.437003149,2011-12-01
ALAMEDA,2012,January,905.228504528,305.7424066,599.4860979279999,2012-01-01
ALAMEDA,2012,February,804.760674259,260.9928152,543.767859059,2012-02-01
ALAMEDA,2012,March,899.288803851,271.1712415,628.117562351,2012-03-01
ALAMEDA,2012,April,806.386218087,236.7637965,569.622421587,2012-04-01
ALAMEDA,2012,May,874.78930889,242.0318986,632.75741029,2012-05-01
ALAMEDA,2012,June,816.1698774949999,229.2830676,586.8868098949999,2012-06-01
ALAMEDA,2012,July,968.698388752,234.2892625,734.409126252,2012-07-01
ALAMEDA,2012,August,1001.825982478,252.5420663,749.283916178,2012-08-01
ALAMEDA,2012,September,860.591196521,225.6860646,634.9051319210001,2012-09-01
ALAMEDA,2012,October,909.9086105260001,239.2929282,670.615682326,2012-10-01
ALAMEDA,2012,November,809.399414307,228.5780575,580.8213568070001,2012-11-01
ALAMEDA,2012,December,875.426754755,267.3852714,608.0414833549999,2012-12-01
ALAMEDA,2013,January,942.381835551,326.4402439,615.941591651,2013-01-01
ALAMEDA,2013,February,809.633076803,258.0786417,551.554435103,2013-02-01
ALAMEDA,2013,March,869.512726079,262.1705745,607.342151579,2013-03-01
ALAMEDA,2013,April,815.945169407,217.7068608,598.238308607,2013-04-01
ALAMEDA,2013,May,869.759752921,233.3095818,636.450171121,2013-05-01
ALAMEDA,2013,June,848.996727995,223.8755913,625.121136695,2013-06-01
ALAMEDA,2013,July,1000.028275833,248.9045928,751.123683033,2013-07-01
ALAMEDA,2013,August,952.735588448,232.3723492,720.3632392480001,2013-08-01
ALAMEDA,2013,September,882.879172274,230.0339579,652.8452143740001,2013-09-01
ALAMEDA,2013,October,883.8840034360001,238.7241348,645.159868636,2013-10-01
ALAMEDA,2013,November,776.155648218,211.3304098,564.8252384179999,2013-11-01
ALAMEDA,2013,December,921.2489945230001,298.399991,622.8490035230001,2013-12-01
ALAMEDA,2014,January,868.2207158850001,290.0217162,578.198999685,2014-01-01
ALAMEDA,2014,February,776.058776926,241.1092476,534.949529326,2014-02-01
ALAMEDA,2014,March,820.602390066,240.5349341,580.0674559659999,2014-03-01
ALAMEDA,2014,April,812.2112417879999,225.7608522,586.450389588,2014-04-01
ALAMEDA,2014,May,806.490491548,222.2745965,584.215895048,2014-05-01
ALAMEDA,2014,June,850.79617445,227.5444609,623.25171355,2014-06-01
ALAMEDA,2014,July,909.0329394180001,243.4510993,665.5818401180001,2014-07-01
ALAMEDA,2014,August,874.328024095,245.058185,629.269839095,2014-08-01
ALAMEDA,2014,September,890.498904234,230.5776073,659.9212969339999,2014-09-01
ALAMEDA,2014,October,917.3446022649999,245.4737104,671.870891865,2014-10-01
ALAMEDA,2014,November,757.139453708,203.5447371,553.594716608,2014-11-01
ALAMEDA,2014,December,960.9300079080001,267.449631,693.480376908,2014-12-01
ALAMEDA,2015,January,913.093146322,282.9857024,630.1074439219999,2015-01-01
ALAMEDA,2015,February,786.135880782,229.2291982,556.9066825819999,2015-02-01
ALAMEDA,2015,March,853.77745627,241.2414944,612.53596187,2015-03-01
ALAMEDA,2015,April,831.238840075,218.2267355,613.0121045750001,2015-04-01
ALAMEDA,2015,May,776.994857391,216.3273553,560.667502091,2015-05-01
ALAMEDA,2015,June,844.751458972,214.3672634,630.3841955720001,2015-06-01
ALAMEDA,2015,July,890.526614871,245.3457334,645.180881471,2015-07-01
ALAMEDA,2015,August,857.956297713,228.4956908,629.4606069130001,2015-08-01
ALAMEDA,2015,September,881.904400931,244.5442466,637.360154331,2015-09-01
ALAMEDA,2015,October,891.35006714,248.561119,642.78894814,2015-10-01
ALAMEDA,2015,November,730.009653767,208.6810388,521.328614967,2015-11-01
ALAMEDA,2015,December,928.332876602,303.3418399,624.991036702,2015-12-01
ALAMEDA,2016,January,888.3079306100001,296.8478422,591.4600884099999,2016-01-01
ALAMEDA,2016,February,803.490197244,238.812304,564.677893244,2016-02-01
ALAMEDA,2016,March,949.748746859,256.3619145,693.386832359,2016-03-01
ALAMEDA,2016,April,830.8672027040001,217.8604433,613.006759404,2016-04-01
ALAMEDA,2016,May,814.2777411870001,216.7126529,597.5650882870001,2016-05-01
ALAMEDA,2016,June,894.229606504,240.4298283,653.7997782040001,2016-06-01
ALAMEDA,2016,July,984.5634979170001,232.9268078,751.636690117,2016-07-01
ALAMEDA,2016,August,1021.104424813,245.8552659,775.2491589129999,2016-08-01
ALAMEDA,2016,September,934.6405169039999,231.0189301,703.621586804,2016-09-01
ALAMEDA,2016,October,830.2827637099999,222.6752163,607.6075474099999,2016-10-01
ALAMEDA,2016,November,835.991891564,216.4720836,619.5198079639999,2016-11-01
ALAMEDA,2016,December,932.282376764,278.9148633,653.367513464,2016-12-01
ALAMEDA,2017,January,1034.168651297,303.9166085,730.2520427970001,2017-01-01
ALAMEDA,2017,February,885.609372404,252.472758,633.1366144039999,2017-02-01
ALAMEDA,2017,March,925.395517677,274.5816337,650.8138839770002,2017-03-01
ALAMEDA,2017,April,772.283902335,212.2374356,560.046466735,2017-04-01
ALAMEDA,2017,May,920.200724757,223.180685,697.0200397570002,2017-05-01
ALAMEDA,2017,June,965.010834735,234.3264746,730.684360135,2017-06-01
ALAMEDA,2017,July,954.3595594760001,236.4251915,717.934367976,2017-07-01
ALAMEDA,2017,August,1038.95397092,254.8090869,784.1448840200001,2017-08-01
ALAMEDA,2017,September,945.524589932,249.9560664,695.568523532,2017-09-01
ALAMEDA,2017,October,848.6457247440001,230.1572847,618.488440044,2017-10-01
ALAMEDA,2017,November,825.10935967,219.9906871,605.11867257,2017-11-01
ALAMEDA,2017,December,890.05690672,268.9520103,621.1048964199999,2017-12-01
ALAMEDA,2018,January,909.549027697,285.2519001,624.2971275970001,2018-01-01
ALAMEDA,2018,February,810.791427731,238.4100374,572.381390331,2018-02-01
ALAMEDA,2018,March,928.239061009,279.3610266,648.878034409,2018-03-01
ALAMEDA,2018,April,804.897551564,225.3911377,579.506413864,2018-04-01
ALAMEDA,2018,May,861.309908099,230.7124663,630.5974417990001,2018-05-01
ALAMEDA,2018,June,833.464852332,225.8732829,607.5915694319999,2018-06-01
ALAMEDA,2018,July,889.8880877729999,240.341687,649.546400773,2018-07-01
ALAMEDA,2018,August,993.232835519,253.1677069,740.065128619,2018-08-01
ALAMEDA,2018,September,872.798306046,217.6001463,655.198159746,2018-09-01
ALAMEDA,2018,October,916.226610028,227.9118863,688.314723728,2018-10-01
ALAMEDA,2018,November,800.697084169,219.2274993,581.4695848690001,2018-11-01
ALAMEDA,2018,December,860.715217664,265.0948098,595.620407864,2018-12-01
ALAMEDA,2019,January,904.9420370949999,287.8635184,617.0785186950001,2019-01-01
ALAMEDA,2019,February,828.243338056,262.1795115,566.0638265559999,2019-02-01
ALAMEDA,2019,March,928.043960724,280.0654058,647.978554924,2019-03-01
ALAMEDA,2019,April,819.750483947,225.4330509,594.317433047,2019-04-01
ALAMEDA,2019,May,834.636234702,225.1368859,609.499348802,2019-05-01
ALAMEDA,2019,June,885.9795625879999,231.4923407,654.487221888,2019-06-01
ALAMEDA,2019,July,970.627642165,236.9024182,733.725223965,2019-07-01
ALAMEDA,2019,August,988.711556204,248.1976389,740.513917304,2019-08-01
ALAMEDA,2019,September,952.515970832,244.3140708,708.201900032,2019-09-01
ALAMEDA,2019,October,897.1382129230001,242.0872843,655.050928623,2019-10-01
ALAMEDA,2019,November,776.430820775,196.736667,579.694153775,2019-11-01
ALAMEDA,2019,December,1023.5282923579999,280.606899,742.9213933580002,2019-12-01
ALAMEDA,2020,January,905.9726457769999,306.4799206,599.4927251769999,2020-01-01
ALAMEDA,2020,February,819.1619131159999,250.0246995,569.1372136159999,2020-02-01
ALAMEDA,2020,March,856.1105314710001,257.1063025,599.0042289710001,2020-03-01
ALAMEDA,2020,April,801.542086929,268.4304835,533.111603429,2020-04-01
ALAMEDA,2020,May,740.600062087,238.676666,501.923396087,2020-05-01
ALAMEDA,2020,June,850.1439228940001,266.1072897,584.036633194,2020-06-01
ALAMEDA,2020,July,890.221324441,275.0632298,615.1580946409999,2020-07-01
ALAMEDA,2020,August,867.3869933159999,261.4354455,605.951547816,2020-08-01
ALAMEDA,2020,September,896.254949168,294.9378798,601.3170693680001,2020-09-01
ALAMEDA,2020,October,860.779539399,275.3527126,585.426826799,2020-10-01
ALAMEDA,2020,November,740.832858312,232.2259113,508.6069470119999,2020-11-01
ALAMEDA,2020,December,907.945006741,324.7684282,583.176578541,2020-12-01
ALAMEDA,2021,January,851.338417478,302.7965243,548.541893178,2021-01-01
ALAMEDA,2021,February,780.836310419,267.3640038,513.472306619,2021-02-01
ALAMEDA,2021,March,866.411731328,299.3347449,567.076986428,2021-03-01
ALAMEDA,2021,April,803.974474494,254.1196012,549.854873294,2021-04-01
ALAMEDA,2021,May,751.264391141,227.1487261,524.115665041,2021-05-01
ALAMEDA,2021,June,853.733130029,248.5965102,605.136619829,2021-06-01
ALAMEDA,2021,July,841.719543542,248.9792258,592.7403177419999,2021-07-01
ALAMEDA,2021,August,870.240723447,259.4431459,610.7975775470001,2021-08-01
ALAMEDA,2021,September,865.339596847,258.8501063,606.489490547,2021-09-01
ALAMEDA,2021,October,815.475426468,234.088422,581.3870044680001,2021-10-01
ALAMEDA,2021,November,798.90836768,222.5801924,576.32817528,2021-11-01
ALAMEDA,2021,December,930.305097494,300.2074713,630.097626194,2021-12-01
ALAMEDA,2022,January,834.3808402479999,294.2956293,540.0852109479999,2022-01-01
ALAMEDA,2022,February,764.852484574,257.9273614,506.92512317399996,2022-02-01
ALAMEDA,2022,March,893.714764507,287.2500983,606.4646662069999,2022-03-01
ALAMEDA,2022,April,783.3143750219999,234.7485025,548.5658725220001,2022-04-01
ALAMEDA,2022,May,814.6381331,233.508164,581.1299691,2022-05-01
ALAMEDA,2022,June,843.543432422,244.3257717,599.2176607220001,2022-06-01
ALAMEDA,2022,July,831.916879949,243.8926775,588.024202449,2022-07-01
ALAMEDA,2022,August,899.29422252,266.2828337,633.01138882,2022-08-01
ALAMEDA,2022,September,908.110435259,270.3250176,637.785417659,2022-09-01
ALAMEDA,2022,October,883.4323358500001,228.1251367,655.30719915,2022-10-01
ALAMEDA,2022,November,843.565893271,233.1087223,610.457170971,2022-11-01
ALAMEDA,2022,December,983.392717989,309.5673379,673.8253800889999,2022-12-01
ALAMEDA,2023,January,988.1685262440001,314.7898488,673.378677444,2023-01-01
ALAMEDA,2023,February,868.299418791,268.9656536,599.333765191,2023-02-01
ALAMEDA,2023,March,1058.685301994,321.8788647,736.806437294,2023-03-01
ALAMEDA,2023,April,880.340768772,251.0569316,629.283837172,2023-04-01
ALAMEDA,2023,May,940.925765297,244.6685418,696.257223497,2023-05-01
ALAMEDA,2023,June,938.251171515,236.9020157,701.3491558149999,2023-06-01
ALAMEDA,2023,July,966.860181525,239.7042254,727.1559561250001,2023-07-01
ALAMEDA,2023,August,1053.760564292,274.4206699,779.339894392,2023-08-01
ALAMEDA,2023,September,966.8837364660001,245.8510582,721.032678266,2023-09-01
ALAMEDA,2023,October,915.36216962,238.0941534,677.26801622,2023-10-01
ALAMEDA,2023,November,866.870775915,223.2176618,643.6531141150001,2023-11-01
ALAMEDA,2023,December,916.9170192180001,267.2214482,649.6955710179999,2023-12-01
ALAMEDA,2024,January,974.781795168,311.9155562,662.866238968,2024-01-01
ALAMEDA,2024,February,912.039447001,274.9552006,637.0842464010001,2024-02-01
ALAMEDA,2024,March,927.5349665670001,274.5627582,652.9722083670001,2024-03-01
ALAMEDA,2024,April,933.8512898619999,257.6558482,676.1954416619999,2024-04-01
ALAMEDA,2024,May,913.208783841,245.9675699,667.241213941,2024-05-01
ALAMEDA,2024,June,888.155563204,231.4248231,656.730740104,2024-06-01
ALAMEDA,2024,July,1112.761901472,288.5570315,824.204869972,2024-07-01
ALAMEDA,2024,August,1086.437458945,278.137516,808.2999429449999,2024-08-01
ALAMEDA,2024,September,1009.511025823,250.3560926,759.154933223,2024-09-01
ALAMEDA,2024,October,1068.757663245,274.5390047,794.2186585449999,2024-10-01
ALAMEDA,2024,November,855.852102961,215.4084121,640.443690861,2024-11-01
ALAMEDA,2024,December,1016.8037212349999,298.8367141,717.967007135,2024-12-01
ALPINE,2008,January,2.4512251579999997,1.141509129,1.309716029,2008-01-01
ALPINE,2008,February,2.4445412319999997,1.164049934,1.2804912979999998,2008-02-01
ALPINE,2008,March,2.0478534269999997,0.849555608,1.198297819,2008-03-01
ALPINE,2008,April,1.6641999209999998,0.818824967,0.8453749540000001,2008-04-01
ALPINE,2008,May,0.9138725820000001,0.601869383,0.312003199,2008-05-01
ALPINE,2008,June,1.146626951,0.565887136,0.5807398149999999,2008-06-01
ALPINE,2008,July,1.1144806479999998,0.572742506,0.5417381419999999,2008-07-01
ALPINE,2008,August,1.272036007,0.753439236,0.518596771,2008-08-01
ALPINE,2008,September,0.888804178,0.43335153,0.455452648,2008-09-01
ALPINE,2008,October,1.0386451700000001,0.569918189,0.468726981,2008-10-01
ALPINE,2008,November,1.286724497,0.602138766,0.6845857309999999,2008-11-01
ALPINE,2008,December,2.012257607,0.839366509,1.172891098,2008-12-01
ALPINE,2009,January,2.122340584,1.603827348,0.5185132360000001,2009-01-01
ALPINE,2009,February,2.2662634,1.73840843,0.52785497,2009-02-01
ALPINE,2009,March,1.8979496009999999,1.361771351,0.53617825,2009-03-01
ALPINE,2009,April,1.7508237599999998,1.246373461,0.504450299,2009-04-01
ALPINE,2009,May,1.172515273,0.799580008,0.37293526499999996,2009-05-01
ALPINE,2009,June,0.976512242,0.683219939,0.29329230300000003,2009-06-01
ALPINE,2009,July,1.193602503,0.714469984,0.47913251900000003,2009-07-01
ALPINE,2009,August,1.1588210700000001,0.773754621,0.385066449,2009-08-01
ALPINE,2009,September,0.9647254630000001,0.678557102,0.286168361,2009-09-01
ALPINE,2009,October,1.086533555,0.758839282,0.32769427300000004,2009-10-01
ALPINE,2009,November,1.3880309080000002,0.954570129,0.433460779,2009-11-01
ALPINE,2009,December,2.298949846,1.728908048,0.5700417980000001,2009-12-01
ALPINE,2010,January,2.309592908,1.675296144,0.634296764,2010-01-01
ALPINE,2010,February,2.151245225,1.566713945,0.5845312800000001,2010-02-01
ALPINE,2010,March,1.8855846589999998,1.330339378,0.555245281,2010-03-01
ALPINE,2010,April,1.9544371879999998,1.402027465,0.552409723,2010-04-01
ALPINE,2010,May,1.164910366,0.752726169,0.4121841969999999,2010-05-01
ALPINE,2010,June,0.844497016,0.570548134,0.273948882,2010-06-01
ALPINE,2010,July,1.02785903,0.748324574,0.279534456,2010-07-01
ALPINE,2010,August,1.017273229,0.738132787,0.279140442,2010-08-01
ALPINE,2010,September,1.038573485,0.680028901,0.35854458399999994,2010-09-01
ALPINE,2010,October,0.9777801880000001,0.634510922,0.3432692660000001,2010-10-01
ALPINE,2010,November,1.406542101,0.928963222,0.47757887899999996,2010-11-01
ALPINE,2010,December,1.892567283,1.43946728,0.45310000300000003,2010-12-01
ALPINE,2011,January,2.191503874,1.696186124,0.49531775,2011-01-01
ALPINE,2011,February,1.963597045,1.440020157,0.523576888,2011-02-01
ALPINE,2011,March,1.927637259,1.450464665,0.477172594,2011-03-01
ALPINE,2011,April,1.232681914,0.747117769,0.485564145,2011-04-01
ALPINE,2011,May,0.754212235,0.446023072,0.308189163,2011-05-01
ALPINE,2011,June,1.056325297,0.426934291,0.629391006,2011-06-01
ALPINE,2011,July,0.6781241140000001,0.399620906,0.278503208,2011-07-01
ALPINE,2011,August,0.762718264,0.471259659,0.291458605,2011-08-01
ALPINE,2011,September,0.624232472,0.320695358,0.303537114,2011-09-01
ALPINE,2011,October,0.692809272,0.397193642,0.2956156299999999,2011-10-01
ALPINE,2011,November,1.027318323,0.583570738,0.443747585,2011-11-01
ALPINE,2011,December,1.404931949,0.737141389,0.6677905599999999,2011-12-01
ALPINE,2012,January,1.5334565,0.811829646,0.721626854,2012-01-01
ALPINE,2012,February,1.074919631,0.679373702,0.395545929,2012-02-01
ALPINE,2012,March,1.154137774,0.628347347,0.525790427,2012-03-01
ALPINE,2012,April,1.1478180949999999,0.726950729,0.420867366,2012-04-01
ALPINE,2012,May,0.948603714,0.631877695,0.316726019,2012-05-01
ALPINE,2012,June,0.8918949700000001,0.631309293,0.26058567699999996,2012-06-01
ALPINE,2012,July,1.062485138,0.735513562,0.326971576,2012-07-01
ALPINE,2012,August,1.140688056,0.800921954,0.339766102,2012-08-01
ALPINE,2012,September,0.9931426959999999,0.68697943,0.306163266,2012-09-01
ALPINE,2012,October,0.8714922589999999,0.645527062,0.22596519699999998,2012-10-01
ALPINE,2012,November,1.235614693,0.939704493,0.2959102,2012-11-01
ALPINE,2012,December,1.8659780619999997,1.41173556,0.45424250200000005,2012-12-01
ALPINE,2013,January,2.343105031,1.837440895,0.505664136,2013-01-01
ALPINE,2013,February,1.993096535,1.570376245,0.42272028999999994,2013-02-01
ALPINE,2013,March,1.761226289,1.391992718,0.369233571,2013-03-01
ALPINE,2013,April,1.736751634,1.294900177,0.441851457,2013-04-01
ALPINE,2013,May,1.004248897,0.767960836,0.236288061,2013-05-01
ALPINE,2013,June,1.07579286,0.704484678,0.371308182,2013-06-01
ALPINE,2013,July,1.407780106,0.875184342,0.532595764,2013-07-01
ALPINE,2013,August,1.220713133,0.83358182,0.387131313,2013-08-01
ALPINE,2013,September,1.122608034,0.792523584,0.33008445,2013-09-01
ALPINE,2013,October,0.986958022,0.746379864,0.24057815800000001,2013-10-01
ALPINE,2013,November,1.404612663,1.030273607,0.374339056,2013-11-01
ALPINE,2013,December,2.156786231,1.616542977,0.540243254,2013-12-01
ALPINE,2014,January,1.7791431160000002,1.319610235,0.45953288100000006,2014-01-01
ALPINE,2014,February,1.658614709,1.204513419,0.45410129000000005,2014-02-01
ALPINE,2014,March,1.771102153,1.301803399,0.46929875400000004,2014-03-01
ALPINE,2014,April,1.66175647,1.258721678,0.40303479200000003,2014-04-01
ALPINE,2014,May,1.24563267,0.844044976,0.40158769399999994,2014-05-01
ALPINE,2014,June,1.003196062,0.796487264,0.20670879800000003,2014-06-01
ALPINE,2014,July,1.0997919139999999,0.801886201,0.297905713,2014-07-01
ALPINE,2014,August,0.962784227,0.728891913,0.233892314,2014-08-01
ALPINE,2014,September,0.974723707,0.730892669,0.243831038,2014-09-01
ALPINE,2014,October,1.051423975,0.785486827,0.265937148,2014-10-01
ALPINE,2014,November,1.107866652,0.871618095,0.236248557,2014-11-01
ALPINE,2014,December,1.7079441249999998,1.371633851,0.336310274,2014-12-01
ALPINE,2015,January,2.141473559,1.532195796,0.609277763,2015-01-01
ALPINE,2015,February,1.532806191,1.16604943,0.366756761,2015-02-01
ALPINE,2015,March,1.7763568299999999,1.094227222,0.682129608,2015-03-01
ALPINE,2015,April,1.2897157160000001,0.942628168,0.347087548,2015-04-01
ALPINE,2015,May,1.0291276919999999,0.726488305,0.302639387,2015-05-01
ALPINE,2015,June,0.9161572640000001,0.638635422,0.27752184199999996,2015-06-01
ALPINE,2015,July,1.149810144,0.856451564,0.29335858,2015-07-01
ALPINE,2015,August,1.012126314,0.755709522,0.256416792,2015-08-01
ALPINE,2015,September,0.9703187369999999,0.730508061,0.239810676,2015-09-01
ALPINE,2015,October,1.0787489080000001,0.813577497,0.265171411,2015-10-01
ALPINE,2015,November,1.403988772,1.13099646,0.27299231199999996,2015-11-01
ALPINE,2015,December,1.949885398,1.508652129,0.44123326900000004,2015-12-01
ALPINE,2016,January,2.18054725,1.283613904,0.896933346,2016-01-01
ALPINE,2016,February,2.002170279,1.09346027,0.908710009,2016-02-01
ALPINE,2016,March,1.838918297,0.924070249,0.914848048,2016-03-01
ALPINE,2016,April,1.415104157,0.767271254,0.647832903,2016-04-01
ALPINE,2016,May,1.1066561470000003,0.599457776,0.5071983710000001,2016-05-01
ALPINE,2016,June,1.191084157,0.540502314,0.6505818429999999,2016-06-01
ALPINE,2016,July,1.0934816029999999,0.650676387,0.442805216,2016-07-01
ALPINE,2016,August,1.057236298,0.577016639,0.480219659,2016-08-01
ALPINE,2016,September,0.871910337,0.519170968,0.352739369,2016-09-01
ALPINE,2016,October,1.121504654,0.70251264,0.41899201399999997,2016-10-01
ALPINE,2016,November,1.4382244229999999,0.705396261,0.732828162,2016-11-01
ALPINE,2016,December,2.142175662,0.971123271,1.1710523910000001,2016-12-01
ALPINE,2017,January,2.4455140460000004,1.35481223,1.0907018160000002,2017-01-01
ALPINE,2017,February,2.183087977,1.185437218,0.9976507589999999,2017-02-01
ALPINE,2017,March,2.131535186,1.111621904,1.0199132819999999,2017-03-01
ALPINE,2017,April,1.63098273,0.915855904,0.715126826,2017-04-01
ALPINE,2017,May,1.294641354,0.657831545,0.636809809,2017-05-01
ALPINE,2017,June,1.290954765,0.60510459,0.685850175,2017-06-01
ALPINE,2017,July,1.2200309459999998,0.668928503,0.551102443,2017-07-01
ALPINE,2017,August,1.219717131,0.651541378,0.568175753,2017-08-01
ALPINE,2017,September,0.988055611,0.574738255,0.41331735599999997,2017-09-01
ALPINE,2017,October,0.952005569,0.652989203,0.29901636600000003,2017-10-01
ALPINE,2017,November,1.513609848,0.722472894,0.791136954,2017-11-01
ALPINE,2017,December,2.187129276,0.929784114,1.257345162,2017-12-01
ALPINE,2018,January,2.270192386,1.090010131,1.180182255,2018-01-01
ALPINE,2018,February,2.112525635,1.008311705,1.10421393,2018-02-01
ALPINE,2018,March,2.212659827,1.13736403,1.075295797,2018-03-01
ALPINE,2018,April,1.617866055,0.85440566,0.7634603949999998,2018-04-01
ALPINE,2018,May,1.101715916,0.57424593,0.527469986,2018-05-01
ALPINE,2018,June,1.208177727,0.572355131,0.635822596,2018-06-01
ALPINE,2018,July,1.186031247,0.684846024,0.501185223,2018-07-01
ALPINE,2018,August,1.1469509279999999,0.670100049,0.476850879,2018-08-01
ALPINE,2018,September,0.980931687,0.565290909,0.415640778,2018-09-01
ALPINE,2018,October,1.088937608,0.610919019,0.47801858900000005,2018-10-01
ALPINE,2018,November,1.671395216,0.734938057,0.9364571589999999,2018-11-01
ALPINE,2018,December,2.252526217,1.055652768,1.196873449,2018-12-01
ALPINE,2019,January,2.438539177,1.306057257,1.13248192,2019-01-01
ALPINE,2019,February,2.12664618,1.171391468,0.955254712,2019-02-01
ALPINE,2019,March,2.1904122850000003,1.152647428,1.037764857,2019-03-01
ALPINE,2019,April,1.7089488630000003,0.935497074,0.773451789,2019-04-01
ALPINE,2019,May,1.189347339,0.657091155,0.532256184,2019-05-01
ALPINE,2019,June,1.066291709,0.632101583,0.43419012600000007,2019-06-01
ALPINE,2019,July,1.1709017259999999,0.678005928,0.492895798,2019-07-01
ALPINE,2019,August,1.128711027,0.664403264,0.46430776300000004,2019-08-01
ALPINE,2019,September,1.062926724,0.632516136,0.430410588,2019-09-01
ALPINE,2019,October,1.160877545,0.66768975,0.49318779500000004,2019-10-01
ALPINE,2019,November,1.503133819,0.665482059,0.83765176,2019-11-01
ALPINE,2019,December,2.339199464,1.092636215,1.246563249,2019-12-01
ALPINE,2020,January,2.327663217,1.241534776,1.086128441,2020-01-01
ALPINE,2020,February,2.0056575999999997,1.056138399,0.9495192009999999,2020-02-01
ALPINE,2020,March,1.832882023,0.971468756,0.861413267,2020-03-01
ALPINE,2020,April,1.462225746,0.893136044,0.5690897020000001,2020-04-01
ALPINE,2020,May,1.0808248759999999,0.650408967,0.43041590899999993,2020-05-01
ALPINE,2020,June,1.168555232,0.685352158,0.483203074,2020-06-01
ALPINE,2020,July,1.212551779,0.752657025,0.459894754,2020-07-01
ALPINE,2020,August,1.184885956,0.705125362,0.479760594,2020-08-01
ALPINE,2020,September,1.128844889,0.694696981,0.434147908,2020-09-01
ALPINE,2020,October,0.9991025309999999,0.620023829,0.379078702,2020-10-01
ALPINE,2020,November,1.62400425,0.820805076,0.803199174,2020-11-01
ALPINE,2020,December,2.4503453289999997,1.108187198,1.342158131,2020-12-01
ALPINE,2021,January,2.295816414,1.212745875,1.0830705390000002,2021-01-01
ALPINE,2021,February,2.154687645,1.210047395,0.94464025,2021-02-01
ALPINE,2021,March,2.0778252839999998,1.110390772,0.9674345119999999,2021-03-01
ALPINE,2021,April,1.48003303,0.827585593,0.6524474370000001,2021-04-01
ALPINE,2021,May,1.0616120549999999,0.646459711,0.415152344,2021-05-01
ALPINE,2021,June,1.030392843,0.625696899,0.40469594400000003,2021-06-01
ALPINE,2021,July,0.648141505,0.347109964,0.301031541,2021-07-01
ALPINE,2021,August,1.605142141,1.021899482,0.5832426589999999,2021-08-01
ALPINE,2021,September,0.9371608540000002,0.577676692,0.359484162,2021-09-01
ALPINE,2021,October,1.130834805,0.66114446,0.469690345,2021-10-01
ALPINE,2021,November,1.444448441,0.701823672,0.7426247690000001,2021-11-01
ALPINE,2021,December,2.024222224,1.071796466,0.9524257580000001,2021-12-01
ALPINE,2022,January,2.252578743,1.296961965,0.955616778,2022-01-01
ALPINE,2022,February,1.979983048,1.09988881,0.880094238,2022-02-01
ALPINE,2022,March,2.048220445,1.070356312,0.9778641330000001,2022-03-01
ALPINE,2022,April,1.640495449,0.804012538,0.836482911,2022-04-01
ALPINE,2022,May,1.219282139,0.680910624,0.538371515,2022-05-01
ALPINE,2022,June,1.083754675,0.611297571,0.47245710399999996,2022-06-01
ALPINE,2022,July,1.1084038769999998,0.665108156,0.443295721,2022-07-01
ALPINE,2022,August,1.167566627,0.694373416,0.47319321100000006,2022-08-01
ALPINE,2022,September,1.0510437920000002,0.621098625,0.4299451670000001,2022-09-01
ALPINE,2022,October,0.728177656,0.435655662,0.292521994,2022-10-01
ALPINE,2022,November,1.4091348320000001,0.672706274,0.736428558,2022-11-01
ALPINE,2022,December,1.717818311,0.906467531,0.81135078,2022-12-01
ALPINE,2023,January,2.287085675,1.335640906,0.9514447689999999,2023-01-01
ALPINE,2023,February,2.297799933,1.306276549,0.991523384,2023-02-01
ALPINE,2023,March,2.31198412,1.403390725,0.908593395,2023-03-01
ALPINE,2023,April,2.004345549,1.180468762,0.823876787,2023-04-01
ALPINE,2023,May,1.408009733,0.771793393,0.63621634,2023-05-01
ALPINE,2023,June,1.09635185,0.626694003,0.46965784699999996,2023-06-01
ALPINE,2023,July,1.172976121,0.68534199,0.487634131,2023-07-01
ALPINE,2023,August,1.121703771,0.689541155,0.43216261599999994,2023-08-01
ALPINE,2023,September,0.869137095,0.579161442,0.28997565300000006,2023-09-01
ALPINE,2023,October,0.934721593,0.568793238,0.3659283549999999,2023-10-01
ALPINE,2023,November,1.4271809309999999,0.708717348,0.7184635829999999,2023-11-01
ALPINE,2023,December,2.156159605,1.14577586,1.010383745,2023-12-01
ALPINE,2024,January,2.546568403,1.271488816,1.275079587,2024-01-01
ALPINE,2024,February,2.193733823,1.175006403,1.01872742,2024-02-01
ALPINE,2024,March,2.228914127,1.160285466,1.068628661,2024-03-01
ALPINE,2024,April,1.907905365,0.995091039,0.912814326,2024-04-01
ALPINE,2024,May,1.03652746,0.628245469,0.408281991,2024-05-01
ALPINE,2024,June,1.132520852,0.641829517,0.49069133500000006,2024-06-01
ALPINE,2024,July,1.1727598849999998,0.690585318,0.482174567,2024-07-01
ALPINE,2024,August,1.211478214,0.675577079,0.5359011349999999,2024-08-01
ALPINE,2024,September,1.033276964,0.602497419,0.430779545,2024-09-01
ALPINE,2024,October,1.0643297330000001,0.595885794,0.46844393900000003,2024-10-01
ALPINE,2024,November,1.824136695,0.833928919,0.9902077760000001,2024-11-01
ALPINE,2024,December,2.291936212,1.058746731,1.2331894810000001,2024-12-01
AMADOR,2008,January,28.228950766999997,14.57805698,13.650893787,2008-01-01
AMADOR,2008,February,26.163017904,12.46056038,13.702457524,2008-02-01
AMADOR,2008,March,25.821230027,11.31761447,14.503615557000002,2008-03-01
AMADOR,2008,April,23.805248638000002,10.25938447,13.545864168,2008-04-01
AMADOR,2008,May,26.001176093,10.3241004,15.677075692999999,2008-05-01
AMADOR,2008,June,27.778933749,11.47620329,16.302730459,2008-06-01
AMADOR,2008,July,32.739841223,14.13022928,18.609611943,2008-07-01
AMADOR,2008,August,30.417779118,13.69419034,16.723588778,2008-08-01
AMADOR,2008,September,30.907263147000002,12.88309817,18.024164977,2008-09-01
AMADOR,2008,October,27.742526479,11.12987336,16.612653119,2008-10-01
AMADOR,2008,November,23.14415955,8.165478453,14.978681096999999,2008-11-01
AMADOR,2008,December,29.089629851,13.48582173,15.603808121000002,2008-12-01
AMADOR,2009,January,29.576202574,13.55818866,16.018013914,2009-01-01
AMADOR,2009,February,24.105315961,10.69002648,13.415289481,2009-02-01
AMADOR,2009,March,26.311670203000002,11.94490281,14.366767393000002,2009-03-01
AMADOR,2009,April,23.930095797,11.09619582,12.833899977000002,2009-04-01
AMADOR,2009,May,25.336120190000003,9.63357036,15.702549830000002,2009-05-01
AMADOR,2009,June,27.425427314,11.39256344,16.032863874,2009-06-01
AMADOR,2009,July,29.848252908,14.00487464,15.843378268,2009-07-01
AMADOR,2009,August,30.44906001,13.05982352,17.38923649,2009-08-01
AMADOR,2009,September,30.32882743,13.35779935,16.971028080000004,2009-09-01
AMADOR,2009,October,26.364855263,10.78303795,15.581817313,2009-10-01
AMADOR,2009,November,21.668552317,9.042889222,12.625663094999998,2009-11-01
AMADOR,2009,December,31.267705173000003,14.11229297,17.155412202999997,2009-12-01
AMADOR,2010,January,26.616507452,12.74257926,13.873928192,2010-01-01
AMADOR,2010,February,24.303572443,10.91221905,13.391353393,2010-02-01
AMADOR,2010,March,28.145218463,11.89909715,16.246121313,2010-03-01
AMADOR,2010,April,27.182273942000002,11.66912109,15.513152852000001,2010-04-01
AMADOR,2010,May,23.726995006000003,9.777969149,13.949025857000002,2010-05-01
AMADOR,2010,June,24.967479029,10.7711145,14.196364529,2010-06-01
AMADOR,2010,July,28.650617558,12.81035831,15.840259247999997,2010-07-01
AMADOR,2010,August,28.605464171,13.08838002,15.517084151,2010-08-01
AMADOR,2010,September,25.828422456000002,11.6537501,14.174672356,2010-09-01
AMADOR,2010,October,25.597181074,11.08774654,14.509434534000002,2010-10-01
AMADOR,2010,November,22.74546062,9.007462043,13.737998576999999,2010-11-01
AMADOR,2010,December,28.933849018,14.26033087,14.673518148000001,2010-12-01
AMADOR,2011,January,25.242038579000003,12.38262164,12.859416938999999,2011-01-01
AMADOR,2011,February,23.168606459,10.9001187,12.268487759,2011-02-01
AMADOR,2011,March,28.295147787,13.41199314,14.883154647000001,2011-03-01
AMADOR,2011,April,23.679293052,10.61766671,13.061626342,2011-04-01
AMADOR,2011,May,23.706424413,10.09463237,13.611792042999998,2011-05-01
AMADOR,2011,June,25.759429551,11.40375215,14.355677401000001,2011-06-01
AMADOR,2011,July,24.967905533,12.19679886,12.771106672999998,2011-07-01
AMADOR,2011,August,31.323266162000003,13.39117071,17.932095452,2011-08-01
AMADOR,2011,September,29.533632747000002,12.8683083,16.665324447,2011-09-01
AMADOR,2011,October,24.541494384,10.09599172,14.445502664,2011-10-01
AMADOR,2011,November,23.018193222999997,9.430951189,13.587242033999999,2011-11-01
AMADOR,2011,December,26.551382565,13.1640493,13.387333264999999,2011-12-01
AMADOR,2012,January,27.144444576999998,13.15088965,13.993554926999998,2012-01-01
AMADOR,2012,February,23.931861559999998,11.16257291,12.769288650000002,2012-02-01
AMADOR,2012,March,26.558613041,12.30070065,14.257912391,2012-03-01
AMADOR,2012,April,24.822093027,10.38872741,14.433365616999998,2012-04-01
AMADOR,2012,May,26.493583998,10.93823821,15.555345788,2012-05-01
AMADOR,2012,June,26.832277897,10.70905986,16.123218037,2012-06-01
AMADOR,2012,July,28.698077944,12.47561873,16.222459214,2012-07-01
AMADOR,2012,August,33.060147667,15.16920391,17.890943757,2012-08-01
AMADOR,2012,September,26.145643743,12.1821555,13.963488242999999,2012-09-01
AMADOR,2012,October,28.691418025,10.84356205,17.847855975,2012-10-01
AMADOR,2012,November,23.784186880000004,9.620189333,14.163997547000001,2012-11-01
AMADOR,2012,December,25.174017134000003,11.80870153,13.365315604000001,2012-12-01
AMADOR,2013,January,29.190080851,14.56870451,14.621376341,2013-01-01
AMADOR,2013,February,25.300075821,11.12574246,14.174333361,2013-02-01
AMADOR,2013,March,25.144964423,11.72002871,13.424935712999998,2013-03-01
AMADOR,2013,April,22.581559179,9.226000868,13.355558311000001,2013-04-01
AMADOR,2013,May,24.268472972,10.36003005,13.908442922000003,2013-05-01
AMADOR,2013,June,25.117330097,10.75701026,14.360319836999999,2013-06-01
AMADOR,2013,July,31.298661708000004,14.83550626,16.463155448000002,2013-07-01
AMADOR,2013,August,29.389596844000003,13.51879892,15.870797924,2013-08-01
AMADOR,2013,September,26.794134713,11.42715361,15.366981102999999,2013-09-01
AMADOR,2013,October,24.423152183,10.07458828,14.348563902999997,2013-10-01
AMADOR,2013,November,20.894201974,8.738572614,12.15562936,2013-11-01
AMADOR,2013,December,25.659217229,12.95224137,12.706975859,2013-12-01
AMADOR,2014,January,24.607804195,12.51358728,12.094216915,2014-01-01
AMADOR,2014,February,21.060691134,9.900485604,11.160205529999999,2014-02-01
AMADOR,2014,March,21.899016436,10.27962037,11.619396066,2014-03-01
AMADOR,2014,April,21.923193521,9.779867425,12.143326096000001,2014-04-01
AMADOR,2014,May,22.364499785,9.589598775,12.77490101,2014-05-01
AMADOR,2014,June,22.499897935,10.93692515,11.562972785,2014-06-01
AMADOR,2014,July,31.372872829,14.22964276,17.143230068999998,2014-07-01
AMADOR,2014,August,28.655193345,14.07372526,14.581468085,2014-08-01
AMADOR,2014,September,27.108578445,11.81834673,15.290231715,2014-09-01
AMADOR,2014,October,24.855559059,10.80222648,14.053332579,2014-10-01
AMADOR,2014,November,19.753262628999998,8.322471164,11.430791464999999,2014-11-01
AMADOR,2014,December,24.184575586,11.99781708,12.186758506000002,2014-12-01
AMADOR,2015,January,24.922629598000004,12.53435256,12.388277038000002,2015-01-01
AMADOR,2015,February,20.922221929,9.510875495,11.411346434,2015-02-01
AMADOR,2015,March,22.682202934,10.48918689,12.193016044,2015-03-01
AMADOR,2015,April,21.139186754,9.121410964,12.01777579,2015-04-01
AMADOR,2015,May,20.691402727,9.150815071,11.540587656000001,2015-05-01
AMADOR,2015,June,23.927405805,10.62927071,13.298135095,2015-06-01
AMADOR,2015,July,29.361160656,14.4581129,14.903047756000001,2015-07-01
AMADOR,2015,August,26.210991426,12.34562474,13.865366686,2015-08-01
AMADOR,2015,September,25.835720664,11.86584129,13.969879374000001,2015-09-01
AMADOR,2015,October,22.560155311000003,9.945455973,12.614699338000001,2015-10-01
AMADOR,2015,November,20.291109408,8.43672953,11.854379878000001,2015-11-01
AMADOR,2015,December,25.875956577,13.67986523,12.196091346999998,2015-12-01
AMADOR,2016,January,25.437232052000002,13.35217978,12.085052272,2016-01-01
AMADOR,2016,February,22.444962196,10.35305706,12.091905136000001,2016-02-01
AMADOR,2016,March,22.679572084,10.96573582,11.713836264000003,2016-03-01
AMADOR,2016,April,21.969926837,9.141259668,12.828667169000001,2016-04-01
AMADOR,2016,May,21.178600937,9.274542873,11.904058064,2016-05-01
AMADOR,2016,June,25.221609865999998,11.57857407,13.643035796000001,2016-06-01
AMADOR,2016,July,25.387273214999997,13.05556794,12.331705275000001,2016-07-01
AMADOR,2016,August,30.972136988,14.32676723,16.645369758,2016-08-01
AMADOR,2016,September,25.699391103999996,11.39980016,14.299590944,2016-09-01
AMADOR,2016,October,25.812931653,9.243591913,16.56933974,2016-10-01
AMADOR,2016,November,23.976011638,9.033424024,14.942587614,2016-11-01
AMADOR,2016,December,26.580575508,12.2771922,14.303383308000003,2016-12-01
AMADOR,2017,January,26.349914788,13.3609479,12.988966888000002,2017-01-01
AMADOR,2017,February,23.566403455,10.92580913,12.640594325,2017-02-01
AMADOR,2017,March,25.154784219,12.22715677,12.927627449,2017-03-01
AMADOR,2017,April,22.613270599,9.217581257,13.395689342,2017-04-01
AMADOR,2017,May,23.084039383,9.952178994,13.131860389,2017-05-01
AMADOR,2017,June,26.778882475,11.70395948,15.074922995000001,2017-06-01
AMADOR,2017,July,30.450465671,14.47882285,15.971642821,2017-07-01
AMADOR,2017,August,33.678821199,15.9646009,17.714220299,2017-08-01
AMADOR,2017,September,29.796900447000002,13.59148032,16.205420127,2017-09-01
AMADOR,2017,October,23.406740816,9.414871105,13.991869711000001,2017-10-01
AMADOR,2017,November,21.169714131,9.047074607,12.122639523999997,2017-11-01
AMADOR,2017,December,24.328131729,11.55944573,12.768685999,2017-12-01
AMADOR,2018,January,24.389479713,11.91123982,12.478239893,2018-01-01
AMADOR,2018,February,22.847346845,10.37344363,12.473903215,2018-02-01
AMADOR,2018,March,24.569430701,12.21578737,12.353643331000002,2018-03-01
AMADOR,2018,April,22.878386862,9.801519612,13.07686725,2018-04-01
AMADOR,2018,May,22.292259482,9.532061143,12.760198339,2018-05-01
AMADOR,2018,June,24.177889723,10.19510399,13.982785732999996,2018-06-01
AMADOR,2018,July,30.279621623,13.88437218,16.395249443,2018-07-01
AMADOR,2018,August,32.319225131,15.67493014,16.644294991000002,2018-08-01
AMADOR,2018,September,25.589652059,11.0556745,14.533977559,2018-09-01
AMADOR,2018,October,23.72069687,9.42958188,14.29111499,2018-10-01
AMADOR,2018,November,20.272347143,8.749043081,11.523304062000001,2018-11-01
AMADOR,2018,December,21.48331944,11.22835823,10.254961210000001,2018-12-01
AMADOR,2019,January,28.846235922,13.00311905,15.843116872000001,2019-01-01
AMADOR,2019,February,23.443572838,10.61809297,12.825479868,2019-02-01
AMADOR,2019,March,24.816768835,12.5007873,12.315981535,2019-03-01
AMADOR,2019,April,22.673909345,9.840219343,12.833690002,2019-04-01
AMADOR,2019,May,22.674454036,9.317940346,13.356513689999998,2019-05-01
AMADOR,2019,June,25.198189228,10.88420579,14.313983438,2019-06-01
AMADOR,2019,July,27.680111305,12.69361025,14.986501055,2019-07-01
AMADOR,2019,August,32.128895694,14.45417602,17.674719674,2019-08-01
AMADOR,2019,September,23.59600346,12.29398683,11.302016630000002,2019-09-01
AMADOR,2019,October,28.955144535,9.000303318,19.954841217,2019-10-01
AMADOR,2019,November,21.970690222,7.671322155,14.299368067,2019-11-01
AMADOR,2019,December,24.550999514,11.73178877,12.819210744,2019-12-01
AMADOR,2020,January,29.496762145,12.95597042,16.540791725,2020-01-01
AMADOR,2020,February,25.206074873,10.7148396,14.491235273000001,2020-02-01
AMADOR,2020,March,24.880442597,10.82917922,14.051263377000001,2020-03-01
AMADOR,2020,April,24.652082505,11.0608296,13.591252904999997,2020-04-01
AMADOR,2020,May,23.474712651,9.828834351,13.6458783,2020-05-01
AMADOR,2020,June,29.574924989,12.20953819,17.365386799000003,2020-06-01
AMADOR,2020,July,34.279762076,14.71562345,19.564138626,2020-07-01
AMADOR,2020,August,35.811591316,15.91190695,19.899684366000002,2020-08-01
AMADOR,2020,September,33.178808787,14.70285653,18.475952257,2020-09-01
AMADOR,2020,October,28.256249511,11.51137308,16.744876431,2020-10-01
AMADOR,2020,November,22.23770211,9.027747953,13.209954157,2020-11-01
AMADOR,2020,December,26.795052082999998,13.31252876,13.482523323,2020-12-01
AMADOR,2021,January,27.133264617,12.98972178,14.143542836999998,2021-01-01
AMADOR,2021,February,23.969749966,11.30141119,12.668338775999999,2021-02-01
AMADOR,2021,March,28.353172405,12.72493525,15.628237155000003,2021-03-01
AMADOR,2021,April,25.348518784,10.64989132,14.698627464,2021-04-01
AMADOR,2021,May,25.120437809,9.565200697,15.555237112,2021-05-01
AMADOR,2021,June,31.078993779,12.42405178,18.654941999000002,2021-06-01
AMADOR,2021,July,36.263780282,15.95431499,20.309465292000002,2021-07-01
AMADOR,2021,August,37.857382907,16.5820319,21.275351006999998,2021-08-01
AMADOR,2021,September,33.181738401,14.0767164,19.105022001,2021-09-01
AMADOR,2021,October,26.505216382,9.836517119,16.668699263,2021-10-01
AMADOR,2021,November,24.131779936,9.199591411,14.932188525,2021-11-01
AMADOR,2021,December,27.443463681,12.62864271,14.814820971,2021-12-01
AMADOR,2022,January,26.309838432,12.12876747,14.181070962,2022-01-01
AMADOR,2022,February,25.275033689,11.03328404,14.241749649,2022-02-01
AMADOR,2022,March,27.199392996,11.91277581,15.286617185999999,2022-03-01
AMADOR,2022,April,25.125917285,9.968880924,15.157036361000001,2022-04-01
AMADOR,2022,May,25.83894956,10.13772363,15.70122593,2022-05-01
AMADOR,2022,June,29.853234095,11.40159289,18.451641205,2022-06-01
AMADOR,2022,July,33.845676362,13.95883671,19.886839652,2022-07-01
AMADOR,2022,August,36.568965872999996,16.33414385,20.234822022999996,2022-08-01
AMADOR,2022,September,34.237411123,15.22043785,19.016973273,2022-09-01
AMADOR,2022,October,25.658280485000002,10.37717108,15.281109405,2022-10-01
AMADOR,2022,November,23.029631247,9.811962366,13.217668881,2022-11-01
AMADOR,2022,December,26.687733538,12.94988857,13.737844968000001,2022-12-01
AMADOR,2023,January,26.859973083,13.71577243,13.144200652999999,2023-01-01
AMADOR,2023,February,24.048527997999997,11.98952299,12.059005007999998,2023-02-01
AMADOR,2023,March,28.906659303999998,14.15927645,14.747382853999998,2023-03-01
AMADOR,2023,April,23.895737895,11.71951389,12.176224004999998,2023-04-01
AMADOR,2023,May,23.511826644,10.73428193,12.777544714,2023-05-01
AMADOR,2023,June,24.050499002,10.57478686,13.475712141999999,2023-06-01
AMADOR,2023,July,28.135077913,13.57835212,14.556725793,2023-07-01
AMADOR,2023,August,33.242846457,16.31496819,16.927878266999997,2023-08-01
AMADOR,2023,September,28.036568366,12.13991599,15.896652376000002,2023-09-01
AMADOR,2023,October,22.384818027,9.912394215,12.472423811999999,2023-10-01
AMADOR,2023,November,23.496421581,9.17307768,14.323343900999998,2023-11-01
AMADOR,2023,December,24.577362831,11.49152955,13.085833281,2023-12-01
AMADOR,2024,January,26.422715414,13.1285379,13.294177514,2024-01-01
AMADOR,2024,February,25.338258271,12.01112937,13.327128901000002,2024-02-01
AMADOR,2024,March,25.523144894999998,12.08948978,13.433655114999999,2024-03-01
AMADOR,2024,April,25.156639067,11.34387407,13.812764997,2024-04-01
AMADOR,2024,May,24.25170486,10.68637768,13.56532718,2024-05-01
AMADOR,2024,June,25.61874823,11.55843203,14.0603162,2024-06-01
AMADOR,2024,July,33.415270066000005,17.68887462,15.726395446000001,2024-07-01
AMADOR,2024,August,38.243772573,17.16366218,21.080110393000002,2024-08-01
AMADOR,2024,September,29.211925101,12.6984287,16.513496401,2024-09-01
AMADOR,2024,October,28.158047741,11.92947118,16.228576561,2024-10-01
AMADOR,2024,November,21.219721105,8.61611019,12.603610915,2024-11-01
AMADOR,2024,December,25.919015881,12.42370637,13.495309511000002,2024-12-01
BUTTE,2008,January,122.756664887,66.52915822,56.227506667,2008-01-01
BUTTE,2008,February,101.50384088300001,55.41602805,46.08781283300001,2008-02-01
BUTTE,2008,March,101.504233293,51.73402524,49.770208053,2008-03-01
BUTTE,2008,April,101.32908921,48.36774499,52.96134422,2008-04-01
BUTTE,2008,May,109.39649842099999,51.0648225,58.331675921,2008-05-01
BUTTE,2008,June,123.128330443,57.05012298,66.078207463,2008-06-01
BUTTE,2008,July,156.474890744,80.89669459,75.57819615400001,2008-07-01
BUTTE,2008,August,150.12712200099998,75.56428591,74.562836091,2008-08-01
BUTTE,2008,September,153.13066411199998,77.90168338,75.228980732,2008-09-01
BUTTE,2008,October,130.588184084,55.58196816,75.00621592400002,2008-10-01
BUTTE,2008,November,84.25967056799999,41.1896621,43.070008468,2008-11-01
BUTTE,2008,December,120.475012214,62.0113882,58.463624014,2008-12-01
BUTTE,2009,January,109.107399536,60.98480144,48.122598096,2009-01-01
BUTTE,2009,February,97.067509391,52.60625479,44.46125460100001,2009-02-01
BUTTE,2009,March,102.961251086,54.60980996,48.351441126000005,2009-03-01
BUTTE,2009,April,106.803664359,51.61988148,55.183782879000006,2009-04-01
BUTTE,2009,May,98.74712845100001,47.55232979,51.194798661,2009-05-01
BUTTE,2009,June,122.549220884,62.08289882,60.466322064,2009-06-01
BUTTE,2009,July,154.570301046,78.94634874,75.62395230599999,2009-07-01
BUTTE,2009,August,152.785084257,79.40079204,73.38429221700001,2009-08-01
BUTTE,2009,September,141.03310154000002,71.06264441,69.97045712999999,2009-09-01
BUTTE,2009,October,130.006350351,58.55421828,71.45213207100001,2009-10-01
BUTTE,2009,November,94.39334527899999,46.33555849,48.05778678899999,2009-11-01
BUTTE,2009,December,126.40582766,66.96093254,59.44489512,2009-12-01
BUTTE,2010,January,99.73361384399999,58.31073759,41.422876254,2010-01-01
BUTTE,2010,February,97.813572699,53.82867765,43.984895049,2010-02-01
BUTTE,2010,March,110.13924473600001,57.70065305,52.438591685999995,2010-03-01
BUTTE,2010,April,105.00972044,53.76407508,51.245645360000005,2010-04-01
BUTTE,2010,May,91.93957885,45.29302451,46.646554339999994,2010-05-01
BUTTE,2010,June,112.438996393,55.47011427,56.96888212300001,2010-06-01
BUTTE,2010,July,144.07773738699998,74.53041713,69.547320257,2010-07-01
BUTTE,2010,August,155.225755609,81.30060307,73.92515253900001,2010-08-01
BUTTE,2010,September,134.72640838499998,65.73677812,68.989630265,2010-09-01
BUTTE,2010,October,117.891741557,55.21375616,62.67798539699999,2010-10-01
BUTTE,2010,November,107.443576483,50.59784304,56.845733443,2010-11-01
BUTTE,2010,December,129.707544401,66.17938312,63.528161281,2010-12-01
BUTTE,2011,January,104.833909999,59.95209487,44.881815128999996,2011-01-01
BUTTE,2011,February,100.323256763,52.91070149,47.412555273,2011-02-01
BUTTE,2011,March,115.045491259,63.26853956,51.77695169900001,2011-03-01
BUTTE,2011,April,98.033172986,50.45014549,47.58302749600001,2011-04-01
BUTTE,2011,May,101.428182373,49.21936592,52.208816453000004,2011-05-01
BUTTE,2011,June,110.624378267,55.42777351,55.196604756999996,2011-06-01
BUTTE,2011,July,134.23992665400002,70.11919853,64.120728124,2011-07-01
BUTTE,2011,August,156.819682771,78.79264357,78.027039201,2011-08-01
BUTTE,2011,September,145.412673536,76.14108471,69.27158882600001,2011-09-01
BUTTE,2011,October,127.531133813,57.20378258,70.32735123299999,2011-10-01
BUTTE,2011,November,107.159449922,49.39565171,57.763798212,2011-11-01
BUTTE,2011,December,121.021384641,61.68340271,59.33798193099999,2011-12-01
BUTTE,2012,January,118.897181214,63.70019034,55.196990873999994,2012-01-01
BUTTE,2012,February,105.15442919200001,54.94224649,50.21218270200001,2012-02-01
BUTTE,2012,March,112.623601846,57.29281335,55.330788496,2012-03-01
BUTTE,2012,April,100.831441559,50.63409282,50.197348739,2012-04-01
BUTTE,2012,May,109.31098963699999,53.84433478,55.46665485700001,2012-05-01
BUTTE,2012,June,131.281302443,59.75505422,71.526248223,2012-06-01
BUTTE,2012,July,143.126999961,71.79705013,71.329949831,2012-07-01
BUTTE,2012,August,175.621829617,88.94111153,86.68071808700002,2012-08-01
BUTTE,2012,September,138.48865899,70.06056331,68.42809568,2012-09-01
BUTTE,2012,October,141.95209244699998,60.48129173,81.47080071699999,2012-10-01
BUTTE,2012,November,107.585313617,48.7703108,58.81500281699999,2012-11-01
BUTTE,2012,December,109.60840295700001,57.20712689,52.401276067000005,2012-12-01
BUTTE,2013,January,125.19730473999999,69.70702084,55.4902839,2013-01-01
BUTTE,2013,February,99.121804281,53.66295324,45.458851041,2013-02-01
BUTTE,2013,March,104.04842083899999,53.86936426,50.179056579000004,2013-03-01
BUTTE,2013,April,98.16708039699999,45.50501354,52.662066857,2013-04-01
BUTTE,2013,May,120.086293028,53.58814741,66.498145618,2013-05-01
BUTTE,2013,June,128.00313039600002,61.42780201,66.575328386,2013-06-01
BUTTE,2013,July,162.862114437,82.34991785,80.51219658700002,2013-07-01
BUTTE,2013,August,162.451064311,80.07961503,82.371449281,2013-08-01
BUTTE,2013,September,139.902902325,67.05465037,72.848251955,2013-09-01
BUTTE,2013,October,132.784650614,54.37159123,78.41305938399998,2013-10-01
BUTTE,2013,November,97.704245239,43.63176404,54.072481198999995,2013-11-01
BUTTE,2013,December,123.19200865299999,63.55262912,59.639379532999996,2013-12-01
BUTTE,2014,January,112.42757749,59.62747289,52.8001046,2014-01-01
BUTTE,2014,February,97.121176921,49.6248326,47.496344321,2014-02-01
BUTTE,2014,March,101.025269933,50.00791784,51.017352093,2014-03-01
BUTTE,2014,April,101.380465347,47.9807752,53.39969014700001,2014-04-01
BUTTE,2014,May,109.006755059,49.36913697,59.63761808899999,2014-05-01
BUTTE,2014,June,132.444159717,63.09759847,69.346561247,2014-06-01
BUTTE,2014,July,164.000387085,83.09586896,80.904518125,2014-07-01
BUTTE,2014,August,159.87124868700002,82.22594119,77.645307497,2014-08-01
BUTTE,2014,September,149.508471558,70.30612816,79.202343398,2014-09-01
BUTTE,2014,October,139.081893865,59.37206873,79.709825135,2014-10-01
BUTTE,2014,November,94.95348516499999,43.44108162,51.512403545,2014-11-01
BUTTE,2014,December,114.623498759,57.58446084,57.039037918999995,2014-12-01
BUTTE,2015,January,111.180932608,59.80590671,51.375025898,2015-01-01
BUTTE,2015,February,94.635915151,47.8377074,46.798207751,2015-02-01
BUTTE,2015,March,103.256193287,49.63440826,53.621785027,2015-03-01
BUTTE,2015,April,101.744787023,45.84761941,55.89716761300001,2015-04-01
BUTTE,2015,May,105.126810632,46.51803156,58.608779072000004,2015-05-01
BUTTE,2015,June,133.230539283,59.61256094,73.61797834299999,2015-06-01
BUTTE,2015,July,174.29399485,89.10664045,85.1873544,2015-07-01
BUTTE,2015,August,149.818268539,74.51968252,75.298586019,2015-08-01
BUTTE,2015,September,147.376186254,69.3196513,78.056534954,2015-09-01
BUTTE,2015,October,135.625610067,56.10791512,79.51769494700001,2015-10-01
BUTTE,2015,November,99.431453894,44.57192877,54.859525123999994,2015-11-01
BUTTE,2015,December,121.65775134,63.14828758,58.50946376,2015-12-01
BUTTE,2016,January,110.786497791,62.0144576,48.772040190999995,2016-01-01
BUTTE,2016,February,97.679148013,50.17953423,47.499613782999994,2016-02-01
BUTTE,2016,March,105.379864056,53.79916723,51.580696826,2016-03-01
BUTTE,2016,April,94.355229185,44.55091558,49.804313605,2016-04-01
BUTTE,2016,May,107.077466621,46.94839306,60.129073561000006,2016-05-01
BUTTE,2016,June,137.605407791,65.38292054,72.222487251,2016-06-01
BUTTE,2016,July,150.215389727,75.75816169,74.457228037,2016-07-01
BUTTE,2016,August,172.532987477,85.48362696,87.049360517,2016-08-01
BUTTE,2016,September,146.545805925,68.89924714,77.646558785,2016-09-01
BUTTE,2016,October,121.166813295,51.17350711,69.993306185,2016-10-01
BUTTE,2016,November,99.158389219,45.20567584,53.952713379,2016-11-01
BUTTE,2016,December,117.98398021199999,59.89171249,58.09226772199999,2016-12-01
BUTTE,2017,January,116.543194379,63.92299754,52.62019683899999,2017-01-01
BUTTE,2017,February,95.491360328,52.15085374,43.340506588000004,2017-02-01
BUTTE,2017,March,117.914595589,56.54059851,61.37399707899999,2017-03-01
BUTTE,2017,April,89.927410423,44.87739378,45.050016643000006,2017-04-01
BUTTE,2017,May,108.626997585,49.20551915,59.42147843499999,2017-05-01
BUTTE,2017,June,138.777724212,63.34929261,75.428431602,2017-06-01
BUTTE,2017,July,162.48756268900001,86.07142006,76.416142629,2017-07-01
BUTTE,2017,August,182.231000757,96.53070483,85.700295927,2017-08-01
BUTTE,2017,September,155.37934855700001,80.94324116,74.436107397,2017-09-01
BUTTE,2017,October,126.415766661,52.05406555,74.36170111100002,2017-10-01
BUTTE,2017,November,100.932035818,44.48521896,56.446816858000005,2017-11-01
BUTTE,2017,December,108.982757506,55.89082195,53.091935555999996,2017-12-01
BUTTE,2018,January,112.235651803,57.32231862,54.913333183000006,2018-01-01
BUTTE,2018,February,97.062432535,50.25143408,46.810998455,2018-02-01
BUTTE,2018,March,113.452968671,57.26575792,56.187210750999995,2018-03-01
BUTTE,2018,April,95.742273806,46.9764532,48.76582060599999,2018-04-01
BUTTE,2018,May,110.059550794,49.11805579,60.941495004,2018-05-01
BUTTE,2018,June,128.23566178,58.20930661,70.02635517,2018-06-01
BUTTE,2018,July,159.194322386,81.71058208,77.483740306,2018-07-01
BUTTE,2018,August,180.486654249,94.03421181,86.45244243900001,2018-08-01
BUTTE,2018,September,131.247553143,64.40448125,66.843071893,2018-09-01
BUTTE,2018,October,124.512842793,51.59421168,72.918631113,2018-10-01
BUTTE,2018,November,89.178198378,38.44222957,50.735968808,2018-11-01
BUTTE,2018,December,102.971178356,50.78439382,52.186784536000005,2018-12-01
BUTTE,2019,January,111.48783490199999,53.65974892,57.828085982,2019-01-01
BUTTE,2019,February,91.084513731,45.4193902,45.665123531,2019-02-01
BUTTE,2019,March,97.458384052,50.4573297,47.001054352,2019-03-01
BUTTE,2019,April,95.387559742,42.03368249,53.353877252,2019-04-01
BUTTE,2019,May,99.75344961,44.204758,55.54869161,2019-05-01
BUTTE,2019,June,109.82862573,53.31209832,56.516527409999995,2019-06-01
BUTTE,2019,July,141.297342852,69.93078556,71.36655729200001,2019-07-01
BUTTE,2019,August,155.743600631,78.15718075,77.586419881,2019-08-01
BUTTE,2019,September,141.208585641,66.84765662,74.36092902100002,2019-09-01
BUTTE,2019,October,115.108953231,47.86176696,67.247186271,2019-10-01
BUTTE,2019,November,88.332539412,34.09724773,54.235291682,2019-11-01
BUTTE,2019,December,109.727246185,50.05446197,59.672784215,2019-12-01
BUTTE,2020,January,105.468350385,54.06777296,51.400577425,2020-01-01
BUTTE,2020,February,92.018154389,45.86504638,46.15310800899999,2020-02-01
BUTTE,2020,March,95.90833811600001,44.99107463,50.91726348600001,2020-03-01
BUTTE,2020,April,73.394622218,46.78136985,26.613252368,2020-04-01
BUTTE,2020,May,87.194851808,54.03865453,33.156197278,2020-05-01
BUTTE,2020,June,115.60189303899999,61.80963522,53.79225781899999,2020-06-01
BUTTE,2020,July,152.658738288,83.56705812,69.091680168,2020-07-01
BUTTE,2020,August,145.51526724299998,84.03471513,61.480552112999995,2020-08-01
BUTTE,2020,September,137.482540735,76.97914156,60.503399175,2020-09-01
BUTTE,2020,October,125.28474260200001,58.3944229,66.89031970200001,2020-10-01
BUTTE,2020,November,95.083430752,41.63025829,53.45317246199999,2020-11-01
BUTTE,2020,December,111.27690813999999,56.60375196,54.67315618,2020-12-01
BUTTE,2021,January,168.849905756,53.51656147,115.333344286,2021-01-01
BUTTE,2021,February,89.642609042,47.45455573,42.18805331200001,2021-02-01
BUTTE,2021,March,102.02130429900001,52.10499448,49.916309819,2021-03-01
BUTTE,2021,April,92.443591259,44.14605574,48.297535519,2021-04-01
BUTTE,2021,May,108.874779405,47.4537408,61.421038605,2021-05-01
BUTTE,2021,June,140.01532635700002,67.35412284,72.661203517,2021-06-01
BUTTE,2021,July,161.182946073,87.02786504,74.15508103299999,2021-07-01
BUTTE,2021,August,161.67029543,86.42330833,75.2469871,2021-08-01
BUTTE,2021,September,146.82703162800001,72.42383853,74.40319309799999,2021-09-01
BUTTE,2021,October,113.63747755,50.03531943,63.60215812,2021-10-01
BUTTE,2021,November,92.113302766,40.68129188,51.432010886,2021-11-01
BUTTE,2021,December,111.91483721700001,55.00589819,56.908939027,2021-12-01
BUTTE,2022,January,101.92498788900001,55.63381214,46.291175749000004,2022-01-01
BUTTE,2022,February,88.963830811,46.32396384,42.639866971,2022-02-01
BUTTE,2022,March,104.587411564,49.74784176,54.839569804,2022-03-01
BUTTE,2022,April,89.4863534,41.86955599,47.61679740999999,2022-04-01
BUTTE,2022,May,105.477870196,45.14138208,60.336488116000005,2022-05-01
BUTTE,2022,June,128.60052202900002,59.93052601,68.66999601900001,2022-06-01
BUTTE,2022,July,148.06290185,74.62997592,73.43292593000001,2022-07-01
BUTTE,2022,August,171.096507617,90.18065044,80.91585717699998,2022-08-01
BUTTE,2022,September,153.424359327,80.68647432,72.73788500699999,2022-09-01
BUTTE,2022,October,114.781475435,51.08037983,63.701095605000006,2022-10-01
BUTTE,2022,November,96.966930978,43.49403446,53.472896518,2022-11-01
BUTTE,2022,December,101.99866395699999,53.92397919,48.074684767,2022-12-01
BUTTE,2023,January,101.212979519,57.82939307,43.383586449,2023-01-01
BUTTE,2023,February,87.570378174,48.57343952,38.996938654000004,2023-02-01
BUTTE,2023,March,103.569925829,57.33361019,46.236315639,2023-03-01
BUTTE,2023,April,88.395479913,48.77674071,39.618739203,2023-04-01
BUTTE,2023,May,103.038868896,48.71979569,54.319073206000006,2023-05-01
BUTTE,2023,June,118.909361998,57.44200478,61.467357218000004,2023-06-01
BUTTE,2023,July,135.214150604,72.69016504,62.523985564,2023-07-01
BUTTE,2023,August,166.78050124499998,87.52676604,79.253735205,2023-08-01
BUTTE,2023,September,128.820824181,65.92664322,62.894180960999996,2023-09-01
BUTTE,2023,October,110.186690488,48.46226951,61.724420978,2023-10-01
BUTTE,2023,November,91.83120754000001,40.79023134,51.0409762,2023-11-01
BUTTE,2023,December,95.6651298,49.17402155,46.491108249999996,2023-12-01
BUTTE,2024,January,100.507460734,55.64998162,44.857479114,2024-01-01
BUTTE,2024,February,91.19227006599999,49.89258668,41.299683386,2024-02-01
BUTTE,2024,March,97.016349168,51.20578728,45.810561887999995,2024-03-01
BUTTE,2024,April,93.991454972,47.16638386,46.825071111999996,2024-04-01
BUTTE,2024,May,104.28810759299999,49.19961761,55.088489983,2024-05-01
BUTTE,2024,June,124.570298972,62.51051194,62.059787031999996,2024-06-01
BUTTE,2024,July,176.919758736,93.11432355,83.805435186,2024-07-01
BUTTE,2024,August,169.865232481,88.55627942,81.30895306099998,2024-08-01
BUTTE,2024,September,135.986041576,66.32096637,69.66507520599998,2024-09-01
BUTTE,2024,October,128.522893679,59.08327823,69.43961544900002,2024-10-01
BUTTE,2024,November,90.78812197300002,38.89409916,51.89402281300001,2024-11-01
BUTTE,2024,December,102.670656943,53.80552325,48.86513369299999,2024-12-01
CALAVERAS,2008,January,30.854459285999997,20.70968194,10.144777346,2008-01-01
CALAVERAS,2008,February,24.962084821,16.77229759,8.189787231,2008-02-01
CALAVERAS,2008,March,25.010574278,16.23084741,8.779726868000001,2008-03-01
CALAVERAS,2008,April,23.245231105,14.45074932,8.794481785,2008-04-01
CALAVERAS,2008,May,24.362677379,14.11916014,10.243517239,2008-05-01
CALAVERAS,2008,June,25.315940199,15.22099869,10.094941509000002,2008-06-01
CALAVERAS,2008,July,32.244955337,20.00074701,12.244208326999999,2008-07-01
CALAVERAS,2008,August,30.882239366999997,19.39501399,11.487225377,2008-08-01
CALAVERAS,2008,September,29.885455949,17.81919703,12.066258919,2008-09-01
CALAVERAS,2008,October,24.930601970999998,15.15060555,9.779996421,2008-10-01
CALAVERAS,2008,November,20.429676441999998,12.15209519,8.277581252,2008-11-01
CALAVERAS,2008,December,27.799607233,18.63253259,9.167074643,2008-12-01
CALAVERAS,2009,January,29.511943678999998,19.59850735,9.913436329,2009-01-01
CALAVERAS,2009,February,24.62965744,16.011859,8.61779844,2009-02-01
CALAVERAS,2009,March,24.913533264,16.2449061,8.668627164,2009-03-01
CALAVERAS,2009,April,24.869619957,15.46546476,9.404155197,2009-04-01
CALAVERAS,2009,May,23.068487364,13.56424568,9.504241684,2009-05-01
CALAVERAS,2009,June,26.393840935,15.49270892,10.901132015,2009-06-01
CALAVERAS,2009,July,32.181279617,19.5951905,12.586089117,2009-07-01
CALAVERAS,2009,August,30.805141194999997,19.38730046,11.417840734999999,2009-08-01
CALAVERAS,2009,September,29.715062731000003,18.47115673,11.243906001000001,2009-09-01
CALAVERAS,2009,October,25.360164407,15.44725005,9.912914356999998,2009-10-01
CALAVERAS,2009,November,21.842760492999997,12.83348315,9.009277342999999,2009-11-01
CALAVERAS,2009,December,29.836081687,19.83248702,10.003594667000002,2009-12-01
CALAVERAS,2010,January,26.132180581,17.98935116,8.142829421,2010-01-01
CALAVERAS,2010,February,24.412779375000003,16.0644361,8.348343275,2010-02-01
CALAVERAS,2010,March,25.919881204,16.8468195,9.073061704,2010-03-01
CALAVERAS,2010,April,25.005963379,16.21544776,8.790515619,2010-04-01
CALAVERAS,2010,May,22.388204199,13.71470679,8.673497409,2010-05-01
CALAVERAS,2010,June,25.093959887,15.00715036,10.086809527000003,2010-06-01
CALAVERAS,2010,July,29.42354879,18.13286689,11.290681900000001,2010-07-01
CALAVERAS,2010,August,31.434626634999997,18.95993502,12.474691615,2010-08-01
CALAVERAS,2010,September,27.611027982999996,16.88943917,10.721588813,2010-09-01
CALAVERAS,2010,October,24.758836750999997,14.78021768,9.978619070999999,2010-10-01
CALAVERAS,2010,November,22.956257103000002,13.27461723,9.681639872999998,2010-11-01
CALAVERAS,2010,December,29.610862687,20.05220547,9.558657217,2010-12-01
CALAVERAS,2011,January,27.990024014,18.57188872,9.418135294,2011-01-01
CALAVERAS,2011,February,23.688557115,14.70532712,8.983229995,2011-02-01
CALAVERAS,2011,March,29.493573718,19.83403862,9.659535098000001,2011-03-01
CALAVERAS,2011,April,23.259575704,14.75829736,8.501278344000001,2011-04-01
CALAVERAS,2011,May,23.986034642,14.02865204,9.957382602000001,2011-05-01
CALAVERAS,2011,June,27.145129014,16.32890184,10.816227174,2011-06-01
CALAVERAS,2011,July,28.718993091,17.86143514,10.857557951,2011-07-01
CALAVERAS,2011,August,33.476712205999995,19.09857855,14.378133656,2011-08-01
CALAVERAS,2011,September,31.172105123999998,18.42927001,12.742835113999998,2011-09-01
CALAVERAS,2011,October,24.817177749000003,14.54120835,10.275969399000001,2011-10-01
CALAVERAS,2011,November,23.264186887,14.10869943,9.155487457,2011-11-01
CALAVERAS,2011,December,27.823428979,18.06280613,9.760622849,2011-12-01
CALAVERAS,2012,January,29.273299822,19.10103083,10.172268992,2012-01-01
CALAVERAS,2012,February,25.096766135000003,16.42850792,8.668258215,2012-02-01
CALAVERAS,2012,March,26.687836755,17.20988406,9.477952694999999,2012-03-01
CALAVERAS,2012,April,23.862681513000002,15.06405655,8.798624963000002,2012-04-01
CALAVERAS,2012,May,25.278816198999998,14.65106331,10.627752889000002,2012-05-01
CALAVERAS,2012,June,26.166561096,15.45183045,10.714730646,2012-06-01
CALAVERAS,2012,July,30.592002978,17.99454712,12.597455858000002,2012-07-01
CALAVERAS,2012,August,33.6360197,21.70445915,11.931560549999999,2012-08-01
CALAVERAS,2012,September,28.539286437,17.82486862,10.714417817,2012-09-01
CALAVERAS,2012,October,26.121755354999998,15.3369805,10.784774854999998,2012-10-01
CALAVERAS,2012,November,23.837007588,13.98027553,9.856732057999999,2012-11-01
CALAVERAS,2012,December,26.056823152,16.50441676,9.552406391999998,2012-12-01
CALAVERAS,2013,January,31.844680111,21.37411803,10.470562081000002,2013-01-01
CALAVERAS,2013,February,25.847207977,16.27856719,9.568640787,2013-02-01
CALAVERAS,2013,March,25.57351597,16.30109886,9.27241711,2013-03-01
CALAVERAS,2013,April,22.385871027,13.34384651,9.042024517,2013-04-01
CALAVERAS,2013,May,25.037405863,14.3237925,10.713613363,2013-05-01
CALAVERAS,2013,June,26.226913095,15.43194272,10.794970374999998,2013-06-01
CALAVERAS,2013,July,33.66435791,20.97118123,12.693176679999997,2013-07-01
CALAVERAS,2013,August,32.050485819,19.52068332,12.529802499000002,2013-08-01
CALAVERAS,2013,September,28.451483203,16.56708223,11.884400972999998,2013-09-01
CALAVERAS,2013,October,24.244483852,14.48680465,9.757679202,2013-10-01
CALAVERAS,2013,November,21.302968104,12.5161002,8.786867904000001,2013-11-01
CALAVERAS,2013,December,28.941731133999998,18.68192903,10.259802104,2013-12-01
CALAVERAS,2014,January,27.641086108000003,17.81226939,9.828816718,2014-01-01
CALAVERAS,2014,February,23.71162942,14.47054235,9.241087069999999,2014-02-01
CALAVERAS,2014,March,23.937898225,14.82838733,9.109510895,2014-03-01
CALAVERAS,2014,April,23.9283485,13.91287393,10.015474569999999,2014-04-01
CALAVERAS,2014,May,24.627142918,13.65853393,10.968608988000002,2014-05-01
CALAVERAS,2014,June,27.072851722,15.58324536,11.489606362,2014-06-01
CALAVERAS,2014,July,32.462274516,20.009607,12.452667516,2014-07-01
CALAVERAS,2014,August,31.486418078,20.14178298,11.344635098000001,2014-08-01
CALAVERAS,2014,September,30.181962082000002,17.33985655,12.842105532,2014-09-01
CALAVERAS,2014,October,25.920942703999998,15.42376271,10.497179993999998,2014-10-01
CALAVERAS,2014,November,20.296814368,12.19017166,8.106642707999999,2014-11-01
CALAVERAS,2014,December,26.641252795000003,16.62189374,10.019359054999999,2014-12-01
CALAVERAS,2015,January,27.764634797000003,18.17565383,9.588980967,2015-01-01
CALAVERAS,2015,February,22.313056466,13.95932307,8.353733396,2015-02-01
CALAVERAS,2015,March,24.519020244,15.04235351,9.476666734,2015-03-01
CALAVERAS,2015,April,22.684838175,13.28770527,9.397132905,2015-04-01
CALAVERAS,2015,May,21.605155152,13.00948618,8.595668972,2015-05-01
CALAVERAS,2015,June,25.910280658,15.23708854,10.673192118000003,2015-06-01
CALAVERAS,2015,July,32.447725472,20.68942108,11.758304392000001,2015-07-01
CALAVERAS,2015,August,29.269487528999996,17.74438343,11.525104099,2015-08-01
CALAVERAS,2015,September,27.636637067,16.72171916,10.914917907000001,2015-09-01
CALAVERAS,2015,October,25.258422944,15.00451595,10.253906994000001,2015-10-01
CALAVERAS,2015,November,20.858026123000002,12.42570836,8.432317763,2015-11-01
CALAVERAS,2015,December,29.402736948,19.12264964,10.280087307999999,2015-12-01
CALAVERAS,2016,January,30.128347999,19.66821276,10.460135239,2016-01-01
CALAVERAS,2016,February,24.771994982,15.14301087,9.628984112,2016-02-01
CALAVERAS,2016,March,26.219546674,15.87732279,10.342223884,2016-03-01
CALAVERAS,2016,April,23.184413076,13.127384,10.057029076,2016-04-01
CALAVERAS,2016,May,22.959944651999997,13.4224669,9.537477752000001,2016-05-01
CALAVERAS,2016,June,26.115323787,17.20166261,8.913661177,2016-06-01
CALAVERAS,2016,July,31.391815517,19.33588903,12.055926487,2016-07-01
CALAVERAS,2016,August,34.319621777,20.82982815,13.489793627000001,2016-08-01
CALAVERAS,2016,September,29.449423697,16.96153772,12.487885977000001,2016-09-01
CALAVERAS,2016,October,23.609423182,13.5387372,10.070685982,2016-10-01
CALAVERAS,2016,November,22.529244407,13.06838388,9.460860527,2016-11-01
CALAVERAS,2016,December,28.181917761999998,17.84372114,10.338196622000002,2016-12-01
CALAVERAS,2017,January,30.584104554,20.02670032,10.557404234000002,2017-01-01
CALAVERAS,2017,February,26.220102327,16.27642912,9.943673207,2017-02-01
CALAVERAS,2017,March,27.714733575,17.81875518,9.895978395000002,2017-03-01
CALAVERAS,2017,April,22.842431388,13.87249675,8.969934638000002,2017-04-01
CALAVERAS,2017,May,25.28735275,14.67389216,10.61346059,2017-05-01
CALAVERAS,2017,June,29.459331509000002,17.48588019,11.973451319000002,2017-06-01
CALAVERAS,2017,July,34.507527432,21.48145531,13.026072121999999,2017-07-01
CALAVERAS,2017,August,38.044377627,24.09004906,13.954328567,2017-08-01
CALAVERAS,2017,September,33.620410213,20.29176322,13.328646992999998,2017-09-01
CALAVERAS,2017,October,24.982207143,14.70315044,10.279056703000002,2017-10-01
CALAVERAS,2017,November,23.719931745,13.91192499,9.808006755,2017-11-01
CALAVERAS,2017,December,26.829103301000004,16.83662929,9.992474011,2017-12-01
CALAVERAS,2018,January,28.003826127,17.84758954,10.156236586999999,2018-01-01
CALAVERAS,2018,February,25.727240113,15.38717291,10.340067203000002,2018-02-01
CALAVERAS,2018,March,28.257288328,18.19702376,10.060264568000001,2018-03-01
CALAVERAS,2018,April,24.106308934,14.50109274,9.605216194,2018-04-01
CALAVERAS,2018,May,24.217591652,14.08804973,10.129541922000001,2018-05-01
CALAVERAS,2018,June,26.586747162,15.36208308,11.224664082,2018-06-01
CALAVERAS,2018,July,33.123346883,20.3786714,12.744675483000002,2018-07-01
CALAVERAS,2018,August,36.253671296,22.58237694,13.671294356,2018-08-01
CALAVERAS,2018,September,28.835437897,16.74765013,12.087787766999998,2018-09-01
CALAVERAS,2018,October,24.035503056,13.85104812,10.184454936,2018-10-01
CALAVERAS,2018,November,22.646020086999997,12.88215438,9.763865706999999,2018-11-01
CALAVERAS,2018,December,25.631297729,16.35933668,9.271961049000002,2018-12-01
CALAVERAS,2019,January,29.11513639,19.27023701,9.844899380000001,2019-01-01
CALAVERAS,2019,February,25.186747059,15.91526035,9.271486709,2019-02-01
CALAVERAS,2019,March,26.772082191000003,17.77547873,8.996603461,2019-03-01
CALAVERAS,2019,April,23.653358304,14.47422984,9.179128464000001,2019-04-01
CALAVERAS,2019,May,23.428491971,13.40861299,10.019878981000002,2019-05-01
CALAVERAS,2019,June,26.427290101,15.92969026,10.497599841,2019-06-01
CALAVERAS,2019,July,31.976160474,18.93587749,13.040282984000001,2019-07-01
CALAVERAS,2019,August,34.921437122,21.36481133,13.556625792,2019-08-01
CALAVERAS,2019,September,30.196628612,17.98886856,12.207760052,2019-09-01
CALAVERAS,2019,October,21.042868858000002,12.07082912,8.972039738,2019-10-01
CALAVERAS,2019,November,21.447459867,12.27734122,9.170118647,2019-11-01
CALAVERAS,2019,December,26.816315822,16.85574069,9.960575132,2019-12-01
CALAVERAS,2020,January,28.858230973000005,19.03536056,9.822870413,2020-01-01
CALAVERAS,2020,February,25.156508589,15.50882835,9.647680239000001,2020-02-01
CALAVERAS,2020,March,24.787919138,15.25535883,9.532560308,2020-03-01
CALAVERAS,2020,April,25.136244656000002,16.45565879,8.680585866000001,2020-04-01
CALAVERAS,2020,May,23.062839511,14.51863129,8.544208221000002,2020-05-01
CALAVERAS,2020,June,28.973453435,17.87016319,11.103290245,2020-06-01
CALAVERAS,2020,July,33.673733465999995,21.75873655,11.914996916,2020-07-01
CALAVERAS,2020,August,36.090361789,23.47062887,12.619732919,2020-08-01
CALAVERAS,2020,September,32.997646417,21.54362766,11.454018757,2020-09-01
CALAVERAS,2020,October,27.106347368,16.72041172,10.385935647999998,2020-10-01
CALAVERAS,2020,November,22.332980089000003,13.32144546,9.011534629000002,2020-11-01
CALAVERAS,2020,December,29.452875958,19.70355038,9.749325578,2020-12-01
CALAVERAS,2021,January,28.462648938,19.2198982,9.242750738,2021-01-01
CALAVERAS,2021,February,25.062460963999996,16.55075689,8.511704074,2021-02-01
CALAVERAS,2021,March,29.283952763,18.56786476,10.716088003,2021-03-01
CALAVERAS,2021,April,25.94754168,15.73946726,10.208074419999999,2021-04-01
CALAVERAS,2021,May,24.472995728,14.21275613,10.260239598,2021-05-01
CALAVERAS,2021,June,30.151531930999997,18.31232568,11.839206251,2021-06-01
CALAVERAS,2021,July,36.841911199,24.18191713,12.659994069,2021-07-01
CALAVERAS,2021,August,37.67359507,24.41289365,13.260701419999998,2021-08-01
CALAVERAS,2021,September,32.943134152,20.45417327,12.488960881999997,2021-09-01
CALAVERAS,2021,October,24.658382314,14.61585361,10.042528704000002,2021-10-01
CALAVERAS,2021,November,22.289499481,13.17023156,9.119267920999999,2021-11-01
CALAVERAS,2021,December,27.825294659,18.23606186,9.589232799,2021-12-01
CALAVERAS,2022,January,29.376439043,19.07676258,10.299676463,2022-01-01
CALAVERAS,2022,February,25.792317276000002,15.98023412,9.812083155999998,2022-02-01
CALAVERAS,2022,March,27.761686996,17.6750872,10.086599795999998,2022-03-01
CALAVERAS,2022,April,21.184055505,14.19648303,6.987572475,2022-04-01
CALAVERAS,2022,May,21.545121067,14.39095023,7.154170837000001,2022-05-01
CALAVERAS,2022,June,24.902203796000002,16.45485395,8.447349846,2022-06-01
CALAVERAS,2022,July,29.333183057,20.48044575,8.852737307,2022-07-01
CALAVERAS,2022,August,33.871207165,23.35134162,10.519865545,2022-08-01
CALAVERAS,2022,September,31.684117436,22.09653706,9.587580376,2022-09-01
CALAVERAS,2022,October,22.312447426,14.54837841,7.764069015999999,2022-10-01
CALAVERAS,2022,November,22.355358277999997,14.27852725,8.076831027999999,2022-11-01
CALAVERAS,2022,December,25.399444723000002,18.01630213,7.383142593,2022-12-01
CALAVERAS,2023,January,26.476366937999998,19.52518313,6.951183808000001,2023-01-01
CALAVERAS,2023,February,23.360533535,16.58357074,6.776962795,2023-02-01
CALAVERAS,2023,March,27.80679953,20.29710822,7.509691310000001,2023-03-01
CALAVERAS,2023,April,23.013776830999998,16.20901,6.804766830999999,2023-04-01
CALAVERAS,2023,May,22.253670396,14.63104281,7.622627586000001,2023-05-01
CALAVERAS,2023,June,22.945018814,15.03826274,7.906756074,2023-06-01
CALAVERAS,2023,July,29.216745075,20.04845184,9.168293235,2023-07-01
CALAVERAS,2023,August,32.81762933,23.0108056,9.80682373,2023-08-01
CALAVERAS,2023,September,25.774936035,17.30239846,8.472537575,2023-09-01
CALAVERAS,2023,October,21.320606188,13.85384234,7.466763847999999,2023-10-01
CALAVERAS,2023,November,19.268838472,12.69533193,6.573506542,2023-11-01
CALAVERAS,2023,December,22.577562075,15.92821315,6.649348925,2023-12-01
CALAVERAS,2024,January,26.203872129,19.02236229,7.1815098389999985,2024-01-01
CALAVERAS,2024,February,23.851875183,16.7051506,7.146724582999999,2024-02-01
CALAVERAS,2024,March,23.870862065,16.92105569,6.949806375,2024-03-01
CALAVERAS,2024,April,22.813570687,15.53480936,7.278761327,2024-04-01
CALAVERAS,2024,May,22.076681562,14.52937208,7.547309481999999,2024-05-01
CALAVERAS,2024,June,24.739861835,16.47844033,8.261421505,2024-06-01
CALAVERAS,2024,July,35.524030876,25.39095883,10.133072046,2024-07-01
CALAVERAS,2024,August,34.327170983,24.20698286,10.120188122999998,2024-08-01
CALAVERAS,2024,September,27.37673021,18.5941599,8.78257031,2024-09-01
CALAVERAS,2024,October,25.329201669,16.76712203,8.562079639,2024-10-01
CALAVERAS,2024,November,19.12119795,12.6863433,6.434854649999999,2024-11-01
CALAVERAS,2024,December,23.908082574,16.93221878,6.975863794,2024-12-01
COLUSA,2008,January,13.076641709999999,5.586116639,7.4905250709999995,2008-01-01
COLUSA,2008,February,18.036015443,4.841044053,13.194971390000001,2008-02-01
COLUSA,2008,March,14.18597219,4.301511105,9.884461085,2008-03-01
COLUSA,2008,April,15.426324207,3.99391481,11.432409397000002,2008-04-01
COLUSA,2008,May,19.274886788,4.494419336,14.780467451999998,2008-05-01
COLUSA,2008,June,22.487144161,5.316598972,17.170545189,2008-06-01
COLUSA,2008,July,27.940233214,7.739076142,20.201157071999997,2008-07-01
COLUSA,2008,August,27.072074803,7.052260091,20.019814712,2008-08-01
COLUSA,2008,September,27.772675422,6.689689893,21.082985529,2008-09-01
COLUSA,2008,October,32.34313152,5.017419047,27.325712473,2008-10-01
COLUSA,2008,November,18.377615097,3.670130734,14.707484362999999,2008-11-01
COLUSA,2008,December,19.769481711,5.531372601,14.238109110000002,2008-12-01
COLUSA,2009,January,15.943686739,5.441000816,10.502685923,2009-01-01
COLUSA,2009,February,14.451302516,4.690683116,9.760619400000001,2009-02-01
COLUSA,2009,March,13.933890863,4.514414733,9.41947613,2009-03-01
COLUSA,2009,April,15.678523415999999,4.257381735,11.421141681000002,2009-04-01
COLUSA,2009,May,19.035637156,4.495051459,14.540585697000003,2009-05-01
COLUSA,2009,June,23.716102261,5.720150117,17.995952144,2009-06-01
COLUSA,2009,July,28.934375548000002,7.323511571,21.610863977,2009-07-01
COLUSA,2009,August,33.088481181,7.51137835,25.577102831,2009-08-01
COLUSA,2009,September,29.922869085,6.786652475,23.13621661,2009-09-01
COLUSA,2009,October,29.903774898,5.148392173,24.755382725000004,2009-10-01
COLUSA,2009,November,17.999854987,3.890721311,14.109133675999999,2009-11-01
COLUSA,2009,December,21.544646742,5.790283521,15.754363221,2009-12-01
COLUSA,2010,January,13.573647657,5.36617,8.207477657,2010-01-01
COLUSA,2010,February,14.350558202,4.625987332,9.72457087,2010-02-01
COLUSA,2010,March,14.39917713,4.864760077,9.534417053,2010-03-01
COLUSA,2010,April,13.759235322,4.41399138,9.345243942,2010-04-01
COLUSA,2010,May,15.604252077,3.918809465,11.685442612000001,2010-05-01
COLUSA,2010,June,21.490848297,4.958654297,16.532194000000004,2010-06-01
COLUSA,2010,July,28.021246718,7.354325966,20.666920752,2010-07-01
COLUSA,2010,August,30.74548953,7.116086886,23.629402644000002,2010-08-01
COLUSA,2010,September,29.640830643,6.082986451,23.557844192,2010-09-01
COLUSA,2010,October,26.543419369,4.80229295,21.741126419,2010-10-01
COLUSA,2010,November,24.363371077,4.332157809,20.031213268,2010-11-01
COLUSA,2010,December,23.157386157,5.550488332,17.606897825,2010-12-01
COLUSA,2011,January,15.78849921,5.307565689,10.480933521,2011-01-01
COLUSA,2011,February,15.534475909,4.553930363,10.980545545999998,2011-02-01
COLUSA,2011,March,16.089994334,5.249409972,10.840584362000001,2011-03-01
COLUSA,2011,April,13.817031698,4.284760082,9.532271616,2011-04-01
COLUSA,2011,May,17.795771597,4.111058311,13.684713286,2011-05-01
COLUSA,2011,June,21.137284558999998,4.970352763,16.166931795999997,2011-06-01
COLUSA,2011,July,26.907295451,6.859784884,20.047510567,2011-07-01
COLUSA,2011,August,35.358895508,7.195822403,28.163073105000002,2011-08-01
COLUSA,2011,September,30.903509608,7.131943017,23.771566590999996,2011-09-01
COLUSA,2011,October,28.973419705999998,5.035843714,23.937575992,2011-10-01
COLUSA,2011,November,24.766949914999998,4.405917089,20.361032826000002,2011-11-01
COLUSA,2011,December,22.826092538,5.210883914,17.615208624,2011-12-01
COLUSA,2012,January,18.271702654,5.548526706,12.723175947999998,2012-01-01
COLUSA,2012,February,16.060135112,4.823997312,11.2361378,2012-02-01
COLUSA,2012,March,14.960866286,4.506700466,10.454165819999998,2012-03-01
COLUSA,2012,April,14.681401879,4.303721789,10.37768009,2012-04-01
COLUSA,2012,May,19.121459957,4.672964509,14.448495448,2012-05-01
COLUSA,2012,June,26.582068735,5.846848882,20.735219853,2012-06-01
COLUSA,2012,July,31.491545307,6.950285542,24.541259765,2012-07-01
COLUSA,2012,August,35.422839607,8.230926913,27.191912694000003,2012-08-01
COLUSA,2012,September,29.080697674,6.337755347,22.742942326999998,2012-09-01
COLUSA,2012,October,31.974191258,5.295986297,26.678204961000002,2012-10-01
COLUSA,2012,November,25.295400222999998,4.148596292,21.146803931,2012-11-01
COLUSA,2012,December,16.025199561,4.914076943,11.111122618,2012-12-01
COLUSA,2013,January,18.359730111,5.972117514,12.387612597000002,2013-01-01
COLUSA,2013,February,15.473903528000001,4.72721662,10.746686908,2013-02-01
COLUSA,2013,March,15.228580183,4.289360648,10.939219535,2013-03-01
COLUSA,2013,April,17.327577203,3.931711073,13.395866130000002,2013-04-01
COLUSA,2013,May,23.458306667,4.726343436,18.731963230999998,2013-05-01
COLUSA,2013,June,30.158545037,5.918492044,24.240052993,2013-06-01
COLUSA,2013,July,36.287334976,8.151479909,28.135855066999998,2013-07-01
COLUSA,2013,August,35.124869251,7.173131639,27.951737612,2013-08-01
COLUSA,2013,September,30.674697962,6.220286361,24.454411600999997,2013-09-01
COLUSA,2013,October,32.177496762,4.561748588,27.615748173999997,2013-10-01
COLUSA,2013,November,22.602300306,3.722746248,18.879554057999997,2013-11-01
COLUSA,2013,December,20.948252726,5.365030287,15.583222439,2013-12-01
COLUSA,2014,January,18.328008841,5.234831795,13.093177046000001,2014-01-01
COLUSA,2014,February,16.415642525,4.365530913,12.050111612000002,2014-02-01
COLUSA,2014,March,15.842534139,4.074164748,11.768369391000002,2014-03-01
COLUSA,2014,April,16.313230795,4.019146734,12.294084061000001,2014-04-01
COLUSA,2014,May,22.464246428,4.398426253,18.065820175,2014-05-01
COLUSA,2014,June,29.853569201,6.452508932,23.401060269000002,2014-06-01
COLUSA,2014,July,35.422524389,7.745625011,27.676899378,2014-07-01
COLUSA,2014,August,37.286712743,7.743716361,29.542996382,2014-08-01
COLUSA,2014,September,35.130570385,6.899727136,28.230843249,2014-09-01
COLUSA,2014,October,34.908111256,5.090699182,29.817412073999993,2014-10-01
COLUSA,2014,November,22.994019335,3.821956047,19.172063288000004,2014-11-01
COLUSA,2014,December,18.246007669,4.753916784,13.492090885000003,2014-12-01
COLUSA,2015,January,15.184701328000001,5.170501681,10.014199647000002,2015-01-01
COLUSA,2015,February,14.241365947,4.208522728,10.032843219,2015-02-01
COLUSA,2015,March,16.422666829,4.180183605,12.242483224,2015-03-01
COLUSA,2015,April,18.456507457,3.839105284,14.617402173,2015-04-01
COLUSA,2015,May,24.078945,4.140066559,19.938878441,2015-05-01
COLUSA,2015,June,30.696669195000002,5.991953681,24.704715514,2015-06-01
COLUSA,2015,July,37.976365458000004,8.110434852,29.865930606000006,2015-07-01
COLUSA,2015,August,34.31682552,7.170839716,27.145985803999995,2015-08-01
COLUSA,2015,September,33.676865844,6.541994371,27.134871472999997,2015-09-01
COLUSA,2015,October,35.718745397,5.163379253,30.555366144000004,2015-10-01
COLUSA,2015,November,24.053747989,4.059552062,19.994195927,2015-11-01
COLUSA,2015,December,20.847454160999998,5.29105385,15.556400311,2015-12-01
COLUSA,2016,January,15.377374408,5.389443891,9.987930516999999,2016-01-01
COLUSA,2016,February,14.668299780000002,4.50688167,10.161418110000001,2016-02-01
COLUSA,2016,March,15.336762256,4.243201735,11.093560521,2016-03-01
COLUSA,2016,April,15.844508389000001,3.744223627,12.100284762000001,2016-04-01
COLUSA,2016,May,21.738186095,4.075678505,17.662507589999997,2016-05-01
COLUSA,2016,June,29.904742046,6.366468342,23.538273703999998,2016-06-01
COLUSA,2016,July,35.001771628,7.451033333,27.550738295000002,2016-07-01
COLUSA,2016,August,35.884646298,8.071639469,27.813006829000003,2016-08-01
COLUSA,2016,September,33.45442346,6.445786272,27.008637187999998,2016-09-01
COLUSA,2016,October,30.510461166,4.493888137,26.016573029,2016-10-01
COLUSA,2016,November,26.672789176,3.7754344,22.897354776,2016-11-01
COLUSA,2016,December,19.202323783,5.045629756,14.156694026999999,2016-12-01
COLUSA,2017,January,16.359506812,5.462384262,10.897122549999999,2017-01-01
COLUSA,2017,February,13.253805611,4.551286125,8.702519485999998,2017-02-01
COLUSA,2017,March,16.556311812,4.525501032,12.030810779999998,2017-03-01
COLUSA,2017,April,15.171500802999999,3.617829882,11.553670921000004,2017-04-01
COLUSA,2017,May,20.492565446,4.272113251,16.220452194999996,2017-05-01
COLUSA,2017,June,29.23315845,6.270735761,22.962422689,2017-06-01
COLUSA,2017,July,33.883913568,8.284682375,25.599231193,2017-07-01
COLUSA,2017,August,35.913480138,8.918390758,26.99508938,2017-08-01
COLUSA,2017,September,31.18586288,7.553985181,23.631877699,2017-09-01
COLUSA,2017,October,32.908007715,4.6249327,28.283075015,2017-10-01
COLUSA,2017,November,23.951813891,3.753054824,20.198759066999997,2017-11-01
COLUSA,2017,December,18.8587977,4.821439533,14.037358167,2017-12-01
COLUSA,2018,January,18.655874649,5.004155023,13.651719625999998,2018-01-01
COLUSA,2018,February,16.839155110999997,4.295685664,12.543469447,2018-02-01
COLUSA,2018,March,17.777666025000002,4.547601885,13.23006414,2018-03-01
COLUSA,2018,April,16.855558773,3.847246521,13.008312252,2018-04-01
COLUSA,2018,May,23.038652618999997,4.337522191,18.701130428000003,2018-05-01
COLUSA,2018,June,30.147227595,5.731725845,24.415501750000004,2018-06-01
COLUSA,2018,July,34.952860665,8.033122462,26.919738203,2018-07-01
COLUSA,2018,August,34.22749745,8.637329874,25.590167576,2018-08-01
COLUSA,2018,September,23.078984631,6.02688452,17.052100111,2018-09-01
COLUSA,2018,October,32.712068475,4.523131115,28.18893736,2018-10-01
COLUSA,2018,November,24.92284922,3.724163355,21.198685864999995,2018-11-01
COLUSA,2018,December,18.393183908,4.807012967,13.586170941,2018-12-01
COLUSA,2019,January,16.672484203,5.441293371,11.231190832,2019-01-01
COLUSA,2019,February,15.008929677000001,4.519901806,10.489027871,2019-02-01
COLUSA,2019,March,15.477854025,4.628183298,10.849670727,2019-03-01
COLUSA,2019,April,15.299613171,3.949183692,11.350429479,2019-04-01
COLUSA,2019,May,18.514358221,4.212384334,14.301973886999999,2019-05-01
COLUSA,2019,June,24.68159508,5.824520441,18.857074639000004,2019-06-01
COLUSA,2019,July,32.234416673999995,7.544840124,24.689576549999998,2019-07-01
COLUSA,2019,August,33.448140735,8.282304229,25.165836505999998,2019-08-01
COLUSA,2019,September,31.00410139,7.11739158,23.88670981,2019-09-01
COLUSA,2019,October,30.480442851,4.474978772,26.005464079,2019-10-01
COLUSA,2019,November,27.467140524,3.554795546,23.912344978,2019-11-01
COLUSA,2019,December,19.31178888,4.781538224,14.530250656000002,2019-12-01
COLUSA,2020,January,16.729381827,5.479589262,11.249792565,2020-01-01
COLUSA,2020,February,15.606683773,4.52248942,11.084194352999997,2020-02-01
COLUSA,2020,March,17.234543851,4.018453485,13.216090366,2020-03-01
COLUSA,2020,April,19.392330858999998,4.286088025,15.106242833999998,2020-04-01
COLUSA,2020,May,24.419357194,4.817472217,19.601884977,2020-05-01
COLUSA,2020,June,33.267610509,6.701582068,26.566028441,2020-06-01
COLUSA,2020,July,40.283202291,8.732119815,31.551082475999998,2020-07-01
COLUSA,2020,August,33.807367992,8.611060128,25.196307864,2020-08-01
COLUSA,2020,September,31.786880459,7.978706062,23.808174397000002,2020-09-01
COLUSA,2020,October,31.452254744,6.094876866,25.357377878,2020-10-01
COLUSA,2020,November,24.790321306,4.108672212,20.681649094,2020-11-01
COLUSA,2020,December,23.280314022,5.337129766,17.943184256000002,2020-12-01
COLUSA,2021,January,16.788731501,5.197148162,11.591583339,2021-01-01
COLUSA,2021,February,16.754760845,4.705573141,12.049187704,2021-02-01
COLUSA,2021,March,17.037434786,4.497417786,12.540016999999999,2021-03-01
COLUSA,2021,April,21.051533028,4.099606042,16.951926986,2021-04-01
COLUSA,2021,May,29.025352852999998,4.777945862,24.247406991,2021-05-01
COLUSA,2021,June,37.774784557,6.930832574,30.843951983,2021-06-01
COLUSA,2021,July,41.533144034,8.760220389,32.772923645000006,2021-07-01
COLUSA,2021,August,39.569602146,8.912521934,30.657080212,2021-08-01
COLUSA,2021,September,31.339658914999998,7.594543589,23.745115326,2021-09-01
COLUSA,2021,October,32.369262379,4.923601298,27.445661081,2021-10-01
COLUSA,2021,November,23.495328804,3.858907328,19.636421476,2021-11-01
COLUSA,2021,December,18.619654039,5.179330631,13.440323408,2021-12-01
COLUSA,2022,January,16.684242963,5.458894916,11.225348047,2022-01-01
COLUSA,2022,February,16.191674491,4.50197656,11.689697931000001,2022-02-01
COLUSA,2022,March,19.381449774,4.568262476,14.813187298,2022-03-01
COLUSA,2022,April,20.444766927,3.974693697,16.47007323,2022-04-01
COLUSA,2022,May,25.091845004,4.35785635,20.733988654,2022-05-01
COLUSA,2022,June,33.09262961,6.45258374,26.640045870000005,2022-06-01
COLUSA,2022,July,38.180655429,8.134581068,30.046074361,2022-07-01
COLUSA,2022,August,40.376515184,9.274281166,31.102234017999997,2022-08-01
COLUSA,2022,September,33.083848159,8.469199956,24.614648203,2022-09-01
COLUSA,2022,October,25.247986422,5.205854588,20.042131834000003,2022-10-01
COLUSA,2022,November,21.285552012,4.227824693,17.057727319,2022-11-01
COLUSA,2022,December,17.776753521,5.202622429,12.574131092000002,2022-12-01
COLUSA,2023,January,14.771709277,5.694303394,9.077405883,2023-01-01
COLUSA,2023,February,13.652327218,4.621731766,9.030595452,2023-02-01
COLUSA,2023,March,15.198358663,5.18390063,10.014458033,2023-03-01
COLUSA,2023,April,16.820610093,4.500180969,12.320429123999999,2023-04-01
COLUSA,2023,May,18.192832792,4.486779495,13.706053297,2023-05-01
COLUSA,2023,June,26.458303713,5.820489696,20.637814017000004,2023-06-01
COLUSA,2023,July,31.525100539,7.742015867,23.783084672,2023-07-01
COLUSA,2023,August,34.875889786,8.950302614,25.925587172,2023-08-01
COLUSA,2023,September,24.842449336999998,6.66615285,18.176296487000002,2023-09-01
COLUSA,2023,October,27.008525717,4.791021497,22.21750422,2023-10-01
COLUSA,2023,November,23.982744045,3.886783794,20.095960250999997,2023-11-01
COLUSA,2023,December,19.087740342,4.6342899,14.453450442000001,2023-12-01
COLUSA,2024,January,17.651773773000002,5.412109917,12.239663856,2024-01-01
COLUSA,2024,February,15.649917215,4.71327009,10.936647124999999,2024-02-01
COLUSA,2024,March,15.683243373,3.762087509,11.921155864000001,2024-03-01
COLUSA,2024,April,17.104530863,4.196809748,12.907721115000001,2024-04-01
COLUSA,2024,May,23.624227220999998,5.557300214,18.066927007,2024-05-01
COLUSA,2024,June,30.600306639,6.486085794,24.114220845000002,2024-06-01
COLUSA,2024,July,40.107855655,9.601138692,30.506716963,2024-07-01
COLUSA,2024,August,36.109713033000006,8.795291817,27.314421216,2024-08-01
COLUSA,2024,September,28.047511313,6.478195076,21.569316237000002,2024-09-01
COLUSA,2024,October,32.315519279,5.667288712,26.648230567000002,2024-10-01
COLUSA,2024,November,24.164605254,3.726765745,20.437839509000003,2024-11-01
COLUSA,2024,December,18.257996841,5.102026365,13.155970475999998,2024-12-01
CONTRA COSTA,2008,January,843.3587158099999,276.3994235,566.9592923099999,2008-01-01
CONTRA COSTA,2008,February,703.9797940599999,223.0093327,480.97046135999994,2008-02-01
CONTRA COSTA,2008,March,680.355425953,206.9794209,473.376005053,2008-03-01
CONTRA COSTA,2008,April,740.831574662,201.8432926,538.988282062,2008-04-01
CONTRA COSTA,2008,May,821.61272125,203.4608292,618.1518920499999,2008-05-01
CONTRA COSTA,2008,June,761.119865311,225.8266382,535.293227111,2008-06-01
CONTRA COSTA,2008,July,909.8969619669999,279.3013604,630.5956015670001,2008-07-01
CONTRA COSTA,2008,August,800.715872362,243.7192578,556.996614562,2008-08-01
CONTRA COSTA,2008,September,838.3390807830001,267.4869946,570.852086183,2008-09-01
CONTRA COSTA,2008,October,759.81686572,221.678415,538.1384507199999,2008-10-01
CONTRA COSTA,2008,November,671.05280264,176.0921528,494.96064984,2008-11-01
CONTRA COSTA,2008,December,806.214870407,257.8532309,548.361639507,2008-12-01
CONTRA COSTA,2009,January,752.4528280110001,250.8904961,501.56233191100006,2009-01-01
CONTRA COSTA,2009,February,717.778972998,212.2590669,505.519906098,2009-02-01
CONTRA COSTA,2009,March,699.7476500399999,216.7295604,483.0180896399999,2009-03-01
CONTRA COSTA,2009,April,744.330197238,211.5496362,532.7805610380001,2009-04-01
CONTRA COSTA,2009,May,718.0243032609999,197.500015,520.524288261,2009-05-01
CONTRA COSTA,2009,June,745.340367811,219.0100602,526.3303076110001,2009-06-01
CONTRA COSTA,2009,July,826.383958299,268.0321996,558.351758699,2009-07-01
CONTRA COSTA,2009,August,772.811385062,250.2470224,522.564362662,2009-08-01
CONTRA COSTA,2009,September,804.888839965,265.8661111,539.022728865,2009-09-01
CONTRA COSTA,2009,October,789.017417587,236.6384294,552.378988187,2009-10-01
CONTRA COSTA,2009,November,709.075812404,188.1954603,520.8803521039999,2009-11-01
CONTRA COSTA,2009,December,797.105658267,268.8126988,528.292959467,2009-12-01
CONTRA COSTA,2010,January,749.1120744289999,249.3677772,499.744297229,2010-01-01
CONTRA COSTA,2010,February,671.872078848,214.9641334,456.90794544799996,2010-02-01
CONTRA COSTA,2010,March,726.7914518900001,222.8358952,503.95555669,2010-03-01
CONTRA COSTA,2010,April,728.343953107,213.3644268,514.9795263069999,2010-04-01
CONTRA COSTA,2010,May,731.743777012,190.6365022,541.107274812,2010-05-01
CONTRA COSTA,2010,June,762.543777654,214.0003986,548.543379054,2010-06-01
CONTRA COSTA,2010,July,815.484476067,247.9570865,567.5273895670001,2010-07-01
CONTRA COSTA,2010,August,797.888932048,237.1420576,560.746874448,2010-08-01
CONTRA COSTA,2010,September,782.788396212,243.0261002,539.762296012,2010-09-01
CONTRA COSTA,2010,October,792.254159292,234.7281649,557.525994392,2010-10-01
CONTRA COSTA,2010,November,698.261609612,192.4787148,505.782894812,2010-11-01
CONTRA COSTA,2010,December,834.832271483,269.9542664,564.8780050830001,2010-12-01
CONTRA COSTA,2011,January,749.391492588,242.0334761,507.35801648800003,2011-01-01
CONTRA COSTA,2011,February,650.720565475,213.063012,437.657553475,2011-02-01
CONTRA COSTA,2011,March,748.275621688,247.6423652,500.633256488,2011-03-01
CONTRA COSTA,2011,April,747.527674155,199.1709599,548.356714255,2011-04-01
CONTRA COSTA,2011,May,737.213501043,196.0546321,541.158868943,2011-05-01
CONTRA COSTA,2011,June,751.902191654,220.6138914,531.288300254,2011-06-01
CONTRA COSTA,2011,July,836.395209467,256.604556,579.790653467,2011-07-01
CONTRA COSTA,2011,August,844.290938494,248.0991042,596.1918342939999,2011-08-01
CONTRA COSTA,2011,September,805.928567416,253.706538,552.2220294159999,2011-09-01
CONTRA COSTA,2011,October,756.143519011,219.924725,536.218794011,2011-10-01
CONTRA COSTA,2011,November,681.868020558,199.4870554,482.380965158,2011-11-01
CONTRA COSTA,2011,December,771.7118293379999,250.2408319,521.470997438,2011-12-01
CONTRA COSTA,2012,January,760.5835306690001,258.8030398,501.780490869,2012-01-01
CONTRA COSTA,2012,February,693.522421144,217.378768,476.143653144,2012-02-01
CONTRA COSTA,2012,March,713.2107025409999,225.9080093,487.30269324100004,2012-03-01
CONTRA COSTA,2012,April,773.119519777,197.301199,575.8183207769999,2012-04-01
CONTRA COSTA,2012,May,762.744080261,217.2317195,545.512360761,2012-05-01
CONTRA COSTA,2012,June,782.160885499,225.9967825,556.164102999,2012-06-01
CONTRA COSTA,2012,July,817.248444492,247.768361,569.480083492,2012-07-01
CONTRA COSTA,2012,August,867.5779480699999,282.5289385,585.04900957,2012-08-01
CONTRA COSTA,2012,September,742.0063654720001,233.6584979,508.34786757200004,2012-09-01
CONTRA COSTA,2012,October,753.989742793,226.2375812,527.752161593,2012-10-01
CONTRA COSTA,2012,November,692.317514063,198.6765817,493.64093236300005,2012-11-01
CONTRA COSTA,2012,December,714.777837576,230.4057333,484.37210427599996,2012-12-01
CONTRA COSTA,2013,January,779.320713241,277.4422945,501.878418741,2013-01-01
CONTRA COSTA,2013,February,686.241509391,213.5113552,472.730154191,2013-02-01
CONTRA COSTA,2013,March,715.159405042,217.4847796,497.674625442,2013-03-01
CONTRA COSTA,2013,April,668.043065005,185.020725,483.022340005,2013-04-01
CONTRA COSTA,2013,May,757.959174023,217.8065072,540.1526668229999,2013-05-01
CONTRA COSTA,2013,June,733.709021311,221.8438253,511.865196011,2013-06-01
CONTRA COSTA,2013,July,881.515604384,287.0668471,594.4487572840001,2013-07-01
CONTRA COSTA,2013,August,835.524384621,246.333127,589.1912576210001,2013-08-01
CONTRA COSTA,2013,September,804.287122918,243.5917094,560.695413518,2013-09-01
CONTRA COSTA,2013,October,780.289901612,215.1417543,565.1481473120001,2013-10-01
CONTRA COSTA,2013,November,670.452709764,181.2718149,489.18089486400004,2013-11-01
CONTRA COSTA,2013,December,797.906556643,253.9466886,543.9598680429999,2013-12-01
CONTRA COSTA,2014,January,791.071970021,247.7641679,543.3078021210001,2014-01-01
CONTRA COSTA,2014,February,705.50214664,201.4110704,504.09107624000006,2014-02-01
CONTRA COSTA,2014,March,700.595537207,202.4132384,498.182298807,2014-03-01
CONTRA COSTA,2014,April,769.272251882,194.4379597,574.8342921819999,2014-04-01
CONTRA COSTA,2014,May,784.245473252,202.027951,582.2175222520001,2014-05-01
CONTRA COSTA,2014,June,832.845327018,233.4621377,599.3831893180001,2014-06-01
CONTRA COSTA,2014,July,915.055597881,269.9176355,645.137962381,2014-07-01
CONTRA COSTA,2014,August,865.526113669,271.9867973,593.539316369,2014-08-01
CONTRA COSTA,2014,September,850.356055796,242.5675735,607.788482296,2014-09-01
CONTRA COSTA,2014,October,818.3098286759999,237.9325778,580.377250876,2014-10-01
CONTRA COSTA,2014,November,668.39607226,179.2096703,489.18640196,2014-11-01
CONTRA COSTA,2014,December,849.043755405,233.4470328,615.596722605,2014-12-01
CONTRA COSTA,2015,January,799.623356318,245.454401,554.1689553180001,2015-01-01
CONTRA COSTA,2015,February,626.1434429,198.3580543,427.7853886,2015-02-01
CONTRA COSTA,2015,March,715.650417592,206.3332496,509.317167992,2015-03-01
CONTRA COSTA,2015,April,763.723725199,168.7247802,594.998944999,2015-04-01
CONTRA COSTA,2015,May,760.7098032910001,140.5114622,620.198341091,2015-05-01
CONTRA COSTA,2015,June,876.457985075,281.5462706,594.9117144749999,2015-06-01
CONTRA COSTA,2015,July,877.0443413959999,274.6978683,602.346473096,2015-07-01
CONTRA COSTA,2015,August,835.884820332,254.6543806,581.2304397319999,2015-08-01
CONTRA COSTA,2015,September,871.73848431,264.412691,607.32579331,2015-09-01
CONTRA COSTA,2015,October,813.660714604,232.6070163,581.053698304,2015-10-01
CONTRA COSTA,2015,November,714.2772676339999,185.6881632,528.589104434,2015-11-01
CONTRA COSTA,2015,December,811.8268290870001,254.5940388,557.2327902870001,2015-12-01
CONTRA COSTA,2016,January,775.70061072,251.9501671,523.7504436199999,2016-01-01
CONTRA COSTA,2016,February,729.627562596,203.6571654,525.970397196,2016-02-01
CONTRA COSTA,2016,March,802.179508375,216.9473797,585.232128675,2016-03-01
CONTRA COSTA,2016,April,756.849131779,186.0039761,570.845155679,2016-04-01
CONTRA COSTA,2016,May,759.62253515,191.8059777,567.81655745,2016-05-01
CONTRA COSTA,2016,June,845.2162474429999,246.9857087,598.230538743,2016-06-01
CONTRA COSTA,2016,July,876.4315708190001,267.1911534,609.240417419,2016-07-01
CONTRA COSTA,2016,August,908.903383893,277.4247012,631.4786826930001,2016-08-01
CONTRA COSTA,2016,September,837.721452042,234.2753924,603.446059642,2016-09-01
CONTRA COSTA,2016,October,767.502830058,208.1468234,559.3560066580001,2016-10-01
CONTRA COSTA,2016,November,721.764102312,189.8639435,531.900158812,2016-11-01
CONTRA COSTA,2016,December,787.1918036430001,239.6144496,547.577354043,2016-12-01
CONTRA COSTA,2017,January,815.070197902,259.2441896,555.826008302,2017-01-01
CONTRA COSTA,2017,February,676.864079142,212.186112,464.67796714200006,2017-02-01
CONTRA COSTA,2017,March,768.495792061,230.8715758,537.6242162609999,2017-03-01
CONTRA COSTA,2017,April,769.10092038,182.8020549,586.2988654800001,2017-04-01
CONTRA COSTA,2017,May,821.768462029,204.7706685,616.9977935289999,2017-05-01
CONTRA COSTA,2017,June,827.720437961,240.064672,587.655765961,2017-06-01
CONTRA COSTA,2017,July,866.20818449,288.0501499,578.15803459,2017-07-01
CONTRA COSTA,2017,August,922.945023518,299.7365885,623.208435018,2017-08-01
CONTRA COSTA,2017,September,874.495863688,282.4912747,592.004588988,2017-09-01
CONTRA COSTA,2017,October,795.334099487,212.8699918,582.4641076869999,2017-10-01
CONTRA COSTA,2017,November,729.307826192,190.2316948,539.076131392,2017-11-01
CONTRA COSTA,2017,December,786.123068402,232.0938409,554.029227502,2017-12-01
CONTRA COSTA,2018,January,803.6357579730001,244.8519406,558.7838173729999,2018-01-01
CONTRA COSTA,2018,February,732.550095064,207.572906,524.977189064,2018-02-01
CONTRA COSTA,2018,March,731.147189479,227.7978754,503.34931407899995,2018-03-01
CONTRA COSTA,2018,April,764.824029473,195.1788238,569.6452056730001,2018-04-01
CONTRA COSTA,2018,May,779.858943366,199.0785905,580.780352866,2018-05-01
CONTRA COSTA,2018,June,788.942002545,222.9330604,566.0089421449999,2018-06-01
CONTRA COSTA,2018,July,825.330028243,275.0978081,550.2322201430001,2018-07-01
CONTRA COSTA,2018,August,876.9399925619999,307.5097667,569.4302258619999,2018-08-01
CONTRA COSTA,2018,September,754.248331889,226.263551,527.984780889,2018-09-01
CONTRA COSTA,2018,October,741.734257091,211.7228936,530.011363491,2018-10-01
CONTRA COSTA,2018,November,675.235872319,191.6734237,483.56244861899995,2018-11-01
CONTRA COSTA,2018,December,733.670369885,229.6973775,503.972992385,2018-12-01
CONTRA COSTA,2019,January,815.6032544269999,257.3550946,558.2481598269999,2019-01-01
CONTRA COSTA,2019,February,742.767763727,213.9386917,528.829072027,2019-02-01
CONTRA COSTA,2019,March,789.166657817,234.5586543,554.6080035169999,2019-03-01
CONTRA COSTA,2019,April,729.263336304,193.9546433,535.308693004,2019-04-01
CONTRA COSTA,2019,May,780.446675852,198.8020509,581.6446249520001,2019-05-01
CONTRA COSTA,2019,June,794.638995464,232.9976679,561.641327564,2019-06-01
CONTRA COSTA,2019,July,824.983958754,262.2234054,562.760553354,2019-07-01
CONTRA COSTA,2019,August,901.99073004,292.9733594,609.0173706400001,2019-08-01
CONTRA COSTA,2019,September,865.9112256359999,273.2772397,592.6339859359999,2019-09-01
CONTRA COSTA,2019,October,802.496166161,226.342372,576.153794161,2019-10-01
CONTRA COSTA,2019,November,716.842320618,172.4142717,544.4280489180001,2019-11-01
CONTRA COSTA,2019,December,805.488080795,237.8607916,567.627289195,2019-12-01
CONTRA COSTA,2020,January,757.684734984,258.4898472,499.194887784,2020-01-01
CONTRA COSTA,2020,February,676.810402919,213.877019,462.933383919,2020-02-01
CONTRA COSTA,2020,March,656.836336321,214.6687303,442.167606021,2020-03-01
CONTRA COSTA,2020,April,729.716792949,224.8595588,504.85723414899996,2020-04-01
CONTRA COSTA,2020,May,648.85973292,221.6202373,427.23949562000007,2020-05-01
CONTRA COSTA,2020,June,721.626164357,276.6213918,445.004772557,2020-06-01
CONTRA COSTA,2020,July,763.317422942,305.2400646,458.07735834199997,2020-07-01
CONTRA COSTA,2020,August,754.5158316979999,309.0714538,445.44437789799997,2020-08-01
CONTRA COSTA,2020,September,777.858692217,330.3816083,447.477083917,2020-09-01
CONTRA COSTA,2020,October,727.604450756,282.0579261,445.5465246559999,2020-10-01
CONTRA COSTA,2020,November,597.006643217,207.1772437,389.829399517,2020-11-01
CONTRA COSTA,2020,December,670.7830423849999,271.9214583,398.86158408499995,2020-12-01
CONTRA COSTA,2021,January,669.831879524,264.129404,405.70247552399996,2021-01-01
CONTRA COSTA,2021,February,586.300239714,225.6436407,360.65659901400005,2021-02-01
CONTRA COSTA,2021,March,640.794051124,242.6891632,398.10488792399997,2021-03-01
CONTRA COSTA,2021,April,611.998115741,218.2428426,393.75527314100003,2021-04-01
CONTRA COSTA,2021,May,700.170185947,210.5809573,489.58922864699997,2021-05-01
CONTRA COSTA,2021,June,713.9312783400001,254.7957914,459.13548694,2021-06-01
CONTRA COSTA,2021,July,728.327858905,286.4602808,441.867578105,2021-07-01
CONTRA COSTA,2021,August,778.691006967,307.1278307,471.563176267,2021-08-01
CONTRA COSTA,2021,September,738.648577329,290.0126757,448.63590162900005,2021-09-01
CONTRA COSTA,2021,October,653.121352606,223.1794303,429.941922306,2021-10-01
CONTRA COSTA,2021,November,612.489400514,194.5520454,417.937355114,2021-11-01
CONTRA COSTA,2021,December,675.508474433,255.9999954,419.50847903299996,2021-12-01
CONTRA COSTA,2022,January,712.141952684,257.3158472,454.8261054839999,2022-01-01
CONTRA COSTA,2022,February,634.440813837,222.2891598,412.15165403700007,2022-02-01
CONTRA COSTA,2022,March,672.045000701,240.0987302,431.94627050099996,2022-03-01
CONTRA COSTA,2022,April,617.682690437,204.4997805,413.182909937,2022-04-01
CONTRA COSTA,2022,May,639.290434394,209.4736679,429.816766494,2022-05-01
CONTRA COSTA,2022,June,687.2958025460001,257.9605872,429.335215346,2022-06-01
CONTRA COSTA,2022,July,713.832880105,280.7997685,433.033111605,2022-07-01
CONTRA COSTA,2022,August,763.079783136,303.432408,459.647375136,2022-08-01
CONTRA COSTA,2022,September,767.424971688,311.0300747,456.39489698799997,2022-09-01
CONTRA COSTA,2022,October,676.855040261,222.3142341,454.540806161,2022-10-01
CONTRA COSTA,2022,November,604.984228965,202.7922683,402.191960665,2022-11-01
CONTRA COSTA,2022,December,686.486461981,254.0128411,432.473620881,2022-12-01
CONTRA COSTA,2023,January,679.704844982,271.1037435,408.60110148200005,2023-01-01
CONTRA COSTA,2023,February,618.500907814,229.2485796,389.25232821400004,2023-02-01
CONTRA COSTA,2023,March,679.0556384610001,262.0974259,416.95821256100004,2023-03-01
CONTRA COSTA,2023,April,638.467494902,219.350169,419.11732590199995,2023-04-01
CONTRA COSTA,2023,May,705.80045035,213.4982007,492.30224964999996,2023-05-01
CONTRA COSTA,2023,June,671.99618326,214.2789962,457.71718706,2023-06-01
CONTRA COSTA,2023,July,719.944810023,263.2137525,456.731057523,2023-07-01
CONTRA COSTA,2023,August,796.5857707519999,318.6161577,477.969613052,2023-08-01
CONTRA COSTA,2023,September,737.9982934100001,262.2472391,475.7510543100001,2023-09-01
CONTRA COSTA,2023,October,668.061289511,220.1994373,447.861852211,2023-10-01
CONTRA COSTA,2023,November,638.094916013,194.0575768,444.037339213,2023-11-01
CONTRA COSTA,2023,December,638.454681073,230.5756565,407.87902457300004,2023-12-01
CONTRA COSTA,2024,January,749.4579120550001,264.8032847,484.65462735500006,2024-01-01
CONTRA COSTA,2024,February,634.830857926,235.5601994,399.27065852600003,2024-02-01
CONTRA COSTA,2024,March,628.77655764,236.2538031,392.52275454000005,2024-03-01
CONTRA COSTA,2024,April,608.017060841,220.5175322,387.499528641,2024-04-01
CONTRA COSTA,2024,May,660.384513776,218.78832,441.59619377599995,2024-05-01
CONTRA COSTA,2024,June,745.975126545,242.8488337,503.12629284499997,2024-06-01
CONTRA COSTA,2024,July,846.709896369,351.6948853,495.015011069,2024-07-01
CONTRA COSTA,2024,August,823.293089781,324.383592,498.90949778099997,2024-08-01
CONTRA COSTA,2024,September,724.3934850569999,262.5243528,461.869132257,2024-09-01
CONTRA COSTA,2024,October,748.796495271,267.8682406,480.928254671,2024-10-01
CONTRA COSTA,2024,November,608.006163548,188.0783109,419.927852648,2024-11-01
CONTRA COSTA,2024,December,689.423796074,251.9226951,437.501100974,2024-12-01
DEL NORTE,2008,January,27.201668179000006,16.37348615,10.828182029,2008-01-01
DEL NORTE,2008,February,26.384623291,14.58861442,11.796008871,2008-02-01
DEL NORTE,2008,March,18.535323835,12.76333606,5.771987775,2008-03-01
DEL NORTE,2008,April,22.662025714000002,12.46293982,10.199085894,2008-04-01
DEL NORTE,2008,May,21.000315409000002,11.10414169,9.896173719,2008-05-01
DEL NORTE,2008,June,19.355133329,9.581570646,9.773562682999998,2008-06-01
DEL NORTE,2008,July,18.628887597,8.930488743,9.698398853999999,2008-07-01
DEL NORTE,2008,August,18.04667306,8.498076254,9.548596805999999,2008-08-01
DEL NORTE,2008,September,15.373365294000001,8.850535878,6.522829416000001,2008-09-01
DEL NORTE,2008,October,18.841865511,9.522630268,9.319235243,2008-10-01
DEL NORTE,2008,November,20.738774331,10.66160847,10.077165861,2008-11-01
DEL NORTE,2008,December,22.994137665,13.17116806,9.822969605,2008-12-01
DEL NORTE,2009,January,26.169610537,15.57677389,10.592836647,2009-01-01
DEL NORTE,2009,February,23.870877403999998,13.92499559,9.945881814000002,2009-02-01
DEL NORTE,2009,March,22.864462657,13.30499517,9.559467487,2009-03-01
DEL NORTE,2009,April,19.737391101,11.17425198,8.563139120999999,2009-04-01
DEL NORTE,2009,May,19.222698308,10.32538248,8.897315828,2009-05-01
DEL NORTE,2009,June,18.807596155,9.629504877,9.178091278,2009-06-01
DEL NORTE,2009,July,17.260424182,8.614317345,8.646106837,2009-07-01
DEL NORTE,2009,August,15.338500181999999,8.47370123,6.864798951999999,2009-08-01
DEL NORTE,2009,September,16.58554402,7.785304766,8.800239254,2009-09-01
DEL NORTE,2009,October,19.364760053,9.912454392,9.452305660999999,2009-10-01
DEL NORTE,2009,November,18.228309813000003,10.02099271,8.207317103,2009-11-01
DEL NORTE,2009,December,23.908043997,14.21392602,9.694117977000001,2009-12-01
DEL NORTE,2010,January,26.299664945,15.85506544,10.444599505,2010-01-01
DEL NORTE,2010,February,20.650041878,12.13998866,8.510053218,2010-02-01
DEL NORTE,2010,March,22.262305428,12.81337849,9.448926938000001,2010-03-01
DEL NORTE,2010,April,21.413912623999998,11.79480478,9.619107844,2010-04-01
DEL NORTE,2010,May,19.546340549,10.87280264,8.673537908999998,2010-05-01
DEL NORTE,2010,June,17.219912744,9.167916831,8.051995912999999,2010-06-01
DEL NORTE,2010,July,17.952065742,9.056120258,8.895945484000002,2010-07-01
DEL NORTE,2010,August,16.422260989,8.495429485,7.926831504000001,2010-08-01
DEL NORTE,2010,September,17.582864725,8.800143865,8.78272086,2010-09-01
DEL NORTE,2010,October,17.341581676999997,8.756526945,8.585054731999998,2010-10-01
DEL NORTE,2010,November,19.244198505,10.59164504,8.652553464999999,2010-11-01
DEL NORTE,2010,December,25.759867115,15.16949991,10.590367205000002,2010-12-01
DEL NORTE,2011,January,25.584336188,15.66261983,9.921716358,2011-01-01
DEL NORTE,2011,February,20.354387249000002,12.42499766,7.929389589,2011-02-01
DEL NORTE,2011,March,23.537561388,14.35835249,9.179208897999999,2011-03-01
DEL NORTE,2011,April,19.603860801,10.84757112,8.756289681,2011-04-01
DEL NORTE,2011,May,19.681650047,10.51151099,9.170139057000002,2011-05-01
DEL NORTE,2011,June,19.503200713000002,10.33112086,9.172079853,2011-06-01
DEL NORTE,2011,July,16.539692884,8.15778648,8.381906404,2011-07-01
DEL NORTE,2011,August,15.719936807,7.749291597,7.970645209999999,2011-08-01
DEL NORTE,2011,September,19.065140582,9.467402345,9.597738236999998,2011-09-01
DEL NORTE,2011,October,15.757256154,8.05117798,7.706078174000001,2011-10-01
DEL NORTE,2011,November,18.712057425,10.51193276,8.200124665,2011-11-01
DEL NORTE,2011,December,23.927021902,14.10708325,9.819938652000001,2011-12-01
DEL NORTE,2012,January,20.470014169,14.35580748,6.114206689000001,2012-01-01
DEL NORTE,2012,February,19.808536333,13.5677891,6.2407472330000004,2012-02-01
DEL NORTE,2012,March,18.875359173000003,12.8256352,6.049723973,2012-03-01
DEL NORTE,2012,April,22.040367775,11.7036533,10.336714474999999,2012-04-01
DEL NORTE,2012,May,20.650572233,9.645396127,11.005176106000004,2012-05-01
DEL NORTE,2012,June,18.121942975,8.525329403,9.596613571999999,2012-06-01
DEL NORTE,2012,July,16.172725274999998,9.635773816,6.536951459,2012-07-01
DEL NORTE,2012,August,12.39560818,7.418974998,4.976633182,2012-08-01
DEL NORTE,2012,September,13.547848334,8.140699241,5.407149093,2012-09-01
DEL NORTE,2012,October,19.394854897,8.63577467,10.759080226999998,2012-10-01
DEL NORTE,2012,November,20.760148824999998,10.11484376,10.645305065,2012-11-01
DEL NORTE,2012,December,25.477864165,13.17376947,12.304094695,2012-12-01
DEL NORTE,2013,January,24.161293113,15.48756769,8.673725423,2013-01-01
DEL NORTE,2013,February,20.80048682,12.964952,7.83553482,2013-02-01
DEL NORTE,2013,March,19.666147576,12.11309159,7.553055986,2013-03-01
DEL NORTE,2013,April,18.508980919000003,11.15950667,7.349474248999999,2013-04-01
DEL NORTE,2013,May,15.437839752,8.801958612,6.63588114,2013-05-01
DEL NORTE,2013,June,16.056318069,8.907518672,7.148799397,2013-06-01
DEL NORTE,2013,July,16.716773336,8.044660956,8.67211238,2013-07-01
DEL NORTE,2013,August,18.370399075999998,8.937263237,9.433135839,2013-08-01
DEL NORTE,2013,September,15.51553064,7.123447623,8.392083017,2013-09-01
DEL NORTE,2013,October,16.467921313,8.080579467,8.387341846000002,2013-10-01
DEL NORTE,2013,November,19.162284532,10.54762781,8.614656722000001,2013-11-01
DEL NORTE,2013,December,25.00996147,14.35546083,10.65450064,2013-12-01
DEL NORTE,2014,January,22.526225015,13.56678959,8.959435425,2014-01-01
DEL NORTE,2014,February,19.29410198,11.24738679,8.04671519,2014-02-01
DEL NORTE,2014,March,17.762605918000002,10.04907676,7.713529158,2014-03-01
DEL NORTE,2014,April,17.502994028,9.839464494,7.663529534,2014-04-01
DEL NORTE,2014,May,16.193405447,8.601445198,7.591960249,2014-05-01
DEL NORTE,2014,June,15.261391266,7.909493922,7.351897344,2014-06-01
DEL NORTE,2014,July,15.408964305,7.823820599,7.585143706,2014-07-01
DEL NORTE,2014,August,14.391735141,7.026209217,7.365525924,2014-08-01
DEL NORTE,2014,September,16.404011326,7.974269021,8.429742305,2014-09-01
DEL NORTE,2014,October,14.563465956999998,7.372227977,7.1912379799999995,2014-10-01
DEL NORTE,2014,November,14.436853593999999,7.88117079,6.555682803999999,2014-11-01
DEL NORTE,2014,December,19.487659632,10.80246984,8.685189792,2014-12-01
DEL NORTE,2015,January,22.820152785999998,13.74410281,9.076049976000002,2015-01-01
DEL NORTE,2015,February,18.250670636000002,10.44786783,7.802802806,2015-02-01
DEL NORTE,2015,March,16.728121197,9.432435295,7.295685902000001,2015-03-01
DEL NORTE,2015,April,18.093505022,10.3293486,7.764156422000001,2015-04-01
DEL NORTE,2015,May,16.566297543,8.990865358,7.575432185000001,2015-05-01
DEL NORTE,2015,June,15.84252272,8.315344281,7.527178439000001,2015-06-01
DEL NORTE,2015,July,15.884810977,7.979064233,7.905746744,2015-07-01
DEL NORTE,2015,August,15.178801553000001,7.349283047,7.829518505999999,2015-08-01
DEL NORTE,2015,September,16.133860908,7.962003739,8.171857168999999,2015-09-01
DEL NORTE,2015,October,14.901606031,7.588632231,7.312973799999999,2015-10-01
DEL NORTE,2015,November,18.484264760000002,10.20975448,8.27451028,2015-11-01
DEL NORTE,2015,December,22.815967691999997,13.76462091,9.051346782,2015-12-01
DEL NORTE,2016,January,20.884221557,12.68767006,8.196551497,2016-01-01
DEL NORTE,2016,February,19.397426699,11.57742872,7.819997979,2016-02-01
DEL NORTE,2016,March,18.647333933000002,10.7706405,7.876693433,2016-03-01
DEL NORTE,2016,April,16.397856331,9.099193747,7.298662584000001,2016-04-01
DEL NORTE,2016,May,14.786336261,7.955725102,6.830611159000001,2016-05-01
DEL NORTE,2016,June,16.158888916,8.274218043,7.884670872999999,2016-06-01
DEL NORTE,2016,July,15.788325602,7.623194162,8.16513144,2016-07-01
DEL NORTE,2016,August,14.452808967000001,6.991044704,7.461764263000001,2016-08-01
DEL NORTE,2016,September,16.274389736,8.01863608,8.255753656000001,2016-09-01
DEL NORTE,2016,October,15.212124656,8.080901658,7.131222998,2016-10-01
DEL NORTE,2016,November,16.276088043,9.007672117,7.268415925999999,2016-11-01
DEL NORTE,2016,December,20.230109655,12.21878948,8.011320175,2016-12-01
DEL NORTE,2017,January,27.032658554,17.04541815,9.987240404,2017-01-01
DEL NORTE,2017,February,18.828975388,11.44449659,7.384478798,2017-02-01
DEL NORTE,2017,March,20.054367558,12.01405589,8.040311668000001,2017-03-01
DEL NORTE,2017,April,18.173837011,10.73300085,7.440836161,2017-04-01
DEL NORTE,2017,May,15.595389264,8.643121004,6.95226826,2017-05-01
DEL NORTE,2017,June,16.006248519,8.614996893,7.391251626,2017-06-01
DEL NORTE,2017,July,15.03503126,7.526135322,7.508895938,2017-07-01
DEL NORTE,2017,August,14.962000401000001,7.258049672,7.703950729000001,2017-08-01
DEL NORTE,2017,September,14.531304294,7.05404012,7.477264174,2017-09-01
DEL NORTE,2017,October,14.935151996,7.893363084,7.0417889119999995,2017-10-01
DEL NORTE,2017,November,18.937167789,10.59892611,8.338241679,2017-11-01
DEL NORTE,2017,December,22.582759604,13.85566936,8.727090244000001,2017-12-01
DEL NORTE,2018,January,19.04958074,11.43412273,7.61545801,2018-01-01
DEL NORTE,2018,February,19.229879265,11.38292511,7.846954155000001,2018-02-01
DEL NORTE,2018,March,21.223322701,13.12275774,8.100564961,2018-03-01
DEL NORTE,2018,April,17.040261818,9.881038562,7.159223256,2018-04-01
DEL NORTE,2018,May,15.818804530999998,8.636304152,7.182500379,2018-05-01
DEL NORTE,2018,June,16.606280772999998,8.45793286,8.148347913,2018-06-01
DEL NORTE,2018,July,14.15158284,7.091512138,7.060070702000001,2018-07-01
DEL NORTE,2018,August,15.749699505,7.358569642,8.391129863,2018-08-01
DEL NORTE,2018,September,14.425141661000001,6.881938873,7.543202788,2018-09-01
DEL NORTE,2018,October,16.39497786,8.436773004,7.958204856,2018-10-01
DEL NORTE,2018,November,16.242982442,9.113860351,7.129122091,2018-11-01
DEL NORTE,2018,December,20.774280065,12.32263564,8.451644425,2018-12-01
DEL NORTE,2019,January,20.284607147,13.11912802,7.165479126999999,2019-01-01
DEL NORTE,2019,February,18.84449445,11.97431629,6.87017816,2019-02-01
DEL NORTE,2019,March,19.623156235,12.58992343,7.033232805000001,2019-03-01
DEL NORTE,2019,April,17.917914143,10.06375983,7.854154313,2019-04-01
DEL NORTE,2019,May,16.239319814,8.459781095,7.7795387190000005,2019-05-01
DEL NORTE,2019,June,15.961558492,8.238528303,7.723030188999999,2019-06-01
DEL NORTE,2019,July,15.810742054999999,7.538201662,8.272540393,2019-07-01
DEL NORTE,2019,August,15.336102399,7.029584356,8.306518043,2019-08-01
DEL NORTE,2019,September,15.251161854,7.004624943,8.246536911,2019-09-01
DEL NORTE,2019,October,15.169742394,7.793862831,7.375879563,2019-10-01
DEL NORTE,2019,November,17.112086629,9.463655832,7.648430797000001,2019-11-01
DEL NORTE,2019,December,22.273944832,13.67595706,8.597987771999998,2019-12-01
DEL NORTE,2020,January,21.084352672,12.51894363,8.565409042,2020-01-01
DEL NORTE,2020,February,19.420167545,11.76697453,7.653193015,2020-02-01
DEL NORTE,2020,March,18.749607425999997,11.40954595,7.340061476000001,2020-03-01
DEL NORTE,2020,April,17.761989493,10.95264451,6.809344982999999,2020-04-01
DEL NORTE,2020,May,15.412502437,9.03207766,6.380424777,2020-05-01
DEL NORTE,2020,June,14.678410749,8.391101688,6.287309061,2020-06-01
DEL NORTE,2020,July,14.238785189,7.570487656,6.668297533,2020-07-01
DEL NORTE,2020,August,15.631674085,7.794843434,7.836830651,2020-08-01
DEL NORTE,2020,September,14.758757224,7.549635751,7.209121472999999,2020-09-01
DEL NORTE,2020,October,14.739561128,7.735707497,7.003853631000001,2020-10-01
DEL NORTE,2020,November,16.792344036,9.707522173,7.084821862999999,2020-11-01
DEL NORTE,2020,December,21.703139003,13.86180851,7.841330493,2020-12-01
DEL NORTE,2021,January,21.107476847,13.42626362,7.6812132270000015,2021-01-01
DEL NORTE,2021,February,21.017291302,13.41592218,7.601369121999999,2021-02-01
DEL NORTE,2021,March,19.907993562,12.74732357,7.160669991999999,2021-03-01
DEL NORTE,2021,April,18.747041529,11.34174794,7.405293589,2021-04-01
DEL NORTE,2021,May,15.989099846,9.299746047,6.689353798999999,2021-05-01
DEL NORTE,2021,June,15.743968081,8.872445469,6.871522612,2021-06-01
DEL NORTE,2021,July,15.323315048,7.969003321,7.354311727,2021-07-01
DEL NORTE,2021,August,15.256850889,7.834740044,7.422110845,2021-08-01
DEL NORTE,2021,September,14.752428213,7.839444655,6.912983558,2021-09-01
DEL NORTE,2021,October,15.651608198000002,8.489701521,7.161906677,2021-10-01
DEL NORTE,2021,November,16.821446766999998,9.967000073,6.854446694,2021-11-01
DEL NORTE,2021,December,21.199846214999997,13.12968368,8.070162535,2021-12-01
DEL NORTE,2022,January,23.088245401000002,15.1222822,7.965963200999999,2022-01-01
DEL NORTE,2022,February,19.762762813,12.46807986,7.294682953000001,2022-02-01
DEL NORTE,2022,March,19.832436744,12.16762896,7.664807784,2022-03-01
DEL NORTE,2022,April,18.172329533,10.99252143,7.179808103,2022-04-01
DEL NORTE,2022,May,17.448976811,10.37762702,7.071349791,2022-05-01
DEL NORTE,2022,June,16.228292458,9.153585292,7.0747071660000005,2022-06-01
DEL NORTE,2022,July,15.083134557000001,8.039801496,7.043333061,2022-07-01
DEL NORTE,2022,August,15.036413622,7.520478087,7.5159355350000006,2022-08-01
DEL NORTE,2022,September,14.719758156,7.488823065,7.230935090999999,2022-09-01
DEL NORTE,2022,October,14.464551758,7.716020607,6.748531151000001,2022-10-01
DEL NORTE,2022,November,17.700455504,10.67406241,7.026393094,2022-11-01
DEL NORTE,2022,December,22.960116627,14.82285943,8.137257196999998,2022-12-01
DEL NORTE,2023,January,22.419465095,14.24852568,8.170939415,2023-01-01
DEL NORTE,2023,February,21.144600371000003,13.51269807,7.6319023009999984,2023-02-01
DEL NORTE,2023,March,22.704656908999997,14.58476408,8.119892829,2023-03-01
DEL NORTE,2023,April,20.535728987000002,12.92528757,7.6104414170000005,2023-04-01
DEL NORTE,2023,May,16.955276736,9.947617137,7.007659598999999,2023-05-01
DEL NORTE,2023,June,15.717933315999998,8.542568922,7.175364393999999,2023-06-01
DEL NORTE,2023,July,15.235816905,8.070932125,7.1648847799999995,2023-07-01
DEL NORTE,2023,August,13.937157452000001,6.984133771,6.953023681,2023-08-01
DEL NORTE,2023,September,13.005046077999998,6.634405466,6.370640612,2023-09-01
DEL NORTE,2023,October,13.817718656,7.64020934,6.177509316,2023-10-01
DEL NORTE,2023,November,16.375355915,9.785566811,6.589789104,2023-11-01
DEL NORTE,2023,December,20.222727033,12.51071147,7.7120155630000005,2023-12-01
DEL NORTE,2024,January,20.252548755,13.10814794,7.144400815,2024-01-01
DEL NORTE,2024,February,18.974689965,11.61885896,7.355831004999999,2024-02-01
DEL NORTE,2024,March,19.25978343,12.01708544,7.242697989999999,2024-03-01
DEL NORTE,2024,April,17.404098926,10.58780658,6.816292346,2024-04-01
DEL NORTE,2024,May,15.907882407,9.222673081,6.685209326000001,2024-05-01
DEL NORTE,2024,June,15.362020663000001,8.282098287,7.079922375999999,2024-06-01
DEL NORTE,2024,July,14.813433588,7.654198015,7.159235573,2024-07-01
DEL NORTE,2024,August,15.16283522,7.582027844,7.580807376,2024-08-01
DEL NORTE,2024,September,14.365242674000001,7.404095938,6.961146736000001,2024-09-01
DEL NORTE,2024,October,14.243788971999999,7.447354921,6.7964340509999985,2024-10-01
DEL NORTE,2024,November,16.589834291,9.719377195,6.870457096,2024-11-01
DEL NORTE,2024,December,21.26058869,13.46819824,7.79239045,2024-12-01
EL DORADO,2008,January,131.052700479,81.33342096,49.719279519000004,2008-01-01
EL DORADO,2008,February,107.44359368199999,69.55339606,37.890197621999995,2008-02-01
EL DORADO,2008,March,105.27019259299999,61.27266131,43.997531283,2008-03-01
EL DORADO,2008,April,97.824258364,57.32704867,40.497209694000006,2008-04-01
EL DORADO,2008,May,95.702487524,55.43492528,40.267562244,2008-05-01
EL DORADO,2008,June,99.77147039799999,57.68516501,42.086305388,2008-06-01
EL DORADO,2008,July,120.91863875500002,74.38414629,46.53449246500001,2008-07-01
EL DORADO,2008,August,113.805937744,67.85895843,45.94697931399999,2008-08-01
EL DORADO,2008,September,115.190282215,68.95544962,46.234832595,2008-09-01
EL DORADO,2008,October,96.692754833,55.27440707,41.41834776299999,2008-10-01
EL DORADO,2008,November,86.515294348,50.11645629,36.398838058,2008-11-01
EL DORADO,2008,December,113.421728791,71.46026915,41.961459641000005,2008-12-01
EL DORADO,2009,January,121.59085741400001,75.98618754,45.60466987399999,2009-01-01
EL DORADO,2009,February,99.291261392,63.68424818,35.607013212,2009-02-01
EL DORADO,2009,March,110.01084165399999,66.39370923,43.61713242399999,2009-03-01
EL DORADO,2009,April,105.67096342100001,60.60721379,45.063749631,2009-04-01
EL DORADO,2009,May,88.457052757,53.84526893,34.611783827000004,2009-05-01
EL DORADO,2009,June,103.322772934,57.20515493,46.11761800400001,2009-06-01
EL DORADO,2009,July,115.76113031300001,71.8051768,43.955953513000004,2009-07-01
EL DORADO,2009,August,113.86628101,70.18872607,43.67755494,2009-08-01
EL DORADO,2009,September,109.748587233,65.99940641,43.749180823,2009-09-01
EL DORADO,2009,October,98.34179454,57.87034139,40.47145315,2009-10-01
EL DORADO,2009,November,84.921568791,51.65565683,33.265911961,2009-11-01
EL DORADO,2009,December,113.739462423,73.91647611,39.822986313,2009-12-01
EL DORADO,2010,January,111.320246553,72.78690403,38.533342523,2010-01-01
EL DORADO,2010,February,101.430042703,64.30811429,37.121928413,2010-02-01
EL DORADO,2010,March,107.072911062,68.24225292,38.830658142000004,2010-03-01
EL DORADO,2010,April,104.587741349,61.83520003,42.752541319,2010-04-01
EL DORADO,2010,May,86.382602945,53.24862701,33.133975935,2010-05-01
EL DORADO,2010,June,97.411448425,57.22762461,40.183823815,2010-06-01
EL DORADO,2010,July,106.66751190800001,67.44670379,39.220808118,2010-07-01
EL DORADO,2010,August,112.438030061,67.15486885,45.283161211,2010-08-01
EL DORADO,2010,September,103.458185435,62.07169852,41.386486915,2010-09-01
EL DORADO,2010,October,96.812577352,57.92501988,38.88755747199999,2010-10-01
EL DORADO,2010,November,85.054621207,52.96342068,32.091200527,2010-11-01
EL DORADO,2010,December,123.22582208699998,76.76798077,46.45784131700001,2010-12-01
EL DORADO,2011,January,111.90923615300001,71.96181319,39.947422963,2011-01-01
EL DORADO,2011,February,97.99737340099999,62.90726289,35.090110511,2011-02-01
EL DORADO,2011,March,117.800679736,72.39129876,45.409380975999994,2011-03-01
EL DORADO,2011,April,94.760506058,59.23843289,35.522073168,2011-04-01
EL DORADO,2011,May,90.85554786,53.97752312,36.87802474,2011-05-01
EL DORADO,2011,June,97.759745564,58.43488116,39.324864404,2011-06-01
EL DORADO,2011,July,98.755212028,62.92031026,35.834901768,2011-07-01
EL DORADO,2011,August,114.627319616,67.01147387,47.615845746,2011-08-01
EL DORADO,2011,September,110.31150046299999,67.61267215,42.698828313,2011-09-01
EL DORADO,2011,October,91.736814205,53.82030609,37.916508115,2011-10-01
EL DORADO,2011,November,93.265165558,56.30666432,36.958501238,2011-11-01
EL DORADO,2011,December,119.172088666,74.33424488,44.83784378599999,2011-12-01
EL DORADO,2012,January,120.843936099,75.8351391,45.008796999,2012-01-01
EL DORADO,2012,February,105.977770744,65.11014754,40.867623204000004,2012-02-01
EL DORADO,2012,March,111.297765735,68.29558286,43.002182875,2012-03-01
EL DORADO,2012,April,95.381098408,58.23680764,37.144290768,2012-04-01
EL DORADO,2012,May,97.48582869399999,56.45724523,41.02858346400001,2012-05-01
EL DORADO,2012,June,91.847218106,55.81030594,36.036912166,2012-06-01
EL DORADO,2012,July,105.21281633599999,64.11890211,41.093914225999995,2012-07-01
EL DORADO,2012,August,123.24234435000001,78.17532525,45.06701910000001,2012-08-01
EL DORADO,2012,September,106.04350681,63.39131233,42.65219448,2012-09-01
EL DORADO,2012,October,92.942690627,55.181029,37.761661626999995,2012-10-01
EL DORADO,2012,November,90.651872818,54.37552974,36.276343078,2012-11-01
EL DORADO,2012,December,107.288607235,67.74554833,39.543058905,2012-12-01
EL DORADO,2013,January,126.76469292700001,82.55271011,44.211982817,2013-01-01
EL DORADO,2013,February,104.912845358,65.21540622,39.697439138,2013-02-01
EL DORADO,2013,March,104.369445054,64.30207792,40.067367134,2013-03-01
EL DORADO,2013,April,90.298271013,53.11042098,37.18785003300001,2013-04-01
EL DORADO,2013,May,95.961233382,55.45748084,40.503752542,2013-05-01
EL DORADO,2013,June,90.429204038,55.2067067,35.222497338000004,2013-06-01
EL DORADO,2013,July,118.87741623500001,73.59191207,45.285504165,2013-07-01
EL DORADO,2013,August,112.175358641,68.3305119,43.844846741,2013-08-01
EL DORADO,2013,September,103.400537038,60.93741463,42.46312240800001,2013-09-01
EL DORADO,2013,October,87.85326468,51.21077902,36.642485660000006,2013-10-01
EL DORADO,2013,November,88.194416155,51.1660532,37.028362955,2013-11-01
EL DORADO,2013,December,115.857696743,73.90991131,41.94778543300001,2013-12-01
EL DORADO,2014,January,108.660575851,67.86504856,40.795527291,2014-01-01
EL DORADO,2014,February,95.08400521600001,57.30307915,37.78092606599999,2014-02-01
EL DORADO,2014,March,93.980156561,55.87756271,38.102593850999995,2014-03-01
EL DORADO,2014,April,98.795707253,56.87735783,41.918349423,2014-04-01
EL DORADO,2014,May,94.251012136,54.22037824,40.030633896,2014-05-01
EL DORADO,2014,June,101.136895426,60.05041586,41.086479566,2014-06-01
EL DORADO,2014,July,110.234099724,69.60144216,40.632657564,2014-07-01
EL DORADO,2014,August,107.06673314,69.45417965,37.612553489999996,2014-08-01
EL DORADO,2014,September,99.765178027,60.64401753,39.121160497,2014-09-01
EL DORADO,2014,October,96.515772899,55.89015398,40.625618919,2014-10-01
EL DORADO,2014,November,77.097785905,47.51234742,29.585438485,2014-11-01
EL DORADO,2014,December,102.038994409,61.98435147,40.054642939,2014-12-01
EL DORADO,2015,January,107.875466483,69.91078097,37.964685513,2015-01-01
EL DORADO,2015,February,86.971160141,55.3128659,31.658294241,2015-02-01
EL DORADO,2015,March,95.251836264,57.26978917,37.982047093999995,2015-03-01
EL DORADO,2015,April,85.468269845,50.31948008,35.148789765,2015-04-01
EL DORADO,2015,May,78.99728341400001,47.87713775,31.120145664000002,2015-05-01
EL DORADO,2015,June,93.079168502,55.58113194,37.498036561999996,2015-06-01
EL DORADO,2015,July,112.931983019,72.50732465,40.424658369,2015-07-01
EL DORADO,2015,August,103.204271155,64.71071266,38.493558494999995,2015-08-01
EL DORADO,2015,September,100.635867807,62.25265001,38.38321779699999,2015-09-01
EL DORADO,2015,October,96.489019724,57.37471299,39.114306733999996,2015-10-01
EL DORADO,2015,November,91.606861946,51.28454834,40.322313606,2015-11-01
EL DORADO,2015,December,110.726806582,71.1879536,39.538852981999995,2015-12-01
EL DORADO,2016,January,117.75227317299999,76.03492213,41.71735104300001,2016-01-01
EL DORADO,2016,February,99.607263772,60.80340104,38.80386273199999,2016-02-01
EL DORADO,2016,March,104.260759956,62.131173,42.129586956000004,2016-03-01
EL DORADO,2016,April,85.561965027,51.29618022,34.265784807,2016-04-01
EL DORADO,2016,May,85.112315617,50.66326379,34.449051827,2016-05-01
EL DORADO,2016,June,97.626006616,59.98517008,37.640836536,2016-06-01
EL DORADO,2016,July,108.003826499,68.85231998,39.151506518999994,2016-07-01
EL DORADO,2016,August,118.37760876000002,75.32544581,43.05216295000001,2016-08-01
EL DORADO,2016,September,98.78916742999999,60.14269081,38.64647662,2016-09-01
EL DORADO,2016,October,91.842954573,54.47677,37.366184573000005,2016-10-01
EL DORADO,2016,November,87.718306803,52.64900582,35.069300983,2016-11-01
EL DORADO,2016,December,103.61758047800001,67.45484947,36.162731008,2016-12-01
EL DORADO,2017,January,118.647769018,74.55385065,44.093918368,2017-01-01
EL DORADO,2017,February,96.572089072,61.78147872,34.790610352,2017-02-01
EL DORADO,2017,March,113.29484044100002,68.66999764,44.62484280100001,2017-03-01
EL DORADO,2017,April,88.305713829,54.06534816,34.240365669,2017-04-01
EL DORADO,2017,May,93.471404557,53.62147848,39.849926077,2017-05-01
EL DORADO,2017,June,99.17944120599999,59.11853823,40.060902975999994,2017-06-01
EL DORADO,2017,July,118.72406926999999,75.31069952,43.413369749999994,2017-07-01
EL DORADO,2017,August,126.12876811300002,80.24618406,45.88258405300001,2017-08-01
EL DORADO,2017,September,113.386598193,70.97587767,42.410720522999995,2017-09-01
EL DORADO,2017,October,87.956437009,49.96184808,37.994588929,2017-10-01
EL DORADO,2017,November,82.905595057,49.42912407,33.476470987,2017-11-01
EL DORADO,2017,December,99.79027272799999,63.18161516,36.608657568,2017-12-01
EL DORADO,2018,January,104.021562851,66.00335689,38.01820596099999,2018-01-01
EL DORADO,2018,February,97.355093994,59.52582731,37.829266684000004,2018-02-01
EL DORADO,2018,March,108.049194276,67.98219961,40.06699466600001,2018-03-01
EL DORADO,2018,April,92.770263705,56.053891,36.716372705000005,2018-04-01
EL DORADO,2018,May,91.44510452499999,52.50742133,38.937683195,2018-05-01
EL DORADO,2018,June,90.260500392,53.40610841,36.854391981999996,2018-06-01
EL DORADO,2018,July,113.738020111,70.95447579,42.783544320999994,2018-07-01
EL DORADO,2018,August,126.992453241,81.30079132,45.691661921000005,2018-08-01
EL DORADO,2018,September,97.394303532,57.15179241,40.242511121999996,2018-09-01
EL DORADO,2018,October,88.57198518,50.40631708,38.1656681,2018-10-01
EL DORADO,2018,November,81.872070256,47.90395943,33.968110826,2018-11-01
EL DORADO,2018,December,101.136832476,63.24681247,37.89002000600001,2018-12-01
EL DORADO,2019,January,113.29483720399999,71.66899187,41.62584533399999,2019-01-01
EL DORADO,2019,February,103.061909551,63.4611063,39.60080325100001,2019-02-01
EL DORADO,2019,March,106.30401475000001,68.59347942,37.71053533,2019-03-01
EL DORADO,2019,April,99.582976506,57.02553224,42.557444266000005,2019-04-01
EL DORADO,2019,May,89.325516014,50.99924777,38.326268244,2019-05-01
EL DORADO,2019,June,91.988050899,57.59667674,34.391374158999994,2019-06-01
EL DORADO,2019,July,101.976680913,64.85484846,37.121832452999996,2019-07-01
EL DORADO,2019,August,118.64835255899999,74.30128988,44.347062679,2019-08-01
EL DORADO,2019,September,103.645484921,63.86952029,39.775964631,2019-09-01
EL DORADO,2019,October,86.30347088299999,50.66441305,35.639057833,2019-10-01
EL DORADO,2019,November,74.115834047,42.46152561,31.654308437,2019-11-01
EL DORADO,2019,December,103.847884196,64.19647905,39.651405146,2019-12-01
EL DORADO,2020,January,111.67554724200001,72.46951935,39.206027891999994,2020-01-01
EL DORADO,2020,February,98.879611571,61.24257381,37.637037760999995,2020-02-01
EL DORADO,2020,March,97.829410186,60.2096808,37.619729385999996,2020-03-01
EL DORADO,2020,April,92.69335402899999,62.05825581,30.635098219,2020-04-01
EL DORADO,2020,May,81.855905681,53.12335897,28.732546710999998,2020-05-01
EL DORADO,2020,June,96.805366386,63.33400594,33.471360446,2020-06-01
EL DORADO,2020,July,114.65629079699998,76.05175252,38.604538277,2020-07-01
EL DORADO,2020,August,123.143431413,81.44443831,41.69899310300001,2020-08-01
EL DORADO,2020,September,114.33961539099998,74.93135382,39.408261571000004,2020-09-01
EL DORADO,2020,October,95.506135934,59.65939657,35.846739364,2020-10-01
EL DORADO,2020,November,81.305885334,50.00434446,31.301540874,2020-11-01
EL DORADO,2020,December,109.59227320900001,71.82093475,37.771338459000006,2020-12-01
EL DORADO,2021,January,108.44087239000001,71.20442819,37.2364442,2021-01-01
EL DORADO,2021,February,98.42831599600001,65.49118685,32.937129146000004,2021-02-01
EL DORADO,2021,March,110.524204874,69.51396963,41.010235244,2021-03-01
EL DORADO,2021,April,92.77645617499999,56.73731717,36.039139005,2021-04-01
EL DORADO,2021,May,86.334115711,51.58560391,34.748511801,2021-05-01
EL DORADO,2021,June,101.016061311,63.06476719,37.95129412100001,2021-06-01
EL DORADO,2021,July,121.16776985400001,81.26178579,39.905984063999995,2021-07-01
EL DORADO,2021,August,122.157759925,82.72180397,39.435955955,2021-08-01
EL DORADO,2021,September,103.363368029,68.02605853,35.337309499,2021-09-01
EL DORADO,2021,October,86.817382595,50.29586363,36.521518965,2021-10-01
EL DORADO,2021,November,80.10164053199999,49.6640166,30.437623931999997,2021-11-01
EL DORADO,2021,December,109.65855865699999,67.01889607,42.639662587,2021-12-01
EL DORADO,2022,January,106.446204358,70.7489013,35.697303058,2022-01-01
EL DORADO,2022,February,89.709397686,61.76606656,27.943331125999997,2022-02-01
EL DORADO,2022,March,109.030523631,65.25262579,43.777897841,2022-03-01
EL DORADO,2022,April,90.367383664,55.03191968,35.335463984,2022-04-01
EL DORADO,2022,May,88.990539234,55.03655293,33.953986304,2022-05-01
EL DORADO,2022,June,93.32630736499999,58.08458028,35.241727085,2022-06-01
EL DORADO,2022,July,109.049487448,71.4552111,37.594276347999994,2022-07-01
EL DORADO,2022,August,126.18483151400001,82.78773768,43.397093833999996,2022-08-01
EL DORADO,2022,September,118.035967468,77.458629,40.577338468,2022-09-01
EL DORADO,2022,October,88.218051024,53.66882141,34.549229614,2022-10-01
EL DORADO,2022,November,87.381414644,53.64902685,33.732387794000005,2022-11-01
EL DORADO,2022,December,106.088562413,69.15170791,36.936854503,2022-12-01
EL DORADO,2023,January,116.31109093,76.07697932,40.23411161000001,2023-01-01
EL DORADO,2023,February,100.99395578299999,67.31773193,33.676223853,2023-02-01
EL DORADO,2023,March,120.542346579,77.64578917,42.896557408999996,2023-03-01
EL DORADO,2023,April,106.15065392400001,67.31192539,38.838728534,2023-04-01
EL DORADO,2023,May,97.392584206,59.42793841,37.964645796000006,2023-05-01
EL DORADO,2023,June,92.974588489,55.39799562,37.576592868999995,2023-06-01
EL DORADO,2023,July,110.27288740499999,70.6947579,39.57812950499999,2023-07-01
EL DORADO,2023,August,124.66026697900001,81.51279461,43.147472369,2023-08-01
EL DORADO,2023,September,102.472486932,63.70674914,38.765737791999996,2023-09-01
EL DORADO,2023,October,78.861140804,51.9273078,26.933833004,2023-10-01
EL DORADO,2023,November,73.996045849,49.48204251,24.514003339,2023-11-01
EL DORADO,2023,December,99.142089471,64.36722943,34.774860041000004,2023-12-01
EL DORADO,2024,January,111.77915412099999,74.48259327,37.296560850999995,2024-01-01
EL DORADO,2024,February,107.134014756,68.11529358,39.01872117599999,2024-02-01
EL DORADO,2024,March,109.47034097900001,67.29928268,42.171058299,2024-03-01
EL DORADO,2024,April,97.79447003,63.19164177,34.60282826,2024-04-01
EL DORADO,2024,May,104.051194577,56.7970031,47.254191477000006,2024-05-01
EL DORADO,2024,June,102.493841895,61.46257862,41.031263275,2024-06-01
EL DORADO,2024,July,131.570594893,90.42851091,41.142083983000006,2024-07-01
EL DORADO,2024,August,153.120573558,88.84703671,64.27353684799999,2024-08-01
EL DORADO,2024,September,115.46452185299998,66.342086,49.12243585299999,2024-09-01
EL DORADO,2024,October,112.622019049,61.50627747,51.115741579,2024-10-01
EL DORADO,2024,November,81.156069753,48.0025953,33.153474452999994,2024-11-01
EL DORADO,2024,December,112.549837957,70.88919849,41.66063946700001,2024-12-01
FRESNO,2008,January,537.368084418,215.694795,321.6732894179999,2008-01-01
FRESNO,2008,February,448.416654143,167.7346349,280.682019243,2008-02-01
FRESNO,2008,March,467.69153728599997,160.8619656,306.829571686,2008-03-01
FRESNO,2008,April,475.202809403,146.7899981,328.41281130300007,2008-04-01
FRESNO,2008,May,543.314924377,161.7040617,381.610862677,2008-05-01
FRESNO,2008,June,609.384970205,207.5339067,401.851063505,2008-06-01
FRESNO,2008,July,801.413202584,323.2745489,478.138653684,2008-07-01
FRESNO,2008,August,776.7110391990001,316.4284395,460.28259969899995,2008-08-01
FRESNO,2008,September,778.275682455,300.9301243,477.345558155,2008-09-01
FRESNO,2008,October,649.09526752,215.7140561,433.38121142,2008-10-01
FRESNO,2008,November,440.79399313799996,131.1544318,309.639561338,2008-11-01
FRESNO,2008,December,548.1365455929999,201.2095382,346.927007393,2008-12-01
FRESNO,2009,January,472.522326024,196.3610594,276.161266624,2009-01-01
FRESNO,2009,February,435.282211175,165.8017387,269.480472475,2009-02-01
FRESNO,2009,March,472.556587151,166.6554894,305.901097751,2009-03-01
FRESNO,2009,April,504.539676367,160.1745184,344.3651579670001,2009-04-01
FRESNO,2009,May,518.229237509,167.8072427,350.42199480899995,2009-05-01
FRESNO,2009,June,670.4139298069999,233.5031327,436.91079710699995,2009-06-01
FRESNO,2009,July,789.953028672,318.497287,471.45574167200004,2009-07-01
FRESNO,2009,August,787.5674403950001,327.2634632,460.3039771950001,2009-08-01
FRESNO,2009,September,744.709924368,300.4547274,444.255196968,2009-09-01
FRESNO,2009,October,629.398824937,221.2858439,408.1129810370001,2009-10-01
FRESNO,2009,November,466.833650923,148.4312221,318.402428823,2009-11-01
FRESNO,2009,December,541.571985328,206.4998514,335.07213392799997,2009-12-01
FRESNO,2010,January,460.477691264,196.9626982,263.514993064,2010-01-01
FRESNO,2010,February,439.969455109,166.8973225,273.072132609,2010-02-01
FRESNO,2010,March,474.749353666,173.8183992,300.93095446599995,2010-03-01
FRESNO,2010,April,495.693639588,164.8605906,330.833048988,2010-04-01
FRESNO,2010,May,467.940777775,151.2547739,316.686003875,2010-05-01
FRESNO,2010,June,593.623868257,197.7472746,395.876593657,2010-06-01
FRESNO,2010,July,729.057337312,295.9038592,433.153478112,2010-07-01
FRESNO,2010,August,795.369686551,331.7144065,463.65528005100003,2010-08-01
FRESNO,2010,September,715.655240034,274.6061374,441.04910263400006,2010-09-01
FRESNO,2010,October,641.3748006870001,223.3756001,417.999200587,2010-10-01
FRESNO,2010,November,484.808148437,152.9074307,331.900717737,2010-11-01
FRESNO,2010,December,560.016321123,212.2729281,347.743393023,2010-12-01
FRESNO,2011,January,452.513257833,188.3001103,264.21314753300004,2011-01-01
FRESNO,2011,February,439.99618888,168.184971,271.81121788,2011-02-01
FRESNO,2011,March,517.210233111,193.4751282,323.735104911,2011-03-01
FRESNO,2011,April,436.400157614,151.705306,284.694851614,2011-04-01
FRESNO,2011,May,506.106625574,159.1169967,346.98962887399995,2011-05-01
FRESNO,2011,June,573.841638485,193.1947299,380.646908585,2011-06-01
FRESNO,2011,July,709.2043946370001,297.1620882,412.042306437,2011-07-01
FRESNO,2011,August,796.60042061,329.7244786,466.87594201,2011-08-01
FRESNO,2011,September,766.986085423,315.1235585,451.862526923,2011-09-01
FRESNO,2011,October,623.048055402,225.06422,397.98383540199995,2011-10-01
FRESNO,2011,November,492.883660479,164.4412815,328.442378979,2011-11-01
FRESNO,2011,December,520.567322762,200.1942084,320.37311436199997,2011-12-01
FRESNO,2012,January,517.146485494,209.2044755,307.942009994,2012-01-01
FRESNO,2012,February,484.813251106,172.6669082,312.14634290600003,2012-02-01
FRESNO,2012,March,501.531492893,175.9085358,325.622957093,2012-03-01
FRESNO,2012,April,461.132539134,152.2620101,308.870529034,2012-04-01
FRESNO,2012,May,571.62689965,191.188492,380.43840765,2012-05-01
FRESNO,2012,June,657.928251144,230.3118531,427.616398044,2012-06-01
FRESNO,2012,July,780.259771742,298.4341422,481.825629542,2012-07-01
FRESNO,2012,August,878.1461137870001,371.6686083,506.47750548700003,2012-08-01
FRESNO,2012,September,765.618274322,307.535056,458.083218322,2012-09-01
FRESNO,2012,October,709.465203165,249.7320404,459.73316276500003,2012-10-01
FRESNO,2012,November,512.743058841,159.208861,353.53419784100004,2012-11-01
FRESNO,2012,December,489.668248535,180.6906665,308.97758203499995,2012-12-01
FRESNO,2013,January,524.6889960569999,215.590801,309.098195057,2013-01-01
FRESNO,2013,February,464.76663487,171.357007,293.40962786999995,2013-02-01
FRESNO,2013,March,496.778184095,172.6998952,324.07828889499996,2013-03-01
FRESNO,2013,April,498.81238059,146.3580761,352.45430449,2013-04-01
FRESNO,2013,May,622.076441047,195.2968125,426.779628547,2013-05-01
FRESNO,2013,June,684.712462604,238.1198874,446.592575204,2013-06-01
FRESNO,2013,July,875.0538506529999,352.2669458,522.786904853,2013-07-01
FRESNO,2013,August,857.872999354,342.5281612,515.3448381540001,2013-08-01
FRESNO,2013,September,782.601502182,303.2822378,479.31926438200003,2013-09-01
FRESNO,2013,October,634.511366474,203.8668764,430.64449007400003,2013-10-01
FRESNO,2013,November,487.636781015,142.3206162,345.316164815,2013-11-01
FRESNO,2013,December,530.3624679330001,198.907236,331.455231933,2013-12-01
FRESNO,2014,January,522.370922435,198.3655115,324.005410935,2014-01-01
FRESNO,2014,February,464.373999852,160.1875765,304.186423352,2014-02-01
FRESNO,2014,March,480.703164996,156.1975642,324.505600796,2014-03-01
FRESNO,2014,April,516.608606422,152.8184492,363.790157222,2014-04-01
FRESNO,2014,May,590.321734772,175.2960633,415.025671472,2014-05-01
FRESNO,2014,June,718.726423931,248.3892406,470.337183331,2014-06-01
FRESNO,2014,July,891.198141866,346.8987222,544.2994196660001,2014-07-01
FRESNO,2014,August,873.550418292,360.5485386,513.001879692,2014-08-01
FRESNO,2014,September,833.983511675,313.3970976,520.586414075,2014-09-01
FRESNO,2014,October,717.981511917,241.1785077,476.80300421699997,2014-10-01
FRESNO,2014,November,476.025364766,145.2757581,330.749606666,2014-11-01
FRESNO,2014,December,525.639634843,180.1914357,345.448199143,2014-12-01
FRESNO,2015,January,489.342246376,192.5415086,296.800737776,2015-01-01
FRESNO,2015,February,449.78644254899996,157.4962564,292.290186149,2015-02-01
FRESNO,2015,March,527.200808371,163.8925632,363.308245171,2015-03-01
FRESNO,2015,April,542.92359821,149.715583,393.20801521,2015-04-01
FRESNO,2015,May,558.468616403,163.8006741,394.667942303,2015-05-01
FRESNO,2015,June,730.2852497609999,231.5571532,498.728096561,2015-06-01
FRESNO,2015,July,906.976037284,356.5539536,550.4220836840001,2015-07-01
FRESNO,2015,August,833.95102335,322.099402,511.85162134999996,2015-08-01
FRESNO,2015,September,813.679498816,307.0165129,506.66298591599997,2015-09-01
FRESNO,2015,October,705.805480407,231.271994,474.53348640699994,2015-10-01
FRESNO,2015,November,507.45805423,156.1549894,351.30306483000004,2015-11-01
FRESNO,2015,December,527.156856579,202.0015273,325.155329279,2015-12-01
FRESNO,2016,January,492.043302965,199.1038139,292.93948906500003,2016-01-01
FRESNO,2016,February,446.597030722,161.6643785,284.932652222,2016-02-01
FRESNO,2016,March,520.076603643,165.8701837,354.206419943,2016-03-01
FRESNO,2016,April,498.342333748,143.300504,355.04182974800005,2016-04-01
FRESNO,2016,May,565.191074904,162.3718329,402.819242004,2016-05-01
FRESNO,2016,June,752.906850376,255.9717256,496.935124776,2016-06-01
FRESNO,2016,July,838.31284163,325.4653526,512.84748903,2016-07-01
FRESNO,2016,August,933.1704652259999,370.4558258,562.7146394260001,2016-08-01
FRESNO,2016,September,803.441790008,290.4297027,513.012087308,2016-09-01
FRESNO,2016,October,626.702196376,196.8478608,429.854335576,2016-10-01
FRESNO,2016,November,489.555180167,149.4991111,340.056069067,2016-11-01
FRESNO,2016,December,532.728273841,183.3331685,349.39510534100003,2016-12-01
FRESNO,2017,January,514.591387647,199.6532845,314.938103147,2017-01-01
FRESNO,2017,February,430.872200939,161.7096657,269.162535239,2017-02-01
FRESNO,2017,March,505.85021787799997,176.4379365,329.412281378,2017-03-01
FRESNO,2017,April,444.887502196,141.6432821,303.24422009600005,2017-04-01
FRESNO,2017,May,544.541267664,167.1690403,377.372227364,2017-05-01
FRESNO,2017,June,688.5773652,251.3845339,437.1928313,2017-06-01
FRESNO,2017,July,838.6795159950001,356.7256879,481.95382809499995,2017-07-01
FRESNO,2017,August,925.657296589,404.5740872,521.083209389,2017-08-01
FRESNO,2017,September,813.781893999,346.6706139,467.11128009899994,2017-09-01
FRESNO,2017,October,593.075400036,193.1532652,399.92213483600005,2017-10-01
FRESNO,2017,November,482.280388874,146.9703045,335.31008437400004,2017-11-01
FRESNO,2017,December,494.222161993,178.9575966,315.264565393,2017-12-01
FRESNO,2018,January,507.78309262100004,189.589075,318.194017621,2018-01-01
FRESNO,2018,February,468.13057285400004,159.3030679,308.827504954,2018-02-01
FRESNO,2018,March,510.185109894,175.6673233,334.5177865939999,2018-03-01
FRESNO,2018,April,489.31793962300003,152.3028959,337.015043723,2018-04-01
FRESNO,2018,May,582.2647405250001,173.0479917,409.216748825,2018-05-01
FRESNO,2018,June,690.730379827,226.0321455,464.69823432699997,2018-06-01
FRESNO,2018,July,857.083299236,343.4888003,513.594498936,2018-07-01
FRESNO,2018,August,953.11489316,411.7203608,541.3945323600001,2018-08-01
FRESNO,2018,September,743.2733228540001,285.9846921,457.28863075400005,2018-09-01
FRESNO,2018,October,674.615122287,211.3232107,463.291911587,2018-10-01
FRESNO,2018,November,501.582786941,150.1100092,351.47277774099996,2018-11-01
FRESNO,2018,December,473.421062492,176.8411064,296.579956092,2018-12-01
FRESNO,2019,January,508.906937194,203.9455196,304.96141759399995,2019-01-01
FRESNO,2019,February,425.59677917600004,163.6611578,261.93562137600003,2019-02-01
FRESNO,2019,March,479.365074247,178.7417227,300.62335154699997,2019-03-01
FRESNO,2019,April,473.23025627,147.5357109,325.69454536999996,2019-04-01
FRESNO,2019,May,558.794463797,174.5876205,384.20684329700003,2019-05-01
FRESNO,2019,June,595.796799315,229.4676185,366.329180815,2019-06-01
FRESNO,2019,July,823.491076296,324.2155278,499.27554849599994,2019-07-01
FRESNO,2019,August,894.228199539,379.4816673,514.746532239,2019-08-01
FRESNO,2019,September,797.006459896,325.8077105,471.198749396,2019-09-01
FRESNO,2019,October,645.916862194,206.0688389,439.848023294,2019-10-01
FRESNO,2019,November,471.320920242,136.2121074,335.108812842,2019-11-01
FRESNO,2019,December,539.100466814,187.1495142,351.95095261399996,2019-12-01
FRESNO,2020,January,508.20776945399996,205.4444125,302.76335695399996,2020-01-01
FRESNO,2020,February,459.639774592,170.550103,289.08967159199995,2020-02-01
FRESNO,2020,March,505.33760185899996,168.1171389,337.22046295900003,2020-03-01
FRESNO,2020,April,481.528124868,169.9063516,311.621773268,2020-04-01
FRESNO,2020,May,561.895702356,197.096855,364.79884735600007,2020-05-01
FRESNO,2020,June,748.008450953,273.132096,474.876354953,2020-06-01
FRESNO,2020,July,934.709347282,378.7100077,555.9993395820001,2020-07-01
FRESNO,2020,August,923.489762093,389.1770614,534.312700693,2020-08-01
FRESNO,2020,September,881.342975735,370.3811091,510.96186663500004,2020-09-01
FRESNO,2020,October,710.581021984,263.7036264,446.877395584,2020-10-01
FRESNO,2020,November,501.097592691,171.7150581,329.3825345910001,2020-11-01
FRESNO,2020,December,543.085377007,214.0457802,329.03959680700007,2020-12-01
FRESNO,2021,January,510.623644585,208.5894355,302.034209085,2021-01-01
FRESNO,2021,February,457.302836497,177.4771515,279.825684997,2021-02-01
FRESNO,2021,March,554.241300665,187.9963625,366.24493816500006,2021-03-01
FRESNO,2021,April,538.2844911889999,166.3844088,371.900082389,2021-04-01
FRESNO,2021,May,619.409661181,191.0880804,428.32158078099997,2021-05-01
FRESNO,2021,June,824.0561303169999,285.3735657,538.682564617,2021-06-01
FRESNO,2021,July,965.692522699,408.9293933,556.763129399,2021-07-01
FRESNO,2021,August,1030.492750282,434.398666,596.094084282,2021-08-01
FRESNO,2021,September,887.956561333,354.0186559,533.937905433,2021-09-01
FRESNO,2021,October,677.753801533,225.4021498,452.35165173300004,2021-10-01
FRESNO,2021,November,511.67400953,145.8790292,365.79498033,2021-11-01
FRESNO,2021,December,555.666737956,205.7668717,349.89986625599994,2021-12-01
FRESNO,2022,January,488.507148831,203.5899151,284.917233731,2022-01-01
FRESNO,2022,February,484.064688887,177.9188917,306.145797187,2022-02-01
FRESNO,2022,March,577.568307361,189.9650133,387.603294061,2022-03-01
FRESNO,2022,April,559.861668221,166.9041595,392.95750872099995,2022-04-01
FRESNO,2022,May,617.37808618,180.2452006,437.13288558,2022-05-01
FRESNO,2022,June,796.738467325,269.8004276,526.9380397250001,2022-06-01
FRESNO,2022,July,912.983986579,362.1879394,550.796047179,2022-07-01
FRESNO,2022,August,1043.156312527,441.4540668,601.7022457269999,2022-08-01
FRESNO,2022,September,941.978061638,396.9307957,545.047265938,2022-09-01
FRESNO,2022,October,730.955968083,252.0113104,478.94465768300006,2022-10-01
FRESNO,2022,November,540.684258039,176.2126555,364.471602539,2022-11-01
FRESNO,2022,December,518.569709049,197.6987575,320.87095154900004,2022-12-01
FRESNO,2023,January,515.185037433,221.092236,294.092801433,2023-01-01
FRESNO,2023,February,451.742728888,184.5445398,267.198189088,2023-02-01
FRESNO,2023,March,525.283530968,211.5856971,313.697833868,2023-03-01
FRESNO,2023,April,481.249292412,178.4462437,302.80304871199996,2023-04-01
FRESNO,2023,May,583.109406616,197.7795832,385.32982341599995,2023-05-01
FRESNO,2023,June,686.4305244589999,250.6004959,435.83002855899997,2023-06-01
FRESNO,2023,July,787.112085619,332.9453781,454.166707519,2023-07-01
FRESNO,2023,August,943.6554763710001,432.9231098,510.732366571,2023-08-01
FRESNO,2023,September,772.699734021,320.4019486,452.29778542099996,2023-09-01
FRESNO,2023,October,644.530295175,228.7324496,415.797845575,2023-10-01
FRESNO,2023,November,509.620424962,165.8202253,343.800199662,2023-11-01
FRESNO,2023,December,494.42655135,186.3147624,308.11178895000006,2023-12-01
FRESNO,2024,January,540.610161386,219.0609382,321.549223186,2024-01-01
FRESNO,2024,February,489.345539896,189.7818321,299.563707796,2024-02-01
FRESNO,2024,March,502.497006268,188.7708313,313.726174968,2024-03-01
FRESNO,2024,April,513.832801765,175.9092892,337.92351256499995,2024-04-01
FRESNO,2024,May,604.075859068,203.3734087,400.70245036800003,2024-05-01
FRESNO,2024,June,712.787712348,275.7636463,437.024066048,2024-06-01
FRESNO,2024,July,1015.30688986,450.2471177,565.05977216,2024-07-01
FRESNO,2024,August,1010.256884225,448.9093481,561.347536125,2024-08-01
FRESNO,2024,September,824.957290356,330.3843375,494.57295285600003,2024-09-01
FRESNO,2024,October,741.266703435,285.6375606,455.62914283500004,2024-10-01
FRESNO,2024,November,490.390916004,158.9438567,331.447059304,2024-11-01
FRESNO,2024,December,522.945353378,206.5996799,316.34567347800004,2024-12-01
GLENN,2008,January,24.657196872,8.3162756,16.340921272,2008-01-01
GLENN,2008,February,21.586714974000003,6.793319589,14.793395385,2008-02-01
GLENN,2008,March,20.443441711000002,6.370643374,14.072798337,2008-03-01
GLENN,2008,April,21.786595385000002,5.815630031,15.970965354000002,2008-04-01
GLENN,2008,May,25.87499237,6.220915133,19.654077237,2008-05-01
GLENN,2008,June,30.125019050000002,7.45734171,22.667677339999997,2008-06-01
GLENN,2008,July,36.93813743,11.03468353,25.9034539,2008-07-01
GLENN,2008,August,35.426676974,9.928183424,25.498493550000003,2008-08-01
GLENN,2008,September,33.90476693,10.07050151,23.83426542,2008-09-01
GLENN,2008,October,30.586757239999997,7.143122372,23.443634868,2008-10-01
GLENN,2008,November,22.14597058,4.964957886,17.181012694000003,2008-11-01
GLENN,2008,December,24.409953443,7.895076361,16.514877081999998,2008-12-01
GLENN,2009,January,17.185413176,7.66271001,9.522703166,2009-01-01
GLENN,2009,February,19.378657137999998,6.334027856,13.044629281999999,2009-02-01
GLENN,2009,March,17.626982547,6.769896689,10.857085858,2009-03-01
GLENN,2009,April,20.050255645,6.267654402,13.782601243,2009-04-01
GLENN,2009,May,21.132740533,5.945650768,15.187089765000001,2009-05-01
GLENN,2009,June,30.041109619,8.324518744,21.716590875,2009-06-01
GLENN,2009,July,34.107878319,10.68972724,23.418151078999998,2009-07-01
GLENN,2009,August,33.333223583999995,10.63125983,22.701963753999998,2009-08-01
GLENN,2009,September,31.654128059,9.461230927,22.192897132,2009-09-01
GLENN,2009,October,30.443288613,7.570241887,22.873046726,2009-10-01
GLENN,2009,November,20.953385722,5.287822112,15.665563610000001,2009-11-01
GLENN,2009,December,26.91779881,8.48339103,18.43440778,2009-12-01
GLENN,2010,January,18.303618778,7.171490228,11.13212855,2010-01-01
GLENN,2010,February,19.672184924,7.020185361,12.651999563000002,2010-02-01
GLENN,2010,March,18.107764942,6.938745299,11.169019643,2010-03-01
GLENN,2010,April,18.642575894,6.484049007,12.158526886999999,2010-04-01
GLENN,2010,May,17.316177417,5.470730655,11.845446762,2010-05-01
GLENN,2010,June,26.766163679,6.94188565,19.824278029,2010-06-01
GLENN,2010,July,35.694697601,10.17480522,25.519892381000002,2010-07-01
GLENN,2010,August,36.226725885,10.66534573,25.561380155000002,2010-08-01
GLENN,2010,September,27.665515632,8.879414024,18.786101608000003,2010-09-01
GLENN,2010,October,28.083044093999998,6.821920218,21.261123876,2010-10-01
GLENN,2010,November,25.573050550999998,6.155999941,19.41705061,2010-11-01
GLENN,2010,December,23.487013185,8.241652406,15.245360779000002,2010-12-01
GLENN,2011,January,18.642807884,7.513843997,11.128963887,2011-01-01
GLENN,2011,February,19.839846849,6.833466551,13.006380298,2011-02-01
GLENN,2011,March,20.364309603,7.465022785,12.899286818,2011-03-01
GLENN,2011,April,17.978903550000002,6.090868374,11.888035176,2011-04-01
GLENN,2011,May,22.378190942,5.90567352,16.472517422000003,2011-05-01
GLENN,2011,June,27.5205984,6.684436202,20.836162197999997,2011-06-01
GLENN,2011,July,30.015577053,9.408512251,20.607064802,2011-07-01
GLENN,2011,August,35.245956813999996,11.24032681,24.005630003999997,2011-08-01
GLENN,2011,September,31.007016563,9.888162157,21.118854406,2011-09-01
GLENN,2011,October,26.5492524,7.06958717,19.479665230000002,2011-10-01
GLENN,2011,November,23.196520568,5.986165683,17.210354885,2011-11-01
GLENN,2011,December,20.469006013,7.563151612,12.905854401,2011-12-01
GLENN,2012,January,20.088043327,8.007532017,12.08051131,2012-01-01
GLENN,2012,February,18.154945182,6.909799562,11.24514562,2012-02-01
GLENN,2012,March,18.771475194,6.896102906,11.875372288,2012-03-01
GLENN,2012,April,15.084084697,6.097037103,8.987047594,2012-04-01
GLENN,2012,May,22.102349099999998,6.699804812,15.402544287999998,2012-05-01
GLENN,2012,June,28.735976215,7.864312997,20.871663218000002,2012-06-01
GLENN,2012,July,34.547164880000004,9.660908961,24.886255918999996,2012-07-01
GLENN,2012,August,38.356185537,12.08388309,26.272302447,2012-08-01
GLENN,2012,September,30.632716723,8.874038258,21.758678464999996,2012-09-01
GLENN,2012,October,31.451384982,7.835547368,23.615837614,2012-10-01
GLENN,2012,November,25.761180933,5.749238724,20.011942209,2012-11-01
GLENN,2012,December,21.860147857,6.779122418,15.081025439,2012-12-01
GLENN,2013,January,23.297120268,8.852923234,14.444197033999998,2013-01-01
GLENN,2013,February,19.143740167,6.643684136,12.500056031,2013-02-01
GLENN,2013,March,20.104771076000002,6.596959943,13.507811132999999,2013-03-01
GLENN,2013,April,21.414215391,5.443989893,15.970225498,2013-04-01
GLENN,2013,May,28.921484847,6.719407833,22.202077014,2013-05-01
GLENN,2013,June,33.189201465000004,8.148514318,25.040687147,2013-06-01
GLENN,2013,July,42.245795124,11.0184088,31.227386323999998,2013-07-01
GLENN,2013,August,39.160302323,10.66650075,28.493801573,2013-08-01
GLENN,2013,September,33.09788948400001,8.76886668,24.329022804,2013-09-01
GLENN,2013,October,33.693109803,6.945591425,26.747518378,2013-10-01
GLENN,2013,November,26.731189012999998,5.060558515,21.670630498,2013-11-01
GLENN,2013,December,28.43956481,7.7977161,20.641848709999998,2013-12-01
GLENN,2014,January,27.986098301000002,7.522628962,20.463469339,2014-01-01
GLENN,2014,February,23.293393808,5.977868445,17.315525362999995,2014-02-01
GLENN,2014,March,22.799788284999998,6.110296449,16.689491836,2014-03-01
GLENN,2014,April,23.761524953,5.741898959,18.019625994000002,2014-04-01
GLENN,2014,May,28.877339672999998,5.93543179,22.941907882999995,2014-05-01
GLENN,2014,June,36.480966177,8.634386766,27.846579411,2014-06-01
GLENN,2014,July,46.186568421000004,11.26832816,34.91824026100001,2014-07-01
GLENN,2014,August,41.034781353999996,10.85247366,30.182307694000006,2014-08-01
GLENN,2014,September,39.897723783,9.422071967,30.475651816000003,2014-09-01
GLENN,2014,October,35.218343742,7.631516831,27.586826911,2014-10-01
GLENN,2014,November,28.4438987,4.967026095,23.476872605,2014-11-01
GLENN,2014,December,26.26916677,6.868131226,19.401035544,2014-12-01
GLENN,2015,January,24.81207318,7.306029075,17.506044104999997,2015-01-01
GLENN,2015,February,23.147477436,5.903328261,17.244149175,2015-02-01
GLENN,2015,March,24.602328402999998,5.917543596,18.684784807,2015-03-01
GLENN,2015,April,26.641550549999998,5.365714592,21.275835958,2015-04-01
GLENN,2015,May,26.652926895,5.756637129,20.896289766,2015-05-01
GLENN,2015,June,38.147731109,7.847890452,30.299840656999997,2015-06-01
GLENN,2015,July,47.30245064,12.02393869,35.278511949999995,2015-07-01
GLENN,2015,August,41.25838503600001,9.6055954,31.652789636,2015-08-01
GLENN,2015,September,38.952819575,9.143302554,29.809517021,2015-09-01
GLENN,2015,October,35.454848138,7.357681917,28.097166221,2015-10-01
GLENN,2015,November,28.009831120999998,5.298270526,22.711560594999998,2015-11-01
GLENN,2015,December,27.461992174,7.667943187,19.794048986999996,2015-12-01
GLENN,2016,January,23.187834613,7.497411533,15.690423079999999,2016-01-01
GLENN,2016,February,22.345868103,6.010629407,16.335238696,2016-02-01
GLENN,2016,March,22.535740404,6.583030808,15.952709596,2016-03-01
GLENN,2016,April,22.055002219,5.164785917,16.890216302,2016-04-01
GLENN,2016,May,27.689158499999998,5.646799557,22.042358942999996,2016-05-01
GLENN,2016,June,38.094140253,8.738118013,29.35602224,2016-06-01
GLENN,2016,July,39.971332957,10.02791209,29.943420866999997,2016-07-01
GLENN,2016,August,43.04973973,11.20189567,31.847844059999996,2016-08-01
GLENN,2016,September,37.958727128999996,9.103111828,28.855615300999997,2016-09-01
GLENN,2016,October,32.920997719999995,6.428502438,26.492495282,2016-10-01
GLENN,2016,November,26.884983891999997,5.153890033,21.731093859,2016-11-01
GLENN,2016,December,25.916982336,7.242343883,18.674638452999996,2016-12-01
GLENN,2017,January,26.009398062000002,7.826561851,18.182836210999998,2017-01-01
GLENN,2017,February,23.516062491,6.226508392,17.289554098999997,2017-02-01
GLENN,2017,March,24.623817557,6.942302233,17.681515324,2017-03-01
GLENN,2017,April,22.600779793,5.148962548,17.451817245000004,2017-04-01
GLENN,2017,May,28.540055745,5.937692595,22.60236315,2017-05-01
GLENN,2017,June,36.520060777000005,8.337335011,28.182725766000004,2017-06-01
GLENN,2017,July,42.407571763,11.16331514,31.244256623,2017-07-01
GLENN,2017,August,48.575874991,12.77424998,35.801625011,2017-08-01
GLENN,2017,September,40.517300836,10.22457834,30.292722496,2017-09-01
GLENN,2017,October,36.627399739,6.713874393,29.913525346,2017-10-01
GLENN,2017,November,28.839387701,5.21713263,23.622255071,2017-11-01
GLENN,2017,December,28.355215735,6.834978262,21.520237472999998,2017-12-01
GLENN,2018,January,27.065045398,6.973032083,20.092013315000003,2018-01-01
GLENN,2018,February,26.772045288,5.959019017,20.813026271,2018-02-01
GLENN,2018,March,29.192880969,6.864939924,22.327941045000003,2018-03-01
GLENN,2018,April,25.663334154999998,5.432476884,20.230857271,2018-04-01
GLENN,2018,May,32.7790276,6.19975176,26.579275839999998,2018-05-01
GLENN,2018,June,39.845830988,7.795090273,32.050740715,2018-06-01
GLENN,2018,July,45.813163365,11.01543254,34.79773082500001,2018-07-01
GLENN,2018,August,46.392669379,12.24376854,34.148900839,2018-08-01
GLENN,2018,September,37.090798823,8.17951073,28.911288093,2018-09-01
GLENN,2018,October,37.339431233,6.594846868,30.744584365,2018-10-01
GLENN,2018,November,27.359464254000002,5.202899762,22.156564492,2018-11-01
GLENN,2018,December,25.54475296,6.913572899,18.631180061000002,2018-12-01
GLENN,2019,January,28.035504335000002,8.006957197,20.028547138,2019-01-01
GLENN,2019,February,23.802045155000002,6.21473217,17.587312984999997,2019-02-01
GLENN,2019,March,24.580354877,7.165746213,17.414608664,2019-03-01
GLENN,2019,April,25.001869844999998,5.683565259,19.318304586,2019-04-01
GLENN,2019,May,29.504811157,6.165858033,23.338953123999996,2019-05-01
GLENN,2019,June,28.437323108,7.608073466,20.829249642,2019-06-01
GLENN,2019,July,44.057674841,10.60051594,33.45715890099999,2019-07-01
GLENN,2019,August,45.028099006000005,11.57338487,33.45471413600001,2019-08-01
GLENN,2019,September,40.154532184,9.839379151,30.315153033,2019-09-01
GLENN,2019,October,38.965403641,7.193530736,31.771872905,2019-10-01
GLENN,2019,November,29.490662485,4.76072829,24.729934195000006,2019-11-01
GLENN,2019,December,30.239684386,6.863733677,23.375950709000005,2019-12-01
GLENN,2020,January,27.013346052,8.022064965,18.991281086999997,2020-01-01
GLENN,2020,February,25.778191155000002,6.451028864,19.327162291,2020-02-01
GLENN,2020,March,26.903277291000002,6.32382477,20.579452521,2020-03-01
GLENN,2020,April,28.302887298999998,6.471374333,21.831512966000002,2020-04-01
GLENN,2020,May,31.533148435,6.531903944,25.001244490999998,2020-05-01
GLENN,2020,June,40.250480135,8.992114543,31.258365592,2020-06-01
GLENN,2020,July,48.027624491,12.69529285,35.332331641,2020-07-01
GLENN,2020,August,46.432602924,11.94382339,34.488779533999995,2020-08-01
GLENN,2020,September,41.639045810999995,11.32542918,30.313616631,2020-09-01
GLENN,2020,October,38.604213048,8.6037252,30.000487848,2020-10-01
GLENN,2020,November,32.635928365,5.941055482,26.694872883000002,2020-11-01
GLENN,2020,December,33.184746832,7.990229265,25.194517567,2020-12-01
GLENN,2021,January,26.622103333000002,7.631492232,18.990611101000002,2021-01-01
GLENN,2021,February,26.756960171,6.678942791,20.078017379999995,2021-02-01
GLENN,2021,March,29.843172852000002,7.411436573,22.431736278999995,2021-03-01
GLENN,2021,April,35.632566469,6.020354793,29.612211676,2021-04-01
GLENN,2021,May,38.065770545,6.818219269,31.247551275999996,2021-05-01
GLENN,2021,June,51.20626502,9.678746937,41.527518083000004,2021-06-01
GLENN,2021,July,54.694233018,12.59072715,42.103505868,2021-07-01
GLENN,2021,August,54.402895273,12.72086995,41.682025323,2021-08-01
GLENN,2021,September,49.448085929,10.74190695,38.706178979,2021-09-01
GLENN,2021,October,43.045026658,7.193416979,35.851609679,2021-10-01
GLENN,2021,November,34.094305218,5.180065101,28.914240117,2021-11-01
GLENN,2021,December,32.756726426,7.408238709,25.348487717,2021-12-01
GLENN,2022,January,30.92257456,7.981995017,22.940579543000005,2022-01-01
GLENN,2022,February,26.85412636,6.176618705,20.677507655,2022-02-01
GLENN,2022,March,35.380231746,6.913486048,28.466745698000004,2022-03-01
GLENN,2022,April,34.859876989,5.31210963,29.547767358999998,2022-04-01
GLENN,2022,May,40.944164606,5.919339618,35.024824988,2022-05-01
GLENN,2022,June,56.884986577,8.798898768,48.086087809000006,2022-06-01
GLENN,2022,July,50.012085041,10.70030808,39.311776961,2022-07-01
GLENN,2022,August,57.482184114,13.14283843,44.339345684,2022-08-01
GLENN,2022,September,53.701200138,11.74957483,41.951625308,2022-09-01
GLENN,2022,October,42.805815475,7.077407396,35.728408079,2022-10-01
GLENN,2022,November,31.318700684,5.568051097,25.750649587,2022-11-01
GLENN,2022,December,28.98998765,7.366470297,21.623517353,2022-12-01
GLENN,2023,January,33.170230764,8.069111475,25.101119289,2023-01-01
GLENN,2023,February,25.590208693,6.505340164,19.084868529,2023-02-01
GLENN,2023,March,27.774751709,8.002215383,19.772536326000004,2023-03-01
GLENN,2023,April,26.780121107,6.355110215,20.425010892,2023-04-01
GLENN,2023,May,28.498142504,6.274369146,22.223773358,2023-05-01
GLENN,2023,June,38.253743345,8.166629119,30.087114226,2023-06-01
GLENN,2023,July,43.362097545,10.01373029,33.348367255,2023-07-01
GLENN,2023,August,48.387499696,12.66868029,35.718819405999994,2023-08-01
GLENN,2023,September,41.036668382,9.437246411,31.599421971,2023-09-01
GLENN,2023,October,36.29028151,6.649867816,29.640413694,2023-10-01
GLENN,2023,November,29.046650298000003,5.065673394,23.980976904000002,2023-11-01
GLENN,2023,December,27.143824448,6.511533647,20.632290801000003,2023-12-01
GLENN,2024,January,28.306823234,7.893074838,20.413748396,2024-01-01
GLENN,2024,February,26.928876247,6.725456591,20.203419656,2024-02-01
GLENN,2024,March,25.899012503999998,6.892955026,19.006057478000002,2024-03-01
GLENN,2024,April,29.097108789,6.054631796,23.042476993,2024-04-01
GLENN,2024,May,32.186921594000005,6.524047206,25.662874388000002,2024-05-01
GLENN,2024,June,41.974791131,8.704852702,33.26993842900001,2024-06-01
GLENN,2024,July,53.902666294999996,13.56709894,40.335567355,2024-07-01
GLENN,2024,August,49.54933576,12.28635513,37.262980629999994,2024-08-01
GLENN,2024,September,42.281673662,9.119109567,33.162564095,2024-09-01
GLENN,2024,October,35.733544007,7.940628323,27.792915684,2024-10-01
GLENN,2024,November,30.869700114,5.106263852,25.763436261999995,2024-11-01
GLENN,2024,December,26.466909587,7.022280283,19.444629304,2024-12-01
HUMBOLDT,2008,January,96.909174013,45.59269917,51.316474843,2008-01-01
HUMBOLDT,2008,February,89.418266165,38.03206482,51.386201344999996,2008-02-01
HUMBOLDT,2008,March,91.51411561,39.09172497,52.42239064,2008-03-01
HUMBOLDT,2008,April,89.410757862,37.74237815,51.668379712000004,2008-04-01
HUMBOLDT,2008,May,75.80233443,34.97388181,40.82845262000001,2008-05-01
HUMBOLDT,2008,June,79.75401576,34.58504964,45.16896612,2008-06-01
HUMBOLDT,2008,July,86.79153710499999,34.14387915,52.647657955,2008-07-01
HUMBOLDT,2008,August,82.908631685,30.9699002,51.938731485,2008-08-01
HUMBOLDT,2008,September,86.474866831,33.07017745,53.404689381,2008-09-01
HUMBOLDT,2008,October,81.709892789,35.60473328,46.105159509,2008-10-01
HUMBOLDT,2008,November,65.233825831,31.25020075,33.983625081,2008-11-01
HUMBOLDT,2008,December,82.551326965,45.08471716,37.466609805,2008-12-01
HUMBOLDT,2009,January,81.059925521,42.73395251,38.325973011,2009-01-01
HUMBOLDT,2009,February,75.156309751,38.07093226,37.085377491,2009-02-01
HUMBOLDT,2009,March,77.936267476,41.14959151,36.786675966,2009-03-01
HUMBOLDT,2009,April,79.978795186,41.10370161,38.875093576,2009-04-01
HUMBOLDT,2009,May,66.660294238,34.79646355,31.863830687999997,2009-05-01
HUMBOLDT,2009,June,74.80803667299999,37.60791758,37.200119093,2009-06-01
HUMBOLDT,2009,July,74.96615188199999,35.97428729,38.991864592,2009-07-01
HUMBOLDT,2009,August,72.55472926300001,34.3023505,38.252378763,2009-08-01
HUMBOLDT,2009,September,74.664753504,35.19208805,39.472665454,2009-09-01
HUMBOLDT,2009,October,73.301767191,36.98903337,36.312733820999995,2009-10-01
HUMBOLDT,2009,November,67.484861383,34.97409026,32.510771123,2009-11-01
HUMBOLDT,2009,December,86.69542976999999,48.97180684,37.72362293,2009-12-01
HUMBOLDT,2010,January,74.091475335,41.22050378,32.870971555000004,2010-01-01
HUMBOLDT,2010,February,75.070849927,39.34636875,35.72448117699999,2010-02-01
HUMBOLDT,2010,March,83.347150826,44.62258648,38.724564345999994,2010-03-01
HUMBOLDT,2010,April,81.434069218,43.17202815,38.262041068,2010-04-01
HUMBOLDT,2010,May,73.096152252,36.96386628,36.13228597199999,2010-05-01
HUMBOLDT,2010,June,78.071917061,40.36970856,37.702208500999994,2010-06-01
HUMBOLDT,2010,July,73.121603868,36.31053826,36.81106560799999,2010-07-01
HUMBOLDT,2010,August,75.56271046399999,37.0260765,38.536633964,2010-08-01
HUMBOLDT,2010,September,75.390620242,37.03173785,38.358882392000005,2010-09-01
HUMBOLDT,2010,October,73.405612398,36.35517997,37.050432428,2010-10-01
HUMBOLDT,2010,November,72.55186674400001,37.48199169,35.069875054,2010-11-01
HUMBOLDT,2010,December,89.663698948,48.88269449,40.781004458000005,2010-12-01
HUMBOLDT,2011,January,76.30947001300001,42.10492459,34.204545423,2011-01-01
HUMBOLDT,2011,February,74.022778202,39.22691264,34.795865562,2011-02-01
HUMBOLDT,2011,March,88.145486151,48.03325546,40.11223069099999,2011-03-01
HUMBOLDT,2011,April,76.493898042,40.09129619,36.402601852,2011-04-01
HUMBOLDT,2011,May,75.388104232,39.48060125,35.907502982,2011-05-01
HUMBOLDT,2011,June,77.146404373,40.61753347,36.528870903,2011-06-01
HUMBOLDT,2011,July,69.23854572600001,34.54114192,34.697403806000004,2011-07-01
HUMBOLDT,2011,August,76.306004022,37.44325369,38.86275033199999,2011-08-01
HUMBOLDT,2011,September,72.684739291,35.35890325,37.325836040999995,2011-09-01
HUMBOLDT,2011,October,74.094703772,36.44252803,37.65217574200001,2011-10-01
HUMBOLDT,2011,November,71.946911237,37.1984695,34.748441737,2011-11-01
HUMBOLDT,2011,December,81.67742189699999,45.60328893,36.074132967,2011-12-01
HUMBOLDT,2012,January,82.06249140599999,46.05445577,36.008035635999995,2012-01-01
HUMBOLDT,2012,February,76.984810937,41.51709493,35.46771600700001,2012-02-01
HUMBOLDT,2012,March,83.051834558,44.80895494,38.242879617999996,2012-03-01
HUMBOLDT,2012,April,73.887139874,40.03250224,33.85463763400001,2012-04-01
HUMBOLDT,2012,May,78.734225043,40.99393064,37.740294403,2012-05-01
HUMBOLDT,2012,June,72.413821289,36.60807092,35.805750369,2012-06-01
HUMBOLDT,2012,July,71.07315651,35.05875832,36.01439819,2012-07-01
HUMBOLDT,2012,August,73.940208166,36.43440877,37.505799396,2012-08-01
HUMBOLDT,2012,September,67.550720724,32.82291615,34.727804574,2012-09-01
HUMBOLDT,2012,October,73.48179816300001,35.51361218,37.968185983000005,2012-10-01
HUMBOLDT,2012,November,70.268578958,35.89890014,34.369678818,2012-11-01
HUMBOLDT,2012,December,74.36873385,39.8214813,34.54725255,2012-12-01
HUMBOLDT,2013,January,84.170207551,47.27832418,36.89188337099999,2013-01-01
HUMBOLDT,2013,February,73.194175826,38.40296543,34.791210396,2013-02-01
HUMBOLDT,2013,March,79.19713339900001,42.62987496,36.567258439,2013-03-01
HUMBOLDT,2013,April,72.519636765,36.80382426,35.715812505,2013-04-01
HUMBOLDT,2013,May,76.148083095,37.7543366,38.393746495,2013-05-01
HUMBOLDT,2013,June,69.901110612,33.55740991,36.343700702,2013-06-01
HUMBOLDT,2013,July,73.043062562,33.19675969,39.846302871999995,2013-07-01
HUMBOLDT,2013,August,71.819653698,32.89541675,38.924236947999994,2013-08-01
HUMBOLDT,2013,September,68.020786515,29.77433742,38.246449095,2013-09-01
HUMBOLDT,2013,October,73.80447478399999,34.82563996,38.978834823999996,2013-10-01
HUMBOLDT,2013,November,67.036981234,32.02154038,35.015440854000005,2013-11-01
HUMBOLDT,2013,December,80.321906279,42.78857345,37.533332828999995,2013-12-01
HUMBOLDT,2014,January,77.332129767,40.95723305,36.374896717,2014-01-01
HUMBOLDT,2014,February,69.694538275,34.71393258,34.980605695,2014-02-01
HUMBOLDT,2014,March,71.099687831,36.12756233,34.972125501,2014-03-01
HUMBOLDT,2014,April,70.103780808,34.42598919,35.677791618,2014-04-01
HUMBOLDT,2014,May,70.598743173,32.8573673,37.741375873,2014-05-01
HUMBOLDT,2014,June,67.482344025,30.78762296,36.694721065,2014-06-01
HUMBOLDT,2014,July,73.648036851,31.77818233,41.86985452100001,2014-07-01
HUMBOLDT,2014,August,65.602443556,29.16296253,36.439481025999996,2014-08-01
HUMBOLDT,2014,September,67.792509815,28.23423031,39.558279505,2014-09-01
HUMBOLDT,2014,October,73.152735939,32.23961655,40.913119389,2014-10-01
HUMBOLDT,2014,November,57.179358791999995,27.43055867,29.748800122,2014-11-01
HUMBOLDT,2014,December,74.586170598,37.05796088,37.528209718,2014-12-01
HUMBOLDT,2015,January,75.619791464,37.2334531,38.386338364,2015-01-01
HUMBOLDT,2015,February,63.515786335,31.03993703,32.475849305,2015-02-01
HUMBOLDT,2015,March,71.653685979,35.81856853,35.835117448999995,2015-03-01
HUMBOLDT,2015,April,68.59004261,33.28483933,35.30520328,2015-04-01
HUMBOLDT,2015,May,65.273258912,31.81675861,33.456500302,2015-05-01
HUMBOLDT,2015,June,69.116584104,31.56930167,37.547282434,2015-06-01
HUMBOLDT,2015,July,69.815227384,31.54154031,38.273687074,2015-07-01
HUMBOLDT,2015,August,63.293180888,27.10471135,36.18846953799999,2015-08-01
HUMBOLDT,2015,September,67.184071179,29.59094969,37.593121489,2015-09-01
HUMBOLDT,2015,October,67.328189031,31.07336077,36.25482826099999,2015-10-01
HUMBOLDT,2015,November,61.794431309000004,28.43291071,33.361520599,2015-11-01
HUMBOLDT,2015,December,78.800693662,41.27093202,37.529761642,2015-12-01
HUMBOLDT,2016,January,74.407531046,39.1735021,35.234028946,2016-01-01
HUMBOLDT,2016,February,69.35754085,33.08921051,36.268330340000006,2016-02-01
HUMBOLDT,2016,March,79.06025648800001,39.47960303,39.58065345799999,2016-03-01
HUMBOLDT,2016,April,67.487784853,32.43204195,35.055742903,2016-04-01
HUMBOLDT,2016,May,69.574222507,32.43432955,37.139892957,2016-05-01
HUMBOLDT,2016,June,70.511691958,32.97473192,37.536960038,2016-06-01
HUMBOLDT,2016,July,65.806513519,29.39502454,36.411488979000005,2016-07-01
HUMBOLDT,2016,August,69.23018998,30.49077515,38.739414829999994,2016-08-01
HUMBOLDT,2016,September,65.611630532,29.50397367,36.107656862,2016-09-01
HUMBOLDT,2016,October,64.499262756,29.64994083,34.849321926,2016-10-01
HUMBOLDT,2016,November,61.964447815,30.86839576,31.096052055,2016-11-01
HUMBOLDT,2016,December,75.221082987,38.69071372,36.530369267000005,2016-12-01
HUMBOLDT,2017,January,80.44614007599999,40.46821891,39.977921166,2017-01-01
HUMBOLDT,2017,February,66.906448212,33.49415661,33.412291601999996,2017-02-01
HUMBOLDT,2017,March,79.468375681,40.60479438,38.863581300999996,2017-03-01
HUMBOLDT,2017,April,64.77649269099999,32.35980606,32.416686631,2017-04-01
HUMBOLDT,2017,May,68.63681694499999,33.70835543,34.928461514999995,2017-05-01
HUMBOLDT,2017,June,65.732956416,32.26867538,33.464281035999996,2017-06-01
HUMBOLDT,2017,July,59.336025981,27.60226594,31.733760040999996,2017-07-01
HUMBOLDT,2017,August,71.916034292,30.44292258,41.473111712000005,2017-08-01
HUMBOLDT,2017,September,61.720116888,27.08439579,34.635721098,2017-09-01
HUMBOLDT,2017,October,65.558663626,29.73843151,35.820232116,2017-10-01
HUMBOLDT,2017,November,63.050856163,30.8694172,32.181438963000005,2017-11-01
HUMBOLDT,2017,December,72.498932443,36.12119224,36.377740203,2017-12-01
HUMBOLDT,2018,January,72.06692292,35.90135462,36.165568300000004,2018-01-01
HUMBOLDT,2018,February,65.566116455,31.75032353,33.815792925000004,2018-02-01
HUMBOLDT,2018,March,75.637086134,37.9160128,37.721073334,2018-03-01
HUMBOLDT,2018,April,65.65882345200001,31.48611448,34.172708972,2018-04-01
HUMBOLDT,2018,May,69.47310163300001,33.14366959,36.329432043,2018-05-01
HUMBOLDT,2018,June,64.115371346,29.11491114,35.000460206,2018-06-01
HUMBOLDT,2018,July,62.531401101,27.31135761,35.220043491,2018-07-01
HUMBOLDT,2018,August,61.118938936999996,27.85218034,33.26675859699999,2018-08-01
HUMBOLDT,2018,September,59.205875104,25.87530721,33.330567894,2018-09-01
HUMBOLDT,2018,October,68.67359338199999,28.3489557,40.324637681999995,2018-10-01
HUMBOLDT,2018,November,62.691502766,28.46859333,34.222909435999995,2018-11-01
HUMBOLDT,2018,December,68.00502812799999,33.09934311,34.90568501800001,2018-12-01
HUMBOLDT,2019,January,73.377238395,37.11022966,36.267008735000005,2019-01-01
HUMBOLDT,2019,February,62.282264857,30.28614611,31.996118747,2019-02-01
HUMBOLDT,2019,March,70.296327529,35.83783785,34.458489679,2019-03-01
HUMBOLDT,2019,April,65.267349986,30.81308414,34.454265846,2019-04-01
HUMBOLDT,2019,May,67.026326443,31.23196916,35.794357283000004,2019-05-01
HUMBOLDT,2019,June,61.464885642,27.93507119,33.529814452000004,2019-06-01
HUMBOLDT,2019,July,64.181135393,27.29860743,36.882527963,2019-07-01
HUMBOLDT,2019,August,63.944589916999995,26.03129271,37.913297207,2019-08-01
HUMBOLDT,2019,September,61.720752954,25.24615745,36.47459550399999,2019-09-01
HUMBOLDT,2019,October,64.917730985,28.65765055,36.260080435,2019-10-01
HUMBOLDT,2019,November,56.04789118,24.09304101,31.954850169999993,2019-11-01
HUMBOLDT,2019,December,73.862893713,34.33341513,39.52947858299999,2019-12-01
HUMBOLDT,2020,January,74.705427494,37.08540253,37.620024963999995,2020-01-01
HUMBOLDT,2020,February,63.757070631000005,30.20416273,33.552907901000005,2020-02-01
HUMBOLDT,2020,March,71.11358677800001,34.52398526,36.589601517999995,2020-03-01
HUMBOLDT,2020,April,64.825877129,33.37623145,31.449645679000003,2020-04-01
HUMBOLDT,2020,May,60.329096787000005,29.74015312,30.588943667000002,2020-05-01
HUMBOLDT,2020,June,65.023201118,30.52294104,34.500260078,2020-06-01
HUMBOLDT,2020,July,65.893556214,29.31445522,36.579100994,2020-07-01
HUMBOLDT,2020,August,62.671625942000006,27.68026578,34.99136016200001,2020-08-01
HUMBOLDT,2020,September,64.28637140000001,28.3420612,35.944310200000004,2020-09-01
HUMBOLDT,2020,October,65.126428744,29.47622728,35.650201464000006,2020-10-01
HUMBOLDT,2020,November,60.300438614,28.55491749,31.745521123999996,2020-11-01
HUMBOLDT,2020,December,78.99518045399999,41.01512131,37.98005914400001,2020-12-01
HUMBOLDT,2021,January,71.098043879,36.70231951,34.395724369,2021-01-01
HUMBOLDT,2021,February,65.53522538099999,32.72265502,32.812570361,2021-02-01
HUMBOLDT,2021,March,80.786933301,40.12266588,40.664267421,2021-03-01
HUMBOLDT,2021,April,68.810239268,33.37872592,35.431513347999996,2021-04-01
HUMBOLDT,2021,May,61.506940906000004,29.0802544,32.426686505999996,2021-05-01
HUMBOLDT,2021,June,67.979671911,30.65098841,37.328683501,2021-06-01
HUMBOLDT,2021,July,63.854692408999995,27.81285721,36.04183519899999,2021-07-01
HUMBOLDT,2021,August,64.615130011,28.12950568,36.485624331000004,2021-08-01
HUMBOLDT,2021,September,62.654005739,27.25538121,35.398624529,2021-09-01
HUMBOLDT,2021,October,61.633704378000004,27.7118431,33.921861277999994,2021-10-01
HUMBOLDT,2021,November,60.343534315,27.8678546,32.475679715,2021-11-01
HUMBOLDT,2021,December,76.044734108,37.76407681,38.280657298,2021-12-01
HUMBOLDT,2022,January,67.964282543,33.54598557,34.418296973,2022-01-01
HUMBOLDT,2022,February,63.726166936999995,31.37339234,32.352774597,2022-02-01
HUMBOLDT,2022,March,75.959866209,37.17172543,38.788140778999995,2022-03-01
HUMBOLDT,2022,April,62.846628452,29.96618208,32.880446372,2022-04-01
HUMBOLDT,2022,May,63.759838345,29.87973252,33.880105824999994,2022-05-01
HUMBOLDT,2022,June,63.214729821000006,27.41308533,35.801644491,2022-06-01
HUMBOLDT,2022,July,59.180878196,25.11473313,34.066145066,2022-07-01
HUMBOLDT,2022,August,63.448781632,26.51321344,36.935568192,2022-08-01
HUMBOLDT,2022,September,59.764821524,24.7583359,35.006485624,2022-09-01
HUMBOLDT,2022,October,59.04915194899999,23.93568409,35.11346785899999,2022-10-01
HUMBOLDT,2022,November,59.588407509999996,26.86345879,32.72494872,2022-11-01
HUMBOLDT,2022,December,69.246349856,34.50571566,34.740634196,2022-12-01
HUMBOLDT,2023,January,62.861288803,31.75920228,31.102086523000004,2023-01-01
HUMBOLDT,2023,February,59.581670738999996,28.16439638,31.417274359,2023-02-01
HUMBOLDT,2023,March,71.573359121,35.66851802,35.904841100999995,2023-03-01
HUMBOLDT,2023,April,61.136149875,29.60937289,31.526776984999998,2023-04-01
HUMBOLDT,2023,May,61.087633088000004,28.03510856,33.052524528,2023-05-01
HUMBOLDT,2023,June,58.315944788,25.49690103,32.819043758,2023-06-01
HUMBOLDT,2023,July,56.055449901,23.74143878,32.314011121,2023-07-01
HUMBOLDT,2023,August,60.491086348,24.51994321,35.971143137999995,2023-08-01
HUMBOLDT,2023,September,52.954901878,22.46905733,30.485844548,2023-09-01
HUMBOLDT,2023,October,56.674212952999994,24.09944207,32.574770883,2023-10-01
HUMBOLDT,2023,November,53.668786383,23.94865131,29.720135072999998,2023-11-01
HUMBOLDT,2023,December,63.642986902000004,29.01641095,34.626575951999996,2023-12-01
HUMBOLDT,2024,January,68.03934571500001,32.61083501,35.42851070500001,2024-01-01
HUMBOLDT,2024,February,61.416553348,28.09142901,33.325124338,2024-02-01
HUMBOLDT,2024,March,64.70920314600001,29.68541059,35.023792556000004,2024-03-01
HUMBOLDT,2024,April,63.670995718,28.24260868,35.428387038000004,2024-04-01
HUMBOLDT,2024,May,60.536502429,26.25463085,34.281871579000004,2024-05-01
HUMBOLDT,2024,June,53.207674132,22.24154846,30.966125671999997,2024-06-01
HUMBOLDT,2024,July,59.550039690999995,24.33679424,35.21324545099999,2024-07-01
HUMBOLDT,2024,August,58.441041702999996,23.39325453,35.047787172999996,2024-08-01
HUMBOLDT,2024,September,53.471602809000004,21.8986558,31.572947008999996,2024-09-01
HUMBOLDT,2024,October,56.076727976,23.61301021,32.463717765999995,2024-10-01
HUMBOLDT,2024,November,52.082565437,22.69824279,29.384322647,2024-11-01
HUMBOLDT,2024,December,63.763316796,30.85159697,32.911719826,2024-12-01
IMPERIAL,2008,January,111.167871734,33.74864309,77.41922864399999,2008-01-01
IMPERIAL,2008,February,84.994529996,22.4398437,62.55468629600001,2008-02-01
IMPERIAL,2008,March,89.590896057,21.95651439,67.634381667,2008-03-01
IMPERIAL,2008,April,92.937434138,22.78659677,70.15083736800001,2008-04-01
IMPERIAL,2008,May,103.403055178,30.6367794,72.76627577800001,2008-05-01
IMPERIAL,2008,June,131.602267033,46.38890796,85.21335907299999,2008-06-01
IMPERIAL,2008,July,175.083929724,77.52421218,97.559717544,2008-07-01
IMPERIAL,2008,August,172.612635746,72.29345112,100.319184626,2008-08-01
IMPERIAL,2008,September,166.48726091,69.67528836,96.81197255,2008-09-01
IMPERIAL,2008,October,134.058347247,49.61316129,84.44518595699999,2008-10-01
IMPERIAL,2008,November,102.587607798,29.56582778,73.021780018,2008-11-01
IMPERIAL,2008,December,99.74465322,25.45975216,74.28490106,2008-12-01
IMPERIAL,2009,January,105.017812909,29.84949279,75.16832011900001,2009-01-01
IMPERIAL,2009,February,84.353050939,23.73603782,60.617013119000006,2009-02-01
IMPERIAL,2009,March,91.946359242,22.18541545,69.76094379199999,2009-03-01
IMPERIAL,2009,April,85.900093337,22.54150609,63.358587246999996,2009-04-01
IMPERIAL,2009,May,113.239083457,38.82729605,74.411787407,2009-05-01
IMPERIAL,2009,June,134.298820383,51.89066518,82.408155203,2009-06-01
IMPERIAL,2009,July,168.745315269,75.0372443,93.708070969,2009-07-01
IMPERIAL,2009,August,167.041034007,76.57301277,90.468021237,2009-08-01
IMPERIAL,2009,September,165.791221482,73.49443847,92.29678301199999,2009-09-01
IMPERIAL,2009,October,123.506478964,45.3795741,78.12690486400001,2009-10-01
IMPERIAL,2009,November,94.852391185,28.05646916,66.79592202500001,2009-11-01
IMPERIAL,2009,December,92.205838912,26.40919042,65.796648492,2009-12-01
IMPERIAL,2010,January,92.755623078,28.41507096,64.340552118,2010-01-01
IMPERIAL,2010,February,90.22598456,23.98960693,66.23637762999999,2010-02-01
IMPERIAL,2010,March,86.073160538,22.12458818,63.94857235799999,2010-03-01
IMPERIAL,2010,April,86.819906032,22.26638839,64.553517642,2010-04-01
IMPERIAL,2010,May,102.477058774,29.83439854,72.64266023400002,2010-05-01
IMPERIAL,2010,June,129.815560758,48.81993877,80.995621988,2010-06-01
IMPERIAL,2010,July,166.25343461,73.30424914,92.94918547,2010-07-01
IMPERIAL,2010,August,159.57728636000002,72.3810569,87.19622946,2010-08-01
IMPERIAL,2010,September,169.334989411,73.66288079,95.672108621,2010-09-01
IMPERIAL,2010,October,121.039035253,47.45747868,73.581556573,2010-10-01
IMPERIAL,2010,November,94.832116005,28.32522511,66.506890895,2010-11-01
IMPERIAL,2010,December,93.931462699,27.13298217,66.798480529,2010-12-01
IMPERIAL,2011,January,96.203719046,29.04890632,67.154812726,2011-01-01
IMPERIAL,2011,February,90.52363214900001,24.0470004,66.476631749,2011-02-01
IMPERIAL,2011,March,91.684102495,23.26986304,68.41423945500001,2011-03-01
IMPERIAL,2011,April,93.142069661,25.09370234,68.048367321,2011-04-01
IMPERIAL,2011,May,110.367726341,31.22487877,79.142847571,2011-05-01
IMPERIAL,2011,June,116.422190309,43.94940629,72.472784019,2011-06-01
IMPERIAL,2011,July,157.67172349,69.44126295,88.23046054,2011-07-01
IMPERIAL,2011,August,176.315677895,81.70800684,94.60767105500001,2011-08-01
IMPERIAL,2011,September,175.078801007,78.29627128,96.782529727,2011-09-01
IMPERIAL,2011,October,132.28041261799999,49.5192737,82.761138918,2011-10-01
IMPERIAL,2011,November,94.701757152,30.60923422,64.09252293200001,2011-11-01
IMPERIAL,2011,December,95.158472667,27.52092098,67.63755168700001,2011-12-01
IMPERIAL,2012,January,92.08603818200001,28.97144378,63.11459440200001,2012-01-01
IMPERIAL,2012,February,90.513603921,24.2219929,66.29161102100001,2012-02-01
IMPERIAL,2012,March,91.28867457,22.6957854,68.59288917,2012-03-01
IMPERIAL,2012,April,91.268140954,24.59283692,66.675304034,2012-04-01
IMPERIAL,2012,May,116.869050337,41.12954485,75.739505487,2012-05-01
IMPERIAL,2012,June,146.838679098,58.05476968,88.783909418,2012-06-01
IMPERIAL,2012,July,166.793824864,73.79770005,92.996124814,2012-07-01
IMPERIAL,2012,August,170.045070187,78.17290428,91.87216590700001,2012-08-01
IMPERIAL,2012,September,174.410672646,77.49668156,96.913991086,2012-09-01
IMPERIAL,2012,October,137.051693747,54.40530377,82.646389977,2012-10-01
IMPERIAL,2012,November,98.085140686,29.81815383,68.266986856,2012-11-01
IMPERIAL,2012,December,94.45343131199999,25.78619894,68.667232372,2012-12-01
IMPERIAL,2013,January,95.842287459,31.31111353,64.531173929,2013-01-01
IMPERIAL,2013,February,78.919958702,21.97839503,56.941563672,2013-02-01
IMPERIAL,2013,March,92.142718759,24.38673588,67.755982879,2013-03-01
IMPERIAL,2013,April,99.14148370699999,27.96216573,71.17931797700001,2013-04-01
IMPERIAL,2013,May,114.261824675,40.20847372,74.053350955,2013-05-01
IMPERIAL,2013,June,145.263704682,57.31684178,87.94686290199999,2013-06-01
IMPERIAL,2013,July,182.22782991399998,82.46546451,99.76236540400001,2013-07-01
IMPERIAL,2013,August,176.90534167500002,78.56557471,98.33976696500001,2013-08-01
IMPERIAL,2013,September,152.092996589,65.87393843,86.219058159,2013-09-01
IMPERIAL,2013,October,130.162771076,47.99475479,82.16801628600001,2013-10-01
IMPERIAL,2013,November,82.822546305,23.23348291,59.58906339500001,2013-11-01
IMPERIAL,2013,December,99.765251797,28.86172879,70.903523007,2013-12-01
IMPERIAL,2014,January,89.974883737,27.50782267,62.467061066999996,2014-01-01
IMPERIAL,2014,February,81.355969476,20.6011066,60.754862876,2014-02-01
IMPERIAL,2014,March,90.78246751500001,21.48052124,69.301946275,2014-03-01
IMPERIAL,2014,April,99.953024623,28.3359263,71.617098323,2014-04-01
IMPERIAL,2014,May,106.38923395900001,33.75689023,72.632343729,2014-05-01
IMPERIAL,2014,June,151.637650172,61.49379435,90.143855822,2014-06-01
IMPERIAL,2014,July,176.127032659,81.09710526,95.029927399,2014-07-01
IMPERIAL,2014,August,160.841958602,74.3236885,86.51827010199999,2014-08-01
IMPERIAL,2014,September,157.19913911,70.65331371,86.5458254,2014-09-01
IMPERIAL,2014,October,140.922715545,58.37664146,82.546074085,2014-10-01
IMPERIAL,2014,November,88.631441682,29.2802212,59.351220481999995,2014-11-01
IMPERIAL,2014,December,101.30791958500001,28.80695545,72.50096413499999,2014-12-01
IMPERIAL,2015,January,88.397261568,28.84340917,59.553852398000004,2015-01-01
IMPERIAL,2015,February,82.986446717,21.74924931,61.237197407,2015-02-01
IMPERIAL,2015,March,87.479073258,23.86660949,63.612463768,2015-03-01
IMPERIAL,2015,April,101.986219632,30.05549875,71.93072088199999,2015-04-01
IMPERIAL,2015,May,105.977480739,35.30264105,70.674839689,2015-05-01
IMPERIAL,2015,June,130.90675507,51.93450412,78.97225094999999,2015-06-01
IMPERIAL,2015,July,163.521045452,73.24945316,90.27159229200001,2015-07-01
IMPERIAL,2015,August,165.800986182,77.21083649,88.590149692,2015-08-01
IMPERIAL,2015,September,168.775102779,77.48010766,91.294995119,2015-09-01
IMPERIAL,2015,October,132.31743003,54.37380936,77.94362066999999,2015-10-01
IMPERIAL,2015,November,102.781228493,33.65587335,69.12535514300001,2015-11-01
IMPERIAL,2015,December,86.25959761,25.71496358,60.544634030000005,2015-12-01
IMPERIAL,2016,January,90.08841456900001,29.67681044,60.411604129,2016-01-01
IMPERIAL,2016,February,87.265993856,23.50081398,63.765179876000005,2016-02-01
IMPERIAL,2016,March,87.18792679100001,23.29245629,63.895470501,2016-03-01
IMPERIAL,2016,April,95.051236836,28.02466685,67.026569986,2016-04-01
IMPERIAL,2016,May,106.973104337,34.05119967,72.92190466699999,2016-05-01
IMPERIAL,2016,June,138.84143236900002,56.36613258,82.475299789,2016-06-01
IMPERIAL,2016,July,170.14276612,79.42699837,90.71576775000001,2016-07-01
IMPERIAL,2016,August,179.87690727,85.68779078,94.18911648999999,2016-08-01
IMPERIAL,2016,September,160.76766288000002,73.69658753,87.07107535,2016-09-01
IMPERIAL,2016,October,122.61240191499999,47.13188663,75.480515285,2016-10-01
IMPERIAL,2016,November,106.11220063100001,35.97614361,70.13605702100001,2016-11-01
IMPERIAL,2016,December,93.43305502,26.79593138,66.63712364,2016-12-01
IMPERIAL,2017,January,90.687150927,32.92511636,57.762034567,2017-01-01
IMPERIAL,2017,February,79.965662943,26.27163142,53.69403152300001,2017-02-01
IMPERIAL,2017,March,86.76618283799999,28.35649336,58.40968947799999,2017-03-01
IMPERIAL,2017,April,95.823846605,34.89418518,60.929661425000006,2017-04-01
IMPERIAL,2017,May,112.50506948499999,44.85242684,67.652642645,2017-05-01
IMPERIAL,2017,June,140.605143921,65.07694805,75.52819587100001,2017-06-01
IMPERIAL,2017,July,186.42853003000002,95.1476707,91.28085933,2017-07-01
IMPERIAL,2017,August,178.627751444,94.43837902,84.18937242399998,2017-08-01
IMPERIAL,2017,September,163.427093721,83.48159657,79.945497151,2017-09-01
IMPERIAL,2017,October,123.057855345,53.67220379,69.385651555,2017-10-01
IMPERIAL,2017,November,98.812543041,37.55634831,61.256194731,2017-11-01
IMPERIAL,2017,December,85.967781507,29.59694415,56.370837357,2017-12-01
IMPERIAL,2018,January,94.01037568,31.31977121,62.69060447,2018-01-01
IMPERIAL,2018,February,76.948849483,25.35979027,51.589059213,2018-02-01
IMPERIAL,2018,March,86.867722169,26.06984444,60.79787772899999,2018-03-01
IMPERIAL,2018,April,94.620356817,33.50855199,61.11180482700001,2018-04-01
IMPERIAL,2018,May,112.619282106,45.2045524,67.41472970599999,2018-05-01
IMPERIAL,2018,June,146.781663153,67.21062851,79.57103464300002,2018-06-01
IMPERIAL,2018,July,161.637308192,85.28515654,76.352151652,2018-07-01
IMPERIAL,2018,August,192.472267267,102.46143,90.010837267,2018-08-01
IMPERIAL,2018,September,176.668586809,90.82837503,85.84021177900001,2018-09-01
IMPERIAL,2018,October,137.36245889,62.77548283,74.58697606,2018-10-01
IMPERIAL,2018,November,99.30895797299999,36.06672163,63.242236343,2018-11-01
IMPERIAL,2018,December,83.32896353,28.32149334,55.00747019000001,2018-12-01
IMPERIAL,2019,January,90.663204828,32.43290965,58.230295178000006,2019-01-01
IMPERIAL,2019,February,84.43064128500001,26.57476268,57.85587860500001,2019-02-01
IMPERIAL,2019,March,85.598847973,25.70347264,59.895375333000004,2019-03-01
IMPERIAL,2019,April,90.409070433,28.9139725,61.495097933,2019-04-01
IMPERIAL,2019,May,109.889397944,40.11249941,69.776898534,2019-05-01
IMPERIAL,2019,June,128.538603178,53.32687703,75.211726148,2019-06-01
IMPERIAL,2019,July,161.28331044700002,78.93297884,82.35033160700002,2019-07-01
IMPERIAL,2019,August,177.668502983,90.50844308,87.16005990299999,2019-08-01
IMPERIAL,2019,September,181.08711673,88.53480544,92.55231129,2019-09-01
IMPERIAL,2019,October,119.424906241,50.40533261,69.019573631,2019-10-01
IMPERIAL,2019,November,91.240028903,30.27234231,60.967686592999996,2019-11-01
IMPERIAL,2019,December,91.247104749,29.77618905,61.470915699,2019-12-01
IMPERIAL,2020,January,94.023843576,32.57343722,61.450406356,2020-01-01
IMPERIAL,2020,February,86.984733579,26.81292847,60.171805109000005,2020-02-01
IMPERIAL,2020,March,90.91674089,24.80156006,66.11518083,2020-03-01
IMPERIAL,2020,April,83.204481286,26.93308743,56.27139385600001,2020-04-01
IMPERIAL,2020,May,121.74679077900001,54.13827418,67.608516599,2020-05-01
IMPERIAL,2020,June,142.34643556700001,67.46430496,74.882130607,2020-06-01
IMPERIAL,2020,July,168.22308308499998,87.43056016,80.792522925,2020-07-01
IMPERIAL,2020,August,181.11140294999998,97.20830749,83.90309546,2020-08-01
IMPERIAL,2020,September,179.786258735,95.16376631,84.62249242499999,2020-09-01
IMPERIAL,2020,October,143.914660116,66.45578084,77.458879276,2020-10-01
IMPERIAL,2020,November,102.7517552,37.76706653,64.98468867,2020-11-01
IMPERIAL,2020,December,85.648333139,31.99396309,53.654370049,2020-12-01
IMPERIAL,2021,January,90.052738234,30.63967166,59.413066574,2021-01-01
IMPERIAL,2021,February,82.25069354700001,25.21191423,57.038779317000014,2021-02-01
IMPERIAL,2021,March,84.613783849,24.46663584,60.147148009,2021-03-01
IMPERIAL,2021,April,98.185336303,32.65500917,65.530327133,2021-04-01
IMPERIAL,2021,May,119.702567456,43.53196293,76.17060452599999,2021-05-01
IMPERIAL,2021,June,149.46651421299998,65.52961802,83.936896193,2021-06-01
IMPERIAL,2021,July,186.90306644999998,91.81051237,95.09255408,2021-07-01
IMPERIAL,2021,August,183.88653176100001,90.11476645,93.771765311,2021-08-01
IMPERIAL,2021,September,176.78927512299998,84.58856707,92.200708053,2021-09-01
IMPERIAL,2021,October,126.534621794,50.06815392,76.466467874,2021-10-01
IMPERIAL,2021,November,98.824287676,31.97202302,66.852264656,2021-11-01
IMPERIAL,2021,December,80.968614915,28.30796038,52.660654535000006,2021-12-01
IMPERIAL,2022,January,91.185011,29.3592087,61.82580229999999,2022-01-01
IMPERIAL,2022,February,86.710088192,25.0649393,61.645148892,2022-02-01
IMPERIAL,2022,March,89.153025082,25.64325237,63.509772712,2022-03-01
IMPERIAL,2022,April,98.424555739,32.08648921,66.338066529,2022-04-01
IMPERIAL,2022,May,119.018166194,42.8075968,76.210569394,2022-05-01
IMPERIAL,2022,June,149.833829899,66.39176491,83.442064989,2022-06-01
IMPERIAL,2022,July,182.353426235,87.73481054,94.61861569499999,2022-07-01
IMPERIAL,2022,August,188.53323906,91.36811941,97.16511965,2022-08-01
IMPERIAL,2022,September,183.918752573,87.91756132,96.00119125299999,2022-09-01
IMPERIAL,2022,October,147.711602733,63.57344822,84.13815451300002,2022-10-01
IMPERIAL,2022,November,98.853960625,32.86059694,65.993363685,2022-11-01
IMPERIAL,2022,December,89.292183245,27.95863769,61.333545555,2022-12-01
IMPERIAL,2023,January,87.628196256,30.74225352,56.885942736,2023-01-01
IMPERIAL,2023,February,85.632363419,27.8171799,57.81518351900001,2023-02-01
IMPERIAL,2023,March,85.28167547,27.23521147,58.046464,2023-03-01
IMPERIAL,2023,April,90.797769879,29.29887523,61.498894649,2023-04-01
IMPERIAL,2023,May,114.131511362,45.09699664,69.034514722,2023-05-01
IMPERIAL,2023,June,135.789288642,59.4685278,76.320760842,2023-06-01
IMPERIAL,2023,July,170.739532832,87.1678492,83.571683632,2023-07-01
IMPERIAL,2023,August,186.71359000500001,97.62472116,89.08886884500001,2023-08-01
IMPERIAL,2023,September,171.937519815,84.63505612,87.302463695,2023-09-01
IMPERIAL,2023,October,129.070210493,56.59089681,72.479313683,2023-10-01
IMPERIAL,2023,November,96.44873643300001,35.48886995,60.959866483,2023-11-01
IMPERIAL,2023,December,85.324804988,28.21029971,57.114505277999996,2023-12-01
IMPERIAL,2024,January,89.23123529600001,31.58015934,57.65107595599999,2024-01-01
IMPERIAL,2024,February,84.083110664,27.61390679,56.469203873999994,2024-02-01
IMPERIAL,2024,March,86.07125784099999,26.39355349,59.677704350999996,2024-03-01
IMPERIAL,2024,April,93.058207878,29.98967699,63.068530888000005,2024-04-01
IMPERIAL,2024,May,113.092274222,45.38763204,67.70464218199999,2024-05-01
IMPERIAL,2024,June,146.730383398,68.15482994,78.57555345800002,2024-06-01
IMPERIAL,2024,July,208.641201202,109.6638373,98.977363902,2024-07-01
IMPERIAL,2024,August,196.27357752,103.0243628,93.24921471999998,2024-08-01
IMPERIAL,2024,September,183.262834451,92.24241857,91.020415881,2024-09-01
IMPERIAL,2024,October,161.960393025,68.83515424,93.12523878499998,2024-10-01
IMPERIAL,2024,November,97.710778119,36.21295888,61.497819239,2024-11-01
IMPERIAL,2024,December,87.603142382,28.7383816,58.864760782,2024-12-01
INYO,2008,January,17.935666655,5.353748004,12.581918650999999,2008-01-01
INYO,2008,February,17.384621704,5.077830291,12.306791413000001,2008-02-01
INYO,2008,March,16.786491717,4.443399516,12.343092201,2008-03-01
INYO,2008,April,16.87989644,4.264499688,12.615396752,2008-04-01
INYO,2008,May,16.766548571999998,3.903745403,12.862803169,2008-05-01
INYO,2008,June,17.677464376000003,4.305630896,13.37183348,2008-06-01
INYO,2008,July,18.659640427,4.718862751,13.940777676000002,2008-07-01
INYO,2008,August,18.582243897,4.750873974,13.831369923,2008-08-01
INYO,2008,September,18.238029785,4.541561532,13.696468252999999,2008-09-01
INYO,2008,October,17.31895357,4.360338078,12.958615491999998,2008-10-01
INYO,2008,November,16.556797587,4.28004379,12.276753796999998,2008-11-01
INYO,2008,December,16.859442064,4.813771462,12.045670602,2008-12-01
INYO,2009,January,19.409548338,5.563590434,13.845957903999999,2009-01-01
INYO,2009,February,18.885322382000002,5.280875785,13.604446597,2009-02-01
INYO,2009,March,18.170993436,4.838072091,13.332921345000003,2009-03-01
INYO,2009,April,18.263221937,4.427701139,13.835520798000003,2009-04-01
INYO,2009,May,18.962654251,4.486275372,14.476378879,2009-05-01
INYO,2009,June,18.980030597,4.519316588,14.460714009,2009-06-01
INYO,2009,July,20.311110917,4.918360844,15.392750072999998,2009-07-01
INYO,2009,August,20.22170542,4.977156762,15.244548658000001,2009-08-01
INYO,2009,September,19.845881754,4.693740237,15.152141517000002,2009-09-01
INYO,2009,October,19.070238654,4.593896284,14.476342370000003,2009-10-01
INYO,2009,November,18.282111222999998,4.565206073,13.716905149999999,2009-11-01
INYO,2009,December,18.918472446000003,5.317738235,13.600734211,2009-12-01
INYO,2010,January,19.405682132,5.659749692,13.745932439999999,2010-01-01
INYO,2010,February,18.854922071999997,5.305059158,13.549862914,2010-02-01
INYO,2010,March,17.988801988,4.734071054,13.254730934,2010-03-01
INYO,2010,April,17.809146062,4.32197896,13.487167102,2010-04-01
INYO,2010,May,18.141730843,4.348840958,13.792889885000001,2010-05-01
INYO,2010,June,18.784077128,4.48797622,14.296100908000001,2010-06-01
INYO,2010,July,20.32903389,5.018974801,15.310059089,2010-07-01
INYO,2010,August,19.989032684,4.945880436,15.043152248,2010-08-01
INYO,2010,September,19.486413808,4.591885762,14.894528046,2010-09-01
INYO,2010,October,18.570578554,4.312816137,14.257762417,2010-10-01
INYO,2010,November,19.13068605,4.687882852,14.442803198,2010-11-01
INYO,2010,December,19.21082429,5.138563181,14.072261109,2010-12-01
INYO,2011,January,20.151532856,5.607539423,14.543993433,2011-01-01
INYO,2011,February,19.541555393,5.041928855,14.499626537999998,2011-02-01
INYO,2011,March,18.951612005,4.85607515,14.095536855,2011-03-01
INYO,2011,April,19.208011998,4.439684843,14.768327155,2011-04-01
INYO,2011,May,18.570188589,4.324226944,14.245961645000001,2011-05-01
INYO,2011,June,19.3518666,4.346848825,15.005017775,2011-06-01
INYO,2011,July,20.739307402,4.90288559,15.836421812000001,2011-07-01
INYO,2011,August,20.259312563,4.792455813,15.466856750000002,2011-08-01
INYO,2011,September,20.39986525,4.641050487,15.758814763000002,2011-09-01
INYO,2011,October,19.765967208,4.558533871,15.207433337000001,2011-10-01
INYO,2011,November,19.64945091,4.925279054,14.724171856,2011-11-01
INYO,2011,December,18.829395272,5.113383596,13.716011676,2011-12-01
INYO,2012,January,20.070884305,6.01120686,14.059677445,2012-01-01
INYO,2012,February,19.419175314,5.252789017,14.166386296999999,2012-02-01
INYO,2012,March,18.833725704,4.992757883,13.840967820999998,2012-03-01
INYO,2012,April,18.760469298,4.667175535,14.093293763,2012-04-01
INYO,2012,May,19.233993032,4.428717224,14.805275808000001,2012-05-01
INYO,2012,June,19.978863603999997,4.657985244,15.320878359999998,2012-06-01
INYO,2012,July,21.248885629,5.226159783,16.022725845999997,2012-07-01
INYO,2012,August,21.274535945,5.267572293,16.006963652,2012-08-01
INYO,2012,September,20.793712913,5.174224078,15.619488834999999,2012-09-01
INYO,2012,October,20.146873873,4.803422296,15.343451577,2012-10-01
INYO,2012,November,19.364995538000002,4.886039873,14.478955665,2012-11-01
INYO,2012,December,19.090112167,5.321397581,13.768714586,2012-12-01
INYO,2013,January,19.793264864,6.093627632,13.699637231999999,2013-01-01
INYO,2013,February,19.080270182,5.327316068,13.752954114,2013-02-01
INYO,2013,March,18.326125701,4.880543244,13.445582456999999,2013-03-01
INYO,2013,April,17.939040405,4.368966768,13.570073637,2013-04-01
INYO,2013,May,18.571811606,4.371341701,14.200469905,2013-05-01
INYO,2013,June,19.677796525,4.772449203,14.905347322,2013-06-01
INYO,2013,July,20.784880587,5.291963017,15.49291757,2013-07-01
INYO,2013,August,20.268549511,5.072505159,15.196044352,2013-08-01
INYO,2013,September,20.265090444000002,5.00213556,15.262954884,2013-09-01
INYO,2013,October,18.60449957,4.530680208,14.073819362,2013-10-01
INYO,2013,November,18.386759934,4.754326716,13.632433218,2013-11-01
INYO,2013,December,18.941317732,5.557039722,13.384278010000001,2013-12-01
INYO,2014,January,17.846964674,5.8816643,11.965300373999998,2014-01-01
INYO,2014,February,17.27192543,5.19506169,12.07686374,2014-02-01
INYO,2014,March,16.641934355,4.941374042,11.700560312999999,2014-03-01
INYO,2014,April,16.976969881000002,4.69005688,12.286913000999999,2014-04-01
INYO,2014,May,17.111682479,4.542256418,12.569426060999998,2014-05-01
INYO,2014,June,18.151851724000004,4.907985155,13.243866569000001,2014-06-01
INYO,2014,July,19.030894556,5.420386008,13.610508548,2014-07-01
INYO,2014,August,19.016114539,5.116884104,13.899230435000002,2014-08-01
INYO,2014,September,18.117248002,5.038559353,13.078688649,2014-09-01
INYO,2014,October,17.165362617,4.651845412,12.513517205,2014-10-01
INYO,2014,November,16.87398351,4.684726205,12.189257304999998,2014-11-01
INYO,2014,December,16.902005621,5.316400456,11.585605165,2014-12-01
INYO,2015,January,19.883782667000002,5.638214019,14.245568648,2015-01-01
INYO,2015,February,14.26944194,5.892203496,8.377238444,2015-02-01
INYO,2015,March,11.88140782,3.960533622,7.920874198000001,2015-03-01
INYO,2015,April,12.305711158000001,4.458624438,7.847086720000001,2015-04-01
INYO,2015,May,11.6208756,3.423748032,8.197127567999999,2015-05-01
INYO,2015,June,18.695197663000002,4.54913243,14.146065233,2015-06-01
INYO,2015,July,21.112201656,4.521186983,16.591014673,2015-07-01
INYO,2015,August,20.946396992,5.200463379,15.745933613000002,2015-08-01
INYO,2015,September,21.043991603000002,4.375358436,16.668633167,2015-09-01
INYO,2015,October,17.233099736,4.552755419,12.680344317,2015-10-01
INYO,2015,November,14.991086741,3.944923966,11.046162775,2015-11-01
INYO,2015,December,20.889836166,6.315572484,14.574263681999998,2015-12-01
INYO,2016,January,16.504649971,6.319498034,10.185151936999999,2016-01-01
INYO,2016,February,15.887947011,7.349207428,8.538739583,2016-02-01
INYO,2016,March,12.208428027,4.167168736,8.041259291,2016-03-01
INYO,2016,April,14.27806638,4.740037656,9.538028724,2016-04-01
INYO,2016,May,16.006494097,3.533911637,12.472582460000002,2016-05-01
INYO,2016,June,21.05123881,5.057032485,15.994206325,2016-06-01
INYO,2016,July,23.847579151999998,5.026820922,18.82075823,2016-07-01
INYO,2016,August,28.53073142,6.148076177,22.382655243,2016-08-01
INYO,2016,September,23.236224116,4.604468017,18.631756098999997,2016-09-01
INYO,2016,October,19.515406731,4.889184686,14.626222044999999,2016-10-01
INYO,2016,November,16.576079187,3.926940067,12.649139120000001,2016-11-01
INYO,2016,December,18.604872525,6.312324803,12.292547722000002,2016-12-01
INYO,2017,January,18.203834556,5.637476046,12.56635851,2017-01-01
INYO,2017,February,16.361271309000003,6.854349115,9.506922194000001,2017-02-01
INYO,2017,March,13.469659157999999,4.479416543,8.990242614999998,2017-03-01
INYO,2017,April,16.903480615,4.692340381,12.211140234,2017-04-01
INYO,2017,May,14.501255501000001,3.388295325,11.112960176,2017-05-01
INYO,2017,June,17.711048704,4.616279503,13.094769201000002,2017-06-01
INYO,2017,July,20.884120552,4.880023497,16.004097055,2017-07-01
INYO,2017,August,19.826696847,5.762046585,14.064650261999999,2017-08-01
INYO,2017,September,18.623757934,4.393791252,14.229966682,2017-09-01
INYO,2017,October,14.388037275,4.426437139,9.961600136,2017-10-01
INYO,2017,November,13.471125856999999,3.587609505,9.883516352,2017-11-01
INYO,2017,December,16.124224366,5.480527536,10.64369683,2017-12-01
INYO,2018,January,15.917463329999999,5.166187029,10.751276300999999,2018-01-01
INYO,2018,February,15.161678305999999,5.880457831,9.281220475000001,2018-02-01
INYO,2018,March,14.047655815999999,4.520483603,9.527172213,2018-03-01
INYO,2018,April,13.892603375,4.940973127,8.951630248,2018-04-01
INYO,2018,May,12.902912886,3.329658441,9.573254445,2018-05-01
INYO,2018,June,16.660950193,4.486472123,12.174478070000001,2018-06-01
INYO,2018,July,28.565428011999998,4.744103605,23.821324407000002,2018-07-01
INYO,2018,August,21.748044641,5.90531317,15.842731471,2018-08-01
INYO,2018,September,18.903717673,4.37458444,14.529133232999998,2018-09-01
INYO,2018,October,16.266101475,4.475644825,11.790456650000001,2018-10-01
INYO,2018,November,12.305290331,3.644360756,8.660929575,2018-11-01
INYO,2018,December,18.538566237,5.908156147,12.63041009,2018-12-01
INYO,2019,January,12.630931336,5.642103519,6.988827817000001,2019-01-01
INYO,2019,February,12.624262114,6.844142689,5.780119425,2019-02-01
INYO,2019,March,12.838276423000002,4.899721987,7.938554436,2019-03-01
INYO,2019,April,30.880147805,5.012706405,25.867441400000004,2019-04-01
INYO,2019,May,13.250268737,3.376627744,9.873640993,2019-05-01
INYO,2019,June,15.590054466000002,4.386838549,11.203215917,2019-06-01
INYO,2019,July,20.482979258999997,4.322207253,16.160772006,2019-07-01
INYO,2019,August,20.498962011,5.436557214,15.062404797000001,2019-08-01
INYO,2019,September,18.648200989,4.321537925,14.326663064,2019-09-01
INYO,2019,October,15.944400204,4.519430627,11.424969576999999,2019-10-01
INYO,2019,November,14.016652132,3.858505729,10.158146403,2019-11-01
INYO,2019,December,16.649863658,6.316887714,10.332975944,2019-12-01
INYO,2020,January,14.276777503,5.577359003,8.6994185,2020-01-01
INYO,2020,February,17.691155717,6.338966792,11.352188925,2020-02-01
INYO,2020,March,14.736355148000001,4.284714979,10.451640169000001,2020-03-01
INYO,2020,April,15.585831532999999,5.187102034,10.398729499,2020-04-01
INYO,2020,May,15.947097782,3.834091239,12.113006543000001,2020-05-01
INYO,2020,June,16.863310476,4.749351913,12.113958562999999,2020-06-01
INYO,2020,July,18.563817432,4.825920394,13.737897037999998,2020-07-01
INYO,2020,August,19.820846193,5.944422516,13.876423677,2020-08-01
INYO,2020,September,18.084155313,4.616871717,13.467283596000001,2020-09-01
INYO,2020,October,17.081738815999998,4.801458303,12.280280513000003,2020-10-01
INYO,2020,November,14.510607758999999,4.001635107,10.508972651999999,2020-11-01
INYO,2020,December,16.499253399,6.199165642,10.300087757000002,2020-12-01
INYO,2021,January,16.11291981,5.696279824,10.416639986,2021-01-01
INYO,2021,February,17.186881564,6.612580786,10.574300778000001,2021-02-01
INYO,2021,March,15.021443695,4.543864006,10.477579689,2021-03-01
INYO,2021,April,15.401069417999999,5.026166034,10.374903384,2021-04-01
INYO,2021,May,15.173116196999999,3.483829912,11.689286284999998,2021-05-01
INYO,2021,June,17.235045640000003,4.901455334,12.333590306000001,2021-06-01
INYO,2021,July,19.675956738,5.172302349,14.503654389,2021-07-01
INYO,2021,August,20.536957767,6.074979797,14.461977970000001,2021-08-01
INYO,2021,September,18.163984306,4.530769911,13.633214395000001,2021-09-01
INYO,2021,October,17.068573712,4.707249533,12.361324179,2021-10-01
INYO,2021,November,14.473879105,3.729499406,10.744379699,2021-11-01
INYO,2021,December,15.560031401,5.386007722,10.174023679000001,2021-12-01
INYO,2022,January,16.996992976,5.733403904,11.263589072,2022-01-01
INYO,2022,February,18.240110291,6.417227807,11.822882484,2022-02-01
INYO,2022,March,15.594092213,4.43032567,11.163766543000001,2022-03-01
INYO,2022,April,15.903859878999999,4.577369699,11.32649018,2022-04-01
INYO,2022,May,14.533027496999999,3.370541302,11.162486195,2022-05-01
INYO,2022,June,17.600880921999998,4.578084104,13.022796818,2022-06-01
INYO,2022,July,19.802766191,4.66440014,15.138366051000002,2022-07-01
INYO,2022,August,19.380113649000002,5.774907001,13.605206648000003,2022-08-01
INYO,2022,September,18.724170017,4.691683584,14.032486432999999,2022-09-01
INYO,2022,October,17.567794983,4.48262424,13.085170742999997,2022-10-01
INYO,2022,November,14.746437975,3.975332104,10.771105871,2022-11-01
INYO,2022,December,17.034531027,6.225003554,10.809527473,2022-12-01
INYO,2023,January,16.921842316,5.944696621,10.977145695,2023-01-01
INYO,2023,February,22.608224554000003,7.280572967,15.327651587000002,2023-02-01
INYO,2023,March,14.054397748,5.490135694,8.564262054,2023-03-01
INYO,2023,April,16.805436461,5.870471118,10.934965343,2023-04-01
INYO,2023,May,13.292173468,3.526252948,9.765920519999998,2023-05-01
INYO,2023,June,18.016758864,4.481865171,13.534893693,2023-06-01
INYO,2023,July,18.248088782,4.59516598,13.652922802,2023-07-01
INYO,2023,August,20.312621639,5.841058853,14.471562786000002,2023-08-01
INYO,2023,September,17.408156818000002,4.179439871,13.228716946999999,2023-09-01
INYO,2023,October,15.277075168000001,4.435078064,10.841997104,2023-10-01
INYO,2023,November,14.706900294,3.794128821,10.912771473,2023-11-01
INYO,2023,December,16.985946860000002,6.151146091,10.834800769000001,2023-12-01
INYO,2024,January,16.902906291,5.621846092,11.281060198999999,2024-01-01
INYO,2024,February,17.998382982,6.731341364,11.267041617999999,2024-02-01
INYO,2024,March,15.627155981,4.577968692,11.049187288999999,2024-03-01
INYO,2024,April,15.650002178,5.086748972,10.563253206,2024-04-01
INYO,2024,May,14.447841851,3.463778096,10.984063755000001,2024-05-01
INYO,2024,June,18.451136511999998,4.911968574,13.539167938,2024-06-01
INYO,2024,July,19.774137362,5.305416798,14.468720564000002,2024-07-01
INYO,2024,August,21.125142754000002,6.350921801,14.774220953,2024-08-01
INYO,2024,September,17.853300286,4.440983337,13.412316949,2024-09-01
INYO,2024,October,17.166684455,4.589971769,12.576712686,2024-10-01
INYO,2024,November,15.48587216,3.942727537,11.543144623,2024-11-01
INYO,2024,December,17.189938564000002,6.294956765,10.894981799000002,2024-12-01
KERN,2008,January,1269.416859787,168.7463023,1100.6705574869998,2008-01-01
KERN,2008,February,924.466125704,134.8977918,789.568333904,2008-02-01
KERN,2008,March,1073.736638532,127.9907797,945.7458588320001,2008-03-01
KERN,2008,April,1213.882075164,120.2430986,1093.6389765640001,2008-04-01
KERN,2008,May,1326.291289264,138.4430928,1187.848196464,2008-05-01
KERN,2008,June,1424.066440048,177.1061272,1246.9603128479998,2008-06-01
KERN,2008,July,1698.277533077,274.85155,1423.425983077,2008-07-01
KERN,2008,August,1533.62712233,284.8506913,1248.77643103,2008-08-01
KERN,2008,September,1458.309001289,251.5927539,1206.7162473889998,2008-09-01
KERN,2008,October,1284.193343579,197.612819,1086.580524579,2008-10-01
KERN,2008,November,1116.520416174,114.8578443,1001.6625718739999,2008-11-01
KERN,2008,December,1106.16181831,155.0537953,951.10802301,2008-12-01
KERN,2009,January,920.638204973,155.6874949,764.9507100730001,2009-01-01
KERN,2009,February,888.010936625,134.2988732,753.712063425,2009-02-01
KERN,2009,March,941.6701271,134.3978722,807.2722549,2009-03-01
KERN,2009,April,1002.9331099899999,126.9962388,875.93687119,2009-04-01
KERN,2009,May,1150.208297604,145.9143961,1004.2939015040001,2009-05-01
KERN,2009,June,1331.157443753,197.2967844,1133.8606593529998,2009-06-01
KERN,2009,July,1558.682794578,268.2787323,1290.4040622779999,2009-07-01
KERN,2009,August,1536.3852352840001,279.6546331,1256.730602184,2009-08-01
KERN,2009,September,1433.196321931,252.6467664,1180.549555531,2009-09-01
KERN,2009,October,1467.621239827,191.5455868,1276.075653027,2009-10-01
KERN,2009,November,1185.4823936760001,123.7731234,1061.7092702759999,2009-11-01
KERN,2009,December,1003.273257168,159.9487013,843.3245558679998,2009-12-01
KERN,2010,January,937.383774262,154.1934073,783.1903669620001,2010-01-01
KERN,2010,February,819.366962308,135.6086788,683.7582835080001,2010-02-01
KERN,2010,March,842.3226413140001,132.4734381,709.8492032140001,2010-03-01
KERN,2010,April,1066.011208573,127.1929089,938.8182996730001,2010-04-01
KERN,2010,May,1106.7789700199999,122.565425,984.21354502,2010-05-01
KERN,2010,June,1278.5864583970001,166.8313883,1111.7550700969998,2010-06-01
KERN,2010,July,1653.316660119,252.3646545,1400.952005619,2010-07-01
KERN,2010,August,1736.711534054,282.3632077,1454.348326354,2010-08-01
KERN,2010,September,1579.754066195,240.9874239,1338.7666422949999,2010-09-01
KERN,2010,October,1435.325386132,189.0952649,1246.2301212319996,2010-10-01
KERN,2010,November,1289.461481664,129.5244973,1159.936984364,2010-11-01
KERN,2010,December,1184.785601925,160.8705683,1023.915033625,2010-12-01
KERN,2011,January,1025.630933792,150.5896827,875.041251092,2011-01-01
KERN,2011,February,1150.850476985,135.3609532,1015.4895237850001,2011-02-01
KERN,2011,March,1127.538873988,143.6787176,983.8601563880001,2011-03-01
KERN,2011,April,1179.003046518,121.3109868,1057.692059718,2011-04-01
KERN,2011,May,1204.070053641,129.4266922,1074.6433614409998,2011-05-01
KERN,2011,June,1390.067617425,160.6268646,1229.4407528250001,2011-06-01
KERN,2011,July,1597.5988544929999,256.1882422,1341.410612293,2011-07-01
KERN,2011,August,1738.635229625,280.1111265,1458.5241031249998,2011-08-01
KERN,2011,September,1659.3199505480002,269.0728803,1390.247070248,2011-09-01
KERN,2011,October,1381.822462096,199.0914538,1182.7310082959998,2011-10-01
KERN,2011,November,1306.836218319,138.3172403,1168.5189780189999,2011-11-01
KERN,2011,December,1162.073136448,155.0590728,1007.0140636479998,2011-12-01
KERN,2012,January,1233.808828116,164.5663728,1069.2424553160001,2012-01-01
KERN,2012,February,1053.109725775,136.718364,916.3913617750001,2012-02-01
KERN,2012,March,1067.88356854,136.2383825,931.64518604,2012-03-01
KERN,2012,April,1168.3480397179999,123.0484581,1045.2995816179998,2012-04-01
KERN,2012,May,1573.34476959,158.4305013,1414.9142682899999,2012-05-01
KERN,2012,June,1488.5844619220002,201.9396934,1286.644768522,2012-06-01
KERN,2012,July,1630.823990553,257.6285662,1373.195424353,2012-07-01
KERN,2012,August,1729.908775717,328.6339497,1401.2748260170004,2012-08-01
KERN,2012,September,1609.524461925,265.921705,1343.6027569250002,2012-09-01
KERN,2012,October,1612.970227462,225.173615,1387.7966124619998,2012-10-01
KERN,2012,November,1419.7583043020002,130.8170789,1288.9412254020003,2012-11-01
KERN,2012,December,1078.80134426,141.2127087,937.5886355600001,2012-12-01
KERN,2013,January,1033.496570755,175.0623046,858.4342661549999,2013-01-01
KERN,2013,February,1092.2863716479999,136.7181244,955.5682472479999,2013-02-01
KERN,2013,March,1090.311065857,136.1188796,954.1921862570001,2013-03-01
KERN,2013,April,1041.149867453,121.9167099,919.2331575529998,2013-04-01
KERN,2013,May,1238.437347476,162.4054537,1076.0318937759998,2013-05-01
KERN,2013,June,1295.439766845,207.1321238,1088.307643045,2013-06-01
KERN,2013,July,1699.7532300280002,299.3004852,1400.452744828,2013-07-01
KERN,2013,August,1501.010293252,300.9453319,1200.064961352,2013-08-01
KERN,2013,September,1438.157350418,262.529008,1175.6283424179999,2013-09-01
KERN,2013,October,1313.952870159,187.3538176,1126.5990525589998,2013-10-01
KERN,2013,November,1162.483442966,116.3832894,1046.100153566,2013-11-01
KERN,2013,December,1116.827478902,160.4044883,956.422990602,2013-12-01
KERN,2014,January,1064.328816031,159.6338713,904.6949447310001,2014-01-01
KERN,2014,February,1010.679167735,127.7779359,882.901231835,2014-02-01
KERN,2014,March,989.8262861569999,126.5160914,863.3101947569999,2014-03-01
KERN,2014,April,1020.888397051,127.1860344,893.702362651,2014-04-01
KERN,2014,May,1059.249511753,151.2870114,907.9625003530001,2014-05-01
KERN,2014,June,1223.491287001,217.0808896,1006.4103974010001,2014-06-01
KERN,2014,July,1522.715360675,300.4907951,1222.2245655750003,2014-07-01
KERN,2014,August,1505.1520435070001,309.0575561,1196.094487407,2014-08-01
KERN,2014,September,1300.158192752,276.7386037,1023.419589052,2014-09-01
KERN,2014,October,1313.109115803,215.8259329,1097.2831829030001,2014-10-01
KERN,2014,November,1094.025014945,125.9444014,968.0806135449999,2014-11-01
KERN,2014,December,1134.79651384,144.158317,990.6381968399999,2014-12-01
KERN,2015,January,1018.48631374,154.5918806,863.8944331399999,2015-01-01
KERN,2015,February,915.889440293,125.8156108,790.073829493,2015-02-01
KERN,2015,March,1152.487988385,128.0131934,1024.474794985,2015-03-01
KERN,2015,April,1226.111533876,125.5755776,1100.535956276,2015-04-01
KERN,2015,May,1266.738190396,140.8003644,1125.937825996,2015-05-01
KERN,2015,June,1439.146523998,196.8017581,1242.344765898,2015-06-01
KERN,2015,July,1585.20556897,305.3136238,1279.8919451699999,2015-07-01
KERN,2015,August,1407.88303476,273.5457497,1134.33728506,2015-08-01
KERN,2015,September,1404.860209407,272.0042969,1132.855912507,2015-09-01
KERN,2015,October,1281.165355142,214.1067261,1067.0586290420001,2015-10-01
KERN,2015,November,1148.678037169,135.9053054,1012.772731769,2015-11-01
KERN,2015,December,1255.716640548,158.060272,1097.656368548,2015-12-01
KERN,2016,January,919.0871860039999,157.8367844,761.250401604,2016-01-01
KERN,2016,February,766.667214911,129.3104937,637.356721211,2016-02-01
KERN,2016,March,1367.163126758,130.1710402,1236.9920865580002,2016-03-01
KERN,2016,April,1393.673280845,118.4394741,1275.233806745,2016-04-01
KERN,2016,May,1511.039059401,137.646927,1373.3921324009998,2016-05-01
KERN,2016,June,1631.1918421130001,224.7169514,1406.4748907130001,2016-06-01
KERN,2016,July,1790.476313551,285.4078151,1505.0684984509999,2016-07-01
KERN,2016,August,1755.702038387,320.9296142,1434.772424187,2016-08-01
KERN,2016,September,1577.190579379,255.4720458,1321.718533579,2016-09-01
KERN,2016,October,1425.510583574,175.4821276,1250.028455974,2016-10-01
KERN,2016,November,1155.253717222,126.1941303,1029.0595869219999,2016-11-01
KERN,2016,December,1142.132243507,146.8274852,995.304758307,2016-12-01
KERN,2017,January,1354.295895179,157.248362,1197.047533179,2017-01-01
KERN,2017,February,1326.495564261,128.827039,1197.6685252609998,2017-02-01
KERN,2017,March,1278.980332203,137.8953964,1141.084935803,2017-03-01
KERN,2017,April,1368.715698883,116.1461532,1252.5695456830001,2017-04-01
KERN,2017,May,1533.672245586,140.8701066,1392.802138986,2017-05-01
KERN,2017,June,1655.290384127,217.1245115,1438.165872627,2017-06-01
KERN,2017,July,1833.788731899,305.0420448,1528.746687099,2017-07-01
KERN,2017,August,1830.81016539,344.076655,1486.7335103900002,2017-08-01
KERN,2017,September,1779.5796746869999,295.5019496,1484.0777250869999,2017-09-01
KERN,2017,October,1540.9365006090002,171.6797795,1369.256721109,2017-10-01
KERN,2017,November,1407.480419961,123.8299654,1283.650454561,2017-11-01
KERN,2017,December,1504.523156955,143.0813892,1361.441767755,2017-12-01
KERN,2018,January,1286.0831321760002,152.9646949,1133.1184372760001,2018-01-01
KERN,2018,February,1169.497602247,125.5425109,1043.955091347,2018-02-01
KERN,2018,March,1172.050406507,139.0343567,1033.016049807,2018-03-01
KERN,2018,April,1117.161282401,125.1314751,992.029807301,2018-04-01
KERN,2018,May,1185.787792482,149.5387094,1036.249083082,2018-05-01
KERN,2018,June,1384.399006442,201.1782725,1183.220733942,2018-06-01
KERN,2018,July,1595.545743573,305.223164,1290.322579573,2018-07-01
KERN,2018,August,1744.394612747,359.9081605,1384.4864522469998,2018-08-01
KERN,2018,September,1496.933598041,255.7677486,1241.1658494409999,2018-09-01
KERN,2018,October,1364.58601725,195.4382566,1169.14776065,2018-10-01
KERN,2018,November,1212.357625373,126.3085097,1086.049115673,2018-11-01
KERN,2018,December,1061.231636018,141.1019559,920.129680118,2018-12-01
KERN,2019,January,941.106966576,163.70342,777.403546576,2019-01-01
KERN,2019,February,954.576127164,134.1017687,820.474358464,2019-02-01
KERN,2019,March,1346.897965296,142.5352606,1204.362704696,2019-03-01
KERN,2019,April,1453.846377302,123.4045183,1330.4418590020002,2019-04-01
KERN,2019,May,1458.185788094,148.1318789,1310.053909194,2019-05-01
KERN,2019,June,1425.5305861880001,195.4456156,1230.084970588,2019-06-01
KERN,2019,July,1698.798762128,283.9104468,1414.888315328,2019-07-01
KERN,2019,August,1802.954702878,322.3222567,1480.6324461779998,2019-08-01
KERN,2019,September,1793.574226493,290.3095247,1503.2647017929999,2019-09-01
KERN,2019,October,1503.781797004,181.5326154,1322.2491816039997,2019-10-01
KERN,2019,November,1285.703240976,114.3643764,1171.338864576,2019-11-01
KERN,2019,December,1317.002866236,146.2757233,1170.727142936,2019-12-01
KERN,2020,January,996.121577854,164.2737187,831.847859154,2020-01-01
KERN,2020,February,1125.026180309,137.7551138,987.271066509,2020-02-01
KERN,2020,March,1168.350707943,130.8020289,1037.548679043,2020-03-01
KERN,2020,April,1024.5012114859999,136.4642565,888.036954986,2020-04-01
KERN,2020,May,1235.314158305,172.0711646,1063.2429937050001,2020-05-01
KERN,2020,June,1327.73043659,231.0837994,1096.64663719,2020-06-01
KERN,2020,July,1478.382644178,327.632754,1150.749890178,2020-07-01
KERN,2020,August,1517.028179943,338.0264055,1179.001774443,2020-08-01
KERN,2020,September,1441.06116238,322.2225824,1118.8385799799998,2020-09-01
KERN,2020,October,1217.559261956,235.44687,982.112391956,2020-10-01
KERN,2020,November,996.374120065,149.4742297,846.8998903649999,2020-11-01
KERN,2020,December,1128.543827974,168.3480022,960.1958257740001,2020-12-01
KERN,2021,January,956.8325001359999,164.6531504,792.179349736,2021-01-01
KERN,2021,February,922.6594268169999,144.8394917,777.819935117,2021-02-01
KERN,2021,March,1223.0201190520002,145.3981113,1077.622007752,2021-03-01
KERN,2021,April,1170.185556251,139.9530136,1030.232542651,2021-04-01
KERN,2021,May,1127.6742201030002,168.5282219,959.1459982030001,2021-05-01
KERN,2021,June,1284.366203172,253.3060567,1031.060146472,2021-06-01
KERN,2021,July,1455.412718005,360.0364812,1095.376236805,2021-07-01
KERN,2021,August,1453.555341608,377.1064359,1076.448905708,2021-08-01
KERN,2021,September,1535.973360951,314.3075921,1221.6657688509997,2021-09-01
KERN,2021,October,1320.702958694,203.9328013,1116.770157394,2021-10-01
KERN,2021,November,1127.399112183,123.1600011,1004.2391110829999,2021-11-01
KERN,2021,December,1198.516258059,159.1297385,1039.3865195590001,2021-12-01
KERN,2022,January,1082.783740088,165.5598052,917.223934888,2022-01-01
KERN,2022,February,968.406910217,143.375252,825.031658217,2022-02-01
KERN,2022,March,1060.522714034,148.8291423,911.693571734,2022-03-01
KERN,2022,April,1041.3407371829999,139.527782,901.812955183,2022-04-01
KERN,2022,May,1124.9989917340001,155.1081962,969.8907955340001,2022-05-01
KERN,2022,June,1266.325535482,234.5794142,1031.7461212819999,2022-06-01
KERN,2022,July,1476.208974905,314.4577927,1161.751182205,2022-07-01
KERN,2022,August,1590.78052256,392.0454865,1198.73503606,2022-08-01
KERN,2022,September,1520.868471276,357.4509718,1163.417499476,2022-09-01
KERN,2022,October,1390.813052207,228.8726067,1161.940445507,2022-10-01
KERN,2022,November,1086.9477746740001,150.5881459,936.359628774,2022-11-01
KERN,2022,December,1070.029735097,153.1821923,916.847542797,2022-12-01
KERN,2023,January,944.795505641,174.9533689,769.8421367410001,2023-01-01
KERN,2023,February,796.292111705,148.5077806,647.7843311050001,2023-02-01
KERN,2023,March,1281.5994861450001,160.3198116,1121.279674545,2023-03-01
KERN,2023,April,1492.4026911770002,145.6451711,1346.7575200770002,2023-04-01
KERN,2023,May,1488.627405254,164.2364521,1324.3909531539998,2023-05-01
KERN,2023,June,1548.938496638,214.0655261,1334.8729705380003,2023-06-01
KERN,2023,July,1786.089629393,288.4638858,1497.625743593,2023-07-01
KERN,2023,August,1768.562997732,370.6785829,1397.8844148320002,2023-08-01
KERN,2023,September,1669.1974236859999,276.4628638,1392.734559886,2023-09-01
KERN,2023,October,1482.6091267010002,200.5896734,1282.019453301,2023-10-01
KERN,2023,November,1344.533305406,137.2881621,1207.2451433059998,2023-11-01
KERN,2023,December,1264.876190901,144.4327106,1120.443480301,2023-12-01
KERN,2024,January,910.821431619,172.7826745,738.038757119,2024-01-01
KERN,2024,February,846.919537452,147.9129319,699.0066055520001,2024-02-01
KERN,2024,March,911.738228689,150.4950065,761.2432221890001,2024-03-01
KERN,2024,April,991.586280662,144.658031,846.928249662,2024-04-01
KERN,2024,May,1189.853920772,171.1368029,1018.7171178720001,2024-05-01
KERN,2024,June,1539.399970993,244.899956,1294.500014993,2024-06-01
KERN,2024,July,1849.063384811,400.121837,1448.941547811,2024-07-01
KERN,2024,August,1716.520578865,397.0609059,1319.4596729650002,2024-08-01
KERN,2024,September,1610.183422568,295.0398021,1315.143620468,2024-09-01
KERN,2024,October,1311.821358572,251.7778838,1060.0434747719999,2024-10-01
KERN,2024,November,1249.874432482,139.1450922,1110.729340282,2024-11-01
KERN,2024,December,1145.099563411,156.750892,988.3486714109999,2024-12-01
KINGS,2008,January,105.466650311,28.41391262,77.05273769099999,2008-01-01
KINGS,2008,February,98.62433389499999,22.87619728,75.748136615,2008-02-01
KINGS,2008,March,101.802778383,21.91203042,79.890747963,2008-03-01
KINGS,2008,April,108.480488296,20.92020587,87.560282426,2008-04-01
KINGS,2008,May,115.20810310799999,22.92298233,92.28512077799999,2008-05-01
KINGS,2008,June,128.799610831,30.02153654,98.778074291,2008-06-01
KINGS,2008,July,156.36910906100002,45.3273012,111.041807861,2008-07-01
KINGS,2008,August,164.569489203,43.56384071,121.005648493,2008-08-01
KINGS,2008,September,162.347283234,42.99072322,119.356560014,2008-09-01
KINGS,2008,October,139.857316043,31.9373687,107.919947343,2008-10-01
KINGS,2008,November,104.050038336,20.42023882,83.629799516,2008-11-01
KINGS,2008,December,107.741255271,27.45776017,80.283495101,2008-12-01
KINGS,2009,January,105.393874897,26.63934791,78.754526987,2009-01-01
KINGS,2009,February,100.912541537,22.66049906,78.25204247699999,2009-02-01
KINGS,2009,March,101.101560299,21.58060268,79.52095761899999,2009-03-01
KINGS,2009,April,123.03242709700001,21.75706471,101.275362387,2009-04-01
KINGS,2009,May,128.681404739,25.4748417,103.206563039,2009-05-01
KINGS,2009,June,150.141171253,34.03421599,116.106955263,2009-06-01
KINGS,2009,July,169.108257828,44.65190146,124.45635636799999,2009-07-01
KINGS,2009,August,178.03145115,46.26159553,131.76985562000002,2009-08-01
KINGS,2009,September,167.527790117,40.53895612,126.98883399699999,2009-09-01
KINGS,2009,October,140.879249886,32.28421191,108.59503797600001,2009-10-01
KINGS,2009,November,106.109555525,21.43284912,84.676706405,2009-11-01
KINGS,2009,December,111.825658555,27.44075276,84.38490579500001,2009-12-01
KINGS,2010,January,100.584922971,25.35145258,75.233470391,2010-01-01
KINGS,2010,February,93.724039061,23.01815852,70.705880541,2010-02-01
KINGS,2010,March,102.43486204999999,22.9836982,79.45116385000001,2010-03-01
KINGS,2010,April,104.939228017,21.09542477,83.84380324700001,2010-04-01
KINGS,2010,May,103.82474955800001,20.81078557,83.013963988,2010-05-01
KINGS,2010,June,123.368279175,27.4440832,95.924195975,2010-06-01
KINGS,2010,July,156.024226117,42.70068494,113.323541177,2010-07-01
KINGS,2010,August,158.87077631399998,46.47285235,112.397923964,2010-08-01
KINGS,2010,September,153.535778696,37.91639395,115.619384746,2010-09-01
KINGS,2010,October,135.961965776,31.23469407,104.72727170600001,2010-10-01
KINGS,2010,November,95.490991877,23.20859771,72.282394167,2010-11-01
KINGS,2010,December,121.13726902799999,26.28002838,94.85724064800002,2010-12-01
KINGS,2011,January,102.118334464,26.07416429,76.04417017399999,2011-01-01
KINGS,2011,February,94.016876217,23.89494025,70.12193596699998,2011-02-01
KINGS,2011,March,100.028601872,23.51961284,76.508989032,2011-03-01
KINGS,2011,April,98.096586731,21.12557847,76.97100826100001,2011-04-01
KINGS,2011,May,101.464786363,21.31664813,80.148138233,2011-05-01
KINGS,2011,June,118.236084645,26.11538867,92.120695975,2011-06-01
KINGS,2011,July,146.093517435,42.60188426,103.49163317499999,2011-07-01
KINGS,2011,August,157.771987395,45.39593113,112.376056265,2011-08-01
KINGS,2011,September,156.23224280600002,41.77829812,114.45394468599999,2011-09-01
KINGS,2011,October,136.94579342,33.00256415,103.94322926999999,2011-10-01
KINGS,2011,November,108.461279171,23.7730495,84.68822967100002,2011-11-01
KINGS,2011,December,100.680626341,25.65035091,75.03027543099999,2011-12-01
KINGS,2012,January,113.066565655,27.94367933,85.122886325,2012-01-01
KINGS,2012,February,109.395150281,22.79409826,86.601052021,2012-02-01
KINGS,2012,March,114.766331425,22.05991013,92.70642129500001,2012-03-01
KINGS,2012,April,108.680657908,19.80222025,88.878437658,2012-04-01
KINGS,2012,May,134.931408553,26.21625612,108.71515243300001,2012-05-01
KINGS,2012,June,158.668586915,32.49037037,126.17821654500001,2012-06-01
KINGS,2012,July,171.766729821,42.13065897,129.636070851,2012-07-01
KINGS,2012,August,195.734874954,51.04961437,144.685260584,2012-08-01
KINGS,2012,September,181.238961796,42.04078813,139.19817366600003,2012-09-01
KINGS,2012,October,159.365278136,35.82098294,123.54429519600001,2012-10-01
KINGS,2012,November,118.24129055099999,22.66079537,95.58049518099999,2012-11-01
KINGS,2012,December,111.686750588,23.57002607,88.116724518,2012-12-01
KINGS,2013,January,115.443827925,28.3928804,87.05094752499998,2013-01-01
KINGS,2013,February,120.51404914,22.92528378,97.58876536000001,2013-02-01
KINGS,2013,March,130.603885008,22.55001602,108.05386898799999,2013-03-01
KINGS,2013,April,127.29237107899999,20.18824514,107.104125939,2013-04-01
KINGS,2013,May,146.054999321,26.47336636,119.581632961,2013-05-01
KINGS,2013,June,170.788109,34.33595759,136.45215140999997,2013-06-01
KINGS,2013,July,197.465356162,49.17071235,148.294643812,2013-07-01
KINGS,2013,August,197.889241187,48.63292091,149.25632027700004,2013-08-01
KINGS,2013,September,190.218673326,42.41327584,147.805397486,2013-09-01
KINGS,2013,October,148.814030561,29.54449429,119.26953627099999,2013-10-01
KINGS,2013,November,114.323866732,19.8684496,94.45541713200001,2013-11-01
KINGS,2013,December,124.17322448099999,26.37424555,97.798978931,2013-12-01
KINGS,2014,January,124.760003369,26.81231643,97.94768693900001,2014-01-01
KINGS,2014,February,121.68312033,21.45852198,100.22459835000001,2014-02-01
KINGS,2014,March,119.638768183,21.25082883,98.38793935300001,2014-03-01
KINGS,2014,April,129.94731913,21.2405586,108.70676052999998,2014-04-01
KINGS,2014,May,140.079278054,25.39378505,114.68549300400001,2014-05-01
KINGS,2014,June,174.525217222,36.41003529,138.115181932,2014-06-01
KINGS,2014,July,202.890816437,48.22664439,154.66417204700002,2014-07-01
KINGS,2014,August,209.480824161,49.77463613,159.706188031,2014-08-01
KINGS,2014,September,189.176994616,44.58037665,144.59661796600003,2014-09-01
KINGS,2014,October,160.831168801,33.84603081,126.985137991,2014-10-01
KINGS,2014,November,117.605554195,21.13143738,96.47411681499999,2014-11-01
KINGS,2014,December,117.90211237,23.95553379,93.94657858000001,2014-12-01
KINGS,2015,January,111.518394032,25.52516137,85.99323266200001,2015-01-01
KINGS,2015,February,116.011369492,21.86158425,94.14978524200001,2015-02-01
KINGS,2015,March,124.606941816,21.17830449,103.428637326,2015-03-01
KINGS,2015,April,138.80047542,20.63925421,118.16122121000001,2015-04-01
KINGS,2015,May,137.439642514,23.61122309,113.82841942399999,2015-05-01
KINGS,2015,June,174.18984310300002,33.63264428,140.557198823,2015-06-01
KINGS,2015,July,203.46850267,49.74988422,153.71861845,2015-07-01
KINGS,2015,August,197.352994554,44.6901674,152.662827154,2015-08-01
KINGS,2015,September,192.67752363,42.84145814,149.83606549,2015-09-01
KINGS,2015,October,154.608482528,33.25951148,121.348971048,2015-10-01
KINGS,2015,November,118.450417073,22.61778386,95.832633213,2015-11-01
KINGS,2015,December,101.848983652,25.99261874,75.856364912,2015-12-01
KINGS,2016,January,106.510385417,26.21743745,80.29294796699999,2016-01-01
KINGS,2016,February,93.36760078,21.51230157,71.85529921,2016-02-01
KINGS,2016,March,151.54691373900002,21.62590812,129.921005619,2016-03-01
KINGS,2016,April,114.00280827899999,19.79189676,94.210911519,2016-04-01
KINGS,2016,May,149.78956922,23.05894994,126.73061928,2016-05-01
KINGS,2016,June,185.201067475,36.98433157,148.216735905,2016-06-01
KINGS,2016,July,192.782935386,46.07621891,146.70671647600003,2016-07-01
KINGS,2016,August,214.723952556,50.07575413,164.64819842600002,2016-08-01
KINGS,2016,September,188.148792422,40.95122219,147.197570232,2016-09-01
KINGS,2016,October,146.671383352,28.62183234,118.04955101200001,2016-10-01
KINGS,2016,November,118.933160727,21.03682057,97.89634015700001,2016-11-01
KINGS,2016,December,114.7571958,24.2057751,90.55142070000001,2016-12-01
KINGS,2017,January,109.01902941,25.94195365,83.07707575999999,2017-01-01
KINGS,2017,February,94.410220382,21.83376129,72.576459092,2017-02-01
KINGS,2017,March,99.86152486,22.82390628,77.03761857999999,2017-03-01
KINGS,2017,April,99.219249823,19.40943504,79.809814783,2017-04-01
KINGS,2017,May,110.02250869299999,23.83002863,86.192480063,2017-05-01
KINGS,2017,June,142.731190387,36.04100055,106.690189837,2017-06-01
KINGS,2017,July,165.05861653699998,50.11606978,114.942546757,2017-07-01
KINGS,2017,August,179.749260528,54.04597284,125.703287688,2017-08-01
KINGS,2017,September,170.263885128,47.67546529,122.588419838,2017-09-01
KINGS,2017,October,121.40436350499999,27.48927173,93.915091775,2017-10-01
KINGS,2017,November,102.654664392,20.41480437,82.23986002199999,2017-11-01
KINGS,2017,December,102.977299396,23.97988191,78.997417486,2017-12-01
KINGS,2018,January,118.113469711,25.58585045,92.527619261,2018-01-01
KINGS,2018,February,113.391348741,21.23207233,92.159276411,2018-02-01
KINGS,2018,March,124.200716286,22.8444427,101.356273586,2018-03-01
KINGS,2018,April,122.227310105,20.77913823,101.448171875,2018-04-01
KINGS,2018,May,140.211230373,24.39755613,115.81367424300001,2018-05-01
KINGS,2018,June,163.44423103,33.09609118,130.34813985,2018-06-01
KINGS,2018,July,187.75703476,48.83089598,138.92613878,2018-07-01
KINGS,2018,August,211.051546543,54.76162579,156.289920753,2018-08-01
KINGS,2018,September,180.317584766,40.73474072,139.58284404600002,2018-09-01
KINGS,2018,October,158.182066045,29.74188009,128.440185955,2018-10-01
KINGS,2018,November,118.444225806,20.40441102,98.03981478600001,2018-11-01
KINGS,2018,December,111.066491224,23.7960384,87.27045282399999,2018-12-01
KINGS,2019,January,109.970087397,26.96901216,83.00107523700001,2019-01-01
KINGS,2019,February,110.590574518,22.5215578,88.069016718,2019-02-01
KINGS,2019,March,100.623958661,23.28597326,77.33798540100001,2019-03-01
KINGS,2019,April,106.121514535,20.54188049,85.57963404499999,2019-04-01
KINGS,2019,May,124.421916093,25.07860356,99.34331253299999,2019-05-01
KINGS,2019,June,135.439578478,33.2665732,102.173005278,2019-06-01
KINGS,2019,July,163.77317061,46.79736733,116.97580328,2019-07-01
KINGS,2019,August,186.527482443,52.23810411,134.289378333,2019-08-01
KINGS,2019,September,178.771444243,46.89547948,131.875964763,2019-09-01
KINGS,2019,October,139.219769814,29.73261665,109.487153164,2019-10-01
KINGS,2019,November,108.05544628199999,20.31189718,87.743549102,2019-11-01
KINGS,2019,December,114.76211385,24.90119538,89.86091846999999,2019-12-01
KINGS,2020,January,107.992126599,27.06149381,80.930632789,2020-01-01
KINGS,2020,February,114.60430499900001,23.10106077,91.50324422900002,2020-02-01
KINGS,2020,March,130.185153993,22.01381251,108.17134148299999,2020-03-01
KINGS,2020,April,118.486817074,22.21331472,96.27350235399999,2020-04-01
KINGS,2020,May,148.988469317,28.74178853,120.24668078699999,2020-05-01
KINGS,2020,June,181.972087858,39.30862173,142.663466128,2020-06-01
KINGS,2020,July,206.986418937,54.43449953,152.551919407,2020-07-01
KINGS,2020,August,217.994766699,54.37749827,163.617268429,2020-08-01
KINGS,2020,September,188.59073891,50.74917079,137.84156812,2020-09-01
KINGS,2020,October,159.05123619,37.5180273,121.53320889,2020-10-01
KINGS,2020,November,126.727001875,24.85435738,101.872644495,2020-11-01
KINGS,2020,December,122.315858833,27.87619399,94.439664843,2020-12-01
KINGS,2021,January,131.027251641,27.89128724,103.135964401,2021-01-01
KINGS,2021,February,122.228369935,23.81995336,98.40841657499999,2021-02-01
KINGS,2021,March,133.122352416,23.73246954,109.38988287599999,2021-03-01
KINGS,2021,April,139.197967755,23.14279361,116.055174145,2021-04-01
KINGS,2021,May,163.507607038,27.82857994,135.679027098,2021-05-01
KINGS,2021,June,196.195811841,41.9913305,154.20448134100002,2021-06-01
KINGS,2021,July,217.774343983,58.13173593,159.642608053,2021-07-01
KINGS,2021,August,235.569837029,59.52149438,176.04834264900003,2021-08-01
KINGS,2021,September,204.27876812099998,50.03839529,154.24037283100003,2021-09-01
KINGS,2021,October,161.564610851,33.13770588,128.426904971,2021-10-01
KINGS,2021,November,129.22281272,20.99950313,108.22330959000001,2021-11-01
KINGS,2021,December,120.706955389,25.96522729,94.741728099,2021-12-01
KINGS,2022,January,120.068467985,27.25018699,92.81828099500001,2022-01-01
KINGS,2022,February,123.85936410400001,23.27776598,100.581598124,2022-02-01
KINGS,2022,March,135.980464505,24.42037045,111.56009405499998,2022-03-01
KINGS,2022,April,140.875184974,22.52833301,118.346851964,2022-04-01
KINGS,2022,May,161.605771135,25.77806178,135.827709355,2022-05-01
KINGS,2022,June,195.214996826,38.98220355,156.232793276,2022-06-01
KINGS,2022,July,215.13223531100002,51.27050129,163.86173402100002,2022-07-01
KINGS,2022,August,242.842404662,59.71700962,183.12539504199998,2022-08-01
KINGS,2022,September,219.33170067900002,55.21848722,164.113213459,2022-09-01
KINGS,2022,October,172.69633735399998,36.03265541,136.663681944,2022-10-01
KINGS,2022,November,136.870170762,24.83355018,112.036620582,2022-11-01
KINGS,2022,December,122.231977843,25.96771708,96.264260763,2022-12-01
KINGS,2023,January,116.832018897,28.51268649,88.319332407,2023-01-01
KINGS,2023,February,103.94565126500001,23.67881866,80.266832605,2023-02-01
KINGS,2023,March,128.58752569,25.88979729,102.69772840000002,2023-03-01
KINGS,2023,April,111.704248192,22.92032486,88.783923332,2023-04-01
KINGS,2023,May,125.43671948,26.62062168,98.8160978,2023-05-01
KINGS,2023,June,140.121007359,35.3499556,104.771051759,2023-06-01
KINGS,2023,July,173.042425905,47.49690778,125.54551812500002,2023-07-01
KINGS,2023,August,189.575176692,57.0455741,132.529602592,2023-08-01
KINGS,2023,September,180.622445194,44.52963649,136.092808704,2023-09-01
KINGS,2023,October,141.777446516,32.17420367,109.60324284600001,2023-10-01
KINGS,2023,November,118.050394305,22.89283144,95.15756286499999,2023-11-01
KINGS,2023,December,97.99972279400001,24.11023491,73.889487884,2023-12-01
KINGS,2024,January,114.465944304,27.80349694,86.662447364,2024-01-01
KINGS,2024,February,108.215746064,24.08583729,84.129908774,2024-02-01
KINGS,2024,March,112.33231329,23.62136767,88.71094562,2024-03-01
KINGS,2024,April,125.589796054,22.91377634,102.676019714,2024-04-01
KINGS,2024,May,146.78559792800002,27.78808637,118.99751155800001,2024-05-01
KINGS,2024,June,162.961024587,40.2380556,122.722968987,2024-06-01
KINGS,2024,July,204.881562226,63.19771305,141.683849176,2024-07-01
KINGS,2024,August,203.344024644,58.51748153,144.826543114,2024-08-01
KINGS,2024,September,184.289838991,46.87762673,137.41221226099998,2024-09-01
KINGS,2024,October,158.493979181,38.50457673,119.989402451,2024-10-01
KINGS,2024,November,118.739712922,23.39364293,95.346069992,2024-11-01
KINGS,2024,December,111.954011027,25.9261124,86.027898627,2024-12-01
LAKE,2008,January,46.751494439,32.01216707,14.739327369000002,2008-01-01
LAKE,2008,February,38.742354899000006,26.83363243,11.908722469,2008-02-01
LAKE,2008,March,38.468066357,24.91509318,13.552973177,2008-03-01
LAKE,2008,April,34.950713136,21.92157303,13.029140105999998,2008-04-01
LAKE,2008,May,33.536530787000004,20.26648645,13.270044337000002,2008-05-01
LAKE,2008,June,33.819173788,19.66517791,14.153995877999998,2008-06-01
LAKE,2008,July,42.517536471,25.35028283,17.167253641,2008-07-01
LAKE,2008,August,39.677676625,23.50214728,16.175529345,2008-08-01
LAKE,2008,September,40.93072494,23.21996009,17.71076485,2008-09-01
LAKE,2008,October,35.052557215,20.15154068,14.901016535,2008-10-01
LAKE,2008,November,28.442876752,17.58361076,10.859265992,2008-11-01
LAKE,2008,December,42.586530792,29.09849993,13.488030861999999,2008-12-01
LAKE,2009,January,41.904212468999994,29.34830787,12.555904598999998,2009-01-01
LAKE,2009,February,35.238726521000004,24.42832755,10.810398971,2009-02-01
LAKE,2009,March,39.326001893,26.79376435,12.532237542999999,2009-03-01
LAKE,2009,April,36.352990831,23.81361893,12.539371900999999,2009-04-01
LAKE,2009,May,30.352200076,19.05845127,11.293748805999998,2009-05-01
LAKE,2009,June,35.48834172,20.94946938,14.53887234,2009-06-01
LAKE,2009,July,40.867600596,25.0488651,15.818735495999999,2009-07-01
LAKE,2009,August,40.936230806,24.56121151,16.375019296,2009-08-01
LAKE,2009,September,38.955210624,22.64602902,16.309181604,2009-09-01
LAKE,2009,October,36.467427551,21.36191911,15.105508441,2009-10-01
LAKE,2009,November,31.127203761000004,19.35389934,11.773304421,2009-11-01
LAKE,2009,December,45.255795115,31.70640859,13.549386525000001,2009-12-01
LAKE,2010,January,39.050980453,27.54742213,11.503558322999998,2010-01-01
LAKE,2010,February,37.831638383,26.274994,11.556644382999998,2010-02-01
LAKE,2010,March,40.458329092,27.73740509,12.720924002,2010-03-01
LAKE,2010,April,40.148121591,26.34788673,13.800234860999998,2010-04-01
LAKE,2010,May,31.463222041,20.29715226,11.166069781,2010-05-01
LAKE,2010,June,35.403500083000004,21.80330545,13.600194632999997,2010-06-01
LAKE,2010,July,38.889417684,23.94241058,14.947007103999999,2010-07-01
LAKE,2010,August,40.442706226,25.26008538,15.182620845999999,2010-08-01
LAKE,2010,September,36.315372711,21.57098745,14.744385261,2010-09-01
LAKE,2010,October,34.421585858,19.92883603,14.492749828000003,2010-10-01
LAKE,2010,November,32.782240183999996,21.38579656,11.396443623999998,2010-11-01
LAKE,2010,December,46.11138382199999,32.08582969,14.025554131999998,2010-12-01
LAKE,2011,January,41.287994621,29.2334226,12.054572021,2011-01-01
LAKE,2011,February,36.802097275,25.35493216,11.447165115,2011-02-01
LAKE,2011,March,46.527031748,32.47548869,14.051543058000002,2011-03-01
LAKE,2011,April,35.098627686,23.40675041,11.691877276,2011-04-01
LAKE,2011,May,34.315052449999996,21.72126758,12.59378487,2011-05-01
LAKE,2011,June,36.129887333,23.14019573,12.989691603,2011-06-01
LAKE,2011,July,35.794292545000005,22.1016191,13.692673445,2011-07-01
LAKE,2011,August,41.810912357,25.38121586,16.429696497,2011-08-01
LAKE,2011,September,39.401939483,23.369531,16.032408483,2011-09-01
LAKE,2011,October,35.28883861999999,20.94897278,14.33986584,2011-10-01
LAKE,2011,November,32.933901151,21.17319661,11.760704540999999,2011-11-01
LAKE,2011,December,42.895531833,29.69078897,13.204742863000002,2011-12-01
LAKE,2012,January,45.439000163,31.37610824,14.062891923,2012-01-01
LAKE,2012,February,39.330489517,27.65003596,11.680453556999998,2012-02-01
LAKE,2012,March,42.057851803999995,29.20847973,12.849372073999998,2012-03-01
LAKE,2012,April,37.759897162,25.67255471,12.087342452,2012-04-01
LAKE,2012,May,36.028165441,22.75478542,13.273380021000003,2012-05-01
LAKE,2012,June,34.37501872,21.06887327,13.306145449999999,2012-06-01
LAKE,2012,July,38.285984919,23.36808349,14.917901429,2012-07-01
LAKE,2012,August,43.722431007000004,27.39361737,16.328813637000003,2012-08-01
LAKE,2012,September,37.789920351,22.45203902,15.337881331000002,2012-09-01
LAKE,2012,October,37.128141801,21.93016332,15.197978481,2012-10-01
LAKE,2012,November,33.801977223,21.38175272,12.420224503,2012-11-01
LAKE,2012,December,39.555004887,27.57050365,11.984501237000002,2012-12-01
LAKE,2013,January,49.956517551000005,35.77243497,14.184082581,2013-01-01
LAKE,2013,February,40.247984293,27.95612287,12.291861422999999,2013-02-01
LAKE,2013,March,40.746184426,27.64768573,13.098498696,2013-03-01
LAKE,2013,April,34.396249079,21.70652703,12.689722048999998,2013-04-01
LAKE,2013,May,35.098269205,21.40073587,13.697533335000001,2013-05-01
LAKE,2013,June,34.470875072,21.35722109,13.113653982000002,2013-06-01
LAKE,2013,July,42.41578637999999,26.34182047,16.07396591,2013-07-01
LAKE,2013,August,42.545365934,26.0614366,16.483929334,2013-08-01
LAKE,2013,September,37.987361989,22.02925819,15.958103799,2013-09-01
LAKE,2013,October,35.059647853,21.28933848,13.770309373000002,2013-10-01
LAKE,2013,November,31.519097526,19.50722051,12.011877016,2013-11-01
LAKE,2013,December,45.34973721,31.14152512,14.208212089999998,2013-12-01
LAKE,2014,January,43.453496242,30.86232533,12.591170911999999,2014-01-01
LAKE,2014,February,36.63035764799999,25.06943497,11.560922677999999,2014-02-01
LAKE,2014,March,36.482011846,24.35184842,12.130163426,2014-03-01
LAKE,2014,April,34.286101865,22.20267027,12.083431595,2014-04-01
LAKE,2014,May,32.02722659,20.03304286,11.99418373,2014-05-01
LAKE,2014,June,34.591424909000004,21.3691265,13.222298409,2014-06-01
LAKE,2014,July,41.779160143,26.22321902,15.555941123,2014-07-01
LAKE,2014,August,40.727065682,25.73334664,14.993719042000002,2014-08-01
LAKE,2014,September,38.496807168000004,22.56626038,15.930546788,2014-09-01
LAKE,2014,October,34.638454763,20.98718449,13.651270273,2014-10-01
LAKE,2014,November,27.778772771,18.36939073,9.409382041000002,2014-11-01
LAKE,2014,December,39.338109682,27.03828345,12.299826232,2014-12-01
LAKE,2015,January,40.890677913999994,29.28302887,11.607649044,2015-01-01
LAKE,2015,February,32.862659633,23.07466979,9.787989843,2015-02-01
LAKE,2015,March,35.064270081,23.49230681,11.571963271,2015-03-01
LAKE,2015,April,32.449972868,20.54136383,11.908609038000002,2015-04-01
LAKE,2015,May,30.256687074,19.01673666,11.239950413999999,2015-05-01
LAKE,2015,June,36.055800864,20.78323478,15.272566084000001,2015-06-01
LAKE,2015,July,42.016183023,26.79891722,15.217265803000002,2015-07-01
LAKE,2015,August,38.798757087,23.06961268,15.729144407,2015-08-01
LAKE,2015,September,36.377640088,21.73587336,14.641766728,2015-09-01
LAKE,2015,October,32.709620187,18.74904824,13.960571947000002,2015-10-01
LAKE,2015,November,28.752007933999998,18.00432983,10.747678103999998,2015-11-01
LAKE,2015,December,43.161476242999996,30.64198595,12.519490293,2015-12-01
LAKE,2016,January,42.518785414,31.09759045,11.421194964000001,2016-01-01
LAKE,2016,February,35.709127775999995,23.95272815,11.756399625999999,2016-02-01
LAKE,2016,March,37.707326998,25.75455373,11.952773267999998,2016-03-01
LAKE,2016,April,32.440851787,20.3955092,12.045342587,2016-04-01
LAKE,2016,May,30.806686370000005,19.09552173,11.711164640000002,2016-05-01
LAKE,2016,June,35.462882092,21.58476015,13.878121942,2016-06-01
LAKE,2016,July,38.30386351,23.6263377,14.67752581,2016-07-01
LAKE,2016,August,42.736771515,26.1569564,16.579815115000002,2016-08-01
LAKE,2016,September,37.068863906,21.39808284,15.670781066000002,2016-09-01
LAKE,2016,October,32.986465656,19.42733198,13.559133676,2016-10-01
LAKE,2016,November,31.701570254,19.70030062,12.001269634000002,2016-11-01
LAKE,2016,December,40.819218795000005,28.30318988,12.516028915,2016-12-01
LAKE,2017,January,44.830564039,31.97563444,12.854929598999998,2017-01-01
LAKE,2017,February,38.261323669999996,26.34323594,11.918087729999998,2017-02-01
LAKE,2017,March,43.201941459000004,28.46211421,14.739827249000001,2017-03-01
LAKE,2017,April,31.59590631,20.27733174,11.318574569999997,2017-04-01
LAKE,2017,May,34.408624755000005,20.45441449,13.954210264999997,2017-05-01
LAKE,2017,June,35.819360542000005,21.20988214,14.609478402,2017-06-01
LAKE,2017,July,41.905292192,25.5253845,16.379907692,2017-07-01
LAKE,2017,August,48.2873236,29.46991789,18.817405710000003,2017-08-01
LAKE,2017,September,40.62926644,24.65785444,15.971412,2017-09-01
LAKE,2017,October,32.290724491,18.89328873,13.397435760999999,2017-10-01
LAKE,2017,November,30.180210026,19.12152868,11.058681346,2017-11-01
LAKE,2017,December,38.884416541,26.31859436,12.565822180999998,2017-12-01
LAKE,2018,January,41.160371074,28.2851365,12.875234574,2018-01-01
LAKE,2018,February,35.408115391,23.85278935,11.555326041,2018-02-01
LAKE,2018,March,40.932816865999996,28.20276833,12.730048536,2018-03-01
LAKE,2018,April,33.64530151,21.53106839,12.11423312,2018-04-01
LAKE,2018,May,32.354763777,19.84405146,12.510712317000001,2018-05-01
LAKE,2018,June,33.254686761,19.56243017,13.692256591000001,2018-06-01
LAKE,2018,July,39.573196646999996,24.29998449,15.273212156999998,2018-07-01
LAKE,2018,August,42.125036746,26.89538575,15.229650996,2018-08-01
LAKE,2018,September,35.836996877,21.15823123,14.678765647,2018-09-01
LAKE,2018,October,33.07450688,18.36367447,14.710832409999998,2018-10-01
LAKE,2018,November,31.956010931,18.77854619,13.177464741000001,2018-11-01
LAKE,2018,December,37.630639682,25.42313435,12.207505332,2018-12-01
LAKE,2019,January,41.573238937,29.70592413,11.867314807,2019-01-01
LAKE,2019,February,36.895293482,25.05426479,11.841028691999998,2019-02-01
LAKE,2019,March,41.813165827,28.72437446,13.088791367,2019-03-01
LAKE,2019,April,35.292095145000005,21.90257795,13.389517195000002,2019-04-01
LAKE,2019,May,32.367114947,19.18348575,13.183629196999998,2019-05-01
LAKE,2019,June,33.625571257000004,20.38755851,13.238012747000003,2019-06-01
LAKE,2019,July,36.225239767000005,22.8625627,13.362677067,2019-07-01
LAKE,2019,August,44.704241032999995,25.27068356,19.433557473,2019-08-01
LAKE,2019,September,37.597196584,22.22386695,15.373329634000001,2019-09-01
LAKE,2019,October,32.276086925,18.91488792,13.361199005,2019-10-01
LAKE,2019,November,23.262672854,14.57752395,8.685148904,2019-11-01
LAKE,2019,December,40.006697902999996,26.62589255,13.380805353,2019-12-01
LAKE,2020,January,42.861861205,30.65129728,12.210563924999999,2020-01-01
LAKE,2020,February,34.771143641,24.2799886,10.491155040999999,2020-02-01
LAKE,2020,March,35.048217573,24.27557331,10.772644263,2020-03-01
LAKE,2020,April,35.026463594,24.3752779,10.651185694000002,2020-04-01
LAKE,2020,May,29.995692675,19.76175956,10.233933115,2020-05-01
LAKE,2020,June,35.101715881,22.64722319,12.454492691,2020-06-01
LAKE,2020,July,43.803224625999995,28.26996861,15.533256016,2020-07-01
LAKE,2020,August,43.780837274,28.5499967,15.230840573999998,2020-08-01
LAKE,2020,September,42.778656768,27.00679271,15.771864057999998,2020-09-01
LAKE,2020,October,35.140874101,22.12363111,13.017242991,2020-10-01
LAKE,2020,November,29.592334432,19.24099384,10.351340592,2020-11-01
LAKE,2020,December,43.446138254000005,32.08875504,11.357383213999999,2020-12-01
LAKE,2021,January,41.513922335,30.29682583,11.217096505,2021-01-01
LAKE,2021,February,37.45600623,26.59056905,10.86543718,2021-02-01
LAKE,2021,March,43.01419595,30.31682588,12.69737007,2021-03-01
LAKE,2021,April,35.421800446,24.24889612,11.172904326000001,2021-04-01
LAKE,2021,May,31.608041037999996,19.94828832,11.659752718,2021-05-01
LAKE,2021,June,38.343621069,24.29719325,14.046427819,2021-06-01
LAKE,2021,July,45.64913992,30.75261649,14.896523430000002,2021-07-01
LAKE,2021,August,47.711680502,31.0554958,16.656184701999997,2021-08-01
LAKE,2021,September,40.468139604,25.83713341,14.631006194,2021-09-01
LAKE,2021,October,32.572416042,20.65027205,11.922143991999999,2021-10-01
LAKE,2021,November,30.858655527,20.14056295,10.718092577,2021-11-01
LAKE,2021,December,41.07817184,29.98128381,11.09688803,2021-12-01
LAKE,2022,January,41.189860595999995,30.1514487,11.038411896,2022-01-01
LAKE,2022,February,35.341592849,25.00728426,10.334308589,2022-02-01
LAKE,2022,March,39.740664720999995,28.20789936,11.532765361,2022-03-01
LAKE,2022,April,31.740081485,21.26967373,10.470407754999998,2022-04-01
LAKE,2022,May,32.542694557000004,21.16001454,11.382680017000002,2022-05-01
LAKE,2022,June,34.129594435,20.99494319,13.134651244999999,2022-06-01
LAKE,2022,July,38.218832499,23.90659816,14.312234339000002,2022-07-01
LAKE,2022,August,44.768053294000005,28.61950195,16.148551343999998,2022-08-01
LAKE,2022,September,40.210752003,25.4154807,14.795271303,2022-09-01
LAKE,2022,October,29.405430302,18.12055006,11.284880242,2022-10-01
LAKE,2022,November,30.733358250000002,20.37102373,10.36233452,2022-11-01
LAKE,2022,December,40.979312234,29.59902416,11.380288074,2022-12-01
LAKE,2023,January,41.22460427,30.04212022,11.18248405,2023-01-01
LAKE,2023,February,36.233347257,25.36628891,10.867058347000002,2023-02-01
LAKE,2023,March,43.443589492,31.65854374,11.785045751999998,2023-03-01
LAKE,2023,April,35.821621444,24.36275745,11.458863994,2023-04-01
LAKE,2023,May,32.498265149,20.05878931,12.439475839,2023-05-01
LAKE,2023,June,32.022407736999995,19.17666829,12.845739447,2023-06-01
LAKE,2023,July,37.099029348,23.37360289,13.725426458000001,2023-07-01
LAKE,2023,August,43.105858929,27.36807526,15.737783669,2023-08-01
LAKE,2023,September,33.954010001,20.57166078,13.382349221000002,2023-09-01
LAKE,2023,October,32.243457288,17.45381902,14.789638268,2023-10-01
LAKE,2023,November,29.38666562,18.2065993,11.18006632,2023-11-01
LAKE,2023,December,36.261912086,25.52372433,10.738187756000002,2023-12-01
LAKE,2024,January,39.534163242,27.98149308,11.552670162,2024-01-01
LAKE,2024,February,35.514568984,24.26606596,11.248503023999998,2024-02-01
LAKE,2024,March,38.42244681,26.68863735,11.73380946,2024-03-01
LAKE,2024,April,33.670784459000004,21.58882017,12.081964288999998,2024-04-01
LAKE,2024,May,31.402567216,18.73470889,12.667858326,2024-05-01
LAKE,2024,June,33.39774302,19.56485643,13.832886590000001,2024-06-01
LAKE,2024,July,44.869588655,28.1340749,16.735513755,2024-07-01
LAKE,2024,August,45.198361489999996,27.77674132,17.42162017,2024-08-01
LAKE,2024,September,35.488121968,20.04671441,15.441407558000002,2024-09-01
LAKE,2024,October,34.15278065,19.86163364,14.29114701,2024-10-01
LAKE,2024,November,28.112557322,17.14292469,10.969632632,2024-11-01
LAKE,2024,December,38.743850493,26.48954217,12.254308322999998,2024-12-01
LASSEN,2008,January,22.26273484,11.92921977,10.33351507,2008-01-01
LASSEN,2008,February,22.199547151,11.52843011,10.671117041,2008-02-01
LASSEN,2008,March,19.278480666,9.212334403,10.066146263,2008-03-01
LASSEN,2008,April,20.914441415,8.934441056,11.980000358999998,2008-04-01
LASSEN,2008,May,22.015143125,7.722767163,14.292375962,2008-05-01
LASSEN,2008,June,22.151315789,7.680237194,14.471078595,2008-06-01
LASSEN,2008,July,24.913640737,8.090570719,16.823070018,2008-07-01
LASSEN,2008,August,26.611883982,8.395988219,18.215895763,2008-08-01
LASSEN,2008,September,24.013380910000002,8.311005644,15.702375265999999,2008-09-01
LASSEN,2008,October,19.327203722,7.564706078,11.762497643999998,2008-10-01
LASSEN,2008,November,19.015668574,8.124570238,10.891098335999999,2008-11-01
LASSEN,2008,December,21.882802169,9.548448033,12.334354136,2008-12-01
LASSEN,2009,January,33.603513751,11.3965973,22.206916451,2009-01-01
LASSEN,2009,February,29.955135181000003,9.651232234,20.303902947,2009-02-01
LASSEN,2009,March,30.206485096,8.655610542,21.550874554,2009-03-01
LASSEN,2009,April,32.490649427,10.18183846,22.308810967,2009-04-01
LASSEN,2009,May,32.487451069,8.730228695,23.757222374,2009-05-01
LASSEN,2009,June,30.900841549,8.003298678,22.897542871,2009-06-01
LASSEN,2009,July,37.694999945999996,7.419956966,30.27504298,2009-07-01
LASSEN,2009,August,37.509716871,8.077840582,29.431876289,2009-08-01
LASSEN,2009,September,32.559766882,7.141072358,25.418694524000003,2009-09-01
LASSEN,2009,October,29.17575476,7.197424883,21.978329877,2009-10-01
LASSEN,2009,November,30.431267016,10.08307768,20.348189336,2009-11-01
LASSEN,2009,December,35.30749632,9.979014781,25.328481539,2009-12-01
LASSEN,2010,January,25.478608860999998,12.87337343,12.605235431,2010-01-01
LASSEN,2010,February,29.260742315999998,9.762101584,19.498640732,2010-02-01
LASSEN,2010,March,30.877577768000002,9.020833369,21.856744399,2010-03-01
LASSEN,2010,April,28.940064738000004,9.225519201,19.714545537,2010-04-01
LASSEN,2010,May,28.531214736000003,8.007386325,20.523828411,2010-05-01
LASSEN,2010,June,30.146717515,7.408178118,22.738539397,2010-06-01
LASSEN,2010,July,35.028161630999996,7.921378722,27.106782909,2010-07-01
LASSEN,2010,August,35.463802615000006,8.168127202,27.295675413,2010-08-01
LASSEN,2010,September,30.788091416,7.644915318,23.143176097999998,2010-09-01
LASSEN,2010,October,26.98092204,7.158084274,19.822837766,2010-10-01
LASSEN,2010,November,26.612945524,7.712613941,18.900331582999996,2010-11-01
LASSEN,2010,December,31.344565519999996,9.944703505,21.399862014999997,2010-12-01
LASSEN,2011,January,35.748260669000004,11.63236927,24.115891399,2011-01-01
LASSEN,2011,February,31.74142808,9.728861334,22.012566745999997,2011-02-01
LASSEN,2011,March,32.544305004,9.533853372,23.010451632,2011-03-01
LASSEN,2011,April,30.416485445,9.504341004,20.912144441000002,2011-04-01
LASSEN,2011,May,30.512303916,7.672297183,22.840006733000003,2011-05-01
LASSEN,2011,June,30.07404106,7.565409323,22.508631737,2011-06-01
LASSEN,2011,July,34.733621377,7.603902584,27.129718793000002,2011-07-01
LASSEN,2011,August,37.385533084,7.766081585,29.619451499,2011-08-01
LASSEN,2011,September,33.658916252,7.721099997,25.937816255,2011-09-01
LASSEN,2011,October,29.601035603,7.25046854,22.350567063,2011-10-01
LASSEN,2011,November,30.24541907,7.774856777,22.470562293,2011-11-01
LASSEN,2011,December,20.892936263000003,9.940663784,10.952272479000001,2011-12-01
LASSEN,2012,January,34.506872987,11.81810276,22.688770227,2012-01-01
LASSEN,2012,February,31.536433119999998,9.856531402,21.679901717999996,2012-02-01
LASSEN,2012,March,31.392347025,9.608002981,21.784344044,2012-03-01
LASSEN,2012,April,28.875953495,9.033324571,19.842628924000003,2012-04-01
LASSEN,2012,May,30.653247469,7.190824717,23.462422752000002,2012-05-01
LASSEN,2012,June,32.681191428,7.392262215,25.288929213,2012-06-01
LASSEN,2012,July,37.068451741000004,7.520792179,29.547659562,2012-07-01
LASSEN,2012,August,32.474672916,7.775156202,24.699516714,2012-08-01
LASSEN,2012,September,30.756283784,8.007972294,22.74831149,2012-09-01
LASSEN,2012,October,30.061184008999998,6.638834994,23.422349014999998,2012-10-01
LASSEN,2012,November,28.899405768,7.971908499,20.927497269,2012-11-01
LASSEN,2012,December,31.471597146999997,9.53411994,21.937477207,2012-12-01
LASSEN,2013,January,36.83133935,11.43768022,25.393659129999996,2013-01-01
LASSEN,2013,February,33.160054189,11.38543899,21.774615199,2013-02-01
LASSEN,2013,March,29.144139206,8.74840551,20.395733696,2013-03-01
LASSEN,2013,April,27.91041148,7.345021813,20.565389666999998,2013-04-01
LASSEN,2013,May,32.338558662,7.138855309,25.199703353,2013-05-01
LASSEN,2013,June,32.217872227,6.759770992,25.458101235,2013-06-01
LASSEN,2013,July,38.453876973999996,8.556846824,29.89703015,2013-07-01
LASSEN,2013,August,38.805776,8.992971384,29.812804616,2013-08-01
LASSEN,2013,September,34.650868657000004,8.729794884,25.921073772999996,2013-09-01
LASSEN,2013,October,29.590160202,7.015514568,22.574645634,2013-10-01
LASSEN,2013,November,29.378421189,7.827860951,21.550560238,2013-11-01
LASSEN,2013,December,34.98395144,10.61429269,24.36965875,2013-12-01
LASSEN,2014,January,35.514578043,10.97767232,24.536905722999997,2014-01-01
LASSEN,2014,February,30.340754617,8.981875771,21.358878846,2014-02-01
LASSEN,2014,March,28.424919758,7.944828365,20.480091393,2014-03-01
LASSEN,2014,April,30.795400823999998,8.502470239,22.292930585,2014-04-01
LASSEN,2014,May,32.548280603,7.473865298,25.074415305,2014-05-01
LASSEN,2014,June,36.163108011,7.264247879,28.898860132000003,2014-06-01
LASSEN,2014,July,39.821033815999996,7.383144677,32.437889139,2014-07-01
LASSEN,2014,August,36.831932588,7.676172934,29.155759654,2014-08-01
LASSEN,2014,September,33.149642965,7.04757966,26.102063305,2014-09-01
LASSEN,2014,October,31.595938527,6.105231821,25.490706706,2014-10-01
LASSEN,2014,November,29.386789589000003,7.160314196,22.226475393,2014-11-01
LASSEN,2014,December,30.923915870000002,7.848692298,23.075223572,2014-12-01
LASSEN,2015,January,32.448361182,10.85818866,21.590172522000003,2015-01-01
LASSEN,2015,February,25.334968117,8.954982344,16.379985773,2015-02-01
LASSEN,2015,March,26.516734358999997,7.690825825,18.825908534,2015-03-01
LASSEN,2015,April,28.583829493,7.684049404,20.899780089,2015-04-01
LASSEN,2015,May,31.284337088999997,7.070959717,24.213377372,2015-05-01
LASSEN,2015,June,31.697668494,6.342723169,25.354945325000003,2015-06-01
LASSEN,2015,July,36.738105149,7.800265869,28.93783928,2015-07-01
LASSEN,2015,August,36.303477851,7.476018214,28.827459637,2015-08-01
LASSEN,2015,September,33.065008656,7.367641815,25.697366841,2015-09-01
LASSEN,2015,October,32.240638101,6.59281902,25.647819081,2015-10-01
LASSEN,2015,November,27.847093744,7.205265033,20.641828711000002,2015-11-01
LASSEN,2015,December,21.306427114,9.993468653,11.312958461,2015-12-01
LASSEN,2016,January,37.580922474000005,12.2236905,25.357231974,2016-01-01
LASSEN,2016,February,31.537128507,9.587581247,21.94954726,2016-02-01
LASSEN,2016,March,31.824959396000004,8.612280029,23.212679367,2016-03-01
LASSEN,2016,April,29.317043411,8.107950533,21.209092878,2016-04-01
LASSEN,2016,May,31.160575686,6.879902317,24.280673369,2016-05-01
LASSEN,2016,June,34.976441746,7.059530667,27.916911079000002,2016-06-01
LASSEN,2016,July,42.960731016,7.55073533,35.409995686,2016-07-01
LASSEN,2016,August,45.223088226,7.723293507,37.49979471899999,2016-08-01
LASSEN,2016,September,39.580702896,8.01534546,31.565357436,2016-09-01
LASSEN,2016,October,32.523244964,6.801744871,25.721500093000003,2016-10-01
LASSEN,2016,November,30.049733909,7.338322824,22.711411085,2016-11-01
LASSEN,2016,December,35.217753370000004,9.884843839,25.332909531,2016-12-01
LASSEN,2017,January,33.499743282,11.44771814,22.052025141999998,2017-01-01
LASSEN,2017,February,31.218210286,10.45409296,20.764117325999997,2017-02-01
LASSEN,2017,March,29.064694551,9.452205492,19.612489058999998,2017-03-01
LASSEN,2017,April,27.691057752,8.336608127,19.354449625,2017-04-01
LASSEN,2017,May,27.087551830000002,6.988157315,20.099394515,2017-05-01
LASSEN,2017,June,33.297938247000005,7.099221196,26.198717051000003,2017-06-01
LASSEN,2017,July,38.496549088,8.603889559,29.892659529,2017-07-01
LASSEN,2017,August,38.041830302,7.737422249,30.304408053000003,2017-08-01
LASSEN,2017,September,35.326682947,8.165470746,27.161212200999998,2017-09-01
LASSEN,2017,October,28.492084685,7.131563096,21.360521589,2017-10-01
LASSEN,2017,November,28.513908702000002,7.614828216,20.899080486,2017-11-01
LASSEN,2017,December,34.22406262,9.294258351,24.929804269,2017-12-01
LASSEN,2018,January,32.33318409,10.65754895,21.67563514,2018-01-01
LASSEN,2018,February,31.408994771,9.998766305,21.410228466,2018-02-01
LASSEN,2018,March,30.704981381000003,9.494312203,21.210669178000003,2018-03-01
LASSEN,2018,April,28.694851919,8.522091721,20.172760198000002,2018-04-01
LASSEN,2018,May,29.828851946,7.152109611,22.676742335,2018-05-01
LASSEN,2018,June,30.236873505,6.903236104,23.333637401,2018-06-01
LASSEN,2018,July,37.454270652,7.37579776,30.078472892,2018-07-01
LASSEN,2018,August,39.474199595,8.61350627,30.860693325,2018-08-01
LASSEN,2018,September,33.76704201,7.970077526,25.796964484,2018-09-01
LASSEN,2018,October,27.170607659,6.397413496,20.773194163,2018-10-01
LASSEN,2018,November,20.796563093,8.112312059,12.684251033999999,2018-11-01
LASSEN,2018,December,32.140823229,9.556512575,22.584310654,2018-12-01
LASSEN,2019,January,32.908426958999996,10.85615962,22.052267338999997,2019-01-01
LASSEN,2019,February,32.331249751,10.47990362,21.851346131,2019-02-01
LASSEN,2019,March,30.543004008000004,9.735237035,20.807766973,2019-03-01
LASSEN,2019,April,27.458840463999998,8.51580475,18.943035713999997,2019-04-01
LASSEN,2019,May,29.044461378,7.359966663,21.684494715,2019-05-01
LASSEN,2019,June,28.447281099999998,7.636711929,20.810569171,2019-06-01
LASSEN,2019,July,33.337036276,7.493732919,25.843303357,2019-07-01
LASSEN,2019,August,37.267965165,8.206283087,29.061682078,2019-08-01
LASSEN,2019,September,27.592564802,7.229625295,20.362939507,2019-09-01
LASSEN,2019,October,26.876395273,7.127590322,19.748804951,2019-10-01
LASSEN,2019,November,28.044090735,8.297171888,19.746918847000003,2019-11-01
LASSEN,2019,December,31.144993286000002,9.236693722,21.908299564,2019-12-01
LASSEN,2020,January,32.634583125000006,10.98740193,21.647181195,2020-01-01
LASSEN,2020,February,28.925720161,9.889226891,19.03649327,2020-02-01
LASSEN,2020,March,29.056177212999998,8.731128448,20.325048765,2020-03-01
LASSEN,2020,April,29.264501985000003,9.354129247,19.910372738,2020-04-01
LASSEN,2020,May,29.941015137999997,7.471509221,22.469505917,2020-05-01
LASSEN,2020,June,31.048993358,7.209063796,23.839929562000002,2020-06-01
LASSEN,2020,July,29.690102181999997,8.194297782,21.4958044,2020-07-01
LASSEN,2020,August,39.343333546000004,8.924489645,30.418843901,2020-08-01
LASSEN,2020,September,32.689110052,8.559853308,24.129256744,2020-09-01
LASSEN,2020,October,26.112565438,7.047634929,19.064930509,2020-10-01
LASSEN,2020,November,28.966739238,8.335000132,20.631739105999998,2020-11-01
LASSEN,2020,December,31.442823381,10.31372097,21.129102410999998,2020-12-01
LASSEN,2021,January,32.626980091,11.05368865,21.573291441000002,2021-01-01
LASSEN,2021,February,30.359064667000002,10.2373823,20.121682367,2021-02-01
LASSEN,2021,March,28.587481484999998,9.028323247,19.559158238,2021-03-01
LASSEN,2021,April,30.502568202,8.852240061,21.650328141,2021-04-01
LASSEN,2021,May,32.281300865,7.374709596,24.906591269,2021-05-01
LASSEN,2021,June,37.417099402,8.463713118,28.953386283999997,2021-06-01
LASSEN,2021,July,28.802690743,8.947297122,19.855393620999997,2021-07-01
LASSEN,2021,August,23.973258727,8.761987372,15.211271355,2021-08-01
LASSEN,2021,September,26.209846575,7.761337571,18.448509004,2021-09-01
LASSEN,2021,October,27.607552711,7.243719513,20.363833198,2021-10-01
LASSEN,2021,November,26.763856173999997,8.288032716,18.475823458,2021-11-01
LASSEN,2021,December,24.456362767,9.573700965,14.882661802,2021-12-01
LASSEN,2022,January,34.084492772,12.07379935,22.010693422,2022-01-01
LASSEN,2022,February,30.457848906000002,10.75505658,19.702792326,2022-02-01
LASSEN,2022,March,28.337596107000003,9.332076534,19.005519573,2022-03-01
LASSEN,2022,April,19.007138482,8.424461024,10.582677458000001,2022-04-01
LASSEN,2022,May,20.140186716,7.920646281,12.219540435,2022-05-01
LASSEN,2022,June,23.518123082,7.259413257,16.258709825,2022-06-01
LASSEN,2022,July,23.740123169,7.584002124,16.156121045,2022-07-01
LASSEN,2022,August,28.526030299000002,9.278875272,19.247155027,2022-08-01
LASSEN,2022,September,26.420843156,8.792675016,17.62816814,2022-09-01
LASSEN,2022,October,18.193918523,6.884753131,11.309165392,2022-10-01
LASSEN,2022,November,18.8589596,8.515031337,10.343928262999999,2022-11-01
LASSEN,2022,December,20.703661573,11.1671595,9.536502073000001,2022-12-01
LASSEN,2023,January,21.565866147999998,11.94456041,9.621305738000002,2023-01-01
LASSEN,2023,February,21.982828455,11.82825363,10.154574825,2023-02-01
LASSEN,2023,March,19.978081877,10.71507906,9.263002817,2023-03-01
LASSEN,2023,April,25.456121397,14.40373335,11.052388047,2023-04-01
LASSEN,2023,May,18.273738584,7.418554059,10.855184525000002,2023-05-01
LASSEN,2023,June,18.291306731,7.005336256,11.285970475000001,2023-06-01
LASSEN,2023,July,22.490895437,7.477115197,15.013780239999999,2023-07-01
LASSEN,2023,August,25.475782062,8.878554266,16.597227796,2023-08-01
LASSEN,2023,September,21.810883692,7.64401797,14.166865721999997,2023-09-01
LASSEN,2023,October,16.750921391,6.692272584,10.058648806999999,2023-10-01
LASSEN,2023,November,17.327351672,7.869735227,9.457616445000001,2023-11-01
LASSEN,2023,December,18.754161806,9.802366364,8.951795442,2023-12-01
LASSEN,2024,January,19.746360503000002,10.76755569,8.978804813,2024-01-01
LASSEN,2024,February,18.636090603,9.915883546,8.720207057,2024-02-01
LASSEN,2024,March,18.585266245,9.35480422,9.230462025000001,2024-03-01
LASSEN,2024,April,18.118213701000002,8.737838581,9.380375120000002,2024-04-01
LASSEN,2024,May,19.039195764,7.224121283,11.815074481,2024-05-01
LASSEN,2024,June,23.003669641000002,7.251394795,15.752274845999999,2024-06-01
LASSEN,2024,July,25.525563836,8.471643264,17.053920572,2024-07-01
LASSEN,2024,August,28.098402521,9.587472009,18.510930512,2024-08-01
LASSEN,2024,September,37.47621743,7.577744555,29.898472875,2024-09-01
LASSEN,2024,October,18.4090224,6.781940137,11.627082263,2024-10-01
LASSEN,2024,November,16.771473042,7.925121343,8.846351699,2024-11-01
LASSEN,2024,December,18.970593182,10.18438148,8.786211702000001,2024-12-01
LOS ANGELES,2008,January,5720.11049199,1534.62151,4185.48898199,2008-01-01
LOS ANGELES,2008,February,5754.85956173,1409.199083,4345.660478729999,2008-02-01
LOS ANGELES,2008,March,5514.44876565,1384.808532,4129.6402336500005,2008-03-01
LOS ANGELES,2008,April,5051.16755208,1242.204877,3808.96267508,2008-04-01
LOS ANGELES,2008,May,5574.6544427399995,1417.753479,4156.9009637399995,2008-05-01
LOS ANGELES,2008,June,5626.11653065,1641.316347,3984.80018365,2008-06-01
LOS ANGELES,2008,July,6649.55963031,2070.015006,4579.54462431,2008-07-01
LOS ANGELES,2008,August,6456.01815711,2134.08779,4321.930367110001,2008-08-01
LOS ANGELES,2008,September,6568.77434349,2109.138348,4459.635995490001,2008-09-01
LOS ANGELES,2008,October,6294.08154794,1861.422414,4432.65913394,2008-10-01
LOS ANGELES,2008,November,6566.62151229,2038.599897,4528.021615289999,2008-11-01
LOS ANGELES,2008,December,6182.09633876,2268.618955,3913.47738376,2008-12-01
LOS ANGELES,2009,January,5718.83149337,1836.502287,3882.3292063700005,2009-01-01
LOS ANGELES,2009,February,5622.82049333,1683.448878,3939.37161533,2009-02-01
LOS ANGELES,2009,March,5323.23682161,1537.880392,3785.3564296100003,2009-03-01
LOS ANGELES,2009,April,5337.68614625,1479.99664,3857.6895062500002,2009-04-01
LOS ANGELES,2009,May,5632.78941358,1487.790303,4144.99911058,2009-05-01
LOS ANGELES,2009,June,5497.47356654,1505.702936,3991.77063054,2009-06-01
LOS ANGELES,2009,July,6113.49405725,1782.876748,4330.61730925,2009-07-01
LOS ANGELES,2009,August,6424.72150793,1992.301576,4432.41993193,2009-08-01
LOS ANGELES,2009,September,6497.69635646,2081.018028,4416.678328460001,2009-09-01
LOS ANGELES,2009,October,6454.42698473,1884.411202,4570.01578273,2009-10-01
LOS ANGELES,2009,November,5779.1728318,1613.325498,4165.8473338,2009-11-01
LOS ANGELES,2009,December,5417.71075438,1697.593818,3720.11693638,2009-12-01
LOS ANGELES,2010,January,5967.87020356,1782.470827,4185.39937656,2010-01-01
LOS ANGELES,2010,February,5850.56856619,1703.854656,4146.71391019,2010-02-01
LOS ANGELES,2010,March,5523.02658679,1529.295517,3993.7310697899998,2010-03-01
LOS ANGELES,2010,April,5139.20872616,1433.559688,3705.6490381599997,2010-04-01
LOS ANGELES,2010,May,5209.25771379,1377.564491,3831.6932227899997,2010-05-01
LOS ANGELES,2010,June,5286.98495654,1504.842126,3782.1428305399995,2010-06-01
LOS ANGELES,2010,July,6026.17574322,1678.58409,4347.59165322,2010-07-01
LOS ANGELES,2010,August,5742.51122975,1772.862591,3969.6486387499995,2010-08-01
LOS ANGELES,2010,September,6066.70594629,1831.599157,4235.10678929,2010-09-01
LOS ANGELES,2010,October,6052.38890477,1800.054957,4252.333947770001,2010-10-01
LOS ANGELES,2010,November,5714.2859942000005,1590.81617,4123.4698241999995,2010-11-01
LOS ANGELES,2010,December,5546.023814579999,1703.178268,3842.8455465800002,2010-12-01
LOS ANGELES,2011,January,5418.67399595,1880.95227,3537.7217259500003,2011-01-01
LOS ANGELES,2011,February,4743.60096128,924.7263184,3818.8746428799996,2011-02-01
LOS ANGELES,2011,March,5050.24091935,1624.753377,3425.4875423499993,2011-03-01
LOS ANGELES,2011,April,5581.19887232,1564.033093,4017.1657793199997,2011-04-01
LOS ANGELES,2011,May,5385.48865673,1461.030843,3924.45781373,2011-05-01
LOS ANGELES,2011,June,5477.52369455,1513.3286,3964.1950945500002,2011-06-01
LOS ANGELES,2011,July,6133.59444412,1797.386442,4336.20800212,2011-07-01
LOS ANGELES,2011,August,6242.36328109,1932.725236,4309.63804509,2011-08-01
LOS ANGELES,2011,September,6426.27636481,2072.198132,4354.07823281,2011-09-01
LOS ANGELES,2011,October,6145.89696759,1842.781119,4303.1158485900005,2011-10-01
LOS ANGELES,2011,November,5872.52096021,1645.253229,4227.26773121,2011-11-01
LOS ANGELES,2011,December,5567.555532570001,1787.842462,3779.71307057,2011-12-01
LOS ANGELES,2012,January,5209.30956878,1806.108467,3403.20110178,2012-01-01
LOS ANGELES,2012,February,5261.8187410400005,1648.146328,3613.67241304,2012-02-01
LOS ANGELES,2012,March,4911.62940681,1547.689988,3363.9394188100005,2012-03-01
LOS ANGELES,2012,April,5330.99395469,1505.827103,3825.16685169,2012-04-01
LOS ANGELES,2012,May,5519.2261164,1452.005924,4067.2201924,2012-05-01
LOS ANGELES,2012,June,5782.39008299,1569.00873,4213.38135299,2012-06-01
LOS ANGELES,2012,July,6045.10593803,1719.483687,4325.62225103,2012-07-01
LOS ANGELES,2012,August,6367.96104765,2034.43542,4333.52562765,2012-08-01
LOS ANGELES,2012,September,6841.988372260001,2268.69574,4573.292632259999,2012-09-01
LOS ANGELES,2012,October,6546.21008448,2150.099634,4396.11045048,2012-10-01
LOS ANGELES,2012,November,6010.92666278,1681.465575,4329.4610877800005,2012-11-01
LOS ANGELES,2012,December,5249.9506414,1669.591316,3580.3593254,2012-12-01
LOS ANGELES,2013,January,5488.592076620001,1888.501507,3600.09056962,2013-01-01
LOS ANGELES,2013,February,5430.60021819,1745.976957,3684.6232611899995,2013-02-01
LOS ANGELES,2013,March,5245.61458113,1551.507373,3694.10720813,2013-03-01
LOS ANGELES,2013,April,5012.39993977,1414.241435,3598.15850477,2013-04-01
LOS ANGELES,2013,May,5423.76727296,1426.138392,3997.6288809599996,2013-05-01
LOS ANGELES,2013,June,5684.75372521,1583.021829,4101.73189621,2013-06-01
LOS ANGELES,2013,July,6246.47685583,1916.411065,4330.06579083,2013-07-01
LOS ANGELES,2013,August,6170.53195178,1867.906128,4302.62582378,2013-08-01
LOS ANGELES,2013,September,6427.2037414,2196.95664,4230.2471014,2013-09-01
LOS ANGELES,2013,October,5933.12102359,1819.616072,4113.50495159,2013-10-01
LOS ANGELES,2013,November,5723.33931,1503.319124,4220.020186000001,2013-11-01
LOS ANGELES,2013,December,5407.9154188699995,1670.347945,3737.5674738699995,2013-12-01
LOS ANGELES,2014,January,5485.109308620001,1711.244642,3773.8646666199998,2014-01-01
LOS ANGELES,2014,February,5402.02838681,1546.746334,3855.2820528099996,2014-02-01
LOS ANGELES,2014,March,5244.913822240001,1433.831844,3811.0819782400004,2014-03-01
LOS ANGELES,2014,April,5313.0882241399995,1412.41289,3900.67533414,2014-04-01
LOS ANGELES,2014,May,5567.89010193,1493.962683,4073.9274189299995,2014-05-01
LOS ANGELES,2014,June,5750.90549371,1681.668456,4069.23703771,2014-06-01
LOS ANGELES,2014,July,6175.75012832,1921.892162,4253.85796632,2014-07-01
LOS ANGELES,2014,August,6631.77592566,2074.333838,4557.442087659999,2014-08-01
LOS ANGELES,2014,September,6457.23761514,2197.264737,4259.97287814,2014-09-01
LOS ANGELES,2014,October,6412.05099824,2001.02366,4411.02733824,2014-10-01
LOS ANGELES,2014,November,5812.018855509999,1575.365337,4236.65351851,2014-11-01
LOS ANGELES,2014,December,5267.39111499,1572.949573,3694.44154199,2014-12-01
LOS ANGELES,2015,January,5512.20144082,1633.459832,3878.7416088200002,2015-01-01
LOS ANGELES,2015,February,5192.07731238,1466.226911,3725.8504013799993,2015-02-01
LOS ANGELES,2015,March,5278.71895474,1379.400846,3899.3181087400003,2015-03-01
LOS ANGELES,2015,April,5320.05935699,1365.588045,3954.4713119900007,2015-04-01
LOS ANGELES,2015,May,5289.082889130001,1392.140843,3896.94204613,2015-05-01
LOS ANGELES,2015,June,5458.02014743,1531.424226,3926.5959214300005,2015-06-01
LOS ANGELES,2015,July,6138.01634859,1850.402297,4287.614051590001,2015-07-01
LOS ANGELES,2015,August,6256.4230360599995,2069.931221,4186.49181506,2015-08-01
LOS ANGELES,2015,September,6770.82049381,2273.784287,4497.03620681,2015-09-01
LOS ANGELES,2015,October,6782.78385248,2129.619131,4653.16472148,2015-10-01
LOS ANGELES,2015,November,5905.8663793099995,1688.063826,4217.80255331,2015-11-01
LOS ANGELES,2015,December,5484.28950598,1608.416761,3875.87274498,2015-12-01
LOS ANGELES,2016,January,5554.08929243,1715.117705,3838.97158743,2016-01-01
LOS ANGELES,2016,February,5162.76389836,1539.977265,3622.7866333599995,2016-02-01
LOS ANGELES,2016,March,5163.87017148,1357.107006,3806.76316548,2016-03-01
LOS ANGELES,2016,April,5353.514363689999,1395.425511,3958.08885269,2016-04-01
LOS ANGELES,2016,May,5304.86608187,1331.025834,3973.84024787,2016-05-01
LOS ANGELES,2016,June,5489.99990698,1552.086342,3937.91356498,2016-06-01
LOS ANGELES,2016,July,6557.33562588,1969.619857,4587.715768880001,2016-07-01
LOS ANGELES,2016,August,6609.476927510001,2261.700028,4347.77689951,2016-08-01
LOS ANGELES,2016,September,6455.900754939999,2035.48937,4420.41138494,2016-09-01
LOS ANGELES,2016,October,6066.53162117,1835.957554,4230.5740671700005,2016-10-01
LOS ANGELES,2016,November,5891.7993834,1576.640445,4315.1589384,2016-11-01
LOS ANGELES,2016,December,5550.16172018,1604.814633,3945.34708718,2016-12-01
LOS ANGELES,2017,January,5269.82801431,1705.516544,3564.31147031,2017-01-01
LOS ANGELES,2017,February,5295.40965088,1607.303283,3688.10636788,2017-02-01
LOS ANGELES,2017,March,5152.79303429,1473.933376,3678.85965829,2017-03-01
LOS ANGELES,2017,April,5095.69581875,1369.252374,3726.44344475,2017-04-01
LOS ANGELES,2017,May,5256.78318755,1376.467313,3880.3158745499995,2017-05-01
LOS ANGELES,2017,June,5576.36488404,1562.103195,4014.26168904,2017-06-01
LOS ANGELES,2017,July,6299.711912950001,2055.242846,4244.4690669500005,2017-07-01
LOS ANGELES,2017,August,6475.02195843,2228.668399,4246.353559429999,2017-08-01
LOS ANGELES,2017,September,6812.21069217,2244.326755,4567.88393717,2017-09-01
LOS ANGELES,2017,October,5849.7689103699995,1787.981305,4061.78760537,2017-10-01
LOS ANGELES,2017,November,5697.09371508,1573.231709,4123.862006079999,2017-11-01
LOS ANGELES,2017,December,5566.18597497,1528.031752,4038.1542229700003,2017-12-01
LOS ANGELES,2018,January,5147.6362348600005,1607.011771,3540.62446386,2018-01-01
LOS ANGELES,2018,February,5119.00238552,1466.394209,3652.6081765199997,2018-02-01
LOS ANGELES,2018,March,5143.80148799,1468.906127,3674.8953609900004,2018-03-01
LOS ANGELES,2018,April,5138.02718262,1419.986966,3718.0402166199997,2018-04-01
LOS ANGELES,2018,May,4940.04175314,1329.246435,3610.7953181399994,2018-05-01
LOS ANGELES,2018,June,5594.80780512,1477.031381,4117.77642412,2018-06-01
LOS ANGELES,2018,July,6085.8888009600005,1966.389606,4119.49919496,2018-07-01
LOS ANGELES,2018,August,7016.398994170001,2531.208484,4485.19051017,2018-08-01
LOS ANGELES,2018,September,6610.85575679,2242.960664,4367.89509279,2018-09-01
LOS ANGELES,2018,October,5927.6124656,1792.849629,4134.762836600001,2018-10-01
LOS ANGELES,2018,November,5382.380358959999,1481.741341,3900.6390179600007,2018-11-01
LOS ANGELES,2018,December,5433.90629349,1542.368804,3891.5374894899996,2018-12-01
LOS ANGELES,2019,January,5238.95170778,1748.374137,3490.57757078,2019-01-01
LOS ANGELES,2019,February,5339.4819496400005,1737.857502,3601.62444764,2019-02-01
LOS ANGELES,2019,March,5110.0927194099995,1619.18539,3490.9073294100003,2019-03-01
LOS ANGELES,2019,April,4989.77414063,1445.241255,3544.5328856299993,2019-04-01
LOS ANGELES,2019,May,5010.5772842,1356.834418,3653.7428661999998,2019-05-01
LOS ANGELES,2019,June,5141.115284899999,1403.747899,3737.3673858999996,2019-06-01
LOS ANGELES,2019,July,5600.54619344,1694.482095,3906.0640984399997,2019-07-01
LOS ANGELES,2019,August,6306.38448461,2086.609522,4219.774962609999,2019-08-01
LOS ANGELES,2019,September,6498.81790849,2234.722606,4264.09530249,2019-09-01
LOS ANGELES,2019,October,5816.1423933999995,1807.054193,4009.0882003999996,2019-10-01
LOS ANGELES,2019,November,5379.9845543,1493.771926,3886.2126283,2019-11-01
LOS ANGELES,2019,December,5260.9221864,1592.798078,3668.1241084000003,2019-12-01
LOS ANGELES,2020,January,4968.1662995199995,1718.444881,3249.72141852,2020-01-01
LOS ANGELES,2020,February,5054.41456313,1562.404606,3492.0099571299997,2020-02-01
LOS ANGELES,2020,March,4780.66902301,1448.105274,3332.5637490100003,2020-03-01
LOS ANGELES,2020,April,4563.1176318,1515.7094,3047.4082318,2020-04-01
LOS ANGELES,2020,May,4967.61920612,1695.933405,3271.6858011199997,2020-05-01
LOS ANGELES,2020,June,5280.57755355,1762.552,3518.02555355,2020-06-01
LOS ANGELES,2020,July,5615.13052104,2028.083158,3587.0473630399993,2020-07-01
LOS ANGELES,2020,August,5917.70731233,2269.136592,3648.5707203300003,2020-08-01
LOS ANGELES,2020,September,6291.9137005,2458.727025,3833.1866755000005,2020-09-01
LOS ANGELES,2020,October,6256.59131704,2330.03523,3926.5560870399995,2020-10-01
LOS ANGELES,2020,November,5389.71743634,1789.176888,3600.54054834,2020-11-01
LOS ANGELES,2020,December,5196.5795723599995,1725.491777,3471.08779536,2020-12-01
LOS ANGELES,2021,January,5068.39098783,1788.25866,3280.1323278299997,2021-01-01
LOS ANGELES,2021,February,4714.12922186,1672.435882,3041.6933398600004,2021-02-01
LOS ANGELES,2021,March,4843.39360837,1562.461482,3280.93212637,2021-03-01
LOS ANGELES,2021,April,5011.62438708,1511.684689,3499.93969808,2021-04-01
LOS ANGELES,2021,May,4957.57178599,1483.164984,3474.4068019899996,2021-05-01
LOS ANGELES,2021,June,5399.49004478,1692.840073,3706.64997178,2021-06-01
LOS ANGELES,2021,July,6155.37718689,2179.804079,3975.57310789,2021-07-01
LOS ANGELES,2021,August,6262.19283001,2385.483844,3876.70898601,2021-08-01
LOS ANGELES,2021,September,6436.62270366,2272.320866,4164.301837659999,2021-09-01
LOS ANGELES,2021,October,5745.255279419999,1865.468052,3879.7872274199995,2021-10-01
LOS ANGELES,2021,November,5113.81345915,1511.339239,3602.4742201500003,2021-11-01
LOS ANGELES,2021,December,5085.71964895,1580.585574,3505.13407495,2021-12-01
LOS ANGELES,2022,January,5390.72652743,1828.594078,3562.1324494299997,2022-01-01
LOS ANGELES,2022,February,4794.06505706,1629.804475,3164.26058206,2022-02-01
LOS ANGELES,2022,March,5080.31248044,1503.680136,3576.63234444,2022-03-01
LOS ANGELES,2022,April,5147.93774508,1490.418335,3657.51941008,2022-04-01
LOS ANGELES,2022,May,5069.66478398,1450.189043,3619.47574098,2022-05-01
LOS ANGELES,2022,June,5530.1005368099995,1684.789689,3845.3108478100003,2022-06-01
LOS ANGELES,2022,July,6023.34867379,2098.426133,3924.9225407900003,2022-07-01
LOS ANGELES,2022,August,6264.4682534700005,2376.310621,3888.15763247,2022-08-01
LOS ANGELES,2022,September,6935.69988602,2623.372041,4312.32784502,2022-09-01
LOS ANGELES,2022,October,6526.13508669,2104.133063,4422.00202369,2022-10-01
LOS ANGELES,2022,November,5345.609024699999,1636.157859,3709.4511657,2022-11-01
LOS ANGELES,2022,December,5258.96932492,1627.751467,3631.2178579200004,2022-12-01
LOS ANGELES,2023,January,5058.01486787,1793.808622,3264.20624587,2023-01-01
LOS ANGELES,2023,February,4804.6686101899995,1708.135388,3096.53322219,2023-02-01
LOS ANGELES,2023,March,4898.68650809,1696.813805,3201.8727030900004,2023-03-01
LOS ANGELES,2023,April,5102.19763801,1556.622838,3545.57480001,2023-04-01
LOS ANGELES,2023,May,4664.79602822,1405.617697,3259.17833122,2023-05-01
LOS ANGELES,2023,June,4955.8880341,1420.146571,3535.7414631,2023-06-01
LOS ANGELES,2023,July,5766.55606965,1803.961808,3962.59426165,2023-07-01
LOS ANGELES,2023,August,6081.62317574,2313.98016,3767.64301574,2023-08-01
LOS ANGELES,2023,September,6102.295567560001,2202.815939,3899.4796285599996,2023-09-01
LOS ANGELES,2023,October,5554.45326724,1800.494814,3753.95845324,2023-10-01
LOS ANGELES,2023,November,5098.54273173,1551.320146,3547.2225857300004,2023-11-01
LOS ANGELES,2023,December,5125.32664257,1538.353895,3586.9727475699997,2023-12-01
LOS ANGELES,2024,January,4949.76778453,1712.897399,3236.8703855299996,2024-01-01
LOS ANGELES,2024,February,5090.46528731,1667.262522,3423.2027653099994,2024-02-01
LOS ANGELES,2024,March,4753.2037957,1593.075389,3160.1284067,2024-03-01
LOS ANGELES,2024,April,4999.87282173,1509.438054,3490.4347677299997,2024-04-01
LOS ANGELES,2024,May,4626.01643912,1394.841894,3231.1745451199995,2024-05-01
LOS ANGELES,2024,June,5339.48231969,1536.547412,3802.93490769,2024-06-01
LOS ANGELES,2024,July,6251.33099244,2175.252436,4076.07855644,2024-07-01
LOS ANGELES,2024,August,6207.47854745,2435.217034,3772.2615134500006,2024-08-01
LOS ANGELES,2024,September,6677.646744969999,2418.084409,4259.562335969999,2024-09-01
LOS ANGELES,2024,October,5516.34849243,1934.23783,3582.11066243,2024-10-01
LOS ANGELES,2024,November,5388.61981919,1563.902441,3824.717378189999,2024-11-01
LOS ANGELES,2024,December,5096.09670353,1613.094671,3483.00203253,2024-12-01
MADERA,2008,January,89.07832629,37.87021124,51.208115049999996,2008-01-01
MADERA,2008,February,89.93741118599999,30.82126158,59.11614960599999,2008-02-01
MADERA,2008,March,87.200527337,28.1527008,59.047826537,2008-03-01
MADERA,2008,April,107.397103057,26.49439001,80.902713047,2008-04-01
MADERA,2008,May,108.55476243,27.56194779,80.99281464,2008-05-01
MADERA,2008,June,133.88467778,32.25902749,101.62565028999998,2008-06-01
MADERA,2008,July,160.866038448,46.90086893,113.965169518,2008-07-01
MADERA,2008,August,159.448900179,45.98862964,113.460270539,2008-08-01
MADERA,2008,September,153.205572336,43.40392143,109.801650906,2008-09-01
MADERA,2008,October,134.048400658,33.48896102,100.559439638,2008-10-01
MADERA,2008,November,94.705568832,22.96684871,71.73872012199999,2008-11-01
MADERA,2008,December,100.98210802599999,34.97211717,66.009990856,2008-12-01
MADERA,2009,January,88.225012641,34.89886614,53.326146501,2009-01-01
MADERA,2009,February,84.449300491,28.7932642,55.65603629100001,2009-02-01
MADERA,2009,March,86.37450806,29.48179442,56.89271363999999,2009-03-01
MADERA,2009,April,107.409791607,28.25782617,79.15196543699999,2009-04-01
MADERA,2009,May,115.15192814299999,26.54512233,88.60680581300001,2009-05-01
MADERA,2009,June,140.553966663,35.04752881,105.506437853,2009-06-01
MADERA,2009,July,164.875753893,46.91893439,117.956819503,2009-07-01
MADERA,2009,August,167.38145129100002,46.16820048,121.21325081100001,2009-08-01
MADERA,2009,September,153.250033293,43.00759417,110.24243912300001,2009-09-01
MADERA,2009,October,130.66626623599998,34.10246291,96.563803326,2009-10-01
MADERA,2009,November,92.670429131,25.1018259,67.568603231,2009-11-01
MADERA,2009,December,101.880748977,36.51599785,65.364751127,2009-12-01
MADERA,2010,January,82.556220685,32.96567959,49.590541095,2010-01-01
MADERA,2010,February,80.714468062,29.25905626,51.45541180200001,2010-02-01
MADERA,2010,March,89.483136478,32.02729864,57.45583783800001,2010-03-01
MADERA,2010,April,96.822810954,28.78679549,68.03601546399999,2010-04-01
MADERA,2010,May,92.424884874,25.0219002,67.40298467400001,2010-05-01
MADERA,2010,June,125.47945719399999,32.30486549,93.17459170400001,2010-06-01
MADERA,2010,July,155.012648443,42.28134892,112.73129952299999,2010-07-01
MADERA,2010,August,168.333705462,47.38180177,120.951903692,2010-08-01
MADERA,2010,September,148.188399704,40.32100807,107.867391634,2010-09-01
MADERA,2010,October,126.74503760099999,34.43254296,92.31249464100001,2010-10-01
MADERA,2010,November,103.558270537,26.03725546,77.521015077,2010-11-01
MADERA,2010,December,108.519082977,37.16001404,71.359068937,2010-12-01
MADERA,2011,January,83.70048148299999,33.18372249,50.516758993,2011-01-01
MADERA,2011,February,81.245985516,30.55737143,50.688614086,2011-02-01
MADERA,2011,March,96.468105515,33.80020938,62.66789613500001,2011-03-01
MADERA,2011,April,87.259053795,26.78002858,60.479025215,2011-04-01
MADERA,2011,May,110.762296952,26.88641917,83.87587778199999,2011-05-01
MADERA,2011,June,121.98789044200001,31.31355792,90.674332522,2011-06-01
MADERA,2011,July,151.80245156200002,42.27669181,109.525759752,2011-07-01
MADERA,2011,August,167.988241475,47.61519709,120.37304438499999,2011-08-01
MADERA,2011,September,155.878639892,45.36941585,110.509224042,2011-09-01
MADERA,2011,October,125.238284181,34.01855845,91.219725731,2011-10-01
MADERA,2011,November,102.658172037,27.51202781,75.146144227,2011-11-01
MADERA,2011,December,100.75623396499999,35.43458219,65.32165177499999,2011-12-01
MADERA,2012,January,101.589266155,37.16815911,64.421107045,2012-01-01
MADERA,2012,February,99.891458497,30.60085861,69.290599887,2012-02-01
MADERA,2012,March,106.38544779200001,31.78387984,74.60156795200001,2012-03-01
MADERA,2012,April,94.390647213,26.69825887,67.692388343,2012-04-01
MADERA,2012,May,124.077364971,30.98307636,93.094288611,2012-05-01
MADERA,2012,June,147.526608333,34.92469345,112.60191488299999,2012-06-01
MADERA,2012,July,169.83814139700002,43.45226876,126.38587263699999,2012-07-01
MADERA,2012,August,184.147460939,53.61747193,130.529989009,2012-08-01
MADERA,2012,September,157.910391175,44.29994911,113.61044206499999,2012-09-01
MADERA,2012,October,144.612566665,37.08449055,107.528076115,2012-10-01
MADERA,2012,November,105.849725475,27.10917581,78.74054966499999,2012-11-01
MADERA,2012,December,92.23504195699999,31.75691319,60.478128766999994,2012-12-01
MADERA,2013,January,97.025391478,38.72771634,58.297675138,2013-01-01
MADERA,2013,February,91.506078118,30.5696606,60.936417518,2013-02-01
MADERA,2013,March,104.582715181,31.0823589,73.50035628100001,2013-03-01
MADERA,2013,April,111.951252173,25.0239434,86.92730877300001,2013-04-01
MADERA,2013,May,142.127709248,31.07734357,111.050365678,2013-05-01
MADERA,2013,June,161.78687046299999,35.77431208,126.01255838299998,2013-06-01
MADERA,2013,July,188.094453369,51.45073347,136.643719899,2013-07-01
MADERA,2013,August,179.951606119,49.22293407,130.72867204899998,2013-08-01
MADERA,2013,September,158.035295362,43.55873287,114.47656249199997,2013-09-01
MADERA,2013,October,131.85807363199999,32.08422863,99.773845002,2013-10-01
MADERA,2013,November,100.891721006,24.51722207,76.374498936,2013-11-01
MADERA,2013,December,108.28811000099999,35.34478243,72.943327571,2013-12-01
MADERA,2014,January,105.571762826,34.96803367,70.603729156,2014-01-01
MADERA,2014,February,98.378059378,28.13293891,70.24512046800002,2014-02-01
MADERA,2014,March,95.492156433,27.67819379,67.813962643,2014-03-01
MADERA,2014,April,114.46147504,26.37134741,88.09012763000001,2014-04-01
MADERA,2014,May,135.169264733,28.32537085,106.84389388299999,2014-05-01
MADERA,2014,June,161.74792084400002,37.35639692,124.39152392400001,2014-06-01
MADERA,2014,July,213.104578788,50.6117722,162.492806588,2014-07-01
MADERA,2014,August,196.588105166,52.2739424,144.31416276599998,2014-08-01
MADERA,2014,September,176.886708988,44.84795005,132.038758938,2014-09-01
MADERA,2014,October,155.649322616,36.92127326,118.728049356,2014-10-01
MADERA,2014,November,104.741892048,23.76975414,80.972137908,2014-11-01
MADERA,2014,December,98.73629672999999,31.7144907,67.02180603000001,2014-12-01
MADERA,2015,January,92.92967590500001,33.92035625,59.009319655000006,2015-01-01
MADERA,2015,February,92.01134941,27.29088225,64.72046716,2015-02-01
MADERA,2015,March,124.017553063,28.5025329,95.515020163,2015-03-01
MADERA,2015,April,136.365983578,25.46150215,110.904481428,2015-04-01
MADERA,2015,May,135.81413942,27.1785865,108.63555292,2015-05-01
MADERA,2015,June,173.741680302,34.87344493,138.868235372,2015-06-01
MADERA,2015,July,212.748980831,52.29263014,160.45635069099998,2015-07-01
MADERA,2015,August,191.061057629,45.8875337,145.173523929,2015-08-01
MADERA,2015,September,176.31628051200002,44.27390646,132.042374052,2015-09-01
MADERA,2015,October,155.352531836,34.96137171,120.391160126,2015-10-01
MADERA,2015,November,104.069451862,25.45490784,78.614544022,2015-11-01
MADERA,2015,December,98.751885883,36.02834341,62.723542472999995,2015-12-01
MADERA,2016,January,92.10835499299999,35.31224165,56.79611334299999,2016-01-01
MADERA,2016,February,91.653028786,29.70420277,61.948826016,2016-02-01
MADERA,2016,March,103.315510194,29.93694571,73.37856448400001,2016-03-01
MADERA,2016,April,101.128136009,24.46653272,76.661603289,2016-04-01
MADERA,2016,May,124.77907314699999,26.81281467,97.966258477,2016-05-01
MADERA,2016,June,168.783974951,38.8827822,129.901192751,2016-06-01
MADERA,2016,July,186.609224361,46.45893188,140.15029248099998,2016-07-01
MADERA,2016,August,208.389836412,52.78717777,155.602658642,2016-08-01
MADERA,2016,September,168.97801381899998,41.4171711,127.56084271899998,2016-09-01
MADERA,2016,October,139.226969451,30.05746561,109.16950384100001,2016-10-01
MADERA,2016,November,102.892354648,24.81717584,78.075178808,2016-11-01
MADERA,2016,December,95.211094964,32.42215123,62.788943734,2016-12-01
MADERA,2017,January,101.571063284,34.95763278,66.613430504,2017-01-01
MADERA,2017,February,86.08962995,28.77659005,57.3130399,2017-02-01
MADERA,2017,March,96.53421376600001,31.47016722,65.064046546,2017-03-01
MADERA,2017,April,96.553026912,24.22696986,72.326057052,2017-04-01
MADERA,2017,May,124.208322133,27.5065741,96.701748033,2017-05-01
MADERA,2017,June,167.297090097,37.82011097,129.476979127,2017-06-01
MADERA,2017,July,183.585441642,51.28422784,132.301213802,2017-07-01
MADERA,2017,August,204.79800103399998,58.68632376,146.111677274,2017-08-01
MADERA,2017,September,166.692310745,49.23940993,117.45290081499999,2017-09-01
MADERA,2017,October,135.448078383,30.3531071,105.09497128299999,2017-10-01
MADERA,2017,November,100.7855494,24.84842953,75.93711986999999,2017-11-01
MADERA,2017,December,103.05458985499999,30.80408315,72.25050670499999,2017-12-01
MADERA,2018,January,104.85514016600001,33.02537344,71.829766726,2018-01-01
MADERA,2018,February,104.104642392,27.80459481,76.30004758199999,2018-02-01
MADERA,2018,March,112.936298943,31.62538237,81.310916573,2018-03-01
MADERA,2018,April,101.111267603,25.7853179,75.325949703,2018-04-01
MADERA,2018,May,135.138227054,27.59295202,107.54527503399999,2018-05-01
MADERA,2018,June,158.682625165,33.63112298,125.05150218499999,2018-06-01
MADERA,2018,July,191.328410915,50.55525403,140.77315688500002,2018-07-01
MADERA,2018,August,209.916579334,58.43817211,151.47840722400002,2018-08-01
MADERA,2018,September,158.281504073,41.24617453,117.035329543,2018-09-01
MADERA,2018,October,151.370601136,31.88535025,119.485250886,2018-10-01
MADERA,2018,November,107.700415682,24.92137249,82.779043192,2018-11-01
MADERA,2018,December,94.687619585,30.42733828,64.26028130499999,2018-12-01
MADERA,2019,January,103.347572578,35.69469873,67.652873848,2019-01-01
MADERA,2019,February,88.992261395,29.05655802,59.935703374999996,2019-02-01
MADERA,2019,March,93.457675353,31.66107717,61.796598183,2019-03-01
MADERA,2019,April,104.48340407399999,25.6808773,78.80252677400001,2019-04-01
MADERA,2019,May,125.950266268,27.39087985,98.55938641799999,2019-05-01
MADERA,2019,June,136.450787564,34.67758971,101.773197854,2019-06-01
MADERA,2019,July,183.564456194,46.02092213,137.54353406400003,2019-07-01
MADERA,2019,August,190.208423085,53.85426341,136.35415967499998,2019-08-01
MADERA,2019,September,167.884597817,46.917156,120.96744181700001,2019-09-01
MADERA,2019,October,141.054571138,31.61823745,109.436333688,2019-10-01
MADERA,2019,November,102.112474192,22.73151118,79.38096301200001,2019-11-01
MADERA,2019,December,108.19682652200001,32.39933408,75.79749244199999,2019-12-01
MADERA,2020,January,96.57605791399999,35.74296058,60.833097333999994,2020-01-01
MADERA,2020,February,101.46089636399999,29.69963433,71.761262034,2020-02-01
MADERA,2020,March,114.674735574,29.2542213,85.420514274,2020-03-01
MADERA,2020,April,101.583978861,29.44418184,72.139797021,2020-04-01
MADERA,2020,May,134.140343161,30.55167488,103.588668281,2020-05-01
MADERA,2020,June,176.35153995,40.49177594,135.85976400999996,2020-06-01
MADERA,2020,July,208.257716055,54.90024416,153.357471895,2020-07-01
MADERA,2020,August,200.755081565,56.8287788,143.92630276499997,2020-08-01
MADERA,2020,September,182.038688653,54.09760763,127.941081023,2020-09-01
MADERA,2020,October,154.907881857,39.21864891,115.68923294700001,2020-10-01
MADERA,2020,November,117.750588476,28.02679556,89.723792916,2020-11-01
MADERA,2020,December,111.31690869299999,37.53218318,73.784725513,2020-12-01
MADERA,2021,January,99.687974537,36.66894867,63.01902586699999,2021-01-01
MADERA,2021,February,94.15118368099999,31.06887668,63.082307001000004,2021-02-01
MADERA,2021,March,114.718756992,33.4849853,81.233771692,2021-03-01
MADERA,2021,April,129.809172074,28.52725056,101.281921514,2021-04-01
MADERA,2021,May,150.504413894,30.02728755,120.47712634400001,2021-05-01
MADERA,2021,June,193.79297457500002,42.6152997,151.177674875,2021-06-01
MADERA,2021,July,213.280523976,60.52921721,152.751306766,2021-07-01
MADERA,2021,August,222.503648274,63.73005214,158.77359613400003,2021-08-01
MADERA,2021,September,187.672983189,52.44311614,135.22986704900003,2021-09-01
MADERA,2021,October,150.451875541,35.29272821,115.159147331,2021-10-01
MADERA,2021,November,114.903706307,24.68326569,90.22044061699998,2021-11-01
MADERA,2021,December,103.339682267,35.90478454,67.434897727,2021-12-01
MADERA,2022,January,94.046148057,36.05992714,57.986220917,2022-01-01
MADERA,2022,February,102.224918343,31.61514207,70.60977627300001,2022-02-01
MADERA,2022,March,123.760768167,33.81019587,89.95057229700001,2022-03-01
MADERA,2022,April,126.03841692499999,28.23461003,97.803806895,2022-04-01
MADERA,2022,May,145.85065567200002,29.21581391,116.63484176200001,2022-05-01
MADERA,2022,June,184.546462567,40.54646573,143.99999683699997,2022-06-01
MADERA,2022,July,209.105617043,53.75588016,155.349736883,2022-07-01
MADERA,2022,August,217.750225748,64.71195748,153.03826826800002,2022-08-01
MADERA,2022,September,206.997452168,59.20260838,147.794843788,2022-09-01
MADERA,2022,October,150.621279245,37.87986638,112.74141286499999,2022-10-01
MADERA,2022,November,110.950226815,29.38182136,81.568405455,2022-11-01
MADERA,2022,December,111.46659891099999,35.11674102,76.349857891,2022-12-01
MADERA,2023,January,102.882471296,39.07156727,63.810904026,2023-01-01
MADERA,2023,February,88.379997624,32.99637482,55.383622804,2023-02-01
MADERA,2023,March,100.719771928,38.32648879,62.393283138,2023-03-01
MADERA,2023,April,98.347142737,31.45903257,66.88811016700001,2023-04-01
MADERA,2023,May,123.126083539,31.96977671,91.156306829,2023-05-01
MADERA,2023,June,151.380335728,37.46498559,113.915350138,2023-06-01
MADERA,2023,July,174.154997156,49.77257362,124.382423536,2023-07-01
MADERA,2023,August,211.103429353,63.96959518,147.133834173,2023-08-01
MADERA,2023,September,161.02904814800002,46.73982294,114.28922520799999,2023-09-01
MADERA,2023,October,131.08475913,34.97681827,96.10794086000001,2023-10-01
MADERA,2023,November,100.410500353,27.43760136,72.972898993,2023-11-01
MADERA,2023,December,99.390571936,32.6936912,66.696880736,2023-12-01
MADERA,2024,January,100.36740978399999,38.43728573,61.93012405399999,2024-01-01
MADERA,2024,February,94.224475398,33.69885295,60.525622448,2024-02-01
MADERA,2024,March,100.325987313,33.82545282,66.50053449299999,2024-03-01
MADERA,2024,April,111.889961685,30.66432655,81.225635135,2024-04-01
MADERA,2024,May,134.815035261,32.85695894,101.95807632099998,2024-05-01
MADERA,2024,June,159.565282822,41.71786853,117.847414292,2024-06-01
MADERA,2024,July,226.408589299,67.78635892,158.622230379,2024-07-01
MADERA,2024,August,214.70086851099998,67.30600851,147.39486000099998,2024-08-01
MADERA,2024,September,170.66368677100002,49.85201316,120.811673611,2024-09-01
MADERA,2024,October,150.889044928,44.18309818,106.70594674799999,2024-10-01
MADERA,2024,November,121.20360592099999,27.022459,94.18114692099999,2024-11-01
MADERA,2024,December,101.493125899,36.50368658,64.989439319,2024-12-01
MARIN,2008,January,146.224064511,80.23417156,65.989892951,2008-01-01
MARIN,2008,February,119.075639085,64.19034713,54.885291955,2008-02-01
MARIN,2008,March,121.687949117,60.31139621,61.376552907000004,2008-03-01
MARIN,2008,April,112.038612456,54.70435424,57.334258216,2008-04-01
MARIN,2008,May,113.763359622,53.85427392,59.909085702,2008-05-01
MARIN,2008,June,119.11357614399999,53.1252029,65.988373244,2008-06-01
MARIN,2008,July,127.700925551,56.03526751,71.66565804099999,2008-07-01
MARIN,2008,August,116.34185931500001,51.63159708,64.710262235,2008-08-01
MARIN,2008,September,114.701649163,52.48742995,62.214219213,2008-09-01
MARIN,2008,October,130.815001909,56.77576741,74.039234499,2008-10-01
MARIN,2008,November,95.724364593,46.35303461,49.371329983,2008-11-01
MARIN,2008,December,141.24397842,72.33361142,68.910367,2008-12-01
MARIN,2009,January,129.953944023,71.89984396,58.054100063,2009-01-01
MARIN,2009,February,115.911202328,59.88583275,56.025369578,2009-02-01
MARIN,2009,March,123.70669211,63.57417798,60.13251413,2009-03-01
MARIN,2009,April,124.357674968,60.18444083,64.173234138,2009-04-01
MARIN,2009,May,105.39875691900001,49.43599382,55.962763099000014,2009-05-01
MARIN,2009,June,121.589075364,56.60677488,64.982300484,2009-06-01
MARIN,2009,July,124.604043504,54.61265747,69.991386034,2009-07-01
MARIN,2009,August,114.736328681,50.81743403,63.918894651,2009-08-01
MARIN,2009,September,120.92068068900001,54.15842527,66.762255419,2009-09-01
MARIN,2009,October,123.593922032,56.07810705,67.51581498200001,2009-10-01
MARIN,2009,November,100.799688135,50.28650584,50.51318229500001,2009-11-01
MARIN,2009,December,148.418078093,77.91185061,70.506227483,2009-12-01
MARIN,2010,January,119.25518346,65.21501583,54.040167630000006,2010-01-01
MARIN,2010,February,115.578128397,60.67338039,54.904748007,2010-02-01
MARIN,2010,March,125.751986374,65.95085,59.801136374,2010-03-01
MARIN,2010,April,124.103408059,59.96161682,64.141791239,2010-04-01
MARIN,2010,May,101.226917428,49.97868593,51.248231497999996,2010-05-01
MARIN,2010,June,119.645890579,56.92646686,62.719423719000005,2010-06-01
MARIN,2010,July,112.334790411,50.99438761,61.340402800999996,2010-07-01
MARIN,2010,August,117.998814975,53.34219921,64.65661576499998,2010-08-01
MARIN,2010,September,114.050386886,53.39890572,60.651481165999996,2010-09-01
MARIN,2010,October,113.894260251,52.8775369,61.01672335099999,2010-10-01
MARIN,2010,November,110.95298881100001,54.4189853,56.53400351100001,2010-11-01
MARIN,2010,December,143.263615737,75.77709955,67.486516187,2010-12-01
MARIN,2011,January,125.229202509,67.89697366,57.332228848999996,2011-01-01
MARIN,2011,February,113.054902294,58.26531961,54.789582683999996,2011-02-01
MARIN,2011,March,137.19673605,71.41450976,65.78222629,2011-03-01
MARIN,2011,April,107.900814541,54.40272302,53.498091521,2011-04-01
MARIN,2011,May,108.548572546,52.94136952,55.60720302600001,2011-05-01
MARIN,2011,June,116.093598038,57.4805655,58.613032538000006,2011-06-01
MARIN,2011,July,109.319015343,51.82687315,57.49214219299999,2011-07-01
MARIN,2011,August,120.69865666899999,54.90777231,65.790884359,2011-08-01
MARIN,2011,September,115.615201274,52.70769164,62.90750963399999,2011-09-01
MARIN,2011,October,109.814627297,52.37551132,57.439115977,2011-10-01
MARIN,2011,November,105.65590367899999,53.71539916,51.940504519,2011-11-01
MARIN,2011,December,131.340076083,70.5075648,60.83251128299999,2011-12-01
MARIN,2012,January,127.349112241,71.51163397,55.837478271,2012-01-01
MARIN,2012,February,110.756648136,60.63934988,50.117298256000005,2012-02-01
MARIN,2012,March,126.818496278,64.3605673,62.45792897799999,2012-03-01
MARIN,2012,April,108.01717700100001,54.62290384,53.394273161,2012-04-01
MARIN,2012,May,116.12173927399999,55.69441406,60.42732521399999,2012-05-01
MARIN,2012,June,110.96908627,51.75828571,59.210800559999996,2012-06-01
MARIN,2012,July,104.96832321999999,51.13542453,53.83289868999999,2012-07-01
MARIN,2012,August,126.470658328,56.74197152,69.728686808,2012-08-01
MARIN,2012,September,101.012710614,47.84619556,53.166515054,2012-09-01
MARIN,2012,October,121.017344717,55.21574795,65.80159676699999,2012-10-01
MARIN,2012,November,109.382313885,53.33773097,56.04458291499999,2012-11-01
MARIN,2012,December,118.498430185,62.49975678,55.998673405,2012-12-01
MARIN,2013,January,138.880903896,78.05522332,60.825680575999996,2013-01-01
MARIN,2013,February,109.61266255999999,56.97660016,52.63606240000001,2013-02-01
MARIN,2013,March,117.94808549999999,61.33396896,56.61411654,2013-03-01
MARIN,2013,April,106.781274643,50.66116967,56.120104973000004,2013-04-01
MARIN,2013,May,115.992187032,53.73268064,62.259506392,2013-05-01
MARIN,2013,June,106.41546634499998,49.78535632,56.630110025,2013-06-01
MARIN,2013,July,118.533437469,53.44566055,65.087776919,2013-07-01
MARIN,2013,August,113.32634395699999,52.28279182,61.04355213699999,2013-08-01
MARIN,2013,September,107.521666797,48.46104675,59.06062004699999,2013-09-01
MARIN,2013,October,123.17336324200001,56.91453721,66.258826032,2013-10-01
MARIN,2013,November,97.434284709,47.99063647,49.443648239000005,2013-11-01
MARIN,2013,December,132.39612312,71.48965012,60.90647299999999,2013-12-01
MARIN,2014,January,125.104076943,67.87434058,57.229736363,2014-01-01
MARIN,2014,February,102.425031554,53.81914235,48.605889204,2014-02-01
MARIN,2014,March,111.112697484,55.93667735,55.176020134000005,2014-03-01
MARIN,2014,April,110.307786038,52.54408996,57.763696077999995,2014-04-01
MARIN,2014,May,106.727639039,49.94074973,56.786889309,2014-05-01
MARIN,2014,June,108.534778733,49.47309754,59.061681193000005,2014-06-01
MARIN,2014,July,120.362710804,53.63449531,66.728215494,2014-07-01
MARIN,2014,August,107.99549648600001,49.73527001,58.26022647599999,2014-08-01
MARIN,2014,September,109.30340736699999,48.44559097,60.85781639699999,2014-09-01
MARIN,2014,October,123.400875361,55.9952599,67.405615461,2014-10-01
MARIN,2014,November,91.000641324,44.52650946,46.474131864,2014-11-01
MARIN,2014,December,127.855740054,65.32108159,62.534658464,2014-12-01
MARIN,2015,January,121.272000955,66.1376667,55.134334255,2015-01-01
MARIN,2015,February,101.098037897,51.82884322,49.269194676999994,2015-02-01
MARIN,2015,March,115.46980912599999,56.81222327,58.65758585599999,2015-03-01
MARIN,2015,April,106.090493909,49.68352725,56.406966659,2015-04-01
MARIN,2015,May,101.08787919,48.30299342,52.78488577,2015-05-01
MARIN,2015,June,113.027884257,49.68651826,63.341365997000004,2015-06-01
MARIN,2015,July,121.303778295,54.29209243,67.011685865,2015-07-01
MARIN,2015,August,108.44217453099999,46.84776726,61.594407270999994,2015-08-01
MARIN,2015,September,112.526761137,52.00629679,60.520464346999994,2015-09-01
MARIN,2015,October,115.66325239700001,52.35514077,63.30811162700001,2015-10-01
MARIN,2015,November,93.087046444,45.15857748,47.928468964,2015-11-01
MARIN,2015,December,132.643581482,72.13127517,60.51230631199999,2015-12-01
MARIN,2016,January,120.932758082,68.15822414,52.774533942000005,2016-01-01
MARIN,2016,February,104.171401063,53.26758119,50.903819873,2016-02-01
MARIN,2016,March,124.407090561,61.39548921,63.01160135100001,2016-03-01
MARIN,2016,April,100.12852695,48.38455065,51.743976299999986,2016-04-01
MARIN,2016,May,106.61843706,48.02829203,58.59014503,2016-05-01
MARIN,2016,June,112.73673177699999,52.67271315,60.064018626999996,2016-06-01
MARIN,2016,July,112.92608449400001,48.83263785,64.093446644,2016-07-01
MARIN,2016,August,117.099767111,49.71394541,67.385821701,2016-08-01
MARIN,2016,September,107.13361605,49.25816495,57.8754511,2016-09-01
MARIN,2016,October,100.879442751,48.01527759,52.86416516100001,2016-10-01
MARIN,2016,November,100.358115221,48.87923604,51.478879181,2016-11-01
MARIN,2016,December,118.012785278,65.20090581,52.81187946800001,2016-12-01
MARIN,2017,January,137.508268224,69.54801851,67.960249714,2017-01-01
MARIN,2017,February,110.415929433,55.28689994,55.129029493000004,2017-02-01
MARIN,2017,March,128.637278437,63.86326595,64.77401248700001,2017-03-01
MARIN,2017,April,99.46184818200001,46.84487793,52.616970252,2017-04-01
MARIN,2017,May,115.72919463,49.62465163,66.10454299999999,2017-05-01
MARIN,2017,June,115.330510014,52.21076713,63.119742884000004,2017-06-01
MARIN,2017,July,106.28943462,45.99801799,60.29141662999999,2017-07-01
MARIN,2017,August,113.609263203,51.77597627,61.833286933000004,2017-08-01
MARIN,2017,September,107.06515941299999,48.93619839,58.128961022999995,2017-09-01
MARIN,2017,October,110.73534343,51.24761895,59.487724480000004,2017-10-01
MARIN,2017,November,102.06304159199999,50.07794285,51.985098742000005,2017-11-01
MARIN,2017,December,116.157812088,61.02228635,55.135525738,2017-12-01
MARIN,2018,January,122.14085323499998,64.93032654,57.210526695,2018-01-01
MARIN,2018,February,99.95301209,52.79976822,47.15324387,2018-02-01
MARIN,2018,March,119.569180269,61.55110398,58.018076289,2018-03-01
MARIN,2018,April,102.070149764,49.69822611,52.37192365400001,2018-04-01
MARIN,2018,May,109.019609507,51.12096888,57.898640627,2018-05-01
MARIN,2018,June,107.269184378,48.91689458,58.352289798,2018-06-01
MARIN,2018,July,112.99189848,49.47625613,63.51564235,2018-07-01
MARIN,2018,August,114.89713104399999,50.61940932,64.277721724,2018-08-01
MARIN,2018,September,95.030549052,45.27280909,49.757739962,2018-09-01
MARIN,2018,October,111.565243455,50.18452175,61.380721705,2018-10-01
MARIN,2018,November,100.695332868,49.15702614,51.53830672799999,2018-11-01
MARIN,2018,December,109.83115567600001,59.69204987,50.139105806,2018-12-01
MARIN,2019,January,123.22650550200001,68.90353054,54.322974961999996,2019-01-01
MARIN,2019,February,101.260373668,54.07839651,47.181977158,2019-02-01
MARIN,2019,March,121.654624654,61.67863811,59.975986544,2019-03-01
MARIN,2019,April,110.531084431,50.42989966,60.101184771,2019-04-01
MARIN,2019,May,106.900053963,50.48596369,56.41409027300001,2019-05-01
MARIN,2019,June,104.758063194,48.86689286,55.891170333999995,2019-06-01
MARIN,2019,July,111.39936221600001,50.27114688,61.128215336000004,2019-07-01
MARIN,2019,August,114.118975931,49.80563725,64.313338681,2019-08-01
MARIN,2019,September,107.601691574,48.17671453,59.424977044,2019-09-01
MARIN,2019,October,115.111611464,52.67734526,62.434266204,2019-10-01
MARIN,2019,November,84.029944129,39.94320988,44.086734248999996,2019-11-01
MARIN,2019,December,125.17420401300001,64.51940361,60.654800403,2019-12-01
MARIN,2020,January,121.73539932100002,68.46128323,53.274116091,2020-01-01
MARIN,2020,February,100.13552114699999,51.91297568,48.222545466999996,2020-02-01
MARIN,2020,March,110.55369348800001,57.2229123,53.330781188,2020-03-01
MARIN,2020,April,105.425680474,57.22860278,48.197077693999994,2020-04-01
MARIN,2020,May,96.113194798,50.09784652,46.015348278,2020-05-01
MARIN,2020,June,111.548966425,54.94035369,56.608612735,2020-06-01
MARIN,2020,July,114.041206571,55.13416989,58.907036680999994,2020-07-01
MARIN,2020,August,105.26560036699999,52.74599658,52.519603786999994,2020-08-01
MARIN,2020,September,110.86089523300001,56.58326952,54.277625713000006,2020-09-01
MARIN,2020,October,107.744418974,55.70359983,52.04081914400001,2020-10-01
MARIN,2020,November,91.642725161,47.39792187,44.244803291,2020-11-01
MARIN,2020,December,125.63566034499999,73.84287169,51.792788655,2020-12-01
MARIN,2021,January,113.339213267,65.50545814,47.833755126999996,2021-01-01
MARIN,2021,February,98.83878075,55.52234771,43.31643304000001,2021-02-01
MARIN,2021,March,119.92794120900001,64.21789876,55.71004244900001,2021-03-01
MARIN,2021,April,103.27731015799999,53.6949996,49.582310557999996,2021-04-01
MARIN,2021,May,96.468135395,47.74741742,48.720717975,2021-05-01
MARIN,2021,June,101.787140085,51.87995592,49.907184165,2021-06-01
MARIN,2021,July,109.671240356,48.75941216,60.911828195999995,2021-07-01
MARIN,2021,August,104.58574592,49.28229848,55.30344744,2021-08-01
MARIN,2021,September,103.27817408099999,50.69639336,52.58178072099999,2021-09-01
MARIN,2021,October,99.208435044,47.27134282,51.937092224,2021-10-01
MARIN,2021,November,94.92466481,47.98839492,46.93626988999999,2021-11-01
MARIN,2021,December,126.222671922,70.05263173,56.170040192,2021-12-01
MARIN,2022,January,110.43221068300001,63.99913377,46.433076913,2022-01-01
MARIN,2022,February,96.43276777,52.90675907,43.52600869999999,2022-02-01
MARIN,2022,March,117.40281286300001,62.6052601,54.797552763,2022-03-01
MARIN,2022,April,97.736000756,48.51790301,49.218097746,2022-04-01
MARIN,2022,May,101.65139447899999,50.16381625,51.487578229,2022-05-01
MARIN,2022,June,107.673822609,52.97132996,54.702492649,2022-06-01
MARIN,2022,July,99.65894167399999,47.87024384,51.788697834,2022-07-01
MARIN,2022,August,111.283169687,54.02942233,57.253747356999995,2022-08-01
MARIN,2022,September,108.876893544,52.78889331,56.088000234,2022-09-01
MARIN,2022,October,99.369677943,47.92708316,51.442594783,2022-10-01
MARIN,2022,November,97.045039251,50.56514728,46.479891971,2022-11-01
MARIN,2022,December,120.469652769,68.68495147,51.784701299000005,2022-12-01
MARIN,2023,January,118.194817863,69.24061235,48.954205513,2023-01-01
MARIN,2023,February,100.47940399699999,56.5241093,43.955294697,2023-02-01
MARIN,2023,March,123.90823809199999,71.36347877,52.544759322,2023-03-01
MARIN,2023,April,98.931285847,53.90415023,45.027135617,2023-04-01
MARIN,2023,May,102.976434092,52.99283465,49.983599442,2023-05-01
MARIN,2023,June,101.526650337,50.92675878,50.599891557,2023-06-01
MARIN,2023,July,98.973108119,49.51393298,49.459175138999996,2023-07-01
MARIN,2023,August,111.93252798,56.74159117,55.19093681,2023-08-01
MARIN,2023,September,98.488982488,48.59483104,49.894151448,2023-09-01
MARIN,2023,October,102.913542669,50.86205689,52.051485779000004,2023-10-01
MARIN,2023,November,92.727160821,49.11038663,43.616774191,2023-11-01
MARIN,2023,December,108.204836781,60.20114167,48.003695111,2023-12-01
MARIN,2024,January,123.245717282,70.02826926,53.217448022,2024-01-01
MARIN,2024,February,104.785084687,58.75586974,46.029214947,2024-02-01
MARIN,2024,March,110.538574872,60.80735383,49.731221042,2024-03-01
MARIN,2024,April,107.784868108,57.30785987,50.477008237999996,2024-04-01
MARIN,2024,May,106.191987469,54.60629074,51.585696729,2024-05-01
MARIN,2024,June,98.505372868,50.08559308,48.419779788,2024-06-01
MARIN,2024,July,117.54347793,58.77759379,58.765884140000004,2024-07-01
MARIN,2024,August,113.48173148400001,55.72746415,57.754267334,2024-08-01
MARIN,2024,September,101.2415982,50.02478051,51.21681768999999,2024-09-01
MARIN,2024,October,112.815946206,56.73893144,56.077014766000005,2024-10-01
MARIN,2024,November,90.236465249,47.14912949,43.087335759,2024-11-01
MARIN,2024,December,123.04851441100001,69.32187244,53.72664197100001,2024-12-01
MARIPOSA,2008,January,13.179904359,7.808898497,5.371005861999999,2008-01-01
MARIPOSA,2008,February,11.036904826,6.339392432,4.697512394,2008-02-01
MARIPOSA,2008,March,10.104097065,5.657956992,4.446140073,2008-03-01
MARIPOSA,2008,April,10.090064411,5.53459797,4.555466440999999,2008-04-01
MARIPOSA,2008,May,9.271136653,4.953861819,4.317274833999999,2008-05-01
MARIPOSA,2008,June,9.390917924,5.6114298,3.7794881240000002,2008-06-01
MARIPOSA,2008,July,14.350499883,6.936860659,7.413639224000001,2008-07-01
MARIPOSA,2008,August,11.862672278,6.810606219,5.0520660589999995,2008-08-01
MARIPOSA,2008,September,11.542155716,6.494321382,5.047834334,2008-09-01
MARIPOSA,2008,October,10.08060395,5.559249468,4.521354482,2008-10-01
MARIPOSA,2008,November,8.427975346,4.400113847,4.027861499,2008-11-01
MARIPOSA,2008,December,11.651150063000001,6.861620174,4.7895298890000015,2008-12-01
MARIPOSA,2009,January,11.877411676,6.961825337,4.915586338999999,2009-01-01
MARIPOSA,2009,February,9.458669386,5.441402257,4.017267129,2009-02-01
MARIPOSA,2009,March,10.817345723999999,6.294654833,4.522690890999999,2009-03-01
MARIPOSA,2009,April,10.595085825,5.777680276,4.817405549,2009-04-01
MARIPOSA,2009,May,8.540463339,4.814510859,3.72595248,2009-05-01
MARIPOSA,2009,June,9.764108743,5.572872405,4.191236338,2009-06-01
MARIPOSA,2009,July,11.190542167,6.971781047,4.21876112,2009-07-01
MARIPOSA,2009,August,10.639457125,6.804072595,3.8353845300000007,2009-08-01
MARIPOSA,2009,September,9.992383345999999,6.306524757,3.685858589,2009-09-01
MARIPOSA,2009,October,8.823908629,5.584787271,3.2391213580000007,2009-10-01
MARIPOSA,2009,November,7.779032115,4.978958631,2.8000734840000003,2009-11-01
MARIPOSA,2009,December,10.456726959,7.222628359,3.2340986000000003,2009-12-01
MARIPOSA,2010,January,9.655327915,6.590310913,3.065017002,2010-01-01
MARIPOSA,2010,February,7.030836173999999,5.366503556,1.6643326180000002,2010-02-01
MARIPOSA,2010,March,10.137885382,6.642022868,3.4958625139999997,2010-03-01
MARIPOSA,2010,April,9.476130409000001,6.060938377,3.4151920319999998,2010-04-01
MARIPOSA,2010,May,7.510179574,4.761404768,2.748774806,2010-05-01
MARIPOSA,2010,June,9.183618095,5.595636418,3.5879816770000006,2010-06-01
MARIPOSA,2010,July,9.975170773,6.189805906,3.785364867,2010-07-01
MARIPOSA,2010,August,12.105458504,7.387054684,4.718403820000001,2010-08-01
MARIPOSA,2010,September,9.459030861,5.894774362,3.564256499,2010-09-01
MARIPOSA,2010,October,8.41472053,5.107374787,3.307345743,2010-10-01
MARIPOSA,2010,November,8.066991808000001,5.262280826,2.804710982,2010-11-01
MARIPOSA,2010,December,11.056947896,7.545521594,3.5114263019999994,2010-12-01
MARIPOSA,2011,January,9.577576286000001,6.758688955,2.8188873310000004,2011-01-01
MARIPOSA,2011,February,7.964125641,5.455566183,2.508559458,2011-02-01
MARIPOSA,2011,March,10.864493107,7.27071866,3.5937744470000004,2011-03-01
MARIPOSA,2011,April,7.515811155,5.17627527,2.3395358849999996,2011-04-01
MARIPOSA,2011,May,8.068486618,5.172589578,2.8958970400000004,2011-05-01
MARIPOSA,2011,June,9.629124899999999,5.779703721,3.8494211789999997,2011-06-01
MARIPOSA,2011,July,8.593895153,5.689884039,2.9040111140000002,2011-07-01
MARIPOSA,2011,August,12.099937753,6.961023102,5.138914651,2011-08-01
MARIPOSA,2011,September,10.419069242,6.454754704,3.964314538,2011-09-01
MARIPOSA,2011,October,8.325706431,5.053308483,3.2723979479999996,2011-10-01
MARIPOSA,2011,November,7.561831792000001,4.951446447,2.610385345,2011-11-01
MARIPOSA,2011,December,10.260981656,6.984326724,3.276654932,2011-12-01
MARIPOSA,2012,January,10.109793737999999,6.966770798,3.14302294,2012-01-01
MARIPOSA,2012,February,8.397368487,5.645803649,2.7515648379999997,2012-02-01
MARIPOSA,2012,March,9.602379444,6.480638407,3.1217410370000005,2012-03-01
MARIPOSA,2012,April,7.915293215000001,5.218608993,2.696684222,2012-04-01
MARIPOSA,2012,May,9.170641122,5.46274928,3.7078918419999995,2012-05-01
MARIPOSA,2012,June,9.197225767,5.464001446,3.733224321,2012-06-01
MARIPOSA,2012,July,10.320543301999999,6.312043201,4.008500101,2012-07-01
MARIPOSA,2012,August,11.835631141999999,7.516802541,4.318828601,2012-08-01
MARIPOSA,2012,September,10.312655571999999,6.365505161,3.947150411,2012-09-01
MARIPOSA,2012,October,8.549020883,5.560220787,2.9888000959999994,2012-10-01
MARIPOSA,2012,November,8.494751871,5.108891132,3.385860739,2012-11-01
MARIPOSA,2012,December,9.040138676000002,6.052092957,2.988045719,2012-12-01
MARIPOSA,2013,January,10.880645006,7.547325153,3.333319853,2013-01-01
MARIPOSA,2013,February,8.713971170999999,5.708368104,3.005603067,2013-02-01
MARIPOSA,2013,March,9.268370237000001,6.128592772,3.139777465,2013-03-01
MARIPOSA,2013,April,7.420199265999999,4.611254092,2.8089451739999998,2013-04-01
MARIPOSA,2013,May,8.892528493999999,5.227653371,3.6648751230000003,2013-05-01
MARIPOSA,2013,June,9.20554393,5.455599764,3.749944166,2013-06-01
MARIPOSA,2013,July,12.034039325999998,7.238444367,4.795594959,2013-07-01
MARIPOSA,2013,August,10.870608406,6.818088019,4.0525203869999995,2013-08-01
MARIPOSA,2013,September,9.956941685999999,6.01657935,3.9403623359999997,2013-09-01
MARIPOSA,2013,October,8.338920050999999,5.224962654,3.1139573969999996,2013-10-01
MARIPOSA,2013,November,7.534670338,4.725189665,2.8094806730000004,2013-11-01
MARIPOSA,2013,December,10.124708401,6.865339755,3.259368646,2013-12-01
MARIPOSA,2014,January,9.7327722,6.55269053,3.1800816700000003,2014-01-01
MARIPOSA,2014,February,8.099917237,5.215580419,2.8843368180000004,2014-02-01
MARIPOSA,2014,March,8.113225682,5.265006137,2.8482195450000005,2014-03-01
MARIPOSA,2014,April,8.393486037999999,5.035620994,3.3578650439999995,2014-04-01
MARIPOSA,2014,May,8.078482768,4.869444766,3.209038002,2014-05-01
MARIPOSA,2014,June,9.376559527,5.563338199,3.813221328,2014-06-01
MARIPOSA,2014,July,11.674472135,7.103129546,4.571342589,2014-07-01
MARIPOSA,2014,August,11.067926893000001,6.98712476,4.080802133000001,2014-08-01
MARIPOSA,2014,September,9.999018101999999,5.926239133,4.072778969,2014-09-01
MARIPOSA,2014,October,8.85210021,5.431214463,3.4208857470000003,2014-10-01
MARIPOSA,2014,November,6.4908480829999995,4.259225437,2.231622646,2014-11-01
MARIPOSA,2014,December,9.743590989,6.12778843,3.615802559,2014-12-01
MARIPOSA,2015,January,9.462054863,6.429572664,3.032482199,2015-01-01
MARIPOSA,2015,February,6.633707632,4.65723532,1.9764723120000003,2015-02-01
MARIPOSA,2015,March,8.870633713,5.367454543,3.50317917,2015-03-01
MARIPOSA,2015,April,8.101721681,4.672129583,3.4295920979999996,2015-04-01
MARIPOSA,2015,May,7.048403152,4.630758039,2.4176451130000003,2015-05-01
MARIPOSA,2015,June,9.351001966,5.256233764,4.094768201999999,2015-06-01
MARIPOSA,2015,July,10.992100297,7.011620406,3.980479891,2015-07-01
MARIPOSA,2015,August,10.22111845,6.277820882,3.9432975679999998,2015-08-01
MARIPOSA,2015,September,9.725961243,5.996291157,3.7296700860000005,2015-09-01
MARIPOSA,2015,October,8.474233618000001,5.31030609,3.163927528,2015-10-01
MARIPOSA,2015,November,7.444441138,4.456233178,2.9882079600000004,2015-11-01
MARIPOSA,2015,December,10.209577041000001,7.194325873,3.0152511679999994,2015-12-01
MARIPOSA,2016,January,10.462058175,7.143145451,3.3189127240000005,2016-01-01
MARIPOSA,2016,February,8.304842818,5.358006355,2.946836463,2016-02-01
MARIPOSA,2016,March,8.571194981,5.734187106,2.837007875,2016-03-01
MARIPOSA,2016,April,7.557380966000001,4.728145017,2.829235949,2016-04-01
MARIPOSA,2016,May,7.496335672,4.619741254,2.8765944180000007,2016-05-01
MARIPOSA,2016,June,9.181002899,5.683456024,3.4975468749999994,2016-06-01
MARIPOSA,2016,July,10.597184003,6.559237969,4.037946034,2016-07-01
MARIPOSA,2016,August,11.363846813,7.144135921,4.219710891999999,2016-08-01
MARIPOSA,2016,September,9.556958225999999,5.847237718,3.7097205079999998,2016-09-01
MARIPOSA,2016,October,7.549939515,4.841574517,2.7083649979999995,2016-10-01
MARIPOSA,2016,November,7.931755873999999,4.686173796,3.2455820779999995,2016-11-01
MARIPOSA,2016,December,8.883326591000001,6.258208447,2.625118144,2016-12-01
MARIPOSA,2017,January,10.235186175,6.995101242,3.240084933,2017-01-01
MARIPOSA,2017,February,8.823282167,5.654637708,3.1686444590000002,2017-02-01
MARIPOSA,2017,March,9.33854326,6.333779711,3.004763549,2017-03-01
MARIPOSA,2017,April,7.678827607,4.920798404,2.7580292029999995,2017-04-01
MARIPOSA,2017,May,7.922939006,4.839223628,3.0837153780000004,2017-05-01
MARIPOSA,2017,June,9.282367405,5.758147561,3.524219844,2017-06-01
MARIPOSA,2017,July,10.970283076,6.964745438,4.005537638,2017-07-01
MARIPOSA,2017,August,11.404913362,7.363689632,4.04122373,2017-08-01
MARIPOSA,2017,September,10.539743661,6.698652433,3.841091228,2017-09-01
MARIPOSA,2017,October,7.617699451,4.787697977,2.830001474,2017-10-01
MARIPOSA,2017,November,7.342615421,4.654376058,2.6882393629999997,2017-11-01
MARIPOSA,2017,December,9.985924667,5.668461813,4.317462854,2017-12-01
MARIPOSA,2018,January,10.506987545000001,6.07980528,4.427182265,2018-01-01
MARIPOSA,2018,February,7.93791018,5.33745062,2.6004595599999996,2018-02-01
MARIPOSA,2018,March,10.410580675,6.308015739,4.102564936,2018-03-01
MARIPOSA,2018,April,8.883560018999999,5.069996976,3.8135630430000003,2018-04-01
MARIPOSA,2018,May,8.723600294,4.807794549,3.9158057449999997,2018-05-01
MARIPOSA,2018,June,9.424580985,5.217243208,4.207337777,2018-06-01
MARIPOSA,2018,July,11.834665772,6.853829202,4.980836569999999,2018-07-01
MARIPOSA,2018,August,11.08260009,7.543659571,3.538940519,2018-08-01
MARIPOSA,2018,September,9.247168316,5.74715209,3.5000162260000005,2018-09-01
MARIPOSA,2018,October,7.9694226189999995,4.899039529,3.0703830899999995,2018-10-01
MARIPOSA,2018,November,7.6781265,4.747873117,2.9302533829999997,2018-11-01
MARIPOSA,2018,December,8.553128792,5.830196559,2.7229322330000003,2018-12-01
MARIPOSA,2019,January,9.682274733,6.714252087,2.9680226459999997,2019-01-01
MARIPOSA,2019,February,8.579704071,5.809765348,2.7699387229999997,2019-02-01
MARIPOSA,2019,March,9.17469586,6.453557491,2.721138369,2019-03-01
MARIPOSA,2019,April,7.9866140439999995,5.288853037,2.697761007,2019-04-01
MARIPOSA,2019,May,7.581945499,4.811078811,2.770866687999999,2019-05-01
MARIPOSA,2019,June,8.602681082,5.341571124,3.261109958,2019-06-01
MARIPOSA,2019,July,10.183031061,6.181244183,4.001786878,2019-07-01
MARIPOSA,2019,August,11.500426076,7.081502681,4.418923395,2019-08-01
MARIPOSA,2019,September,10.031991757,6.057447568,3.9745441889999995,2019-09-01
MARIPOSA,2019,October,8.072946551,4.92110727,3.151839281,2019-10-01
MARIPOSA,2019,November,7.007526705,4.126449806,2.881076899,2019-11-01
MARIPOSA,2019,December,9.802245234,6.314317949,3.487927285,2019-12-01
MARIPOSA,2020,January,9.864698717,6.679337716,3.1853610009999995,2020-01-01
MARIPOSA,2020,February,8.501410503999999,5.52429613,2.977114374,2020-02-01
MARIPOSA,2020,March,8.678709404,5.795436789,2.883272615,2020-03-01
MARIPOSA,2020,April,8.183330658000001,5.740371234,2.4429594239999997,2020-04-01
MARIPOSA,2020,May,7.312372871000001,4.943159177,2.369213694,2020-05-01
MARIPOSA,2020,June,8.363119287,5.683073234,2.680046053,2020-06-01
MARIPOSA,2020,July,10.524691798,7.118589117,3.4061026810000006,2020-07-01
MARIPOSA,2020,August,11.602693269,7.693631488,3.909061781,2020-08-01
MARIPOSA,2020,September,10.67602606,7.105164354,3.5708617059999996,2020-09-01
MARIPOSA,2020,October,8.466537683,5.581244516,2.885293167,2020-10-01
MARIPOSA,2020,November,7.764870070000001,4.952040411,2.812829659,2020-11-01
MARIPOSA,2020,December,9.951728829,7.035547237,2.916181592,2020-12-01
MARIPOSA,2021,January,9.388769116,6.704626981,2.684142135,2021-01-01
MARIPOSA,2021,February,7.425467189,5.598219036,1.827248153,2021-02-01
MARIPOSA,2021,March,10.047498168999999,6.595453944,3.452044225,2021-03-01
MARIPOSA,2021,April,8.062244909,5.497784848,2.564460061,2021-04-01
MARIPOSA,2021,May,7.490299522999999,4.820688794,2.669610729,2021-05-01
MARIPOSA,2021,June,9.595570765,6.229864731,3.365706034,2021-06-01
MARIPOSA,2021,July,12.325682430999999,8.396290658,3.9293917729999994,2021-07-01
MARIPOSA,2021,August,12.432435272,8.541590085,3.8908451870000005,2021-08-01
MARIPOSA,2021,September,11.526436849,6.915811928,4.610624920999999,2021-09-01
MARIPOSA,2021,October,8.383876509,5.233834023,3.150042486,2021-10-01
MARIPOSA,2021,November,7.328751970999999,4.638122049,2.6906299220000003,2021-11-01
MARIPOSA,2021,December,9.579036143,6.583089315,2.995946828,2021-12-01
MARIPOSA,2022,January,9.813722592,6.792389437,3.0213331549999993,2022-01-01
MARIPOSA,2022,February,8.73177481,5.810453388,2.921321422,2022-02-01
MARIPOSA,2022,March,9.173392595,6.346136448,2.827256147,2022-03-01
MARIPOSA,2022,April,8.012228875,5.149821683,2.862407192,2022-04-01
MARIPOSA,2022,May,8.174993309,5.042973763,3.1320195460000004,2022-05-01
MARIPOSA,2022,June,8.756333242,5.56600932,3.1903239219999997,2022-06-01
MARIPOSA,2022,July,10.691428819,6.828730009,3.8626988100000004,2022-07-01
MARIPOSA,2022,August,11.919708224,7.863800854,4.05590737,2022-08-01
MARIPOSA,2022,September,11.239199136,7.328002607,3.9111965290000006,2022-09-01
MARIPOSA,2022,October,8.335763612,4.992028106,3.3437355059999994,2022-10-01
MARIPOSA,2022,November,8.126653613,5.143648579,2.983005033999999,2022-11-01
MARIPOSA,2022,December,9.654514053,6.478859414,3.175654639,2022-12-01
MARIPOSA,2023,January,9.971050636,7.018574791,2.9524758450000004,2023-01-01
MARIPOSA,2023,February,8.835145462,6.099922505,2.735222957,2023-02-01
MARIPOSA,2023,March,10.220984422,6.909277887,3.3117065350000003,2023-03-01
MARIPOSA,2023,April,8.378358055,5.762043943,2.616314112,2023-04-01
MARIPOSA,2023,May,8.122150219,5.13244331,2.9897069090000006,2023-05-01
MARIPOSA,2023,June,8.345148036,5.137538211,3.2076098249999996,2023-06-01
MARIPOSA,2023,July,10.550550344,6.665661103,3.884889241,2023-07-01
MARIPOSA,2023,August,11.510212443,7.551299239,3.9589132040000004,2023-08-01
MARIPOSA,2023,September,9.315949443,5.8734309,3.4425185430000003,2023-09-01
MARIPOSA,2023,October,7.917470413999999,4.843854667,3.0736157470000007,2023-10-01
MARIPOSA,2023,November,7.482848661,4.621321906,2.861526755,2023-11-01
MARIPOSA,2023,December,8.358351676,5.49396689,2.864384786,2023-12-01
MARIPOSA,2024,January,9.872886485,6.647799025,3.22508746,2024-01-01
MARIPOSA,2024,February,9.148495185,5.977530427,3.1709647579999998,2024-02-01
MARIPOSA,2024,March,8.878454434,5.869425312,3.0090291219999994,2024-03-01
MARIPOSA,2024,April,8.455569664,5.472753479,2.982816185,2024-04-01
MARIPOSA,2024,May,8.100005504,4.990632855,3.1093726490000004,2024-05-01
MARIPOSA,2024,June,9.102208091,5.458577379,3.6436307119999998,2024-06-01
MARIPOSA,2024,July,12.603262535999999,8.035681377,4.5675811589999995,2024-07-01
MARIPOSA,2024,August,12.509571741999999,8.050543999,4.459027743,2024-08-01
MARIPOSA,2024,September,9.825310043,5.964089982,3.861220061,2024-09-01
MARIPOSA,2024,October,9.168833561,5.644639473,3.524194088,2024-10-01
MARIPOSA,2024,November,7.301109005,4.272288629,3.028820376,2024-11-01
MARIPOSA,2024,December,9.391536516,6.115925877,3.2756106390000004,2024-12-01
MENDOCINO,2008,January,59.198254245,34.9710972,24.227157045,2008-01-01
MENDOCINO,2008,February,51.155964311,29.5071634,21.648800911,2008-02-01
MENDOCINO,2008,March,52.572548979,30.49599794,22.076551038999998,2008-03-01
MENDOCINO,2008,April,51.858487822,29.19287344,22.665614382,2008-04-01
MENDOCINO,2008,May,49.04723061,26.45747129,22.589759320000006,2008-05-01
MENDOCINO,2008,June,49.212574675,26.26013034,22.952444335000003,2008-06-01
MENDOCINO,2008,July,52.399776335999995,27.46998943,24.929786906,2008-07-01
MENDOCINO,2008,August,50.506390234,25.74399874,24.762391494000003,2008-08-01
MENDOCINO,2008,September,50.915070903,26.52609662,24.388974283000003,2008-09-01
MENDOCINO,2008,October,51.708111261,26.65357337,25.054537891000006,2008-10-01
MENDOCINO,2008,November,41.434208987999995,22.14541895,19.288790037999995,2008-11-01
MENDOCINO,2008,December,55.631022556,33.08810989,22.542912665999996,2008-12-01
MENDOCINO,2009,January,52.411219509999995,31.70056403,20.71065548,2009-01-01
MENDOCINO,2009,February,47.341914810999995,28.44531218,18.896602631,2009-02-01
MENDOCINO,2009,March,52.338226031,30.90630967,21.431916361000003,2009-03-01
MENDOCINO,2009,April,51.061248672999994,29.55751995,21.503728723,2009-04-01
MENDOCINO,2009,May,43.806465264,25.13994857,18.666516694000002,2009-05-01
MENDOCINO,2009,June,49.751241232,26.59904555,23.152195682000002,2009-06-01
MENDOCINO,2009,July,52.678257396,28.5410931,24.137164296,2009-07-01
MENDOCINO,2009,August,48.743330942,26.14448695,22.598843992,2009-08-01
MENDOCINO,2009,September,49.461505953,26.052316,23.409189953,2009-09-01
MENDOCINO,2009,October,51.627557077,27.89421706,23.733340017,2009-10-01
MENDOCINO,2009,November,43.479133238,23.96677124,19.512361998000003,2009-11-01
MENDOCINO,2009,December,57.565445778,35.17525844,22.390187338,2009-12-01
MENDOCINO,2010,January,49.147375473,29.59322229,19.554153183,2010-01-01
MENDOCINO,2010,February,49.008112872,29.18157009,19.826542781999994,2010-02-01
MENDOCINO,2010,March,53.1722211,31.85226808,21.319953020000003,2010-03-01
MENDOCINO,2010,April,52.262750063,30.18863691,22.074113153,2010-04-01
MENDOCINO,2010,May,45.195180943,26.45284415,18.742336792999996,2010-05-01
MENDOCINO,2010,June,48.352180648,27.23549029,21.116690358,2010-06-01
MENDOCINO,2010,July,48.224625268,26.25612437,21.968500898000002,2010-07-01
MENDOCINO,2010,August,51.452798147,27.73756008,23.715238067,2010-08-01
MENDOCINO,2010,September,49.153214412000004,26.23611893,22.917095482,2010-09-01
MENDOCINO,2010,October,47.098124069,25.04764125,22.050482818999996,2010-10-01
MENDOCINO,2010,November,46.609637103,26.0435353,20.566101803000002,2010-11-01
MENDOCINO,2010,December,57.65636215399999,33.83416459,23.822197564,2010-12-01
MENDOCINO,2011,January,50.100795936000004,30.00074438,20.100051556,2011-01-01
MENDOCINO,2011,February,47.63927976,28.49582734,19.14345242,2011-02-01
MENDOCINO,2011,March,56.281462401,33.15164042,23.129821981,2011-03-01
MENDOCINO,2011,April,48.834760153,28.40497738,20.429782772999996,2011-04-01
MENDOCINO,2011,May,48.505747694,27.58593965,20.919808044,2011-05-01
MENDOCINO,2011,June,48.453463777,27.19023846,21.263225317,2011-06-01
MENDOCINO,2011,July,47.622463462,25.55941122,22.063052242000005,2011-07-01
MENDOCINO,2011,August,52.31381469,27.29094743,25.022867259999998,2011-08-01
MENDOCINO,2011,September,51.262904934,27.14761989,24.115285043999997,2011-09-01
MENDOCINO,2011,October,48.747902354000004,25.30101266,23.446889694,2011-10-01
MENDOCINO,2011,November,48.098914522,26.05148688,22.047427642000002,2011-11-01
MENDOCINO,2011,December,52.518905489,30.94766241,21.571243079000002,2011-12-01
MENDOCINO,2012,January,54.401534312,32.74249807,21.659036242,2012-01-01
MENDOCINO,2012,February,50.236540393,29.52685175,20.709688642999996,2012-02-01
MENDOCINO,2012,March,52.646071673,31.00981362,21.636258053000002,2012-03-01
MENDOCINO,2012,April,49.130281921,28.44353124,20.686750680999996,2012-04-01
MENDOCINO,2012,May,49.667097207000005,27.59896665,22.068130557,2012-05-01
MENDOCINO,2012,June,47.055238971,25.29627157,21.758967401,2012-06-01
MENDOCINO,2012,July,47.528743035000005,24.79740152,22.731341514999997,2012-07-01
MENDOCINO,2012,August,53.730009278,28.8113118,24.918697478,2012-08-01
MENDOCINO,2012,September,47.563559504,24.82963735,22.733922154,2012-09-01
MENDOCINO,2012,October,51.183375012,26.42374884,24.759626171999997,2012-10-01
MENDOCINO,2012,November,47.061288005,25.15523556,21.906052444999997,2012-11-01
MENDOCINO,2012,December,48.748561263,28.25526877,20.493292493,2012-12-01
MENDOCINO,2013,January,57.837557032,35.28766753,22.549889502,2013-01-01
MENDOCINO,2013,February,47.910456521,28.12334424,19.787112281,2013-02-01
MENDOCINO,2013,March,51.62488069,30.09165761,21.53322308,2013-03-01
MENDOCINO,2013,April,46.165068897,25.7672846,20.397784296999998,2013-04-01
MENDOCINO,2013,May,47.968310231000004,25.50268794,22.465622291000003,2013-05-01
MENDOCINO,2013,June,45.348158682000005,24.18146948,21.166689202,2013-06-01
MENDOCINO,2013,July,49.632198881,25.62191589,24.010282991,2013-07-01
MENDOCINO,2013,August,52.039519715,27.44145823,24.598061485000002,2013-08-01
MENDOCINO,2013,September,46.939196929,23.60962687,23.329570059,2013-09-01
MENDOCINO,2013,October,50.419503538,26.18481934,24.234684198,2013-10-01
MENDOCINO,2013,November,42.191022770000004,22.14468567,20.046337100000002,2013-11-01
MENDOCINO,2013,December,53.37960957999999,30.74512183,22.63448775,2013-12-01
MENDOCINO,2014,January,51.683350756,30.0357057,21.647645055999998,2014-01-01
MENDOCINO,2014,February,45.358535688,25.34873841,20.009797278,2014-02-01
MENDOCINO,2014,March,47.276400307,26.08407608,21.192324226999997,2014-03-01
MENDOCINO,2014,April,45.879265548999996,24.49352063,21.385744919,2014-04-01
MENDOCINO,2014,May,44.905714235000005,23.76054892,21.145165315,2014-05-01
MENDOCINO,2014,June,43.399121015,22.06040956,21.338711455000002,2014-06-01
MENDOCINO,2014,July,50.370236538,25.34517019,25.025066348,2014-07-01
MENDOCINO,2014,August,47.761847379,24.18855052,23.573296859000003,2014-08-01
MENDOCINO,2014,September,47.070802698,22.62695645,24.443846248000003,2014-09-01
MENDOCINO,2014,October,49.021536453,24.65815329,24.363383163,2014-10-01
MENDOCINO,2014,November,38.802354344,19.66130601,19.141048334,2014-11-01
MENDOCINO,2014,December,50.093675971,26.88006456,23.213611411000002,2014-12-01
MENDOCINO,2015,January,49.289193819000005,27.66473506,21.624458759,2015-01-01
MENDOCINO,2015,February,42.804195979999996,23.66646672,19.13772926,2015-02-01
MENDOCINO,2015,March,48.035920916,25.60513575,22.430785166000003,2015-03-01
MENDOCINO,2015,April,45.603901658,23.74767528,21.856226378000002,2015-04-01
MENDOCINO,2015,May,42.474928757,22.67590361,19.799025147,2015-05-01
MENDOCINO,2015,June,46.88640252,23.24184699,23.64455553,2015-06-01
MENDOCINO,2015,July,51.406435383,26.25157219,25.154863193000004,2015-07-01
MENDOCINO,2015,August,46.678060849000005,22.86672049,23.811340359000003,2015-08-01
MENDOCINO,2015,September,48.291263494000006,23.58445894,24.706804554000005,2015-09-01
MENDOCINO,2015,October,47.541900396,22.96551152,24.576388875999996,2015-10-01
MENDOCINO,2015,November,41.869203350999996,20.79317466,21.076028691,2015-11-01
MENDOCINO,2015,December,53.70515253,30.68258075,23.02257178,2015-12-01
MENDOCINO,2016,January,49.985734453,28.92163861,21.064095843,2016-01-01
MENDOCINO,2016,February,46.004385201,24.51103766,21.493347541,2016-02-01
MENDOCINO,2016,March,52.446393191999995,28.71341042,23.732982772,2016-03-01
MENDOCINO,2016,April,44.853250181,23.23773121,21.615518971,2016-04-01
MENDOCINO,2016,May,44.155020827,23.03515304,21.119867787,2016-05-01
MENDOCINO,2016,June,48.099952156,24.69797302,23.401979136,2016-06-01
MENDOCINO,2016,July,47.048893260999996,23.00175122,24.047142040999997,2016-07-01
MENDOCINO,2016,August,52.374894966,26.12042407,26.254470895999994,2016-08-01
MENDOCINO,2016,September,49.945622627,24.25123321,25.694389417000004,2016-09-01
MENDOCINO,2016,October,45.939990565,22.34000379,23.599986775,2016-10-01
MENDOCINO,2016,November,44.28523217,22.76442937,21.520802800000002,2016-11-01
MENDOCINO,2016,December,51.422410512999996,28.38274827,23.039662243,2016-12-01
MENDOCINO,2017,January,53.479417055999996,30.2536219,23.225795156000004,2017-01-01
MENDOCINO,2017,February,46.966090117,25.58912272,21.376967396999998,2017-02-01
MENDOCINO,2017,March,53.971106372,30.28682934,23.684277032,2017-03-01
MENDOCINO,2017,April,43.680717596,22.96163691,20.719080685999998,2017-04-01
MENDOCINO,2017,May,47.068550944,25.25841427,21.810136674,2017-05-01
MENDOCINO,2017,June,46.419431372,23.641105,22.778326372000002,2017-06-01
MENDOCINO,2017,July,46.61111022,23.08581296,23.525297260000002,2017-07-01
MENDOCINO,2017,August,56.8321705,28.13793446,28.69423604,2017-08-01
MENDOCINO,2017,September,49.607399638000004,23.94970298,25.657696657999995,2017-09-01
MENDOCINO,2017,October,47.755031249,23.56396978,24.191061468999997,2017-10-01
MENDOCINO,2017,November,42.813091646,21.53983466,21.273256985999996,2017-11-01
MENDOCINO,2017,December,48.295218981,26.39037452,21.904844461,2017-12-01
MENDOCINO,2018,January,49.724318672,28.05886771,21.665450962,2018-01-01
MENDOCINO,2018,February,43.856218093,22.82640181,21.029816283,2018-02-01
MENDOCINO,2018,March,50.473716499,27.75682638,22.716890119,2018-03-01
MENDOCINO,2018,April,45.908225711,23.14274905,22.765476660999997,2018-04-01
MENDOCINO,2018,May,45.467994818,23.71108147,21.756913348,2018-05-01
MENDOCINO,2018,June,43.243813498,21.42549349,21.818320007999997,2018-06-01
MENDOCINO,2018,July,46.121612425,22.7472801,23.374332325,2018-07-01
MENDOCINO,2018,August,52.290959945,26.38305818,25.907901764999995,2018-08-01
MENDOCINO,2018,September,44.790970822,21.77983228,23.011138542000005,2018-09-01
MENDOCINO,2018,October,45.968950649,21.45256154,24.516389109,2018-10-01
MENDOCINO,2018,November,45.371836119,22.24068909,23.131147029,2018-11-01
MENDOCINO,2018,December,49.297276114,26.58684716,22.710428953999998,2018-12-01
MENDOCINO,2019,January,52.384562842,30.24026425,22.144298592000002,2019-01-01
MENDOCINO,2019,February,43.418062393999996,22.89180494,20.526257454,2019-02-01
MENDOCINO,2019,March,49.776644212,27.86972521,21.906919002,2019-03-01
MENDOCINO,2019,April,45.462450674,24.04308485,21.419365824,2019-04-01
MENDOCINO,2019,May,44.129504177,22.75547492,21.374029257,2019-05-01
MENDOCINO,2019,June,42.906478784,21.70441213,21.202066654000003,2019-06-01
MENDOCINO,2019,July,47.233117718,22.954778,24.278339717999998,2019-07-01
MENDOCINO,2019,August,49.133134739,23.92643692,25.206697819000006,2019-08-01
MENDOCINO,2019,September,48.709093226,23.06934928,25.639743945999996,2019-09-01
MENDOCINO,2019,October,48.360960309,23.57395498,24.787005329000003,2019-10-01
MENDOCINO,2019,November,36.120162189,16.80919256,19.310969629000002,2019-11-01
MENDOCINO,2019,December,49.058054531,25.23209217,23.825962361000002,2019-12-01
MENDOCINO,2020,January,52.239493121,28.65394564,23.585547480999995,2020-01-01
MENDOCINO,2020,February,45.499106712,23.22445131,22.274655402,2020-02-01
MENDOCINO,2020,March,48.094271245,25.56239017,22.531881074999998,2020-03-01
MENDOCINO,2020,April,46.873161773,24.96893958,21.904222193000003,2020-04-01
MENDOCINO,2020,May,40.667155054000006,21.92410397,18.743051083999998,2020-05-01
MENDOCINO,2020,June,45.959510277999996,23.57611502,22.383395257999997,2020-06-01
MENDOCINO,2020,July,49.708612625,25.00337241,24.705240215000003,2020-07-01
MENDOCINO,2020,August,50.415440610000005,25.27727867,25.138161940000003,2020-08-01
MENDOCINO,2020,September,51.530394371999996,25.75081942,25.779574952000004,2020-09-01
MENDOCINO,2020,October,48.836040542,23.74144392,25.094596622000005,2020-10-01
MENDOCINO,2020,November,43.22714403,21.15680759,22.070336439999995,2020-11-01
MENDOCINO,2020,December,54.334154797000004,30.7426783,23.591476497,2020-12-01
MENDOCINO,2021,January,49.287845345,26.97089947,22.316945874999995,2021-01-01
MENDOCINO,2021,February,46.050716300000005,24.61068119,21.44003511,2021-02-01
MENDOCINO,2021,March,54.764840938,30.01737428,24.747466658,2021-03-01
MENDOCINO,2021,April,49.596627202,25.92990053,23.666726672,2021-04-01
MENDOCINO,2021,May,44.379784318,21.2192272,23.160557118,2021-05-01
MENDOCINO,2021,June,48.718256448,23.48120153,25.237054918000002,2021-06-01
MENDOCINO,2021,July,51.840811639,25.34424484,26.496566799,2021-07-01
MENDOCINO,2021,August,54.06095381,26.90539288,27.155560929999996,2021-08-01
MENDOCINO,2021,September,50.269434529,24.18074726,26.088687269,2021-09-01
MENDOCINO,2021,October,46.092147257,21.66075122,24.431396037,2021-10-01
MENDOCINO,2021,November,42.858007893,20.938209,21.919798893000003,2021-11-01
MENDOCINO,2021,December,53.112035318,28.39810756,24.713927758,2021-12-01
MENDOCINO,2022,January,40.106297097,22.97991117,17.126385927,2022-01-01
MENDOCINO,2022,February,36.565874948,19.85516497,16.710709977999997,2022-02-01
MENDOCINO,2022,March,43.71585481,24.61180563,19.10404918,2022-03-01
MENDOCINO,2022,April,43.905263789,21.44019472,22.465069069,2022-04-01
MENDOCINO,2022,May,45.260294721,22.1908991,23.069395621,2022-05-01
MENDOCINO,2022,June,44.62812746,21.03071472,23.597412740000003,2022-06-01
MENDOCINO,2022,July,45.778576432,19.58525162,26.193324812,2022-07-01
MENDOCINO,2022,August,52.363361474,24.92059108,27.442770394,2022-08-01
MENDOCINO,2022,September,49.770847298,22.96997759,26.800869708,2022-09-01
MENDOCINO,2022,October,46.788606376999994,20.49955859,26.289047786999998,2022-10-01
MENDOCINO,2022,November,42.04820515,20.0785704,21.969634749999997,2022-11-01
MENDOCINO,2022,December,50.355123959000004,27.15786868,23.197255279000004,2022-12-01
MENDOCINO,2023,January,48.401972859000004,26.72088953,21.681083329000003,2023-01-01
MENDOCINO,2023,February,42.81760449,22.05707077,20.76053372,2023-02-01
MENDOCINO,2023,March,52.703050079,29.16589153,23.537158548999997,2023-03-01
MENDOCINO,2023,April,45.33507274,22.91710061,22.417972130000003,2023-04-01
MENDOCINO,2023,May,54.220480097999996,22.10392988,32.116550218,2023-05-01
MENDOCINO,2023,June,32.752069807,19.80199311,12.950076697,2023-06-01
MENDOCINO,2023,July,42.367063836999996,20.36979081,21.997273027000002,2023-07-01
MENDOCINO,2023,August,53.730225092999994,25.17680591,28.553419183000003,2023-08-01
MENDOCINO,2023,September,43.962228251999996,20.69468345,23.267544801999996,2023-09-01
MENDOCINO,2023,October,41.935855481,18.77185029,23.164005190999998,2023-10-01
MENDOCINO,2023,November,41.552840019,19.00881188,22.544028138999998,2023-11-01
MENDOCINO,2023,December,46.152389876,22.83190629,23.320483586,2023-12-01
MENDOCINO,2024,January,48.946672104,26.48140099,22.465271114,2024-01-01
MENDOCINO,2024,February,42.276795147,21.2247236,21.052071546999997,2024-02-01
MENDOCINO,2024,March,48.090643455999995,24.49159781,23.599045646000004,2024-03-01
MENDOCINO,2024,April,48.081359825,24.7331418,23.348218025,2024-04-01
MENDOCINO,2024,May,44.052655531,20.85061064,23.202044890999996,2024-05-01
MENDOCINO,2024,June,40.942957209,18.47464345,22.468313759,2024-06-01
MENDOCINO,2024,July,51.27383089200001,24.20695484,27.066876051999998,2024-07-01
MENDOCINO,2024,August,53.569542897,25.67606215,27.893480747,2024-08-01
MENDOCINO,2024,September,45.316495746,19.93046763,25.386028116,2024-09-01
MENDOCINO,2024,October,46.238662158,20.4737454,25.764916758000002,2024-10-01
MENDOCINO,2024,November,39.698278378,19.27073612,20.427542258,2024-11-01
MENDOCINO,2024,December,48.395438999999996,25.63993611,22.755502889999995,2024-12-01
MERCED,2008,January,252.018273586,61.42643103,190.59184255600002,2008-01-01
MERCED,2008,February,235.648435123,46.68795286,188.96048226300002,2008-02-01
MERCED,2008,March,170.085472307,44.69849433,125.386977977,2008-03-01
MERCED,2008,April,185.284257115,40.32615703,144.958100085,2008-04-01
MERCED,2008,May,204.37434298899998,44.92395756,159.450385429,2008-05-01
MERCED,2008,June,236.742843247,53.85185546,182.89098778700003,2008-06-01
MERCED,2008,July,288.844966725,78.63463513,210.21033159499999,2008-07-01
MERCED,2008,August,277.281256401,77.35922997,199.922026431,2008-08-01
MERCED,2008,September,263.013367988,74.49074091,188.52262707799997,2008-09-01
MERCED,2008,October,231.841707792,55.36421592,176.477491872,2008-10-01
MERCED,2008,November,194.888341161,36.91138407,157.976957091,2008-11-01
MERCED,2008,December,181.621016027,54.19144713,127.42956889700001,2008-12-01
MERCED,2009,January,205.398511548,54.21764265,151.180868898,2009-01-01
MERCED,2009,February,176.115814091,44.47739396,131.63842013099998,2009-02-01
MERCED,2009,March,201.56453710899999,44.46938735,157.095149759,2009-03-01
MERCED,2009,April,182.339189441,44.9472092,137.391980241,2009-04-01
MERCED,2009,May,193.45437537200002,43.68418756,149.77018781200002,2009-05-01
MERCED,2009,June,242.48398115,60.69172602,181.79225513,2009-06-01
MERCED,2009,July,294.267079019,76.47035994,217.79671907899998,2009-07-01
MERCED,2009,August,299.250281503,79.25682098,219.993460523,2009-08-01
MERCED,2009,September,271.301384268,75.40557921,195.895805058,2009-09-01
MERCED,2009,October,248.065426786,56.88323576,191.182191026,2009-10-01
MERCED,2009,November,187.729352809,39.82134099,147.90801181900002,2009-11-01
MERCED,2009,December,237.53196628,56.2089158,181.32305047999998,2009-12-01
MERCED,2010,January,250.031722411,52.61439311,197.417329301,2010-01-01
MERCED,2010,February,273.976503358,44.47638268,229.50012067799997,2010-02-01
MERCED,2010,March,293.998165569,46.81767751,247.180488059,2010-03-01
MERCED,2010,April,169.214861476,44.9663883,124.248473176,2010-04-01
MERCED,2010,May,181.99123527999998,40.8158365,141.17539878,2010-05-01
MERCED,2010,June,259.597491826,51.73908797,207.85840385600002,2010-06-01
MERCED,2010,July,330.213605776,73.23723513,256.97637064599996,2010-07-01
MERCED,2010,August,332.416296407,77.13774412,255.278552287,2010-08-01
MERCED,2010,September,307.88780467199996,67.0968977,240.79090697199996,2010-09-01
MERCED,2010,October,319.221642487,58.89582426,260.325818227,2010-10-01
MERCED,2010,November,310.743152855,40.77679067,269.966362185,2010-11-01
MERCED,2010,December,364.45513944,59.0187662,305.43637323999997,2010-12-01
MERCED,2011,January,432.863995019,51.61300509,381.25098992899996,2011-01-01
MERCED,2011,February,253.503767386,47.50533493,205.99843245600002,2011-02-01
MERCED,2011,March,222.585945485,52.37094045,170.215005035,2011-03-01
MERCED,2011,April,200.937398851,41.25747565,159.67992320100004,2011-04-01
MERCED,2011,May,217.898255417,42.59242406,175.30583135700002,2011-05-01
MERCED,2011,June,279.746373561,51.18155947,228.564814091,2011-06-01
MERCED,2011,July,354.528153874,73.30166506,281.226488814,2011-07-01
MERCED,2011,August,358.070554762,82.35570193,275.714852832,2011-08-01
MERCED,2011,September,342.710487599,77.21713778,265.493349819,2011-09-01
MERCED,2011,October,379.330703106,57.76255586,321.568147246,2011-10-01
MERCED,2011,November,258.547013283,43.45004388,215.096969403,2011-11-01
MERCED,2011,December,354.456993068,55.76199902,298.69499404799996,2011-12-01
MERCED,2012,January,240.149197283,58.57845149,181.57074579300001,2012-01-01
MERCED,2012,February,202.451433764,46.49917041,155.952263354,2012-02-01
MERCED,2012,March,221.562263317,48.79049368,172.77176963699998,2012-03-01
MERCED,2012,April,191.261185447,40.94369551,150.317489937,2012-04-01
MERCED,2012,May,258.753253006,52.20565177,206.54760123600002,2012-05-01
MERCED,2012,June,303.352751202,60.37352991,242.97922129199998,2012-06-01
MERCED,2012,July,328.715866689,75.72577464,252.99009204899997,2012-07-01
MERCED,2012,August,353.46968758500003,92.44536665,261.024320935,2012-08-01
MERCED,2012,September,321.533689685,73.07415207,248.45953761500002,2012-09-01
MERCED,2012,October,299.746939275,61.26976819,238.47717108499998,2012-10-01
MERCED,2012,November,280.105240103,43.81517338,236.29006672300005,2012-11-01
MERCED,2012,December,300.710331545,49.35086024,251.35947130499997,2012-12-01
MERCED,2013,January,242.39987893900002,59.93623933,182.463639609,2013-01-01
MERCED,2013,February,185.13721288,46.67630674,138.46090614,2013-02-01
MERCED,2013,March,220.85287712,47.37984735,173.47302976999998,2013-03-01
MERCED,2013,April,197.872028212,39.36180538,158.510222832,2013-04-01
MERCED,2013,May,258.834297702,52.30208799,206.532209712,2013-05-01
MERCED,2013,June,275.608788258,60.28831106,215.320477198,2013-06-01
MERCED,2013,July,354.37699323100003,89.35202594,265.024967291,2013-07-01
MERCED,2013,August,359.87306274,81.41134414,278.4617186,2013-08-01
MERCED,2013,September,299.025635412,73.48399568,225.541639732,2013-09-01
MERCED,2013,October,249.667142493,51.83741035,197.82973214300003,2013-10-01
MERCED,2013,November,206.483268809,39.52951625,166.953752559,2013-11-01
MERCED,2013,December,203.270606109,55.14390789,148.12669821900002,2013-12-01
MERCED,2014,January,181.16708672200002,54.6428096,126.524277122,2014-01-01
MERCED,2014,February,183.598497065,43.48692324,140.11157382500002,2014-02-01
MERCED,2014,March,216.730514354,43.13144603,173.599068324,2014-03-01
MERCED,2014,April,255.147111172,44.44147104,210.705640132,2014-04-01
MERCED,2014,May,215.886281606,46.81784952,169.068432086,2014-05-01
MERCED,2014,June,253.70124153799998,67.18963368,186.511607858,2014-06-01
MERCED,2014,July,328.958905404,88.74867714,240.210228264,2014-07-01
MERCED,2014,August,310.691343622,89.55291518,221.138428442,2014-08-01
MERCED,2014,September,304.091945252,76.04194552,228.049999732,2014-09-01
MERCED,2014,October,249.42377540299998,63.4878284,185.935947003,2014-10-01
MERCED,2014,November,231.591679675,47.33671789,184.254961785,2014-11-01
MERCED,2014,December,283.305539561,51.00867926,232.29686030099998,2014-12-01
MERCED,2015,January,245.295066691,53.69673967,191.59832702100002,2015-01-01
MERCED,2015,February,215.903634701,43.69053003,172.21310467099997,2015-02-01
MERCED,2015,March,213.251627088,46.71831236,166.533314728,2015-03-01
MERCED,2015,April,198.811761715,41.18139873,157.630362985,2015-04-01
MERCED,2015,May,216.677748839,44.03159551,172.64615332900001,2015-05-01
MERCED,2015,June,268.038315319,61.84957068,206.188744639,2015-06-01
MERCED,2015,July,330.176288825,91.83837562,238.33791320499998,2015-07-01
MERCED,2015,August,304.68282824,80.33718532,224.34564292,2015-08-01
MERCED,2015,September,294.675247221,76.85805093,217.81719629100002,2015-09-01
MERCED,2015,October,241.261151594,59.78005646,181.48109513400001,2015-10-01
MERCED,2015,November,189.646526462,42.89825959,146.748266872,2015-11-01
MERCED,2015,December,194.089110859,57.18589107,136.903219789,2015-12-01
MERCED,2016,January,256.39827054,54.87449559,201.52377495000002,2016-01-01
MERCED,2016,February,242.901660384,45.38840335,197.513257034,2016-02-01
MERCED,2016,March,270.579499738,46.27182119,224.307678548,2016-03-01
MERCED,2016,April,184.357099396,40.24097584,144.116123556,2016-04-01
MERCED,2016,May,220.10789580099998,44.13658426,175.97131154100003,2016-05-01
MERCED,2016,June,290.148470652,68.96266833,221.18580232200003,2016-06-01
MERCED,2016,July,333.273209406,85.56739314,247.70581626599997,2016-07-01
MERCED,2016,August,375.827754395,91.65927576,284.16847863500004,2016-08-01
MERCED,2016,September,346.81664896300003,71.24482593,275.571823033,2016-09-01
MERCED,2016,October,279.390026186,50.35428799,229.035738196,2016-10-01
MERCED,2016,November,289.320488497,41.78112296,247.53936553699998,2016-11-01
MERCED,2016,December,356.093200169,51.47406277,304.619137399,2016-12-01
MERCED,2017,January,430.71897411500004,56.55082418,374.168149935,2017-01-01
MERCED,2017,February,394.50254773899997,45.56971478,348.932832959,2017-02-01
MERCED,2017,March,250.337231866,48.89276929,201.444462576,2017-03-01
MERCED,2017,April,224.63083491999998,38.92562844,185.70520648,2017-04-01
MERCED,2017,May,275.094903822,46.96690566,228.12799816199998,2017-05-01
MERCED,2017,June,375.131050362,66.7863946,308.344655762,2017-06-01
MERCED,2017,July,393.807274344,90.99492381,302.812350534,2017-07-01
MERCED,2017,August,403.424796336,99.78398467,303.640811666,2017-08-01
MERCED,2017,September,347.137640073,84.88978937,262.247850703,2017-09-01
MERCED,2017,October,287.705619233,51.458629,236.246990233,2017-10-01
MERCED,2017,November,274.581275426,42.25774699,232.323528436,2017-11-01
MERCED,2017,December,285.036700684,50.70809671,234.32860397400003,2017-12-01
MERCED,2018,January,262.50210927,53.0297654,209.47234386999997,2018-01-01
MERCED,2018,February,209.62136230599998,45.43213755,164.18922475599996,2018-02-01
MERCED,2018,March,306.389011739,48.43598516,257.953026579,2018-03-01
MERCED,2018,April,223.894600828,41.64142866,182.253172168,2018-04-01
MERCED,2018,May,229.106227699,45.05196966,184.05425803900002,2018-05-01
MERCED,2018,June,283.090190951,59.88378009,223.20641086100002,2018-06-01
MERCED,2018,July,355.08848577500004,87.67973566,267.408750115,2018-07-01
MERCED,2018,August,407.461407211,100.7429691,306.71843811099995,2018-08-01
MERCED,2018,September,364.849709191,68.0109102,296.838798991,2018-09-01
MERCED,2018,October,316.485216112,53.93828046,262.546935652,2018-10-01
MERCED,2018,November,209.963175804,42.72174452,167.24143128400002,2018-11-01
MERCED,2018,December,350.987824764,48.09323299,302.894591774,2018-12-01
MERCED,2019,January,334.735065683,56.47601186,278.259053823,2019-01-01
MERCED,2019,February,307.07304574399996,42.5888765,264.484169244,2019-02-01
MERCED,2019,March,259.257446829,49.61829867,209.639148159,2019-03-01
MERCED,2019,April,215.81975114,40.5817248,175.23802634,2019-04-01
MERCED,2019,May,253.576732052,46.60352718,206.973204872,2019-05-01
MERCED,2019,June,339.572532214,63.20663323,276.365898984,2019-06-01
MERCED,2019,July,358.64763968600005,77.52711539,281.120524296,2019-07-01
MERCED,2019,August,385.552534177,93.87388009,291.67865408700004,2019-08-01
MERCED,2019,September,349.792056626,80.66083065,269.131225976,2019-09-01
MERCED,2019,October,268.853892305,54.0198735,214.834018805,2019-10-01
MERCED,2019,November,216.752225486,38.26414498,178.488080506,2019-11-01
MERCED,2019,December,373.481575722,51.97564418,321.505931542,2019-12-01
MERCED,2020,January,317.510185912,52.79502763,264.71515828199995,2020-01-01
MERCED,2020,February,196.186654801,43.46532135,152.721333451,2020-02-01
MERCED,2020,March,259.284648437,46.71918146,212.56546697699997,2020-03-01
MERCED,2020,April,209.900164053,46.57515598,163.32500807300002,2020-04-01
MERCED,2020,May,220.256796329,52.43884785,167.817948479,2020-05-01
MERCED,2020,June,278.144693497,74.02758541,204.11710808700002,2020-06-01
MERCED,2020,July,344.07836679900004,96.22337704,247.85498975899998,2020-07-01
MERCED,2020,August,369.114721887,98.75056994,270.36415194700004,2020-08-01
MERCED,2020,September,334.864297991,93.47193574,241.39236225099998,2020-09-01
MERCED,2020,October,260.070028628,68.9329623,191.13706632799997,2020-10-01
MERCED,2020,November,204.333811906,52.81787871,151.515933196,2020-11-01
MERCED,2020,December,198.644682625,61.382683,137.26199962500002,2020-12-01
MERCED,2021,January,220.00627720900002,58.70356174,161.30271546900002,2021-01-01
MERCED,2021,February,224.44296244699999,49.44154551,175.001416937,2021-02-01
MERCED,2021,March,190.71497569599998,53.29823438,137.41674131599999,2021-03-01
MERCED,2021,April,188.86728758,45.96861092,142.89867666,2021-04-01
MERCED,2021,May,218.34410432500002,52.08645838,166.25764594500004,2021-05-01
MERCED,2021,June,282.538296979,74.72049626,207.817800719,2021-06-01
MERCED,2021,July,333.793542388,103.0392796,230.75426278799998,2021-07-01
MERCED,2021,August,339.24560874499997,108.7507069,230.494901845,2021-08-01
MERCED,2021,September,289.406744968,90.50408211,198.90266285800004,2021-09-01
MERCED,2021,October,244.507006293,59.95924548,184.547760813,2021-10-01
MERCED,2021,November,245.426273976,42.9749391,202.45133487599998,2021-11-01
MERCED,2021,December,219.791212194,58.98432407,160.806888124,2021-12-01
MERCED,2022,January,316.150362996,58.14219642,258.008166576,2022-01-01
MERCED,2022,February,179.524885529,49.68454767,129.840337859,2022-02-01
MERCED,2022,March,221.865784664,52.64455315,169.221231514,2022-03-01
MERCED,2022,April,214.873637191,45.60149881,169.272138381,2022-04-01
MERCED,2022,May,223.228248322,48.57815867,174.650089652,2022-05-01
MERCED,2022,June,284.614432604,73.92088181,210.69355079399998,2022-06-01
MERCED,2022,July,330.781012055,93.5937085,237.187303555,2022-07-01
MERCED,2022,August,355.136104342,108.1356221,247.00048224200003,2022-08-01
MERCED,2022,September,356.015897173,100.169403,255.84649417300002,2022-09-01
MERCED,2022,October,233.29693080500002,63.99748076,169.299450045,2022-10-01
MERCED,2022,November,205.409349876,48.68444987,156.724900006,2022-11-01
MERCED,2022,December,227.898293368,57.22552862,170.67276474800002,2022-12-01
MERCED,2023,January,414.867683042,62.28982582,352.57785722200003,2023-01-01
MERCED,2023,February,319.036273125,51.42100365,267.61526947500005,2023-02-01
MERCED,2023,March,467.336735931,58.12528443,409.21145150100006,2023-03-01
MERCED,2023,April,259.32565614,47.97451536,211.35114077999998,2023-04-01
MERCED,2023,May,318.128893096,53.182926,264.945967096,2023-05-01
MERCED,2023,June,341.932607566,63.2759938,278.656613766,2023-06-01
MERCED,2023,July,403.928427634,87.79649863,316.1319290040001,2023-07-01
MERCED,2023,August,424.41068634,109.4347051,314.97598124,2023-08-01
MERCED,2023,September,339.480581261,80.00911052,259.471470741,2023-09-01
MERCED,2023,October,285.434181958,58.33454749,227.099634468,2023-10-01
MERCED,2023,November,234.645509685,46.30631672,188.33919296500002,2023-11-01
MERCED,2023,December,264.62189324,53.24023621,211.38165702999999,2023-12-01
MERCED,2024,January,266.01809893,59.65512673,206.36297220000003,2024-01-01
MERCED,2024,February,276.369292674,51.37680046,224.99249221399998,2024-02-01
MERCED,2024,March,259.776817856,50.22366273,209.553155126,2024-03-01
MERCED,2024,April,221.49435608299999,47.16403322,174.33032286300002,2024-04-01
MERCED,2024,May,242.58867877400002,51.9936289,190.59504987399998,2024-05-01
MERCED,2024,June,302.738319618,74.32839148,228.409928138,2024-06-01
MERCED,2024,July,393.892354089,118.6822763,275.21007778899997,2024-07-01
MERCED,2024,August,444.073996028,110.6677788,333.40621722799995,2024-08-01
MERCED,2024,September,367.879619408,85.14094214,282.73867726800006,2024-09-01
MERCED,2024,October,322.532730856,74.3857917,248.146939156,2024-10-01
MERCED,2024,November,282.316575958,45.74738026,236.569195698,2024-11-01
MERCED,2024,December,318.843260203,57.60152357,261.24173663299996,2024-12-01
MODOC,2008,January,12.811962518000001,8.165873073,4.646089445,2008-01-01
MODOC,2008,February,11.575308551,7.180796975,4.394511576,2008-02-01
MODOC,2008,March,9.044937737,6.006990791,3.0379469460000004,2008-03-01
MODOC,2008,April,9.459618713000001,5.643007584,3.816611129,2008-04-01
MODOC,2008,May,14.219308869999999,4.595842712,9.623466158000001,2008-05-01
MODOC,2008,June,14.867185642,4.115214026,10.751971616,2008-06-01
MODOC,2008,July,19.978006886,3.967573283,16.010433603,2008-07-01
MODOC,2008,August,19.54221907,3.873606262,15.668612807999999,2008-08-01
MODOC,2008,September,15.698548618,3.740158082,11.958390536,2008-09-01
MODOC,2008,October,12.543034592000001,4.166127006,8.376907586000002,2008-10-01
MODOC,2008,November,8.709948254999999,4.854460068,3.8554881870000006,2008-11-01
MODOC,2008,December,12.403299193,6.723282128,5.680017065,2008-12-01
MODOC,2009,January,11.983270661,7.255799145,4.727471516,2009-01-01
MODOC,2009,February,10.520953464,6.175598747,4.345354716999999,2009-02-01
MODOC,2009,March,10.368991141,6.014426016,4.354565124999999,2009-03-01
MODOC,2009,April,9.721800609,5.512945195,4.208855413999999,2009-04-01
MODOC,2009,May,13.208146721,4.301548959,8.906597761999999,2009-05-01
MODOC,2009,June,15.999281731,3.717960121,12.28132161,2009-06-01
MODOC,2009,July,18.886950659,3.757940018,15.129010640999999,2009-07-01
MODOC,2009,August,18.023793799,4.105601313,13.918192485999999,2009-08-01
MODOC,2009,September,16.409350359,3.674251233,12.735099126000001,2009-09-01
MODOC,2009,October,11.657145167,4.318190863,7.338954304,2009-10-01
MODOC,2009,November,9.793458954,5.029367506,4.764091448,2009-11-01
MODOC,2009,December,12.468012932,7.49776154,4.970251392,2009-12-01
MODOC,2010,January,11.416062958000001,7.110990644,4.305072314,2010-01-01
MODOC,2010,February,9.615484273,5.808841621,3.8066426520000003,2010-02-01
MODOC,2010,March,9.608059655,5.760322205,3.84773745,2010-03-01
MODOC,2010,April,9.286872588,5.441495872,3.8453767159999996,2010-04-01
MODOC,2010,May,11.270442997,4.773210976,6.497232021000001,2010-05-01
MODOC,2010,June,15.737749037,4.322646008,11.415103028999999,2010-06-01
MODOC,2010,July,20.500284191,3.892938803,16.607345388000002,2010-07-01
MODOC,2010,August,19.45786898,3.869154762,15.588714218,2010-08-01
MODOC,2010,September,15.722580727,3.614539949,12.108040778,2010-09-01
MODOC,2010,October,10.263951688,3.775563454,6.488388234000001,2010-10-01
MODOC,2010,November,9.566341259,5.040498992,4.525842267,2010-11-01
MODOC,2010,December,11.594249346,6.892100093,4.702149253,2010-12-01
MODOC,2011,January,12.275144314,7.735735581,4.539408732999999,2011-01-01
MODOC,2011,February,10.319403636,6.357420054,3.961983582,2011-02-01
MODOC,2011,March,10.093157899,6.131910416,3.9612474829999997,2011-03-01
MODOC,2011,April,10.211872822,5.711801275,4.500071547,2011-04-01
MODOC,2011,May,10.155889417,4.571024346,5.584865070999999,2011-05-01
MODOC,2011,June,13.115954048999999,4.337934284,8.778019765000002,2011-06-01
MODOC,2011,July,16.539456567000002,3.605696301,12.933760265999997,2011-07-01
MODOC,2011,August,18.196275304,3.813706962,14.382568341999999,2011-08-01
MODOC,2011,September,16.033804490999998,3.5134181,12.520386390999999,2011-09-01
MODOC,2011,October,10.484568974,3.642454679,6.842114295,2011-10-01
MODOC,2011,November,10.632376205,5.402318587,5.230057617999999,2011-11-01
MODOC,2011,December,11.20228645,6.567905621,4.6343808289999995,2011-12-01
MODOC,2012,January,11.036355768000002,7.175153896,3.861201872,2012-01-01
MODOC,2012,February,9.593229737,6.112702803,3.4805269340000002,2012-02-01
MODOC,2012,March,9.095893266,5.891094964,3.2047983020000004,2012-03-01
MODOC,2012,April,10.336608924,5.414411187,4.922197737,2012-04-01
MODOC,2012,May,14.28195459,3.707296753,10.574657837,2012-05-01
MODOC,2012,June,20.430824824,4.145628095,16.285196729000003,2012-06-01
MODOC,2012,July,19.180463776,3.607667819,15.572795956999999,2012-07-01
MODOC,2012,August,18.576196213,3.718051551,14.858144661999999,2012-08-01
MODOC,2012,September,15.402506276,3.456043938,11.946462337999998,2012-09-01
MODOC,2012,October,13.436292334000001,3.424509945,10.011782389,2012-10-01
MODOC,2012,November,11.481631374,5.129230214,6.352401159999999,2012-11-01
MODOC,2012,December,11.080713246,5.718192282,5.362520964000001,2012-12-01
MODOC,2013,January,14.802287077,9.149223046,5.653064031,2013-01-01
MODOC,2013,February,11.044871748999999,6.840227636,4.2046441130000005,2013-02-01
MODOC,2013,March,9.518980363,5.154399083,4.364581279999999,2013-03-01
MODOC,2013,April,9.344664552,5.027768214,4.316896338,2013-04-01
MODOC,2013,May,15.7001971,3.874435228,11.825761872000001,2013-05-01
MODOC,2013,June,17.327606196,3.836741278,13.490864917999998,2013-06-01
MODOC,2013,July,20.81546397,3.921257777,16.894206193,2013-07-01
MODOC,2013,August,19.002616521,3.479402634,15.523213886999999,2013-08-01
MODOC,2013,September,16.978613036,3.34953046,13.629082576000002,2013-09-01
MODOC,2013,October,12.173490919999999,3.913402358,8.260088562,2013-10-01
MODOC,2013,November,10.153485125,5.120707207,5.032777918,2013-11-01
MODOC,2013,December,12.205885803,7.414590689,4.7912951139999995,2013-12-01
MODOC,2014,January,12.2436742,7.167585581,5.076088618999999,2014-01-01
MODOC,2014,February,9.735477128,5.70355756,4.031919567999999,2014-02-01
MODOC,2014,March,9.107986228,5.030244526,4.077741702,2014-03-01
MODOC,2014,April,8.711127206,4.551073394,4.160053812,2014-04-01
MODOC,2014,May,16.086789059,3.7046657,12.382123359000001,2014-05-01
MODOC,2014,June,19.234007419999998,3.422598494,15.811408925999999,2014-06-01
MODOC,2014,July,21.132049424,3.667946098,17.464103326000004,2014-07-01
MODOC,2014,August,18.240722579,3.479499326,14.761223252999999,2014-08-01
MODOC,2014,September,17.623082796000002,3.226462058,14.396620738000003,2014-09-01
MODOC,2014,October,16.697731061,3.34331673,13.354414331,2014-10-01
MODOC,2014,November,9.109175229,4.613853161,4.495322068,2014-11-01
MODOC,2014,December,9.956891138,5.592129434,4.364761704000001,2014-12-01
MODOC,2015,January,11.50189976,6.585545413,4.9163543469999995,2015-01-01
MODOC,2015,February,9.226309944,5.232314962,3.9939949820000002,2015-02-01
MODOC,2015,March,8.875486911,4.86340976,4.012077151,2015-03-01
MODOC,2015,April,9.303518153,4.848027753,4.455490400000001,2015-04-01
MODOC,2015,May,17.923122157999998,3.818627354,14.104494804000002,2015-05-01
MODOC,2015,June,14.931835843,3.3487686,11.583067242999999,2015-06-01
MODOC,2015,July,18.90894409,3.639717326,15.269226763999997,2015-07-01
MODOC,2015,August,17.243447535,3.422188205,13.821259330000002,2015-08-01
MODOC,2015,September,16.993772294,3.488743487,13.505028807,2015-09-01
MODOC,2015,October,19.400040046,3.411949809,15.988090236999998,2015-10-01
MODOC,2015,November,9.108356057,4.754722311,4.353633746,2015-11-01
MODOC,2015,December,11.177848773000001,6.762347828,4.415500945,2015-12-01
MODOC,2016,January,11.667773553000002,7.938089369,3.7296841840000003,2016-01-01
MODOC,2016,February,10.10368691,6.116814704,3.986872206,2016-02-01
MODOC,2016,March,8.063026982,5.0607519,3.002275082,2016-03-01
MODOC,2016,April,7.060547911,4.526326611,2.5342213000000005,2016-04-01
MODOC,2016,May,13.193087764,3.854994472,9.338093292,2016-05-01
MODOC,2016,June,14.248349972,3.561420037,10.686929935,2016-06-01
MODOC,2016,July,19.836525415,3.631843566,16.204681849,2016-07-01
MODOC,2016,August,20.933841124,3.696564121,17.237277002999996,2016-08-01
MODOC,2016,September,17.798964519,3.557205132,14.241759387,2016-09-01
MODOC,2016,October,10.477473854,3.737750475,6.739723379,2016-10-01
MODOC,2016,November,8.249137717,4.522227478,3.7269102389999995,2016-11-01
MODOC,2016,December,10.364209076,6.557047739,3.807161337,2016-12-01
MODOC,2017,January,12.554776415,8.248345119,4.3064312959999995,2017-01-01
MODOC,2017,February,10.389076107,6.461780129,3.9272959780000005,2017-02-01
MODOC,2017,March,9.250927398,5.585712204,3.6652151939999995,2017-03-01
MODOC,2017,April,7.714639669,4.997394235,2.717245434,2017-04-01
MODOC,2017,May,9.78561305,3.742231971,6.0433810789999995,2017-05-01
MODOC,2017,June,16.578466579,3.931925092,12.646541487,2017-06-01
MODOC,2017,July,20.161285044,3.869643157,16.291641887,2017-07-01
MODOC,2017,August,19.009680839999998,3.672173421,15.337507418999998,2017-08-01
MODOC,2017,September,18.061462337000002,3.710856295,14.350606041999999,2017-09-01
MODOC,2017,October,10.894641598,4.244556501,6.650085097000001,2017-10-01
MODOC,2017,November,8.881577799,4.901520718,3.980057081,2017-11-01
MODOC,2017,December,9.37770963,6.189440497,3.188269133,2017-12-01
MODOC,2018,January,10.406994081,6.846138028,3.560856053,2018-01-01
MODOC,2018,February,8.724140515,5.889023094,2.8351174209999996,2018-02-01
MODOC,2018,March,9.189213328,6.195675938,2.99353739,2018-03-01
MODOC,2018,April,7.35561017,4.756939147,2.5986710229999996,2018-04-01
MODOC,2018,May,13.189304205,3.912327712,9.276976493,2018-05-01
MODOC,2018,June,12.171871638,3.453295961,8.718575677,2018-06-01
MODOC,2018,July,20.035595048,3.549392071,16.486202977,2018-07-01
MODOC,2018,August,20.841398798,3.719290675,17.122108123,2018-08-01
MODOC,2018,September,17.786271597,3.734906485,14.051365112000003,2018-09-01
MODOC,2018,October,10.533054116999999,3.82769972,6.705354397,2018-10-01
MODOC,2018,November,8.907915477000001,5.278290239,3.6296252379999996,2018-11-01
MODOC,2018,December,9.657512196,6.241248382,3.416263814,2018-12-01
MODOC,2019,January,10.073089356999999,6.729484072,3.3436052849999998,2019-01-01
MODOC,2019,February,10.415069092,6.906438138,3.508630954,2019-02-01
MODOC,2019,March,9.721034699,5.718173053,4.002861646,2019-03-01
MODOC,2019,April,8.016897272,4.903696806,3.113200466,2019-04-01
MODOC,2019,May,11.08125269,3.847995978,7.233256712,2019-05-01
MODOC,2019,June,11.667198702,3.452528412,8.214670289999999,2019-06-01
MODOC,2019,July,19.308123318,3.575045554,15.733077764,2019-07-01
MODOC,2019,August,19.398880268,3.688631746,15.710248522,2019-08-01
MODOC,2019,September,16.673506194999998,3.450455634,13.223050560999999,2019-09-01
MODOC,2019,October,8.638760655,4.157577637,4.4811830179999985,2019-10-01
MODOC,2019,November,9.178486852,5.059169976,4.119316876,2019-11-01
MODOC,2019,December,10.864873322,6.617088063,4.247785259,2019-12-01
MODOC,2020,January,10.25008212,6.845057035,3.405025085,2020-01-01
MODOC,2020,February,9.348230871,6.012716902,3.3355139690000004,2020-02-01
MODOC,2020,March,8.367766474,5.379016788,2.988749686,2020-03-01
MODOC,2020,April,8.693880984,5.096165886,3.597715098,2020-04-01
MODOC,2020,May,15.911121987,3.9182668,11.992855187,2020-05-01
MODOC,2020,June,15.423576262,3.745707277,11.677868984999998,2020-06-01
MODOC,2020,July,22.742245220999997,3.806457899,18.935787322,2020-07-01
MODOC,2020,August,23.433302695,4.028825132,19.404477563,2020-08-01
MODOC,2020,September,19.672188491,3.778138964,15.894049527,2020-09-01
MODOC,2020,October,11.540602284,3.600733177,7.939869107,2020-10-01
MODOC,2020,November,9.730911772,5.664312487,4.066599285,2020-11-01
MODOC,2020,December,10.034592929,6.657451391,3.3771415379999996,2020-12-01
MODOC,2021,January,10.869372706,7.531049678,3.338323028,2021-01-01
MODOC,2021,February,10.467910412,7.215892407,3.252018005,2021-02-01
MODOC,2021,March,10.348089075999999,6.208230581,4.1398584949999995,2021-03-01
MODOC,2021,April,10.645626072,4.921786962,5.72383911,2021-04-01
MODOC,2021,May,19.689193555,3.972930755,15.716262800000003,2021-05-01
MODOC,2021,June,20.630484947,3.933261071,16.697223875999995,2021-06-01
MODOC,2021,July,26.086595215000003,4.428446769,21.658148446000006,2021-07-01
MODOC,2021,August,23.953583660000003,3.899751161,20.053832499,2021-08-01
MODOC,2021,September,19.519804827999998,3.528996761,15.990808066999998,2021-09-01
MODOC,2021,October,10.244656347,4.046020329,6.198636018,2021-10-01
MODOC,2021,November,8.203616769,5.029617566,3.1739992029999997,2021-11-01
MODOC,2021,December,9.750200208999999,6.445840215,3.304359994,2021-12-01
MODOC,2022,January,10.770883680999999,7.478321751,3.2925619299999997,2022-01-01
MODOC,2022,February,9.472174863000001,6.331352555,3.140822308,2022-02-01
MODOC,2022,March,8.913123001999999,5.845352981,3.0677700210000003,2022-03-01
MODOC,2022,April,10.372494618,5.212794194,5.159700424,2022-04-01
MODOC,2022,May,14.940692558,4.499801823,10.440890735,2022-05-01
MODOC,2022,June,19.695247495,3.743539846,15.951707649000001,2022-06-01
MODOC,2022,July,22.651197711,3.83776674,18.813430970999995,2022-07-01
MODOC,2022,August,21.927305956999998,3.961837417,17.96546854,2022-08-01
MODOC,2022,September,21.695036027,3.813515215,17.881520812,2022-09-01
MODOC,2022,October,10.514355136999999,3.441446784,7.072908353,2022-10-01
MODOC,2022,November,10.204219954,6.389829965,3.8143899890000004,2022-11-01
MODOC,2022,December,12.154222342999999,8.230550153,3.92367219,2022-12-01
MODOC,2023,January,11.228696009,7.602945951,3.625750058,2023-01-01
MODOC,2023,February,10.912408713,7.542701352,3.369707361,2023-02-01
MODOC,2023,March,10.167834985,6.997023292,3.170811693,2023-03-01
MODOC,2023,April,9.360941223,6.097915969,3.2630252540000004,2023-04-01
MODOC,2023,May,10.43992167,4.207217837,6.2327038329999995,2023-05-01
MODOC,2023,June,12.493635970000001,3.454204015,9.039431955,2023-06-01
MODOC,2023,July,18.110225178,3.879975684,14.230249493999999,2023-07-01
MODOC,2023,August,19.807179102,3.854600435,15.952578667000001,2023-08-01
MODOC,2023,September,14.184877621,3.462600346,10.722277275000001,2023-09-01
MODOC,2023,October,8.863139269,3.865903624,4.997235645,2023-10-01
MODOC,2023,November,8.842137223000002,5.327227663,3.51490956,2023-11-01
MODOC,2023,December,9.940522254,6.644930899,3.2955913549999996,2023-12-01
MODOC,2024,January,10.772108355,7.059053557,3.713054798,2024-01-01
MODOC,2024,February,9.144023639,6.200718695,2.943304944,2024-02-01
MODOC,2024,March,8.736542193,5.72637605,3.0101661429999993,2024-03-01
MODOC,2024,April,8.335302747,5.270667487,3.0646352599999998,2024-04-01
MODOC,2024,May,11.342422009,3.967880589,7.374541419999999,2024-05-01
MODOC,2024,June,17.405068283,3.622967711,13.782100572000001,2024-06-01
MODOC,2024,July,20.810566833,4.125601323,16.684965509999998,2024-07-01
MODOC,2024,August,20.426184797,3.981463679,16.444721118,2024-08-01
MODOC,2024,September,16.142696596,3.477898736,12.664797859999998,2024-09-01
MODOC,2024,October,10.007153021,3.416347794,6.590805227,2024-10-01
MODOC,2024,November,9.475864736,5.528509167,3.9473555690000004,2024-11-01
MODOC,2024,December,10.468488615999998,6.751631625,3.7168569909999998,2024-12-01
MONO,2008,January,21.381879379,13.35420068,8.027678698999999,2008-01-01
MONO,2008,February,24.827071691,12.6182381,12.208833591000001,2008-02-01
MONO,2008,March,18.242900971,10.9495702,7.293330770999999,2008-03-01
MONO,2008,April,16.390182758,8.84682734,7.543355418,2008-04-01
MONO,2008,May,16.175551635999998,5.915746795,10.259804840999998,2008-05-01
MONO,2008,June,13.662664934,5.502296107,8.160368827,2008-06-01
MONO,2008,July,14.782547997,5.051512015,9.731035981999998,2008-07-01
MONO,2008,August,14.625056083,5.005302177,9.619753906,2008-08-01
MONO,2008,September,15.290120472,5.178697969,10.111422503,2008-09-01
MONO,2008,October,13.260600163,5.141317809,8.119282354,2008-10-01
MONO,2008,November,15.944866131,6.432933273,9.511932858000002,2008-11-01
MONO,2008,December,15.115046541999998,8.543753048,6.571293493999999,2008-12-01
MONO,2009,January,23.895582305,13.06571948,10.829862825000001,2009-01-01
MONO,2009,February,21.146152991,11.45713024,9.689022751000001,2009-02-01
MONO,2009,March,18.069507572,10.2729966,7.796510972,2009-03-01
MONO,2009,April,18.478487045,8.777979106,9.700507939000001,2009-04-01
MONO,2009,May,15.186233521,6.088596184,9.097637336999998,2009-05-01
MONO,2009,June,12.813681475,4.949145995,7.864535479999999,2009-06-01
MONO,2009,July,14.326888642,5.017961014,9.308927628000001,2009-07-01
MONO,2009,August,14.063223715,5.045128099,9.018095616,2009-08-01
MONO,2009,September,14.377922992999999,4.820371215,9.557551778,2009-09-01
MONO,2009,October,14.437503083,5.293203467,9.144299615999998,2009-10-01
MONO,2009,November,16.346062403999998,6.679563321,9.666499083000001,2009-11-01
MONO,2009,December,16.523888949,9.52434919,6.999539759000001,2009-12-01
MONO,2010,January,22.920896295000002,12.94129612,9.979600175,2010-01-01
MONO,2010,February,21.293212719,11.86445913,9.428753589,2010-02-01
MONO,2010,March,17.99289496,10.54570125,7.447193709999999,2010-03-01
MONO,2010,April,18.94546679,9.518564434,9.426902356,2010-04-01
MONO,2010,May,16.024629207,7.131264618,8.893364588999999,2010-05-01
MONO,2010,June,13.598589416,5.888499662,7.710089754,2010-06-01
MONO,2010,July,14.302251298,5.176592358,9.125658940000001,2010-07-01
MONO,2010,August,13.214481378,5.144987386,8.069493992,2010-08-01
MONO,2010,September,13.667444329,5.079041426,8.588402903,2010-09-01
MONO,2010,October,16.653554687,4.757493005,11.896061682000003,2010-10-01
MONO,2010,November,16.406585959,6.887055576,9.519530383,2010-11-01
MONO,2010,December,16.126319814,9.364150476,6.762169338,2010-12-01
MONO,2011,January,21.477240733,13.5355199,7.941720833000001,2011-01-01
MONO,2011,February,22.442277638,11.05748676,11.384790878,2011-02-01
MONO,2011,March,18.358712642,11.27085498,7.087857662,2011-03-01
MONO,2011,April,21.218818644000002,9.603719542,11.615099102,2011-04-01
MONO,2011,May,14.800470787000002,6.740545241,8.059925546,2011-05-01
MONO,2011,June,15.491588787000001,6.470661993,9.020926794000001,2011-06-01
MONO,2011,July,14.59424217,5.174029572,9.420212598,2011-07-01
MONO,2011,August,14.88651149,5.12791806,9.75859343,2011-08-01
MONO,2011,September,14.501459428,4.873732069,9.627727359,2011-09-01
MONO,2011,October,13.18719618,5.149991985,8.037204195000001,2011-10-01
MONO,2011,November,17.72465046,7.024476828,10.700173631999998,2011-11-01
MONO,2011,December,16.070408033,9.656276878,6.414131155,2011-12-01
MONO,2012,January,18.488592271999998,12.03574667,6.452845602000001,2012-01-01
MONO,2012,February,22.857942074,10.83231427,12.025627804,2012-02-01
MONO,2012,March,17.659458733,10.87886783,6.780590903,2012-03-01
MONO,2012,April,17.066260323,9.754927342,7.311332981,2012-04-01
MONO,2012,May,15.292785101,5.963963303,9.328821798,2012-05-01
MONO,2012,June,14.027005995000001,5.367208802,8.659797193000001,2012-06-01
MONO,2012,July,15.013180792,5.61139963,9.401781162,2012-07-01
MONO,2012,August,15.375578264000001,5.619823092,9.755755172,2012-08-01
MONO,2012,September,15.310371846,5.423731933,9.886639913000002,2012-09-01
MONO,2012,October,13.659887923,5.310505712,8.349382211,2012-10-01
MONO,2012,November,16.496835761,7.156108335,9.340727426,2012-11-01
MONO,2012,December,15.408291313000001,9.740751717,5.667539595999999,2012-12-01
MONO,2013,January,22.940647746,15.54275038,7.3978973660000005,2013-01-01
MONO,2013,February,23.684960554,12.44680455,11.238156004,2013-02-01
MONO,2013,March,17.911560062,11.11128186,6.800278201999999,2013-03-01
MONO,2013,April,15.591175783000002,8.332480047,7.258695736000001,2013-04-01
MONO,2013,May,15.560192967,5.789537207,9.77065576,2013-05-01
MONO,2013,June,14.409350804999999,5.330595113,9.078755692,2013-06-01
MONO,2013,July,15.431626692,5.71302547,9.718601222000002,2013-07-01
MONO,2013,August,15.253656684,5.587318461,9.666338223,2013-08-01
MONO,2013,September,15.183551405,5.415703082,9.767848322999999,2013-09-01
MONO,2013,October,13.966841231,5.725397158,8.241444073,2013-10-01
MONO,2013,November,17.365603782,7.06428172,10.301322062,2013-11-01
MONO,2013,December,16.881407672,10.78788495,6.093522722,2013-12-01
MONO,2014,January,18.90443481,12.09473151,6.809703300000001,2014-01-01
MONO,2014,February,22.774173845,10.02291257,12.751261275000001,2014-02-01
MONO,2014,March,16.55174042,9.539682813,7.012057607,2014-03-01
MONO,2014,April,17.588220232999998,8.324567465,9.263652767999998,2014-04-01
MONO,2014,May,15.345957408999999,6.34214107,9.003816339,2014-05-01
MONO,2014,June,14.148161095999999,5.365574193,8.782586903,2014-06-01
MONO,2014,July,14.268409155,5.450412719,8.817996436000001,2014-07-01
MONO,2014,August,15.291255114,5.427896012,9.863359102000002,2014-08-01
MONO,2014,September,13.118945472,5.051978198,8.066967274,2014-09-01
MONO,2014,October,12.716174425,4.937160262,7.779014162999999,2014-10-01
MONO,2014,November,15.347008188,5.945172088,9.4018361,2014-11-01
MONO,2014,December,14.079346694,8.591063776,5.488282918,2014-12-01
MONO,2015,January,22.054920335,11.07511373,10.979806604999998,2015-01-01
MONO,2015,February,16.942350738000002,8.123047869,8.819302869000001,2015-02-01
MONO,2015,March,17.484028195,7.690323401,9.793704794,2015-03-01
MONO,2015,April,15.661041532999999,6.29592602,9.365115513000001,2015-04-01
MONO,2015,May,13.985139867,5.392986321,8.592153545999999,2015-05-01
MONO,2015,June,12.854691701,4.825346249,8.029345452,2015-06-01
MONO,2015,July,14.039957738,4.865214308,9.17474343,2015-07-01
MONO,2015,August,12.992590094999999,4.823117716,8.169472379,2015-08-01
MONO,2015,September,13.979924277,4.48416679,9.495757487000002,2015-09-01
MONO,2015,October,13.665072932,4.599518103,9.065554829,2015-10-01
MONO,2015,November,15.769254709,6.867582276,8.901672433,2015-11-01
MONO,2015,December,19.444416433999997,9.959149643,9.485266790999999,2015-12-01
MONO,2016,January,23.33314856,13.17465417,10.158494389999998,2016-01-01
MONO,2016,February,19.375474707,10.32451516,9.050959547,2016-02-01
MONO,2016,March,17.473065098,8.530269554,8.942795544,2016-03-01
MONO,2016,April,16.97441027,7.426621619,9.547788651000001,2016-04-01
MONO,2016,May,13.750292056,5.674361889,8.075930167,2016-05-01
MONO,2016,June,12.183424986,4.951601997,7.231822988999999,2016-06-01
MONO,2016,July,14.151686740999999,5.057950448,9.093736293000001,2016-07-01
MONO,2016,August,13.698359579,4.934278925,8.764080653999999,2016-08-01
MONO,2016,September,14.067923269000001,4.629367162,9.438556106999998,2016-09-01
MONO,2016,October,12.594004632,5.015748915,7.578255716999999,2016-10-01
MONO,2016,November,13.246379858000001,6.110862838,7.13551702,2016-11-01
MONO,2016,December,18.302697817,8.841967216,9.460730601,2016-12-01
MONO,2017,January,22.657299712,12.87371955,9.783580161999998,2017-01-01
MONO,2017,February,22.234625541000003,11.96735379,10.267271751000001,2017-02-01
MONO,2017,March,19.973484646,10.66222135,9.311263296,2017-03-01
MONO,2017,April,18.500810399000002,8.905264341,9.595546058,2017-04-01
MONO,2017,May,15.556778666,6.43168495,9.125093716,2017-05-01
MONO,2017,June,13.861106105,5.197552361,8.663553744,2017-06-01
MONO,2017,July,14.993225007,5.389749124,9.603475883,2017-07-01
MONO,2017,August,13.969185728000001,4.904218684,9.064967044,2017-08-01
MONO,2017,September,14.223242063,4.755309996,9.467932067,2017-09-01
MONO,2017,October,12.199595703,5.273686342,6.9259093609999995,2017-10-01
MONO,2017,November,12.86563956,5.904240252,6.961399308000001,2017-11-01
MONO,2017,December,17.813325402,8.054451582,9.75887382,2017-12-01
MONO,2018,January,20.141351842,10.39275719,9.748594652000001,2018-01-01
MONO,2018,February,18.611151626,9.154177954,9.456973672,2018-02-01
MONO,2018,March,21.292575061,11.09276389,10.199811171,2018-03-01
MONO,2018,April,18.869465717,8.873678338,9.995787379000001,2018-04-01
MONO,2018,May,14.773166187000001,5.581202899,9.191963288000002,2018-05-01
MONO,2018,June,14.098875821,4.956517996,9.142357825000001,2018-06-01
MONO,2018,July,14.334794141,5.040582954,9.294211186999998,2018-07-01
MONO,2018,August,14.43206925,5.031535265,9.400533985000001,2018-08-01
MONO,2018,September,14.243835671,4.612728711,9.631106959999997,2018-09-01
MONO,2018,October,12.324335705,4.757935505,7.5664002,2018-10-01
MONO,2018,November,12.94284051,5.895180637,7.047659872999999,2018-11-01
MONO,2018,December,20.21847186,9.242179719,10.976292141000002,2018-12-01
MONO,2019,January,23.446027572,12.57395122,10.872076351999999,2019-01-01
MONO,2019,February,22.561091092,12.29027961,10.270811482,2019-02-01
MONO,2019,March,22.046161635,12.50377906,9.542382575,2019-03-01
MONO,2019,April,18.672828737,9.492568707,9.18026003,2019-04-01
MONO,2019,May,15.940316517,6.551181678,9.389134838999999,2019-05-01
MONO,2019,June,14.174251200999999,6.223876128,7.950375073,2019-06-01
MONO,2019,July,14.090684399999999,5.312676724,8.778007676,2019-07-01
MONO,2019,August,14.404323009,5.096492897,9.307830112000001,2019-08-01
MONO,2019,September,13.950197275,4.828534601,9.121662674000001,2019-09-01
MONO,2019,October,12.777375482,5.347375832,7.429999649999999,2019-10-01
MONO,2019,November,14.444653332,6.495946976,7.948706356000001,2019-11-01
MONO,2019,December,20.225135214,10.13491866,10.090216554,2019-12-01
MONO,2020,January,22.734649674,12.56232443,10.172325244000001,2020-01-01
MONO,2020,February,21.256853435,10.44847758,10.808375855,2020-02-01
MONO,2020,March,17.081748219999998,9.432188234,7.649559986000001,2020-03-01
MONO,2020,April,16.003654445,8.182249182,7.821405263,2020-04-01
MONO,2020,May,13.849053621000001,5.753627562,8.095426059000001,2020-05-01
MONO,2020,June,13.047042628,5.153114819,7.893927808999999,2020-06-01
MONO,2020,July,14.876136821000001,5.815814232,9.060322588999998,2020-07-01
MONO,2020,August,15.408566798999999,5.718017701,9.690549098,2020-08-01
MONO,2020,September,13.648000935,5.166378435,8.4816225,2020-09-01
MONO,2020,October,12.856745107,4.810028288,8.046716819,2020-10-01
MONO,2020,November,12.619798122,6.479636876,6.140161246,2020-11-01
MONO,2020,December,20.57893858,9.96787033,10.611068249999999,2020-12-01
MONO,2021,January,20.976774907,10.99146056,9.985314347,2021-01-01
MONO,2021,February,19.752795625,11.1836108,8.569184825,2021-02-01
MONO,2021,March,19.297546545,10.46736876,8.830177785,2021-03-01
MONO,2021,April,19.310721961,9.010434027,10.300287934,2021-04-01
MONO,2021,May,15.753480541,5.832563454,9.920917087,2021-05-01
MONO,2021,June,14.774150956,5.25822317,9.515927785999999,2021-06-01
MONO,2021,July,15.563096532,5.486946524,10.076150008000003,2021-07-01
MONO,2021,August,15.060651141,5.336966153,9.723684988,2021-08-01
MONO,2021,September,15.227321882,4.719581147,10.507740734999999,2021-09-01
MONO,2021,October,13.999860931,5.505274215,8.494586716,2021-10-01
MONO,2021,November,14.058690165,6.813973699,7.244716466,2021-11-01
MONO,2021,December,17.511742017,8.855828849,8.655913168,2021-12-01
MONO,2022,January,23.088043611,12.92076232,10.167281291,2022-01-01
MONO,2022,February,19.797560086,10.51719441,9.280365675999999,2022-02-01
MONO,2022,March,19.424414753,9.996982351,9.427432402,2022-03-01
MONO,2022,April,17.353192231,7.40582114,9.947371091,2022-04-01
MONO,2022,May,16.619563981000002,6.069540725,10.550023256,2022-05-01
MONO,2022,June,14.484807453,4.889971432,9.594836021000003,2022-06-01
MONO,2022,July,15.323311878999998,5.111821759,10.21149012,2022-07-01
MONO,2022,August,14.81438463,4.86204182,9.95234281,2022-08-01
MONO,2022,September,14.442343927,4.647224157,9.795119770000001,2022-09-01
MONO,2022,October,13.722021696999999,4.591228076,9.130793620999999,2022-10-01
MONO,2022,November,15.05399473,7.397582901,7.6564118290000005,2022-11-01
MONO,2022,December,20.563393609000002,10.80400045,9.759393159000002,2022-12-01
MONO,2023,January,22.295660006000002,12.76698556,9.528674446,2023-01-01
MONO,2023,February,21.48754598,12.14059527,9.34695071,2023-02-01
MONO,2023,March,20.914973707,11.95497974,8.959993967,2023-03-01
MONO,2023,April,20.217897882000003,10.58101912,9.636878762,2023-04-01
MONO,2023,May,15.965376971,6.962483864,9.002893106999998,2023-05-01
MONO,2023,June,13.809123028,5.408728278,8.40039475,2023-06-01
MONO,2023,July,14.621673379,5.40695639,9.214716989,2023-07-01
MONO,2023,August,13.559855964,4.965153951,8.594702013000001,2023-08-01
MONO,2023,September,12.681397289,4.656107935,8.025289354,2023-09-01
MONO,2023,October,11.086619761,4.667096732,6.4195230290000005,2023-10-01
MONO,2023,November,12.501771391,6.109273634,6.392497757,2023-11-01
MONO,2023,December,19.127216573,9.009149863,10.118066709999999,2023-12-01
MONO,2024,January,21.323503457,11.44873196,9.874771496999998,2024-01-01
MONO,2024,February,20.905003224999998,10.67194367,10.233059554999999,2024-02-01
MONO,2024,March,20.204410483,10.80302474,9.401385742999999,2024-03-01
MONO,2024,April,18.341432985,9.260055971,9.081377014000001,2024-04-01
MONO,2024,May,14.362418166,5.853868392,8.508549774,2024-05-01
MONO,2024,June,13.278301191999999,4.653497949,8.624803243,2024-06-01
MONO,2024,July,14.081225636000001,5.151887274,8.929338362000001,2024-07-01
MONO,2024,August,13.868773371,5.063997381,8.804775989999998,2024-08-01
MONO,2024,September,14.005843622,4.587040523,9.418803099000002,2024-09-01
MONO,2024,October,11.351722156000001,4.376216901,6.975505255,2024-10-01
MONO,2024,November,13.262633403,6.171716579,7.090916824,2024-11-01
MONO,2024,December,18.824375345,9.295132862,9.529242483000003,2024-12-01
MONTEREY,2008,January,206.209992415,77.67925182,128.53074059500003,2008-01-01
MONTEREY,2008,February,184.52659775499998,66.56872107,117.957876685,2008-02-01
MONTEREY,2008,March,188.384625997,63.10818203,125.276443967,2008-03-01
MONTEREY,2008,April,202.282372724,59.47595019,142.80642253400003,2008-04-01
MONTEREY,2008,May,225.902576014,57.48716064,168.415415374,2008-05-01
MONTEREY,2008,June,230.81214146300002,57.16216817,173.64997329300002,2008-06-01
MONTEREY,2008,July,249.266974113,56.25235647,193.01461764299998,2008-07-01
MONTEREY,2008,August,234.945986496,54.68220716,180.263779336,2008-08-01
MONTEREY,2008,September,239.733265792,56.34204005,183.39122574199996,2008-09-01
MONTEREY,2008,October,234.745969331,58.43667492,176.30929441100002,2008-10-01
MONTEREY,2008,November,193.085260574,51.06855447,142.01670610399998,2008-11-01
MONTEREY,2008,December,225.458341545,72.4680676,152.990273945,2008-12-01
MONTEREY,2009,January,194.759360022,70.96952099,123.78983903200002,2009-01-01
MONTEREY,2009,February,182.155855067,61.7172083,120.438646767,2009-02-01
MONTEREY,2009,March,189.190024592,64.00490665,125.185117942,2009-03-01
MONTEREY,2009,April,211.119873657,62.46634837,148.65352528699998,2009-04-01
MONTEREY,2009,May,211.869823391,53.83635101,158.033472381,2009-05-01
MONTEREY,2009,June,238.53945115700003,59.17372691,179.36572424700003,2009-06-01
MONTEREY,2009,July,248.854030939,56.95450962,191.899521319,2009-07-01
MONTEREY,2009,August,233.31572659800003,55.19032278,178.12540381800002,2009-08-01
MONTEREY,2009,September,233.832262365,55.75368777,178.078574595,2009-09-01
MONTEREY,2009,October,226.613773108,57.78582071,168.82795239800004,2009-10-01
MONTEREY,2009,November,194.482435273,55.48686155,138.995573723,2009-11-01
MONTEREY,2009,December,230.31719614600001,77.1538864,153.163309746,2009-12-01
MONTEREY,2010,January,213.59681016300001,66.97795856,146.618851603,2010-01-01
MONTEREY,2010,February,178.758204481,60.92696037,117.831244111,2010-02-01
MONTEREY,2010,March,196.954090113,68.28572577,128.668364343,2010-03-01
MONTEREY,2010,April,203.42661799799998,62.93210741,140.494510588,2010-04-01
MONTEREY,2010,May,198.94748219,52.84567538,146.10180680999997,2010-05-01
MONTEREY,2010,June,227.211023313,60.22761818,166.98340513300002,2010-06-01
MONTEREY,2010,July,233.909009449,56.62870737,177.280302079,2010-07-01
MONTEREY,2010,August,236.192180587,57.62847943,178.56370115700005,2010-08-01
MONTEREY,2010,September,231.74683041499998,56.98783218,174.758998235,2010-09-01
MONTEREY,2010,October,223.129609201,55.12586407,168.003745131,2010-10-01
MONTEREY,2010,November,201.309325872,57.68839186,143.620934012,2010-11-01
MONTEREY,2010,December,221.278964688,76.95045657,144.328508118,2010-12-01
MONTEREY,2011,January,189.912877141,68.48842218,121.42445496100001,2011-01-01
MONTEREY,2011,February,175.186197411,59.02089391,116.16530350099997,2011-02-01
MONTEREY,2011,March,208.937603065,72.50597058,136.431632485,2011-03-01
MONTEREY,2011,April,188.656718996,57.59756904,131.059149956,2011-04-01
MONTEREY,2011,May,217.817575224,57.13954359,160.678031634,2011-05-01
MONTEREY,2011,June,233.152063218,60.34890791,172.80315530800002,2011-06-01
MONTEREY,2011,July,228.230512691,54.856148,173.374364691,2011-07-01
MONTEREY,2011,August,246.822993199,59.03438446,187.78860873899998,2011-08-01
MONTEREY,2011,September,232.44777676,56.89237286,175.5554039,2011-09-01
MONTEREY,2011,October,222.02827071800002,55.45785455,166.570416168,2011-10-01
MONTEREY,2011,November,210.133340779,58.10168062,152.031660159,2011-11-01
MONTEREY,2011,December,212.989517956,72.21747305,140.772044906,2011-12-01
MONTEREY,2012,January,202.950345778,74.54716769,128.403178088,2012-01-01
MONTEREY,2012,February,186.913856681,63.53577944,123.378077241,2012-02-01
MONTEREY,2012,March,201.241902707,66.77203988,134.46986282700001,2012-03-01
MONTEREY,2012,April,186.109229681,57.79272715,128.316502531,2012-04-01
MONTEREY,2012,May,218.150072862,59.17499871,158.975074152,2012-05-01
MONTEREY,2012,June,223.201263987,56.40236986,166.798894127,2012-06-01
MONTEREY,2012,July,232.076573586,55.64148235,176.435091236,2012-07-01
MONTEREY,2012,August,242.364366824,59.14012291,183.224243914,2012-08-01
MONTEREY,2012,September,223.022074794,53.97449291,169.047581884,2012-09-01
MONTEREY,2012,October,231.66843951,58.14953677,173.51890274000002,2012-10-01
MONTEREY,2012,November,204.982218111,56.23858503,148.743633081,2012-11-01
MONTEREY,2012,December,193.065437348,65.79842956,127.267007788,2012-12-01
MONTEREY,2013,January,209.421889759,78.54561218,130.87627757899998,2013-01-01
MONTEREY,2013,February,181.695820227,62.54388842,119.151931807,2013-02-01
MONTEREY,2013,March,198.121634485,64.94199111,133.17964337499998,2013-03-01
MONTEREY,2013,April,202.619657274,54.81921167,147.800445604,2013-04-01
MONTEREY,2013,May,233.195424933,57.20770295,175.987721983,2013-05-01
MONTEREY,2013,June,222.012691076,55.2079243,166.804766776,2013-06-01
MONTEREY,2013,July,251.265431848,55.59095192,195.67447992799995,2013-07-01
MONTEREY,2013,August,238.97741858,55.4976876,183.47973098000003,2013-08-01
MONTEREY,2013,September,231.26714776,53.23654724,178.03060052,2013-09-01
MONTEREY,2013,October,235.459283605,58.58585026,176.87343334500002,2013-10-01
MONTEREY,2013,November,200.577176074,53.39237409,147.18480198400002,2013-11-01
MONTEREY,2013,December,220.492904794,72.33773831,148.155166484,2013-12-01
MONTEREY,2014,January,201.449104022,68.49806811,132.95103591199998,2014-01-01
MONTEREY,2014,February,181.658830592,57.6123411,124.04648949199998,2014-02-01
MONTEREY,2014,March,184.840152745,58.53000474,126.310148005,2014-03-01
MONTEREY,2014,April,206.935965563,55.99340693,150.942558633,2014-04-01
MONTEREY,2014,May,218.350007438,54.03474045,164.31526698800002,2014-05-01
MONTEREY,2014,June,233.42468888000002,53.66421608,179.76047280000003,2014-06-01
MONTEREY,2014,July,248.883050104,56.14179586,192.741254244,2014-07-01
MONTEREY,2014,August,240.255370578,54.05560172,186.19976885799997,2014-08-01
MONTEREY,2014,September,242.25548611600001,52.68977298,189.56571313600003,2014-09-01
MONTEREY,2014,October,246.30476860000002,56.42250557,189.88226303,2014-10-01
MONTEREY,2014,November,194.071338024,50.1181825,143.953155524,2014-11-01
MONTEREY,2014,December,205.225640886,64.88286826,140.34277262600003,2014-12-01
MONTEREY,2015,January,278.230376533,67.61433088,210.61604565300001,2015-01-01
MONTEREY,2015,February,176.798787569,54.31806174,122.48072582900001,2015-02-01
MONTEREY,2015,March,196.755129237,58.97142382,137.783705417,2015-03-01
MONTEREY,2015,April,208.664120399,53.71405078,154.95006961899998,2015-04-01
MONTEREY,2015,May,206.546811307,53.56253297,152.984278337,2015-05-01
MONTEREY,2015,June,222.81104457499998,53.71605127,169.094993305,2015-06-01
MONTEREY,2015,July,242.030446359,54.22421802,187.80622833899997,2015-07-01
MONTEREY,2015,August,234.627864281,50.79899524,183.828869041,2015-08-01
MONTEREY,2015,September,249.673055875,53.53241771,196.140638165,2015-09-01
MONTEREY,2015,October,229.45335666,53.67769304,175.77566362,2015-10-01
MONTEREY,2015,November,200.155137061,50.51986784,149.635269221,2015-11-01
MONTEREY,2015,December,211.28118236699999,72.38573099,138.895451377,2015-12-01
MONTEREY,2016,January,191.640390813,71.02559005,120.614800763,2016-01-01
MONTEREY,2016,February,177.872821283,57.26144064,120.61138064299999,2016-02-01
MONTEREY,2016,March,198.824444112,60.3765871,138.44785701200001,2016-03-01
MONTEREY,2016,April,196.640037012,52.02564735,144.61438966199998,2016-04-01
MONTEREY,2016,May,216.842501603,52.91504766,163.92745394300002,2016-05-01
MONTEREY,2016,June,226.246034852,54.93569911,171.310335742,2016-06-01
MONTEREY,2016,July,237.137021929,52.39571763,184.741304299,2016-07-01
MONTEREY,2016,August,244.252882207,53.96047341,190.29240879699998,2016-08-01
MONTEREY,2016,September,238.962850679,53.10208241,185.860768269,2016-09-01
MONTEREY,2016,October,214.057374675,51.32879236,162.72858231499998,2016-10-01
MONTEREY,2016,November,208.195903504,52.20485502,155.99104848399998,2016-11-01
MONTEREY,2016,December,202.999337985,65.36137225,137.637965735,2016-12-01
MONTEREY,2017,January,204.403127801,70.95983993,133.44328787100002,2017-01-01
MONTEREY,2017,February,173.662337978,58.3172674,115.34507057799999,2017-02-01
MONTEREY,2017,March,209.39761839,63.39412371,146.00349468,2017-03-01
MONTEREY,2017,April,186.702370786,50.88558468,135.816786106,2017-04-01
MONTEREY,2017,May,215.047016587,52.03859344,163.008423147,2017-05-01
MONTEREY,2017,June,238.062618094,53.6960493,184.366568794,2017-06-01
MONTEREY,2017,July,234.327240497,49.30024401,185.02699648699996,2017-07-01
MONTEREY,2017,August,249.56319749,53.33301073,196.23018676,2017-08-01
MONTEREY,2017,September,240.007901713,51.59258274,188.415318973,2017-09-01
MONTEREY,2017,October,213.70259137699998,51.88083018,161.821761197,2017-10-01
MONTEREY,2017,November,192.724331604,51.78025481,140.94407679399998,2017-11-01
MONTEREY,2017,December,187.314531446,62.60878153,124.70574991599999,2017-12-01
MONTEREY,2018,January,192.456467531,64.89685426,127.559613271,2018-01-01
MONTEREY,2018,February,170.864344179,54.97380655,115.89053762899998,2018-02-01
MONTEREY,2018,March,192.48433704500002,63.87217744,128.61215960500002,2018-03-01
MONTEREY,2018,April,181.942733232,53.66157793,128.281155302,2018-04-01
MONTEREY,2018,May,215.504258349,54.25998057,161.244277779,2018-05-01
MONTEREY,2018,June,218.586343768,52.43813654,166.148207228,2018-06-01
MONTEREY,2018,July,235.38898439899998,51.48069502,183.90828937900002,2018-07-01
MONTEREY,2018,August,234.897150595,53.87547606,181.021674535,2018-08-01
MONTEREY,2018,September,213.983832305,49.98807824,163.99575406500003,2018-09-01
MONTEREY,2018,October,221.560255888,52.44840474,169.111851148,2018-10-01
MONTEREY,2018,November,195.171386697,51.74350997,143.427876727,2018-11-01
MONTEREY,2018,December,187.00856482999998,61.82493964,125.18362519000001,2018-12-01
MONTEREY,2019,January,188.58551666399998,68.88956728,119.695949384,2019-01-01
MONTEREY,2019,February,169.522695196,58.62231047,110.900384726,2019-02-01
MONTEREY,2019,March,179.706676579,64.51931485,115.187361729,2019-03-01
MONTEREY,2019,April,185.86990560200002,51.96037577,133.90952983200003,2019-04-01
MONTEREY,2019,May,208.932589225,52.64474915,156.287840075,2019-05-01
MONTEREY,2019,June,204.373089648,51.51741717,152.855672478,2019-06-01
MONTEREY,2019,July,220.5557063,51.23306917,169.32263713,2019-07-01
MONTEREY,2019,August,229.632031349,51.26094067,178.37109067899996,2019-08-01
MONTEREY,2019,September,227.63172575,49.68335304,177.94837271,2019-09-01
MONTEREY,2019,October,224.80070665399998,53.39341799,171.40728866400002,2019-10-01
MONTEREY,2019,November,187.155780338,47.60557149,139.55020884799998,2019-11-01
MONTEREY,2019,December,209.37264418799998,65.37501778,143.997626408,2019-12-01
MONTEREY,2020,January,185.847096643,70.40479342,115.44230322299998,2020-01-01
MONTEREY,2020,February,171.953591005,58.93966596,113.01392504500001,2020-02-01
MONTEREY,2020,March,186.63358963,60.90613498,125.72745464999998,2020-03-01
MONTEREY,2020,April,176.64419288099998,60.85448303,115.789709851,2020-04-01
MONTEREY,2020,May,186.922886089,54.35915976,132.56372632900002,2020-05-01
MONTEREY,2020,June,216.346497296,54.80740682,161.53909047599998,2020-06-01
MONTEREY,2020,July,222.508299025,55.5912518,166.91704722499998,2020-07-01
MONTEREY,2020,August,212.65555435299999,53.47339699,159.182157363,2020-08-01
MONTEREY,2020,September,219.773888211,55.46476417,164.309124041,2020-09-01
MONTEREY,2020,October,211.150602958,56.12489467,155.02570828800003,2020-10-01
MONTEREY,2020,November,182.739178875,53.05403251,129.68514636499998,2020-11-01
MONTEREY,2020,December,202.545376304,74.49814367,128.047232634,2020-12-01
MONTEREY,2021,January,184.822289984,71.2520521,113.57023788400001,2021-01-01
MONTEREY,2021,February,182.972995566,62.19810963,120.774885936,2021-02-01
MONTEREY,2021,March,194.616318595,68.22252832,126.393790275,2021-03-01
MONTEREY,2021,April,196.162822662,60.16518124,135.997641422,2021-04-01
MONTEREY,2021,May,201.819717108,53.53201178,148.287705328,2021-05-01
MONTEREY,2021,June,226.774535174,55.47519649,171.299338684,2021-06-01
MONTEREY,2021,July,217.12585521699998,52.81591207,164.309943147,2021-07-01
MONTEREY,2021,August,231.188383995,53.34543113,177.842952865,2021-08-01
MONTEREY,2021,September,223.977480749,52.66933464,171.308146109,2021-09-01
MONTEREY,2021,October,210.352531095,51.39121415,158.96131694499996,2021-10-01
MONTEREY,2021,November,181.91177087,50.98941428,130.92235659,2021-11-01
MONTEREY,2021,December,203.73301101500002,68.25252784,135.480483175,2021-12-01
MONTEREY,2022,January,179.987679203,66.68270169,113.30497751299998,2022-01-01
MONTEREY,2022,February,178.629103698,58.87406493,119.75503876799999,2022-02-01
MONTEREY,2022,March,205.298916193,66.24815248,139.050763713,2022-03-01
MONTEREY,2022,April,196.413485668,55.05209627,141.361389398,2022-04-01
MONTEREY,2022,May,211.19691054799998,53.85778685,157.33912369799998,2022-05-01
MONTEREY,2022,June,224.91668230599998,53.6506071,171.266075206,2022-06-01
MONTEREY,2022,July,224.711937422,51.35997989,173.35195753200003,2022-07-01
MONTEREY,2022,August,229.653278062,55.39761552,174.25566254199998,2022-08-01
MONTEREY,2022,September,225.797498503,53.06578643,172.731712073,2022-09-01
MONTEREY,2022,October,207.71031096599998,51.03537165,156.674939316,2022-10-01
MONTEREY,2022,November,185.846231504,55.43303916,130.413192344,2022-11-01
MONTEREY,2022,December,197.685300323,70.43194737,127.253352953,2022-12-01
MONTEREY,2023,January,190.253273949,72.21906619,118.034207759,2023-01-01
MONTEREY,2023,February,174.803370388,62.37232034,112.431050048,2023-02-01
MONTEREY,2023,March,200.017751222,73.78106393,126.23668729199998,2023-03-01
MONTEREY,2023,April,176.197449552,58.29586223,117.90158732199998,2023-04-01
MONTEREY,2023,May,200.873595674,57.07405939,143.79953628399997,2023-05-01
MONTEREY,2023,June,207.666760435,56.11269737,151.55406306499998,2023-06-01
MONTEREY,2023,July,215.887157685,53.31721285,162.569944835,2023-07-01
MONTEREY,2023,August,227.413729065,55.67033555,171.743393515,2023-08-01
MONTEREY,2023,September,226.882029217,51.3084772,175.573552017,2023-09-01
MONTEREY,2023,October,213.228187684,54.04672686,159.181460824,2023-10-01
MONTEREY,2023,November,191.59972444,51.40688219,140.19284224999998,2023-11-01
MONTEREY,2023,December,191.009123927,62.6972317,128.311892227,2023-12-01
MONTEREY,2024,January,198.635858932,72.73193676,125.90392217200002,2024-01-01
MONTEREY,2024,February,175.859401626,62.06995192,113.78944970599998,2024-02-01
MONTEREY,2024,March,185.097532399,62.65773622,122.43979617899998,2024-03-01
MONTEREY,2024,April,194.196424501,60.01929869,134.177125811,2024-04-01
MONTEREY,2024,May,212.30239151700002,57.13136572,155.17102579699997,2024-05-01
MONTEREY,2024,June,214.443231322,53.33275968,161.11047164200002,2024-06-01
MONTEREY,2024,July,238.986293096,56.23086651,182.75542658599997,2024-07-01
MONTEREY,2024,August,238.616050787,57.15202788,181.464022907,2024-08-01
MONTEREY,2024,September,199.609990628,52.02310148,147.58688914799998,2024-09-01
MONTEREY,2024,October,221.720413541,57.53700769,164.183405851,2024-10-01
MONTEREY,2024,November,184.221073827,50.70432644,133.516747387,2024-11-01
MONTEREY,2024,December,199.80456819999998,69.38712154,130.41744666000002,2024-12-01
NAPA,2008,January,84.40303736700001,36.31302378,48.090013587,2008-01-01
NAPA,2008,February,79.298476207,33.54150573,45.756970477,2008-02-01
NAPA,2008,March,80.609907498,29.74697828,50.862929218,2008-03-01
NAPA,2008,April,78.76105998,28.68112071,50.07993927,2008-04-01
NAPA,2008,May,80.289068323,28.40085814,51.888210183,2008-05-01
NAPA,2008,June,86.930787967,31.05396417,55.876823797,2008-06-01
NAPA,2008,July,96.28875300600001,35.19857442,61.090178586,2008-07-01
NAPA,2008,August,87.68184581999999,30.23832072,57.443525099999995,2008-08-01
NAPA,2008,September,97.53597874900001,34.91462894,62.621349809,2008-09-01
NAPA,2008,October,91.220545503,28.4566665,62.76387900299999,2008-10-01
NAPA,2008,November,76.91191671200001,27.46751046,49.444406252,2008-11-01
NAPA,2008,December,86.94289976099999,33.90531736,53.037582400999995,2008-12-01
NAPA,2009,January,82.198808477,37.40027826,44.798530217,2009-01-01
NAPA,2009,February,83.073578989,32.69922545,50.374353539000005,2009-02-01
NAPA,2009,March,79.01100303300001,31.1560893,47.854913733000004,2009-03-01
NAPA,2009,April,79.093272092,29.07181352,50.021458572,2009-04-01
NAPA,2009,May,77.466144317,27.67281895,49.79332536700001,2009-05-01
NAPA,2009,June,81.632045229,28.5560244,53.07602082899999,2009-06-01
NAPA,2009,July,91.83669241599999,33.44430678,58.392385636,2009-07-01
NAPA,2009,August,89.237383678,31.90280724,57.334576438,2009-08-01
NAPA,2009,September,90.07793787199999,33.223754,56.854183872,2009-09-01
NAPA,2009,October,90.911672774,30.17386702,60.737805754,2009-10-01
NAPA,2009,November,79.727364415,29.04445668,50.682907735,2009-11-01
NAPA,2009,December,87.68891804,35.58119467,52.107723369999995,2009-12-01
NAPA,2010,January,81.681421676,36.50233507,45.179086606,2010-01-01
NAPA,2010,February,80.861683928,33.24414602,47.617537908,2010-02-01
NAPA,2010,March,78.932609933,31.02032932,47.912280613,2010-03-01
NAPA,2010,April,79.914152627,28.91365553,51.00049709700001,2010-04-01
NAPA,2010,May,75.367963445,26.77581887,48.592144575,2010-05-01
NAPA,2010,June,83.361071024,29.73008322,53.630987804,2010-06-01
NAPA,2010,July,87.570524341,31.28945266,56.281071681,2010-07-01
NAPA,2010,August,85.919143845,29.63445978,56.28468406500001,2010-08-01
NAPA,2010,September,91.559219975,32.36948217,59.18973780500001,2010-09-01
NAPA,2010,October,90.220045288,30.14975783,60.070287458,2010-10-01
NAPA,2010,November,84.759204463,29.4943119,55.26489256300001,2010-11-01
NAPA,2010,December,87.139649706,35.38807121,51.751578496,2010-12-01
NAPA,2011,January,81.936811916,35.73343438,46.203377536000005,2011-01-01
NAPA,2011,February,79.81843106,31.68818231,48.13024875,2011-02-01
NAPA,2011,March,81.699512432,32.75100789,48.948504542,2011-03-01
NAPA,2011,April,79.989844138,29.58469114,50.405152998,2011-04-01
NAPA,2011,May,77.847183913,27.27852238,50.568661533,2011-05-01
NAPA,2011,June,87.841523326,29.57762441,58.263898915999995,2011-06-01
NAPA,2011,July,93.638896735,33.179467,60.45942973499999,2011-07-01
NAPA,2011,August,88.20541989600001,29.23144077,58.97397912600001,2011-08-01
NAPA,2011,September,91.895404808,31.26507396,60.630330848,2011-09-01
NAPA,2011,October,88.5319391,29.39511687,59.13682223000001,2011-10-01
NAPA,2011,November,84.191157893,29.48171502,54.70944287299999,2011-11-01
NAPA,2011,December,81.606384499,33.33887246,48.267512038999996,2011-12-01
NAPA,2012,January,85.026532601,36.59570867,48.430823931,2012-01-01
NAPA,2012,February,83.11424164,32.03342552,51.08081612000001,2012-02-01
NAPA,2012,March,79.49034613900001,30.6272347,48.86311143900001,2012-03-01
NAPA,2012,April,79.670238333,29.33708446,50.333153873,2012-04-01
NAPA,2012,May,82.43911189,28.11601009,54.3231018,2012-05-01
NAPA,2012,June,86.350147373,30.26952075,56.080626623,2012-06-01
NAPA,2012,July,90.609546903,31.90813389,58.70141301300001,2012-07-01
NAPA,2012,August,93.29394140000001,31.74211451,61.55182689000001,2012-08-01
NAPA,2012,September,87.671425129,30.51200571,57.159419418999995,2012-09-01
NAPA,2012,October,89.662166309,28.55901946,61.103146849000005,2012-10-01
NAPA,2012,November,83.278302924,28.52370311,54.75459981399999,2012-11-01
NAPA,2012,December,83.040793268,33.60589878,49.434894488000005,2012-12-01
NAPA,2013,January,86.762761134,37.44949221,49.313268924000006,2013-01-01
NAPA,2013,February,82.683583036,33.11184342,49.571739616,2013-02-01
NAPA,2013,March,79.502126574,29.45979392,50.04233265399999,2013-03-01
NAPA,2013,April,78.528690686,27.26087995,51.267810735999994,2013-04-01
NAPA,2013,May,86.042483374,28.62944316,57.413040214,2013-05-01
NAPA,2013,June,86.81703086899999,29.50674804,57.310282828999995,2013-06-01
NAPA,2013,July,98.46011527099999,35.21550114,63.24461413099999,2013-07-01
NAPA,2013,August,88.91537315299999,29.09083698,59.824536173,2013-08-01
NAPA,2013,September,97.381621144,33.35593379,64.025687354,2013-09-01
NAPA,2013,October,89.786058064,27.82778683,61.958271234,2013-10-01
NAPA,2013,November,80.158644249,28.02065848,52.137985769000004,2013-11-01
NAPA,2013,December,87.002869643,33.99707862,53.005791023,2013-12-01
NAPA,2014,January,83.216088225,34.46362706,48.752461165,2014-01-01
NAPA,2014,February,79.941680381,31.32147541,48.62020497099999,2014-02-01
NAPA,2014,March,78.082087438,27.75394562,50.32814181799999,2014-03-01
NAPA,2014,April,77.810935795,26.87461859,50.936317205,2014-04-01
NAPA,2014,May,80.756728886,27.2523035,53.504425385999994,2014-05-01
NAPA,2014,June,89.35011888,30.54792317,58.80219571,2014-06-01
NAPA,2014,July,94.998374282,32.10998231,62.88839197200001,2014-07-01
NAPA,2014,August,89.67973049000001,31.07248934,58.60724115,2014-08-01
NAPA,2014,September,102.558756373,34.06063793,68.498118443,2014-09-01
NAPA,2014,October,93.1581977,28.55697437,64.60122333000001,2014-10-01
NAPA,2014,November,80.82820873600001,27.03222207,53.795986666000005,2014-11-01
NAPA,2014,December,80.964196836,30.17946934,50.784727495999995,2014-12-01
NAPA,2015,January,83.004887919,33.79307899,49.211808929,2015-01-01
NAPA,2015,February,78.873612533,29.43213346,49.44147907299999,2015-02-01
NAPA,2015,March,77.887060638,27.03384379,50.853216847999995,2015-03-01
NAPA,2015,April,78.613173379,26.09894774,52.51422563900001,2015-04-01
NAPA,2015,May,79.314028864,25.57459391,53.739434954,2015-05-01
NAPA,2015,June,85.789352893,28.13544355,57.653909343,2015-06-01
NAPA,2015,July,92.843075812,31.27209315,61.57098266199999,2015-07-01
NAPA,2015,August,99.032481164,33.69000822,65.34247294400001,2015-08-01
NAPA,2015,September,99.87052419599999,33.91413801,65.95638618599999,2015-09-01
NAPA,2015,October,92.948670131,29.03624455,63.912425580999994,2015-10-01
NAPA,2015,November,83.656844783,27.74111266,55.915732123000005,2015-11-01
NAPA,2015,December,83.314823307,32.12510193,51.189721377,2015-12-01
NAPA,2016,January,82.86099524100001,35.05413491,47.80686033100001,2016-01-01
NAPA,2016,February,82.833336023,30.37630545,52.457030573000004,2016-02-01
NAPA,2016,March,80.700991423,28.03303344,52.667957983,2016-03-01
NAPA,2016,April,79.055262224,26.54999619,52.505266034,2016-04-01
NAPA,2016,May,81.442578371,25.96037261,55.482205760999996,2016-05-01
NAPA,2016,June,89.00454238900001,29.39329623,59.611246159,2016-06-01
NAPA,2016,July,94.530551457,32.1470424,62.383509057,2016-07-01
NAPA,2016,August,97.17373062,32.40219066,64.77153996000001,2016-08-01
NAPA,2016,September,92.470957687,29.20621144,63.264746247,2016-09-01
NAPA,2016,October,84.868370065,27.12569595,57.742674115,2016-10-01
NAPA,2016,November,78.832017453,26.90117106,51.930846393,2016-11-01
NAPA,2016,December,91.802762738,31.34638209,60.45638064799999,2016-12-01
NAPA,2017,January,88.733471551,35.98679609,52.746675460999995,2017-01-01
NAPA,2017,February,81.616658408,31.35526095,50.261397458000005,2017-02-01
NAPA,2017,March,85.161385963,29.65865868,55.502727283000006,2017-03-01
NAPA,2017,April,78.609395414,25.75894366,52.850451754000005,2017-04-01
NAPA,2017,May,81.24709618499999,24.53391745,56.713178735,2017-05-01
NAPA,2017,June,91.255113178,31.12713777,60.127975408000005,2017-06-01
NAPA,2017,July,101.572622191,35.44024089,66.132381301,2017-07-01
NAPA,2017,August,96.120848084,33.07239236,63.04845572399999,2017-08-01
NAPA,2017,September,100.32800498900001,35.96753321,64.36047177900001,2017-09-01
NAPA,2017,October,77.735580181,24.36055622,53.375023961,2017-10-01
NAPA,2017,November,69.817074764,24.89309997,44.923974794,2017-11-01
NAPA,2017,December,84.921510239,29.97238975,54.949120488999995,2017-12-01
NAPA,2018,January,84.254574998,32.81502348,51.439551518,2018-01-01
NAPA,2018,February,78.667106532,29.56502953,49.102077002,2018-02-01
NAPA,2018,March,82.31708411,30.12218706,52.19489704999999,2018-03-01
NAPA,2018,April,75.518659113,27.05702123,48.461637882999995,2018-04-01
NAPA,2018,May,79.402563634,25.62433901,53.778224624,2018-05-01
NAPA,2018,June,84.518523406,28.21812227,56.300401136,2018-06-01
NAPA,2018,July,93.85359959,32.30910314,61.54449645,2018-07-01
NAPA,2018,August,94.356418818,33.31371927,61.042699547999995,2018-08-01
NAPA,2018,September,84.77953959,28.46824193,56.31129766,2018-09-01
NAPA,2018,October,91.009648019,26.62073383,64.388914189,2018-10-01
NAPA,2018,November,81.631202588,26.07443914,55.556763448,2018-11-01
NAPA,2018,December,79.606359818,30.74501378,48.86134603799999,2018-12-01
NAPA,2019,January,82.922257497,32.68068491,50.241572587,2019-01-01
NAPA,2019,February,78.446467599,30.98569626,47.460771339,2019-02-01
NAPA,2019,March,80.502951189,30.16332364,50.339627549,2019-03-01
NAPA,2019,April,77.655830684,26.58617241,51.069658274,2019-04-01
NAPA,2019,May,76.282495396,24.62705372,51.655441676,2019-05-01
NAPA,2019,June,86.171978432,29.66716985,56.504808581999995,2019-06-01
NAPA,2019,July,92.89817789,31.02956119,61.8686167,2019-07-01
NAPA,2019,August,99.593494066,34.59030242,65.003191646,2019-08-01
NAPA,2019,September,99.743658314,34.39811777,65.345540544,2019-09-01
NAPA,2019,October,87.54523847,27.15748516,60.38775331,2019-10-01
NAPA,2019,November,73.755608635,24.28156998,49.474038655,2019-11-01
NAPA,2019,December,82.314840583,29.82301304,52.491827543,2019-12-01
NAPA,2020,January,83.775362402,33.29961315,50.475749252,2020-01-01
NAPA,2020,February,79.191204423,30.40217508,48.789029342999996,2020-02-01
NAPA,2020,March,77.54697738,26.85933118,50.6876462,2020-03-01
NAPA,2020,April,73.042275386,29.53387465,43.508400736,2020-04-01
NAPA,2020,May,71.341832261,27.54187038,43.799961880999994,2020-05-01
NAPA,2020,June,88.534779799,34.43162103,54.103158769000004,2020-06-01
NAPA,2020,July,90.049203094,33.73113897,56.318064124,2020-07-01
NAPA,2020,August,94.890949707,34.76554452,60.125405187,2020-08-01
NAPA,2020,September,100.849778589,38.3616178,62.488160789000005,2020-09-01
NAPA,2020,October,90.409182279,32.7844667,57.624715579000004,2020-10-01
NAPA,2020,November,76.65524654,28.27739515,48.37785139,2020-11-01
NAPA,2020,December,79.729348933,32.70527323,47.024075702999994,2020-12-01
NAPA,2021,January,79.650182337,34.40719287,45.242989467,2021-01-01
NAPA,2021,February,76.234784264,31.32643625,44.90834801400001,2021-02-01
NAPA,2021,March,76.87301719,29.60843039,47.2645868,2021-03-01
NAPA,2021,April,76.526530833,27.41633657,49.110194263,2021-04-01
NAPA,2021,May,77.846040492,26.80618994,51.039850552,2021-05-01
NAPA,2021,June,85.883362996,28.91378313,56.96957986599999,2021-06-01
NAPA,2021,July,91.148123821,33.06219202,58.085931801,2021-07-01
NAPA,2021,August,92.34198602,32.08267976,60.259306259999995,2021-08-01
NAPA,2021,September,93.045645073,32.32109791,60.724547163000004,2021-09-01
NAPA,2021,October,81.63958209900001,26.594822,55.044760099,2021-10-01
NAPA,2021,November,75.826044422,25.69645952,50.129584902,2021-11-01
NAPA,2021,December,77.22032688899999,29.6538115,47.566515388999996,2021-12-01
NAPA,2022,January,79.62867790199999,34.40773801,45.220939892000004,2022-01-01
NAPA,2022,February,75.421277773,30.25626943,45.165008343,2022-02-01
NAPA,2022,March,79.263281681,29.68327837,49.58000331099999,2022-03-01
NAPA,2022,April,75.117876451,27.14355491,47.974321541,2022-04-01
NAPA,2022,May,76.88823431499999,26.24614234,50.642091975,2022-05-01
NAPA,2022,June,88.312619934,30.75815097,57.554468964,2022-06-01
NAPA,2022,July,96.40820599,34.99429354,61.41391245,2022-07-01
NAPA,2022,August,95.61775852299999,33.39152489,62.22623363299999,2022-08-01
NAPA,2022,September,101.61050808,36.70773782,64.90277025999998,2022-09-01
NAPA,2022,October,87.566450512,26.91107686,60.655373651999994,2022-10-01
NAPA,2022,November,79.064690918,27.28625272,51.778438198,2022-11-01
NAPA,2022,December,81.24393035,32.61990123,48.624029119999996,2022-12-01
NAPA,2023,January,81.845421864,37.42880272,44.416619144,2023-01-01
NAPA,2023,February,73.357773311,29.57703433,43.780738981,2023-02-01
NAPA,2023,March,81.52295025699999,33.29386665,48.229083607,2023-03-01
NAPA,2023,April,77.98536555,30.79290916,47.19245639,2023-04-01
NAPA,2023,May,76.125429391,26.63018174,49.495247651,2023-05-01
NAPA,2023,June,78.934228445,26.98432552,51.94990292499999,2023-06-01
NAPA,2023,July,89.02224081700001,31.67357446,57.348666357,2023-07-01
NAPA,2023,August,95.31558901000001,33.76951784,61.546071170000005,2023-08-01
NAPA,2023,September,98.38413706200001,33.75761044,64.626526622,2023-09-01
NAPA,2023,October,86.907710495,28.2394622,58.668248295,2023-10-01
NAPA,2023,November,78.510724338,25.94289113,52.567833207999996,2023-11-01
NAPA,2023,December,79.601587459,30.54722458,49.054362878999996,2023-12-01
NAPA,2024,January,83.17915739099999,34.2866289,48.89252849100001,2024-01-01
NAPA,2024,February,79.414895141,31.99539603,47.419499111,2024-02-01
NAPA,2024,March,81.76195208600001,31.80565091,49.956301176000004,2024-03-01
NAPA,2024,April,80.559157328,29.7045764,50.854580928,2024-04-01
NAPA,2024,May,80.437661386,27.98989674,52.44776464600001,2024-05-01
NAPA,2024,June,85.546835166,30.91798829,54.628846876000004,2024-06-01
NAPA,2024,July,104.983100577,39.80401922,65.179081357,2024-07-01
NAPA,2024,August,104.073763647,37.16980121,66.90396243699999,2024-08-01
NAPA,2024,September,96.708404279,33.62714622,63.08125805899999,2024-09-01
NAPA,2024,October,95.537627028,31.89286357,63.64476345799999,2024-10-01
NAPA,2024,November,78.91201175,26.36997214,52.542039609999996,2024-11-01
NAPA,2024,December,82.37374504,33.03127305,49.34247198999999,2024-12-01
NEVADA,2008,January,68.44932629799999,44.86998516,23.579341138000004,2008-01-01
NEVADA,2008,February,55.758083819999996,38.3206231,17.437460720000004,2008-02-01
NEVADA,2008,March,54.258951368,35.96153363,18.297417738,2008-03-01
NEVADA,2008,April,52.126810109999994,32.5205181,19.606292009999997,2008-04-01
NEVADA,2008,May,49.602025635000004,30.5881462,19.013879435,2008-05-01
NEVADA,2008,June,51.368462131,31.62794725,19.740514881,2008-06-01
NEVADA,2008,July,64.366771454,39.20411309,25.162658363999995,2008-07-01
NEVADA,2008,August,56.270319881999995,35.86792096,20.402398921999996,2008-08-01
NEVADA,2008,September,60.453549869,35.99146474,24.462085129000002,2008-09-01
NEVADA,2008,October,51.135011497,29.20037043,21.934641067,2008-10-01
NEVADA,2008,November,42.001224006,27.76120162,14.240022386000003,2008-11-01
NEVADA,2008,December,60.850200515,38.76684553,22.083354985000003,2008-12-01
NEVADA,2009,January,61.735918033999994,42.45804872,19.277869314,2009-01-01
NEVADA,2009,February,51.724538928,36.09656607,15.627972858,2009-02-01
NEVADA,2009,March,56.299203483999996,37.17802999,19.121173494,2009-03-01
NEVADA,2009,April,54.245534171,34.18041566,20.065118511,2009-04-01
NEVADA,2009,May,47.499070765,30.34370314,17.155367625,2009-05-01
NEVADA,2009,June,50.631417211,30.70493906,19.926478150999998,2009-06-01
NEVADA,2009,July,62.554229584,37.99762754,24.556602044,2009-07-01
NEVADA,2009,August,58.384539552,37.21502943,21.169510122000002,2009-08-01
NEVADA,2009,September,53.719815362,34.35043396,19.369381402000002,2009-09-01
NEVADA,2009,October,54.005247002,31.4496798,22.555567202,2009-10-01
NEVADA,2009,November,44.75626297,30.13762658,14.618636389999999,2009-11-01
NEVADA,2009,December,63.726984772,41.58070176,22.146283011999998,2009-12-01
NEVADA,2010,January,57.539325212,41.23534937,16.303975842,2010-01-01
NEVADA,2010,February,54.77930017,37.2850863,17.494213870000003,2010-02-01
NEVADA,2010,March,58.74523208,38.74935046,19.995881619999995,2010-03-01
NEVADA,2010,April,56.032437199,36.44177251,19.590664689,2010-04-01
NEVADA,2010,May,48.176509825000004,31.19199365,16.984516175,2010-05-01
NEVADA,2010,June,50.55548632,31.82709995,18.72838637,2010-06-01
NEVADA,2010,July,56.18680331299999,36.19993288,19.986870433000004,2010-07-01
NEVADA,2010,August,58.607638827,36.85356576,21.754073067,2010-08-01
NEVADA,2010,September,52.285062785,32.05887901,20.226183775000003,2010-09-01
NEVADA,2010,October,50.444237375,30.49120195,19.953035425000003,2010-10-01
NEVADA,2010,November,46.967674509,30.34750001,16.620174498999997,2010-11-01
NEVADA,2010,December,64.092219892,41.77941555,22.312804342,2010-12-01
NEVADA,2011,January,59.087376225999996,41.71492377,17.372452456,2011-01-01
NEVADA,2011,February,52.029711246,35.39308965,16.636621596,2011-02-01
NEVADA,2011,March,62.227139867999995,41.29664261,20.930497257999995,2011-03-01
NEVADA,2011,April,53.466422159,35.52894868,17.937473479000005,2011-04-01
NEVADA,2011,May,51.132115228,32.5508826,18.581232628,2011-05-01
NEVADA,2011,June,52.271159856,33.3820609,18.889098955999998,2011-06-01
NEVADA,2011,July,52.707593464,34.06440219,18.643191273999996,2011-07-01
NEVADA,2011,August,60.635813807000005,35.82447563,24.811338177000003,2011-08-01
NEVADA,2011,September,55.761767705,34.46356775,21.298199955,2011-09-01
NEVADA,2011,October,49.207000461,29.84009079,19.366909671000002,2011-10-01
NEVADA,2011,November,47.98589539,31.33902648,16.646868910000002,2011-11-01
NEVADA,2011,December,61.31221544000001,40.05817848,21.25403696,2011-12-01
NEVADA,2012,January,60.697670413999994,41.39368508,19.303985334000004,2012-01-01
NEVADA,2012,February,55.005997702,37.39409851,17.611899191999996,2012-02-01
NEVADA,2012,March,60.095519147999994,39.56471308,20.530806068,2012-03-01
NEVADA,2012,April,51.560906111,34.87736856,16.683537551,2012-04-01
NEVADA,2012,May,52.048876408999995,32.06551551,19.983360899000004,2012-05-01
NEVADA,2012,June,50.935279515,31.58799089,19.347288624999997,2012-06-01
NEVADA,2012,July,54.278373281,34.31510081,19.963272471000003,2012-07-01
NEVADA,2012,August,64.054525026,40.15795655,23.896568476000002,2012-08-01
NEVADA,2012,September,52.438861232,33.66932462,18.769536612,2012-09-01
NEVADA,2012,October,53.365912811,31.02762672,22.338286091,2012-10-01
NEVADA,2012,November,49.069460967,31.44985904,17.619601926999998,2012-11-01
NEVADA,2012,December,56.491760825,37.74565941,18.746101415,2012-12-01
NEVADA,2013,January,65.868595044,45.60523304,20.263362004,2013-01-01
NEVADA,2013,February,56.20850111,38.71914131,17.489359800000003,2013-02-01
NEVADA,2013,March,56.221980941000005,37.34964369,18.872337251,2013-03-01
NEVADA,2013,April,48.794107302,30.71689611,18.077211192,2013-04-01
NEVADA,2013,May,51.128085301,31.01001453,20.118070771,2013-05-01
NEVADA,2013,June,48.34001045,31.74122185,16.5987886,2013-06-01
NEVADA,2013,July,62.058409818,38.80687729,23.251532528,2013-07-01
NEVADA,2013,August,59.315901798999995,37.09865538,22.217246419,2013-08-01
NEVADA,2013,September,52.432433616000004,32.29961985,20.132813766000005,2013-09-01
NEVADA,2013,October,50.261690329,29.67543984,20.586250489,2013-10-01
NEVADA,2013,November,46.3062196,29.35314248,16.95307712,2013-11-01
NEVADA,2013,December,61.146852768,40.35521183,20.791640938,2013-12-01
NEVADA,2014,January,59.631500113,40.14162385,19.489876263,2014-01-01
NEVADA,2014,February,50.645368695,34.9505228,15.694845894999998,2014-02-01
NEVADA,2014,March,52.163951098,33.92660179,18.237349308000002,2014-03-01
NEVADA,2014,April,49.877563843999994,31.88288386,17.994679983999994,2014-04-01
NEVADA,2014,May,48.881697717,30.440533,18.441164717000003,2014-05-01
NEVADA,2014,June,50.241834071999996,31.46516044,18.776673632,2014-06-01
NEVADA,2014,July,61.197546407999994,38.16197888,23.035567528,2014-07-01
NEVADA,2014,August,56.856026284,38.09977197,18.756254314,2014-08-01
NEVADA,2014,September,53.203059112,32.3460755,20.856983612,2014-09-01
NEVADA,2014,October,50.87556997,29.60911988,21.26645009,2014-10-01
NEVADA,2014,November,41.438468840999995,28.23387514,13.204593700999999,2014-11-01
NEVADA,2014,December,57.790894339,37.0692786,20.721615739,2014-12-01
NEVADA,2015,January,60.032972795999996,40.88052045,19.152452346,2015-01-01
NEVADA,2015,February,47.620793002999996,32.73369815,14.887094852999999,2015-02-01
NEVADA,2015,March,50.793373396,33.19551723,17.597856166000003,2015-03-01
NEVADA,2015,April,47.619027541,30.11715814,17.501869401,2015-04-01
NEVADA,2015,May,44.791719263000005,28.72457946,16.067139803,2015-05-01
NEVADA,2015,June,50.269255778,31.58470745,18.684548327999998,2015-06-01
NEVADA,2015,July,61.780762263,38.95757978,22.823182483,2015-07-01
NEVADA,2015,August,56.080028084000006,35.94978876,20.130239324000005,2015-08-01
NEVADA,2015,September,52.621853834999996,33.07176343,19.550090405000006,2015-09-01
NEVADA,2015,October,47.334550477,29.04000209,18.294548387,2015-10-01
NEVADA,2015,November,44.373715761,29.47029866,14.903417100999999,2015-11-01
NEVADA,2015,December,62.058636368,40.64426762,21.414368748,2015-12-01
NEVADA,2016,January,64.224737433,44.67621353,19.548523903,2016-01-01
NEVADA,2016,February,53.643763228000005,36.93605662,16.707706608,2016-02-01
NEVADA,2016,March,57.756011464000004,37.2123222,20.543689264000005,2016-03-01
NEVADA,2016,April,53.702853914,35.46935904,18.233494874,2016-04-01
NEVADA,2016,May,51.586341620999995,33.03933652,18.547005101,2016-05-01
NEVADA,2016,June,53.740549008,35.2602783,18.480270708,2016-06-01
NEVADA,2016,July,56.986453299000004,36.71368806,20.272765239,2016-07-01
NEVADA,2016,August,62.211201028,40.00661159,22.204589438,2016-08-01
NEVADA,2016,September,53.467208911,33.42439878,20.042810131,2016-09-01
NEVADA,2016,October,46.114596828,28.91181448,17.202782348,2016-10-01
NEVADA,2016,November,46.985229226,30.24598746,16.739241766,2016-11-01
NEVADA,2016,December,56.51533476,38.66556178,17.84977298,2016-12-01
NEVADA,2017,January,72.90861877399999,47.73606887,25.172549904,2017-01-01
NEVADA,2017,February,61.171089949,41.12346737,20.047622578999995,2017-02-01
NEVADA,2017,March,69.724885475,43.65454587,26.070339604999997,2017-03-01
NEVADA,2017,April,54.664913888,35.97750535,18.687408538000003,2017-04-01
NEVADA,2017,May,57.01138439300001,34.37227132,22.639113073,2017-05-01
NEVADA,2017,June,57.763234823,35.48241548,22.280819343,2017-06-01
NEVADA,2017,July,66.302062912,42.89204922,23.410013692000003,2017-07-01
NEVADA,2017,August,69.943637506,44.57080472,25.372832785999996,2017-08-01
NEVADA,2017,September,62.56224297,39.89348445,22.668758519999997,2017-09-01
NEVADA,2017,October,50.46421134,30.56151607,19.902695270000002,2017-10-01
NEVADA,2017,November,50.987011506,31.51404557,19.472965935999998,2017-11-01
NEVADA,2017,December,64.468426889,39.99878312,24.469643768999997,2017-12-01
NEVADA,2018,January,64.828996312,41.7326332,23.096363112,2018-01-01
NEVADA,2018,February,61.38156116,37.47871316,23.902848000000002,2018-02-01
NEVADA,2018,March,67.550949458,44.25473128,23.296218178000004,2018-03-01
NEVADA,2018,April,56.76215356,35.92451914,20.83763442,2018-04-01
NEVADA,2018,May,53.171683905,31.66387466,21.507809244999997,2018-05-01
NEVADA,2018,June,52.55315370399999,32.11087566,20.442278044,2018-06-01
NEVADA,2018,July,62.922250995,40.12258693,22.799664065000005,2018-07-01
NEVADA,2018,August,70.298612052,45.57495203,24.723660021999997,2018-08-01
NEVADA,2018,September,55.238172169,33.67012534,21.568046829,2018-09-01
NEVADA,2018,October,50.215622315,29.85207496,20.363547355000005,2018-10-01
NEVADA,2018,November,50.568393003,31.41182573,19.156567273,2018-11-01
NEVADA,2018,December,64.406249614,38.78844922,25.617800393999996,2018-12-01
NEVADA,2019,January,70.32985008300001,45.30495133,25.024898753000002,2019-01-01
NEVADA,2019,February,62.884920592,42.26465593,20.620264661999997,2019-02-01
NEVADA,2019,March,65.957726236,43.6745891,22.283137135999997,2019-03-01
NEVADA,2019,April,57.527040351000004,36.38187927,21.145161081,2019-04-01
NEVADA,2019,May,52.275598802000005,31.27539357,21.000205232000003,2019-05-01
NEVADA,2019,June,52.804955977,33.58491142,19.220044556999998,2019-06-01
NEVADA,2019,July,60.626163063,36.35231806,24.273845002999998,2019-07-01
NEVADA,2019,August,64.990814619,40.63808906,24.352725559,2019-08-01
NEVADA,2019,September,55.497956284,35.21197607,20.285980214,2019-09-01
NEVADA,2019,October,48.923322208,29.46475079,19.458571418,2019-10-01
NEVADA,2019,November,44.436754728,27.72397328,16.712781447999998,2019-11-01
NEVADA,2019,December,66.110861929,39.3780382,26.732823729,2019-12-01
NEVADA,2020,January,70.066828882,45.65755579,24.409273092,2020-01-01
NEVADA,2020,February,60.411089,40.18773395,20.22335505,2020-02-01
NEVADA,2020,March,59.891061015000005,37.98315233,21.907908685000002,2020-03-01
NEVADA,2020,April,58.433027643,39.52338595,18.909641693000005,2020-04-01
NEVADA,2020,May,49.795244865,33.78981251,16.005432355,2020-05-01
NEVADA,2020,June,55.743321902,35.7663386,19.976983302,2020-06-01
NEVADA,2020,July,64.608606141,43.07263045,21.535975691,2020-07-01
NEVADA,2020,August,69.280250068,46.272038,23.008212067999995,2020-08-01
NEVADA,2020,September,61.205063573,42.42147883,18.783584743,2020-09-01
NEVADA,2020,October,53.99499113800001,34.75530272,19.239688418,2020-10-01
NEVADA,2020,November,49.65338619,31.75152008,17.90186611,2020-11-01
NEVADA,2020,December,69.089913945,44.52307788,24.566836065,2020-12-01
NEVADA,2021,January,70.068404285,47.41675457,22.651649715,2021-01-01
NEVADA,2021,February,62.661346436,43.13486798,19.526478456,2021-02-01
NEVADA,2021,March,68.123432683,44.64565892,23.477773763,2021-03-01
NEVADA,2021,April,59.827074858,38.75892614,21.068148717999996,2021-04-01
NEVADA,2021,May,48.614527065000004,32.19065718,16.423869885000002,2021-05-01
NEVADA,2021,June,58.063069833,37.2431969,20.819872933,2021-06-01
NEVADA,2021,July,73.686293356,49.1065525,24.579740855999997,2021-07-01
NEVADA,2021,August,69.74383244299999,47.49880878,22.245023663,2021-08-01
NEVADA,2021,September,60.345823992,39.03514635,21.310677642,2021-09-01
NEVADA,2021,October,51.920273697,32.06766754,19.852606156999997,2021-10-01
NEVADA,2021,November,50.59996093,33.15165036,17.448310570000004,2021-11-01
NEVADA,2021,December,64.389966998,41.28848423,23.101482767999997,2021-12-01
NEVADA,2022,January,60.07602232,37.75432976,22.32169256,2022-01-01
NEVADA,2022,February,53.766819721,34.5346656,19.232154121,2022-02-01
NEVADA,2022,March,61.504585423,37.63158004,23.873005383000002,2022-03-01
NEVADA,2022,April,53.312706469999995,32.33643368,20.976272790000003,2022-04-01
NEVADA,2022,May,48.719216163,30.30893907,18.410277093,2022-05-01
NEVADA,2022,June,50.798310339,30.6900023,20.108308039,2022-06-01
NEVADA,2022,July,60.626124327999996,38.05409807,22.572026258,2022-07-01
NEVADA,2022,August,65.221136286,42.49504085,22.726095436000005,2022-08-01
NEVADA,2022,September,63.56510376800001,40.09428579,23.470817978000003,2022-09-01
NEVADA,2022,October,46.721627817,27.60316411,19.118463707,2022-10-01
NEVADA,2022,November,51.158636291,30.51026137,20.648374921000002,2022-11-01
NEVADA,2022,December,71.11168611,45.6784428,25.433243309999998,2022-12-01
NEVADA,2023,January,67.995232792,47.63956171,20.355671082,2023-01-01
NEVADA,2023,February,60.575613672,42.70401015,17.871603522,2023-02-01
NEVADA,2023,March,69.080448851,47.08850419,21.991944660999998,2023-03-01
NEVADA,2023,April,61.879258187000005,42.93848568,18.940772507000005,2023-04-01
NEVADA,2023,May,54.774859719000005,36.1904267,18.584433019,2023-05-01
NEVADA,2023,June,51.75835587000001,33.07038071,18.68797516,2023-06-01
NEVADA,2023,July,58.726987648,39.36611282,19.360874828000004,2023-07-01
NEVADA,2023,August,64.488002875,43.45216056,21.035842314999996,2023-08-01
NEVADA,2023,September,54.19281058,35.08758766,19.10522292,2023-09-01
NEVADA,2023,October,46.075095701,29.95049092,16.124604781,2023-10-01
NEVADA,2023,November,46.868356536,31.44964417,15.418712366,2023-11-01
NEVADA,2023,December,58.945198497999996,39.83508305,19.110115448000002,2023-12-01
NEVADA,2024,January,69.608792001,47.06601161,22.542780390999997,2024-01-01
NEVADA,2024,February,71.524724642,44.40500769,27.119716951999997,2024-02-01
NEVADA,2024,March,69.031732436,43.92933153,25.102400906,2024-03-01
NEVADA,2024,April,59.020139305,40.18811578,18.832023525,2024-04-01
NEVADA,2024,May,55.821710743,33.19443384,22.627276903000002,2024-05-01
NEVADA,2024,June,59.85604599,35.15662818,24.69941781,2024-06-01
NEVADA,2024,July,68.389356108,47.59259478,20.796761328,2024-07-01
NEVADA,2024,August,82.22684639,47.87050116,34.356345229999995,2024-08-01
NEVADA,2024,September,58.977682063,35.04589167,23.931790393,2024-09-01
NEVADA,2024,October,55.141539942,32.95616156,22.185378382,2024-10-01
NEVADA,2024,November,51.166298063,31.1499681,20.016329963,2024-11-01
NEVADA,2024,December,69.081897522,44.05202637,25.029871152,2024-12-01
ORANGE,2008,January,1767.723199964,646.9360942,1120.7871057639998,2008-01-01
ORANGE,2008,February,1672.834766904,566.7279004,1106.106866504,2008-02-01
ORANGE,2008,March,1654.538516872,545.1755233,1109.362993572,2008-03-01
ORANGE,2008,April,1645.027383756,508.3107349,1136.716648856,2008-04-01
ORANGE,2008,May,1705.403855732,530.6474203,1174.756435432,2008-05-01
ORANGE,2008,June,1711.353895928,546.2592981,1165.094597828,2008-06-01
ORANGE,2008,July,1983.50030429,670.412628,1313.0876762900002,2008-07-01
ORANGE,2008,August,1916.075326804,636.3696245,1279.705702304,2008-08-01
ORANGE,2008,September,1995.884811139,697.4261449,1298.458666239,2008-09-01
ORANGE,2008,October,1947.018890537,628.6231033,1318.3957872370001,2008-10-01
ORANGE,2008,November,1788.2882651,571.1126983,1217.1755667999998,2008-11-01
ORANGE,2008,December,1713.925911476,589.3842268,1124.5416846759997,2008-12-01
ORANGE,2009,January,1723.403240472,632.1562959,1091.246944572,2009-01-01
ORANGE,2009,February,1640.599380712,534.5394606,1106.059920112,2009-02-01
ORANGE,2009,March,1580.041542226,522.6747403,1057.366801926,2009-03-01
ORANGE,2009,April,1601.431467781,496.3461163,1105.085351481,2009-04-01
ORANGE,2009,May,1655.30450437,514.3283056,1140.97619877,2009-05-01
ORANGE,2009,June,1628.069247793,501.7094673,1126.359780493,2009-06-01
ORANGE,2009,July,1815.762421115,603.7836954,1211.978725715,2009-07-01
ORANGE,2009,August,1836.887578857,638.2036785,1198.683900357,2009-08-01
ORANGE,2009,September,1985.27406539,726.7997253,1258.4743400900002,2009-09-01
ORANGE,2009,October,1862.3930798350002,618.8637171,1243.5293627350002,2009-10-01
ORANGE,2009,November,1665.562311022,538.9776657,1126.584645322,2009-11-01
ORANGE,2009,December,1645.547671476,586.0054166,1059.542254876,2009-12-01
ORANGE,2010,January,1652.7001636989999,615.1844887,1037.515674999,2010-01-01
ORANGE,2010,February,1598.23153189,559.0583707,1039.17316119,2010-02-01
ORANGE,2010,March,1557.892505031,524.9652201,1032.927284931,2010-03-01
ORANGE,2010,April,1540.259413977,490.0016594,1050.257754577,2010-04-01
ORANGE,2010,May,1525.0750516589999,478.1322735,1046.942778159,2010-05-01
ORANGE,2010,June,1596.703306853,503.440522,1093.262784853,2010-06-01
ORANGE,2010,July,1721.377957642,549.6495619,1171.7283957419997,2010-07-01
ORANGE,2010,August,1694.243982491,565.3419434,1128.9020390909998,2010-08-01
ORANGE,2010,September,1778.580716039,603.5841466,1174.9965694389996,2010-09-01
ORANGE,2010,October,1764.316483448,588.5201755,1175.7963079479998,2010-10-01
ORANGE,2010,November,1682.931063961,543.2381189,1139.692945061,2010-11-01
ORANGE,2010,December,1620.1282617529998,585.9766715,1034.151590253,2010-12-01
ORANGE,2011,January,1642.6441828099998,627.5529937,1015.0911891099998,2011-01-01
ORANGE,2011,February,1591.2999834900002,531.2426682,1060.0573152900001,2011-02-01
ORANGE,2011,March,1560.262510878,540.1741075,1020.0884033780002,2011-03-01
ORANGE,2011,April,1564.59156947,497.2374493,1067.3541201699998,2011-04-01
ORANGE,2011,May,1538.791644076,490.1522484,1048.639395676,2011-05-01
ORANGE,2011,June,1579.848081384,491.8232018,1088.024879584,2011-06-01
ORANGE,2011,July,1765.2796124699998,594.5699486,1170.7096638699998,2011-07-01
ORANGE,2011,August,1760.494874529,583.9257959,1176.569078629,2011-08-01
ORANGE,2011,September,1837.3126213589999,647.1139959,1190.1986254589997,2011-09-01
ORANGE,2011,October,1748.58611424,560.9959931,1187.59012114,2011-10-01
ORANGE,2011,November,1701.70823574,545.3197106,1156.3885251400002,2011-11-01
ORANGE,2011,December,1593.843550546,578.9889027,1014.8546478459999,2011-12-01
ORANGE,2012,January,1635.58918094,624.4792197,1011.10996124,2012-01-01
ORANGE,2012,February,1595.00843896,541.8323528,1053.17608616,2012-02-01
ORANGE,2012,March,1546.666882166,539.560739,1007.106143166,2012-03-01
ORANGE,2012,April,1493.28565313,501.8893952,991.3962579299999,2012-04-01
ORANGE,2012,May,1556.64314279,496.8233517,1059.8197910899999,2012-05-01
ORANGE,2012,June,1623.354372353,516.7169608,1106.6374115530002,2012-06-01
ORANGE,2012,July,1720.4940546829998,571.2382751,1149.255779583,2012-07-01
ORANGE,2012,August,1832.9079386999997,650.4816612,1182.4262775,2012-08-01
ORANGE,2012,September,2034.933301088,783.6561268,1251.2771742879997,2012-09-01
ORANGE,2012,October,1992.58400312,708.4340906,1284.14991252,2012-10-01
ORANGE,2012,November,1721.4130453700002,558.1849018,1163.2281435700004,2012-11-01
ORANGE,2012,December,1583.543307704,567.8544932,1015.688814504,2012-12-01
ORANGE,2013,January,1672.338112398,647.1251633,1025.212949098,2013-01-01
ORANGE,2013,February,1605.590905282,554.1306438,1051.4602614819999,2013-02-01
ORANGE,2013,March,1555.260754945,531.5469425,1023.713812445,2013-03-01
ORANGE,2013,April,1494.542314992,470.989479,1023.5528359919999,2013-04-01
ORANGE,2013,May,1593.6235689960001,490.3963714,1103.227197596,2013-05-01
ORANGE,2013,June,1651.995637796,513.9980248,1137.997612996,2013-06-01
ORANGE,2013,July,1846.797464959,636.7091072,1210.088357759,2013-07-01
ORANGE,2013,August,1758.641126748,580.0537185,1178.5874082480002,2013-08-01
ORANGE,2013,September,1984.8852330010002,734.8997811,1249.9854519009998,2013-09-01
ORANGE,2013,October,1789.188373613,583.5292865,1205.6590871130002,2013-10-01
ORANGE,2013,November,1632.015220982,512.2453231,1119.769897882,2013-11-01
ORANGE,2013,December,1642.671071599,576.1400434,1066.5310281989998,2013-12-01
ORANGE,2014,January,1643.0645985570002,596.6819063,1046.3826922570001,2014-01-01
ORANGE,2014,February,1558.8538964519998,506.5675389,1052.286357552,2014-02-01
ORANGE,2014,March,1551.822422628,503.4825314,1048.339891228,2014-03-01
ORANGE,2014,April,1559.943787654,485.9920005,1073.951787154,2014-04-01
ORANGE,2014,May,1651.850008138,541.1264373,1110.7235708380001,2014-05-01
ORANGE,2014,June,1710.275402705,560.2894652,1149.9859375050003,2014-06-01
ORANGE,2014,July,1818.260362863,634.7327344,1183.527628463,2014-07-01
ORANGE,2014,August,1961.865333557,683.8735365,1277.991797057,2014-08-01
ORANGE,2014,September,2018.002368398,762.2973498,1255.7050185980002,2014-09-01
ORANGE,2014,October,1897.9842972699998,662.500066,1235.48423127,2014-10-01
ORANGE,2014,November,1662.5610455109997,516.5263299,1146.034715611,2014-11-01
ORANGE,2014,December,1575.823660283,533.8057343,1042.017925983,2014-12-01
ORANGE,2015,January,1626.49865424,567.7055356,1058.7931186399999,2015-01-01
ORANGE,2015,February,1553.9432964399998,483.7634673,1070.1798291399998,2015-02-01
ORANGE,2015,March,1578.37309494,486.5564628,1091.81663214,2015-03-01
ORANGE,2015,April,1607.89935842,483.5266047,1124.37275372,2015-04-01
ORANGE,2015,May,1570.99428018,473.4331873,1097.56109288,2015-05-01
ORANGE,2015,June,1619.342310627,492.5819029,1126.760407727,2015-06-01
ORANGE,2015,July,1814.3757569600002,604.3557625,1210.0199944600001,2015-07-01
ORANGE,2015,August,1862.209023288,668.6245168,1193.5845064880002,2015-08-01
ORANGE,2015,September,2085.51547318,788.3380923,1297.1773808799999,2015-09-01
ORANGE,2015,October,2067.24138366,736.7414592,1330.49992446,2015-10-01
ORANGE,2015,November,1737.98875832,565.2492192,1172.73953912,2015-11-01
ORANGE,2015,December,1609.1901007299998,541.8315693,1067.35853143,2015-12-01
ORANGE,2016,January,1618.70206379,580.9240791,1037.77798469,2016-01-01
ORANGE,2016,February,1553.82352816,505.0086807,1048.8148474599998,2016-02-01
ORANGE,2016,March,1552.1287277000001,474.8133357,1077.315392,2016-03-01
ORANGE,2016,April,1553.8816887799999,465.4276507,1088.45403808,2016-04-01
ORANGE,2016,May,1517.261621557,447.7659566,1069.495664957,2016-05-01
ORANGE,2016,June,1612.103664376,504.9599323,1107.143732076,2016-06-01
ORANGE,2016,July,1882.502234916,654.8283103,1227.673924616,2016-07-01
ORANGE,2016,August,1964.6101442990002,740.1721968,1224.437947499,2016-08-01
ORANGE,2016,September,1880.716076,650.0015284,1230.7145475999998,2016-09-01
ORANGE,2016,October,1796.22153672,600.0151374,1196.2063993200002,2016-10-01
ORANGE,2016,November,1660.95051881,515.3772538,1145.5732650100001,2016-11-01
ORANGE,2016,December,1591.93477857,532.7715991,1059.16317947,2016-12-01
ORANGE,2017,January,1556.66755067,564.2132114,992.4543392700001,2017-01-01
ORANGE,2017,February,1548.82343359,510.7383564,1038.08507719,2017-02-01
ORANGE,2017,March,1530.77792666,490.691969,1040.08595766,2017-03-01
ORANGE,2017,April,1524.4295931909999,459.904422,1064.525171191,2017-04-01
ORANGE,2017,May,1555.37359962,471.5154063,1083.85819332,2017-05-01
ORANGE,2017,June,1628.094582256,513.6741726,1114.4204096560002,2017-06-01
ORANGE,2017,July,1866.071031257,668.0475969,1198.023434357,2017-07-01
ORANGE,2017,August,1920.047513535,720.1466492,1199.900864335,2017-08-01
ORANGE,2017,September,1996.552608819,734.3279784,1262.2246304189998,2017-09-01
ORANGE,2017,October,1692.206087799,569.2317701,1122.974317699,2017-10-01
ORANGE,2017,November,1667.07886026,539.9759951,1127.1028651599997,2017-11-01
ORANGE,2017,December,1593.24854783,518.043832,1075.20471583,2017-12-01
ORANGE,2018,January,1551.3058666200002,545.5691014,1005.7367652200002,2018-01-01
ORANGE,2018,February,1527.7439768610002,484.0820249,1043.661951961,2018-02-01
ORANGE,2018,March,1512.070538766,488.4480394,1023.6224993659999,2018-03-01
ORANGE,2018,April,1523.839236673,471.0001171,1052.839119573,2018-04-01
ORANGE,2018,May,1468.422198123,448.8368314,1019.5853667230001,2018-05-01
ORANGE,2018,June,1605.900672211,494.6788259,1111.221846311,2018-06-01
ORANGE,2018,July,1826.338430169,668.4931591,1157.8452710689996,2018-07-01
ORANGE,2018,August,2123.868630526,867.3062327,1256.562397826,2018-08-01
ORANGE,2018,September,1954.732858652,724.991668,1229.741190652,2018-09-01
ORANGE,2018,October,1697.5330747510002,577.2763338,1120.256740951,2018-10-01
ORANGE,2018,November,1563.259243092,484.475334,1078.783909092,2018-11-01
ORANGE,2018,December,1577.44085317,522.9004324,1054.54042077,2018-12-01
ORANGE,2019,January,1546.630031294,573.2946439,973.335387394,2019-01-01
ORANGE,2019,February,1558.374973593,542.4047303,1015.9702432930001,2019-02-01
ORANGE,2019,March,1514.079195686,521.7215492,992.357646486,2019-03-01
ORANGE,2019,April,1474.646821237,467.7782502,1006.8685710369999,2019-04-01
ORANGE,2019,May,1479.131475801,456.7103075,1022.4211683010001,2019-05-01
ORANGE,2019,June,1518.018445388,487.5612441,1030.457201288,2019-06-01
ORANGE,2019,July,1665.645608157,581.1975452,1084.4480629569998,2019-07-01
ORANGE,2019,August,1853.151585411,705.4362916,1147.7152938109998,2019-08-01
ORANGE,2019,September,1956.006945196,758.20897,1197.7979751960002,2019-09-01
ORANGE,2019,October,1723.0251835539998,608.4967531,1114.5284304539996,2019-10-01
ORANGE,2019,November,1584.187618116,511.3522219,1072.835396216,2019-11-01
ORANGE,2019,December,1532.0000095379999,549.2772128,982.722796738,2019-12-01
ORANGE,2020,January,1544.9489159290001,573.9274741,971.0214418290001,2020-01-01
ORANGE,2020,February,1494.1744610770002,510.687684,983.4867770770002,2020-02-01
ORANGE,2020,March,1442.268324867,487.9865972,954.281727667,2020-03-01
ORANGE,2020,April,1357.95191686,511.1185888,846.83332806,2020-04-01
ORANGE,2020,May,1495.72304578,583.0019104,912.72113538,2020-05-01
ORANGE,2020,June,1534.5470247330002,600.060911,934.4861137330001,2020-06-01
ORANGE,2020,July,1722.388164529,696.4611041,1025.927060429,2020-07-01
ORANGE,2020,August,1769.796161655,751.1497865,1018.646375155,2020-08-01
ORANGE,2020,September,1894.47456031,850.2199836,1044.2545767099998,2020-09-01
ORANGE,2020,October,1864.851113281,779.7077244,1085.143388881,2020-10-01
ORANGE,2020,November,1543.89793369,573.6226022,970.27533149,2020-11-01
ORANGE,2020,December,1498.427426125,581.8268467,916.6005794249999,2020-12-01
ORANGE,2021,January,1481.6390420129999,599.0623203,882.576721713,2021-01-01
ORANGE,2021,February,1425.157506394,551.7107849,873.446721494,2021-02-01
ORANGE,2021,March,1370.514610911,511.650788,858.8638229109999,2021-03-01
ORANGE,2021,April,1480.97297644,530.8671196,950.1058568399999,2021-04-01
ORANGE,2021,May,1409.30413851,491.5331208,917.7710177099999,2021-05-01
ORANGE,2021,June,1537.99688325,551.7648355,986.23204775,2021-06-01
ORANGE,2021,July,1757.82600212,686.4517899,1071.3742122200001,2021-07-01
ORANGE,2021,August,1837.251724882,767.0502788,1070.201446082,2021-08-01
ORANGE,2021,September,1842.2248835599999,729.0052996,1113.21958396,2021-09-01
ORANGE,2021,October,1666.6321886800001,619.6386571,1046.9935315799999,2021-10-01
ORANGE,2021,November,1465.36041554,504.8301132,960.5303023399999,2021-11-01
ORANGE,2021,December,1454.16362818,535.7951716,918.36845658,2021-12-01
ORANGE,2022,January,1523.7832224600002,588.5534266,935.2297958600002,2022-01-01
ORANGE,2022,February,1441.14320687,516.060867,925.0823398699999,2022-02-01
ORANGE,2022,March,1489.45061349,503.0573278,986.3932856900001,2022-03-01
ORANGE,2022,April,1478.579757797,503.9860592,974.593698597,2022-04-01
ORANGE,2022,May,1470.3827116490002,490.2314878,980.151223849,2022-05-01
ORANGE,2022,June,1603.51231143,558.8143253,1044.69798613,2022-06-01
ORANGE,2022,July,1768.071107407,671.3801941,1096.690913307,2022-07-01
ORANGE,2022,August,1863.2695385509999,766.4097601,1096.8597784509998,2022-08-01
ORANGE,2022,September,2081.948288107,883.3025088,1198.6457793069999,2022-09-01
ORANGE,2022,October,1845.76540359,696.4994257,1149.26597789,2022-10-01
ORANGE,2022,November,1514.7280124,519.745608,994.9824044000001,2022-11-01
ORANGE,2022,December,1491.602078205,550.1721168,941.429961405,2022-12-01
ORANGE,2023,January,1506.4728495499999,578.0719232,928.40092635,2023-01-01
ORANGE,2023,February,1445.76529514,531.4419036,914.32339154,2023-02-01
ORANGE,2023,March,1459.3819845839998,544.0681321,915.313852484,2023-03-01
ORANGE,2023,April,1427.50863352,502.1265264,925.3821071199999,2023-04-01
ORANGE,2023,May,1375.799308995,460.8141276,914.985181395,2023-05-01
ORANGE,2023,June,1487.43837714,503.5128588,983.92551834,2023-06-01
ORANGE,2023,July,1703.49908447,605.913262,1097.58582247,2023-07-01
ORANGE,2023,August,1879.38420036,772.0432406,1107.34095976,2023-08-01
ORANGE,2023,September,1855.20850747,719.998335,1135.2101724699999,2023-09-01
ORANGE,2023,October,1644.52213406,596.002724,1048.5194100600002,2023-10-01
ORANGE,2023,November,1543.33802253,518.8668059,1024.4712166299998,2023-11-01
ORANGE,2023,December,1524.9441895500001,530.8275645,994.1166250500002,2023-12-01
ORANGE,2024,January,1505.3372033809999,575.3304532,930.0067501809998,2024-01-01
ORANGE,2024,February,1496.08299866,541.8754938,954.2075048600001,2024-02-01
ORANGE,2024,March,1476.88998003,528.3541423,948.53583773,2024-03-01
ORANGE,2024,April,1453.7131198,512.0381211,941.6749987000001,2024-04-01
ORANGE,2024,May,1412.954635323,481.4839935,931.4706418229999,2024-05-01
ORANGE,2024,June,1550.90603554,533.3105538,1017.59548174,2024-06-01
ORANGE,2024,July,1844.53805702,717.8667904,1126.6712666199999,2024-07-01
ORANGE,2024,August,1905.240566719,800.0795824,1105.1609843190001,2024-08-01
ORANGE,2024,September,1971.66367705,796.5851538,1175.07852325,2024-09-01
ORANGE,2024,October,1617.487679846,602.6435605,1014.844119346,2024-10-01
ORANGE,2024,November,1497.78317152,501.6456986,996.13747292,2024-11-01
ORANGE,2024,December,1492.54801423,545.1430233,947.4049909299999,2024-12-01
PLACER,2008,January,265.328793603,125.8511363,139.477657303,2008-01-01
PLACER,2008,February,240.221156248,107.310534,132.910622248,2008-02-01
PLACER,2008,March,223.720359621,94.67683871,129.043520911,2008-03-01
PLACER,2008,April,223.812134136,93.37760821,130.434525926,2008-04-01
PLACER,2008,May,232.675834161,94.81748779,137.858346371,2008-05-01
PLACER,2008,June,255.952641097,112.0694038,143.883237297,2008-06-01
PLACER,2008,July,301.113187334,148.7152248,152.397962534,2008-07-01
PLACER,2008,August,298.703926299,147.42549,151.278436299,2008-08-01
PLACER,2008,September,289.035066158,139.0288863,150.006179858,2008-09-01
PLACER,2008,October,243.13188917,104.3984328,138.73345637,2008-10-01
PLACER,2008,November,204.95707361200002,81.33388625,123.62318736200001,2008-11-01
PLACER,2008,December,239.521630611,112.4024756,127.119155011,2008-12-01
PLACER,2009,January,256.273210793,121.9872369,134.285973893,2009-01-01
PLACER,2009,February,222.64686216299998,99.68081772,122.966044443,2009-02-01
PLACER,2009,March,231.510800594,103.8993867,127.611413894,2009-03-01
PLACER,2009,April,213.57462461199998,92.51344687,121.061177742,2009-04-01
PLACER,2009,May,218.06961375699998,95.24419796,122.825415797,2009-05-01
PLACER,2009,June,242.52014989900002,106.9366614,135.583488499,2009-06-01
PLACER,2009,July,292.026890629,148.651825,143.375065629,2009-07-01
PLACER,2009,August,290.497639844,146.2511497,144.246490144,2009-08-01
PLACER,2009,September,286.50383733399997,138.3777742,148.126063134,2009-09-01
PLACER,2009,October,243.932476712,109.360014,134.572462712,2009-10-01
PLACER,2009,November,205.281270973,86.05889206,119.222378913,2009-11-01
PLACER,2009,December,247.080737336,119.2457157,127.835021636,2009-12-01
PLACER,2010,January,250.381019608,120.4499585,129.931061108,2010-01-01
PLACER,2010,February,217.62801314,101.2362944,116.39171873999999,2010-02-01
PLACER,2010,March,223.842862467,100.6934685,123.14939396700001,2010-03-01
PLACER,2010,April,227.858823013,99.77424722,128.08457579299997,2010-04-01
PLACER,2010,May,210.533184083,89.60891198,120.92427210300002,2010-05-01
PLACER,2010,June,227.769549316,101.1225559,126.646993416,2010-06-01
PLACER,2010,July,279.883760396,141.3311071,138.55265329600002,2010-07-01
PLACER,2010,August,279.425741977,138.5354386,140.89030337699998,2010-08-01
PLACER,2010,September,267.092447897,125.6699373,141.42251059699998,2010-09-01
PLACER,2010,October,241.484760062,109.0821051,132.402654962,2010-10-01
PLACER,2010,November,209.42282528200002,88.31387175,121.10895353200002,2010-11-01
PLACER,2010,December,247.225156357,118.7232139,128.501942457,2010-12-01
PLACER,2011,January,237.596089847,115.6302445,121.96584534700001,2011-01-01
PLACER,2011,February,219.51434050199998,101.932993,117.581347502,2011-02-01
PLACER,2011,March,237.76112509,111.4072568,126.35386829,2011-03-01
PLACER,2011,April,206.05319991800002,94.58280153,111.47039838800002,2011-04-01
PLACER,2011,May,214.72083886000001,89.17592783,125.54491103000001,2011-05-01
PLACER,2011,June,231.963036005,102.2727452,129.690290805,2011-06-01
PLACER,2011,July,273.268010115,136.3701482,136.897861915,2011-07-01
PLACER,2011,August,285.55911209,142.8293037,142.72980839,2011-08-01
PLACER,2011,September,289.18952038599997,143.5371233,145.65239708599998,2011-09-01
PLACER,2011,October,240.73343114099998,106.3839463,134.349484841,2011-10-01
PLACER,2011,November,213.20463339300002,91.78257429,121.42205910300001,2011-11-01
PLACER,2011,December,240.839202755,114.8323869,126.006815855,2011-12-01
PLACER,2012,January,248.066400597,121.7079214,126.35847919700001,2012-01-01
PLACER,2012,February,223.62736405400003,103.4361829,120.19118115400002,2012-02-01
PLACER,2012,March,225.732632252,104.4641215,121.26851075200001,2012-03-01
PLACER,2012,April,208.83818651299998,93.47504502,115.363141493,2012-04-01
PLACER,2012,May,225.232730846,99.72562106,125.50710978599999,2012-05-01
PLACER,2012,June,241.678869706,112.694867,128.98400270599998,2012-06-01
PLACER,2012,July,273.13022537800003,136.7364804,136.39374497800003,2012-07-01
PLACER,2012,August,307.677272573,162.8046571,144.872615473,2012-08-01
PLACER,2012,September,278.114415962,134.4803141,143.63410186200002,2012-09-01
PLACER,2012,October,237.46078298,111.6984351,125.76234788000001,2012-10-01
PLACER,2012,November,210.101150682,93.13040086,116.97074982200003,2012-11-01
PLACER,2012,December,227.39407570400002,108.4932673,118.900808404,2012-12-01
PLACER,2013,January,245.973795687,126.5152075,119.45858818699999,2013-01-01
PLACER,2013,February,226.9530331,105.4224586,121.5305745,2013-02-01
PLACER,2013,March,214.39814097000001,99.31335365,115.08478732,2013-03-01
PLACER,2013,April,204.76802947899998,87.89691312,116.871116359,2013-04-01
PLACER,2013,May,233.756814015,102.5728896,131.183924415,2013-05-01
PLACER,2013,June,240.948592856,113.41901,127.52958285599999,2013-06-01
PLACER,2013,July,300.29061521799997,158.7719371,141.518678118,2013-07-01
PLACER,2013,August,284.094084607,143.9990208,140.095063807,2013-08-01
PLACER,2013,September,273.24377826200003,132.2050242,141.038754062,2013-09-01
PLACER,2013,October,218.009826846,96.02971775,121.98010909599999,2013-10-01
PLACER,2013,November,199.481831147,84.33071538,115.151115767,2013-11-01
PLACER,2013,December,236.49608186199998,115.085477,121.410604862,2013-12-01
PLACER,2014,January,234.939111674,114.0176246,120.921487074,2014-01-01
PLACER,2014,February,215.243557751,96.77984675,118.46371100099998,2014-02-01
PLACER,2014,March,208.037898881,92.15279942,115.885099461,2014-03-01
PLACER,2014,April,210.146096643,91.86464427,118.28145237300001,2014-04-01
PLACER,2014,May,227.64916409,99.02311037,128.62605372,2014-05-01
PLACER,2014,June,262.511774811,124.5432191,137.968555711,2014-06-01
PLACER,2014,July,301.26919994900004,155.2144804,146.05471954900003,2014-07-01
PLACER,2014,August,298.37004462199997,155.614181,142.755863622,2014-08-01
PLACER,2014,September,278.27174148299997,134.4105545,143.86118698299998,2014-09-01
PLACER,2014,October,241.842890764,110.0493498,131.79354096400002,2014-10-01
PLACER,2014,November,204.916609602,85.43378599,119.48282361199999,2014-11-01
PLACER,2014,December,223.70381400000002,104.8344128,118.86940120000001,2014-12-01
PLACER,2015,January,235.389113498,114.7725537,120.616559798,2015-01-01
PLACER,2015,February,207.961711895,94.14684285,113.81486904499998,2015-02-01
PLACER,2015,March,212.690697373,93.83107249,118.859624883,2015-03-01
PLACER,2015,April,201.99954291900002,86.22266362,115.776879299,2015-04-01
PLACER,2015,May,208.287921268,88.59551069,119.692410578,2015-05-01
PLACER,2015,June,245.81511751300002,113.5133532,132.301764313,2015-06-01
PLACER,2015,July,303.572457758,161.9435099,141.628947858,2015-07-01
PLACER,2015,August,291.485347127,148.0519337,143.433413427,2015-08-01
PLACER,2015,September,274.015193762,134.0709801,139.944213662,2015-09-01
PLACER,2015,October,246.26952963699998,112.4286681,133.840861537,2015-10-01
PLACER,2015,November,217.969466843,91.86114554,126.10832130299998,2015-11-01
PLACER,2015,December,235.13453193499998,114.3379775,120.79655443500002,2015-12-01
PLACER,2016,January,242.069188534,119.1943287,122.874859834,2016-01-01
PLACER,2016,February,216.92199383300002,100.022158,116.899835833,2016-02-01
PLACER,2016,March,217.105935169,99.03161017,118.07432499899998,2016-03-01
PLACER,2016,April,201.65127282199998,87.43712212,114.21415070199998,2016-04-01
PLACER,2016,May,216.453084357,93.71911437,122.733969987,2016-05-01
PLACER,2016,June,257.425100573,125.9051497,131.519950873,2016-06-01
PLACER,2016,July,295.27731348900005,152.5104354,142.766878089,2016-07-01
PLACER,2016,August,321.19625425099997,169.018112,152.178142251,2016-08-01
PLACER,2016,September,270.653945791,130.4842587,140.16968709100001,2016-09-01
PLACER,2016,October,230.23443332899998,102.4278485,127.80658482899997,2016-10-01
PLACER,2016,November,211.216316469,91.52743056,119.68888590899999,2016-11-01
PLACER,2016,December,233.630683476,109.9104275,123.72025597599999,2016-12-01
PLACER,2017,January,245.27261167299997,121.0354426,124.23716907299999,2017-01-01
PLACER,2017,February,214.792179249,100.230144,114.562035249,2017-02-01
PLACER,2017,March,215.040402948,105.094832,109.94557094800001,2017-03-01
PLACER,2017,April,205.514905647,88.82214313,116.69276251700002,2017-04-01
PLACER,2017,May,222.038247501,98.24750013,123.790747371,2017-05-01
PLACER,2017,June,256.394404316,127.3934493,129.000955016,2017-06-01
PLACER,2017,July,312.024085102,172.0232585,140.000826602,2017-07-01
PLACER,2017,August,330.221478285,181.6382424,148.583235885,2017-08-01
PLACER,2017,September,298.281806551,157.113327,141.168479551,2017-09-01
PLACER,2017,October,219.94550617800002,97.60429717,122.34120900800002,2017-10-01
PLACER,2017,November,196.805081337,85.76304424,111.042037097,2017-11-01
PLACER,2017,December,222.205592828,105.1269346,117.07865822800001,2017-12-01
PLACER,2018,January,232.076442801,111.6379624,120.43848040099999,2018-01-01
PLACER,2018,February,216.918865379,98.8438522,118.075013179,2018-02-01
PLACER,2018,March,227.347427084,107.0129726,120.334454484,2018-03-01
PLACER,2018,April,210.61997126799997,93.52179964,117.09817162799999,2018-04-01
PLACER,2018,May,213.57291164999998,93.4251429,120.14776874999998,2018-05-01
PLACER,2018,June,242.85654115900002,114.7393675,128.117173659,2018-06-01
PLACER,2018,July,300.042053991,160.3919396,139.65011439100002,2018-07-01
PLACER,2018,August,329.387498166,183.0501386,146.337359566,2018-08-01
PLACER,2018,September,256.651229764,124.3546612,132.296568564,2018-09-01
PLACER,2018,October,221.004209734,99.09043088,121.91377885399999,2018-10-01
PLACER,2018,November,200.294925505,87.91845117,112.37647433500001,2018-11-01
PLACER,2018,December,216.957872197,105.6627499,111.295122297,2018-12-01
PLACER,2019,January,230.55975492299999,117.950778,112.608976923,2019-01-01
PLACER,2019,February,214.237568105,101.31445,112.923118105,2019-02-01
PLACER,2019,March,218.08569811499999,110.1728969,107.912801215,2019-03-01
PLACER,2019,April,204.01590840100002,95.88974842,108.126159981,2019-04-01
PLACER,2019,May,216.708701666,96.13143438,120.577267286,2019-05-01
PLACER,2019,June,243.02535479600002,123.1740872,119.85126759600001,2019-06-01
PLACER,2019,July,288.961833092,151.9111664,137.050666692,2019-07-01
PLACER,2019,August,318.768184708,174.1593998,144.608784908,2019-08-01
PLACER,2019,September,290.905604326,151.1699881,139.73561622600002,2019-09-01
PLACER,2019,October,221.895050924,100.1778726,121.717178324,2019-10-01
PLACER,2019,November,190.86465449599999,79.8147463,111.04990819599999,2019-11-01
PLACER,2019,December,222.42387707400002,105.7923164,116.63156067400001,2019-12-01
PLACER,2020,January,236.429399778,120.7384018,115.690997978,2020-01-01
PLACER,2020,February,215.296482167,103.8497914,111.44669076699999,2020-02-01
PLACER,2020,March,209.69700107999998,100.2144853,109.48251577999999,2020-03-01
PLACER,2020,April,207.104174675,105.1378235,101.966351175,2020-04-01
PLACER,2020,May,204.406863071,106.9505815,97.456281571,2020-05-01
PLACER,2020,June,256.043796255,140.1245056,115.91929065499998,2020-06-01
PLACER,2020,July,307.28735738299997,177.2528177,130.034539683,2020-07-01
PLACER,2020,August,318.357038451,185.1588236,133.19821485100002,2020-08-01
PLACER,2020,September,303.86347197599997,172.3348339,131.528638076,2020-09-01
PLACER,2020,October,245.07373399600002,128.1143303,116.959403696,2020-10-01
PLACER,2020,November,203.907634893,96.60411063,107.303524263,2020-11-01
PLACER,2020,December,229.811443134,120.7864042,109.02503893400001,2020-12-01
PLACER,2021,January,236.457033198,122.3562001,114.100833098,2021-01-01
PLACER,2021,February,211.785259925,107.6355226,104.149737325,2021-02-01
PLACER,2021,March,223.53481082500002,112.890473,110.644337825,2021-03-01
PLACER,2021,April,210.607672433,101.9244148,108.683257633,2021-04-01
PLACER,2021,May,217.243969193,105.075754,112.168215193,2021-05-01
PLACER,2021,June,265.533953208,141.0997936,124.43415960800002,2021-06-01
PLACER,2021,July,321.878287418,183.4923449,138.385942518,2021-07-01
PLACER,2021,August,334.746411224,189.0532239,145.69318732399998,2021-08-01
PLACER,2021,September,287.67976036799996,157.906645,129.773115368,2021-09-01
PLACER,2021,October,224.207442671,106.8392805,117.368162171,2021-10-01
PLACER,2021,November,199.386968292,92.43621797,106.95075032199999,2021-11-01
PLACER,2021,December,222.02349770299998,115.3688054,106.654692303,2021-12-01
PLACER,2022,January,236.250846465,124.3281273,111.922719165,2022-01-01
PLACER,2022,February,213.13089327,107.0643734,106.06651987000001,2022-02-01
PLACER,2022,March,223.096508175,110.1053957,112.991112475,2022-03-01
PLACER,2022,April,207.957026323,100.2186725,107.738353823,2022-04-01
PLACER,2022,May,216.043832083,105.3373248,110.706507283,2022-05-01
PLACER,2022,June,255.698331698,134.2959061,121.40242559800001,2022-06-01
PLACER,2022,July,303.561525879,170.966209,132.595316879,2022-07-01
PLACER,2022,August,336.142144782,193.4867544,142.655390382,2022-08-01
PLACER,2022,September,321.47321524999995,181.9867103,139.48650494999998,2022-09-01
PLACER,2022,October,240.85390357799997,119.1610772,121.69282637799999,2022-10-01
PLACER,2022,November,209.37928336800002,99.69735436,109.681929008,2022-11-01
PLACER,2022,December,248.595325185,119.1875737,129.407751485,2022-12-01
PLACER,2023,January,250.15557062399998,133.0853799,117.070190724,2023-01-01
PLACER,2023,February,219.029362667,113.4881326,105.54123006700001,2023-02-01
PLACER,2023,March,240.183592995,126.9726865,113.21090649499999,2023-03-01
PLACER,2023,April,221.633815798,116.680086,104.95372979800001,2023-04-01
PLACER,2023,May,229.02053811300001,117.2929864,111.727551713,2023-05-01
PLACER,2023,June,250.29040924,123.5797622,126.71064703999998,2023-06-01
PLACER,2023,July,300.215286117,167.686718,132.528568117,2023-07-01
PLACER,2023,August,338.593331134,199.3809437,139.212387434,2023-08-01
PLACER,2023,September,298.993736807,155.1555138,143.838223007,2023-09-01
PLACER,2023,October,230.63785484099998,113.3972526,117.24060224099998,2023-10-01
PLACER,2023,November,202.797812008,96.42991968,106.367892328,2023-11-01
PLACER,2023,December,219.31701157600003,114.8549677,104.46204387600001,2023-12-01
PLACER,2024,January,241.984109317,129.1956583,112.788451017,2024-01-01
PLACER,2024,February,234.59274692600002,119.7131041,114.879642826,2024-02-01
PLACER,2024,March,228.84856675499998,119.5498873,109.298679455,2024-03-01
PLACER,2024,April,220.313864151,115.1649962,105.14886795099997,2024-04-01
PLACER,2024,May,230.161793156,117.7717212,112.390071956,2024-05-01
PLACER,2024,June,286.106317134,146.702225,139.404092134,2024-06-01
PLACER,2024,July,366.023868569,218.3655251,147.658343469,2024-07-01
PLACER,2024,August,369.107937992,209.1538916,159.954046392,2024-08-01
PLACER,2024,September,293.17069078599997,157.6187831,135.551907686,2024-09-01
PLACER,2024,October,262.387808433,136.979949,125.407859433,2024-10-01
PLACER,2024,November,199.340118385,95.13741265,104.20270573500001,2024-11-01
PLACER,2024,December,238.64999572800002,123.9099022,114.74009352800002,2024-12-01
PLUMAS,2008,January,22.477396726,12.1175559,10.359840826,2008-01-01
PLUMAS,2008,February,19.383288392,10.15112484,9.232163552000001,2008-02-01
PLUMAS,2008,March,18.879645923,9.564131923,9.315514,2008-03-01
PLUMAS,2008,April,16.839952621,8.401035181,8.438917439999999,2008-04-01
PLUMAS,2008,May,17.138222508,7.458909455,9.679313053,2008-05-01
PLUMAS,2008,June,17.46210824,7.445522037,10.016586203,2008-06-01
PLUMAS,2008,July,18.71755427,7.799160649,10.918393621000003,2008-07-01
PLUMAS,2008,August,18.772214042,7.546844892,11.225369149999999,2008-08-01
PLUMAS,2008,September,17.404978489,7.637133082,9.767845407,2008-09-01
PLUMAS,2008,October,16.474593598000002,7.661431635,8.813161963,2008-10-01
PLUMAS,2008,November,14.702314415,7.385094713,7.317219701999999,2008-11-01
PLUMAS,2008,December,19.50037216,10.43149014,9.06888202,2008-12-01
PLUMAS,2009,January,21.147726125,12.03997247,9.107753655,2009-01-01
PLUMAS,2009,February,17.269789706999997,9.493584403,7.776205304,2009-02-01
PLUMAS,2009,March,17.622749103,9.605103027,8.017646076,2009-03-01
PLUMAS,2009,April,16.850182919999998,8.317908383,8.532274537000001,2009-04-01
PLUMAS,2009,May,14.267304582000001,6.962677055,7.304627527,2009-05-01
PLUMAS,2009,June,15.565939617,7.54860982,8.017329797,2009-06-01
PLUMAS,2009,July,18.065039520000003,7.679225683,10.385813836999999,2009-07-01
PLUMAS,2009,August,16.556355136,7.696457883,8.859897252999998,2009-08-01
PLUMAS,2009,September,15.564962843,7.432969874,8.131992969,2009-09-01
PLUMAS,2009,October,15.167225977,7.53112471,7.636101266999999,2009-10-01
PLUMAS,2009,November,14.142757160999999,7.698629089,6.444128071999999,2009-11-01
PLUMAS,2009,December,20.045084763000002,11.25306098,8.792023783,2009-12-01
PLUMAS,2010,January,18.281564245,10.88651168,7.395052564999999,2010-01-01
PLUMAS,2010,February,16.056465769,8.985763584,7.070702184999999,2010-02-01
PLUMAS,2010,March,17.750391089,9.456622364,8.293768725,2010-03-01
PLUMAS,2010,April,15.947274728,8.800109969,7.147164759,2010-04-01
PLUMAS,2010,May,14.765684784,7.539201182,7.226483601999999,2010-05-01
PLUMAS,2010,June,16.337115972,7.722666924,8.614449048,2010-06-01
PLUMAS,2010,July,17.177797516,7.687895133,9.489902383,2010-07-01
PLUMAS,2010,August,17.495749246,7.721481787,9.774267458999999,2010-08-01
PLUMAS,2010,September,16.118156252,7.294700603,8.823455649,2010-09-01
PLUMAS,2010,October,14.722566307,6.973732541,7.748833766,2010-10-01
PLUMAS,2010,November,14.381442951,7.977017775,6.404425176000001,2010-11-01
PLUMAS,2010,December,20.774199734,10.93202663,9.842173104,2010-12-01
PLUMAS,2011,January,19.614862107999997,10.5015565,9.113305608,2011-01-01
PLUMAS,2011,February,18.077008586999998,9.176673301,8.900335286,2011-02-01
PLUMAS,2011,March,18.769854634,9.641272043,9.128582591000002,2011-03-01
PLUMAS,2011,April,16.255226583,8.566565461,7.688661121999999,2011-04-01
PLUMAS,2011,May,17.117103271,7.618644903,9.498458367999998,2011-05-01
PLUMAS,2011,June,17.07437775,7.285667033,9.788710717,2011-06-01
PLUMAS,2011,July,18.00029414,7.154140795,10.846153345,2011-07-01
PLUMAS,2011,August,20.221696887,7.690289694,12.531407193000001,2011-08-01
PLUMAS,2011,September,17.445469047,6.743219209,10.702249838,2011-09-01
PLUMAS,2011,October,17.555923296,7.396309046,10.15961425,2011-10-01
PLUMAS,2011,November,17.198643781,8.56735364,8.631290141,2011-11-01
PLUMAS,2011,December,21.903418101,10.95614071,10.947277391,2011-12-01
PLUMAS,2012,January,21.085490458000002,10.96303731,10.122453148000002,2012-01-01
PLUMAS,2012,February,19.195969598,9.613485838,9.58248376,2012-02-01
PLUMAS,2012,March,19.520465396000002,9.438944167,10.081521229,2012-03-01
PLUMAS,2012,April,17.064001702,7.985105428,9.078896274,2012-04-01
PLUMAS,2012,May,16.784033374,7.223092867,9.560940507000002,2012-05-01
PLUMAS,2012,June,17.479144688999998,6.871698591,10.607446098,2012-06-01
PLUMAS,2012,July,18.894561911,7.289834098,11.604727813,2012-07-01
PLUMAS,2012,August,19.753786978,7.548527423,12.205259555,2012-08-01
PLUMAS,2012,September,16.841754902,6.552479615,10.289275287,2012-09-01
PLUMAS,2012,October,18.195661376,6.786322034,11.409339341999999,2012-10-01
PLUMAS,2012,November,18.216518205,8.045899633,10.170618572000002,2012-11-01
PLUMAS,2012,December,21.014158154,9.222763959,11.791394195,2012-12-01
PLUMAS,2013,January,19.821009656,10.62989596,9.191113695999999,2013-01-01
PLUMAS,2013,February,17.972429895999998,9.245575376,8.72685452,2013-02-01
PLUMAS,2013,March,17.121537195000002,8.390315095,8.7312221,2013-03-01
PLUMAS,2013,April,14.295259612,6.739340538,7.555919073999999,2013-04-01
PLUMAS,2013,May,14.340086012,6.496925291,7.843160721,2013-05-01
PLUMAS,2013,June,17.051773172,6.097824852,10.953948319999999,2013-06-01
PLUMAS,2013,July,18.547798125,7.915224938,10.632573186999998,2013-07-01
PLUMAS,2013,August,19.081976375,7.813987941,11.267988434000001,2013-08-01
PLUMAS,2013,September,16.714520696,7.198421136,9.516099559999999,2013-09-01
PLUMAS,2013,October,17.407357627,8.73394707,8.673410557000002,2013-10-01
PLUMAS,2013,November,17.718631723,9.300591483,8.41804024,2013-11-01
PLUMAS,2013,December,21.772633117,12.61453906,9.158094057000001,2013-12-01
PLUMAS,2014,January,20.286592865,11.18658513,9.100007735,2014-01-01
PLUMAS,2014,February,17.474109471,9.473369473,8.000739997999998,2014-02-01
PLUMAS,2014,March,16.683796151,8.535965906,8.147830245,2014-03-01
PLUMAS,2014,April,16.660333292,8.929539051,7.730794240999999,2014-04-01
PLUMAS,2014,May,16.823002461,8.304505336,8.518497125,2014-05-01
PLUMAS,2014,June,17.898399929,7.836545466,10.061854463,2014-06-01
PLUMAS,2014,July,19.078451384,8.62741919,10.451032194,2014-07-01
PLUMAS,2014,August,18.085410049,8.374137961,9.711272088000001,2014-08-01
PLUMAS,2014,September,16.865624023,7.49940882,9.366215203,2014-09-01
PLUMAS,2014,October,14.050719849,6.058217221,7.992502628,2014-10-01
PLUMAS,2014,November,11.905878978999999,5.956768186,5.949110793,2014-11-01
PLUMAS,2014,December,14.663307123,7.287376515,7.375930608,2014-12-01
PLUMAS,2015,January,17.289947769,9.78285302,7.507094749,2015-01-01
PLUMAS,2015,February,14.747522994999999,7.857041825,6.89048117,2015-02-01
PLUMAS,2015,March,15.796683602,7.763853997,8.032829605,2015-03-01
PLUMAS,2015,April,15.630913107,6.929734448,8.701178658999998,2015-04-01
PLUMAS,2015,May,14.642761048,6.65611135,7.986649698,2015-05-01
PLUMAS,2015,June,16.050992551,6.470298061,9.580694489999997,2015-06-01
PLUMAS,2015,July,17.550751982,7.546058682,10.0046933,2015-07-01
PLUMAS,2015,August,16.887549435,6.96491801,9.922631425,2015-08-01
PLUMAS,2015,September,15.869901006000001,6.654291573,9.215609433000001,2015-09-01
PLUMAS,2015,October,15.387007863,6.856724314,8.530283549,2015-10-01
PLUMAS,2015,November,15.119840624,7.339035924,7.7808047,2015-11-01
PLUMAS,2015,December,18.965212399000002,10.01810968,8.947102719000002,2015-12-01
PLUMAS,2016,January,19.268764752,11.06346116,8.205303592,2016-01-01
PLUMAS,2016,February,17.660016249999998,9.080899803,8.579116446999999,2016-02-01
PLUMAS,2016,March,17.157035619,8.680259431,8.476776187999999,2016-03-01
PLUMAS,2016,April,15.255909249999998,7.14694688,8.10896237,2016-04-01
PLUMAS,2016,May,15.461085791999999,7.000831926,8.460253866,2016-05-01
PLUMAS,2016,June,16.277944903,6.955445918,9.322498985000001,2016-06-01
PLUMAS,2016,July,17.627088029,7.36960645,10.257481579000002,2016-07-01
PLUMAS,2016,August,18.101793909,7.620834305,10.480959604000002,2016-08-01
PLUMAS,2016,September,17.346132284,6.989562047,10.356570237000001,2016-09-01
PLUMAS,2016,October,14.357640851,7.316523305,7.041117546000001,2016-10-01
PLUMAS,2016,November,15.993556584,7.680659653,8.312896931000001,2016-11-01
PLUMAS,2016,December,18.040888144,9.491920485,8.548967659000002,2016-12-01
PLUMAS,2017,January,16.900577075999998,10.97104327,5.929533806,2017-01-01
PLUMAS,2017,February,17.813132534,9.445616249,8.367516285,2017-02-01
PLUMAS,2017,March,19.018242010999998,9.579669294,9.438572717,2017-03-01
PLUMAS,2017,April,15.314275013,7.597771707,7.716503306000001,2017-04-01
PLUMAS,2017,May,15.500613251999999,6.886305423,8.614307828999998,2017-05-01
PLUMAS,2017,June,15.526477218,6.808033183,8.718444035000001,2017-06-01
PLUMAS,2017,July,17.558359348,7.38994153,10.168417817999998,2017-07-01
PLUMAS,2017,August,18.924141846,7.812288142,11.111853704,2017-08-01
PLUMAS,2017,September,16.592088855,7.11324158,9.478847275,2017-09-01
PLUMAS,2017,October,16.127852572,7.412246336,8.715606236000001,2017-10-01
PLUMAS,2017,November,15.503684658000001,7.812306642,7.691378016,2017-11-01
PLUMAS,2017,December,16.535784645,9.335523529,7.200261116,2017-12-01
PLUMAS,2018,January,18.317434851999998,9.873284274,8.444150577999999,2018-01-01
PLUMAS,2018,February,16.370025682,8.730493424,7.639532258,2018-02-01
PLUMAS,2018,March,18.089538270000002,10.14443781,7.94510046,2018-03-01
PLUMAS,2018,April,18.736158965,8.032616772,10.703542192999999,2018-04-01
PLUMAS,2018,May,17.289485948,6.860429111,10.429056837000001,2018-05-01
PLUMAS,2018,June,16.172347948,6.652535114,9.519812834,2018-06-01
PLUMAS,2018,July,18.219107097,7.337188608,10.881918488999998,2018-07-01
PLUMAS,2018,August,18.676975752,7.833794285,10.843181467,2018-08-01
PLUMAS,2018,September,15.794466726,6.700563033,9.093903693000001,2018-09-01
PLUMAS,2018,October,15.241566545000001,6.843658179,8.397908366,2018-10-01
PLUMAS,2018,November,16.520442989,7.849605606,8.670837382999999,2018-11-01
PLUMAS,2018,December,15.973051059,5.897815155,10.075235904,2018-12-01
PLUMAS,2019,January,21.658944431000002,10.32725374,11.331690691,2019-01-01
PLUMAS,2019,February,17.399776981,9.588755355,7.8110216260000005,2019-02-01
PLUMAS,2019,March,19.844608499,6.399365473,13.445243026,2019-03-01
PLUMAS,2019,April,13.581919915999999,8.129290575,5.452629341000001,2019-04-01
PLUMAS,2019,May,18.471843793,6.859445246,11.612398547000002,2019-05-01
PLUMAS,2019,June,16.01204576,6.791743846,9.220301914,2019-06-01
PLUMAS,2019,July,18.148302369,7.270712889,10.877589479999997,2019-07-01
PLUMAS,2019,August,17.813043147,7.313097633,10.499945514,2019-08-01
PLUMAS,2019,September,16.578402823999998,6.893920869,9.684481954999999,2019-09-01
PLUMAS,2019,October,16.558019468,7.437094294,9.120925173999998,2019-10-01
PLUMAS,2019,November,14.940151392999999,7.54936205,7.390789343,2019-11-01
PLUMAS,2019,December,18.938678748,9.608306574,9.330372174,2019-12-01
PLUMAS,2020,January,20.485912932999998,10.25844296,10.227469973,2020-01-01
PLUMAS,2020,February,17.572418504,8.798398572,8.774019932,2020-02-01
PLUMAS,2020,March,18.427487961,8.826126865,9.601361096,2020-03-01
PLUMAS,2020,April,16.922979058,9.038422587,7.884556471,2020-04-01
PLUMAS,2020,May,16.240860975,6.769716351,9.471144623999999,2020-05-01
PLUMAS,2020,June,17.813748597,7.324156688,10.489591909,2020-06-01
PLUMAS,2020,July,19.507633476,7.720365869,11.787267606999999,2020-07-01
PLUMAS,2020,August,19.868458540000002,8.266830586,11.601627954000003,2020-08-01
PLUMAS,2020,September,18.025138584,7.335379052,10.689759532000002,2020-09-01
PLUMAS,2020,October,16.599915198,6.913762371,9.686152827,2020-10-01
PLUMAS,2020,November,15.394285942,7.90100597,7.493279971999999,2020-11-01
PLUMAS,2020,December,18.794819581,10.78220012,8.012619461,2020-12-01
PLUMAS,2021,January,21.817254103,10.93237055,10.884883553,2021-01-01
PLUMAS,2021,February,18.766224504,9.727825659,9.038398845000001,2021-02-01
PLUMAS,2021,March,19.921323191,10.14129732,9.780025871000001,2021-03-01
PLUMAS,2021,April,17.134020833,8.388454739,8.745566093999999,2021-04-01
PLUMAS,2021,May,16.607403384,7.045159296,9.562244088,2021-05-01
PLUMAS,2021,June,19.112117689,7.621573083,11.490544605999998,2021-06-01
PLUMAS,2021,July,18.149442718,8.360554135,9.788888582999999,2021-07-01
PLUMAS,2021,August,16.180076187,6.434899426,9.745176761,2021-08-01
PLUMAS,2021,September,15.406529307,6.54042298,8.866106326999999,2021-09-01
PLUMAS,2021,October,15.100644686999999,6.768328883,8.332315804,2021-10-01
PLUMAS,2021,November,15.608133237,7.868393791,7.739739446,2021-11-01
PLUMAS,2021,December,15.962796559,9.479890308,6.482906250999999,2021-12-01
PLUMAS,2022,January,18.681555711999998,10.81622342,7.865332292,2022-01-01
PLUMAS,2022,February,16.485839959,9.582432077,6.903407882,2022-02-01
PLUMAS,2022,March,17.334210664,9.583423125,7.750787539000001,2022-03-01
PLUMAS,2022,April,14.844091815,7.600075374,7.244016440999999,2022-04-01
PLUMAS,2022,May,14.807785399,7.530323746,7.277461653,2022-05-01
PLUMAS,2022,June,16.771736383,6.702897445,10.068838938,2022-06-01
PLUMAS,2022,July,17.300710909,7.202194265,10.098516644,2022-07-01
PLUMAS,2022,August,20.142913099,8.192758605,11.950154494,2022-08-01
PLUMAS,2022,September,16.456283116,7.088926124,9.367356992000001,2022-09-01
PLUMAS,2022,October,13.633089124,6.384997276,7.2480918480000005,2022-10-01
PLUMAS,2022,November,15.027620710999999,7.946119135,7.081501576000001,2022-11-01
PLUMAS,2022,December,18.415500723,10.61413756,7.8013631629999995,2022-12-01
PLUMAS,2023,January,19.38918968,11.26788537,8.12130431,2023-01-01
PLUMAS,2023,February,18.071513441,10.43208377,7.639429671,2023-02-01
PLUMAS,2023,March,19.638797847,11.33218383,8.306614017000001,2023-03-01
PLUMAS,2023,April,10.857544504,5.339189555,5.518354949000001,2023-04-01
PLUMAS,2023,May,16.777445617,7.275135087,9.50231053,2023-05-01
PLUMAS,2023,June,14.410029962,6.478324416,7.931705546,2023-06-01
PLUMAS,2023,July,16.249854783,7.35071903,8.899135753000001,2023-07-01
PLUMAS,2023,August,16.941110863,7.533327006,9.407783856999998,2023-08-01
PLUMAS,2023,September,14.522316035000001,6.564224925,7.958091109999999,2023-09-01
PLUMAS,2023,October,11.78494354,6.366322624,5.418620916,2023-10-01
PLUMAS,2023,November,13.990414023,7.13478634,6.855627683000001,2023-11-01
PLUMAS,2023,December,20.613497208,9.456513983,11.156983225,2023-12-01
PLUMAS,2024,January,19.19523064,9.722185355,9.473045285,2024-01-01
PLUMAS,2024,February,16.406017871000003,8.766593821,7.639424050000001,2024-02-01
PLUMAS,2024,March,18.762766457,9.168561416,9.594205041,2024-03-01
PLUMAS,2024,April,15.633056053999999,8.090168511,7.542887543,2024-04-01
PLUMAS,2024,May,14.859394651999999,6.668240952,8.191153700000001,2024-05-01
PLUMAS,2024,June,14.548522623,6.311071024,8.237451599,2024-06-01
PLUMAS,2024,July,16.9635216,8.086148672,8.877372927999998,2024-07-01
PLUMAS,2024,August,19.300516245,7.959428792,11.341087453,2024-08-01
PLUMAS,2024,September,14.591281824,6.567847744,8.02343408,2024-09-01
PLUMAS,2024,October,14.089344196999999,6.267833048,7.821511149000001,2024-10-01
PLUMAS,2024,November,15.42220032,7.197967071,8.224233249000001,2024-11-01
PLUMAS,2024,December,17.477699506,9.536772283,7.940927223,2024-12-01
RIVERSIDE,2008,January,1123.262919779,509.4240242,613.838895579,2008-01-01
RIVERSIDE,2008,February,1059.190402561,438.3904487,620.799953861,2008-02-01
RIVERSIDE,2008,March,1017.209162077,416.1095994,601.099562677,2008-03-01
RIVERSIDE,2008,April,1028.546571869,406.600894,621.945677869,2008-04-01
RIVERSIDE,2008,May,1132.021642177,445.4708279,686.5508142770001,2008-05-01
RIVERSIDE,2008,June,1230.8631772449999,549.0906343,681.772542945,2008-06-01
RIVERSIDE,2008,July,1646.7977077310002,847.590359,799.207348731,2008-07-01
RIVERSIDE,2008,August,1583.7408605350001,804.6748221,779.066038435,2008-08-01
RIVERSIDE,2008,September,1601.424743073,803.447553,797.9771900730001,2008-09-01
RIVERSIDE,2008,October,1398.500280099,638.3394546,760.160825499,2008-10-01
RIVERSIDE,2008,November,1180.1828794120001,465.1893511,714.993528312,2008-11-01
RIVERSIDE,2008,December,1049.490943637,446.8643918,602.626551837,2008-12-01
RIVERSIDE,2009,January,1094.228485684,489.7993975,604.429088184,2009-01-01
RIVERSIDE,2009,February,1010.683721807,424.550231,586.1334908069999,2009-02-01
RIVERSIDE,2009,March,955.991331214,399.3318897,556.6594415140002,2009-03-01
RIVERSIDE,2009,April,1012.845338379,399.7692119,613.076126479,2009-04-01
RIVERSIDE,2009,May,1159.182168135,487.7551619,671.427006235,2009-05-01
RIVERSIDE,2009,June,1167.224711998,511.4736016,655.751110398,2009-06-01
RIVERSIDE,2009,July,1515.1689955450001,769.5353049,745.633690645,2009-07-01
RIVERSIDE,2009,August,1527.666860954,811.4141708,716.252690154,2009-08-01
RIVERSIDE,2009,September,1581.1635064959999,824.0944853,757.0690211959999,2009-09-01
RIVERSIDE,2009,October,1307.376893579,596.7615926,710.615300979,2009-10-01
RIVERSIDE,2009,November,1083.19390555,441.200565,641.9933405500001,2009-11-01
RIVERSIDE,2009,December,1022.0001864540001,448.97617,573.024016454,2009-12-01
RIVERSIDE,2010,January,1052.965342499,473.1479805,579.817361999,2010-01-01
RIVERSIDE,2010,February,992.85463179,430.4706499,562.3839818900001,2010-02-01
RIVERSIDE,2010,March,967.571902859,406.1124644,561.4594384589999,2010-03-01
RIVERSIDE,2010,April,975.23154901,388.645438,586.58611101,2010-04-01
RIVERSIDE,2010,May,1020.261875711,406.6487455,613.613130211,2010-05-01
RIVERSIDE,2010,June,1151.826025688,507.0439285,644.782097188,2010-06-01
RIVERSIDE,2010,July,1415.956228199,681.7356762,734.2205519989999,2010-07-01
RIVERSIDE,2010,August,1482.6826242030002,767.8525302,714.830094003,2010-08-01
RIVERSIDE,2010,September,1485.9831071199999,752.7859273,733.19717982,2010-09-01
RIVERSIDE,2010,October,1312.088334174,612.4697974,699.618536774,2010-10-01
RIVERSIDE,2010,November,1094.481083264,443.2359252,651.245158064,2010-11-01
RIVERSIDE,2010,December,1036.460895749,463.4045707,573.056325049,2010-12-01
RIVERSIDE,2011,January,1061.078937303,494.7151629,566.363774403,2011-01-01
RIVERSIDE,2011,February,1012.114957224,420.1545117,591.9604455240001,2011-02-01
RIVERSIDE,2011,March,978.0426062180001,427.2853452,550.757261018,2011-03-01
RIVERSIDE,2011,April,1030.648706446,418.4527707,612.1959357459999,2011-04-01
RIVERSIDE,2011,May,1039.4991143280001,430.2194703,609.2796440280001,2011-05-01
RIVERSIDE,2011,June,1116.959958183,475.9252679,641.034690283,2011-06-01
RIVERSIDE,2011,July,1447.272222601,728.4178418,718.8543808010002,2011-07-01
RIVERSIDE,2011,August,1541.571328169,788.8740143,752.6973138689999,2011-08-01
RIVERSIDE,2011,September,1591.300942635,843.0230327,748.2779099349999,2011-09-01
RIVERSIDE,2011,October,1349.125123951,615.3660852,733.7590387510002,2011-10-01
RIVERSIDE,2011,November,1128.757256614,464.6549055,664.102351114,2011-11-01
RIVERSIDE,2011,December,1038.995126363,466.0582762,572.9368501630001,2011-12-01
RIVERSIDE,2012,January,1079.722405324,456.5063895,623.216015824,2012-01-01
RIVERSIDE,2012,February,1048.676654806,403.5278205,645.148834306,2012-02-01
RIVERSIDE,2012,March,1007.8389514410001,400.4150607,607.423890741,2012-03-01
RIVERSIDE,2012,April,1015.4615499480001,392.3934569,623.0680930480002,2012-04-01
RIVERSIDE,2012,May,1145.678007035,457.5379876,688.140019435,2012-05-01
RIVERSIDE,2012,June,1319.015672006,566.9716635,752.0440085060001,2012-06-01
RIVERSIDE,2012,July,1478.54609271,696.5671169,781.9789758100001,2012-07-01
RIVERSIDE,2012,August,1664.409790323,847.3707208,817.0390695230001,2012-08-01
RIVERSIDE,2012,September,1716.011481247,881.9755891,834.0358921470001,2012-09-01
RIVERSIDE,2012,October,1500.399868323,695.3379174,805.0619509229999,2012-10-01
RIVERSIDE,2012,November,1175.668974812,442.4501737,733.2188011119999,2012-11-01
RIVERSIDE,2012,December,1050.544611778,424.6431114,625.9015003779999,2012-12-01
RIVERSIDE,2013,January,1107.6079566,491.1394636,616.468493,2013-01-01
RIVERSIDE,2013,February,1055.774604534,417.9608166,637.813787934,2013-02-01
RIVERSIDE,2013,March,1016.199580107,408.9283331,607.2712470069999,2013-03-01
RIVERSIDE,2013,April,1041.06610212,403.5758187,637.49028342,2013-04-01
RIVERSIDE,2013,May,1163.852770454,465.5043568,698.3484136540001,2013-05-01
RIVERSIDE,2013,June,1324.665440346,574.3418294,750.323610946,2013-06-01
RIVERSIDE,2013,July,1624.785846432,807.3508854,817.434961032,2013-07-01
RIVERSIDE,2013,August,1573.467155346,762.3330059,811.134149446,2013-08-01
RIVERSIDE,2013,September,1699.8493420969999,859.2082813,840.6410607969999,2013-09-01
RIVERSIDE,2013,October,1302.350179282,552.9877102,749.362469082,2013-10-01
RIVERSIDE,2013,November,1094.198766636,401.086694,693.112072636,2013-11-01
RIVERSIDE,2013,December,1068.3720261830001,446.8491079,621.522918283,2013-12-01
RIVERSIDE,2014,January,1046.5282284549999,463.7656261,582.7626023549999,2014-01-01
RIVERSIDE,2014,February,1006.829094365,397.803724,609.025370365,2014-02-01
RIVERSIDE,2014,March,986.4183667249999,395.6989114,590.719455325,2014-03-01
RIVERSIDE,2014,April,1098.747348837,414.249041,684.498307837,2014-04-01
RIVERSIDE,2014,May,1189.720242674,473.4061866,716.3140560740002,2014-05-01
RIVERSIDE,2014,June,1417.594192488,617.3920833,800.2021091880001,2014-06-01
RIVERSIDE,2014,July,1575.3060340749998,773.3643691,801.9416649749999,2014-07-01
RIVERSIDE,2014,August,1672.3935129000001,809.5712241,862.8222888,2014-08-01
RIVERSIDE,2014,September,1655.226586142,825.3227846,829.9038015420001,2014-09-01
RIVERSIDE,2014,October,1475.361069279,670.098053,805.263016279,2014-10-01
RIVERSIDE,2014,November,1177.620187489,443.2964769,734.323710589,2014-11-01
RIVERSIDE,2014,December,1085.946078955,431.8483631,654.097715855,2014-12-01
RIVERSIDE,2015,January,1091.41973041,491.352249,600.0674814099999,2015-01-01
RIVERSIDE,2015,February,1007.979713636,409.6059207,598.373792936,2015-02-01
RIVERSIDE,2015,March,1046.715839472,422.5852334,624.1306060720001,2015-03-01
RIVERSIDE,2015,April,1099.0848759570001,452.7148028,646.3700731570001,2015-04-01
RIVERSIDE,2015,May,1119.812246899,458.4897788,661.322468099,2015-05-01
RIVERSIDE,2015,June,1257.351144448,570.8684574,686.4826870479999,2015-06-01
RIVERSIDE,2015,July,1571.2787790099999,808.1036905,763.17508851,2015-07-01
RIVERSIDE,2015,August,1572.24674551,846.9941941,725.25255141,2015-08-01
RIVERSIDE,2015,September,1678.32203039,898.7942995,779.5277308899999,2015-09-01
RIVERSIDE,2015,October,1503.1663758000002,730.9628909,772.2034848999999,2015-10-01
RIVERSIDE,2015,November,1169.405372917,502.8730744,666.532298517,2015-11-01
RIVERSIDE,2015,December,1068.711913018,456.8499392,611.8619738179999,2015-12-01
RIVERSIDE,2016,January,1108.26467347,507.9009488,600.36372467,2016-01-01
RIVERSIDE,2016,February,1014.725849347,430.0837355,584.642113847,2016-02-01
RIVERSIDE,2016,March,1037.007084647,420.4996841,616.5074005470001,2016-03-01
RIVERSIDE,2016,April,1070.953265659,435.1326088,635.8206568589999,2016-04-01
RIVERSIDE,2016,May,1090.51272019,444.0994529,646.41326729,2016-05-01
RIVERSIDE,2016,June,1288.934229691,610.9333806,678.0008490910001,2016-06-01
RIVERSIDE,2016,July,1715.554732968,902.2044128,813.350320168,2016-07-01
RIVERSIDE,2016,August,1768.4017318639999,992.1806182,776.221113664,2016-08-01
RIVERSIDE,2016,September,1620.7453254,833.8184572,786.9268682,2016-09-01
RIVERSIDE,2016,October,1328.00092563,600.4225696,727.57835603,2016-10-01
RIVERSIDE,2016,November,1164.193311496,476.3201393,687.8731721959999,2016-11-01
RIVERSIDE,2016,December,1081.879229001,455.9863545,625.8928745010002,2016-12-01
RIVERSIDE,2017,January,1073.934927456,507.3204171,566.614510356,2017-01-01
RIVERSIDE,2017,February,1050.372982808,449.3637603,601.009222508,2017-02-01
RIVERSIDE,2017,March,1061.8327335,454.2008957,607.6318378,2017-03-01
RIVERSIDE,2017,April,1094.48160318,457.4334165,637.04818668,2017-04-01
RIVERSIDE,2017,May,1168.613748169,511.2013457,657.412402469,2017-05-01
RIVERSIDE,2017,June,1371.951401602,660.0232995,711.9281021019999,2017-06-01
RIVERSIDE,2017,July,1809.6531533,1009.857002,799.7961512999999,2017-07-01
RIVERSIDE,2017,August,1753.2911899609999,990.8992184,762.391971561,2017-08-01
RIVERSIDE,2017,September,1789.472499575,962.5708556,826.901643975,2017-09-01
RIVERSIDE,2017,October,1268.349021861,592.329252,676.0197698610001,2017-10-01
RIVERSIDE,2017,November,1168.16823074,504.7845593,663.38367144,2017-11-01
RIVERSIDE,2017,December,1107.29115643,461.9481742,645.3429822300001,2017-12-01
RIVERSIDE,2018,January,1072.780818172,484.1454308,588.635387372,2018-01-01
RIVERSIDE,2018,February,1039.939445542,426.7253897,613.2140558419999,2018-02-01
RIVERSIDE,2018,March,1055.713903463,450.0048699,605.709033563,2018-03-01
RIVERSIDE,2018,April,1096.808961367,465.2046501,631.6043112670001,2018-04-01
RIVERSIDE,2018,May,1124.554093323,497.8958985,626.6581948229999,2018-05-01
RIVERSIDE,2018,June,1343.741365603,620.3958581,723.345507503,2018-06-01
RIVERSIDE,2018,July,1661.997394731,917.2490001,744.748394631,2018-07-01
RIVERSIDE,2018,August,1971.649474523,1146.692439,824.957035523,2018-08-01
RIVERSIDE,2018,September,1730.466245552,931.7244794,798.7417661520001,2018-09-01
RIVERSIDE,2018,October,1397.776619623,682.1019152,715.674704423,2018-10-01
RIVERSIDE,2018,November,1122.322530753,467.0850334,655.237497353,2018-11-01
RIVERSIDE,2018,December,1106.098190139,469.5331254,636.565064739,2018-12-01
RIVERSIDE,2019,January,1089.747227294,521.1757954,568.571431894,2019-01-01
RIVERSIDE,2019,February,1091.362207475,487.3162304,604.045977075,2019-02-01
RIVERSIDE,2019,March,1077.6913868259999,480.7706479,596.920738926,2019-03-01
RIVERSIDE,2019,April,1045.260885144,444.8933287,600.367556444,2019-04-01
RIVERSIDE,2019,May,1133.35406477,484.4069468,648.9471179700001,2019-05-01
RIVERSIDE,2019,June,1246.9795156399998,576.8752589,670.1042567399999,2019-06-01
RIVERSIDE,2019,July,1524.029083909,806.3137164,717.7153675089999,2019-07-01
RIVERSIDE,2019,August,1797.429251128,1020.094331,777.334920128,2019-08-01
RIVERSIDE,2019,September,1806.73804364,1005.507408,801.23063564,2019-09-01
RIVERSIDE,2019,October,1343.349342892,639.8307191,703.518623792,2019-10-01
RIVERSIDE,2019,November,1153.955389384,481.3270549,672.628334484,2019-11-01
RIVERSIDE,2019,December,1091.972923431,494.8430693,597.129854131,2019-12-01
RIVERSIDE,2020,January,1114.079678593,532.4931908,581.586487793,2020-01-01
RIVERSIDE,2020,February,1079.974091178,462.8116426,617.1624485780001,2020-02-01
RIVERSIDE,2020,March,1030.363572206,445.9068408,584.456731406,2020-03-01
RIVERSIDE,2020,April,997.960432642,467.1805345,530.779898142,2020-04-01
RIVERSIDE,2020,May,1297.744115705,664.0884728,633.6556429049999,2020-05-01
RIVERSIDE,2020,June,1395.826263192,737.2920438,658.534219392,2020-06-01
RIVERSIDE,2020,July,1662.3785009399999,952.9261793,709.4523216399999,2020-07-01
RIVERSIDE,2020,August,1848.252032409,1103.697722,744.554310409,2020-08-01
RIVERSIDE,2020,September,1903.209760665,1152.323062,750.8866986650002,2020-09-01
RIVERSIDE,2020,October,1652.016140227,913.553936,738.4622042269999,2020-10-01
RIVERSIDE,2020,November,1234.063301432,589.1459507,644.917350732,2020-11-01
RIVERSIDE,2020,December,1102.249174039,521.9924323,580.256741739,2020-12-01
RIVERSIDE,2021,January,1113.909227435,546.9571482,566.952079235,2021-01-01
RIVERSIDE,2021,February,1076.792905629,498.9375317,577.8553739289999,2021-02-01
RIVERSIDE,2021,March,1058.821627651,475.5319994,583.2896282510001,2021-03-01
RIVERSIDE,2021,April,1175.177388569,519.8275954,655.349793169,2021-04-01
RIVERSIDE,2021,May,1217.0155011640002,556.3212911,660.694210064,2021-05-01
RIVERSIDE,2021,June,1459.5997432420002,733.5664453,726.033297942,2021-06-01
RIVERSIDE,2021,July,1911.7062384170001,1105.977179,805.729059417,2021-07-01
RIVERSIDE,2021,August,1931.5424048080001,1134.526585,797.015819808,2021-08-01
RIVERSIDE,2021,September,1879.9460161900001,1035.186562,844.75945419,2021-09-01
RIVERSIDE,2021,October,1468.64597942,721.0564031,747.5895763199999,2021-10-01
RIVERSIDE,2021,November,1149.237459239,497.6963394,651.541119839,2021-11-01
RIVERSIDE,2021,December,1101.0672032300001,488.519599,612.5476042299999,2021-12-01
RIVERSIDE,2022,January,1172.02968402,552.9597561,619.0699279199999,2022-01-01
RIVERSIDE,2022,February,1090.4555605159999,476.3268174,614.1287431159999,2022-02-01
RIVERSIDE,2022,March,1135.3318485969999,489.2155781,646.1162704970001,2022-03-01
RIVERSIDE,2022,April,1197.6116343,522.1213633,675.4902710000001,2022-04-01
RIVERSIDE,2022,May,1272.190557017,568.5327964,703.6577606169999,2022-05-01
RIVERSIDE,2022,June,1508.9741558619999,751.7871268,757.187029062,2022-06-01
RIVERSIDE,2022,July,1872.4924225500001,1036.201661,836.29076155,2022-07-01
RIVERSIDE,2022,August,1945.579705175,1126.443731,819.135974175,2022-08-01
RIVERSIDE,2022,September,2038.6287058999999,1159.14194,879.4867659,2022-09-01
RIVERSIDE,2022,October,1640.6914665689999,814.6342661,826.057200469,2022-10-01
RIVERSIDE,2022,November,1212.124317629,525.3073816,686.8169360290001,2022-11-01
RIVERSIDE,2022,December,1129.182476975,506.9202675,622.262209475,2022-12-01
RIVERSIDE,2023,January,1162.821132347,558.0592053,604.761927047,2023-01-01
RIVERSIDE,2023,February,1107.531815899,508.6672914,598.8645244989999,2023-02-01
RIVERSIDE,2023,March,1125.459929998,531.8287494,593.6311805980001,2023-03-01
RIVERSIDE,2023,April,1149.288384084,517.3954812,631.892902884,2023-04-01
RIVERSIDE,2023,May,1185.06006818,544.9828963,640.0771718799999,2023-05-01
RIVERSIDE,2023,June,1305.9496366859998,606.225975,699.7236616860001,2023-06-01
RIVERSIDE,2023,July,1702.455640269,895.6965944,806.759045869,2023-07-01
RIVERSIDE,2023,August,1979.4381526780003,1155.914565,823.523587678,2023-08-01
RIVERSIDE,2023,September,1794.273936863,979.7373494,814.5365874629999,2023-09-01
RIVERSIDE,2023,October,1436.10520116,699.9219124,736.1832887600001,2023-10-01
RIVERSIDE,2023,November,1242.39139805,549.9843404,692.4070576500001,2023-11-01
RIVERSIDE,2023,December,1157.169510311,495.6615651,661.507945211,2023-12-01
RIVERSIDE,2024,January,1164.963532139,558.8357666,606.127765539,2024-01-01
RIVERSIDE,2024,February,1155.841272552,518.8783296,636.9629429519999,2024-02-01
RIVERSIDE,2024,March,1155.2291334210001,525.6889099,629.5402235209999,2024-03-01
RIVERSIDE,2024,April,1169.2249852529999,522.5771197,646.6478655530001,2024-04-01
RIVERSIDE,2024,May,1208.071654467,555.2565879,652.815066567,2024-05-01
RIVERSIDE,2024,June,1454.640618807,707.5670543,747.0735645069999,2024-06-01
RIVERSIDE,2024,July,2045.1443240649999,1168.498639,876.6456850650001,2024-07-01
RIVERSIDE,2024,August,2087.217072203,1241.99079,845.226282203,2024-08-01
RIVERSIDE,2024,September,1975.928355632,1095.678899,880.249456632,2024-09-01
RIVERSIDE,2024,October,1584.893569041,821.8454182,763.0481508409999,2024-10-01
RIVERSIDE,2024,November,1266.352744606,550.05691,716.295834606,2024-11-01
RIVERSIDE,2024,December,1150.883177287,498.644294,652.2388832869999,2024-12-01
SACRAMENTO,2008,January,990.842121875,464.3322629,526.509858975,2008-01-01
SACRAMENTO,2008,February,927.516455092,413.8444107,513.672044392,2008-02-01
SACRAMENTO,2008,March,831.583825833,336.6110368,494.972789033,2008-03-01
SACRAMENTO,2008,April,781.288711333,303.9098087,477.378902633,2008-04-01
SACRAMENTO,2008,May,826.4011899110001,320.0874306,506.313759311,2008-05-01
SACRAMENTO,2008,June,920.6471107929999,374.4360123,546.2110984929999,2008-06-01
SACRAMENTO,2008,July,1079.54646567,489.5540283,589.9924373700001,2008-07-01
SACRAMENTO,2008,August,1043.658058668,466.9444528,576.7136058680001,2008-08-01
SACRAMENTO,2008,September,1080.185540054,487.0360524,593.1494876539999,2008-09-01
SACRAMENTO,2008,October,904.543973241,352.2005049,552.3434683410001,2008-10-01
SACRAMENTO,2008,November,807.423477512,305.2851808,502.138296712,2008-11-01
SACRAMENTO,2008,December,906.607947584,395.2456306,511.362316984,2008-12-01
SACRAMENTO,2009,January,982.715736935,469.517024,513.198712935,2009-01-01
SACRAMENTO,2009,February,891.5563614460001,394.3785606,497.177800846,2009-02-01
SACRAMENTO,2009,March,836.753027002,353.6096027,483.14342430199997,2009-03-01
SACRAMENTO,2009,April,750.3233982419999,296.7993437,453.524054542,2009-04-01
SACRAMENTO,2009,May,822.500094215,323.0003092,499.49978501499993,2009-05-01
SACRAMENTO,2009,June,915.811680616,369.0108143,546.8008663159999,2009-06-01
SACRAMENTO,2009,July,1001.464417127,450.9335529,550.5308642269999,2009-07-01
SACRAMENTO,2009,August,1051.927797104,472.2555119,579.672285204,2009-08-01
SACRAMENTO,2009,September,1050.692204633,470.1866617,580.505542933,2009-09-01
SACRAMENTO,2009,October,928.553373707,382.5493103,546.004063407,2009-10-01
SACRAMENTO,2009,November,782.720953984,309.9436894,472.7772645840001,2009-11-01
SACRAMENTO,2009,December,969.233332719,432.3343292,536.899003519,2009-12-01
SACRAMENTO,2010,January,939.403317461,446.0737418,493.329575661,2010-01-01
SACRAMENTO,2010,February,872.299828843,385.9118596,486.38796924300004,2010-02-01
SACRAMENTO,2010,March,813.260983438,347.5691121,465.691871338,2010-03-01
SACRAMENTO,2010,April,775.2442299520001,316.0148207,459.22940925200004,2010-04-01
SACRAMENTO,2010,May,760.146899473,295.9792649,464.167634573,2010-05-01
SACRAMENTO,2010,June,955.580037448,343.7754583,611.804579148,2010-06-01
SACRAMENTO,2010,July,1012.374164838,457.6126945,554.7614703380001,2010-07-01
SACRAMENTO,2010,August,996.832638416,437.2540434,559.578595016,2010-08-01
SACRAMENTO,2010,September,973.001380583,413.4157263,559.585654283,2010-09-01
SACRAMENTO,2010,October,900.408842247,359.7444751,540.664367147,2010-10-01
SACRAMENTO,2010,November,804.278309003,315.9399195,488.33838950300003,2010-11-01
SACRAMENTO,2010,December,901.170511802,403.1581314,498.0123804020001,2010-12-01
SACRAMENTO,2011,January,934.158880723,435.4333101,498.72557062299995,2011-01-01
SACRAMENTO,2011,February,878.3132003,387.7736123,490.5395879999999,2011-02-01
SACRAMENTO,2011,March,845.267381204,370.4420373,474.82534390399996,2011-03-01
SACRAMENTO,2011,April,781.260513424,316.2515815,465.00893192399997,2011-04-01
SACRAMENTO,2011,May,763.0247251139999,294.4544416,468.570283514,2011-05-01
SACRAMENTO,2011,June,839.8088815149999,337.3208503,502.488031215,2011-06-01
SACRAMENTO,2011,July,1021.728891134,464.4379304,557.290960734,2011-07-01
SACRAMENTO,2011,August,999.994758856,442.0936999,557.901058956,2011-08-01
SACRAMENTO,2011,September,1045.180742938,472.1240421,573.0567008380001,2011-09-01
SACRAMENTO,2011,October,904.3154170110001,369.8355905,534.479826511,2011-10-01
SACRAMENTO,2011,November,811.5728103050001,324.6655166,486.907293705,2011-11-01
SACRAMENTO,2011,December,896.085683751,411.9507535,484.13493025100007,2011-12-01
SACRAMENTO,2012,January,950.4811396380001,454.7337734,495.7473662380001,2012-01-01
SACRAMENTO,2012,February,847.983432476,371.1691666,476.8142658759999,2012-02-01
SACRAMENTO,2012,March,808.7583536049999,345.4341325,463.32422110500005,2012-03-01
SACRAMENTO,2012,April,777.469746867,317.4705598,459.99918706700004,2012-04-01
SACRAMENTO,2012,May,803.9499689959999,318.746489,485.203479996,2012-05-01
SACRAMENTO,2012,June,921.123789715,385.1767544,535.947035315,2012-06-01
SACRAMENTO,2012,July,1010.216494735,456.4620974,553.754397335,2012-07-01
SACRAMENTO,2012,August,1068.74632782,498.6350756,570.11125222,2012-08-01
SACRAMENTO,2012,September,1027.836475064,458.4342036,569.402271464,2012-09-01
SACRAMENTO,2012,October,905.285921229,369.5101272,535.7757940289999,2012-10-01
SACRAMENTO,2012,November,800.060845986,316.388083,483.672762986,2012-11-01
SACRAMENTO,2012,December,863.307318143,383.2134454,480.093872743,2012-12-01
SACRAMENTO,2013,January,965.343431443,468.1687883,497.17464314299997,2013-01-01
SACRAMENTO,2013,February,877.3675198430001,396.2511912,481.11632864300003,2013-02-01
SACRAMENTO,2013,March,798.902358093,332.9086365,465.993721593,2013-03-01
SACRAMENTO,2013,April,758.300584438,293.7138476,464.58673683800004,2013-04-01
SACRAMENTO,2013,May,818.634136816,319.4150908,499.219046016,2013-05-01
SACRAMENTO,2013,June,909.152367058,382.1840223,526.968344758,2013-06-01
SACRAMENTO,2013,July,1122.902113929,531.4072628,591.494851129,2013-07-01
SACRAMENTO,2013,August,1015.2070191849999,458.457322,556.7496971850001,2013-08-01
SACRAMENTO,2013,September,1016.2997963629999,457.2291307,559.070665663,2013-09-01
SACRAMENTO,2013,October,842.007631055,329.4363083,512.571322755,2013-10-01
SACRAMENTO,2013,November,769.0264072790001,299.0974863,469.92892097900005,2013-11-01
SACRAMENTO,2013,December,896.2697417690001,406.3610378,489.9087039690001,2013-12-01
SACRAMENTO,2014,January,952.722766924,445.6250778,507.09768912399994,2014-01-01
SACRAMENTO,2014,February,850.258462251,369.810253,480.4482092509999,2014-02-01
SACRAMENTO,2014,March,786.7111908720001,319.0093288,467.70186207200004,2014-03-01
SACRAMENTO,2014,April,766.744866014,297.9510483,468.79381771399994,2014-04-01
SACRAMENTO,2014,May,817.904436009,316.4038874,501.5005486090001,2014-05-01
SACRAMENTO,2014,June,975.735081039,418.3787077,557.356373339,2014-06-01
SACRAMENTO,2014,July,1082.616106689,502.3304732,580.285633489,2014-07-01
SACRAMENTO,2014,August,1088.531220048,508.6037578,579.9274622480001,2014-08-01
SACRAMENTO,2014,September,1052.209319153,476.2971552,575.9121639530001,2014-09-01
SACRAMENTO,2014,October,917.2108239840001,373.9465742,543.2642497840001,2014-10-01
SACRAMENTO,2014,November,792.929528051,307.0949887,485.834539351,2014-11-01
SACRAMENTO,2014,December,876.2087293339999,375.6930405,500.515688834,2014-12-01
SACRAMENTO,2015,January,929.4954047279999,427.2786334,502.21677132800005,2015-01-01
SACRAMENTO,2015,February,835.7675861089999,359.7231055,476.044480609,2015-02-01
SACRAMENTO,2015,March,784.4238969019999,315.6263878,468.797509102,2015-03-01
SACRAMENTO,2015,April,756.0831907070001,293.4858828,462.59730790699996,2015-04-01
SACRAMENTO,2015,May,797.638883759,303.6338425,494.005041259,2015-05-01
SACRAMENTO,2015,June,933.617097693,381.3734073,552.2436903930001,2015-06-01
SACRAMENTO,2015,July,1106.144205089,532.936448,573.207757089,2015-07-01
SACRAMENTO,2015,August,1065.569654701,490.9404573,574.629197401,2015-08-01
SACRAMENTO,2015,September,1033.049658426,476.262518,556.787140426,2015-09-01
SACRAMENTO,2015,October,921.6845094790001,383.4242654,538.260244079,2015-10-01
SACRAMENTO,2015,November,812.008744299,330.0370845,481.97165979900007,2015-11-01
SACRAMENTO,2015,December,916.254019496,418.0313617,498.222657796,2015-12-01
SACRAMENTO,2016,January,947.818854438,452.766097,495.05275743799996,2016-01-01
SACRAMENTO,2016,February,856.440384048,370.3430882,486.09729584800004,2016-02-01
SACRAMENTO,2016,March,781.300210187,322.7277768,458.57243338700005,2016-03-01
SACRAMENTO,2016,April,756.504625463,303.9118748,452.592750663,2016-04-01
SACRAMENTO,2016,May,793.211951847,314.1599813,479.051970547,2016-05-01
SACRAMENTO,2016,June,969.453503807,433.5763789,535.8771249069999,2016-06-01
SACRAMENTO,2016,July,1077.977324522,513.723665,564.253659522,2016-07-01
SACRAMENTO,2016,August,1102.85186358,533.8255883,569.0262752799999,2016-08-01
SACRAMENTO,2016,September,996.027247515,448.1715903,547.8556572150001,2016-09-01
SACRAMENTO,2016,October,865.124652533,357.9522659,507.17238663300003,2016-10-01
SACRAMENTO,2016,November,776.290138899,306.2607538,470.029385099,2016-11-01
SACRAMENTO,2016,December,884.07378645,401.6200413,482.45374515000003,2016-12-01
SACRAMENTO,2017,January,959.841427472,465.8593825,493.98204497200004,2017-01-01
SACRAMENTO,2017,February,868.0254740940001,388.762628,479.262846094,2017-02-01
SACRAMENTO,2017,March,827.1339637789999,355.2436939,471.89026987899996,2017-03-01
SACRAMENTO,2017,April,794.454580996,320.9786665,473.47591449600003,2017-04-01
SACRAMENTO,2017,May,860.951022914,356.3991887,504.551834214,2017-05-01
SACRAMENTO,2017,June,984.890508016,441.3977162,543.492791816,2017-06-01
SACRAMENTO,2017,July,1207.656149379,612.2012171,595.4549322790001,2017-07-01
SACRAMENTO,2017,August,1177.370946474,581.2379943,596.1329521740001,2017-08-01
SACRAMENTO,2017,September,1137.5052877399999,553.1191382,584.38614954,2017-09-01
SACRAMENTO,2017,October,870.050755328,339.8964954,530.154259928,2017-10-01
SACRAMENTO,2017,November,794.9649792370001,314.6636434,480.301335837,2017-11-01
SACRAMENTO,2017,December,869.9374455770001,391.3350224,478.602423177,2017-12-01
SACRAMENTO,2018,January,938.708249451,430.6745284,508.033721051,2018-01-01
SACRAMENTO,2018,February,851.016405212,374.290782,476.72562321199996,2018-02-01
SACRAMENTO,2018,March,835.408133504,367.1690729,468.23906060400003,2018-03-01
SACRAMENTO,2018,April,778.430784192,306.6497256,471.781058592,2018-04-01
SACRAMENTO,2018,May,800.091105246,303.2882925,496.80281274600003,2018-05-01
SACRAMENTO,2018,June,931.0874166579999,389.6867451,541.400671558,2018-06-01
SACRAMENTO,2018,July,1117.8891237340001,528.4404616,589.4486621339998,2018-07-01
SACRAMENTO,2018,August,1126.316622098,535.6428707,590.673751398,2018-08-01
SACRAMENTO,2018,September,992.2476491289999,424.8152054,567.4324437289999,2018-09-01
SACRAMENTO,2018,October,849.8163406790001,325.8340717,523.9822689790001,2018-10-01
SACRAMENTO,2018,November,778.898544426,301.7348623,477.1636821259999,2018-11-01
SACRAMENTO,2018,December,872.946915316,382.2277914,490.71912391600006,2018-12-01
SACRAMENTO,2019,January,903.7565234719999,408.4865645,495.269958972,2019-01-01
SACRAMENTO,2019,February,863.907764498,376.601474,487.306290498,2019-02-01
SACRAMENTO,2019,March,810.605854883,344.9425996,465.663255283,2019-03-01
SACRAMENTO,2019,April,763.2097862850001,294.9923171,468.217469185,2019-04-01
SACRAMENTO,2019,May,796.664761448,301.7332651,494.931496348,2019-05-01
SACRAMENTO,2019,June,957.164388967,411.9322806,545.232108367,2019-06-01
SACRAMENTO,2019,July,1080.578058754,496.0940481,584.484010654,2019-07-01
SACRAMENTO,2019,August,1137.6470894,541.7787464,595.8683430000001,2019-08-01
SACRAMENTO,2019,September,1101.236781628,502.4992949,598.7374867280001,2019-09-01
SACRAMENTO,2019,October,812.117450681,315.6494732,496.467977481,2019-10-01
SACRAMENTO,2019,November,748.737138359,285.7271433,463.009995059,2019-11-01
SACRAMENTO,2019,December,876.3585029870001,373.4271008,502.931402187,2019-12-01
SACRAMENTO,2020,January,912.0193518350001,412.6467172,499.372634635,2020-01-01
SACRAMENTO,2020,February,832.960988139,356.6013673,476.359620839,2020-02-01
SACRAMENTO,2020,March,767.371739158,314.3228214,453.048917758,2020-03-01
SACRAMENTO,2020,April,748.384394157,326.0582414,422.32615275699993,2020-04-01
SACRAMENTO,2020,May,803.243847759,356.1127252,447.131122559,2020-05-01
SACRAMENTO,2020,June,964.2089624390001,462.9085423,501.300420139,2020-06-01
SACRAMENTO,2020,July,1100.340230403,555.1436159,545.196614503,2020-07-01
SACRAMENTO,2020,August,1124.5760241,577.6822748,546.8937493,2020-08-01
SACRAMENTO,2020,September,1110.1788545650002,559.1299877,551.0488668649999,2020-09-01
SACRAMENTO,2020,October,924.493796801,418.5716509,505.922145901,2020-10-01
SACRAMENTO,2020,November,795.570964497,331.1174384,464.453526097,2020-11-01
SACRAMENTO,2020,December,882.9262806930001,415.3088488,467.617431893,2020-12-01
SACRAMENTO,2021,January,930.360319021,442.9215402,487.438778821,2021-01-01
SACRAMENTO,2021,February,845.620066373,381.2769777,464.34308867299995,2021-02-01
SACRAMENTO,2021,March,805.578408621,349.5057013,456.072707321,2021-03-01
SACRAMENTO,2021,April,788.236093816,311.8894143,476.34667951599994,2021-04-01
SACRAMENTO,2021,May,848.507598667,347.3858325,501.12176616700003,2021-05-01
SACRAMENTO,2021,June,1009.11430145,455.3108804,553.8034210500001,2021-06-01
SACRAMENTO,2021,July,1151.627890554,573.565555,578.0623355540001,2021-07-01
SACRAMENTO,2021,August,1126.7278591919999,553.106457,573.6214021919999,2021-08-01
SACRAMENTO,2021,September,1070.487105152,507.9364087,562.5506964519999,2021-09-01
SACRAMENTO,2021,October,892.989940706,362.7233596,530.266581106,2021-10-01
SACRAMENTO,2021,November,794.816730639,306.5877592,488.228971439,2021-11-01
SACRAMENTO,2021,December,905.844219179,397.9988982,507.84532097899995,2021-12-01
SACRAMENTO,2022,January,969.6534602290001,456.299775,513.353685229,2022-01-01
SACRAMENTO,2022,February,863.890783019,374.6624013,489.22838171899997,2022-02-01
SACRAMENTO,2022,March,825.2511494280001,337.2768732,487.97427622800006,2022-03-01
SACRAMENTO,2022,April,768.055005897,304.423175,463.6318308970001,2022-04-01
SACRAMENTO,2022,May,810.625854944,328.7874613,481.838393644,2022-05-01
SACRAMENTO,2022,June,1001.868877947,451.7624842,550.106393747,2022-06-01
SACRAMENTO,2022,July,1131.0815712200001,547.043212,584.03835922,2022-07-01
SACRAMENTO,2022,August,1134.996421766,556.8353176,578.161104166,2022-08-01
SACRAMENTO,2022,September,1179.300352863,581.633883,597.6664698630001,2022-09-01
SACRAMENTO,2022,October,913.259180049,379.758744,533.500436049,2022-10-01
SACRAMENTO,2022,November,817.90336487,334.2962979,483.60706696999995,2022-11-01
SACRAMENTO,2022,December,909.382831118,425.3468087,484.036022418,2022-12-01
SACRAMENTO,2023,January,927.455794707,450.9025126,476.55328210700003,2023-01-01
SACRAMENTO,2023,February,851.860814079,405.7553207,446.10549337899994,2023-02-01
SACRAMENTO,2023,March,836.95426504,395.9830029,440.9712621399999,2023-03-01
SACRAMENTO,2023,April,774.893559287,344.8831271,430.010432187,2023-04-01
SACRAMENTO,2023,May,793.912200166,344.401113,449.51108716600004,2023-05-01
SACRAMENTO,2023,June,861.099164519,377.9174087,483.18175581900005,2023-06-01
SACRAMENTO,2023,July,1059.6925352499998,527.5055226,532.1870126499999,2023-07-01
SACRAMENTO,2023,August,1136.524747117,588.1718991,548.3528480169999,2023-08-01
SACRAMENTO,2023,September,1052.033865838,507.6462025,544.387663338,2023-09-01
SACRAMENTO,2023,October,842.690195079,357.5686302,485.1215648789999,2023-10-01
SACRAMENTO,2023,November,776.688288614,327.0298742,449.65841441399994,2023-11-01
SACRAMENTO,2023,December,858.998243727,404.3711023,454.62714142699997,2023-12-01
SACRAMENTO,2024,January,896.94934253,435.6309872,461.31835533,2024-01-01
SACRAMENTO,2024,February,838.801762864,386.4181764,452.383586464,2024-02-01
SACRAMENTO,2024,March,799.422001538,355.3309246,444.09107693799996,2024-03-01
SACRAMENTO,2024,April,780.363416991,332.7252954,447.63812159099996,2024-04-01
SACRAMENTO,2024,May,830.57522543,351.669896,478.90532943000005,2024-05-01
SACRAMENTO,2024,June,1030.617094313,486.5524856,544.064608713,2024-06-01
SACRAMENTO,2024,July,1278.148639116,688.7893179,589.3593212160001,2024-07-01
SACRAMENTO,2024,August,1176.672452358,602.6855736,573.986878758,2024-08-01
SACRAMENTO,2024,September,1083.871520521,521.4937323,562.3777882210001,2024-09-01
SACRAMENTO,2024,October,948.191480032,431.8210398,516.370440232,2024-10-01
SACRAMENTO,2024,November,800.603404449,335.4612442,465.1421602489999,2024-11-01
SACRAMENTO,2024,December,916.5285349860001,431.7195239,484.809011086,2024-12-01
SAN BENITO,2008,January,24.286564463999998,12.29593278,11.990631683999998,2008-01-01
SAN BENITO,2008,February,22.096078849,9.980026028,12.116052821,2008-02-01
SAN BENITO,2008,March,21.957500972,9.573096312,12.384404660000001,2008-03-01
SAN BENITO,2008,April,25.220004140999997,9.053417253,16.166586887999998,2008-04-01
SAN BENITO,2008,May,24.260173987,8.861905867,15.398268120000003,2008-05-01
SAN BENITO,2008,June,25.969776661,9.277528706,16.692247955000003,2008-06-01
SAN BENITO,2008,July,31.877651886,9.883625986,21.994025900000004,2008-07-01
SAN BENITO,2008,August,28.900143801000002,9.207607745,19.692536056,2008-08-01
SAN BENITO,2008,September,32.168402214,9.770255616,22.398146598,2008-09-01
SAN BENITO,2008,October,30.049857959,9.999866801,20.049991158,2008-10-01
SAN BENITO,2008,November,24.002682807,7.750569904,16.252112903,2008-11-01
SAN BENITO,2008,December,24.996747142,11.80312509,13.193622052000002,2008-12-01
SAN BENITO,2009,January,22.291671365,10.53656903,11.755102335,2009-01-01
SAN BENITO,2009,February,22.17074548,10.24006713,11.930678349999999,2009-02-01
SAN BENITO,2009,March,21.340478202,9.776430408,11.564047794,2009-03-01
SAN BENITO,2009,April,24.188179099,9.435520893,14.752658205999998,2009-04-01
SAN BENITO,2009,May,24.545410021000002,8.714705257,15.830704764,2009-05-01
SAN BENITO,2009,June,26.167606637,9.146360863,17.021245774,2009-06-01
SAN BENITO,2009,July,28.959950133,9.950631984,19.009318149000002,2009-07-01
SAN BENITO,2009,August,30.75806082,8.853561275,21.904499544999997,2009-08-01
SAN BENITO,2009,September,32.975003494,9.898498916,23.076504577999998,2009-09-01
SAN BENITO,2009,October,30.430664741,9.91260897,20.518055771,2009-10-01
SAN BENITO,2009,November,25.595291882,8.645348534,16.949943347999998,2009-11-01
SAN BENITO,2009,December,26.49933356,12.22765262,14.27168094,2009-12-01
SAN BENITO,2010,January,22.656271071,10.59232157,12.063949501,2010-01-01
SAN BENITO,2010,February,20.395436841000002,9.597546763,10.797890077999998,2010-02-01
SAN BENITO,2010,March,23.123624244000002,10.51915203,12.604472214,2010-03-01
SAN BENITO,2010,April,25.05232281,9.687045649,15.365277161,2010-04-01
SAN BENITO,2010,May,22.574232843,8.136885638,14.437347204999998,2010-05-01
SAN BENITO,2010,June,26.572096930999997,9.368003512,17.204093419,2010-06-01
SAN BENITO,2010,July,26.241952124,9.398540741,16.843411383000003,2010-07-01
SAN BENITO,2010,August,27.250665744,9.231530392,18.019135352,2010-08-01
SAN BENITO,2010,September,32.074567307,9.449369246,22.625198061,2010-09-01
SAN BENITO,2010,October,30.081817571,9.365265238,20.716552333,2010-10-01
SAN BENITO,2010,November,27.153911475,9.01169481,18.142216665,2010-11-01
SAN BENITO,2010,December,25.332581391,12.19047667,13.142104721,2010-12-01
SAN BENITO,2011,January,21.751732068,10.60682713,11.144904938,2011-01-01
SAN BENITO,2011,February,20.194893486999998,9.284321506,10.910571981,2011-02-01
SAN BENITO,2011,March,23.565679672,11.14204366,12.423636012,2011-03-01
SAN BENITO,2011,April,22.799972644,8.9548972,13.845075443999999,2011-04-01
SAN BENITO,2011,May,26.339384593,8.901970707,17.437413886,2011-05-01
SAN BENITO,2011,June,26.567320658,9.493202059,17.074118599,2011-06-01
SAN BENITO,2011,July,28.135546136000002,9.554962247,18.580583889,2011-07-01
SAN BENITO,2011,August,30.446154803,9.040809117,21.405345686,2011-08-01
SAN BENITO,2011,September,32.183798333,9.514383792,22.669414541,2011-09-01
SAN BENITO,2011,October,30.660014846,9.195053752,21.464961094,2011-10-01
SAN BENITO,2011,November,27.876429765,9.416770794,18.459658971,2011-11-01
SAN BENITO,2011,December,24.70530219,11.00097929,13.704322900000001,2011-12-01
SAN BENITO,2012,January,25.95438978,12.0612105,13.893179280000002,2012-01-01
SAN BENITO,2012,February,23.640061019,10.20101232,13.439048699,2012-02-01
SAN BENITO,2012,March,23.376521205,9.842986586,13.533534619,2012-03-01
SAN BENITO,2012,April,24.172810378,9.267968736,14.904841642,2012-04-01
SAN BENITO,2012,May,26.322934868,9.091266063,17.231668804999998,2012-05-01
SAN BENITO,2012,June,27.655730668,9.086020704,18.569709964,2012-06-01
SAN BENITO,2012,July,29.151342647,9.338377085,19.812965562,2012-07-01
SAN BENITO,2012,August,33.255178532,10.37054069,22.884637842,2012-08-01
SAN BENITO,2012,September,33.101509547,9.203610167,23.897899380000002,2012-09-01
SAN BENITO,2012,October,32.374185681,9.734069501,22.64011618,2012-10-01
SAN BENITO,2012,November,27.125899597,9.004349969,18.121549627999997,2012-11-01
SAN BENITO,2012,December,25.461862524,10.4084732,15.053389324,2012-12-01
SAN BENITO,2013,January,27.798814687,12.94319122,14.855623467000001,2013-01-01
SAN BENITO,2013,February,26.362738291,10.18139949,16.181338801,2013-02-01
SAN BENITO,2013,March,24.936394995,10.01538332,14.921011675,2013-03-01
SAN BENITO,2013,April,26.588101846,8.768413434,17.819688411999998,2013-04-01
SAN BENITO,2013,May,30.339855180999997,8.983164289,21.356690892000003,2013-05-01
SAN BENITO,2013,June,29.627196769,9.138932771,20.488263997999997,2013-06-01
SAN BENITO,2013,July,32.651589711,10.3763629,22.275226811000003,2013-07-01
SAN BENITO,2013,August,29.362894056000002,9.525506331,19.837387725,2013-08-01
SAN BENITO,2013,September,38.330203417999996,9.651512657,28.678690761000002,2013-09-01
SAN BENITO,2013,October,34.421288381,9.867071943,24.554216437999997,2013-10-01
SAN BENITO,2013,November,28.169093818,8.282009958,19.88708386,2013-11-01
SAN BENITO,2013,December,28.484100224,11.92477293,16.559327294000003,2013-12-01
SAN BENITO,2014,January,27.379905498000003,11.31374635,16.066159148,2014-01-01
SAN BENITO,2014,February,25.144565565,9.434814673,15.709750891999999,2014-02-01
SAN BENITO,2014,March,21.085857551,9.295648011,11.79020954,2014-03-01
SAN BENITO,2014,April,27.267211484,8.941789928,18.325421555999995,2014-04-01
SAN BENITO,2014,May,28.40306747,9.007181441,19.395886029000003,2014-05-01
SAN BENITO,2014,June,31.526190901,9.23600637,22.290184531,2014-06-01
SAN BENITO,2014,July,33.257306563,9.663364908,23.593941655000002,2014-07-01
SAN BENITO,2014,August,34.155912183,9.964478906,24.191433277,2014-08-01
SAN BENITO,2014,September,35.795553326,9.631613702,26.163939624000005,2014-09-01
SAN BENITO,2014,October,33.550524147,9.858468401,23.692055745999998,2014-10-01
SAN BENITO,2014,November,28.900605501999998,8.441569755,20.459035746999998,2014-11-01
SAN BENITO,2014,December,28.23666966,10.32304572,17.91362394,2014-12-01
SAN BENITO,2015,January,27.209545002000002,11.19116481,16.018380192000002,2015-01-01
SAN BENITO,2015,February,25.808925037,9.331265478,16.477659559,2015-02-01
SAN BENITO,2015,March,28.077330787,9.727228059,18.350102728000003,2015-03-01
SAN BENITO,2015,April,27.612874697,8.733424836,18.879449860999998,2015-04-01
SAN BENITO,2015,May,28.511755083,8.649581966,19.862173117,2015-05-01
SAN BENITO,2015,June,30.81574792,8.84950069,21.96624723,2015-06-01
SAN BENITO,2015,July,32.611782698,9.895344374,22.716438324000002,2015-07-01
SAN BENITO,2015,August,32.985169805000005,9.477365363,23.507804442,2015-08-01
SAN BENITO,2015,September,36.703956818,10.38955234,26.314404477999997,2015-09-01
SAN BENITO,2015,October,34.676902229,10.16831379,24.508588438999997,2015-10-01
SAN BENITO,2015,November,30.186072784,8.760503162,21.425569621999998,2015-11-01
SAN BENITO,2015,December,30.050397793,11.78624576,18.264152033000002,2015-12-01
SAN BENITO,2016,January,28.331032273,11.82846355,16.502568723,2016-01-01
SAN BENITO,2016,February,26.332776599,9.698560478,16.634216120999998,2016-02-01
SAN BENITO,2016,March,29.199869567,9.713181313,19.486688254,2016-03-01
SAN BENITO,2016,April,28.431044267,8.555038045,19.876006222,2016-04-01
SAN BENITO,2016,May,29.289457846999998,8.693390712,20.596067135000002,2016-05-01
SAN BENITO,2016,June,34.090306165,10.43399782,23.656308345,2016-06-01
SAN BENITO,2016,July,34.771345434,9.939180431,24.832165003000004,2016-07-01
SAN BENITO,2016,August,37.211193619,9.748205228,27.462988391,2016-08-01
SAN BENITO,2016,September,37.336024407,9.235853592,28.100170814999995,2016-09-01
SAN BENITO,2016,October,33.480086234,9.073441212,24.406645022000006,2016-10-01
SAN BENITO,2016,November,28.231079855,8.663592743,19.567487112,2016-11-01
SAN BENITO,2016,December,30.658515728,10.98147534,19.677040388,2016-12-01
SAN BENITO,2017,January,29.235539833,12.10814823,17.127391603000003,2017-01-01
SAN BENITO,2017,February,26.674180212,10.01247871,16.661701502,2017-02-01
SAN BENITO,2017,March,27.100364177,10.28868297,16.811681207,2017-03-01
SAN BENITO,2017,April,26.437835509,8.385596353,18.052239156,2017-04-01
SAN BENITO,2017,May,29.528335339,8.786849593,20.741485746000002,2017-05-01
SAN BENITO,2017,June,32.746715715,9.479097875,23.267617840000003,2017-06-01
SAN BENITO,2017,July,34.412761998,10.06980113,24.342960868,2017-07-01
SAN BENITO,2017,August,36.754236268,10.83185318,25.922383088,2017-08-01
SAN BENITO,2017,September,37.497810535,10.54437789,26.953432645,2017-09-01
SAN BENITO,2017,October,34.020996876,9.670478037,24.350518839000003,2017-10-01
SAN BENITO,2017,November,29.478920385000002,8.880719277,20.598201107999998,2017-11-01
SAN BENITO,2017,December,28.788921174,10.85612684,17.932794334,2017-12-01
SAN BENITO,2018,January,28.711947453,11.27067615,17.441271302999997,2018-01-01
SAN BENITO,2018,February,26.660035981,9.245746958,17.414289023,2018-02-01
SAN BENITO,2018,March,28.30310503,10.73596842,17.56713661,2018-03-01
SAN BENITO,2018,April,26.412739248999998,9.088726496,17.324012752999998,2018-04-01
SAN BENITO,2018,May,30.423979929999998,9.138327383,21.285652547,2018-05-01
SAN BENITO,2018,June,31.606347508,9.337021057,22.269326450999998,2018-06-01
SAN BENITO,2018,July,34.847811415,10.40958041,24.438231005,2018-07-01
SAN BENITO,2018,August,37.020352847,11.61595411,25.404398737,2018-08-01
SAN BENITO,2018,September,36.032622945,9.36818373,26.664439215,2018-09-01
SAN BENITO,2018,October,35.904435347,9.345935905,26.558499442,2018-10-01
SAN BENITO,2018,November,29.207034392999997,8.911886306,20.295148087,2018-11-01
SAN BENITO,2018,December,28.333885390000003,10.93654468,17.39734071,2018-12-01
SAN BENITO,2019,January,29.108063707,12.16091078,16.947152926999998,2019-01-01
SAN BENITO,2019,February,27.882878526,10.44680436,17.436074166,2019-02-01
SAN BENITO,2019,March,28.287562523000002,10.68245955,17.605102973000005,2019-03-01
SAN BENITO,2019,April,28.337257098,9.525252749,18.812004349,2019-04-01
SAN BENITO,2019,May,26.042344689,8.693380603,17.348964086000002,2019-05-01
SAN BENITO,2019,June,33.150099862,9.511490408,23.638609453999997,2019-06-01
SAN BENITO,2019,July,31.670489885000002,9.965884084,21.704605801000003,2019-07-01
SAN BENITO,2019,August,35.80803808,10.80241506,25.00562302,2019-08-01
SAN BENITO,2019,September,29.069573136,11.63976246,17.429810676000002,2019-09-01
SAN BENITO,2019,October,32.620556452,10.29764629,22.322910162,2019-10-01
SAN BENITO,2019,November,30.083024414999997,8.523596859,21.559427555999996,2019-11-01
SAN BENITO,2019,December,30.887524163000002,11.38116184,19.506362323000005,2019-12-01
SAN BENITO,2020,January,28.956140378999997,12.74659996,16.209540419,2020-01-01
SAN BENITO,2020,February,27.193051362,10.74910766,16.443943702,2020-02-01
SAN BENITO,2020,March,27.269367261,10.43271049,16.836656771,2020-03-01
SAN BENITO,2020,April,27.396648903,10.66761497,16.729033932999997,2020-04-01
SAN BENITO,2020,May,27.681840269,10.06039551,17.621444759000003,2020-05-01
SAN BENITO,2020,June,29.572595673,11.3530172,18.219578473,2020-06-01
SAN BENITO,2020,July,32.519876513,11.53272561,20.987150902999996,2020-07-01
SAN BENITO,2020,August,34.399216012000004,10.36775461,24.031461402,2020-08-01
SAN BENITO,2020,September,38.165028524,13.69235423,24.472674294,2020-09-01
SAN BENITO,2020,October,36.704459782,12.38929888,24.315160902,2020-10-01
SAN BENITO,2020,November,29.837271255,11.12510546,18.712165795,2020-11-01
SAN BENITO,2020,December,29.81971163,13.25368591,16.566025720000003,2020-12-01
SAN BENITO,2021,January,28.564668646,12.8879989,15.676669746000002,2021-01-01
SAN BENITO,2021,February,28.853717589,12.11392758,16.739790009,2021-02-01
SAN BENITO,2021,March,29.450265679,11.68211727,17.768148409,2021-03-01
SAN BENITO,2021,April,27.908171432,10.31780251,17.590368921999996,2021-04-01
SAN BENITO,2021,May,29.698852112,9.924782257,19.774069855,2021-05-01
SAN BENITO,2021,June,31.223888799,10.47829499,20.745593809,2021-06-01
SAN BENITO,2021,July,34.184158419,11.44953897,22.734619449,2021-07-01
SAN BENITO,2021,August,36.264510376000004,11.42715772,24.837352656,2021-08-01
SAN BENITO,2021,September,38.286526696,11.41797247,26.868554225999997,2021-09-01
SAN BENITO,2021,October,33.783375310000004,11.02025077,22.763124540000003,2021-10-01
SAN BENITO,2021,November,27.226354789,9.503207413,17.723147376,2021-11-01
SAN BENITO,2021,December,31.28849653,12.73176992,18.556726610000002,2021-12-01
SAN BENITO,2022,January,27.632657686,12.66590034,14.966757345999998,2022-01-01
SAN BENITO,2022,February,28.495753207,11.15536772,17.340385486999995,2022-02-01
SAN BENITO,2022,March,29.890739866,12.11578148,17.774958386,2022-03-01
SAN BENITO,2022,April,27.022111868,10.17222978,16.849882087999998,2022-04-01
SAN BENITO,2022,May,33.863366581,10.17442235,23.688944231000004,2022-05-01
SAN BENITO,2022,June,34.339631742,11.71324143,22.626390311999995,2022-06-01
SAN BENITO,2022,July,33.454637429,12.14481653,21.309820899,2022-07-01
SAN BENITO,2022,August,36.995889067,12.86920396,24.126685106999997,2022-08-01
SAN BENITO,2022,September,38.234725539,13.30746831,24.927257229000002,2022-09-01
SAN BENITO,2022,October,42.714290886,10.76490379,31.949387096000002,2022-10-01
SAN BENITO,2022,November,29.418974784,10.43678081,18.982193974,2022-11-01
SAN BENITO,2022,December,27.745395957,13.1404399,14.604956057,2022-12-01
SAN BENITO,2023,January,33.946228863,15.52736457,18.418864293000002,2023-01-01
SAN BENITO,2023,February,30.235953832,11.81428324,18.421670591999998,2023-02-01
SAN BENITO,2023,March,30.273883593,13.95330456,16.320579033,2023-03-01
SAN BENITO,2023,April,27.586526583,11.3896875,16.196839082999997,2023-04-01
SAN BENITO,2023,May,29.478685109,10.59183971,18.886845399000002,2023-05-01
SAN BENITO,2023,June,30.355453688,10.4993713,19.856082387999997,2023-06-01
SAN BENITO,2023,July,32.762947737,11.58430843,21.178639307,2023-07-01
SAN BENITO,2023,August,37.233830404,13.65335776,23.580472644,2023-08-01
SAN BENITO,2023,September,35.197323621,12.03193029,23.165393331,2023-09-01
SAN BENITO,2023,October,35.458003,11.10243002,24.355572979999998,2023-10-01
SAN BENITO,2023,November,30.879256904,10.51776969,20.361487214,2023-11-01
SAN BENITO,2023,December,29.212085961,12.61262337,16.599462591,2023-12-01
SAN BENITO,2024,January,28.600097262,14.97362851,13.626468752000001,2024-01-01
SAN BENITO,2024,February,29.127692412000002,13.41455812,15.713134292,2024-02-01
SAN BENITO,2024,March,35.654434016,12.83645682,22.817977195999998,2024-03-01
SAN BENITO,2024,April,32.538806203,11.77538921,20.763416993,2024-04-01
SAN BENITO,2024,May,30.969304528,11.31201317,19.657291358000002,2024-05-01
SAN BENITO,2024,June,34.235925069000004,11.00108658,23.234838489,2024-06-01
SAN BENITO,2024,July,36.686483631,14.35031161,22.336172021,2024-07-01
SAN BENITO,2024,August,39.278956662,14.72089863,24.558058032,2024-08-01
SAN BENITO,2024,September,37.708404423,12.8440508,24.864353623000003,2024-09-01
SAN BENITO,2024,October,34.114034226,13.58827852,20.525755706,2024-10-01
SAN BENITO,2024,November,26.195570367000002,10.36409489,15.831475477000001,2024-11-01
SAN BENITO,2024,December,29.161863393,13.7957796,15.366083793000001,2024-12-01
SAN BERNARDINO,2008,January,1074.5218340420001,400.6760029,673.8458311420001,2008-01-01
SAN BERNARDINO,2008,February,1275.914271612,359.7082415,916.2060301119999,2008-02-01
SAN BERNARDINO,2008,March,966.856271518,323.0092802,643.846991318,2008-03-01
SAN BERNARDINO,2008,April,964.4627333880001,308.1535051,656.309228288,2008-04-01
SAN BERNARDINO,2008,May,1289.972316821,320.7902142,969.1821026209999,2008-05-01
SAN BERNARDINO,2008,June,1088.361682405,380.9931802,707.368502205,2008-06-01
SAN BERNARDINO,2008,July,1501.083098905,559.5935901,941.489508805,2008-07-01
SAN BERNARDINO,2008,August,1486.701436582,552.3287453,934.372691282,2008-08-01
SAN BERNARDINO,2008,September,1498.606907912,560.0014937,938.6054142119999,2008-09-01
SAN BERNARDINO,2008,October,1347.474641497,443.1195935,904.3550479969999,2008-10-01
SAN BERNARDINO,2008,November,1289.798930818,347.6186158,942.1803150180001,2008-11-01
SAN BERNARDINO,2008,December,1009.765141167,356.7061869,653.058954267,2008-12-01
SAN BERNARDINO,2009,January,1106.8409984730001,391.9983305,714.8426679730002,2009-01-01
SAN BERNARDINO,2009,February,1052.492614271,338.5810141,713.911600171,2009-02-01
SAN BERNARDINO,2009,March,917.133773423,317.4167495,599.717023923,2009-03-01
SAN BERNARDINO,2009,April,1019.5290422639999,307.6285439,711.900498364,2009-04-01
SAN BERNARDINO,2009,May,1129.584968747,345.5465346,784.038434147,2009-05-01
SAN BERNARDINO,2009,June,1019.549537562,349.641807,669.907730562,2009-06-01
SAN BERNARDINO,2009,July,1366.700906706,511.594961,855.105945706,2009-07-01
SAN BERNARDINO,2009,August,1303.378636785,548.9868166,754.391820185,2009-08-01
SAN BERNARDINO,2009,September,1441.74956685,565.6442496,876.10531725,2009-09-01
SAN BERNARDINO,2009,October,1344.627758003,418.2884599,926.3392981030001,2009-10-01
SAN BERNARDINO,2009,November,1086.604011853,336.9458102,749.658201653,2009-11-01
SAN BERNARDINO,2009,December,967.4443515,363.5943322,603.8500193,2009-12-01
SAN BERNARDINO,2010,January,1070.842778989,380.0727004,690.770078589,2010-01-01
SAN BERNARDINO,2010,February,1044.345474237,345.7721017,698.5733725370001,2010-02-01
SAN BERNARDINO,2010,March,922.67335621,322.4150808,600.2582754099999,2010-03-01
SAN BERNARDINO,2010,April,987.9007010539999,297.8163198,690.0843812539999,2010-04-01
SAN BERNARDINO,2010,May,1024.488760335,298.9198286,725.568931735,2010-05-01
SAN BERNARDINO,2010,June,1033.33468063,350.3484326,682.98624803,2010-06-01
SAN BERNARDINO,2010,July,1391.045631654,460.5768179,930.4688137539999,2010-07-01
SAN BERNARDINO,2010,August,1254.45307935,502.2191233,752.23395605,2010-08-01
SAN BERNARDINO,2010,September,1335.533995795,510.6526649,824.881330895,2010-09-01
SAN BERNARDINO,2010,October,1229.1933928849999,425.9845366,803.2088562849999,2010-10-01
SAN BERNARDINO,2010,November,1199.308907602,341.943963,857.364944602,2010-11-01
SAN BERNARDINO,2010,December,960.06666575,362.2205829,597.84608285,2010-12-01
SAN BERNARDINO,2011,January,984.951375035,393.0630035,591.888371535,2011-01-01
SAN BERNARDINO,2011,February,1122.562879175,333.8177254,788.745153775,2011-02-01
SAN BERNARDINO,2011,March,913.8238650119999,334.7771433,579.0467217119999,2011-03-01
SAN BERNARDINO,2011,April,1106.4380276040001,311.3486444,795.089383204,2011-04-01
SAN BERNARDINO,2011,May,932.9513011610001,308.5499388,624.4013623610001,2011-05-01
SAN BERNARDINO,2011,June,1068.8209661610001,330.2326019,738.588364261,2011-06-01
SAN BERNARDINO,2011,July,1297.7909301299999,487.0899573,810.70097283,2011-07-01
SAN BERNARDINO,2011,August,1372.022581328,516.4411769,855.581404428,2011-08-01
SAN BERNARDINO,2011,September,1409.7234343339999,559.1028858,850.6205485340001,2011-09-01
SAN BERNARDINO,2011,October,1266.616957773,426.705569,839.9113887730001,2011-10-01
SAN BERNARDINO,2011,November,1253.343530433,348.7115226,904.632007833,2011-11-01
SAN BERNARDINO,2011,December,968.599553841,364.3671757,604.232378141,2011-12-01
SAN BERNARDINO,2012,January,996.824211207,360.7657024,636.058508807,2012-01-01
SAN BERNARDINO,2012,February,1160.290833672,319.0849221,841.205911572,2012-02-01
SAN BERNARDINO,2012,March,923.009544639,312.5184323,610.4911123390001,2012-03-01
SAN BERNARDINO,2012,April,918.915342684,295.499801,623.4155416839999,2012-04-01
SAN BERNARDINO,2012,May,1096.989830404,311.1697647,785.820065704,2012-05-01
SAN BERNARDINO,2012,June,1205.191820103,372.6664218,832.525398303,2012-06-01
SAN BERNARDINO,2012,July,1342.651445155,462.3575471,880.293898055,2012-07-01
SAN BERNARDINO,2012,August,1496.73504372,575.4259645,921.3090792200001,2012-08-01
SAN BERNARDINO,2012,September,1525.970330463,608.1369136,917.833416863,2012-09-01
SAN BERNARDINO,2012,October,1403.673329076,484.7723481,918.9009809759999,2012-10-01
SAN BERNARDINO,2012,November,1279.493361091,329.9628083,949.530552791,2012-11-01
SAN BERNARDINO,2012,December,955.968259746,334.7217408,621.2465189459999,2012-12-01
SAN BERNARDINO,2013,January,1047.722178238,394.144565,653.5776132379999,2013-01-01
SAN BERNARDINO,2013,February,1150.831402852,334.7697613,816.0616415520001,2013-02-01
SAN BERNARDINO,2013,March,964.8927658709999,312.6032945,652.289471371,2013-03-01
SAN BERNARDINO,2013,April,917.619054309,280.9749137,636.644140609,2013-04-01
SAN BERNARDINO,2013,May,1131.313028866,313.6122596,817.7007692660001,2013-05-01
SAN BERNARDINO,2013,June,1228.186459814,378.5821443,849.604315514,2013-06-01
SAN BERNARDINO,2013,July,1460.620766179,538.7336982,921.887067979,2013-07-01
SAN BERNARDINO,2013,August,1393.019277469,498.1463,894.8729774689999,2013-08-01
SAN BERNARDINO,2013,September,1530.477572675,587.1555278,943.3220448750001,2013-09-01
SAN BERNARDINO,2013,October,1235.804658392,382.7857299,853.018928492,2013-10-01
SAN BERNARDINO,2013,November,1209.599979862,305.204887,904.395092862,2013-11-01
SAN BERNARDINO,2013,December,1047.987557416,351.6983222,696.289235216,2013-12-01
SAN BERNARDINO,2014,January,1029.483066756,360.3008986,669.182168156,2014-01-01
SAN BERNARDINO,2014,February,1154.384329408,307.6451638,846.7391656080001,2014-02-01
SAN BERNARDINO,2014,March,990.789890757,298.4973882,692.2925025569999,2014-03-01
SAN BERNARDINO,2014,April,1091.591913582,294.6068998,796.985013782,2014-04-01
SAN BERNARDINO,2014,May,1148.5466602689999,327.30656,821.240100269,2014-05-01
SAN BERNARDINO,2014,June,1292.773453855,406.6330828,886.1403710550001,2014-06-01
SAN BERNARDINO,2014,July,1328.170529952,517.7274566,810.4430733519999,2014-07-01
SAN BERNARDINO,2014,August,1569.6805940299998,541.4939383,1028.18665573,2014-08-01
SAN BERNARDINO,2014,September,1380.486956248,560.040485,820.4464712480001,2014-09-01
SAN BERNARDINO,2014,October,1339.312107928,444.0259334,895.286174528,2014-10-01
SAN BERNARDINO,2014,November,1249.525607501,320.8310197,928.694587801,2014-11-01
SAN BERNARDINO,2014,December,1008.236849382,329.5117306,678.725118782,2014-12-01
SAN BERNARDINO,2015,January,1113.6814091879999,379.3466341,734.3347750879999,2015-01-01
SAN BERNARDINO,2015,February,1047.716371491,312.0875792,735.628792291,2015-02-01
SAN BERNARDINO,2015,March,1064.355492212,309.320669,755.0348232120001,2015-03-01
SAN BERNARDINO,2015,April,1093.178218101,309.2503166,783.9279015009998,2015-04-01
SAN BERNARDINO,2015,May,1103.028171611,312.1956043,790.8325673109999,2015-05-01
SAN BERNARDINO,2015,June,1211.107971633,386.380787,824.727184633,2015-06-01
SAN BERNARDINO,2015,July,1426.065770033,535.8988765,890.166893533,2015-07-01
SAN BERNARDINO,2015,August,1353.660489851,557.3236423,796.3368475510001,2015-08-01
SAN BERNARDINO,2015,September,1516.0176915660002,598.8766877,917.141003866,2015-09-01
SAN BERNARDINO,2015,October,1474.7489076699999,493.4825529,981.26635477,2015-10-01
SAN BERNARDINO,2015,November,1170.526179398,359.8561345,810.670044898,2015-11-01
SAN BERNARDINO,2015,December,1116.649135983,358.850516,757.798619983,2015-12-01
SAN BERNARDINO,2016,January,1150.5948628200001,397.4033337,753.1915291199999,2016-01-01
SAN BERNARDINO,2016,February,1091.526268978,330.9755194,760.550749578,2016-02-01
SAN BERNARDINO,2016,March,1079.7751716789999,303.8905867,775.8845849789999,2016-03-01
SAN BERNARDINO,2016,April,1081.343874986,305.365167,775.9787079860001,2016-04-01
SAN BERNARDINO,2016,May,1080.944309045,298.4248814,782.5194276450001,2016-05-01
SAN BERNARDINO,2016,June,1145.378059764,406.961698,738.4163617639999,2016-06-01
SAN BERNARDINO,2016,July,1627.3533759670001,592.8823284,1034.471047567,2016-07-01
SAN BERNARDINO,2016,August,1470.569699034,644.8311434,825.7385556340001,2016-08-01
SAN BERNARDINO,2016,September,1449.788156199,534.9903258,914.7978303990001,2016-09-01
SAN BERNARDINO,2016,October,1280.324457377,413.9222582,866.4021991769999,2016-10-01
SAN BERNARDINO,2016,November,1271.354826429,334.5677865,936.787039929,2016-11-01
SAN BERNARDINO,2016,December,1119.430779661,353.3370119,766.0937677610001,2016-12-01
SAN BERNARDINO,2017,January,1027.278645927,390.4408123,636.8378336269999,2017-01-01
SAN BERNARDINO,2017,February,1186.865211349,345.3993838,841.465827549,2017-02-01
SAN BERNARDINO,2017,March,1103.770992359,326.8677829,776.9032094590001,2017-03-01
SAN BERNARDINO,2017,April,1110.058208849,305.3318979,804.7263109490001,2017-04-01
SAN BERNARDINO,2017,May,1139.170183751,328.5480509,810.622132851,2017-05-01
SAN BERNARDINO,2017,June,1283.6195515279999,423.7683226,859.851228928,2017-06-01
SAN BERNARDINO,2017,July,1606.917926064,655.2683443,951.649581764,2017-07-01
SAN BERNARDINO,2017,August,1458.8026471350001,640.7154653,818.0871818349999,2017-08-01
SAN BERNARDINO,2017,September,1700.9531217810002,620.4001401,1080.552981681,2017-09-01
SAN BERNARDINO,2017,October,1119.479738958,386.8685847,732.6111542580002,2017-10-01
SAN BERNARDINO,2017,November,1188.4327237960001,349.8125098,838.620213996,2017-11-01
SAN BERNARDINO,2017,December,1253.67326352,341.544861,912.1284025199999,2017-12-01
SAN BERNARDINO,2018,January,1029.550305073,362.8161144,666.734190673,2018-01-01
SAN BERNARDINO,2018,February,1214.512748335,321.3283966,893.184351735,2018-02-01
SAN BERNARDINO,2018,March,1118.391179976,333.7275516,784.663628376,2018-03-01
SAN BERNARDINO,2018,April,1096.263188844,318.1708804,778.092308444,2018-04-01
SAN BERNARDINO,2018,May,998.943183973,318.0657994,680.877384573,2018-05-01
SAN BERNARDINO,2018,June,1381.439744239,391.2213861,990.218358139,2018-06-01
SAN BERNARDINO,2018,July,1414.338734247,606.0649566,808.2737776470001,2018-07-01
SAN BERNARDINO,2018,August,1728.890199533,744.183275,984.706924533,2018-08-01
SAN BERNARDINO,2018,September,1543.148381176,589.4774204,953.670960776,2018-09-01
SAN BERNARDINO,2018,October,1298.045576627,432.1457902,865.899786427,2018-10-01
SAN BERNARDINO,2018,November,1152.991403226,324.9431961,828.0482071259999,2018-11-01
SAN BERNARDINO,2018,December,1271.972866784,358.6101573,913.362709484,2018-12-01
SAN BERNARDINO,2019,January,1053.716871167,402.75465,650.9622211669999,2019-01-01
SAN BERNARDINO,2019,February,1245.445977979,381.6258712,863.8201067790002,2019-02-01
SAN BERNARDINO,2019,March,1111.724003365,364.9626899,746.7613134650001,2019-03-01
SAN BERNARDINO,2019,April,1096.940390878,312.6631107,784.277280178,2019-04-01
SAN BERNARDINO,2019,May,1132.662147404,315.1151386,817.5470088040001,2019-05-01
SAN BERNARDINO,2019,June,1084.378938551,381.9187704,702.460168151,2019-06-01
SAN BERNARDINO,2019,July,1292.513817708,523.6843522,768.829465508,2019-07-01
SAN BERNARDINO,2019,August,1562.138612214,658.0712556,904.0673566139999,2019-08-01
SAN BERNARDINO,2019,September,1582.914988039,651.2626864,931.652301639,2019-09-01
SAN BERNARDINO,2019,October,1280.863466913,420.4331157,860.430351213,2019-10-01
SAN BERNARDINO,2019,November,1261.482343613,344.5748667,916.9074769129999,2019-11-01
SAN BERNARDINO,2019,December,1151.986287177,379.5384473,772.4478398770001,2019-12-01
SAN BERNARDINO,2020,January,1054.444339642,409.2604407,645.1838989419999,2020-01-01
SAN BERNARDINO,2020,February,1197.554933765,347.6360853,849.918848465,2020-02-01
SAN BERNARDINO,2020,March,992.285288925,332.1656009,660.1196880250001,2020-03-01
SAN BERNARDINO,2020,April,1060.922676768,351.5037076,709.418969168,2020-04-01
SAN BERNARDINO,2020,May,1315.303606234,442.7590084,872.544597834,2020-05-01
SAN BERNARDINO,2020,June,1263.741461322,475.7408009,788.000660422,2020-06-01
SAN BERNARDINO,2020,July,1413.573510424,624.8870446,788.686465824,2020-07-01
SAN BERNARDINO,2020,August,1642.18930635,720.4038948,921.78541155,2020-08-01
SAN BERNARDINO,2020,September,1574.5649834419999,746.3401819,828.224801542,2020-09-01
SAN BERNARDINO,2020,October,1506.551767304,599.9611362,906.590631104,2020-10-01
SAN BERNARDINO,2020,November,1233.016799832,408.1606262,824.856173632,2020-11-01
SAN BERNARDINO,2020,December,1141.445215342,394.5141119,746.9311034420001,2020-12-01
SAN BERNARDINO,2021,January,1167.940995796,425.7926116,742.148384196,2021-01-01
SAN BERNARDINO,2021,February,1103.355870031,387.2648654,716.091004631,2021-02-01
SAN BERNARDINO,2021,March,1090.597881227,359.7950735,730.8028077270001,2021-03-01
SAN BERNARDINO,2021,April,1205.874134026,367.1892336,838.6849004260001,2021-04-01
SAN BERNARDINO,2021,May,1165.89679551,368.185074,797.71172151,2021-05-01
SAN BERNARDINO,2021,June,1391.828091291,503.9103509,887.9177403909999,2021-06-01
SAN BERNARDINO,2021,July,1694.3482915,740.754129,953.5941624999999,2021-07-01
SAN BERNARDINO,2021,August,1601.383275449,750.9482746,850.4350008490001,2021-08-01
SAN BERNARDINO,2021,September,1711.7804063110002,682.0819421,1029.698464211,2021-09-01
SAN BERNARDINO,2021,October,1360.232273237,476.8786865,883.353586737,2021-10-01
SAN BERNARDINO,2021,November,1150.153448945,353.2062158,796.947233145,2021-11-01
SAN BERNARDINO,2021,December,1073.932251729,368.9875059,704.9447458289999,2021-12-01
SAN BERNARDINO,2022,January,1204.802215454,428.2707738,776.531441654,2022-01-01
SAN BERNARDINO,2022,February,1119.984723614,362.339657,757.6450666139999,2022-02-01
SAN BERNARDINO,2022,March,1151.304984857,360.4113987,790.8935861570001,2022-03-01
SAN BERNARDINO,2022,April,1168.212371707,353.8075452,814.404826507,2022-04-01
SAN BERNARDINO,2022,May,1202.834333458,362.9306455,839.903687958,2022-05-01
SAN BERNARDINO,2022,June,1384.263969069,482.2108191,902.0531499690001,2022-06-01
SAN BERNARDINO,2022,July,1645.824089097,673.1369639,972.6871251970001,2022-07-01
SAN BERNARDINO,2022,August,1608.535548381,741.7659258,866.7696225810001,2022-08-01
SAN BERNARDINO,2022,September,1754.61431937,764.2849888,990.32933057,2022-09-01
SAN BERNARDINO,2022,October,1535.1764744250002,520.6678828,1014.5085916250001,2022-10-01
SAN BERNARDINO,2022,November,1175.244792001,364.6136762,810.631115801,2022-11-01
SAN BERNARDINO,2022,December,1169.544431047,389.8489843,779.695446747,2022-12-01
SAN BERNARDINO,2023,January,1173.2500861580002,422.6970858,750.5530003580001,2023-01-01
SAN BERNARDINO,2023,February,1144.782763344,382.4254598,762.3573035439999,2023-02-01
SAN BERNARDINO,2023,March,1077.147596783,399.7814835,677.3661132830001,2023-03-01
SAN BERNARDINO,2023,April,1219.984069296,360.6843381,859.2997311959999,2023-04-01
SAN BERNARDINO,2023,May,1042.998904646,341.7001199,701.2987847459999,2023-05-01
SAN BERNARDINO,2023,June,1209.578761932,371.2120698,838.366692132,2023-06-01
SAN BERNARDINO,2023,July,1619.116820436,574.8961829,1044.220637536,2023-07-01
SAN BERNARDINO,2023,August,1599.145646767,728.8703261,870.275320667,2023-08-01
SAN BERNARDINO,2023,September,1562.441400359,611.7332953,950.7081050590001,2023-09-01
SAN BERNARDINO,2023,October,1321.502533423,437.2028745,884.299658923,2023-10-01
SAN BERNARDINO,2023,November,1205.9158108440001,369.9961258,835.919685044,2023-11-01
SAN BERNARDINO,2023,December,1270.050507592,370.418731,899.6317765919999,2023-12-01
SAN BERNARDINO,2024,January,1122.071048336,418.5119661,703.559082236,2024-01-01
SAN BERNARDINO,2024,February,1227.6566949540002,384.7672815,842.8894134540001,2024-02-01
SAN BERNARDINO,2024,March,1183.819272303,380.0346062,803.7846661030001,2024-03-01
SAN BERNARDINO,2024,April,1167.128860337,364.5831779,802.545682437,2024-04-01
SAN BERNARDINO,2024,May,1047.353955063,344.4584482,702.8955068629999,2024-05-01
SAN BERNARDINO,2024,June,1422.256013078,440.5332709,981.722742178,2024-06-01
SAN BERNARDINO,2024,July,1781.891238574,765.0740526,1016.817185974,2024-07-01
SAN BERNARDINO,2024,August,1682.100078603,791.2248565,890.875222103,2024-08-01
SAN BERNARDINO,2024,September,1770.883869908,690.9976612,1079.886208708,2024-09-01
SAN BERNARDINO,2024,October,1318.222870266,516.8395285,801.3833417660001,2024-10-01
SAN BERNARDINO,2024,November,1310.8176323540001,371.2522381,939.565394254,2024-11-01
SAN BERNARDINO,2024,December,1172.19974247,375.0489145,797.1508279699999,2024-12-01
SAN DIEGO,2008,January,1683.1942081070001,655.8467709,1027.347437207,2008-01-01
SAN DIEGO,2008,February,1577.153318149,588.1221184,989.031199749,2008-02-01
SAN DIEGO,2008,March,1595.164344786,558.6929932,1036.4713515859999,2008-03-01
SAN DIEGO,2008,April,1501.3349465850001,499.5920051,1001.742941485,2008-04-01
SAN DIEGO,2008,May,1526.029662572,499.1268731,1026.902789472,2008-05-01
SAN DIEGO,2008,June,1597.97438761,533.1023382,1064.87204941,2008-06-01
SAN DIEGO,2008,July,1765.887572715,603.8153667,1162.0722060150001,2008-07-01
SAN DIEGO,2008,August,1704.994172317,600.9137653,1104.080407017,2008-08-01
SAN DIEGO,2008,September,1820.3009501650001,651.9802212,1168.320728965,2008-09-01
SAN DIEGO,2008,October,1750.6557121360001,596.499778,1154.155934136,2008-10-01
SAN DIEGO,2008,November,1635.927792007,537.9849215,1097.942870507,2008-11-01
SAN DIEGO,2008,December,1641.712149582,587.7871924,1053.924957182,2008-12-01
SAN DIEGO,2009,January,1650.551569472,644.2636217,1006.287947772,2009-01-01
SAN DIEGO,2009,February,1562.9688956179998,554.3913133,1008.5775823179999,2009-02-01
SAN DIEGO,2009,March,1490.049890159,528.6445191,961.4053710590001,2009-03-01
SAN DIEGO,2009,April,1487.009960737,501.318334,985.691626737,2009-04-01
SAN DIEGO,2009,May,1550.692372493,506.2316358,1044.460736693,2009-05-01
SAN DIEGO,2009,June,1534.743233589,499.1097179,1035.633515689,2009-06-01
SAN DIEGO,2009,July,1679.080086449,569.6937668,1109.386319649,2009-07-01
SAN DIEGO,2009,August,1758.074452886,621.0797692,1136.994683686,2009-08-01
SAN DIEGO,2009,September,1866.104033356,672.9794817,1193.1245516560002,2009-09-01
SAN DIEGO,2009,October,1635.5667854590001,566.5875107,1068.979274759,2009-10-01
SAN DIEGO,2009,November,1560.3742684229999,526.7526024,1033.621666023,2009-11-01
SAN DIEGO,2009,December,1598.856553146,595.564581,1003.2919721459999,2009-12-01
SAN DIEGO,2010,January,1617.9371454450002,628.194526,989.7426194450002,2010-01-01
SAN DIEGO,2010,February,1529.3122237700002,562.5696232,966.74260057,2010-02-01
SAN DIEGO,2010,March,1489.4136162940001,534.6314025,954.782213794,2010-03-01
SAN DIEGO,2010,April,1472.328564149,498.7556503,973.572913849,2010-04-01
SAN DIEGO,2010,May,1518.275861396,494.9782901,1023.2975712960001,2010-05-01
SAN DIEGO,2010,June,1534.201938732,502.4523266,1031.749612132,2010-06-01
SAN DIEGO,2010,July,1603.5214046689998,534.6512981,1068.870106569,2010-07-01
SAN DIEGO,2010,August,1633.973493601,552.1883918,1081.785101801,2010-08-01
SAN DIEGO,2010,September,1770.306609961,620.055381,1150.251228961,2010-09-01
SAN DIEGO,2010,October,1609.78279103,554.1050337,1055.67775733,2010-10-01
SAN DIEGO,2010,November,1552.240541102,527.1213097,1025.119231402,2010-11-01
SAN DIEGO,2010,December,1596.457728098,610.5015939,985.9561341980001,2010-12-01
SAN DIEGO,2011,January,1631.497359171,634.5544715,996.942887671,2011-01-01
SAN DIEGO,2011,February,1539.4479048970002,569.8554221,969.592482797,2011-02-01
SAN DIEGO,2011,March,1500.57183951,551.9487652,948.6230743099999,2011-03-01
SAN DIEGO,2011,April,1463.580626424,503.9200954,959.660531024,2011-04-01
SAN DIEGO,2011,May,1520.935134504,502.7238429,1018.2112916039998,2011-05-01
SAN DIEGO,2011,June,1524.020915848,509.2497771,1014.771138748,2011-06-01
SAN DIEGO,2011,July,1713.8051050650001,584.017621,1129.7874840650002,2011-07-01
SAN DIEGO,2011,August,1661.4653500919999,571.6930054,1089.772344692,2011-08-01
SAN DIEGO,2011,September,1715.639707033,602.9279397,1112.711767333,2011-09-01
SAN DIEGO,2011,October,1562.0551900090002,524.4978349,1037.5573551090001,2011-10-01
SAN DIEGO,2011,November,1528.544297342,523.0391805,1005.505116842,2011-11-01
SAN DIEGO,2011,December,1551.205833671,604.3686718,946.837161871,2011-12-01
SAN DIEGO,2012,January,1638.1064070400002,640.5836176,997.52278944,2012-01-01
SAN DIEGO,2012,February,1500.23458134,552.8580924,947.37648894,2012-02-01
SAN DIEGO,2012,March,1493.47346945,542.9063325,950.5671369500001,2012-03-01
SAN DIEGO,2012,April,1495.13139051,517.6693516,977.46203891,2012-04-01
SAN DIEGO,2012,May,1470.02483904,487.8235347,982.20130434,2012-05-01
SAN DIEGO,2012,June,1518.46891317,501.6477436,1016.8211695699998,2012-06-01
SAN DIEGO,2012,July,1629.86858781,544.0942077,1085.77438011,2012-07-01
SAN DIEGO,2012,August,1733.37861951,622.1219364,1111.25668311,2012-08-01
SAN DIEGO,2012,September,1935.07537303,728.9403356,1206.13503743,2012-09-01
SAN DIEGO,2012,October,1748.68618239,630.3013797,1118.38480269,2012-10-01
SAN DIEGO,2012,November,1561.62180474,522.9009093,1038.72089544,2012-11-01
SAN DIEGO,2012,December,1597.74086241,587.8453507,1009.8955117099999,2012-12-01
SAN DIEGO,2013,January,1676.65049754,675.3033437,1001.3471538399999,2013-01-01
SAN DIEGO,2013,February,1530.15455236,570.9357111,959.2188412600001,2013-02-01
SAN DIEGO,2013,March,1505.27065595,538.1000295,967.1706264499999,2013-03-01
SAN DIEGO,2013,April,1505.9535530599999,493.0992974,1012.8542556599998,2013-04-01
SAN DIEGO,2013,May,1519.70762077,494.6459406,1025.06168017,2013-05-01
SAN DIEGO,2013,June,1590.37901239,516.3587373,1074.0202750899998,2013-06-01
SAN DIEGO,2013,July,1807.35762867,621.5561595,1185.80146917,2013-07-01
SAN DIEGO,2013,August,1660.57250956,560.2277445,1100.3447650599999,2013-08-01
SAN DIEGO,2013,September,1927.27708059,706.7887635,1220.48831709,2013-09-01
SAN DIEGO,2013,October,1577.3424375499999,525.115367,1052.2270705500002,2013-10-01
SAN DIEGO,2013,November,1475.10645136,488.8394161,986.2670352600001,2013-11-01
SAN DIEGO,2013,December,1598.28340363,579.4269417,1018.85646193,2013-12-01
SAN DIEGO,2014,January,1604.64332928,599.0794107,1005.56391858,2014-01-01
SAN DIEGO,2014,February,1491.80932952,519.9328633,971.8764662200001,2014-02-01
SAN DIEGO,2014,March,1499.42742552,498.8259704,1000.6014551200001,2014-03-01
SAN DIEGO,2014,April,1453.92435547,472.9765238,980.9478316699999,2014-04-01
SAN DIEGO,2014,May,1549.22368433,508.4055448,1040.81813953,2014-05-01
SAN DIEGO,2014,June,1623.79211252,539.0853743,1084.70673822,2014-06-01
SAN DIEGO,2014,July,1710.46658433,589.2729181,1121.19366623,2014-07-01
SAN DIEGO,2014,August,1797.44643774,649.8777083,1147.56872944,2014-08-01
SAN DIEGO,2014,September,2038.91669151,751.684768,1287.23192351,2014-09-01
SAN DIEGO,2014,October,1748.9824846800002,621.1592359,1127.82324878,2014-10-01
SAN DIEGO,2014,November,1597.9629657100002,520.0522677,1077.91069801,2014-11-01
SAN DIEGO,2014,December,1562.39928216,543.7927689,1018.6065132599999,2014-12-01
SAN DIEGO,2015,January,1591.35654324,604.3133934,987.0431498400001,2015-01-01
SAN DIEGO,2015,February,1500.9860510600001,503.3352537,997.6507973600001,2015-02-01
SAN DIEGO,2015,March,1495.99761664,499.3390455,996.65857114,2015-03-01
SAN DIEGO,2015,April,1493.83006103,478.4015558,1015.4285052299999,2015-04-01
SAN DIEGO,2015,May,1498.6503253399999,482.0649769,1016.58534844,2015-05-01
SAN DIEGO,2015,June,1526.52526396,494.3432871,1032.1819768599998,2015-06-01
SAN DIEGO,2015,July,1701.2850162,582.2975651,1118.9874511,2015-07-01
SAN DIEGO,2015,August,1784.79459079,639.4273115,1145.36727929,2015-08-01
SAN DIEGO,2015,September,1982.09532958,734.7527489,1247.3425806799999,2015-09-01
SAN DIEGO,2015,October,1854.57954868,669.6953483,1184.88420038,2015-10-01
SAN DIEGO,2015,November,1641.50438928,551.7836667,1089.72072258,2015-11-01
SAN DIEGO,2015,December,1565.41173703,556.214936,1009.1968010300001,2015-12-01
SAN DIEGO,2016,January,1635.12653738,627.2123584,1007.91417898,2016-01-01
SAN DIEGO,2016,February,1535.85601844,526.8929873,1008.96303114,2016-02-01
SAN DIEGO,2016,March,1473.94975541,480.7935531,993.1562023099999,2016-03-01
SAN DIEGO,2016,April,1482.59878569,473.7307244,1008.86806129,2016-04-01
SAN DIEGO,2016,May,1468.84119841,458.4546517,1010.3865467100001,2016-05-01
SAN DIEGO,2016,June,1563.48541375,510.520896,1052.96451775,2016-06-01
SAN DIEGO,2016,July,1760.6566476399998,619.2158475,1141.44080014,2016-07-01
SAN DIEGO,2016,August,1873.7737132500001,690.3218489,1183.45186435,2016-08-01
SAN DIEGO,2016,September,1775.28700443,615.1555983,1160.13140613,2016-09-01
SAN DIEGO,2016,October,1698.33161075,570.2955483,1128.03606245,2016-10-01
SAN DIEGO,2016,November,1574.74532648,507.888698,1066.85662848,2016-11-01
SAN DIEGO,2016,December,1537.2653172999999,540.4243081,996.8410092,2016-12-01
SAN DIEGO,2017,January,1612.06376647,610.0211485,1002.0426179699999,2017-01-01
SAN DIEGO,2017,February,1477.88282284,530.9583278,946.92449504,2017-02-01
SAN DIEGO,2017,March,1468.35765025,514.0759063,954.28174395,2017-03-01
SAN DIEGO,2017,April,1481.66503766,473.1870335,1008.4780041600001,2017-04-01
SAN DIEGO,2017,May,1450.25334479,467.244834,983.00851079,2017-05-01
SAN DIEGO,2017,June,1543.64544521,506.794873,1036.8505722099999,2017-06-01
SAN DIEGO,2017,July,1791.5103343,637.8838436,1153.6264907,2017-07-01
SAN DIEGO,2017,August,1819.21760909,662.4775269,1156.7400821899998,2017-08-01
SAN DIEGO,2017,September,1844.30482819,673.1771025,1171.12772569,2017-09-01
SAN DIEGO,2017,October,1628.43053848,540.349001,1088.08153748,2017-10-01
SAN DIEGO,2017,November,1563.51078314,509.4426425,1054.06814064,2017-11-01
SAN DIEGO,2017,December,1512.69450678,526.380092,986.31441478,2017-12-01
SAN DIEGO,2018,January,1591.60470255,566.9805069,1024.6241956499998,2018-01-01
SAN DIEGO,2018,February,1478.0479613799998,496.3755071,981.67245428,2018-02-01
SAN DIEGO,2018,March,1472.01087374,512.1899485,959.8209252400002,2018-03-01
SAN DIEGO,2018,April,1465.55063692,474.0469662,991.50367072,2018-04-01
SAN DIEGO,2018,May,1462.96050076,455.5985313,1007.36196946,2018-05-01
SAN DIEGO,2018,June,1539.37185009,493.386222,1045.9856280899999,2018-06-01
SAN DIEGO,2018,July,1777.32217671,621.4128357,1155.90934101,2018-07-01
SAN DIEGO,2018,August,2004.14212875,789.6098841,1214.53224465,2018-08-01
SAN DIEGO,2018,September,1867.58508828,667.7995125,1199.7855757799998,2018-09-01
SAN DIEGO,2018,October,1651.49887012,540.0142365,1111.4846336199998,2018-10-01
SAN DIEGO,2018,November,1513.96269415,476.7322128,1037.2304813499998,2018-11-01
SAN DIEGO,2018,December,1509.44542077,520.1944374,989.25098337,2018-12-01
SAN DIEGO,2019,January,1589.591248925,595.6841166,993.9071323249999,2019-01-01
SAN DIEGO,2019,February,1479.400525405,536.7138846,942.686640805,2019-02-01
SAN DIEGO,2019,March,1492.774943213,539.6478606,953.1270826129999,2019-03-01
SAN DIEGO,2019,April,1449.1296300459999,459.1174864,990.0121436459999,2019-04-01
SAN DIEGO,2019,May,1414.010963356,442.0681233,971.942840056,2019-05-01
SAN DIEGO,2019,June,1476.0716229959999,467.5397053,1008.531917696,2019-06-01
SAN DIEGO,2019,July,1623.799187308,538.8520002,1084.947187108,2019-07-01
SAN DIEGO,2019,August,1742.940627812,619.9982772,1122.942350612,2019-08-01
SAN DIEGO,2019,September,1857.841413089,667.4191813,1190.422231789,2019-09-01
SAN DIEGO,2019,October,1615.3497605030002,534.001802,1081.3479585030002,2019-10-01
SAN DIEGO,2019,November,1515.4987470699998,476.795821,1038.7029260699999,2019-11-01
SAN DIEGO,2019,December,1513.555805283,533.1727692,980.383036083,2019-12-01
SAN DIEGO,2020,January,1564.273486018,598.3656075,965.9078785180001,2020-01-01
SAN DIEGO,2020,February,1470.6737166050002,520.3798024,950.2939142050001,2020-02-01
SAN DIEGO,2020,March,1435.28093076,493.5482825,941.7326482600001,2020-03-01
SAN DIEGO,2020,April,1342.127423186,522.831278,819.2961451859999,2020-04-01
SAN DIEGO,2020,May,1435.264524689,559.9412123,875.3233123890002,2020-05-01
SAN DIEGO,2020,June,1464.447805701,544.0050585,920.4427472010001,2020-06-01
SAN DIEGO,2020,July,1624.4660825969997,624.633301,999.8327815969999,2020-07-01
SAN DIEGO,2020,August,1760.164890217,710.1079565,1050.056933717,2020-08-01
SAN DIEGO,2020,September,1923.177455696,799.4207727,1123.7566829959999,2020-09-01
SAN DIEGO,2020,October,1784.777340017,713.8915731,1070.885766917,2020-10-01
SAN DIEGO,2020,November,1569.688171582,581.4579352,988.2302363819999,2020-11-01
SAN DIEGO,2020,December,1495.8322165210002,574.9347813,920.897435221,2020-12-01
SAN DIEGO,2021,January,1557.232945273,622.3526623,934.8802829730001,2021-01-01
SAN DIEGO,2021,February,1475.1261049710001,564.1746378,910.951467171,2021-02-01
SAN DIEGO,2021,March,1292.94130787,520.6907412,772.2505666700001,2021-03-01
SAN DIEGO,2021,April,1524.390333319,515.0789905,1009.3113428189998,2021-04-01
SAN DIEGO,2021,May,1483.330974852,483.96918,999.361794852,2021-05-01
SAN DIEGO,2021,June,1550.781484397,511.7406359,1039.040848497,2021-06-01
SAN DIEGO,2021,July,1795.4623254770001,634.2600589,1161.202266577,2021-07-01
SAN DIEGO,2021,August,1861.3516549400001,690.3825875,1170.96906744,2021-08-01
SAN DIEGO,2021,September,1862.142055818,691.7980655,1170.343990318,2021-09-01
SAN DIEGO,2021,October,1674.250570504,579.9506227,1094.299947804,2021-10-01
SAN DIEGO,2021,November,1504.0376398829999,489.1232174,1014.914422483,2021-11-01
SAN DIEGO,2021,December,1530.6219514939999,538.3255605,992.2963909939999,2021-12-01
SAN DIEGO,2022,January,1586.45387727,616.3194301,970.1344471699999,2022-01-01
SAN DIEGO,2022,February,1497.74586359,542.9586909,954.7871726900001,2022-02-01
SAN DIEGO,2022,March,1507.71421005,526.4837131,981.2304969500001,2022-03-01
SAN DIEGO,2022,April,1489.0889674300001,483.7101109,1005.37885653,2022-04-01
SAN DIEGO,2022,May,1469.09454006,477.9540479,991.14049216,2022-05-01
SAN DIEGO,2022,June,1608.21040095,551.9293643,1056.28103665,2022-06-01
SAN DIEGO,2022,July,1782.11335967,643.2420612,1138.87129847,2022-07-01
SAN DIEGO,2022,August,1900.27842384,737.0031729,1163.27525094,2022-08-01
SAN DIEGO,2022,September,2070.71230673,840.9677251,1229.7445816299999,2022-09-01
SAN DIEGO,2022,October,1730.88002512,618.4770724,1112.40295272,2022-10-01
SAN DIEGO,2022,November,1493.99204322,506.4530311,987.53901212,2022-11-01
SAN DIEGO,2022,December,1511.9707026,556.7186742,955.2520283999999,2022-12-01
SAN DIEGO,2023,January,1602.6369923109999,627.7632212,974.8737711110001,2023-01-01
SAN DIEGO,2023,February,1491.310143146,572.84772,918.462423146,2023-02-01
SAN DIEGO,2023,March,1517.793122874,579.6121213,938.181001574,2023-03-01
SAN DIEGO,2023,April,1442.916504816,516.9217465,925.9947583160001,2023-04-01
SAN DIEGO,2023,May,1439.110854147,468.8751512,970.2357029469999,2023-05-01
SAN DIEGO,2023,June,1496.294448359,513.5641495,982.730298859,2023-06-01
SAN DIEGO,2023,July,1680.228989402,584.7534734,1095.475516002,2023-07-01
SAN DIEGO,2023,August,1851.3778505540001,725.2564994,1126.121351154,2023-08-01
SAN DIEGO,2023,September,1801.542416234,678.4399022,1123.102514034,2023-09-01
SAN DIEGO,2023,October,1617.417283705,574.3528819,1043.064401805,2023-10-01
SAN DIEGO,2023,November,1475.173439022,496.0641006,979.1093384220001,2023-11-01
SAN DIEGO,2023,December,1476.271645763,530.4247298,945.8469159629999,2023-12-01
SAN DIEGO,2024,January,1583.578646735,610.6890711,972.889575635,2024-01-01
SAN DIEGO,2024,February,1464.985512328,552.4141359,912.5713764280001,2024-02-01
SAN DIEGO,2024,March,1477.574389793,553.292338,924.2820517929999,2024-03-01
SAN DIEGO,2024,April,1463.823508426,520.8770619,942.946446526,2024-04-01
SAN DIEGO,2024,May,1451.908402742,494.0538888,957.8545139419999,2024-05-01
SAN DIEGO,2024,June,1484.578736853,522.4331707,962.1455661529999,2024-06-01
SAN DIEGO,2024,July,1784.6552859419999,670.8841426,1113.771143342,2024-07-01
SAN DIEGO,2024,August,1918.9395816009999,776.0641864,1142.875395201,2024-08-01
SAN DIEGO,2024,September,1897.3658996380002,755.9450848,1141.420814838,2024-09-01
SAN DIEGO,2024,October,1650.3330329029998,590.10627,1060.2267629029998,2024-10-01
SAN DIEGO,2024,November,1470.266459033,514.1998415,956.0666175330001,2024-11-01
SAN DIEGO,2024,December,1462.634305859,552.6681566,909.9661492590001,2024-12-01
SAN FRANCISCO,2008,January,523.134389036,158.3174411,364.816947936,2008-01-01
SAN FRANCISCO,2008,February,485.1142789219999,141.3798209,343.73445802199996,2008-02-01
SAN FRANCISCO,2008,March,469.09322812600004,131.3582696,337.734958526,2008-03-01
SAN FRANCISCO,2008,April,461.612452228,119.4392661,342.173186128,2008-04-01
SAN FRANCISCO,2008,May,471.918548285,121.5455004,350.373047885,2008-05-01
SAN FRANCISCO,2008,June,468.77352044699995,112.3375784,356.4359420469999,2008-06-01
SAN FRANCISCO,2008,July,474.137636005,111.1410459,362.996590105,2008-07-01
SAN FRANCISCO,2008,August,438.042705425,107.3521498,330.690555625,2008-08-01
SAN FRANCISCO,2008,September,477.2560489250001,109.2781252,367.97792372500004,2008-09-01
SAN FRANCISCO,2008,October,492.015744007,118.9978112,373.017932807,2008-10-01
SAN FRANCISCO,2008,November,425.98212476,103.8746719,322.10745285999997,2008-11-01
SAN FRANCISCO,2008,December,513.329248809,148.8357975,364.493451309,2008-12-01
SAN FRANCISCO,2009,January,491.600302709,141.7224155,349.877887209,2009-01-01
SAN FRANCISCO,2009,February,455.077755657,130.395122,324.68263365700005,2009-02-01
SAN FRANCISCO,2009,March,480.624692672,136.2716963,344.35299637200006,2009-03-01
SAN FRANCISCO,2009,April,482.819520294,129.150571,353.66894929399996,2009-04-01
SAN FRANCISCO,2009,May,436.866023031,113.1187857,323.747237331,2009-05-01
SAN FRANCISCO,2009,June,474.459657042,120.7782776,353.68137944200004,2009-06-01
SAN FRANCISCO,2009,July,464.777195532,115.3563703,349.420825232,2009-07-01
SAN FRANCISCO,2009,August,445.678451354,107.8416714,337.836779954,2009-08-01
SAN FRANCISCO,2009,September,461.74323169999997,114.2228077,347.52042399999993,2009-09-01
SAN FRANCISCO,2009,October,472.30235254,117.9884825,354.31387004,2009-10-01
SAN FRANCISCO,2009,November,442.32702455000003,112.1348497,330.19217485,2009-11-01
SAN FRANCISCO,2009,December,524.2253013330001,161.9542122,362.27108913300003,2009-12-01
SAN FRANCISCO,2010,January,465.189445556,141.1073821,324.082063456,2010-01-01
SAN FRANCISCO,2010,February,449.441740729,132.9135085,316.52823222899997,2010-02-01
SAN FRANCISCO,2010,March,483.42690587600003,143.8706693,339.55623657600006,2010-03-01
SAN FRANCISCO,2010,April,481.812980999,131.5234026,350.289578399,2010-04-01
SAN FRANCISCO,2010,May,427.905002238,112.3496369,315.55536533799994,2010-05-01
SAN FRANCISCO,2010,June,458.81467368000006,120.696605,338.1180686800001,2010-06-01
SAN FRANCISCO,2010,July,475.320683705,114.8368297,360.483854005,2010-07-01
SAN FRANCISCO,2010,August,485.926243907,118.7028613,367.22338260699996,2010-08-01
SAN FRANCISCO,2010,September,474.238091391,114.967313,359.27077839099996,2010-09-01
SAN FRANCISCO,2010,October,492.11068084600004,115.1105472,377.000133646,2010-10-01
SAN FRANCISCO,2010,November,484.069557886,120.0558406,364.013717286,2010-11-01
SAN FRANCISCO,2010,December,550.694983813,151.4969862,399.197997613,2010-12-01
SAN FRANCISCO,2011,January,486.179485506,143.3176532,342.861832306,2011-01-01
SAN FRANCISCO,2011,February,462.347929559,126.7013943,335.6465352590001,2011-02-01
SAN FRANCISCO,2011,March,545.154338951,155.8015192,389.35281975099997,2011-03-01
SAN FRANCISCO,2011,April,468.926014633,124.0095321,344.916482533,2011-04-01
SAN FRANCISCO,2011,May,483.859278988,120.3519597,363.507319288,2011-05-01
SAN FRANCISCO,2011,June,480.302976653,123.1431461,357.159830553,2011-06-01
SAN FRANCISCO,2011,July,477.152259789,111.7097766,365.44248318900003,2011-07-01
SAN FRANCISCO,2011,August,501.833850395,119.3468516,382.486998795,2011-08-01
SAN FRANCISCO,2011,September,487.04980639300004,118.6836337,368.366172693,2011-09-01
SAN FRANCISCO,2011,October,485.959138093,112.8098082,373.14932989299996,2011-10-01
SAN FRANCISCO,2011,November,473.005110993,121.7759738,351.229137193,2011-11-01
SAN FRANCISCO,2011,December,523.6477333869999,145.8894259,377.7583074869999,2011-12-01
SAN FRANCISCO,2012,January,507.599263038,151.2389963,356.36026673799995,2012-01-01
SAN FRANCISCO,2012,February,477.411138543,137.3992752,340.01186334299996,2012-02-01
SAN FRANCISCO,2012,March,518.899563425,143.1226956,375.77686782500007,2012-03-01
SAN FRANCISCO,2012,April,476.367970945,123.1387428,353.229228145,2012-04-01
SAN FRANCISCO,2012,May,498.43321659,125.9568126,372.47640398999994,2012-05-01
SAN FRANCISCO,2012,June,480.65702607099996,117.3343367,363.32268937099997,2012-06-01
SAN FRANCISCO,2012,July,475.678675962,112.1428942,363.53578176200006,2012-07-01
SAN FRANCISCO,2012,August,498.27220895199997,119.3419412,378.93026775199996,2012-08-01
SAN FRANCISCO,2012,September,461.01431755400006,110.9461563,350.0681612540001,2012-09-01
SAN FRANCISCO,2012,October,493.573336206,119.3150818,374.258254406,2012-10-01
SAN FRANCISCO,2012,November,461.981076397,116.5706808,345.41039559699993,2012-11-01
SAN FRANCISCO,2012,December,497.950723852,134.3435529,363.60717095200005,2012-12-01
SAN FRANCISCO,2013,January,529.233080086,161.9273,367.30578008599997,2013-01-01
SAN FRANCISCO,2013,February,482.37752413199996,134.1363501,348.24117403199995,2013-02-01
SAN FRANCISCO,2013,March,494.67827937500005,139.3251319,355.353147475,2013-03-01
SAN FRANCISCO,2013,April,467.221830069,117.5572033,349.66462676900005,2013-04-01
SAN FRANCISCO,2013,May,496.151483521,119.8928715,376.258612021,2013-05-01
SAN FRANCISCO,2013,June,462.899399385,111.3845117,351.514887685,2013-06-01
SAN FRANCISCO,2013,July,483.563357543,112.6155113,370.94784624299996,2013-07-01
SAN FRANCISCO,2013,August,480.45579445999994,113.2746993,367.18109516,2013-08-01
SAN FRANCISCO,2013,September,476.42013665999997,107.9682795,368.45185716000003,2013-09-01
SAN FRANCISCO,2013,October,504.94493365299996,120.6459352,384.29899845299997,2013-10-01
SAN FRANCISCO,2013,November,457.74351135399996,112.4228617,345.32064965399996,2013-11-01
SAN FRANCISCO,2013,December,527.078610854,150.7661422,376.312468654,2013-12-01
SAN FRANCISCO,2014,January,506.896221648,144.4201974,362.47602424800004,2014-01-01
SAN FRANCISCO,2014,February,471.60577745399996,125.435273,346.170504454,2014-02-01
SAN FRANCISCO,2014,March,478.905197799,127.2610284,351.644169399,2014-03-01
SAN FRANCISCO,2014,April,484.995754488,118.7245977,366.2711567879999,2014-04-01
SAN FRANCISCO,2014,May,481.474049333,113.9842269,367.4898224329999,2014-05-01
SAN FRANCISCO,2014,June,477.163449142,112.142086,365.02136314200004,2014-06-01
SAN FRANCISCO,2014,July,491.976023692,115.7597624,376.21626129199996,2014-07-01
SAN FRANCISCO,2014,August,468.091275008,108.3411655,359.750109508,2014-08-01
SAN FRANCISCO,2014,September,488.722299033,109.6469639,379.07533513299995,2014-09-01
SAN FRANCISCO,2014,October,508.23735436000004,119.1398819,389.09747245999995,2014-10-01
SAN FRANCISCO,2014,November,451.07188217799995,104.4925531,346.57932907799994,2014-11-01
SAN FRANCISCO,2014,December,507.12781117400004,136.6320425,370.4957686740001,2014-12-01
SAN FRANCISCO,2015,January,499.19149783499995,140.8128472,358.37865063499993,2015-01-01
SAN FRANCISCO,2015,February,450.004361474,117.8961528,332.10820867399997,2015-02-01
SAN FRANCISCO,2015,March,492.769690263,126.4929175,366.27677276299994,2015-03-01
SAN FRANCISCO,2015,April,465.063996352,114.5458741,350.518122252,2015-04-01
SAN FRANCISCO,2015,May,463.855425631,114.6940771,349.161348531,2015-05-01
SAN FRANCISCO,2015,June,473.69002084199997,116.8977451,356.792275742,2015-06-01
SAN FRANCISCO,2015,July,476.13706562799996,112.8066329,363.330432728,2015-07-01
SAN FRANCISCO,2015,August,479.859971432,103.2939762,376.565995232,2015-08-01
SAN FRANCISCO,2015,September,488.664133187,110.0992264,378.5649067869999,2015-09-01
SAN FRANCISCO,2015,October,507.34879528,113.906767,393.44202828,2015-10-01
SAN FRANCISCO,2015,November,457.10505751400007,106.0523119,351.05274561400006,2015-11-01
SAN FRANCISCO,2015,December,518.532430913,151.9219737,366.610457213,2015-12-01
SAN FRANCISCO,2016,January,503.91206696700004,151.5889141,352.323152867,2016-01-01
SAN FRANCISCO,2016,February,473.57511408100004,124.9225496,348.65256448099996,2016-02-01
SAN FRANCISCO,2016,March,514.5463590090001,133.5618265,380.984532509,2016-03-01
SAN FRANCISCO,2016,April,435.663451814,113.0062921,322.65715971400004,2016-04-01
SAN FRANCISCO,2016,May,474.770380096,112.4265672,362.34381289600003,2016-05-01
SAN FRANCISCO,2016,June,472.56865260800004,117.1904959,355.378156708,2016-06-01
SAN FRANCISCO,2016,July,470.04408158800004,109.0631441,360.98093748799994,2016-07-01
SAN FRANCISCO,2016,August,479.229601783,113.6266718,365.60292998299997,2016-08-01
SAN FRANCISCO,2016,September,481.208561613,112.0794166,369.12914501299997,2016-09-01
SAN FRANCISCO,2016,October,453.918119275,110.6354049,343.28271437499995,2016-10-01
SAN FRANCISCO,2016,November,464.80908329199997,111.4544634,353.35461989199996,2016-11-01
SAN FRANCISCO,2016,December,505.525239074,142.3431239,363.18211517400005,2016-12-01
SAN FRANCISCO,2017,January,519.066091643,155.2208414,363.845250243,2017-01-01
SAN FRANCISCO,2017,February,461.416849989,134.5808839,326.835966089,2017-02-01
SAN FRANCISCO,2017,March,507.733801003,143.3393036,364.39449740300006,2017-03-01
SAN FRANCISCO,2017,April,446.37089562600005,111.7708758,334.60001982600005,2017-04-01
SAN FRANCISCO,2017,May,464.940489779,114.2076691,350.732820679,2017-05-01
SAN FRANCISCO,2017,June,479.753295392,116.6644058,363.088889592,2017-06-01
SAN FRANCISCO,2017,July,448.598192064,103.0306146,345.5675774639999,2017-07-01
SAN FRANCISCO,2017,August,473.204036973,114.0188038,359.185233173,2017-08-01
SAN FRANCISCO,2017,September,471.30872761800003,109.1737589,362.13496871800004,2017-09-01
SAN FRANCISCO,2017,October,483.25967162800004,113.4223913,369.837280328,2017-10-01
SAN FRANCISCO,2017,November,460.150894081,115.9008288,344.25006528099993,2017-11-01
SAN FRANCISCO,2017,December,485.59330620000003,135.2391249,350.3541813,2017-12-01
SAN FRANCISCO,2018,January,496.187283352,141.3546454,354.832637952,2018-01-01
SAN FRANCISCO,2018,February,451.951472055,124.9027245,327.04874755500003,2018-02-01
SAN FRANCISCO,2018,March,503.034356144,144.5913615,358.44299464399995,2018-03-01
SAN FRANCISCO,2018,April,454.938977206,119.318987,335.61999020599995,2018-04-01
SAN FRANCISCO,2018,May,470.50601988799997,117.401655,353.10436488799996,2018-05-01
SAN FRANCISCO,2018,June,461.06678944699996,115.3123876,345.75440184700005,2018-06-01
SAN FRANCISCO,2018,July,460.202057765,110.0586186,350.143439165,2018-07-01
SAN FRANCISCO,2018,August,472.08806184699995,111.7323887,360.35567314699995,2018-08-01
SAN FRANCISCO,2018,September,443.74811115299997,105.6248224,338.12328875299994,2018-09-01
SAN FRANCISCO,2018,October,475.519463217,109.9471341,365.572329117,2018-10-01
SAN FRANCISCO,2018,November,461.027271963,115.2748891,345.752382863,2018-11-01
SAN FRANCISCO,2018,December,457.6554966,131.6358938,326.0196028,2018-12-01
SAN FRANCISCO,2019,January,499.891333166,148.9250204,350.966312766,2019-01-01
SAN FRANCISCO,2019,February,450.225518746,131.2529717,318.97254704600005,2019-02-01
SAN FRANCISCO,2019,March,488.62663567899995,146.958894,341.66774167899996,2019-03-01
SAN FRANCISCO,2019,April,447.36056297799996,117.5844884,329.776074578,2019-04-01
SAN FRANCISCO,2019,May,468.579321698,118.6189977,349.960323998,2019-05-01
SAN FRANCISCO,2019,June,436.856049699,112.8232554,324.03279429900005,2019-06-01
SAN FRANCISCO,2019,July,462.769635172,111.5161962,351.25343897199997,2019-07-01
SAN FRANCISCO,2019,August,457.09457359500004,107.7924879,349.302085695,2019-08-01
SAN FRANCISCO,2019,September,473.02125923899996,106.6236843,366.397574939,2019-09-01
SAN FRANCISCO,2019,October,481.831917186,118.0468061,363.78511108600003,2019-10-01
SAN FRANCISCO,2019,November,432.970362591,105.1085181,327.86184449100006,2019-11-01
SAN FRANCISCO,2019,December,509.751078588,145.1385006,364.612577988,2019-12-01
SAN FRANCISCO,2020,January,483.126691564,151.4995655,331.627126064,2020-01-01
SAN FRANCISCO,2020,February,447.943715005,131.0346214,316.909093605,2020-02-01
SAN FRANCISCO,2020,March,457.53911588200003,135.8636114,321.67550448200006,2020-03-01
SAN FRANCISCO,2020,April,421.299064348,140.1996524,281.099411948,2020-04-01
SAN FRANCISCO,2020,May,378.955256721,124.2583852,254.696871521,2020-05-01
SAN FRANCISCO,2020,June,399.560781324,121.7796885,277.781092824,2020-06-01
SAN FRANCISCO,2020,July,403.41390627,122.4816562,280.93225007,2020-07-01
SAN FRANCISCO,2020,August,378.905303578,113.2679294,265.637374178,2020-08-01
SAN FRANCISCO,2020,September,401.45364635600004,123.7056032,277.748043156,2020-09-01
SAN FRANCISCO,2020,October,411.698643707,121.1538604,290.544783307,2020-10-01
SAN FRANCISCO,2020,November,389.070893681,115.677623,273.393270681,2020-11-01
SAN FRANCISCO,2020,December,437.327469559,157.0173874,280.310082159,2020-12-01
SAN FRANCISCO,2021,January,424.21373806599996,147.7379862,276.475751866,2021-01-01
SAN FRANCISCO,2021,February,379.688046338,135.2644056,244.42364073800002,2021-02-01
SAN FRANCISCO,2021,March,431.571815086,150.393548,281.178267086,2021-03-01
SAN FRANCISCO,2021,April,401.463345578,131.9507952,269.51255037799996,2021-04-01
SAN FRANCISCO,2021,May,391.372943721,120.982279,270.390664721,2021-05-01
SAN FRANCISCO,2021,June,411.046833742,125.2288489,285.817984842,2021-06-01
SAN FRANCISCO,2021,July,404.320950043,115.786945,288.534005043,2021-07-01
SAN FRANCISCO,2021,August,410.600759173,116.2004056,294.40035357299996,2021-08-01
SAN FRANCISCO,2021,September,420.464206079,115.2842774,305.179928679,2021-09-01
SAN FRANCISCO,2021,October,395.438407455,112.3313679,283.10703955500003,2021-10-01
SAN FRANCISCO,2021,November,435.25217777,116.8552436,318.39693417000007,2021-11-01
SAN FRANCISCO,2021,December,461.515977696,148.9437444,312.572233296,2021-12-01
SAN FRANCISCO,2022,January,428.24301738300005,145.643091,282.599926383,2022-01-01
SAN FRANCISCO,2022,February,411.031341423,129.2849515,281.746389923,2022-02-01
SAN FRANCISCO,2022,March,447.70562578400006,144.6543813,303.051244484,2022-03-01
SAN FRANCISCO,2022,April,410.950097407,121.9742322,288.97586520699997,2022-04-01
SAN FRANCISCO,2022,May,414.754769601,119.5907502,295.164019401,2022-05-01
SAN FRANCISCO,2022,June,425.57938752399997,117.2336265,308.34576102399996,2022-06-01
SAN FRANCISCO,2022,July,402.79947149,111.4431839,291.35628759,2022-07-01
SAN FRANCISCO,2022,August,438.897837713,117.4520305,321.445807213,2022-08-01
SAN FRANCISCO,2022,September,425.628309364,112.7643492,312.863960164,2022-09-01
SAN FRANCISCO,2022,October,436.521075663,113.623714,322.89736166299997,2022-10-01
SAN FRANCISCO,2022,November,402.189017572,119.3133706,282.875646972,2022-11-01
SAN FRANCISCO,2022,December,454.289375919,150.5250216,303.764354319,2022-12-01
SAN FRANCISCO,2023,January,445.459433039,154.4137035,291.045729539,2023-01-01
SAN FRANCISCO,2023,February,410.55093550699996,134.8937518,275.657183707,2023-02-01
SAN FRANCISCO,2023,March,461.650448331,162.4142398,299.236208531,2023-03-01
SAN FRANCISCO,2023,April,395.284707538,126.9484604,268.33624713800003,2023-04-01
SAN FRANCISCO,2023,May,437.216483144,132.3801398,304.836343344,2023-05-01
SAN FRANCISCO,2023,June,415.72935187,120.7481031,294.98124877000004,2023-06-01
SAN FRANCISCO,2023,July,405.158935393,111.1673937,293.991541693,2023-07-01
SAN FRANCISCO,2023,August,415.108015626,115.5028781,299.605137526,2023-08-01
SAN FRANCISCO,2023,September,404.296497027,110.4113179,293.885179127,2023-09-01
SAN FRANCISCO,2023,October,430.968381797,117.212722,313.755659797,2023-10-01
SAN FRANCISCO,2023,November,403.673290072,112.7773308,290.89595927199997,2023-11-01
SAN FRANCISCO,2023,December,424.006498784,131.6106898,292.39580898400004,2023-12-01
SAN FRANCISCO,2024,January,442.41407003,146.4247899,295.98928013,2024-01-01
SAN FRANCISCO,2024,February,423.081185531,136.234689,286.846496531,2024-02-01
SAN FRANCISCO,2024,March,437.931322742,135.0392757,302.892047042,2024-03-01
SAN FRANCISCO,2024,April,426.83374309199996,126.7298886,300.103854492,2024-04-01
SAN FRANCISCO,2024,May,426.74053581600003,123.0972618,303.643274016,2024-05-01
SAN FRANCISCO,2024,June,403.002540737,111.3433447,291.659196037,2024-06-01
SAN FRANCISCO,2024,July,422.745418542,116.0705433,306.674875242,2024-07-01
SAN FRANCISCO,2024,August,432.175254815,116.5213682,315.653886615,2024-08-01
SAN FRANCISCO,2024,September,419.978521282,110.5474572,309.431064082,2024-09-01
SAN FRANCISCO,2024,October,456.630257814,125.6482102,330.982047614,2024-10-01
SAN FRANCISCO,2024,November,375.807394483,105.1660654,270.641329083,2024-11-01
SAN FRANCISCO,2024,December,458.671137187,148.595215,310.075922187,2024-12-01
SAN JOAQUIN,2008,January,434.457789491,155.5505924,278.907197091,2008-01-01
SAN JOAQUIN,2008,February,395.618142649,125.4747551,270.143387549,2008-02-01
SAN JOAQUIN,2008,March,372.343608544,116.1093223,256.23428624400003,2008-03-01
SAN JOAQUIN,2008,April,356.19154901400003,108.7878304,247.40371861399998,2008-04-01
SAN JOAQUIN,2008,May,392.6104917,121.4979982,271.1124935,2008-05-01
SAN JOAQUIN,2008,June,443.720510939,140.7340587,302.986452239,2008-06-01
SAN JOAQUIN,2008,July,553.420019269,192.1244291,361.2955901690001,2008-07-01
SAN JOAQUIN,2008,August,539.085431931,179.2940286,359.791403331,2008-08-01
SAN JOAQUIN,2008,September,546.930462655,182.1227326,364.807730055,2008-09-01
SAN JOAQUIN,2008,October,490.603178557,141.1460434,349.457135157,2008-10-01
SAN JOAQUIN,2008,November,370.932000812,96.20075954,274.73124127200003,2008-11-01
SAN JOAQUIN,2008,December,408.837892666,146.8238045,262.01408816599996,2008-12-01
SAN JOAQUIN,2009,January,384.91743392499995,141.7693966,243.148037325,2009-01-01
SAN JOAQUIN,2009,February,361.004020306,119.7259007,241.27811960600002,2009-02-01
SAN JOAQUIN,2009,March,359.702252045,122.7834428,236.91880924499998,2009-03-01
SAN JOAQUIN,2009,April,370.00145017,117.2653528,252.73609737,2009-04-01
SAN JOAQUIN,2009,May,373.760556495,119.5284221,254.23213439500003,2009-05-01
SAN JOAQUIN,2009,June,440.792209792,142.3968654,298.395344392,2009-06-01
SAN JOAQUIN,2009,July,539.474898401,189.453742,350.021156401,2009-07-01
SAN JOAQUIN,2009,August,540.730270766,183.6436691,357.086601666,2009-08-01
SAN JOAQUIN,2009,September,540.82762633,183.364672,357.46295433,2009-09-01
SAN JOAQUIN,2009,October,534.588123515,147.066252,387.521871515,2009-10-01
SAN JOAQUIN,2009,November,443.880634669,106.1517603,337.728874369,2009-11-01
SAN JOAQUIN,2009,December,416.72564896399996,152.4672205,264.25842846399996,2009-12-01
SAN JOAQUIN,2010,January,373.18943487999996,141.3906106,231.79882428,2010-01-01
SAN JOAQUIN,2010,February,368.703319354,121.8134489,246.88987045399998,2010-02-01
SAN JOAQUIN,2010,March,393.066942971,125.9178002,267.149142771,2010-03-01
SAN JOAQUIN,2010,April,430.267071797,120.5488004,309.71827139699997,2010-04-01
SAN JOAQUIN,2010,May,342.250659443,107.902927,234.34773244299998,2010-05-01
SAN JOAQUIN,2010,June,431.20857210300005,133.8211927,297.387379403,2010-06-01
SAN JOAQUIN,2010,July,511.35369995400004,178.8581622,332.495537754,2010-07-01
SAN JOAQUIN,2010,August,514.438303247,174.0071488,340.43115444700004,2010-08-01
SAN JOAQUIN,2010,September,496.06656039499995,163.4085965,332.657963895,2010-09-01
SAN JOAQUIN,2010,October,473.851684294,148.7721291,325.079555194,2010-10-01
SAN JOAQUIN,2010,November,396.490759554,111.4104281,285.08033145400003,2010-11-01
SAN JOAQUIN,2010,December,451.660685974,155.4523059,296.208380074,2010-12-01
SAN JOAQUIN,2011,January,408.222127371,136.3915826,271.830544771,2011-01-01
SAN JOAQUIN,2011,February,372.300711387,122.4148754,249.88583598699998,2011-02-01
SAN JOAQUIN,2011,March,417.191072282,137.9158971,279.275175182,2011-03-01
SAN JOAQUIN,2011,April,339.246175434,112.2488776,226.997297834,2011-04-01
SAN JOAQUIN,2011,May,372.154632885,113.5046511,258.649981785,2011-05-01
SAN JOAQUIN,2011,June,393.096120935,131.3295624,261.766558535,2011-06-01
SAN JOAQUIN,2011,July,515.893437072,181.340386,334.553051072,2011-07-01
SAN JOAQUIN,2011,August,553.7469221,184.1722335,369.5746886,2011-08-01
SAN JOAQUIN,2011,September,545.261645569,183.5153737,361.746271869,2011-09-01
SAN JOAQUIN,2011,October,491.03704233900004,143.2775793,347.75946303899997,2011-10-01
SAN JOAQUIN,2011,November,403.577134557,115.8181583,287.75897625700003,2011-11-01
SAN JOAQUIN,2011,December,438.647785527,144.0675348,294.580250727,2011-12-01
SAN JOAQUIN,2012,January,408.705251119,150.0922466,258.61300451899996,2012-01-01
SAN JOAQUIN,2012,February,369.811855134,123.8738366,245.938018534,2012-02-01
SAN JOAQUIN,2012,March,384.408843344,127.5311831,256.877660244,2012-03-01
SAN JOAQUIN,2012,April,342.60787117999996,111.6124907,230.99538048000002,2012-04-01
SAN JOAQUIN,2012,May,425.519950472,132.0466811,293.473269372,2012-05-01
SAN JOAQUIN,2012,June,454.674669664,149.3720698,305.30259986399994,2012-06-01
SAN JOAQUIN,2012,July,529.164746392,177.7317061,351.43304029199993,2012-07-01
SAN JOAQUIN,2012,August,591.755121278,215.0592817,376.695839578,2012-08-01
SAN JOAQUIN,2012,September,517.799976719,167.9294774,349.870499319,2012-09-01
SAN JOAQUIN,2012,October,497.424144713,150.8254462,346.598698513,2012-10-01
SAN JOAQUIN,2012,November,410.72206320000004,113.4965372,297.22552600000006,2012-11-01
SAN JOAQUIN,2012,December,398.734478396,130.9823393,267.752139096,2012-12-01
SAN JOAQUIN,2013,January,408.856450551,156.4039758,252.45247475099998,2013-01-01
SAN JOAQUIN,2013,February,370.90771793600004,121.9492895,248.95842843600002,2013-02-01
SAN JOAQUIN,2013,March,388.73898944399997,123.6030287,265.135960744,2013-03-01
SAN JOAQUIN,2013,April,351.751398396,105.6337332,246.11766519600005,2013-04-01
SAN JOAQUIN,2013,May,711.06907016,133.4351012,577.63396896,2013-05-01
SAN JOAQUIN,2013,June,440.662369833,148.0826637,292.57970613300006,2013-06-01
SAN JOAQUIN,2013,July,584.8856293040001,210.3397151,374.54591420400004,2013-07-01
SAN JOAQUIN,2013,August,557.435493334,185.5016115,371.93388183400003,2013-08-01
SAN JOAQUIN,2013,September,484.846798032,170.9379567,313.908841332,2013-09-01
SAN JOAQUIN,2013,October,459.11894177299996,134.4047233,324.7142184730001,2013-10-01
SAN JOAQUIN,2013,November,365.126043575,102.8657099,262.260333675,2013-11-01
SAN JOAQUIN,2013,December,403.710860583,144.3868693,259.323991283,2013-12-01
SAN JOAQUIN,2014,January,385.47199367700006,143.7879598,241.68403387700005,2014-01-01
SAN JOAQUIN,2014,February,360.697739226,116.8456401,243.85209912599998,2014-02-01
SAN JOAQUIN,2014,March,350.056975691,115.6570516,234.39992409099997,2014-03-01
SAN JOAQUIN,2014,April,397.6745353,111.8609408,285.8135945,2014-04-01
SAN JOAQUIN,2014,May,397.648638133,124.2118949,273.43674323299996,2014-05-01
SAN JOAQUIN,2014,June,443.67904286,159.8264941,283.85254876,2014-06-01
SAN JOAQUIN,2014,July,536.96606162,207.772067,329.19399462,2014-07-01
SAN JOAQUIN,2014,August,547.737701204,206.9590547,340.77864650400005,2014-08-01
SAN JOAQUIN,2014,September,531.990189695,177.5694578,354.420731895,2014-09-01
SAN JOAQUIN,2014,October,475.630789611,155.4668937,320.16389591100005,2014-10-01
SAN JOAQUIN,2014,November,362.92000775,104.9938956,257.92611215,2014-11-01
SAN JOAQUIN,2014,December,415.751372263,133.6041386,282.147233663,2014-12-01
SAN JOAQUIN,2015,January,382.048195306,140.0022394,242.045955906,2015-01-01
SAN JOAQUIN,2015,February,348.98080204,115.4134432,233.56735884000003,2015-02-01
SAN JOAQUIN,2015,March,359.552577306,119.3442905,240.208286806,2015-03-01
SAN JOAQUIN,2015,April,377.36605423599997,109.7820234,267.58403083599995,2015-04-01
SAN JOAQUIN,2015,May,372.775814219,113.4412309,259.33458331900005,2015-05-01
SAN JOAQUIN,2015,June,447.27974810399996,141.7177305,305.562017604,2015-06-01
SAN JOAQUIN,2015,July,544.373038929,208.9415577,335.431481229,2015-07-01
SAN JOAQUIN,2015,August,513.4308913250001,186.7339258,326.696965525,2015-08-01
SAN JOAQUIN,2015,September,524.30136854,186.1740533,338.12731524,2015-09-01
SAN JOAQUIN,2015,October,474.694706163,152.5688924,322.125813763,2015-10-01
SAN JOAQUIN,2015,November,386.518894269,110.8872767,275.631617569,2015-11-01
SAN JOAQUIN,2015,December,398.565766346,147.0295066,251.53625974599998,2015-12-01
SAN JOAQUIN,2016,January,404.667051319,142.3007566,262.366294719,2016-01-01
SAN JOAQUIN,2016,February,378.237861967,116.7043841,261.533477867,2016-02-01
SAN JOAQUIN,2016,March,407.03372181599997,123.3993693,283.634352516,2016-03-01
SAN JOAQUIN,2016,April,354.748060771,106.8288909,247.91916987100004,2016-04-01
SAN JOAQUIN,2016,May,408.55647301100004,117.4891965,291.06727651100005,2016-05-01
SAN JOAQUIN,2016,June,487.43746860299996,166.8267685,320.610700103,2016-06-01
SAN JOAQUIN,2016,July,526.64495197,197.3560248,329.28892717,2016-07-01
SAN JOAQUIN,2016,August,601.089965721,213.7428477,387.347118021,2016-08-01
SAN JOAQUIN,2016,September,548.561784141,167.628135,380.933649141,2016-09-01
SAN JOAQUIN,2016,October,475.026546141,136.9467376,338.079808541,2016-10-01
SAN JOAQUIN,2016,November,388.50345931500004,109.0790802,279.424379115,2016-11-01
SAN JOAQUIN,2016,December,425.176840554,135.7657233,289.41111725400003,2016-12-01
SAN JOAQUIN,2017,January,452.208807792,147.8884632,304.32034459199997,2017-01-01
SAN JOAQUIN,2017,February,345.522030547,121.0840489,224.43798164700002,2017-02-01
SAN JOAQUIN,2017,March,418.30104851199997,129.3689451,288.932103412,2017-03-01
SAN JOAQUIN,2017,April,374.528817427,104.8213164,269.707501027,2017-04-01
SAN JOAQUIN,2017,May,437.326157654,123.8256252,313.500532454,2017-05-01
SAN JOAQUIN,2017,June,469.636650031,161.7148107,307.921839331,2017-06-01
SAN JOAQUIN,2017,July,600.178675764,218.0483475,382.13032826399996,2017-07-01
SAN JOAQUIN,2017,August,624.7952529510001,237.8019178,386.993335151,2017-08-01
SAN JOAQUIN,2017,September,534.077773158,208.1310501,325.94672305800003,2017-09-01
SAN JOAQUIN,2017,October,488.14558154400004,135.4910303,352.65455124400006,2017-10-01
SAN JOAQUIN,2017,November,397.942823901,111.2695822,286.67324170099994,2017-11-01
SAN JOAQUIN,2017,December,434.90465220799996,134.4423469,300.462305308,2017-12-01
SAN JOAQUIN,2018,January,433.599079439,142.3097837,291.28929573899995,2018-01-01
SAN JOAQUIN,2018,February,377.333951419,120.3013284,257.032623019,2018-02-01
SAN JOAQUIN,2018,March,411.728777284,131.3745611,280.354216184,2018-03-01
SAN JOAQUIN,2018,April,374.015215658,113.3738258,260.641389858,2018-04-01
SAN JOAQUIN,2018,May,410.14176841200003,119.5114779,290.63029051200004,2018-05-01
SAN JOAQUIN,2018,June,479.009207801,147.6658835,331.343324301,2018-06-01
SAN JOAQUIN,2018,July,586.877061979,207.8732507,379.00381127900005,2018-07-01
SAN JOAQUIN,2018,August,649.0476088930001,237.7448362,411.30277269299995,2018-08-01
SAN JOAQUIN,2018,September,515.671095448,162.7901439,352.880951548,2018-09-01
SAN JOAQUIN,2018,October,502.80568285799995,140.3383347,362.46734815799994,2018-10-01
SAN JOAQUIN,2018,November,401.557979514,115.5765305,285.981449014,2018-11-01
SAN JOAQUIN,2018,December,423.214550095,134.0213101,289.193239995,2018-12-01
SAN JOAQUIN,2019,January,430.087996087,149.3875212,280.700474887,2019-01-01
SAN JOAQUIN,2019,February,388.584350127,122.4184137,266.165936427,2019-02-01
SAN JOAQUIN,2019,March,387.00263184399995,131.6735752,255.329056644,2019-03-01
SAN JOAQUIN,2019,April,358.63361869799996,112.9286545,245.704964198,2019-04-01
SAN JOAQUIN,2019,May,403.492475593,121.7247311,281.76774449300007,2019-05-01
SAN JOAQUIN,2019,June,472.602789193,156.2825906,316.320198593,2019-06-01
SAN JOAQUIN,2019,July,575.9642450819999,199.0939784,376.870266682,2019-07-01
SAN JOAQUIN,2019,August,615.673144123,228.2692048,387.40393932300003,2019-08-01
SAN JOAQUIN,2019,September,571.019355232,203.6306225,367.38873273200005,2019-09-01
SAN JOAQUIN,2019,October,456.58746735099993,142.5955905,313.991876851,2019-10-01
SAN JOAQUIN,2019,November,369.92025255,102.2751042,267.64514835,2019-11-01
SAN JOAQUIN,2019,December,445.482979818,136.7730159,308.70996391799997,2019-12-01
SAN JOAQUIN,2020,January,434.91487822199997,149.1586864,285.756191822,2020-01-01
SAN JOAQUIN,2020,February,365.648504211,124.8374388,240.81106541100002,2020-02-01
SAN JOAQUIN,2020,March,386.829403357,122.0618257,264.767577657,2020-03-01
SAN JOAQUIN,2020,April,378.515567602,125.645918,252.869649602,2020-04-01
SAN JOAQUIN,2020,May,368.601151227,137.903434,230.69771722699997,2020-05-01
SAN JOAQUIN,2020,June,527.294765058,191.6426286,335.6521364579999,2020-06-01
SAN JOAQUIN,2020,July,606.272235312,239.1847704,367.087464912,2020-07-01
SAN JOAQUIN,2020,August,615.3980599170001,238.0878849,377.31017501700006,2020-08-01
SAN JOAQUIN,2020,September,609.762975031,239.5106815,370.25229353099996,2020-09-01
SAN JOAQUIN,2020,October,521.513262607,185.5413283,335.971934307,2020-10-01
SAN JOAQUIN,2020,November,372.12459299,126.0249391,246.09965388999996,2020-11-01
SAN JOAQUIN,2020,December,400.05922809699996,165.0513892,235.00783889700003,2020-12-01
SAN JOAQUIN,2021,January,378.007408449,157.5465225,220.460885949,2021-01-01
SAN JOAQUIN,2021,February,355.967319839,132.9450662,223.022253639,2021-02-01
SAN JOAQUIN,2021,March,390.685324398,140.6205139,250.06481049799999,2021-03-01
SAN JOAQUIN,2021,April,380.91977992399995,126.1115377,254.80824222399997,2021-04-01
SAN JOAQUIN,2021,May,404.88396599,137.1729271,267.71103889,2021-05-01
SAN JOAQUIN,2021,June,502.886736203,182.8563485,320.03038770300003,2021-06-01
SAN JOAQUIN,2021,July,568.902251719,235.736827,333.16542471900004,2021-07-01
SAN JOAQUIN,2021,August,604.725849212,250.8897351,353.836114112,2021-08-01
SAN JOAQUIN,2021,September,532.225128753,218.6714479,313.553680853,2021-09-01
SAN JOAQUIN,2021,October,458.48160041200003,153.2330407,305.24855971200003,2021-10-01
SAN JOAQUIN,2021,November,418.98157034900004,114.4086225,304.572947849,2021-11-01
SAN JOAQUIN,2021,December,424.205611978,154.9887542,269.21685777799996,2021-12-01
SAN JOAQUIN,2022,January,432.272726015,150.9546858,281.318040215,2022-01-01
SAN JOAQUIN,2022,February,372.603356496,131.4511286,241.15222789599997,2022-02-01
SAN JOAQUIN,2022,March,416.209654676,141.614421,274.59523367599996,2022-03-01
SAN JOAQUIN,2022,April,386.31457086300003,123.0676419,263.246928963,2022-04-01
SAN JOAQUIN,2022,May,409.846391481,130.6424188,279.203972681,2022-05-01
SAN JOAQUIN,2022,June,502.92382883199997,180.9496068,321.97422203199994,2022-06-01
SAN JOAQUIN,2022,July,579.2324979919999,219.1032827,360.12921529199997,2022-07-01
SAN JOAQUIN,2022,August,636.7762493829999,249.952857,386.823392383,2022-08-01
SAN JOAQUIN,2022,September,620.803105002,240.2297667,380.57333830199997,2022-09-01
SAN JOAQUIN,2022,October,481.880763169,158.6248555,323.255907669,2022-10-01
SAN JOAQUIN,2022,November,399.22789335,124.6960232,274.53187015000003,2022-11-01
SAN JOAQUIN,2022,December,409.805274953,150.2915636,259.51371135299996,2022-12-01
SAN JOAQUIN,2023,January,442.64000724100003,162.0584273,280.581579941,2023-01-01
SAN JOAQUIN,2023,February,389.761789654,134.4942099,255.267579754,2023-02-01
SAN JOAQUIN,2023,March,456.837700358,155.5357244,301.30197595799996,2023-03-01
SAN JOAQUIN,2023,April,382.143716203,130.3863956,251.75732060299998,2023-04-01
SAN JOAQUIN,2023,May,440.918219031,132.5584957,308.359723331,2023-05-01
SAN JOAQUIN,2023,June,497.02387341300005,153.616204,343.407669413,2023-06-01
SAN JOAQUIN,2023,July,566.710223012,202.7349756,363.975247412,2023-07-01
SAN JOAQUIN,2023,August,815.772722464,260.2133735,555.559348964,2023-08-01
SAN JOAQUIN,2023,September,576.910383844,207.6092201,369.301163744,2023-09-01
SAN JOAQUIN,2023,October,471.935392914,150.3914141,321.543978814,2023-10-01
SAN JOAQUIN,2023,November,394.742527412,119.9975594,274.74496801199996,2023-11-01
SAN JOAQUIN,2023,December,400.66044476,135.9997778,264.66066696,2023-12-01
SAN JOAQUIN,2024,January,440.321354936,158.670483,281.65087193600004,2024-01-01
SAN JOAQUIN,2024,February,440.067494011,137.9148433,302.152650711,2024-02-01
SAN JOAQUIN,2024,March,412.108428047,136.6530511,275.455376947,2024-03-01
SAN JOAQUIN,2024,April,404.086373968,133.3405829,270.74579106799996,2024-04-01
SAN JOAQUIN,2024,May,446.042733996,140.2799027,305.762831296,2024-05-01
SAN JOAQUIN,2024,June,528.5366420510001,178.0375201,350.49912195100006,2024-06-01
SAN JOAQUIN,2024,July,694.1177243650001,283.5255035,410.5922208650001,2024-07-01
SAN JOAQUIN,2024,August,696.8412813680001,267.1778863,429.66339506800006,2024-08-01
SAN JOAQUIN,2024,September,587.959618716,203.3255072,384.634111516,2024-09-01
SAN JOAQUIN,2024,October,555.976647889,191.2993572,364.677290689,2024-10-01
SAN JOAQUIN,2024,November,412.326455252,117.6194251,294.70703015199996,2024-11-01
SAN JOAQUIN,2024,December,410.738229513,151.8405922,258.897637313,2024-12-01
SAN LUIS OBISPO,2008,January,158.819206958,70.55013713,88.269069828,2008-01-01
SAN LUIS OBISPO,2008,February,130.67276781799998,55.0846083,75.588159518,2008-02-01
SAN LUIS OBISPO,2008,March,139.757056727,55.99317937,83.763877357,2008-03-01
SAN LUIS OBISPO,2008,April,132.530858035,51.16478263,81.36607540499999,2008-04-01
SAN LUIS OBISPO,2008,May,136.173043178,49.77574409,86.397299088,2008-05-01
SAN LUIS OBISPO,2008,June,146.188657742,52.91056251,93.278095232,2008-06-01
SAN LUIS OBISPO,2008,July,165.630958915,61.29949627,104.331462645,2008-07-01
SAN LUIS OBISPO,2008,August,153.587939041,54.82826494,98.759674101,2008-08-01
SAN LUIS OBISPO,2008,September,149.248365029,56.25368998,92.994675049,2008-09-01
SAN LUIS OBISPO,2008,October,148.575328724,54.18438066,94.390948064,2008-10-01
SAN LUIS OBISPO,2008,November,109.81973548799999,43.67073036,66.149005128,2008-11-01
SAN LUIS OBISPO,2008,December,150.781204773,66.1344006,84.64680417299999,2008-12-01
SAN LUIS OBISPO,2009,January,132.993904885,61.78900811,71.20489677500001,2009-01-01
SAN LUIS OBISPO,2009,February,120.264466537,52.79709561,67.46737092699999,2009-02-01
SAN LUIS OBISPO,2009,March,133.420546435,57.59005068,75.830495755,2009-03-01
SAN LUIS OBISPO,2009,April,141.747021666,55.12905016,86.61797150600002,2009-04-01
SAN LUIS OBISPO,2009,May,131.301489236,47.39703344,83.90445579600001,2009-05-01
SAN LUIS OBISPO,2009,June,148.297858075,52.29616316,96.00169491500002,2009-06-01
SAN LUIS OBISPO,2009,July,157.931227362,56.85698083,101.07424653199999,2009-07-01
SAN LUIS OBISPO,2009,August,152.080574886,55.86128097,96.21929391600001,2009-08-01
SAN LUIS OBISPO,2009,September,150.758119747,57.27281353,93.48530621700002,2009-09-01
SAN LUIS OBISPO,2009,October,148.18423626400002,55.21036036,92.97387590399998,2009-10-01
SAN LUIS OBISPO,2009,November,121.315056254,46.64641864,74.668637614,2009-11-01
SAN LUIS OBISPO,2009,December,148.134363041,67.66438343,80.469979611,2009-12-01
SAN LUIS OBISPO,2010,January,121.04423238,58.15032234,62.89391004,2010-01-01
SAN LUIS OBISPO,2010,February,1.3380962269999905,52.6222297,-51.28413347300001,2010-02-01
SAN LUIS OBISPO,2010,March,259.384817479,60.07102402,199.31379345899998,2010-03-01
SAN LUIS OBISPO,2010,April,136.701426606,54.2164287,82.48499790599999,2010-04-01
SAN LUIS OBISPO,2010,May,122.675355576,46.41992096,76.25543461599999,2010-05-01
SAN LUIS OBISPO,2010,June,147.728212726,53.37346773,94.35474499600001,2010-06-01
SAN LUIS OBISPO,2010,July,148.668294609,52.16005394,96.508240669,2010-07-01
SAN LUIS OBISPO,2010,August,151.019127194,54.51002184,96.509105354,2010-08-01
SAN LUIS OBISPO,2010,September,148.11960183399998,53.55927584,94.56032599399998,2010-09-01
SAN LUIS OBISPO,2010,October,139.518981261,52.47156885,87.047412411,2010-10-01
SAN LUIS OBISPO,2010,November,121.431652818,49.65335768,71.778295138,2010-11-01
SAN LUIS OBISPO,2010,December,151.013249373,67.47056706,83.54268231300001,2010-12-01
SAN LUIS OBISPO,2011,January,128.960738029,59.09146655,69.869271479,2011-01-01
SAN LUIS OBISPO,2011,February,116.40482311,49.63251607,66.77230704,2011-02-01
SAN LUIS OBISPO,2011,March,147.443329167,65.37291861,82.07041055699999,2011-03-01
SAN LUIS OBISPO,2011,April,127.262806783,49.6939653,77.568841483,2011-04-01
SAN LUIS OBISPO,2011,May,136.857477862,49.73490256,87.122575302,2011-05-01
SAN LUIS OBISPO,2011,June,145.785405615,52.72283309,93.06257252500001,2011-06-01
SAN LUIS OBISPO,2011,July,142.052070093,52.16961274,89.88245735299999,2011-07-01
SAN LUIS OBISPO,2011,August,160.585551502,55.90284931,104.68270219200001,2011-08-01
SAN LUIS OBISPO,2011,September,151.846728605,55.37157664,96.475151965,2011-09-01
SAN LUIS OBISPO,2011,October,137.247405175,50.04671366,87.20069151500002,2011-10-01
SAN LUIS OBISPO,2011,November,127.635704612,50.09433529,77.541369322,2011-11-01
SAN LUIS OBISPO,2011,December,142.36790498300002,63.31806997,79.049835013,2011-12-01
SAN LUIS OBISPO,2012,January,144.005147377,64.75240692,79.25274045699999,2012-01-01
SAN LUIS OBISPO,2012,February,131.02840771,54.8232438,76.20516391000001,2012-02-01
SAN LUIS OBISPO,2012,March,142.061163358,58.81573479,83.24542856800001,2012-03-01
SAN LUIS OBISPO,2012,April,128.18275109,49.39544252,78.78730857,2012-04-01
SAN LUIS OBISPO,2012,May,146.874438188,53.29348374,93.58095444800001,2012-05-01
SAN LUIS OBISPO,2012,June,145.86828826500002,51.37930018,94.488988085,2012-06-01
SAN LUIS OBISPO,2012,July,148.940944906,52.83839074,96.102554166,2012-07-01
SAN LUIS OBISPO,2012,August,164.764364488,61.26861873,103.495745758,2012-08-01
SAN LUIS OBISPO,2012,September,146.693983008,54.63366722,92.060315788,2012-09-01
SAN LUIS OBISPO,2012,October,150.047265946,54.50764937,95.539616576,2012-10-01
SAN LUIS OBISPO,2012,November,126.837742764,49.77806485,77.05967791399999,2012-11-01
SAN LUIS OBISPO,2012,December,129.727260164,55.86184865,73.865411514,2012-12-01
SAN LUIS OBISPO,2013,January,143.395864686,68.95564583,74.440218856,2013-01-01
SAN LUIS OBISPO,2013,February,125.85195156900001,53.71504706,72.136904509,2013-02-01
SAN LUIS OBISPO,2013,March,141.228689352,57.02043331,84.208256042,2013-03-01
SAN LUIS OBISPO,2013,April,137.80717549399998,46.80169408,91.005481414,2013-04-01
SAN LUIS OBISPO,2013,May,153.268045873,52.35751038,100.910535493,2013-05-01
SAN LUIS OBISPO,2013,June,145.295961759,50.12284551,95.17311624900002,2013-06-01
SAN LUIS OBISPO,2013,July,166.162081701,58.17011326,107.991968441,2013-07-01
SAN LUIS OBISPO,2013,August,157.70939402300002,54.88933457,102.820059453,2013-08-01
SAN LUIS OBISPO,2013,September,152.910971916,53.50915409,99.40181782600001,2013-09-01
SAN LUIS OBISPO,2013,October,151.04147938,53.4776001,97.56387928,2013-10-01
SAN LUIS OBISPO,2013,November,121.143179784,45.01296036,76.130219424,2013-11-01
SAN LUIS OBISPO,2013,December,148.484956273,63.8217668,84.66318947299999,2013-12-01
SAN LUIS OBISPO,2014,January,142.442769077,60.62044302,81.82232605699998,2014-01-01
SAN LUIS OBISPO,2014,February,128.252644872,49.08512749,79.16751738199999,2014-02-01
SAN LUIS OBISPO,2014,March,134.79496789499998,50.77846655,84.01650134500001,2014-03-01
SAN LUIS OBISPO,2014,April,130.23005121,48.12520939,82.10484181999999,2014-04-01
SAN LUIS OBISPO,2014,May,141.932403683,48.80819194,93.12421174299999,2014-05-01
SAN LUIS OBISPO,2014,June,147.550626193,50.0416744,97.508951793,2014-06-01
SAN LUIS OBISPO,2014,July,161.04915497300001,56.59194018,104.45721479299999,2014-07-01
SAN LUIS OBISPO,2014,August,156.249511706,55.89935472,100.350156986,2014-08-01
SAN LUIS OBISPO,2014,September,150.24936479000002,50.98793225,99.26143254000002,2014-09-01
SAN LUIS OBISPO,2014,October,154.83145545899998,55.15021905,99.681236409,2014-10-01
SAN LUIS OBISPO,2014,November,118.38805989299999,42.52195295,75.86610694299999,2014-11-01
SAN LUIS OBISPO,2014,December,139.010671627,57.30354399,81.707127637,2014-12-01
SAN LUIS OBISPO,2015,January,136.831139298,59.30770776,77.523431538,2015-01-01
SAN LUIS OBISPO,2015,February,122.807323509,47.26785577,75.53946773900002,2015-02-01
SAN LUIS OBISPO,2015,March,141.07895111300002,52.74591299,88.333038123,2015-03-01
SAN LUIS OBISPO,2015,April,134.77305871500002,46.44395923,88.329099485,2015-04-01
SAN LUIS OBISPO,2015,May,135.604164617,46.33687062,89.26729399700001,2015-05-01
SAN LUIS OBISPO,2015,June,146.567711239,48.54168977,98.026021469,2015-06-01
SAN LUIS OBISPO,2015,July,156.415155025,55.9682076,100.44694742500003,2015-07-01
SAN LUIS OBISPO,2015,August,147.821860102,49.87438027,97.94747983199998,2015-08-01
SAN LUIS OBISPO,2015,September,153.952655291,55.66535786,98.28729743100001,2015-09-01
SAN LUIS OBISPO,2015,October,150.000946476,54.07011519,95.930831286,2015-10-01
SAN LUIS OBISPO,2015,November,117.149754349,44.05689921,73.092855139,2015-11-01
SAN LUIS OBISPO,2015,December,143.263898341,63.76265191,79.50124643099998,2015-12-01
SAN LUIS OBISPO,2016,January,136.591738717,62.3678397,74.22389901700001,2016-01-01
SAN LUIS OBISPO,2016,February,119.289907255,49.21923159,70.070675665,2016-02-01
SAN LUIS OBISPO,2016,March,140.864916347,54.00290646,86.862009887,2016-03-01
SAN LUIS OBISPO,2016,April,130.522572083,44.37926787,86.14330421300001,2016-04-01
SAN LUIS OBISPO,2016,May,139.06604813500002,45.52029815,93.545749985,2016-05-01
SAN LUIS OBISPO,2016,June,155.142375743,52.3393334,102.80304234299999,2016-06-01
SAN LUIS OBISPO,2016,July,158.277993626,55.16884299,103.10915063599998,2016-07-01
SAN LUIS OBISPO,2016,August,163.910415853,55.83275918,108.077656673,2016-08-01
SAN LUIS OBISPO,2016,September,154.60754309,50.63946434,103.96807874999999,2016-09-01
SAN LUIS OBISPO,2016,October,139.412814276,47.38035155,92.03246272599999,2016-10-01
SAN LUIS OBISPO,2016,November,127.99081782,44.67438793,83.31642989,2016-11-01
SAN LUIS OBISPO,2016,December,136.854282914,57.74755909,79.10672382399999,2016-12-01
SAN LUIS OBISPO,2017,January,141.286831111,61.8001494,79.486681711,2017-01-01
SAN LUIS OBISPO,2017,February,124.88277801299999,50.6728427,74.209935313,2017-02-01
SAN LUIS OBISPO,2017,March,140.201884416,57.17987202,83.022012396,2017-03-01
SAN LUIS OBISPO,2017,April,118.794742279,43.07545594,75.71928633899999,2017-04-01
SAN LUIS OBISPO,2017,May,142.065329441,45.74763442,96.31769502099999,2017-05-01
SAN LUIS OBISPO,2017,June,154.28509746999998,51.24792272,103.03717474999999,2017-06-01
SAN LUIS OBISPO,2017,July,160.351186294,54.68877089,105.662415404,2017-07-01
SAN LUIS OBISPO,2017,August,174.374170638,61.24474892,113.129421718,2017-08-01
SAN LUIS OBISPO,2017,September,160.583642571,56.94232944,103.641313131,2017-09-01
SAN LUIS OBISPO,2017,October,145.556592431,47.68305952,97.87353291100001,2017-10-01
SAN LUIS OBISPO,2017,November,128.486715054,45.92449016,82.562224894,2017-11-01
SAN LUIS OBISPO,2017,December,137.059007153,52.96299718,84.096009973,2017-12-01
SAN LUIS OBISPO,2018,January,141.62928365599998,57.12093366,84.508349996,2018-01-01
SAN LUIS OBISPO,2018,February,129.635743656,49.11612566,80.519617996,2018-02-01
SAN LUIS OBISPO,2018,March,138.88554215800002,55.9808766,82.904665558,2018-03-01
SAN LUIS OBISPO,2018,April,129.471316834,46.43456982,83.036747014,2018-04-01
SAN LUIS OBISPO,2018,May,138.845771079,46.6159963,92.229774779,2018-05-01
SAN LUIS OBISPO,2018,June,148.274210495,47.60428258,100.669927915,2018-06-01
SAN LUIS OBISPO,2018,July,161.33377187000002,55.22498555,106.10878632000001,2018-07-01
SAN LUIS OBISPO,2018,August,177.325466262,62.53706856,114.788397702,2018-08-01
SAN LUIS OBISPO,2018,September,145.787925226,49.2260844,96.56184082600001,2018-09-01
SAN LUIS OBISPO,2018,October,146.454401383,48.55313909,97.901262293,2018-10-01
SAN LUIS OBISPO,2018,November,129.630930462,44.92387335,84.70705711199999,2018-11-01
SAN LUIS OBISPO,2018,December,136.443036326,53.6308907,82.81214562599999,2018-12-01
SAN LUIS OBISPO,2019,January,139.167533949,60.77388196,78.393651989,2019-01-01
SAN LUIS OBISPO,2019,February,121.02749256199999,50.83403161,70.19346095200001,2019-02-01
SAN LUIS OBISPO,2019,March,129.184397248,55.09360121,74.090796038,2019-03-01
SAN LUIS OBISPO,2019,April,123.960934013,45.53015711,78.43077690300001,2019-04-01
SAN LUIS OBISPO,2019,May,133.725666595,45.0458435,88.67982309499999,2019-05-01
SAN LUIS OBISPO,2019,June,132.30252136500002,43.84668751,88.455833855,2019-06-01
SAN LUIS OBISPO,2019,July,151.548892469,50.011284,101.537608469,2019-07-01
SAN LUIS OBISPO,2019,August,156.396550672,53.97566383,102.42088684199999,2019-08-01
SAN LUIS OBISPO,2019,September,153.38744357,52.04123724,101.34620633,2019-09-01
SAN LUIS OBISPO,2019,October,150.045672252,49.69708128,100.348590972,2019-10-01
SAN LUIS OBISPO,2019,November,119.90425403799999,40.84586248,79.05839155800001,2019-11-01
SAN LUIS OBISPO,2019,December,144.563294039,56.80936574,87.753928299,2019-12-01
SAN LUIS OBISPO,2020,January,136.370715048,60.50268854,75.86802650799999,2020-01-01
SAN LUIS OBISPO,2020,February,121.562733718,48.65023164,72.912502078,2020-02-01
SAN LUIS OBISPO,2020,March,132.533566527,52.19877088,80.334795647,2020-03-01
SAN LUIS OBISPO,2020,April,122.084962529,51.90188902,70.183073509,2020-04-01
SAN LUIS OBISPO,2020,May,118.184203427,46.46844372,71.71575970699999,2020-05-01
SAN LUIS OBISPO,2020,June,140.481593968,52.35131997,88.130273998,2020-06-01
SAN LUIS OBISPO,2020,July,143.931618124,53.39118063,90.540437494,2020-07-01
SAN LUIS OBISPO,2020,August,149.008295413,56.08012963,92.928165783,2020-08-01
SAN LUIS OBISPO,2020,September,152.853066807,60.78313901,92.069927797,2020-09-01
SAN LUIS OBISPO,2020,October,148.412467529,57.21314834,91.199319189,2020-10-01
SAN LUIS OBISPO,2020,November,121.87821749500002,46.57434424,75.30387325500001,2020-11-01
SAN LUIS OBISPO,2020,December,139.039043217,63.08067208,75.958371137,2020-12-01
SAN LUIS OBISPO,2021,January,129.214344376,59.22504373,69.989300646,2021-01-01
SAN LUIS OBISPO,2021,February,117.527223957,51.9436985,65.58352545700001,2021-02-01
SAN LUIS OBISPO,2021,March,135.280722415,58.9560471,76.324675315,2021-03-01
SAN LUIS OBISPO,2021,April,126.130020507,49.76964526,76.360375247,2021-04-01
SAN LUIS OBISPO,2021,May,125.39822273700001,45.50324114,79.894981597,2021-05-01
SAN LUIS OBISPO,2021,June,147.984923351,51.24896687,96.735956481,2021-06-01
SAN LUIS OBISPO,2021,July,152.275188648,57.99174884,94.283439808,2021-07-01
SAN LUIS OBISPO,2021,August,164.831280667,58.03858081,106.79269985700002,2021-08-01
SAN LUIS OBISPO,2021,September,146.19886173,51.32123264,94.87762909,2021-09-01
SAN LUIS OBISPO,2021,October,135.601870301,47.48095052,88.120919781,2021-10-01
SAN LUIS OBISPO,2021,November,115.725831853,43.60169803,72.124133823,2021-11-01
SAN LUIS OBISPO,2021,December,146.216816334,59.77448731,86.44232902399999,2021-12-01
SAN LUIS OBISPO,2022,January,127.950905531,59.93821148,68.01269405100001,2022-01-01
SAN LUIS OBISPO,2022,February,124.544749272,51.04366491,73.501084362,2022-02-01
SAN LUIS OBISPO,2022,March,141.434339291,57.1212217,84.313117591,2022-03-01
SAN LUIS OBISPO,2022,April,133.23649261399999,48.71323083,84.523261784,2022-04-01
SAN LUIS OBISPO,2022,May,132.01129475599998,46.02411599,85.987178766,2022-05-01
SAN LUIS OBISPO,2022,June,149.681444865,53.16533952,96.51610534500001,2022-06-01
SAN LUIS OBISPO,2022,July,154.553354617,56.18643066,98.366923957,2022-07-01
SAN LUIS OBISPO,2022,August,163.733195655,61.56972659,102.163469065,2022-08-01
SAN LUIS OBISPO,2022,September,161.719257857,61.54092517,100.178332687,2022-09-01
SAN LUIS OBISPO,2022,October,138.70201088,49.24299035,89.45902052999999,2022-10-01
SAN LUIS OBISPO,2022,November,125.984529813,48.80007853,77.184451283,2022-11-01
SAN LUIS OBISPO,2022,December,134.53443898400002,60.55861018,73.975828804,2022-12-01
SAN LUIS OBISPO,2023,January,134.193230924,64.15681614,70.036414784,2023-01-01
SAN LUIS OBISPO,2023,February,118.802267217,54.4687767,64.333490517,2023-02-01
SAN LUIS OBISPO,2023,March,139.985689781,65.80298936,74.18270042099999,2023-03-01
SAN LUIS OBISPO,2023,April,118.951768591,52.08053653,66.871232061,2023-04-01
SAN LUIS OBISPO,2023,May,129.613361062,48.67939715,80.93396391200001,2023-05-01
SAN LUIS OBISPO,2023,June,134.186544751,49.65347328,84.533071471,2023-06-01
SAN LUIS OBISPO,2023,July,144.340430473,53.84749827,90.492932203,2023-07-01
SAN LUIS OBISPO,2023,August,160.53461602,63.72749331,96.80712271,2023-08-01
SAN LUIS OBISPO,2023,September,138.595782454,51.741446,86.854336454,2023-09-01
SAN LUIS OBISPO,2023,October,133.784338435,49.88292855,83.90140988499999,2023-10-01
SAN LUIS OBISPO,2023,November,121.278710272,46.1841934,75.094516872,2023-11-01
SAN LUIS OBISPO,2023,December,127.097108695,55.32249564,71.774613055,2023-12-01
SAN LUIS OBISPO,2024,January,136.612850864,64.3909324,72.22191846400001,2024-01-01
SAN LUIS OBISPO,2024,February,125.533916901,56.43189498,69.102021921,2024-02-01
SAN LUIS OBISPO,2024,March,131.089118171,56.78518873,74.303929441,2024-03-01
SAN LUIS OBISPO,2024,April,129.058462875,53.77216382,75.286299055,2024-04-01
SAN LUIS OBISPO,2024,May,132.224716166,51.79842108,80.42629508600001,2024-05-01
SAN LUIS OBISPO,2024,June,136.504405312,51.75250295,84.751902362,2024-06-01
SAN LUIS OBISPO,2024,July,166.083936177,63.69049204,102.393444137,2024-07-01
SAN LUIS OBISPO,2024,August,168.683885446,65.98517151,102.69871393600002,2024-08-01
SAN LUIS OBISPO,2024,September,151.821917487,56.41618793,95.40572955700002,2024-09-01
SAN LUIS OBISPO,2024,October,146.50052972499998,56.7930035,89.70752622500001,2024-10-01
SAN LUIS OBISPO,2024,November,119.297113195,47.31420453,71.98290866500001,2024-11-01
SAN LUIS OBISPO,2024,December,137.977999159,62.57669075,75.401308409,2024-12-01
SAN MATEO,2008,January,485.509411925,179.1839976,306.325414325,2008-01-01
SAN MATEO,2008,February,403.128767455,143.4175794,259.711188055,2008-02-01
SAN MATEO,2008,March,415.757613476,138.465308,277.292305476,2008-03-01
SAN MATEO,2008,April,400.979685954,126.4531933,274.526492654,2008-04-01
SAN MATEO,2008,May,422.10028607600003,123.4992253,298.601060776,2008-05-01
SAN MATEO,2008,June,401.68994323100003,124.213536,277.476407231,2008-06-01
SAN MATEO,2008,July,441.858630442,125.6342367,316.224393742,2008-07-01
SAN MATEO,2008,August,376.844296053,118.5162325,258.328063553,2008-08-01
SAN MATEO,2008,September,430.08017010599997,123.6080343,306.472135806,2008-09-01
SAN MATEO,2008,October,447.443204691,129.0272677,318.41593699099997,2008-10-01
SAN MATEO,2008,November,361.561855622,110.7865344,250.775321222,2008-11-01
SAN MATEO,2008,December,476.440778217,168.0928346,308.347943617,2008-12-01
SAN MATEO,2009,January,421.13392336199996,160.47096,260.662963362,2009-01-01
SAN MATEO,2009,February,374.059012333,134.1841555,239.87485683299997,2009-02-01
SAN MATEO,2009,March,414.184868203,140.8943316,273.290536603,2009-03-01
SAN MATEO,2009,April,425.965481991,137.5017707,288.463711291,2009-04-01
SAN MATEO,2009,May,367.48176686,118.4279229,249.05384396000002,2009-05-01
SAN MATEO,2009,June,432.627866679,126.1609926,306.466874079,2009-06-01
SAN MATEO,2009,July,426.230098204,127.4402004,298.789897804,2009-07-01
SAN MATEO,2009,August,404.57007605499996,120.0292473,284.540828755,2009-08-01
SAN MATEO,2009,September,419.736947842,124.3762981,295.360649742,2009-09-01
SAN MATEO,2009,October,420.75709957,128.4431304,292.31396917,2009-10-01
SAN MATEO,2009,November,370.63499584,116.7714374,253.86355844,2009-11-01
SAN MATEO,2009,December,480.30149008899997,177.171988,303.12950208899997,2009-12-01
SAN MATEO,2010,January,407.841680258,155.2245226,252.617157658,2010-01-01
SAN MATEO,2010,February,357.66092669499994,140.0688123,217.59211439499998,2010-02-01
SAN MATEO,2010,March,455.88496515500003,145.3515839,310.53338125500005,2010-03-01
SAN MATEO,2010,April,445.49061465,137.9842826,307.50633204999997,2010-04-01
SAN MATEO,2010,May,367.179219877,120.9708288,246.208391077,2010-05-01
SAN MATEO,2010,June,411.086053686,126.6740345,284.412019186,2010-06-01
SAN MATEO,2010,July,368.238318232,121.3499221,246.888396132,2010-07-01
SAN MATEO,2010,August,378.570919551,122.2309014,256.34001815100004,2010-08-01
SAN MATEO,2010,September,363.753252663,125.8389804,237.91427226300004,2010-09-01
SAN MATEO,2010,October,394.033312875,126.9702316,267.063081275,2010-10-01
SAN MATEO,2010,November,349.33485307300003,120.0884202,229.24643287300003,2010-11-01
SAN MATEO,2010,December,453.990883539,171.5654257,282.42545783899993,2010-12-01
SAN MATEO,2011,January,376.075399543,152.0058757,224.06952384299998,2011-01-01
SAN MATEO,2011,February,336.069093219,134.3022721,201.766821119,2011-02-01
SAN MATEO,2011,March,450.20045470300005,159.465732,290.73472270300005,2011-03-01
SAN MATEO,2011,April,337.136312918,126.7449402,210.391372718,2011-04-01
SAN MATEO,2011,May,377.508296691,125.0147524,252.49354429099998,2011-05-01
SAN MATEO,2011,June,400.41224611900003,130.7793202,269.632925919,2011-06-01
SAN MATEO,2011,July,348.653450627,121.5761034,227.077347227,2011-07-01
SAN MATEO,2011,August,405.972190697,123.4112492,282.560941497,2011-08-01
SAN MATEO,2011,September,375.625179597,122.4376107,253.187568897,2011-09-01
SAN MATEO,2011,October,380.947695233,121.4771251,259.470570133,2011-10-01
SAN MATEO,2011,November,359.9384819,124.9043327,235.0341492,2011-11-01
SAN MATEO,2011,December,402.4564081,158.8954523,243.5609558,2011-12-01
SAN MATEO,2012,January,400.62184264,165.0401823,235.58166033999998,2012-01-01
SAN MATEO,2012,February,370.62889383299995,140.7456552,229.88323863300002,2012-02-01
SAN MATEO,2012,March,397.629762781,146.9713783,250.65838448099998,2012-03-01
SAN MATEO,2012,April,357.304334844,126.9871913,230.31714354399998,2012-04-01
SAN MATEO,2012,May,384.652124522,128.3921185,256.260006022,2012-05-01
SAN MATEO,2012,June,365.16599763299996,121.480252,243.685745633,2012-06-01
SAN MATEO,2012,July,365.72723268,119.352918,246.37431468,2012-07-01
SAN MATEO,2012,August,397.993471278,128.4289141,269.56455717800003,2012-08-01
SAN MATEO,2012,September,336.319682972,114.3342816,221.985401372,2012-09-01
SAN MATEO,2012,October,386.677170972,124.9483955,261.72877547200005,2012-10-01
SAN MATEO,2012,November,355.230807497,122.4921649,232.738642597,2012-11-01
SAN MATEO,2012,December,366.10408574400003,141.6402898,224.463795944,2012-12-01
SAN MATEO,2013,January,424.476821955,176.1456237,248.331198255,2013-01-01
SAN MATEO,2013,February,360.47589214199996,134.6624905,225.813401642,2013-02-01
SAN MATEO,2013,March,375.11607381700003,140.6306757,234.485398117,2013-03-01
SAN MATEO,2013,April,357.364024065,118.8908137,238.473210365,2013-04-01
SAN MATEO,2013,May,377.518382426,123.4374548,254.080927626,2013-05-01
SAN MATEO,2013,June,354.637222378,117.5934961,237.04372627799998,2013-06-01
SAN MATEO,2013,July,383.205226981,122.0484388,261.15678818099997,2013-07-01
SAN MATEO,2013,August,377.381624985,119.3014122,258.08021278499996,2013-08-01
SAN MATEO,2013,September,357.990064623,114.337511,243.65255362299996,2013-09-01
SAN MATEO,2013,October,395.553072118,127.6511525,267.90191961799997,2013-10-01
SAN MATEO,2013,November,326.88637399,112.4515923,214.43478169,2013-11-01
SAN MATEO,2013,December,413.753575272,161.8088763,251.94469897199997,2013-12-01
SAN MATEO,2014,January,391.990025559,155.3146265,236.67539905899997,2014-01-01
SAN MATEO,2014,February,343.582933244,127.2729281,216.310005144,2014-02-01
SAN MATEO,2014,March,355.732844276,128.4367186,227.29612567600003,2014-03-01
SAN MATEO,2014,April,362.262240519,120.8911067,241.371133819,2014-04-01
SAN MATEO,2014,May,356.907158889,117.2176452,239.68951368899997,2014-05-01
SAN MATEO,2014,June,359.985374153,117.4923657,242.49300845300002,2014-06-01
SAN MATEO,2014,July,375.834226391,121.7472265,254.086999891,2014-07-01
SAN MATEO,2014,August,369.567209486,118.3379379,251.229271586,2014-08-01
SAN MATEO,2014,September,384.918078222,115.9588981,268.959180122,2014-09-01
SAN MATEO,2014,October,402.067781025,126.5343948,275.53338622499996,2014-10-01
SAN MATEO,2014,November,313.03966436999997,106.0885862,206.95107816999996,2014-11-01
SAN MATEO,2014,December,409.364497091,143.6021989,265.762298191,2014-12-01
SAN MATEO,2015,January,378.128785898,151.0139491,227.114836798,2015-01-01
SAN MATEO,2015,February,332.130051826,121.934219,210.195832826,2015-02-01
SAN MATEO,2015,March,377.17056201500003,129.6593415,247.51122051500002,2015-03-01
SAN MATEO,2015,April,357.71183749,117.2799385,240.43189898999998,2015-04-01
SAN MATEO,2015,May,334.340724474,115.0234808,219.317243674,2015-05-01
SAN MATEO,2015,June,376.287749142,118.6933926,257.59435654199996,2015-06-01
SAN MATEO,2015,July,380.344663303,122.5086317,257.836031603,2015-07-01
SAN MATEO,2015,August,353.99703685,110.9242071,243.07282974999998,2015-08-01
SAN MATEO,2015,September,383.088881738,120.1895757,262.89930603799996,2015-09-01
SAN MATEO,2015,October,388.58586447,120.4339361,268.15192837,2015-10-01
SAN MATEO,2015,November,329.227556036,108.3734957,220.85406033600006,2015-11-01
SAN MATEO,2015,December,411.195776017,160.8946754,250.301100617,2015-12-01
SAN MATEO,2016,January,375.699719288,155.0225825,220.67713678799998,2016-01-01
SAN MATEO,2016,February,350.00645877799997,124.1391177,225.867341078,2016-02-01
SAN MATEO,2016,March,392.753304712,136.4349824,256.318322312,2016-03-01
SAN MATEO,2016,April,334.579450763,112.6537046,221.92574616300004,2016-04-01
SAN MATEO,2016,May,353.58973531000004,114.2902284,239.29950691000005,2016-05-01
SAN MATEO,2016,June,363.181863621,122.1829627,240.998900921,2016-06-01
SAN MATEO,2016,July,358.64118995800004,114.954327,243.68686295800003,2016-07-01
SAN MATEO,2016,August,372.467954362,118.36606,254.101894362,2016-08-01
SAN MATEO,2016,September,358.314952034,114.0599196,244.255032434,2016-09-01
SAN MATEO,2016,October,336.02514698100003,112.8134754,223.21167158100005,2016-10-01
SAN MATEO,2016,November,330.555413622,111.9767415,218.578672122,2016-11-01
SAN MATEO,2016,December,378.176651965,148.9135048,229.26314716500002,2016-12-01
SAN MATEO,2017,January,398.58023411299996,159.5540558,239.026178313,2017-01-01
SAN MATEO,2017,February,339.85979854000004,129.7391066,210.12069194000003,2017-02-01
SAN MATEO,2017,March,391.86434902099995,144.6516236,247.21272542099996,2017-03-01
SAN MATEO,2017,April,315.160229222,107.4247577,207.73547152199998,2017-04-01
SAN MATEO,2017,May,353.467422082,118.1239202,235.34350188200003,2017-05-01
SAN MATEO,2017,June,367.724524727,120.2452764,247.479248327,2017-06-01
SAN MATEO,2017,July,338.91189934199997,111.0049772,227.906922142,2017-07-01
SAN MATEO,2017,August,386.258887317,122.6071494,263.651737917,2017-08-01
SAN MATEO,2017,September,356.016469532,117.1588963,238.85757323200002,2017-09-01
SAN MATEO,2017,October,369.82797236,118.1680046,251.65996776,2017-10-01
SAN MATEO,2017,November,331.71893835599997,115.4039561,216.314982256,2017-11-01
SAN MATEO,2017,December,365.139794908,141.8086053,223.33118960800002,2017-12-01
SAN MATEO,2018,January,380.842314219,149.1443879,231.697926319,2018-01-01
SAN MATEO,2018,February,327.911242705,123.88997,204.021272705,2018-02-01
SAN MATEO,2018,March,383.518788624,144.3519846,239.166804024,2018-03-01
SAN MATEO,2018,April,325.98336940800004,116.3861612,209.597208208,2018-04-01
SAN MATEO,2018,May,355.874276587,122.2620521,233.61222448700002,2018-05-01
SAN MATEO,2018,June,349.14427143200004,116.5541343,232.59013713200002,2018-06-01
SAN MATEO,2018,July,357.29100856900004,117.1433181,240.14769046900005,2018-07-01
SAN MATEO,2018,August,363.336688263,122.3369038,240.99978446300003,2018-08-01
SAN MATEO,2018,September,326.037529564,109.5009564,216.536573164,2018-09-01
SAN MATEO,2018,October,363.675095811,116.8255711,246.849524711,2018-10-01
SAN MATEO,2018,November,329.569762149,114.6221551,214.94760704900003,2018-11-01
SAN MATEO,2018,December,346.919919699,137.9280112,208.99190849899998,2018-12-01
SAN MATEO,2019,January,387.630805315,157.6523929,229.978412415,2019-01-01
SAN MATEO,2019,February,334.520613942,130.0737015,204.446912442,2019-02-01
SAN MATEO,2019,March,354.428105631,145.123411,209.304694631,2019-03-01
SAN MATEO,2019,April,337.428628361,118.5563725,218.87225586099999,2019-04-01
SAN MATEO,2019,May,342.800897098,117.889996,224.91090109799995,2019-05-01
SAN MATEO,2019,June,336.41821991999996,117.1817703,219.23644961999997,2019-06-01
SAN MATEO,2019,July,353.22603973500003,117.6516254,235.57441433499997,2019-07-01
SAN MATEO,2019,August,371.074423108,118.0119556,253.062467508,2019-08-01
SAN MATEO,2019,September,359.80079040100003,116.5650283,243.23576210100003,2019-09-01
SAN MATEO,2019,October,375.79563391,123.8605127,251.93512121,2019-10-01
SAN MATEO,2019,November,329.911218997,103.845324,226.065894997,2019-11-01
SAN MATEO,2019,December,401.44345436900005,147.7966796,253.64677476900002,2019-12-01
SAN MATEO,2020,January,386.432445294,158.4488672,227.983578094,2020-01-01
SAN MATEO,2020,February,334.150535598,129.5978573,204.55267829800002,2020-02-01
SAN MATEO,2020,March,355.75550600500003,135.6098425,220.145663505,2020-03-01
SAN MATEO,2020,April,331.387316811,138.6765735,192.71074331100002,2020-04-01
SAN MATEO,2020,May,300.335934479,123.5659217,176.770012779,2020-05-01
SAN MATEO,2020,June,340.560757566,131.0672164,209.49354116599997,2020-06-01
SAN MATEO,2020,July,346.741970664,131.5073008,215.23466986400004,2020-07-01
SAN MATEO,2020,August,327.679266229,122.7583361,204.920930129,2020-08-01
SAN MATEO,2020,September,351.92763205800003,136.6329377,215.29469435800002,2020-09-01
SAN MATEO,2020,October,352.212320066,131.6085677,220.603752366,2020-10-01
SAN MATEO,2020,November,298.384400321,116.7720091,181.612391221,2020-11-01
SAN MATEO,2020,December,379.66325539,169.5412982,210.12195719000002,2020-12-01
SAN MATEO,2021,January,349.06859755299996,157.3390181,191.729579453,2021-01-01
SAN MATEO,2021,February,309.755425207,135.2208345,174.534590707,2021-02-01
SAN MATEO,2021,March,363.59104303,153.6459032,209.94513982999996,2021-03-01
SAN MATEO,2021,April,327.78914153399995,131.7966248,195.99251673400002,2021-04-01
SAN MATEO,2021,May,308.59700373699997,115.9487999,192.64820383699998,2021-05-01
SAN MATEO,2021,June,338.01233826,125.176335,212.83600325999998,2021-06-01
SAN MATEO,2021,July,328.57108675,119.1921118,209.37897495,2021-07-01
SAN MATEO,2021,August,343.853369436,119.7535427,224.09982673599998,2021-08-01
SAN MATEO,2021,September,337.97925174299996,120.8595787,217.119673043,2021-09-01
SAN MATEO,2021,October,328.35416031899996,114.6944952,213.65966511900004,2021-10-01
SAN MATEO,2021,November,317.435783126,112.1361377,205.29964542599998,2021-11-01
SAN MATEO,2021,December,387.187627576,156.0119261,231.175701476,2021-12-01
SAN MATEO,2022,January,341.033685817,149.1053205,191.92836531700004,2022-01-01
SAN MATEO,2022,February,322.698893957,130.183543,192.515350957,2022-02-01
SAN MATEO,2022,March,374.068009832,149.3144936,224.75351623199998,2022-03-01
SAN MATEO,2022,April,323.017248303,121.7048626,201.31238570300002,2022-04-01
SAN MATEO,2022,May,330.119354055,119.5538816,210.56547245500002,2022-05-01
SAN MATEO,2022,June,340.69833796,122.7736923,217.92464566,2022-06-01
SAN MATEO,2022,July,320.75357976099997,118.115062,202.63851776099997,2022-07-01
SAN MATEO,2022,August,363.628347524,127.2454077,236.382939824,2022-08-01
SAN MATEO,2022,September,361.951115452,125.4716005,236.47951495200002,2022-09-01
SAN MATEO,2022,October,336.554873113,115.027705,221.52716811300002,2022-10-01
SAN MATEO,2022,November,322.02801767299997,121.7141894,200.313828273,2022-11-01
SAN MATEO,2022,December,382.89206578999995,160.2913857,222.60068008999997,2022-12-01
SAN MATEO,2023,January,352.26706525599997,159.3958043,192.87126095600001,2023-01-01
SAN MATEO,2023,February,320.632465168,137.2898051,183.342660068,2023-02-01
SAN MATEO,2023,March,374.106165282,164.345375,209.760790282,2023-03-01
SAN MATEO,2023,April,318.857420535,128.2680084,190.589412135,2023-04-01
SAN MATEO,2023,May,344.6392747,128.8571952,215.7820795,2023-05-01
SAN MATEO,2023,June,334.797186098,122.5034036,212.293782498,2023-06-01
SAN MATEO,2023,July,326.48816189400003,116.5445539,209.94360799400002,2023-07-01
SAN MATEO,2023,August,353.141040745,128.5167247,224.624316045,2023-08-01
SAN MATEO,2023,September,334.285131087,118.3789684,215.906162687,2023-09-01
SAN MATEO,2023,October,342.010837117,120.4008658,221.609971317,2023-10-01
SAN MATEO,2023,November,311.808222031,115.4349054,196.373316631,2023-11-01
SAN MATEO,2023,December,338.428958957,140.4489498,197.980009157,2023-12-01
SAN MATEO,2024,January,378.16034754,161.3178205,216.84252703999996,2024-01-01
SAN MATEO,2024,February,342.36237409299997,140.4157843,201.94658979299996,2024-02-01
SAN MATEO,2024,March,351.90329942200003,141.7143858,210.188913622,2024-03-01
SAN MATEO,2024,April,352.722565094,133.8138397,218.908725394,2024-04-01
SAN MATEO,2024,May,348.29675125800003,129.6039725,218.69277875800003,2024-05-01
SAN MATEO,2024,June,324.283367671,118.5613541,205.722013571,2024-06-01
SAN MATEO,2024,July,373.306799178,133.644655,239.662144178,2024-07-01
SAN MATEO,2024,August,365.33606983,131.7142344,233.62183543,2024-08-01
SAN MATEO,2024,September,354.283387696,119.8799114,234.40347629599998,2024-09-01
SAN MATEO,2024,October,377.373348122,134.4633144,242.910033722,2024-10-01
SAN MATEO,2024,November,309.94740988,112.2441625,197.70324738000002,2024-11-01
SAN MATEO,2024,December,383.330336594,157.2188238,226.111512794,2024-12-01
SANTA BARBARA,2008,January,273.55385667,83.91719781,189.63665885999998,2008-01-01
SANTA BARBARA,2008,February,265.898289451,74.85269369,191.04559576100002,2008-02-01
SANTA BARBARA,2008,March,250.542892898,68.908286,181.634606898,2008-03-01
SANTA BARBARA,2008,April,258.473995447,65.32385986,193.15013558699997,2008-04-01
SANTA BARBARA,2008,May,270.074187248,63.03190318,207.04228406800001,2008-05-01
SANTA BARBARA,2008,June,272.367337356,63.29238796,209.074949396,2008-06-01
SANTA BARBARA,2008,July,276.57208672,64.7935078,211.77857892,2008-07-01
SANTA BARBARA,2008,August,272.480613048,61.43580565,211.04480739800002,2008-08-01
SANTA BARBARA,2008,September,284.775822855,64.59931239,220.17651046499998,2008-09-01
SANTA BARBARA,2008,October,278.735486057,66.58729102,212.148195037,2008-10-01
SANTA BARBARA,2008,November,263.539430824,62.64205245,200.897378374,2008-11-01
SANTA BARBARA,2008,December,289.123793149,75.78544043,213.338352719,2008-12-01
SANTA BARBARA,2009,January,268.610111615,79.2415156,189.36859601499998,2009-01-01
SANTA BARBARA,2009,February,263.438763341,70.95809635,192.48066699100002,2009-02-01
SANTA BARBARA,2009,March,234.873537059,68.96155037,165.911986689,2009-03-01
SANTA BARBARA,2009,April,266.816089699,66.15452417,200.66156552899997,2009-04-01
SANTA BARBARA,2009,May,261.479876744,62.40120249,199.07867425400002,2009-05-01
SANTA BARBARA,2009,June,265.34861556699997,62.13533353,203.213282037,2009-06-01
SANTA BARBARA,2009,July,285.150202713,63.02744326,222.122759453,2009-07-01
SANTA BARBARA,2009,August,275.35021357200003,60.98621046,214.36400311199998,2009-08-01
SANTA BARBARA,2009,September,268.230377263,63.81565288,204.41472438300002,2009-09-01
SANTA BARBARA,2009,October,292.977186926,66.23508872,226.742098206,2009-10-01
SANTA BARBARA,2009,November,263.960133496,65.17958235,198.780551146,2009-11-01
SANTA BARBARA,2009,December,282.386432692,79.27950422,203.10692847200002,2009-12-01
SANTA BARBARA,2010,January,259.46850708,76.47842703,182.99008005,2010-01-01
SANTA BARBARA,2010,February,263.13339784000004,73.32324345,189.81015439,2010-02-01
SANTA BARBARA,2010,March,263.835291784,69.72258666,194.11270512399997,2010-03-01
SANTA BARBARA,2010,April,261.55383509899997,61.92360588,199.630229219,2010-04-01
SANTA BARBARA,2010,May,260.632748758,60.86526072,199.76748803799998,2010-05-01
SANTA BARBARA,2010,June,273.518471214,64.18851383,209.329957384,2010-06-01
SANTA BARBARA,2010,July,276.790490844,61.98376845,214.80672239400002,2010-07-01
SANTA BARBARA,2010,August,268.07833129,61.96741579,206.1109155,2010-08-01
SANTA BARBARA,2010,September,270.959638325,61.98211128,208.977527045,2010-09-01
SANTA BARBARA,2010,October,276.196806535,65.07512669,211.121679845,2010-10-01
SANTA BARBARA,2010,November,268.80342207900003,64.40751652,204.395905559,2010-11-01
SANTA BARBARA,2010,December,278.966384275,78.44504881,200.521335465,2010-12-01
SANTA BARBARA,2011,January,262.410284546,78.07758406,184.33270048600002,2011-01-01
SANTA BARBARA,2011,February,251.46656544,68.26170745,183.20485799000002,2011-02-01
SANTA BARBARA,2011,March,260.320743279,72.79314812,187.52759515900001,2011-03-01
SANTA BARBARA,2011,April,254.732876803,63.33161558,191.401261223,2011-04-01
SANTA BARBARA,2011,May,259.764478158,61.3880179,198.376460258,2011-05-01
SANTA BARBARA,2011,June,277.133757064,63.33554662,213.79821044399998,2011-06-01
SANTA BARBARA,2011,July,276.98268054100004,61.32015292,215.662527621,2011-07-01
SANTA BARBARA,2011,August,277.170438261,61.26542043,215.905017831,2011-08-01
SANTA BARBARA,2011,September,280.412614173,63.93681674,216.47579743299997,2011-09-01
SANTA BARBARA,2011,October,274.401262266,63.22725483,211.174007436,2011-10-01
SANTA BARBARA,2011,November,280.910983595,66.75606849,214.15491510500001,2011-11-01
SANTA BARBARA,2011,December,274.022636822,75.13814348,198.884493342,2011-12-01
SANTA BARBARA,2012,January,277.18130755799996,82.5816079,194.599699658,2012-01-01
SANTA BARBARA,2012,February,264.143887133,72.55190457,191.591982563,2012-02-01
SANTA BARBARA,2012,March,239.261266111,73.32237305,165.93889306100002,2012-03-01
SANTA BARBARA,2012,April,241.78414102,66.86357369,174.92056732999998,2012-04-01
SANTA BARBARA,2012,May,272.711389186,65.33399111,207.37739807600002,2012-05-01
SANTA BARBARA,2012,June,278.44291413400003,66.12830052,212.314613614,2012-06-01
SANTA BARBARA,2012,July,285.05008969,64.22970119,220.8203885,2012-07-01
SANTA BARBARA,2012,August,290.009720644,66.61470956,223.395011084,2012-08-01
SANTA BARBARA,2012,September,278.311521784,65.07822734,213.23329444399997,2012-09-01
SANTA BARBARA,2012,October,297.886460054,69.14759144,228.738868614,2012-10-01
SANTA BARBARA,2012,November,278.541662064,67.54736467,210.994297394,2012-11-01
SANTA BARBARA,2012,December,248.187311552,75.18072381,173.00658774200002,2012-12-01
SANTA BARBARA,2013,January,267.717935068,87.19469964,180.523235428,2013-01-01
SANTA BARBARA,2013,February,280.187005635,75.05875161,205.12825402500002,2013-02-01
SANTA BARBARA,2013,March,257.742580185,72.10314927,185.639430915,2013-03-01
SANTA BARBARA,2013,April,253.908710047,63.44989862,190.458811427,2013-04-01
SANTA BARBARA,2013,May,283.374158536,63.88304523,219.491113306,2013-05-01
SANTA BARBARA,2013,June,283.520248876,63.27213245,220.248116426,2013-06-01
SANTA BARBARA,2013,July,298.65826886599996,65.85650933,232.80175953600002,2013-07-01
SANTA BARBARA,2013,August,299.183785311,63.40215119,235.78163412100002,2013-08-01
SANTA BARBARA,2013,September,285.768084073,66.37528905,219.39279502300002,2013-09-01
SANTA BARBARA,2013,October,290.798195419,65.52915284,225.269042579,2013-10-01
SANTA BARBARA,2013,November,263.494387473,64.36337188,199.131015593,2013-11-01
SANTA BARBARA,2013,December,303.52080105,78.74743815,224.77336290000002,2013-12-01
SANTA BARBARA,2014,January,276.24646999600003,79.66062623,196.58584376600004,2014-01-01
SANTA BARBARA,2014,February,274.397375575,68.8575725,205.539803075,2014-02-01
SANTA BARBARA,2014,March,261.935968639,67.40400047,194.531968169,2014-03-01
SANTA BARBARA,2014,April,267.851628238,63.61846299,204.23316524799998,2014-04-01
SANTA BARBARA,2014,May,277.189296098,63.03346799,214.15582810800004,2014-05-01
SANTA BARBARA,2014,June,286.24717449,62.92745565,223.31971884,2014-06-01
SANTA BARBARA,2014,July,295.463772532,64.54848574,230.91528679200002,2014-07-01
SANTA BARBARA,2014,August,298.443525271,64.34599472,234.09753055099998,2014-08-01
SANTA BARBARA,2014,September,292.174232223,65.28630174,226.887930483,2014-09-01
SANTA BARBARA,2014,October,307.79313588499997,65.73402643,242.059109455,2014-10-01
SANTA BARBARA,2014,November,274.412509281,61.57237044,212.840138841,2014-11-01
SANTA BARBARA,2014,December,279.444510581,70.79826634,208.646244241,2014-12-01
SANTA BARBARA,2015,January,272.822680984,73.05371405,199.768966934,2015-01-01
SANTA BARBARA,2015,February,263.318622263,62.31573152,201.002890743,2015-02-01
SANTA BARBARA,2015,March,264.335532102,62.40553316,201.929998942,2015-03-01
SANTA BARBARA,2015,April,262.318726722,58.74829822,203.57042850200003,2015-04-01
SANTA BARBARA,2015,May,263.5836729,57.7507532,205.8329197,2015-05-01
SANTA BARBARA,2015,June,252.640319487,57.94238236,194.69793712700002,2015-06-01
SANTA BARBARA,2015,July,257.44762915499996,60.48021153,196.967417625,2015-07-01
SANTA BARBARA,2015,August,245.788783263,60.85718044,184.93160282300002,2015-08-01
SANTA BARBARA,2015,September,264.299077121,66.12719202,198.171885101,2015-09-01
SANTA BARBARA,2015,October,273.463653121,66.61222453,206.851428591,2015-10-01
SANTA BARBARA,2015,November,233.069039103,61.32686937,171.74216973299997,2015-11-01
SANTA BARBARA,2015,December,248.212475566,72.42458772,175.787887846,2015-12-01
SANTA BARBARA,2016,January,231.834041124,76.56456041,155.269480714,2016-01-01
SANTA BARBARA,2016,February,206.636635343,64.7262586,141.91037674299997,2016-02-01
SANTA BARBARA,2016,March,250.233745121,62.87069715,187.363047971,2016-03-01
SANTA BARBARA,2016,April,223.269122062,58.66426316,164.60485890200002,2016-04-01
SANTA BARBARA,2016,May,229.77031392499998,56.66010039,173.110213535,2016-05-01
SANTA BARBARA,2016,June,241.34096854799998,59.18680188,182.15416666800002,2016-06-01
SANTA BARBARA,2016,July,251.013091761,59.85029414,191.16279762099998,2016-07-01
SANTA BARBARA,2016,August,254.949322382,60.71761721,194.23170517199998,2016-08-01
SANTA BARBARA,2016,September,244.790669667,59.69361466,185.097055007,2016-09-01
SANTA BARBARA,2016,October,244.015909295,60.59722451,183.418684785,2016-10-01
SANTA BARBARA,2016,November,228.479078835,59.78386137,168.695217465,2016-11-01
SANTA BARBARA,2016,December,232.062982669,69.43615385,162.62682881899997,2016-12-01
SANTA BARBARA,2017,January,214.486868029,75.09862301,139.388245019,2017-01-01
SANTA BARBARA,2017,February,225.774197433,67.6455812,158.128616233,2017-02-01
SANTA BARBARA,2017,March,222.161184945,66.71269541,155.448489535,2017-03-01
SANTA BARBARA,2017,April,198.375936563,57.165575,141.210361563,2017-04-01
SANTA BARBARA,2017,May,222.51139920900002,57.65376443,164.857634779,2017-05-01
SANTA BARBARA,2017,June,254.55954044499998,58.33829954,196.22124090499997,2017-06-01
SANTA BARBARA,2017,July,251.451309824,60.14990158,191.30140824400002,2017-07-01
SANTA BARBARA,2017,August,251.76384859499998,61.44576245,190.318086145,2017-08-01
SANTA BARBARA,2017,September,255.47761635400002,64.03733463,191.440281724,2017-09-01
SANTA BARBARA,2017,October,230.456361682,58.99342837,171.462933312,2017-10-01
SANTA BARBARA,2017,November,217.659974172,59.25662039,158.40335378199998,2017-11-01
SANTA BARBARA,2017,December,241.05862992100003,66.50661445,174.552015471,2017-12-01
SANTA BARBARA,2018,January,224.197822357,69.7990582,154.398764157,2018-01-01
SANTA BARBARA,2018,February,217.093332547,62.02093265,155.072399897,2018-02-01
SANTA BARBARA,2018,March,229.25645702,66.77915432,162.4773027,2018-03-01
SANTA BARBARA,2018,April,217.785658646,60.4842572,157.301401446,2018-04-01
SANTA BARBARA,2018,May,226.230657202,56.67895231,169.551704892,2018-05-01
SANTA BARBARA,2018,June,240.320351974,57.53757446,182.782777514,2018-06-01
SANTA BARBARA,2018,July,244.65666905900002,61.43940373,183.21726532899999,2018-07-01
SANTA BARBARA,2018,August,260.38974353599997,65.91494031,194.47480322599998,2018-08-01
SANTA BARBARA,2018,September,234.030105863,60.21241842,173.817687443,2018-09-01
SANTA BARBARA,2018,October,246.502806517,58.85192397,187.650882547,2018-10-01
SANTA BARBARA,2018,November,224.727926624,57.84688695,166.88103967399996,2018-11-01
SANTA BARBARA,2018,December,229.542568309,66.44271352,163.099854789,2018-12-01
SANTA BARBARA,2019,January,226.090970896,74.88157741,151.209393486,2019-01-01
SANTA BARBARA,2019,February,215.791923077,68.62801992,147.16390315700002,2019-02-01
SANTA BARBARA,2019,March,214.317481845,69.07606481,145.241417035,2019-03-01
SANTA BARBARA,2019,April,207.443497955,58.62077112,148.82272683500003,2019-04-01
SANTA BARBARA,2019,May,218.666089244,59.11334722,159.552742024,2019-05-01
SANTA BARBARA,2019,June,221.89170506099998,58.22404219,163.66766287099998,2019-06-01
SANTA BARBARA,2019,July,231.954626214,59.90973201,172.044894204,2019-07-01
SANTA BARBARA,2019,August,213.218159731,59.59505142,153.62310831100004,2019-08-01
SANTA BARBARA,2019,September,267.222318224,62.88956943,204.332748794,2019-09-01
SANTA BARBARA,2019,October,241.10628074599998,61.01839432,180.087886426,2019-10-01
SANTA BARBARA,2019,November,215.105091244,58.6710561,156.43403514400003,2019-11-01
SANTA BARBARA,2019,December,246.592135834,70.25105627,176.341079564,2019-12-01
SANTA BARBARA,2020,January,223.194257587,75.26917124,147.92508634700002,2020-01-01
SANTA BARBARA,2020,February,214.983182712,65.08379423,149.899388482,2020-02-01
SANTA BARBARA,2020,March,217.859118641,64.59371365,153.26540499100003,2020-03-01
SANTA BARBARA,2020,April,205.316801691,65.53962166,139.777180031,2020-04-01
SANTA BARBARA,2020,May,215.849305601,64.33013279,151.519172811,2020-05-01
SANTA BARBARA,2020,June,227.644969354,64.35175765,163.293211704,2020-06-01
SANTA BARBARA,2020,July,239.300718095,66.62361343,172.677104665,2020-07-01
SANTA BARBARA,2020,August,227.569510465,63.27234019,164.297170275,2020-08-01
SANTA BARBARA,2020,September,238.178423681,68.97954219,169.198881491,2020-09-01
SANTA BARBARA,2020,October,238.64480717499998,68.85479335,169.79001382500002,2020-10-01
SANTA BARBARA,2020,November,205.843997222,64.28726503,141.556732192,2020-11-01
SANTA BARBARA,2020,December,225.915695505,75.39770629,150.51798921499997,2020-12-01
SANTA BARBARA,2021,January,208.590297554,77.12902463,131.461272924,2021-01-01
SANTA BARBARA,2021,February,185.49704666399998,68.18758638,117.30946028400001,2021-02-01
SANTA BARBARA,2021,March,237.585374121,63.29750546,174.287868661,2021-03-01
SANTA BARBARA,2021,April,226.807947181,71.19087306,155.61707412100003,2021-04-01
SANTA BARBARA,2021,May,210.946957207,59.82441807,151.12253913700002,2021-05-01
SANTA BARBARA,2021,June,235.542394158,61.46628615,174.076108008,2021-06-01
SANTA BARBARA,2021,July,246.023173439,63.48322906,182.53994437900002,2021-07-01
SANTA BARBARA,2021,August,235.49884355400002,62.30558571,173.19325784400002,2021-08-01
SANTA BARBARA,2021,September,237.724101822,62.74849754,174.97560428200003,2021-09-01
SANTA BARBARA,2021,October,219.916286172,61.26732496,158.64896121200002,2021-10-01
SANTA BARBARA,2021,November,218.300336506,60.07690659,158.22342991600004,2021-11-01
SANTA BARBARA,2021,December,234.037136053,70.12825556,163.908880493,2021-12-01
SANTA BARBARA,2022,January,220.109164029,76.46399484,143.645169189,2022-01-01
SANTA BARBARA,2022,February,208.148814379,66.32283456,141.825979819,2022-02-01
SANTA BARBARA,2022,March,227.19590840799998,67.09341201,160.102496398,2022-03-01
SANTA BARBARA,2022,April,219.437441757,60.59704187,158.840399887,2022-04-01
SANTA BARBARA,2022,May,227.157674304,58.9149872,168.242687104,2022-05-01
SANTA BARBARA,2022,June,239.502591404,60.35277987,179.14981153399998,2022-06-01
SANTA BARBARA,2022,July,238.55658803,61.0977017,177.45888633,2022-07-01
SANTA BARBARA,2022,August,245.31438534300003,62.93432399,182.380061353,2022-08-01
SANTA BARBARA,2022,September,247.563605823,67.73504096,179.82856486299997,2022-09-01
SANTA BARBARA,2022,October,237.276249703,62.39507156,174.881178143,2022-10-01
SANTA BARBARA,2022,November,214.048524329,61.8007916,152.247732729,2022-11-01
SANTA BARBARA,2022,December,217.453640543,72.0860159,145.367624643,2022-12-01
SANTA BARBARA,2023,January,208.77879629400002,76.58525244,132.193543854,2023-01-01
SANTA BARBARA,2023,February,207.493558037,69.60886286,137.884695177,2023-02-01
SANTA BARBARA,2023,March,221.07416190599997,74.34917395,146.724987956,2023-03-01
SANTA BARBARA,2023,April,205.740973682,64.13338216,141.607591522,2023-04-01
SANTA BARBARA,2023,May,199.971117871,54.3678758,145.603242071,2023-05-01
SANTA BARBARA,2023,June,213.098431292,64.51458334,148.583847952,2023-06-01
SANTA BARBARA,2023,July,232.653017668,62.01838556,170.63463210800003,2023-07-01
SANTA BARBARA,2023,August,233.623099512,64.82983991,168.793259602,2023-08-01
SANTA BARBARA,2023,September,227.430706679,63.35746696,164.073239719,2023-09-01
SANTA BARBARA,2023,October,226.919498331,60.77501487,166.144483461,2023-10-01
SANTA BARBARA,2023,November,199.82277140300002,59.44380632,140.378965083,2023-11-01
SANTA BARBARA,2023,December,225.62704069,67.46434361,158.16269708000002,2023-12-01
SANTA BARBARA,2024,January,206.674981009,74.95775551,131.717225499,2024-01-01
SANTA BARBARA,2024,February,203.162662521,68.29034507,134.872317451,2024-02-01
SANTA BARBARA,2024,March,201.050143416,67.79015628,133.259987136,2024-03-01
SANTA BARBARA,2024,April,226.042698067,65.30690849,160.735789577,2024-04-01
SANTA BARBARA,2024,May,213.850800616,62.12680672,151.72399389600002,2024-05-01
SANTA BARBARA,2024,June,222.452800679,61.37374514,161.079055539,2024-06-01
SANTA BARBARA,2024,July,240.99233561399998,65.81565891,175.176676704,2024-07-01
SANTA BARBARA,2024,August,234.659824363,64.58901801,170.07080635300002,2024-08-01
SANTA BARBARA,2024,September,235.35079589,64.54901765,170.80177824,2024-09-01
SANTA BARBARA,2024,October,223.04342531700001,62.06468337,160.978741947,2024-10-01
SANTA BARBARA,2024,November,195.664732406,58.75311454,136.91161786600003,2024-11-01
SANTA BARBARA,2024,December,210.066865904,72.66576323,137.40110267400001,2024-12-01
SANTA CLARA,2008,January,1508.795848043,416.4457889,1092.350059143,2008-01-01
SANTA CLARA,2008,February,1280.373933679,350.8053222,929.5686114790001,2008-02-01
SANTA CLARA,2008,March,1323.647715294,318.2782138,1005.369501494,2008-03-01
SANTA CLARA,2008,April,1295.9279785400001,299.7732991,996.1546794400002,2008-04-01
SANTA CLARA,2008,May,1315.224815257,295.2702832,1019.954532057,2008-05-01
SANTA CLARA,2008,June,1401.329238813,306.5522429,1094.7769959129998,2008-06-01
SANTA CLARA,2008,July,1499.8163878120001,345.3324093,1154.4839785120002,2008-07-01
SANTA CLARA,2008,August,1413.253607518,311.8866477,1101.3669598180002,2008-08-01
SANTA CLARA,2008,September,1526.614390575,345.1150005,1181.4993900750003,2008-09-01
SANTA CLARA,2008,October,1459.44486749,313.2960925,1146.1487749900002,2008-10-01
SANTA CLARA,2008,November,1202.179042055,262.2848838,939.8941582550001,2008-11-01
SANTA CLARA,2008,December,1475.251976775,385.8711844,1089.3807923749998,2008-12-01
SANTA CLARA,2009,January,1370.714193977,386.7128704,984.001323577,2009-01-01
SANTA CLARA,2009,February,1260.125906915,331.3204591,928.805447815,2009-02-01
SANTA CLARA,2009,March,1292.293266656,331.6651531,960.628113556,2009-03-01
SANTA CLARA,2009,April,1420.642032957,318.472683,1102.1693499570001,2009-04-01
SANTA CLARA,2009,May,1266.645407016,287.473631,979.171776016,2009-05-01
SANTA CLARA,2009,June,1414.997646169,302.9122261,1112.085420069,2009-06-01
SANTA CLARA,2009,July,1481.4776093229998,338.3937195,1143.0838898230002,2009-07-01
SANTA CLARA,2009,August,1427.9418541,324.3173191,1103.6245350000002,2009-08-01
SANTA CLARA,2009,September,1454.281672113,335.4554543,1118.8262178129999,2009-09-01
SANTA CLARA,2009,October,1408.033679807,321.3251995,1086.7084803070002,2009-10-01
SANTA CLARA,2009,November,1244.803256297,281.0255939,963.777662397,2009-11-01
SANTA CLARA,2009,December,1486.1385866580001,405.2474369,1080.891149758,2009-12-01
SANTA CLARA,2010,January,1303.924504719,367.7648736,936.159631119,2010-01-01
SANTA CLARA,2010,February,1193.526480056,335.6115238,857.9149562560001,2010-02-01
SANTA CLARA,2010,March,1303.506918486,345.7297302,957.777188286,2010-03-01
SANTA CLARA,2010,April,1383.800427359,318.215803,1065.584624359,2010-04-01
SANTA CLARA,2010,May,1240.0418127,278.6320582,961.4097544999998,2010-05-01
SANTA CLARA,2010,June,1415.939504173,309.3335295,1106.6059746730002,2010-06-01
SANTA CLARA,2010,July,1356.475747052,319.8746423,1036.601104752,2010-07-01
SANTA CLARA,2010,August,1411.316906803,313.4093361,1097.907570703,2010-08-01
SANTA CLARA,2010,September,1423.255188696,320.9617746,1102.293414096,2010-09-01
SANTA CLARA,2010,October,1394.4664419740002,316.5503979,1077.916044074,2010-10-01
SANTA CLARA,2010,November,1312.7058636259999,295.9123395,1016.7935241260001,2010-11-01
SANTA CLARA,2010,December,1493.810473055,394.5765847,1099.233888355,2010-12-01
SANTA CLARA,2011,January,1329.200732841,362.949133,966.2515998409999,2011-01-01
SANTA CLARA,2011,February,1223.947205293,313.9836077,909.963597593,2011-02-01
SANTA CLARA,2011,March,1455.774612019,367.6666302,1088.1079818189999,2011-03-01
SANTA CLARA,2011,April,1301.35735642,311.8401901,989.5171663200002,2011-04-01
SANTA CLARA,2011,May,1288.355808327,294.4620981,993.8937102269999,2011-05-01
SANTA CLARA,2011,June,1417.583948676,312.349352,1105.2345966759997,2011-06-01
SANTA CLARA,2011,July,1381.23039227,334.5062017,1046.7241905700002,2011-07-01
SANTA CLARA,2011,August,1475.7361594220001,325.6107457,1150.125413722,2011-08-01
SANTA CLARA,2011,September,1453.551123226,321.4954266,1132.0556966259999,2011-09-01
SANTA CLARA,2011,October,1448.049752022,304.0865421,1143.963209922,2011-10-01
SANTA CLARA,2011,November,1318.0923381589998,297.8974,1020.194938159,2011-11-01
SANTA CLARA,2011,December,1418.083600742,368.0250102,1050.058590542,2011-12-01
SANTA CLARA,2012,January,1435.777480825,401.933489,1033.8439918249999,2012-01-01
SANTA CLARA,2012,February,1296.868499509,332.5881591,964.280340409,2012-02-01
SANTA CLARA,2012,March,1368.2146593250002,336.3472558,1031.867403525,2012-03-01
SANTA CLARA,2012,April,1327.705979761,300.4533347,1027.2526450609998,2012-04-01
SANTA CLARA,2012,May,1375.6312601070001,300.112591,1075.518669107,2012-05-01
SANTA CLARA,2012,June,1367.934977483,297.4100945,1070.524882983,2012-06-01
SANTA CLARA,2012,July,1405.746329037,325.0960862,1080.650242837,2012-07-01
SANTA CLARA,2012,August,1491.875232831,349.0425871,1142.832645731,2012-08-01
SANTA CLARA,2012,September,1331.8383852379998,298.4253129,1033.413072338,2012-09-01
SANTA CLARA,2012,October,1438.753475562,305.4366902,1133.316785362,2012-10-01
SANTA CLARA,2012,November,1305.368021856,290.1735062,1015.194515656,2012-11-01
SANTA CLARA,2012,December,1315.618772461,337.6001346,978.0186378610001,2012-12-01
SANTA CLARA,2013,January,1472.409731993,418.3431318,1054.0666001929999,2013-01-01
SANTA CLARA,2013,February,1301.820884168,340.3264935,961.4943906679999,2013-02-01
SANTA CLARA,2013,March,1334.236830929,328.3138928,1005.922938129,2013-03-01
SANTA CLARA,2013,April,1317.045583235,276.7899806,1040.255602635,2013-04-01
SANTA CLARA,2013,May,1406.119126435,299.4294118,1106.689714635,2013-05-01
SANTA CLARA,2013,June,1372.0915331429999,294.1467375,1077.9447956430001,2013-06-01
SANTA CLARA,2013,July,1477.823369382,349.7582636,1128.0651057819998,2013-07-01
SANTA CLARA,2013,August,1434.983345215,318.9235371,1116.0598081150001,2013-08-01
SANTA CLARA,2013,September,1397.139690865,318.4663147,1078.673376165,2013-09-01
SANTA CLARA,2013,October,1410.219301422,308.1621054,1102.0571960219997,2013-10-01
SANTA CLARA,2013,November,1214.237091425,272.6789781,941.558113325,2013-11-01
SANTA CLARA,2013,December,1412.43590456,379.2943747,1033.14152986,2013-12-01
SANTA CLARA,2014,January,1388.656903198,381.1496202,1007.5072829979999,2014-01-01
SANTA CLARA,2014,February,1263.5925491159999,314.6093393,948.9832098159999,2014-02-01
SANTA CLARA,2014,March,1296.0681791420002,301.3917015,994.676477642,2014-03-01
SANTA CLARA,2014,April,1308.942501843,287.7379513,1021.2045505429999,2014-04-01
SANTA CLARA,2014,May,1338.944029856,291.7672334,1047.176796456,2014-05-01
SANTA CLARA,2014,June,1363.390185364,305.8139922,1057.576193164,2014-06-01
SANTA CLARA,2014,July,1498.905969736,342.0589928,1156.846976936,2014-07-01
SANTA CLARA,2014,August,1485.9188623589998,351.2711422,1134.647720159,2014-08-01
SANTA CLARA,2014,September,1479.934094202,323.7012404,1156.232853802,2014-09-01
SANTA CLARA,2014,October,1512.418336533,324.2131302,1188.205206333,2014-10-01
SANTA CLARA,2014,November,1227.382158424,266.2544256,961.1277328240001,2014-11-01
SANTA CLARA,2014,December,1468.9214618839999,336.365307,1132.556154884,2014-12-01
SANTA CLARA,2015,January,1342.89192003,365.9800761,976.9118439300001,2015-01-01
SANTA CLARA,2015,February,1259.771860643,301.6454433,958.126417343,2015-02-01
SANTA CLARA,2015,March,1348.041738466,303.3187798,1044.722958666,2015-03-01
SANTA CLARA,2015,April,1383.663418651,278.5183955,1105.145023151,2015-04-01
SANTA CLARA,2015,May,1269.251167188,273.9146335,995.3365336880001,2015-05-01
SANTA CLARA,2015,June,1409.0215553189998,294.5354957,1114.486059619,2015-06-01
SANTA CLARA,2015,July,1535.7252508669999,347.1232669,1188.6019839669998,2015-07-01
SANTA CLARA,2015,August,1469.178179667,332.8170644,1136.361115267,2015-08-01
SANTA CLARA,2015,September,1510.319983036,350.6228072,1159.697175836,2015-09-01
SANTA CLARA,2015,October,1479.5309177059999,319.976683,1159.5542347059998,2015-10-01
SANTA CLARA,2015,November,1221.39146861,279.2322777,942.15919091,2015-11-01
SANTA CLARA,2015,December,1538.217408264,377.1517029,1161.065705364,2015-12-01
SANTA CLARA,2016,January,1413.413070563,378.662611,1034.750459563,2016-01-01
SANTA CLARA,2016,February,1309.159286386,307.1559571,1002.003329286,2016-02-01
SANTA CLARA,2016,March,1464.90043248,314.982001,1149.91843148,2016-03-01
SANTA CLARA,2016,April,1295.881990686,278.3755525,1017.5064381860001,2016-04-01
SANTA CLARA,2016,May,1336.06207601,277.5765829,1058.4854931099999,2016-05-01
SANTA CLARA,2016,June,1404.856256563,321.9782209,1082.878035663,2016-06-01
SANTA CLARA,2016,July,1447.626060674,323.3818909,1124.244169774,2016-07-01
SANTA CLARA,2016,August,1596.230310935,341.0021566,1255.228154335,2016-08-01
SANTA CLARA,2016,September,1470.076682243,305.0940906,1164.9825916430002,2016-09-01
SANTA CLARA,2016,October,1380.39978092,290.7976681,1089.60211282,2016-10-01
SANTA CLARA,2016,November,1283.477837947,274.5690702,1008.908767747,2016-11-01
SANTA CLARA,2016,December,1363.360654117,346.9295287,1016.431125417,2016-12-01
SANTA CLARA,2017,January,1405.181589903,380.6332884,1024.548301503,2017-01-01
SANTA CLARA,2017,February,1332.060710553,323.0020603,1009.0586502530001,2017-02-01
SANTA CLARA,2017,March,1434.513315854,335.4811899,1099.0321259539999,2017-03-01
SANTA CLARA,2017,April,1303.849069111,270.7307492,1033.1183199109998,2017-04-01
SANTA CLARA,2017,May,1351.975768033,288.6664427,1063.3093253329998,2017-05-01
SANTA CLARA,2017,June,1536.431055445,310.9483011,1225.482754345,2017-06-01
SANTA CLARA,2017,July,1450.235904115,343.2602592,1106.9756449150002,2017-07-01
SANTA CLARA,2017,August,1618.700777451,368.5752846,1250.1254928510002,2017-08-01
SANTA CLARA,2017,September,1487.238667073,365.1425446,1122.096122473,2017-09-01
SANTA CLARA,2017,October,1420.3874905119999,300.8802201,1119.5072704119998,2017-10-01
SANTA CLARA,2017,November,1317.49094963,278.3802592,1039.11069043,2017-11-01
SANTA CLARA,2017,December,1260.450011883,338.120114,922.3298978829998,2017-12-01
SANTA CLARA,2018,January,1557.349341128,360.927698,1196.421643128,2018-01-01
SANTA CLARA,2018,February,1275.30462671,305.558687,969.7459397100001,2018-02-01
SANTA CLARA,2018,March,1392.192356741,341.7943638,1050.397992941,2018-03-01
SANTA CLARA,2018,April,1291.161702285,289.1557286,1002.0059736850001,2018-04-01
SANTA CLARA,2018,May,1350.618089418,284.495299,1066.122790418,2018-05-01
SANTA CLARA,2018,June,1380.758833246,295.9261173,1084.832715946,2018-06-01
SANTA CLARA,2018,July,1470.5883074859998,338.9862368,1131.602070686,2018-07-01
SANTA CLARA,2018,August,1534.394336755,366.514968,1167.879368755,2018-08-01
SANTA CLARA,2018,September,1331.504534105,300.1519145,1031.3526196049997,2018-09-01
SANTA CLARA,2018,October,1400.042206463,291.4067967,1108.635409763,2018-10-01
SANTA CLARA,2018,November,1305.847684192,281.1884734,1024.6592107919998,2018-11-01
SANTA CLARA,2018,December,1272.665591667,331.3240742,941.3415174669999,2018-12-01
SANTA CLARA,2019,January,1418.709194511,374.3051506,1044.4040439110001,2019-01-01
SANTA CLARA,2019,February,1276.7025187030001,323.9096452,952.7928735030001,2019-02-01
SANTA CLARA,2019,March,1290.899484284,342.0082907,948.891193584,2019-03-01
SANTA CLARA,2019,April,1293.7026192810001,286.0268801,1007.675739181,2019-04-01
SANTA CLARA,2019,May,1279.757414572,283.7546605,996.002754072,2019-05-01
SANTA CLARA,2019,June,1252.0913696900002,313.1409454,938.95042429,2019-06-01
SANTA CLARA,2019,July,1521.442155191,336.1565536,1185.285601591,2019-07-01
SANTA CLARA,2019,August,1538.4970858890001,365.5578704,1172.9392154890002,2019-08-01
SANTA CLARA,2019,September,1486.504281753,352.3348325,1134.1694492529998,2019-09-01
SANTA CLARA,2019,October,1451.834636163,317.4027738,1134.4318623630002,2019-10-01
SANTA CLARA,2019,November,1292.118034416,256.2003176,1035.9177168160002,2019-11-01
SANTA CLARA,2019,December,1438.652006992,345.3329121,1093.319094892,2019-12-01
SANTA CLARA,2020,January,1427.648319521,377.8082769,1049.840042621,2020-01-01
SANTA CLARA,2020,February,1314.615160572,326.7168888,987.8982717719999,2020-02-01
SANTA CLARA,2020,March,1309.152740386,319.0945889,990.058151486,2020-03-01
SANTA CLARA,2020,April,1275.904762105,329.5416251,946.363137005,2020-04-01
SANTA CLARA,2020,May,1210.305030548,308.186511,902.118519548,2020-05-01
SANTA CLARA,2020,June,1373.5032718100001,368.3039162,1005.1993556100001,2020-06-01
SANTA CLARA,2020,July,1441.4196589800001,387.5761383,1053.84352068,2020-07-01
SANTA CLARA,2020,August,1429.250450214,392.1328302,1037.117620014,2020-08-01
SANTA CLARA,2020,September,1466.5939816080001,418.128661,1048.465320608,2020-09-01
SANTA CLARA,2020,October,1431.848988155,370.1591451,1061.689843055,2020-10-01
SANTA CLARA,2020,November,1268.5553440209999,304.4432381,964.112105921,2020-11-01
SANTA CLARA,2020,December,1303.1996678149999,400.8024821,902.397185715,2020-12-01
SANTA CLARA,2021,January,1323.884770509,379.6083181,944.276452409,2021-01-01
SANTA CLARA,2021,February,1218.809207534,340.8601278,877.9490797339998,2021-02-01
SANTA CLARA,2021,March,1312.687842041,360.9998206,951.688021441,2021-03-01
SANTA CLARA,2021,April,1291.57075801,312.4711057,979.09965231,2021-04-01
SANTA CLARA,2021,May,1227.212008693,284.7414894,942.4705192929999,2021-05-01
SANTA CLARA,2021,June,1356.459571957,324.1107557,1032.348816257,2021-06-01
SANTA CLARA,2021,July,1379.9303856630002,354.5207589,1025.409626763,2021-07-01
SANTA CLARA,2021,August,1509.843879939,363.765472,1146.078407939,2021-08-01
SANTA CLARA,2021,September,1502.276410132,358.8585881,1143.417822032,2021-09-01
SANTA CLARA,2021,October,1368.429536636,305.0847549,1063.344781736,2021-10-01
SANTA CLARA,2021,November,1332.701979076,278.1557578,1054.5462212759999,2021-11-01
SANTA CLARA,2021,December,1461.6391791889998,364.0103256,1097.628853589,2021-12-01
SANTA CLARA,2022,January,1387.701180633,373.4303347,1014.2708459329998,2022-01-01
SANTA CLARA,2022,February,1286.688012841,325.8114914,960.876521441,2022-02-01
SANTA CLARA,2022,March,1381.371626732,351.1703752,1030.201251532,2022-03-01
SANTA CLARA,2022,April,1341.031418649,294.3496376,1046.681781049,2022-04-01
SANTA CLARA,2022,May,1341.036701587,293.9547545,1047.0819470870001,2022-05-01
SANTA CLARA,2022,June,1426.1908371910001,331.0859121,1095.104925091,2022-06-01
SANTA CLARA,2022,July,1482.048868129,352.6648081,1129.3840600290002,2022-07-01
SANTA CLARA,2022,August,1621.394822288,422.3296147,1199.065207588,2022-08-01
SANTA CLARA,2022,September,1589.849139243,392.9522464,1196.896892843,2022-09-01
SANTA CLARA,2022,October,1443.995668522,305.7873559,1138.208312622,2022-10-01
SANTA CLARA,2022,November,1261.722994057,299.7201343,962.0028597570001,2022-11-01
SANTA CLARA,2022,December,1396.7132431080001,383.7933915,1012.9198516080002,2022-12-01
SANTA CLARA,2023,January,1427.275217873,392.7213459,1034.553871973,2023-01-01
SANTA CLARA,2023,February,1298.288817481,338.8775217,959.411295781,2023-02-01
SANTA CLARA,2023,March,1433.05338876,392.6941589,1040.35922986,2023-03-01
SANTA CLARA,2023,April,1323.045673619,318.7457852,1004.299888419,2023-04-01
SANTA CLARA,2023,May,1355.769762742,305.9369574,1049.832805342,2023-05-01
SANTA CLARA,2023,June,1413.702327509,302.1135612,1111.588766309,2023-06-01
SANTA CLARA,2023,July,1402.8733381470001,335.1912674,1067.6820707470001,2023-07-01
SANTA CLARA,2023,August,1575.099180615,407.283859,1167.815321615,2023-08-01
SANTA CLARA,2023,September,1492.408001581,346.1093887,1146.2986128810003,2023-09-01
SANTA CLARA,2023,October,1436.954864359,314.9623462,1121.992518159,2023-10-01
SANTA CLARA,2023,November,1290.6409249390001,288.7232991,1001.917625839,2023-11-01
SANTA CLARA,2023,December,1383.022604617,339.6590735,1043.363531117,2023-12-01
SANTA CLARA,2024,January,1469.1683853579998,389.8878208,1079.280564558,2024-01-01
SANTA CLARA,2024,February,1395.632348518,348.0903944,1047.5419541180001,2024-02-01
SANTA CLARA,2024,March,1416.899916428,344.56657,1072.333346428,2024-03-01
SANTA CLARA,2024,April,1423.620432855,325.2943578,1098.326075055,2024-04-01
SANTA CLARA,2024,May,1419.1517262149998,313.6067221,1105.5450041149998,2024-05-01
SANTA CLARA,2024,June,1379.194200535,321.6759241,1057.518276435,2024-06-01
SANTA CLARA,2024,July,1646.533711286,430.9564598,1215.577251486,2024-07-01
SANTA CLARA,2024,August,1663.98746761,417.1914039,1246.7960637099998,2024-08-01
SANTA CLARA,2024,September,1553.569399255,352.4989942,1201.0704050549998,2024-09-01
SANTA CLARA,2024,October,1561.798754207,376.7433538,1185.0554004070002,2024-10-01
SANTA CLARA,2024,November,1366.730286347,279.2955113,1087.434775047,2024-11-01
SANTA CLARA,2024,December,1497.296104436,373.2391847,1124.056919736,2024-12-01
SANTA CRUZ,2008,January,133.02745373200003,65.34688468,67.68056905200001,2008-01-01
SANTA CRUZ,2008,February,113.705298524,52.19727214,61.508026384000004,2008-02-01
SANTA CRUZ,2008,March,109.50791106700001,50.72366905,58.784242017000004,2008-03-01
SANTA CRUZ,2008,April,114.170953504,48.61031955,65.560633954,2008-04-01
SANTA CRUZ,2008,May,111.669996517,44.19094475,67.479051767,2008-05-01
SANTA CRUZ,2008,June,109.709613918,45.38858574,64.32102817799999,2008-06-01
SANTA CRUZ,2008,July,115.10009613,45.8969125,69.20318363,2008-07-01
SANTA CRUZ,2008,August,110.67834281799999,41.51356412,69.164778698,2008-08-01
SANTA CRUZ,2008,September,113.84233167000001,44.19359189,69.64873978,2008-09-01
SANTA CRUZ,2008,October,111.731283311,46.98808559,64.743197721,2008-10-01
SANTA CRUZ,2008,November,91.84950477299999,40.29344284,51.556061932999995,2008-11-01
SANTA CRUZ,2008,December,119.335000438,59.07747757,60.257522867999995,2008-12-01
SANTA CRUZ,2009,January,115.36653773399999,58.99884399,56.367693744,2009-01-01
SANTA CRUZ,2009,February,101.671867717,49.70376703,51.968100687,2009-02-01
SANTA CRUZ,2009,March,109.491396503,53.46670256,56.024693943,2009-03-01
SANTA CRUZ,2009,April,106.873730596,51.04462041,55.829110185999994,2009-04-01
SANTA CRUZ,2009,May,97.30226385600001,43.0052743,54.296989556000014,2009-05-01
SANTA CRUZ,2009,June,107.077798627,47.75379232,59.324006307000005,2009-06-01
SANTA CRUZ,2009,July,106.199023024,45.69215813,60.506864894,2009-07-01
SANTA CRUZ,2009,August,99.674118931,43.16632595,56.507792981,2009-08-01
SANTA CRUZ,2009,September,102.56122692000001,44.14551491,58.41571201,2009-09-01
SANTA CRUZ,2009,October,105.13320972899999,47.01124941,58.121960319,2009-10-01
SANTA CRUZ,2009,November,95.24260411899999,44.18366904,51.058935079,2009-11-01
SANTA CRUZ,2009,December,126.72177520700001,65.04667608,61.675099126999996,2009-12-01
SANTA CRUZ,2010,January,104.784839334,54.74552114,50.039318194,2010-01-01
SANTA CRUZ,2010,February,97.59860494300001,49.53524008,48.063364863000004,2010-02-01
SANTA CRUZ,2010,March,114.017781817,58.23804337,55.77973844700001,2010-03-01
SANTA CRUZ,2010,April,109.86690960499999,53.91273062,55.95417898499999,2010-04-01
SANTA CRUZ,2010,May,94.995233263,43.14441772,51.850815543,2010-05-01
SANTA CRUZ,2010,June,106.378208793,48.63205643,57.74615236299999,2010-06-01
SANTA CRUZ,2010,July,101.593402597,45.34245432,56.250948277,2010-07-01
SANTA CRUZ,2010,August,102.609681883,44.95416999,57.65551189299999,2010-08-01
SANTA CRUZ,2010,September,103.932045663,45.67784628,58.25419938299999,2010-09-01
SANTA CRUZ,2010,October,101.977806714,45.43923601,56.538570703999994,2010-10-01
SANTA CRUZ,2010,November,99.74357818800001,47.25809608,52.485482108,2010-11-01
SANTA CRUZ,2010,December,124.763697776,64.56614208,60.197555696,2010-12-01
SANTA CRUZ,2011,January,105.17354575099999,56.09051666,49.083029091,2011-01-01
SANTA CRUZ,2011,February,94.868647498,48.92401376,45.944633738,2011-02-01
SANTA CRUZ,2011,March,121.762561744,62.49704345,59.265518294,2011-03-01
SANTA CRUZ,2011,April,99.394155484,48.76028762,50.633867863999996,2011-04-01
SANTA CRUZ,2011,May,100.772762112,46.59249309,54.180269022,2011-05-01
SANTA CRUZ,2011,June,107.365393668,49.7851881,57.580205568000004,2011-06-01
SANTA CRUZ,2011,July,99.420438545,43.14227892,56.278159624999994,2011-07-01
SANTA CRUZ,2011,August,108.600828079,47.35502655,61.245801529000005,2011-08-01
SANTA CRUZ,2011,September,101.804187091,45.6518131,56.152373991,2011-09-01
SANTA CRUZ,2011,October,101.203028314,45.44686925,55.756159063999995,2011-10-01
SANTA CRUZ,2011,November,100.163915452,47.46474826,52.69916719199999,2011-11-01
SANTA CRUZ,2011,December,113.890213277,58.90771563,54.982497647,2011-12-01
SANTA CRUZ,2012,January,112.529438744,61.0752742,51.454164544,2012-01-01
SANTA CRUZ,2012,February,105.90349922399999,53.07595986,52.827539363999996,2012-02-01
SANTA CRUZ,2012,March,112.07723918500001,56.63092497,55.44631421500001,2012-03-01
SANTA CRUZ,2012,April,98.545450102,48.23693781,50.308512291999996,2012-04-01
SANTA CRUZ,2012,May,107.26065474,49.49141207,57.769242670000004,2012-05-01
SANTA CRUZ,2012,June,102.0720158,45.26006007,56.81195573,2012-06-01
SANTA CRUZ,2012,July,103.54794355899999,45.02653321,58.52141034899999,2012-07-01
SANTA CRUZ,2012,August,106.421814163,47.44333375,58.978480413,2012-08-01
SANTA CRUZ,2012,September,98.457286517,42.50733663,55.949949886999995,2012-09-01
SANTA CRUZ,2012,October,104.26386895,47.57160485,56.692264099999996,2012-10-01
SANTA CRUZ,2012,November,100.738132071,46.3622007,54.375931371,2012-11-01
SANTA CRUZ,2012,December,107.966459862,54.24312101,53.723338852,2012-12-01
SANTA CRUZ,2013,January,119.38243093,66.43003499,52.95239594000001,2013-01-01
SANTA CRUZ,2013,February,103.000776335,51.79698073,51.203795605,2013-02-01
SANTA CRUZ,2013,March,106.810485501,54.73513719,52.075348311000006,2013-03-01
SANTA CRUZ,2013,April,99.076522329,45.17695286,53.899569469,2013-04-01
SANTA CRUZ,2013,May,106.45966812600001,47.67704622,58.782621905999996,2013-05-01
SANTA CRUZ,2013,June,99.364536224,44.10266024,55.26187598400001,2013-06-01
SANTA CRUZ,2013,July,107.44990230500001,45.30652983,62.143372475000014,2013-07-01
SANTA CRUZ,2013,August,105.731802988,44.8184562,60.913346788,2013-08-01
SANTA CRUZ,2013,September,102.49674412499999,42.49180562,60.00493850499999,2013-09-01
SANTA CRUZ,2013,October,107.346929843,47.26994797,60.07698187300001,2013-10-01
SANTA CRUZ,2013,November,98.27467828399999,43.71883748,54.555840804,2013-11-01
SANTA CRUZ,2013,December,117.242328244,60.01406595,57.228262294000004,2013-12-01
SANTA CRUZ,2014,January,110.779308615,57.37917705,53.400131565,2014-01-01
SANTA CRUZ,2014,February,98.564055869,47.94574584,50.61831002899999,2014-02-01
SANTA CRUZ,2014,March,102.120482147,49.33359768,52.78688446700001,2014-03-01
SANTA CRUZ,2014,April,100.203459696,45.99553037,54.207929326,2014-04-01
SANTA CRUZ,2014,May,101.48182934600001,43.9529098,57.528919546,2014-05-01
SANTA CRUZ,2014,June,95.803441632,42.66682828,53.136613352,2014-06-01
SANTA CRUZ,2014,July,110.257489135,44.61948531,65.638003825,2014-07-01
SANTA CRUZ,2014,August,101.569686835,42.16805124,59.401635595,2014-08-01
SANTA CRUZ,2014,September,102.731736579,41.39464111,61.337095469000005,2014-09-01
SANTA CRUZ,2014,October,106.430596497,45.34314697,61.087449527,2014-10-01
SANTA CRUZ,2014,November,90.086181923,39.54804145,50.538140473,2014-11-01
SANTA CRUZ,2014,December,112.252667762,54.28850474,57.964163022,2014-12-01
SANTA CRUZ,2015,January,109.33741884499999,55.46911684,53.868302005000004,2015-01-01
SANTA CRUZ,2015,February,94.46977440399999,44.34625534,50.123519064,2015-02-01
SANTA CRUZ,2015,March,106.809505218,49.20365822,57.605846998000004,2015-03-01
SANTA CRUZ,2015,April,99.78977345599999,43.19774965,56.592023806,2015-04-01
SANTA CRUZ,2015,May,97.123551322,42.55760043,54.565950892,2015-05-01
SANTA CRUZ,2015,June,102.540372929,43.38024357,59.160129358999995,2015-06-01
SANTA CRUZ,2015,July,106.019067854,43.72413375,62.294934104000006,2015-07-01
SANTA CRUZ,2015,August,99.78017231199999,39.82114785,59.959024461999995,2015-08-01
SANTA CRUZ,2015,September,102.878240549,42.09629402,60.781946529,2015-09-01
SANTA CRUZ,2015,October,101.403006319,42.98045864,58.422547679000004,2015-10-01
SANTA CRUZ,2015,November,89.474672879,39.64474397,49.829928909,2015-11-01
SANTA CRUZ,2015,December,114.139330944,59.40446874,54.734862203999995,2015-12-01
SANTA CRUZ,2016,January,107.892354133,57.46031502,50.432039112999995,2016-01-01
SANTA CRUZ,2016,February,98.116795219,47.12903137,50.987763849000004,2016-02-01
SANTA CRUZ,2016,March,107.493029513,51.04351536,56.449514153,2016-03-01
SANTA CRUZ,2016,April,96.28930678200001,42.43031669,53.858990092000006,2016-04-01
SANTA CRUZ,2016,May,97.646881205,42.70561525,54.941265955,2016-05-01
SANTA CRUZ,2016,June,101.352759823,44.05120807,57.301551753000005,2016-06-01
SANTA CRUZ,2016,July,97.006962221,41.39082007,55.61614215099999,2016-07-01
SANTA CRUZ,2016,August,102.98793483,42.15338701,60.83454782,2016-08-01
SANTA CRUZ,2016,September,101.047388857,41.11000114,59.937387717,2016-09-01
SANTA CRUZ,2016,October,95.93305642,40.89789558,55.03516084000001,2016-10-01
SANTA CRUZ,2016,November,94.521073801,42.2485792,52.272494601,2016-11-01
SANTA CRUZ,2016,December,107.782801102,54.19318093,53.589620172,2016-12-01
SANTA CRUZ,2017,January,112.276423639,57.91572427,54.360699369,2017-01-01
SANTA CRUZ,2017,February,98.136326633,48.60323549,49.533091143,2017-02-01
SANTA CRUZ,2017,March,110.896484145,53.69855347,57.197930675,2017-03-01
SANTA CRUZ,2017,April,89.412605405,40.89616136,48.51644404499999,2017-04-01
SANTA CRUZ,2017,May,99.43004273800001,42.79966231,56.630380428,2017-05-01
SANTA CRUZ,2017,June,99.984086155,42.7846207,57.199465455,2017-06-01
SANTA CRUZ,2017,July,95.80760778300001,38.62897748,57.178630303,2017-07-01
SANTA CRUZ,2017,August,101.00247070399999,41.60403701,59.398433694000005,2017-08-01
SANTA CRUZ,2017,September,98.908771882,39.85459703,59.054174851999996,2017-09-01
SANTA CRUZ,2017,October,98.157822292,41.23721802,56.920604272000006,2017-10-01
SANTA CRUZ,2017,November,94.023118628,41.8772544,52.145864228,2017-11-01
SANTA CRUZ,2017,December,102.30933155,50.78231995,51.5270116,2017-12-01
SANTA CRUZ,2018,January,105.188067119,53.23405092,51.954016198999994,2018-01-01
SANTA CRUZ,2018,February,93.715545355,45.33329049,48.38225486500001,2018-02-01
SANTA CRUZ,2018,March,106.666150315,52.04038277,54.625767544999995,2018-03-01
SANTA CRUZ,2018,April,94.972799683,43.7314407,51.241358983,2018-04-01
SANTA CRUZ,2018,May,98.955624928,43.58292689,55.372698037999996,2018-05-01
SANTA CRUZ,2018,June,98.483325745,40.78589685,57.697428894999994,2018-06-01
SANTA CRUZ,2018,July,99.146494891,40.04379536,59.102699531,2018-07-01
SANTA CRUZ,2018,August,99.058386021,41.35007504,57.70831098100001,2018-08-01
SANTA CRUZ,2018,September,94.504395747,38.2781112,56.226284547000006,2018-09-01
SANTA CRUZ,2018,October,100.895254931,40.93494418,59.960310750999994,2018-10-01
SANTA CRUZ,2018,November,94.70701001500001,40.76519712,53.941812895,2018-11-01
SANTA CRUZ,2018,December,101.414169035,49.12353719,52.290631845,2018-12-01
SANTA CRUZ,2019,January,106.901183272,55.9884647,50.912718571999996,2019-01-01
SANTA CRUZ,2019,February,94.500670438,46.63592199,47.86474844799999,2019-02-01
SANTA CRUZ,2019,March,103.150246408,53.02561172,50.12463468800001,2019-03-01
SANTA CRUZ,2019,April,94.60344114200001,42.61972084,51.983720302,2019-04-01
SANTA CRUZ,2019,May,95.40159268599999,42.01671379,53.384878896000004,2019-05-01
SANTA CRUZ,2019,June,90.145330642,39.57029852,50.575032122,2019-06-01
SANTA CRUZ,2019,July,95.33836359099999,39.50189777,55.836465821000004,2019-07-01
SANTA CRUZ,2019,August,98.41290286,38.79469995,59.61820291,2019-08-01
SANTA CRUZ,2019,September,94.644442868,37.67490919,56.969533678000005,2019-09-01
SANTA CRUZ,2019,October,98.38344479199999,40.7451866,57.63825819199999,2019-10-01
SANTA CRUZ,2019,November,94.251346853,35.47901436,58.772332493,2019-11-01
SANTA CRUZ,2019,December,101.743994763,52.24283289,49.501161873,2019-12-01
SANTA CRUZ,2020,January,107.280996618,56.78123909,50.499757528,2020-01-01
SANTA CRUZ,2020,February,94.420331433,46.11969773,48.300633703,2020-02-01
SANTA CRUZ,2020,March,100.35784571100001,48.72066266,51.637183050999994,2020-03-01
SANTA CRUZ,2020,April,94.287974231,48.41626376,45.871710471,2020-04-01
SANTA CRUZ,2020,May,86.827692677,42.38685003,44.440842647,2020-05-01
SANTA CRUZ,2020,June,94.129488846,42.79879331,51.330695536,2020-06-01
SANTA CRUZ,2020,July,93.532411052,42.60073463,50.931676422,2020-07-01
SANTA CRUZ,2020,August,88.267036689,37.0217238,51.245312889,2020-08-01
SANTA CRUZ,2020,September,94.03386185800001,41.86803122,52.16583063800001,2020-09-01
SANTA CRUZ,2020,October,93.695138196,42.59646791,51.098670286,2020-10-01
SANTA CRUZ,2020,November,88.69236949700002,40.02354623,48.668823267,2020-11-01
SANTA CRUZ,2020,December,109.831208586,59.44301029,50.388198296,2020-12-01
SANTA CRUZ,2021,January,102.626580734,55.17826385,47.448316884,2021-01-01
SANTA CRUZ,2021,February,91.135582606,48.75895616,42.376626446,2021-02-01
SANTA CRUZ,2021,March,106.662744931,55.07640173,51.586343201,2021-03-01
SANTA CRUZ,2021,April,96.517222844,46.17859752,50.338625324000006,2021-04-01
SANTA CRUZ,2021,May,88.349388962,40.30814438,48.041244582000004,2021-05-01
SANTA CRUZ,2021,June,95.771044433,42.18584512,53.585199313,2021-06-01
SANTA CRUZ,2021,July,93.821402431,39.00927841,54.812124020999995,2021-07-01
SANTA CRUZ,2021,August,93.162008332,39.09975511,54.062253222,2021-08-01
SANTA CRUZ,2021,September,94.239987781,39.00401746,55.235970321,2021-09-01
SANTA CRUZ,2021,October,90.380768423,38.9988629,51.38190552300001,2021-10-01
SANTA CRUZ,2021,November,86.822052871,38.90471369,47.917339181,2021-11-01
SANTA CRUZ,2021,December,108.793333255,54.64273903,54.150594225,2021-12-01
SANTA CRUZ,2022,January,99.91280262400001,52.61290859,47.299894034,2022-01-01
SANTA CRUZ,2022,February,92.900293099,45.90050002,46.999793079,2022-02-01
SANTA CRUZ,2022,March,106.296689234,52.97940334,53.317285893999994,2022-03-01
SANTA CRUZ,2022,April,92.572812886,42.00529286,50.567520026,2022-04-01
SANTA CRUZ,2022,May,93.673474006,41.6819786,51.991495406,2022-05-01
SANTA CRUZ,2022,June,94.979741003,40.90927883,54.070462173,2022-06-01
SANTA CRUZ,2022,July,92.277303621,37.95340883,54.323894791,2022-07-01
SANTA CRUZ,2022,August,97.602048489,40.4393822,57.162666289,2022-08-01
SANTA CRUZ,2022,September,94.546064876,39.06783177,55.478233106,2022-09-01
SANTA CRUZ,2022,October,92.438343249,38.683069,53.755274248999996,2022-10-01
SANTA CRUZ,2022,November,92.784749527,43.17846343,49.606286097,2022-11-01
SANTA CRUZ,2022,December,106.595503223,55.75024868,50.845254542999996,2022-12-01
SANTA CRUZ,2023,January,101.359689043,54.59127457,46.768414473,2023-01-01
SANTA CRUZ,2023,February,91.578072476,47.92192826,43.656144215999994,2023-02-01
SANTA CRUZ,2023,March,109.504542979,57.82955362,51.674989358999994,2023-03-01
SANTA CRUZ,2023,April,92.61354327800001,45.89354172,46.720001558,2023-04-01
SANTA CRUZ,2023,May,95.56437259,43.98531515,51.57905744,2023-05-01
SANTA CRUZ,2023,June,95.10059824700001,43.01194351,52.088654737,2023-06-01
SANTA CRUZ,2023,July,90.463366827,38.39570595,52.067660877,2023-07-01
SANTA CRUZ,2023,August,94.002315919,41.13520108,52.867114839,2023-08-01
SANTA CRUZ,2023,September,90.488841059,37.47274511,53.016095949000004,2023-09-01
SANTA CRUZ,2023,October,92.102723631,40.25191781,51.850805821,2023-10-01
SANTA CRUZ,2023,November,89.66081180100001,40.83210531,48.828706491,2023-11-01
SANTA CRUZ,2023,December,96.552384771,49.40907071,47.143314061000005,2023-12-01
SANTA CRUZ,2024,January,108.23277029799999,57.82985341,50.40291688800001,2024-01-01
SANTA CRUZ,2024,February,95.138218806,49.29951439,45.838704416,2024-02-01
SANTA CRUZ,2024,March,100.453214422,49.94818908,50.505025341999996,2024-03-01
SANTA CRUZ,2024,April,99.081706028,48.07686794,51.004838088,2024-04-01
SANTA CRUZ,2024,May,97.366609579,43.85809947,53.508510109,2024-05-01
SANTA CRUZ,2024,June,90.428126008,39.01572168,51.412404328,2024-06-01
SANTA CRUZ,2024,July,99.953761973,42.58406147,57.369700503000004,2024-07-01
SANTA CRUZ,2024,August,99.115201515,41.52878806,57.58641345499999,2024-08-01
SANTA CRUZ,2024,September,92.457208329,37.75854043,54.698667899,2024-09-01
SANTA CRUZ,2024,October,99.191170617,43.2414429,55.949727716999995,2024-10-01
SANTA CRUZ,2024,November,85.33338089600001,38.13393233,47.199448566,2024-11-01
SANTA CRUZ,2024,December,106.880473858,54.89630417,51.984169687999994,2024-12-01
SHASTA,2008,January,140.322693998,71.66924785,68.653446148,2008-01-01
SHASTA,2008,February,127.38685760999999,63.11132406,64.27553354999999,2008-02-01
SHASTA,2008,March,117.279514112,54.11855339,63.16096072199999,2008-03-01
SHASTA,2008,April,108.36218405099999,50.25254902,58.109635030999996,2008-04-01
SHASTA,2008,May,126.2659257,50.7179998,75.54792590000001,2008-05-01
SHASTA,2008,June,135.315069842,58.49509863,76.81997121200001,2008-06-01
SHASTA,2008,July,160.885555214,80.25211079,80.633444424,2008-07-01
SHASTA,2008,August,164.030696578,79.94722661,84.083469968,2008-08-01
SHASTA,2008,September,162.116097892,79.20152217,82.914575722,2008-09-01
SHASTA,2008,October,129.388571117,56.20070629,73.18786482699998,2008-10-01
SHASTA,2008,November,108.063057551,46.26560732,61.797450231000006,2008-11-01
SHASTA,2008,December,124.271592707,62.08624937,62.185343337000006,2008-12-01
SHASTA,2009,January,133.153535912,68.6696456,64.483890312,2009-01-01
SHASTA,2009,February,118.08351437099999,58.63168263,59.451831740999985,2009-02-01
SHASTA,2009,March,117.909962435,57.59757828,60.312384155000004,2009-03-01
SHASTA,2009,April,111.878248806,50.59363183,61.284616976,2009-04-01
SHASTA,2009,May,113.819007798,50.03831278,63.780695017999996,2009-05-01
SHASTA,2009,June,133.27949981799998,62.55311644,70.726383378,2009-06-01
SHASTA,2009,July,154.875915411,77.99465279,76.881262621,2009-07-01
SHASTA,2009,August,165.246892119,83.50429751,81.742594609,2009-08-01
SHASTA,2009,September,147.80709563300002,73.26771329,74.539382343,2009-09-01
SHASTA,2009,October,128.09718521,58.53802631,69.5591589,2009-10-01
SHASTA,2009,November,110.630631741,48.73888564,61.891746100999995,2009-11-01
SHASTA,2009,December,131.657811651,66.29088203,65.366929621,2009-12-01
SHASTA,2010,January,131.73528347899997,69.35257485,62.38270862899999,2010-01-01
SHASTA,2010,February,121.021848246,60.99831958,60.023528666000004,2010-02-01
SHASTA,2010,March,117.833058336,56.937309,60.895749335999994,2010-03-01
SHASTA,2010,April,115.76300363,53.51931203,62.243691600000005,2010-04-01
SHASTA,2010,May,108.50025801599999,47.87489513,60.625362886000005,2010-05-01
SHASTA,2010,June,119.50323931700001,53.95487748,65.548361837,2010-06-01
SHASTA,2010,July,146.21712196800001,78.95623892,67.26088304800001,2010-07-01
SHASTA,2010,August,153.946921765,83.65043142,70.29649034500001,2010-08-01
SHASTA,2010,September,140.60317431200002,68.16548697,72.43768734199999,2010-09-01
SHASTA,2010,October,120.044412658,54.08288407,65.961528588,2010-10-01
SHASTA,2010,November,117.789393627,52.07630057,65.713093057,2010-11-01
SHASTA,2010,December,130.510499403,66.36218848,64.148310923,2010-12-01
SHASTA,2011,January,132.410443384,69.37489358,63.035549804,2011-01-01
SHASTA,2011,February,115.176227014,58.68303631,56.493190704,2011-02-01
SHASTA,2011,March,118.34221939899999,60.34948582,57.992733578999996,2011-03-01
SHASTA,2011,April,113.644296194,54.42608586,59.218210334000005,2011-04-01
SHASTA,2011,May,106.439027377,48.35595384,58.083073537000004,2011-05-01
SHASTA,2011,June,121.715849157,55.75513907,65.960710087,2011-06-01
SHASTA,2011,July,142.33018456800002,71.88596015,70.444224418,2011-07-01
SHASTA,2011,August,154.539394958,76.9087586,77.630636358,2011-08-01
SHASTA,2011,September,151.195885586,77.11781096,74.07807462599999,2011-09-01
SHASTA,2011,October,126.080890815,57.03280399,69.04808682500001,2011-10-01
SHASTA,2011,November,111.398504203,51.7801856,59.618318603000006,2011-11-01
SHASTA,2011,December,126.42957772999999,64.07807093,62.35150679999999,2011-12-01
SHASTA,2012,January,129.544213446,67.78372919,61.760484256,2012-01-01
SHASTA,2012,February,115.40525537799999,60.15781957,55.247435808,2012-02-01
SHASTA,2012,March,113.782282739,56.43721393,57.345068809,2012-03-01
SHASTA,2012,April,111.982318649,54.41842914,57.563889509,2012-04-01
SHASTA,2012,May,114.84206481800001,51.1056821,63.736382717999994,2012-05-01
SHASTA,2012,June,126.410039602,59.25919088,67.150848722,2012-06-01
SHASTA,2012,July,146.062939317,72.11569292,73.947246397,2012-07-01
SHASTA,2012,August,158.556147979,84.40378625,74.15236172899999,2012-08-01
SHASTA,2012,September,146.314037578,70.64359531,75.670442268,2012-09-01
SHASTA,2012,October,132.116831438,60.26400449,71.852826948,2012-10-01
SHASTA,2012,November,111.819468015,49.31511896,62.50434905499999,2012-11-01
SHASTA,2012,December,124.395874562,61.29105846,63.104816102,2012-12-01
SHASTA,2013,January,136.085210195,73.82085271,62.264357485,2013-01-01
SHASTA,2013,February,117.168663971,60.38293543,56.785728541000005,2013-02-01
SHASTA,2013,March,115.23270208699999,53.86149217,61.371209916999995,2013-03-01
SHASTA,2013,April,104.811937633,47.95202574,56.859911893,2013-04-01
SHASTA,2013,May,118.826345016,51.67693836,67.149406656,2013-05-01
SHASTA,2013,June,135.47575476999998,63.89646748,71.57928729,2013-06-01
SHASTA,2013,July,158.999235029,82.64595072,76.35328430900002,2013-07-01
SHASTA,2013,August,158.58958417699998,80.45267598,78.13690819700001,2013-08-01
SHASTA,2013,September,146.597483252,71.00271996,75.59476329200001,2013-09-01
SHASTA,2013,October,117.683027662,51.69241519,65.990612472,2013-10-01
SHASTA,2013,November,106.343176355,46.39238271,59.950793645000005,2013-11-01
SHASTA,2013,December,129.199178592,63.69760222,65.501576372,2013-12-01
SHASTA,2014,January,126.72291016700001,63.09207791,63.630832257,2014-01-01
SHASTA,2014,February,114.67240094399999,55.48001995,59.192380994,2014-02-01
SHASTA,2014,March,112.050711618,51.32330978,60.727401838,2014-03-01
SHASTA,2014,April,107.869946894,48.31820638,59.551740514,2014-04-01
SHASTA,2014,May,117.805850469,48.30965815,69.49619231899999,2014-05-01
SHASTA,2014,June,139.36136415800001,64.28592992,75.07543423799999,2014-06-01
SHASTA,2014,July,163.024697355,81.25832036,81.766376995,2014-07-01
SHASTA,2014,August,162.82914904,81.76949084,81.0596582,2014-08-01
SHASTA,2014,September,152.03588496199998,72.38539097,79.650493992,2014-09-01
SHASTA,2014,October,117.99125332999999,52.69182632,65.29942701,2014-10-01
SHASTA,2014,November,102.130011442,46.32992912,55.80008232200001,2014-11-01
SHASTA,2014,December,122.629085166,57.29956055,65.329524616,2014-12-01
SHASTA,2015,January,125.609089871,62.65730833,62.951781540999995,2015-01-01
SHASTA,2015,February,108.299727671,51.61583864,56.683889031,2015-02-01
SHASTA,2015,March,110.377987387,48.53976961,61.838217777,2015-03-01
SHASTA,2015,April,106.332858808,45.55202561,60.78083319800001,2015-04-01
SHASTA,2015,May,117.75520640799999,47.90089565,69.85431075799998,2015-05-01
SHASTA,2015,June,134.229884893,61.25628905,72.973595843,2015-06-01
SHASTA,2015,July,174.17631861200002,90.28570041,83.890618202,2015-07-01
SHASTA,2015,August,161.525932843,77.9913299,83.534602943,2015-08-01
SHASTA,2015,September,149.562442742,68.40996831,81.15247443199999,2015-09-01
SHASTA,2015,October,124.580702743,53.0769733,71.50372944300001,2015-10-01
SHASTA,2015,November,113.716584954,47.50315779,66.213427164,2015-11-01
SHASTA,2015,December,129.188937448,61.75210513,67.436832318,2015-12-01
SHASTA,2016,January,118.20396626399999,58.59845411,59.605512153999996,2016-01-01
SHASTA,2016,February,105.237117762,50.18946368,55.047654081999994,2016-02-01
SHASTA,2016,March,100.04728600199999,45.59373168,54.453554322,2016-03-01
SHASTA,2016,April,94.612155992,41.68108183,52.931074161999994,2016-04-01
SHASTA,2016,May,98.951784842,41.57057019,57.381214652000004,2016-05-01
SHASTA,2016,June,123.22496122999999,54.59134065,68.63362058,2016-06-01
SHASTA,2016,July,197.079993288,96.74392043,100.336072858,2016-07-01
SHASTA,2016,August,211.93297866,107.2563968,104.67658186,2016-08-01
SHASTA,2016,September,189.550672723,91.31934315,98.23132957300001,2016-09-01
SHASTA,2016,October,103.95047688300001,46.20943038,57.741046503,2016-10-01
SHASTA,2016,November,92.24479431,41.77783653,50.466957779999994,2016-11-01
SHASTA,2016,December,110.564863049,53.43659768,57.128265369,2016-12-01
SHASTA,2017,January,132.216190501,67.5737882,64.64240230099999,2017-01-01
SHASTA,2017,February,116.596500123,58.34735469,58.24914543300001,2017-02-01
SHASTA,2017,March,115.14640837,54.8851561,60.26125227,2017-03-01
SHASTA,2017,April,104.523762514,47.16193377,57.36182874399999,2017-04-01
SHASTA,2017,May,112.990179627,49.29795289,63.692226737000006,2017-05-01
SHASTA,2017,June,132.78766740400002,61.95199491,70.83567249400001,2017-06-01
SHASTA,2017,July,168.080827501,86.92614769,81.15467981100001,2017-07-01
SHASTA,2017,August,177.67846560499999,91.85373147,85.824734135,2017-08-01
SHASTA,2017,September,157.894481677,80.19811507,77.69636660699999,2017-09-01
SHASTA,2017,October,118.484519491,50.01518295,68.46933654100002,2017-10-01
SHASTA,2017,November,109.22183755500001,46.32142088,62.900416675,2017-11-01
SHASTA,2017,December,118.034924663,56.83349074,61.201433922999996,2017-12-01
SHASTA,2018,January,125.559077144,61.94351847,63.615558674000006,2018-01-01
SHASTA,2018,February,115.278183802,54.38282686,60.89535694199999,2018-02-01
SHASTA,2018,March,119.161748843,58.0410743,61.120674543,2018-03-01
SHASTA,2018,April,110.510745154,49.62691989,60.883825263999995,2018-04-01
SHASTA,2018,May,117.456125305,50.20326111,67.252864195,2018-05-01
SHASTA,2018,June,131.570508209,59.17074251,72.399765699,2018-06-01
SHASTA,2018,July,163.854768257,84.00828415,79.84648410699998,2018-07-01
SHASTA,2018,August,177.609046184,92.23080522,85.37824096400001,2018-08-01
SHASTA,2018,September,143.897589479,67.12513351,76.772455969,2018-09-01
SHASTA,2018,October,118.80770375499999,51.68770005,67.12000370499999,2018-10-01
SHASTA,2018,November,108.16591722,45.6456596,62.520257619999995,2018-11-01
SHASTA,2018,December,122.412799989,58.4566715,63.956128488999994,2018-12-01
SHASTA,2019,January,121.994721508,63.56036502,58.434356488,2019-01-01
SHASTA,2019,February,109.48669348499999,55.53859109,53.948102395,2019-02-01
SHASTA,2019,March,112.29665481800001,55.77720714,56.519447678,2019-03-01
SHASTA,2019,April,107.223767446,49.17779952,58.045967925999996,2019-04-01
SHASTA,2019,May,115.546206897,48.56569511,66.980511787,2019-05-01
SHASTA,2019,June,124.38403665800001,57.09033232,67.293704338,2019-06-01
SHASTA,2019,July,162.323476259,80.48616657,81.837309689,2019-07-01
SHASTA,2019,August,164.628197646,83.74243998,80.885757666,2019-08-01
SHASTA,2019,September,154.330137388,75.08859061,79.241546778,2019-09-01
SHASTA,2019,October,117.42274841199999,49.41080854,68.011939872,2019-10-01
SHASTA,2019,November,101.861703857,42.16551231,59.696191547000005,2019-11-01
SHASTA,2019,December,124.101538058,57.20885858,66.892679478,2019-12-01
SHASTA,2020,January,126.014588901,62.87892712,63.135661780999996,2020-01-01
SHASTA,2020,February,112.794243911,54.5442706,58.24997331099999,2020-02-01
SHASTA,2020,March,108.675297331,49.01084794,59.664449391,2020-03-01
SHASTA,2020,April,107.532833618,51.82061222,55.712221398000004,2020-04-01
SHASTA,2020,May,110.129558236,50.86604447,59.263513766,2020-05-01
SHASTA,2020,June,127.182151638,60.61449808,66.567653558,2020-06-01
SHASTA,2020,July,170.528680393,88.70449058,81.824189813,2020-07-01
SHASTA,2020,August,172.302942743,90.02673643,82.276206313,2020-08-01
SHASTA,2020,September,158.059052447,79.52567358,78.533378867,2020-09-01
SHASTA,2020,October,131.136464155,59.85489268,71.281571475,2020-10-01
SHASTA,2020,November,110.511094893,49.38117416,61.129920733000006,2020-11-01
SHASTA,2020,December,124.568576664,61.06908819,63.499488473999996,2020-12-01
SHASTA,2021,January,129.229066042,65.57971529,63.649350752000004,2021-01-01
SHASTA,2021,February,121.88139005900001,61.73956047,60.141829589,2021-02-01
SHASTA,2021,March,116.61196805899999,57.73485605,58.877112008999994,2021-03-01
SHASTA,2021,April,113.53137693900001,51.36993814,62.161438798999995,2021-04-01
SHASTA,2021,May,123.88237097,54.65808011,69.22429086000001,2021-05-01
SHASTA,2021,June,147.948256785,70.83139338,77.11686340499999,2021-06-01
SHASTA,2021,July,191.068937308,104.8863244,86.182612908,2021-07-01
SHASTA,2021,August,176.46695875199998,93.07934954,83.38760921199999,2021-08-01
SHASTA,2021,September,155.711378344,78.67316171,77.038216634,2021-09-01
SHASTA,2021,October,123.214588893,55.32821267,67.886376223,2021-10-01
SHASTA,2021,November,110.018101665,49.19086776,60.82723390500001,2021-11-01
SHASTA,2021,December,125.949377911,60.5426491,65.40672881100001,2021-12-01
SHASTA,2022,January,131.677539436,67.6305538,64.04698563599999,2022-01-01
SHASTA,2022,February,112.85227008,54.96045921,57.89181087000001,2022-02-01
SHASTA,2022,March,113.011518762,53.64248091,59.369037852,2022-03-01
SHASTA,2022,April,110.726593206,48.082132,62.644461205999995,2022-04-01
SHASTA,2022,May,122.514436321,50.67257928,71.841857041,2022-05-01
SHASTA,2022,June,120.227360957,57.86295424,62.364406717,2022-06-01
SHASTA,2022,July,168.94765274300002,86.55011708,82.397535663,2022-07-01
SHASTA,2022,August,182.257800847,97.42831751,84.829483337,2022-08-01
SHASTA,2022,September,165.337781375,86.2263229,79.111458475,2022-09-01
SHASTA,2022,October,126.95382676,56.78098713,70.17283963,2022-10-01
SHASTA,2022,November,114.734898984,49.83306177,64.901837214,2022-11-01
SHASTA,2022,December,130.632114233,62.92371593,67.70839830300001,2022-12-01
SHASTA,2023,January,134.26918702,68.33581817,65.93336885000001,2023-01-01
SHASTA,2023,February,119.723037157,61.01726751,58.705769647,2023-02-01
SHASTA,2023,March,128.19272241800002,65.23778933,62.954933088000004,2023-03-01
SHASTA,2023,April,118.222879528,57.88853195,60.334347578000006,2023-04-01
SHASTA,2023,May,119.488635392,54.07474423,65.41389116200001,2023-05-01
SHASTA,2023,June,142.08598784400002,60.68667691,81.399310934,2023-06-01
SHASTA,2023,July,169.188109528,93.63344168,75.55466784799998,2023-07-01
SHASTA,2023,August,179.38987887500002,94.67618448,84.71369439500002,2023-08-01
SHASTA,2023,September,149.184913862,71.68570661,77.49920725199999,2023-09-01
SHASTA,2023,October,121.001970451,52.70031981,68.301650641,2023-10-01
SHASTA,2023,November,114.119888256,49.50408006,64.615808196,2023-11-01
SHASTA,2023,December,125.681137218,59.43823135,66.242905868,2023-12-01
SHASTA,2024,January,133.91218082700001,65.6282381,68.28394272700001,2024-01-01
SHASTA,2024,February,110.37187424999999,57.67318329,52.69869095999999,2024-02-01
SHASTA,2024,March,116.08489627099999,56.86901602,59.215880250999994,2024-03-01
SHASTA,2024,April,112.770784146,51.33053916,61.440244985999996,2024-04-01
SHASTA,2024,May,119.932295821,52.6491716,67.283124221,2024-05-01
SHASTA,2024,June,125.613097644,57.99807275,67.615024894,2024-06-01
SHASTA,2024,July,210.971341654,113.7477322,97.22360945400001,2024-07-01
SHASTA,2024,August,173.276071586,89.5502949,83.72577668599999,2024-08-01
SHASTA,2024,September,142.230614996,69.16384212,73.066772876,2024-09-01
SHASTA,2024,October,124.68910957199999,58.50175065,66.187358922,2024-10-01
SHASTA,2024,November,100.809594482,43.71302172,57.096572761999994,2024-11-01
SHASTA,2024,December,120.364080472,59.83206554,60.53201493200001,2024-12-01
SIERRA,2008,January,2.6800594479999997,1.773852205,0.9062072429999999,2008-01-01
SIERRA,2008,February,2.301919301,1.427971826,0.8739474749999999,2008-02-01
SIERRA,2008,March,2.072284773,1.308045792,0.764238981,2008-03-01
SIERRA,2008,April,1.945176647,1.191095837,0.75408081,2008-04-01
SIERRA,2008,May,1.9974753179999998,1.081991801,0.915483517,2008-05-01
SIERRA,2008,June,1.691659081,0.935914231,0.7557448499999999,2008-06-01
SIERRA,2008,July,2.3308611669999997,1.194157303,1.136703864,2008-07-01
SIERRA,2008,August,2.067770908,1.023462366,1.044308542,2008-08-01
SIERRA,2008,September,1.9323581210000003,1.058292607,0.8740655139999999,2008-09-01
SIERRA,2008,October,1.8921159659999998,1.089158873,0.8029570930000001,2008-10-01
SIERRA,2008,November,1.766512107,1.019548012,0.7469640949999999,2008-11-01
SIERRA,2008,December,2.4242424369999998,1.399106792,1.025135645,2008-12-01
SIERRA,2009,January,2.5340348660000003,1.60716103,0.926873836,2009-01-01
SIERRA,2009,February,1.8388017749999999,1.167486839,0.671314936,2009-02-01
SIERRA,2009,March,2.194515627,1.379086623,0.815429004,2009-03-01
SIERRA,2009,April,1.950798105,1.220099351,0.730698754,2009-04-01
SIERRA,2009,May,2.00020484,1.0566919,0.94351294,2009-05-01
SIERRA,2009,June,1.827712865,1.068317788,0.7593950770000001,2009-06-01
SIERRA,2009,July,2.45627708,1.197074702,1.2592023780000001,2009-07-01
SIERRA,2009,August,2.041920863,1.090668087,0.9512527759999998,2009-08-01
SIERRA,2009,September,1.8298539299999999,1.011443402,0.8184105280000001,2009-09-01
SIERRA,2009,October,1.6655625269999998,1.014028483,0.651534044,2009-10-01
SIERRA,2009,November,1.9352856569999999,1.166353056,0.7689326009999999,2009-11-01
SIERRA,2009,December,2.157382005,1.416038472,0.7413435329999999,2009-12-01
SIERRA,2010,January,2.259551043,1.540563401,0.718987642,2010-01-01
SIERRA,2010,February,2.1218626580000004,1.237485238,0.8843774200000001,2010-02-01
SIERRA,2010,March,2.043203118,1.35400245,0.6892006679999999,2010-03-01
SIERRA,2010,April,2.190625891,1.404586245,0.786039646,2010-04-01
SIERRA,2010,May,1.439882976,0.945836521,0.494046455,2010-05-01
SIERRA,2010,June,2.1363411589999997,1.251390592,0.884950567,2010-06-01
SIERRA,2010,July,1.977716499,1.009776739,0.9679397600000001,2010-07-01
SIERRA,2010,August,2.0420908890000002,1.103724696,0.938366193,2010-08-01
SIERRA,2010,September,1.8555942550000002,1.041160427,0.814433828,2010-09-01
SIERRA,2010,October,1.764869913,0.986263115,0.778606798,2010-10-01
SIERRA,2010,November,1.588272127,1.011191736,0.5770803909999999,2010-11-01
SIERRA,2010,December,2.2867017499999998,1.491184822,0.795516928,2010-12-01
SIERRA,2011,January,2.154175451,1.346559214,0.807616237,2011-01-01
SIERRA,2011,February,2.5189393989999997,1.587942485,0.9309969140000001,2011-02-01
SIERRA,2011,March,2.323266711,1.473847065,0.849419646,2011-03-01
SIERRA,2011,April,1.495250285,0.952495764,0.542754521,2011-04-01
SIERRA,2011,May,1.5734335380000002,1.008765116,0.564668422,2011-05-01
SIERRA,2011,June,2.016205366,1.162671976,0.85353339,2011-06-01
SIERRA,2011,July,1.509628093,0.774112866,0.7355152269999999,2011-07-01
SIERRA,2011,August,2.348294344,1.201032109,1.147262235,2011-08-01
SIERRA,2011,September,1.7725481310000002,0.953008217,0.819539914,2011-09-01
SIERRA,2011,October,1.537034928,0.934265537,0.602769391,2011-10-01
SIERRA,2011,November,2.012810896,1.255521454,0.7572894419999999,2011-11-01
SIERRA,2011,December,2.15343651,1.402804026,0.750632484,2011-12-01
SIERRA,2012,January,2.405384454,1.563312182,0.8420722719999999,2012-01-01
SIERRA,2012,February,2.7973075520000004,1.769938261,1.027369291,2012-02-01
SIERRA,2012,March,2.1733745979999997,1.391746907,0.781627691,2012-03-01
SIERRA,2012,April,1.617831212,1.034989652,0.5828415600000001,2012-04-01
SIERRA,2012,May,1.839308918,1.068492644,0.770816274,2012-05-01
SIERRA,2012,June,1.774710019,0.957105887,0.8176041319999999,2012-06-01
SIERRA,2012,July,2.0255510070000002,1.043007749,0.9825432580000001,2012-07-01
SIERRA,2012,August,2.029403657,1.114609085,0.914794572,2012-08-01
SIERRA,2012,September,1.769109432,0.996450688,0.772658744,2012-09-01
SIERRA,2012,October,1.4702032219999999,0.870818079,0.599385143,2012-10-01
SIERRA,2012,November,1.866068135,1.200291527,0.6657766079999999,2012-11-01
SIERRA,2012,December,1.827094184,1.199894569,0.627199615,2012-12-01
SIERRA,2013,January,2.390601765,1.550245861,0.8403559039999999,2013-01-01
SIERRA,2013,February,2.9558282289999998,1.837775991,1.118052238,2013-02-01
SIERRA,2013,March,1.8894668410000002,1.180218747,0.7092480940000001,2013-03-01
SIERRA,2013,April,1.6569536049999998,1.017921602,0.639032003,2013-04-01
SIERRA,2013,May,1.8111642170000002,1.004710618,0.8064535989999999,2013-05-01
SIERRA,2013,June,1.632279909,0.841291825,0.790988084,2013-06-01
SIERRA,2013,July,2.275963744,1.140562677,1.1354010669999999,2013-07-01
SIERRA,2013,August,2.031498873,1.086634587,0.944864286,2013-08-01
SIERRA,2013,September,1.7790606540000002,1.03122216,0.747838494,2013-09-01
SIERRA,2013,October,1.41963378,0.869323496,0.550310284,2013-10-01
SIERRA,2013,November,1.732471367,1.061848375,0.670622992,2013-11-01
SIERRA,2013,December,1.9804395879999999,1.29636815,0.684071438,2013-12-01
SIERRA,2014,January,1.950117548,1.201890583,0.7482269650000001,2014-01-01
SIERRA,2014,February,2.16963304,1.250180385,0.919452655,2014-02-01
SIERRA,2014,March,1.616749703,0.974226943,0.6425227600000001,2014-03-01
SIERRA,2014,April,1.975274487,1.198780877,0.7764936100000001,2014-04-01
SIERRA,2014,May,2.828372437,1.516988802,1.3113836349999999,2014-05-01
SIERRA,2014,June,2.159984903,1.026150086,1.133834817,2014-06-01
SIERRA,2014,July,2.096441191,1.058380135,1.038061056,2014-07-01
SIERRA,2014,August,2.201786924,1.175182478,1.026604446,2014-08-01
SIERRA,2014,September,1.4883677190000002,0.723583496,0.764784223,2014-09-01
SIERRA,2014,October,1.700713586,1.052822343,0.647891243,2014-10-01
SIERRA,2014,November,1.7695493189999998,1.0343128,0.735236519,2014-11-01
SIERRA,2014,December,1.734477294,1.069077936,0.665399358,2014-12-01
SIERRA,2015,January,2.008519848,1.317984584,0.6905352640000001,2015-01-01
SIERRA,2015,February,2.270622427,1.428031139,0.8425912879999998,2015-02-01
SIERRA,2015,March,1.8050033210000003,1.136440947,0.6685623740000001,2015-03-01
SIERRA,2015,April,1.611889176,0.968029181,0.643859995,2015-04-01
SIERRA,2015,May,2.108241804,1.236375904,0.8718659,2015-05-01
SIERRA,2015,June,1.785701785,0.932685126,0.853016659,2015-06-01
SIERRA,2015,July,2.096761158,1.173990253,0.9227709050000001,2015-07-01
SIERRA,2015,August,2.431534197,1.280435301,1.1510988960000001,2015-08-01
SIERRA,2015,September,1.8075193969999999,0.971249519,0.836269878,2015-09-01
SIERRA,2015,October,1.821182767,1.122354868,0.6988278990000001,2015-10-01
SIERRA,2015,November,2.239842837,1.383011247,0.85683159,2015-11-01
SIERRA,2015,December,2.151217146,1.510874714,0.6403424320000001,2015-12-01
SIERRA,2016,January,2.305009912,1.535002318,0.770007594,2016-01-01
SIERRA,2016,February,2.764303185,1.687673428,1.076629757,2016-02-01
SIERRA,2016,March,2.0905704590000003,1.418077553,0.672492906,2016-03-01
SIERRA,2016,April,1.623650399,1.046139932,0.577510467,2016-04-01
SIERRA,2016,May,2.191690948,1.384667361,0.8070235870000001,2016-05-01
SIERRA,2016,June,1.890439317,1.028943392,0.8614959249999999,2016-06-01
SIERRA,2016,July,2.141556219,1.095593282,1.0459629369999999,2016-07-01
SIERRA,2016,August,2.710683744,1.430953335,1.2797304090000001,2016-08-01
SIERRA,2016,September,1.780512742,1.003954743,0.776557999,2016-09-01
SIERRA,2016,October,1.910090184,1.189798411,0.7202917729999999,2016-10-01
SIERRA,2016,November,2.534268579,1.625458835,0.908809744,2016-11-01
SIERRA,2016,December,1.9920966199999999,1.334493704,0.657602916,2016-12-01
SIERRA,2017,January,2.138344102,1.496409936,0.641934166,2017-01-01
SIERRA,2017,February,1.845712161,1.200538249,0.6451739120000001,2017-02-01
SIERRA,2017,March,2.085084779,1.461208945,0.623875834,2017-03-01
SIERRA,2017,April,1.627116772,1.074770982,0.55234579,2017-04-01
SIERRA,2017,May,1.4747336930000001,0.956170303,0.51856339,2017-05-01
SIERRA,2017,June,1.724076532,0.964826219,0.759250313,2017-06-01
SIERRA,2017,July,2.066426077,1.004903714,1.061522363,2017-07-01
SIERRA,2017,August,2.069613832,1.049910233,1.019703599,2017-08-01
SIERRA,2017,September,1.7305644789999999,0.953048806,0.7775156729999999,2017-09-01
SIERRA,2017,October,1.640157633,1.035794429,0.604363204,2017-10-01
SIERRA,2017,November,1.573468253,1.134778667,0.4386895860000001,2017-11-01
SIERRA,2017,December,1.9241114750000001,1.303997475,0.6201139999999999,2017-12-01
SIERRA,2018,January,1.8648988910000002,1.293162034,0.571736857,2018-01-01
SIERRA,2018,February,1.83006403,1.209157254,0.620906776,2018-02-01
SIERRA,2018,March,2.061403308,1.414929297,0.646474011,2018-03-01
SIERRA,2018,April,1.717898851,1.105301315,0.6125975360000001,2018-04-01
SIERRA,2018,May,1.410697233,0.95524476,0.455452473,2018-05-01
SIERRA,2018,June,1.471541177,0.885734919,0.585806258,2018-06-01
SIERRA,2018,July,2.04431258,1.05681048,0.9875020999999999,2018-07-01
SIERRA,2018,August,1.9631651420000003,1.009549018,0.9536161240000001,2018-08-01
SIERRA,2018,September,1.77124501,0.952083598,0.819161412,2018-09-01
SIERRA,2018,October,1.512359942,0.912272302,0.6000876399999999,2018-10-01
SIERRA,2018,November,1.648306094,1.141139129,0.507166965,2018-11-01
SIERRA,2018,December,1.801448612,1.301320893,0.500127719,2018-12-01
SIERRA,2019,January,1.815941321,1.353374567,0.462566754,2019-01-01
SIERRA,2019,February,1.585917503,1.143578743,0.44233876000000005,2019-02-01
SIERRA,2019,March,2.7646478020000003,1.136294421,1.6283533810000002,2019-03-01
SIERRA,2019,April,1.4538084970000003,1.009812834,0.44399566300000004,2019-04-01
SIERRA,2019,May,1.7588987729999999,1.004703365,0.754195408,2019-05-01
SIERRA,2019,June,1.656672264,0.940012568,0.716659696,2019-06-01
SIERRA,2019,July,2.03416801,0.965731147,1.0684368629999998,2019-07-01
SIERRA,2019,August,1.9700432650000002,0.952080143,1.017963122,2019-08-01
SIERRA,2019,September,1.654436976,0.854590678,0.7998462980000001,2019-09-01
SIERRA,2019,October,1.761056045,1.083313019,0.6777430259999999,2019-10-01
SIERRA,2019,November,1.4768628320000001,0.901819645,0.575043187,2019-11-01
SIERRA,2019,December,2.049770058,1.415327508,0.63444255,2019-12-01
SIERRA,2020,January,2.158134671,1.394720226,0.7634144449999999,2020-01-01
SIERRA,2020,February,1.8390126740000001,1.122136921,0.7168757530000001,2020-02-01
SIERRA,2020,March,1.7668420189999998,1.285544616,0.481297403,2020-03-01
SIERRA,2020,April,2.035218307,1.20684713,0.8283711770000001,2020-04-01
SIERRA,2020,May,1.615000335,0.919813421,0.695186914,2020-05-01
SIERRA,2020,June,1.712842329,1.020165456,0.692676873,2020-06-01
SIERRA,2020,July,2.040029063,0.976182617,1.0638464460000001,2020-07-01
SIERRA,2020,August,2.14768815,1.079044656,1.068643494,2020-08-01
SIERRA,2020,September,1.770348781,0.944318295,0.826030486,2020-09-01
SIERRA,2020,October,1.528949189,0.922136005,0.606813184,2020-10-01
SIERRA,2020,November,1.603686551,1.076282361,0.5274041899999999,2020-11-01
SIERRA,2020,December,2.0212442520000002,1.452031845,0.569212407,2020-12-01
SIERRA,2021,January,2.010940603,1.428103583,0.58283702,2021-01-01
SIERRA,2021,February,1.724526142,1.166473849,0.5580522929999999,2021-02-01
SIERRA,2021,March,2.0714358539999997,1.463532908,0.607902946,2021-03-01
SIERRA,2021,April,1.808068648,1.159092597,0.6489760510000001,2021-04-01
SIERRA,2021,May,1.8051389,0.980825221,0.824313679,2021-05-01
SIERRA,2021,June,2.039931099,1.078731617,0.961199482,2021-06-01
SIERRA,2021,July,2.276339935,1.15637896,1.119960975,2021-07-01
SIERRA,2021,August,2.074524605,1.060095397,1.0144292080000001,2021-08-01
SIERRA,2021,September,1.793264461,0.966286283,0.826978178,2021-09-01
SIERRA,2021,October,1.58534282,0.973907133,0.611435687,2021-10-01
SIERRA,2021,November,1.6511523590000001,1.085851699,0.56530066,2021-11-01
SIERRA,2021,December,1.9445782,1.352975438,0.5916027620000001,2021-12-01
SIERRA,2022,January,2.176511861,1.495389184,0.681122677,2022-01-01
SIERRA,2022,February,1.921987611,1.240489778,0.681497833,2022-02-01
SIERRA,2022,March,2.0012148159999996,1.288418681,0.7127961349999999,2022-03-01
SIERRA,2022,April,1.7070722010000001,1.106468483,0.600603718,2022-04-01
SIERRA,2022,May,1.642413247,1.017200838,0.625212409,2022-05-01
SIERRA,2022,June,1.929085876,0.96508308,0.964002796,2022-06-01
SIERRA,2022,July,2.087144585,0.996758511,1.090386074,2022-07-01
SIERRA,2022,August,2.059048185,1.025071431,1.033976754,2022-08-01
SIERRA,2022,September,1.847090961,0.973199651,0.87389131,2022-09-01
SIERRA,2022,October,1.682783511,0.92752457,0.755258941,2022-10-01
SIERRA,2022,November,1.766368742,1.185742156,0.580626586,2022-11-01
SIERRA,2022,December,2.055075237,1.438691006,0.616384231,2022-12-01
SIERRA,2023,January,2.1896082779999997,1.595804282,0.593803996,2023-01-01
SIERRA,2023,February,2.0815252319999997,1.49071128,0.590813952,2023-02-01
SIERRA,2023,March,2.078358966,1.515678386,0.56268058,2023-03-01
SIERRA,2023,April,1.270794407,0.861147304,0.40964710299999996,2023-04-01
SIERRA,2023,May,1.5083140659999998,1.018195324,0.490118742,2023-05-01
SIERRA,2023,June,1.519065172,0.922088238,0.596976934,2023-06-01
SIERRA,2023,July,1.708421504,0.967063334,0.74135817,2023-07-01
SIERRA,2023,August,1.7116331740000001,0.956532743,0.7551004309999999,2023-08-01
SIERRA,2023,September,1.455869083,0.890894568,0.564974515,2023-09-01
SIERRA,2023,October,1.201794208,0.871163057,0.33063115099999996,2023-10-01
SIERRA,2023,November,1.3011202370000001,1.011796606,0.28932363099999997,2023-11-01
SIERRA,2023,December,1.69670112,1.325714924,0.37098619600000005,2023-12-01
SIERRA,2024,January,1.8167926079999999,1.329014169,0.48777843899999995,2024-01-01
SIERRA,2024,February,1.96036111,1.194092513,0.7662685969999999,2024-02-01
SIERRA,2024,March,2.096959715,1.238245972,0.8587137429999999,2024-03-01
SIERRA,2024,April,1.51688862,1.076028547,0.440860073,2024-04-01
SIERRA,2024,May,1.32933483,0.873209708,0.45612512200000005,2024-05-01
SIERRA,2024,June,1.6924018490000001,0.913620356,0.7787814930000001,2024-06-01
SIERRA,2024,July,1.8840108409999998,1.023494757,0.8605160839999999,2024-07-01
SIERRA,2024,August,2.012011621,0.97156143,1.040450191,2024-08-01
SIERRA,2024,September,1.754436423,0.895869174,0.8585672489999999,2024-09-01
SIERRA,2024,October,1.847601817,0.854583943,0.993017874,2024-10-01
SIERRA,2024,November,1.6367372340000002,1.042784699,0.593952535,2024-11-01
SIERRA,2024,December,2.16346209,1.321673741,0.8417883489999999,2024-12-01
SISKIYOU,2008,January,54.672942803,29.93540835,24.737534452999995,2008-01-01
SISKIYOU,2008,February,51.105576991,27.31144993,23.794127061000005,2008-02-01
SISKIYOU,2008,March,41.418260758,22.87211863,18.546142128,2008-03-01
SISKIYOU,2008,April,44.383415792,21.27215969,23.111256102,2008-04-01
SISKIYOU,2008,May,45.381919071,18.76537395,26.616545121,2008-05-01
SISKIYOU,2008,June,45.487909396,16.56161901,28.926290385999998,2008-06-01
SISKIYOU,2008,July,48.169985071999996,16.8812774,31.288707672,2008-07-01
SISKIYOU,2008,August,48.740348141,17.40025712,31.340091021,2008-08-01
SISKIYOU,2008,September,35.972884442,16.65320835,19.319676092,2008-09-01
SISKIYOU,2008,October,38.006255376,15.44978542,22.556469956,2008-10-01
SISKIYOU,2008,November,41.676884473,19.4472702,22.229614273,2008-11-01
SISKIYOU,2008,December,46.84118689,24.30473453,22.53645236,2008-12-01
SISKIYOU,2009,January,50.607052677,28.94473925,21.662313427000004,2009-01-01
SISKIYOU,2009,February,46.435042519,24.76878368,21.666258839,2009-02-01
SISKIYOU,2009,March,44.394853213,23.44162403,20.953229183,2009-03-01
SISKIYOU,2009,April,40.429740928,19.48065272,20.949088208,2009-04-01
SISKIYOU,2009,May,41.493985867,17.12860129,24.365384576999997,2009-05-01
SISKIYOU,2009,June,40.690812657,15.37267665,25.318136007,2009-06-01
SISKIYOU,2009,July,45.35416452,16.43077243,28.923392090000004,2009-07-01
SISKIYOU,2009,August,39.683960764,17.47990193,22.204058834,2009-08-01
SISKIYOU,2009,September,43.253613276,16.37264296,26.880970316000003,2009-09-01
SISKIYOU,2009,October,36.268268850999995,15.68427574,20.583993110999998,2009-10-01
SISKIYOU,2009,November,38.44700329,19.02279459,19.424208699999998,2009-11-01
SISKIYOU,2009,December,50.509649861,26.00642991,24.503219951000002,2009-12-01
SISKIYOU,2010,January,49.461905185,27.26889174,22.193013445,2010-01-01
SISKIYOU,2010,February,40.777873666,23.74048173,17.037391936,2010-02-01
SISKIYOU,2010,March,41.275431078,22.12477134,19.150659737999998,2010-03-01
SISKIYOU,2010,April,36.915455551,19.43995454,17.475501011,2010-04-01
SISKIYOU,2010,May,40.011485492,18.77967132,21.231814172000004,2010-05-01
SISKIYOU,2010,June,38.387853104,17.17903991,21.208813193999998,2010-06-01
SISKIYOU,2010,July,44.392219968,16.09662911,28.295590857999997,2010-07-01
SISKIYOU,2010,August,45.419787170999996,17.30438212,28.115405050999996,2010-08-01
SISKIYOU,2010,September,40.551255897,15.31947794,25.231777957,2010-09-01
SISKIYOU,2010,October,35.801978002,14.72096591,21.081012092,2010-10-01
SISKIYOU,2010,November,38.477001569,18.45010331,20.026898259,2010-11-01
SISKIYOU,2010,December,50.009570436,26.23889235,23.770678086000004,2010-12-01
SISKIYOU,2011,January,46.456418285000005,27.36904308,19.087375205,2011-01-01
SISKIYOU,2011,February,40.276486180999996,23.89428266,16.382203521,2011-02-01
SISKIYOU,2011,March,41.773013304,23.18063622,18.592377084,2011-03-01
SISKIYOU,2011,April,41.117296929999995,20.80548717,20.311809759999996,2011-04-01
SISKIYOU,2011,May,40.44656416,18.42685209,22.019712069999997,2011-05-01
SISKIYOU,2011,June,41.383285696,16.9589575,24.424328196000005,2011-06-01
SISKIYOU,2011,July,42.078817173000004,15.58814997,26.490667202999997,2011-07-01
SISKIYOU,2011,August,42.653629355999996,15.50545281,27.148176546,2011-08-01
SISKIYOU,2011,September,37.995262313,15.04218672,22.953075593,2011-09-01
SISKIYOU,2011,October,37.766772767,15.46794796,22.298824806999995,2011-10-01
SISKIYOU,2011,November,39.448077727,18.11619348,21.331884247,2011-11-01
SISKIYOU,2011,December,48.537589291,25.11737447,23.420214821,2011-12-01
SISKIYOU,2012,January,42.49673854,27.72789508,14.76884346,2012-01-01
SISKIYOU,2012,February,37.452356943,23.22763979,14.224717153,2012-02-01
SISKIYOU,2012,March,37.42502226,22.53057513,14.89444713,2012-03-01
SISKIYOU,2012,April,43.166048285,19.33308448,23.832963805000002,2012-04-01
SISKIYOU,2012,May,42.602990624,16.78170074,25.821289884000002,2012-05-01
SISKIYOU,2012,June,48.481315924,15.88630879,32.595007134,2012-06-01
SISKIYOU,2012,July,35.269404913,15.55525967,19.714145243,2012-07-01
SISKIYOU,2012,August,32.313570497,15.19597836,17.117592136999995,2012-08-01
SISKIYOU,2012,September,34.908104842,15.82794402,19.080160822,2012-09-01
SISKIYOU,2012,October,44.455717287,15.93301451,28.522702776999996,2012-10-01
SISKIYOU,2012,November,39.626002129999996,16.48778695,23.13821518,2012-11-01
SISKIYOU,2012,December,47.742247418,23.53958997,24.202657448,2012-12-01
SISKIYOU,2013,January,50.845318078999995,29.03660874,21.808709339,2013-01-01
SISKIYOU,2013,February,45.729484415,24.88933179,20.840152624999998,2013-02-01
SISKIYOU,2013,March,41.655007041,21.62774875,20.027258291000003,2013-03-01
SISKIYOU,2013,April,37.345810033999996,18.08608404,19.259725994000004,2013-04-01
SISKIYOU,2013,May,37.439481718,16.16570231,21.273779408,2013-05-01
SISKIYOU,2013,June,41.417730537,14.9105101,26.507220437,2013-06-01
SISKIYOU,2013,July,40.278146238,16.60827216,23.669874078,2013-07-01
SISKIYOU,2013,August,46.415761644,17.36076195,29.054999694,2013-08-01
SISKIYOU,2013,September,37.223942565,14.33895431,22.884988255,2013-09-01
SISKIYOU,2013,October,37.829706214,16.20430904,21.625397174,2013-10-01
SISKIYOU,2013,November,37.653960188,17.72204606,19.931914128,2013-11-01
SISKIYOU,2013,December,45.803447714,25.30193284,20.501514873999998,2013-12-01
SISKIYOU,2014,January,52.554659574,29.75907801,22.795581564,2014-01-01
SISKIYOU,2014,February,41.479259911,21.59435965,19.884900261,2014-02-01
SISKIYOU,2014,March,37.062119673,18.33557382,18.726545853,2014-03-01
SISKIYOU,2014,April,37.059979681,17.66134571,19.398633971,2014-04-01
SISKIYOU,2014,May,37.919383327,14.98521479,22.934168537,2014-05-01
SISKIYOU,2014,June,42.189136155999996,14.09566969,28.093466466,2014-06-01
SISKIYOU,2014,July,42.558655685,15.67517506,26.883480624999997,2014-07-01
SISKIYOU,2014,August,44.472570601,16.42019289,28.052377711000002,2014-08-01
SISKIYOU,2014,September,39.739239507,14.9993336,24.739905907,2014-09-01
SISKIYOU,2014,October,32.465421666,13.60932626,18.856095406,2014-10-01
SISKIYOU,2014,November,35.104510751,15.60141828,19.503092471000002,2014-11-01
SISKIYOU,2014,December,41.934048074,22.34618257,19.587865504,2014-12-01
SISKIYOU,2015,January,47.006489871999996,25.41128969,21.595200182000003,2015-01-01
SISKIYOU,2015,February,40.013412156,20.9308121,19.082600056,2015-02-01
SISKIYOU,2015,March,41.708490147,19.51025711,22.198233037,2015-03-01
SISKIYOU,2015,April,36.130086511,17.48670353,18.643382981,2015-04-01
SISKIYOU,2015,May,37.969743214,15.32457191,22.645171304,2015-05-01
SISKIYOU,2015,June,39.687196174,15.15667638,24.530519794,2015-06-01
SISKIYOU,2015,July,45.047676282000005,17.29797632,27.749699962,2015-07-01
SISKIYOU,2015,August,44.549720813,16.49582054,28.053900272999996,2015-08-01
SISKIYOU,2015,September,40.68367501,15.32229507,25.36137994,2015-09-01
SISKIYOU,2015,October,36.10059689,14.44899673,21.65160016,2015-10-01
SISKIYOU,2015,November,38.425400805,17.44164957,20.983751235,2015-11-01
SISKIYOU,2015,December,46.169966841,25.35754793,20.812418910999995,2015-12-01
SISKIYOU,2016,January,46.626365803,27.14662638,19.479739422999998,2016-01-01
SISKIYOU,2016,February,40.300144627,22.00597079,18.294173837000002,2016-02-01
SISKIYOU,2016,March,35.512523203,19.61338357,15.899139633,2016-03-01
SISKIYOU,2016,April,33.748627812,17.26337895,16.485248862,2016-04-01
SISKIYOU,2016,May,36.108456153,14.62151877,21.486937382999997,2016-05-01
SISKIYOU,2016,June,41.250382801,14.47213548,26.778247321000006,2016-06-01
SISKIYOU,2016,July,48.852350508,16.31357071,32.538779798,2016-07-01
SISKIYOU,2016,August,45.411816511000005,16.33539353,29.076422981000004,2016-08-01
SISKIYOU,2016,September,47.322678361,15.66185382,31.660824541000004,2016-09-01
SISKIYOU,2016,October,36.577799139,14.83189629,21.745902849,2016-10-01
SISKIYOU,2016,November,35.625713207,17.8255703,17.800142907,2016-11-01
SISKIYOU,2016,December,44.048018437,23.64987834,20.398140097,2016-12-01
SISKIYOU,2017,January,50.383790776,29.46327636,20.920514416000003,2017-01-01
SISKIYOU,2017,February,41.238129371999996,24.52011888,16.718010491999998,2017-02-01
SISKIYOU,2017,March,38.240141744,21.57308624,16.667055504,2017-03-01
SISKIYOU,2017,April,37.528837385,18.89488075,18.633956635,2017-04-01
SISKIYOU,2017,May,35.004021242,16.39995591,18.604065332,2017-05-01
SISKIYOU,2017,June,42.648193324,15.22889647,27.419296854000002,2017-06-01
SISKIYOU,2017,July,52.10847493,17.6108617,34.49761323,2017-07-01
SISKIYOU,2017,August,46.749847710999994,16.96164854,29.788199171,2017-08-01
SISKIYOU,2017,September,43.09914538,15.35484834,27.744297040000003,2017-09-01
SISKIYOU,2017,October,36.236159593,15.10014706,21.136012533000002,2017-10-01
SISKIYOU,2017,November,38.105946755,18.89626931,19.209677444999997,2017-11-01
SISKIYOU,2017,December,45.232699969,24.04278992,21.189910049,2017-12-01
SISKIYOU,2018,January,45.731482682,26.28115896,19.450323721999997,2018-01-01
SISKIYOU,2018,February,35.30063136099999,20.62023119,14.680400171,2018-02-01
SISKIYOU,2018,March,39.349988734,22.37207388,16.977914854,2018-03-01
SISKIYOU,2018,April,37.460930473999994,18.89565329,18.565277184,2018-04-01
SISKIYOU,2018,May,36.95684232,15.33520541,21.621636909999996,2018-05-01
SISKIYOU,2018,June,42.96600285,15.39440149,27.57160136,2018-06-01
SISKIYOU,2018,July,46.871884693,15.2491961,31.622688593000003,2018-07-01
SISKIYOU,2018,August,50.207093821,16.94086254,33.266231281,2018-08-01
SISKIYOU,2018,September,43.675341285,15.34761388,28.327727404999994,2018-09-01
SISKIYOU,2018,October,32.788895899,13.57001896,19.218876939,2018-10-01
SISKIYOU,2018,November,35.020051591,17.53647957,17.483572021,2018-11-01
SISKIYOU,2018,December,46.257547179,23.60998632,22.647560859,2018-12-01
SISKIYOU,2019,January,41.733767794,25.60294624,16.130821554,2019-01-01
SISKIYOU,2019,February,40.555376452000004,22.69743579,17.857940662,2019-02-01
SISKIYOU,2019,March,42.135256323,23.326043,18.809213322999998,2019-03-01
SISKIYOU,2019,April,40.127667916,18.70926963,21.418398286,2019-04-01
SISKIYOU,2019,May,32.271090373,14.64275985,17.628330523,2019-05-01
SISKIYOU,2019,June,41.078145306,15.18283747,25.895307836,2019-06-01
SISKIYOU,2019,July,43.172708642,15.68199912,27.490709522000003,2019-07-01
SISKIYOU,2019,August,51.339177138000004,16.70229949,34.63687764800001,2019-08-01
SISKIYOU,2019,September,45.143302018,15.36564983,29.777652187999998,2019-09-01
SISKIYOU,2019,October,35.142349592,15.3196363,19.822713291999996,2019-10-01
SISKIYOU,2019,November,34.721166935,17.6801867,17.040980235,2019-11-01
SISKIYOU,2019,December,43.602129725,24.95765269,18.644477034999998,2019-12-01
SISKIYOU,2020,January,44.133437153,25.61277419,18.520662963000003,2020-01-01
SISKIYOU,2020,February,41.829633071,22.63477842,19.194854651,2020-02-01
SISKIYOU,2020,March,38.216575939,20.472262,17.744313938999998,2020-03-01
SISKIYOU,2020,April,38.734867408,19.16825561,19.566611798,2020-04-01
SISKIYOU,2020,May,41.503404937999996,16.04839967,25.455005268,2020-05-01
SISKIYOU,2020,June,42.118619628,16.41553595,25.703083678,2020-06-01
SISKIYOU,2020,July,47.279209140999995,16.87329637,30.405912771,2020-07-01
SISKIYOU,2020,August,53.557587622,18.92222185,34.635365772000014,2020-08-01
SISKIYOU,2020,September,48.147896679999995,17.91184671,30.23604997,2020-09-01
SISKIYOU,2020,October,38.228123787,15.00787757,23.220246216999996,2020-10-01
SISKIYOU,2020,November,36.617396626,18.49798633,18.119410295999998,2020-11-01
SISKIYOU,2020,December,45.32940122,26.83090928,18.49849194,2020-12-01
SISKIYOU,2021,January,46.326885347,27.81687799,18.510007357,2021-01-01
SISKIYOU,2021,February,43.457864037,25.34646929,18.111394747,2021-02-01
SISKIYOU,2021,March,41.232332391999996,23.21164072,18.020691671999995,2021-03-01
SISKIYOU,2021,April,40.109988303,19.75816721,20.351821093,2021-04-01
SISKIYOU,2021,May,41.247328861999996,16.50587108,24.741457782,2021-05-01
SISKIYOU,2021,June,48.880850308,16.81520364,32.065646668,2021-06-01
SISKIYOU,2021,July,54.733310278,19.94439126,34.788919018,2021-07-01
SISKIYOU,2021,August,55.986765249,19.78832835,36.198436899,2021-08-01
SISKIYOU,2021,September,44.136293341,16.30469971,27.831593630999997,2021-09-01
SISKIYOU,2021,October,37.680442845,15.36360449,22.316838354999998,2021-10-01
SISKIYOU,2021,November,36.490359271,18.76224752,17.728111751,2021-11-01
SISKIYOU,2021,December,42.844544063,24.7396111,18.104932963,2021-12-01
SISKIYOU,2022,January,46.930596971,29.61760186,17.312995111,2022-01-01
SISKIYOU,2022,February,42.586822348,24.45686911,18.129953237999995,2022-02-01
SISKIYOU,2022,March,42.384143945999995,22.60936384,19.774780106,2022-03-01
SISKIYOU,2022,April,41.731747098,18.99727957,22.734467528,2022-04-01
SISKIYOU,2022,May,43.628493966,18.45120728,25.177286686000002,2022-05-01
SISKIYOU,2022,June,45.299513189,15.86497986,29.434533329000004,2022-06-01
SISKIYOU,2022,July,47.490946192,16.75635333,30.734592862,2022-07-01
SISKIYOU,2022,August,51.824066066,19.51870353,32.305362536000004,2022-08-01
SISKIYOU,2022,September,48.476363987,17.18649772,31.289866267,2022-09-01
SISKIYOU,2022,October,33.750268849,14.44296942,19.307299428999997,2022-10-01
SISKIYOU,2022,November,37.943309321,19.45071755,18.492591770999997,2022-11-01
SISKIYOU,2022,December,49.436423944,28.96211131,20.474312634,2022-12-01
SISKIYOU,2023,January,49.733576137,29.38354459,20.350031547,2023-01-01
SISKIYOU,2023,February,45.389305287,26.20272906,19.186576226999996,2023-02-01
SISKIYOU,2023,March,45.819554495000006,26.54366071,19.275893785,2023-03-01
SISKIYOU,2023,April,42.513335935,23.65276199,18.860573945,2023-04-01
SISKIYOU,2023,May,40.133115888,17.05224661,23.080869277999998,2023-05-01
SISKIYOU,2023,June,42.381233952,14.77638388,27.604850071999998,2023-06-01
SISKIYOU,2023,July,48.812158093,17.20579084,31.606367253,2023-07-01
SISKIYOU,2023,August,50.871004583,18.39669619,32.474308393,2023-08-01
SISKIYOU,2023,September,42.081635508,15.79891725,26.282718258000003,2023-09-01
SISKIYOU,2023,October,36.011933156,14.66963683,21.342296326000003,2023-10-01
SISKIYOU,2023,November,36.891604523,18.76933593,18.122268593000005,2023-11-01
SISKIYOU,2023,December,45.613060435,25.65236312,19.960697315000004,2023-12-01
SISKIYOU,2024,January,47.037993068,26.96982602,20.068167048000003,2024-01-01
SISKIYOU,2024,February,39.162588014,23.32605945,15.836528564,2024-02-01
SISKIYOU,2024,March,44.656954724,22.93667392,21.720280804000005,2024-03-01
SISKIYOU,2024,April,38.404845463,19.58131126,18.823534203,2024-04-01
SISKIYOU,2024,May,39.515429409999996,16.60966544,22.90576397,2024-05-01
SISKIYOU,2024,June,43.019013453,15.12694377,27.892069683000003,2024-06-01
SISKIYOU,2024,July,46.333997923999995,17.13710775,29.196890174,2024-07-01
SISKIYOU,2024,August,56.177568824000005,19.72500781,36.452561014,2024-08-01
SISKIYOU,2024,September,41.619789798,15.41013624,26.209653558,2024-09-01
SISKIYOU,2024,October,34.93848506,14.04306657,20.89541849,2024-10-01
SISKIYOU,2024,November,36.917359235,18.56551426,18.351844975000006,2024-11-01
SISKIYOU,2024,December,47.474583063,28.00156134,19.473021723000002,2024-12-01
SOLANO,2008,January,271.865128303,103.8821125,167.98301580299997,2008-01-01
SOLANO,2008,February,233.37721735899999,75.40663881,157.97057854899998,2008-02-01
SOLANO,2008,March,237.730069204,75.68767834,162.042390864,2008-03-01
SOLANO,2008,April,238.394872457,73.30795389,165.086918567,2008-04-01
SOLANO,2008,May,263.292550817,75.51162092,187.78092989700002,2008-05-01
SOLANO,2008,June,269.336785407,83.37174294,185.965042467,2008-06-01
SOLANO,2008,July,307.629004194,105.7439869,201.885017294,2008-07-01
SOLANO,2008,August,280.526623495,92.66449905,187.86212444499998,2008-08-01
SOLANO,2008,September,296.316608012,100.8849154,195.431692612,2008-09-01
SOLANO,2008,October,281.383069122,86.18800499,195.19506413199997,2008-10-01
SOLANO,2008,November,220.476677031,60.56294403,159.913733001,2008-11-01
SOLANO,2008,December,259.242609172,96.41051498,162.832094192,2008-12-01
SOLANO,2009,January,257.947221081,90.49352734,167.453693741,2009-01-01
SOLANO,2009,February,225.931759253,72.3793233,153.55243595299999,2009-02-01
SOLANO,2009,March,238.14830633699998,79.12163918,159.026667157,2009-03-01
SOLANO,2009,April,250.609271372,77.13293623,173.476335142,2009-04-01
SOLANO,2009,May,243.87127270099998,70.81185122,173.05942148100002,2009-05-01
SOLANO,2009,June,289.676620847,84.22977853,205.446842317,2009-06-01
SOLANO,2009,July,314.945719817,98.38824457,216.557475247,2009-07-01
SOLANO,2009,August,254.13399292900002,94.44594367,159.688049259,2009-08-01
SOLANO,2009,September,301.376965246,100.3801521,200.996813146,2009-09-01
SOLANO,2009,October,276.725593205,89.21421473,187.51137847500001,2009-10-01
SOLANO,2009,November,225.96450472499998,63.57269085,162.39181387500003,2009-11-01
SOLANO,2009,December,274.444009694,100.4621605,173.981849194,2009-12-01
SOLANO,2010,January,249.585069549,86.22178214,163.36328740899998,2010-01-01
SOLANO,2010,February,228.80472736800002,77.06973154,151.734995828,2010-02-01
SOLANO,2010,March,245.223423112,83.06929864,162.15412447199995,2010-03-01
SOLANO,2010,April,250.233464828,78.751813,171.48165182799997,2010-04-01
SOLANO,2010,May,225.247128237,68.38640712,156.86072111699997,2010-05-01
SOLANO,2010,June,257.96551580100004,80.44497862,177.520537181,2010-06-01
SOLANO,2010,July,258.70587434,91.99468054,166.7111938,2010-07-01
SOLANO,2010,August,279.160942337,89.48737718,189.67356515700004,2010-08-01
SOLANO,2010,September,281.508718692,91.12118303,190.387535662,2010-09-01
SOLANO,2010,October,271.381967841,87.3526505,184.02931734099997,2010-10-01
SOLANO,2010,November,213.389766851,68.33860837,145.05115848100002,2010-11-01
SOLANO,2010,December,281.026391606,100.3387014,180.68769020599996,2010-12-01
SOLANO,2011,January,224.723962246,86.10315396,138.620808286,2011-01-01
SOLANO,2011,February,202.2435472,71.01830895,131.22523825,2011-02-01
SOLANO,2011,March,277.100567769,97.77058882,179.32997894899995,2011-03-01
SOLANO,2011,April,232.37281256999998,69.37015579,163.00265678,2011-04-01
SOLANO,2011,May,249.389297475,72.06271279,177.326584685,2011-05-01
SOLANO,2011,June,264.164095073,83.6268489,180.53724617300003,2011-06-01
SOLANO,2011,July,281.027036283,96.96353989,184.06349639299998,2011-07-01
SOLANO,2011,August,298.304874148,92.72355976,205.581314388,2011-08-01
SOLANO,2011,September,290.16221278499995,94.56415958,195.59805320499999,2011-09-01
SOLANO,2011,October,274.000035946,84.00463205,189.995403896,2011-10-01
SOLANO,2011,November,240.183293208,73.33815751,166.84513569800004,2011-11-01
SOLANO,2011,December,266.23996354900004,90.73515059,175.50481295900002,2011-12-01
SOLANO,2012,January,259.02536578,92.57340934,166.45195644,2012-01-01
SOLANO,2012,February,239.726368232,78.60518123,161.12118700200003,2012-02-01
SOLANO,2012,March,249.292182978,82.08675674,167.20542623800003,2012-03-01
SOLANO,2012,April,242.92720376,71.9592399,170.96796386,2012-04-01
SOLANO,2012,May,266.576577641,80.44462628,186.13195136099998,2012-05-01
SOLANO,2012,June,279.185667625,84.6877116,194.49795602499998,2012-06-01
SOLANO,2012,July,284.793520021,92.60948146,192.18403856100002,2012-07-01
SOLANO,2012,August,315.85381186399997,109.1346612,206.71915066399998,2012-08-01
SOLANO,2012,September,268.591898213,85.55777888,183.03411933299998,2012-09-01
SOLANO,2012,October,277.07369398000003,87.78307217,189.29062180999998,2012-10-01
SOLANO,2012,November,234.53708560500002,72.17838594,162.358699665,2012-11-01
SOLANO,2012,December,250.600816947,81.18159285,169.41922409699998,2012-12-01
SOLANO,2013,January,276.427311637,102.3055249,174.121786737,2013-01-01
SOLANO,2013,February,234.743508742,73.72595174,161.01755700200002,2013-02-01
SOLANO,2013,March,242.800990848,78.87933593,163.921654918,2013-03-01
SOLANO,2013,April,230.720461133,67.7160116,163.00444953299998,2013-04-01
SOLANO,2013,May,280.992116347,81.98682672,199.005289627,2013-05-01
SOLANO,2013,June,269.11705352399997,83.70626319,185.410790334,2013-06-01
SOLANO,2013,July,313.942349948,106.2280164,207.71433354799998,2013-07-01
SOLANO,2013,August,293.551502216,94.23236283,199.31913938600002,2013-08-01
SOLANO,2013,September,271.226086771,89.04996994,182.17611683099997,2013-09-01
SOLANO,2013,October,290.620563435,85.3082573,205.31230613500003,2013-10-01
SOLANO,2013,November,227.29385915600002,62.20818267,165.085676486,2013-11-01
SOLANO,2013,December,274.029674706,94.42882476,179.60084994599998,2013-12-01
SOLANO,2014,January,258.13773949899996,89.0169256,169.12081389900004,2014-01-01
SOLANO,2014,February,232.03550885,70.03259538,162.00291347,2014-02-01
SOLANO,2014,March,241.597824326,73.79937559,167.79844873599995,2014-03-01
SOLANO,2014,April,236.955463439,71.03470693,165.920756509,2014-04-01
SOLANO,2014,May,259.924099439,75.31239492,184.61170451899997,2014-05-01
SOLANO,2014,June,278.60002627299997,86.61103983,191.988986443,2014-06-01
SOLANO,2014,July,300.137631363,101.6869063,198.450725063,2014-07-01
SOLANO,2014,August,280.351019371,88.20600028,192.145019091,2014-08-01
SOLANO,2014,September,312.14498948199997,104.3558696,207.789119882,2014-09-01
SOLANO,2014,October,293.089882591,93.81976542,199.270117171,2014-10-01
SOLANO,2014,November,218.37929421,63.14110305,155.23819116,2014-11-01
SOLANO,2014,December,276.918035936,87.05803973,189.859996206,2014-12-01
SOLANO,2015,January,256.940602002,87.6881515,169.25245050200002,2015-01-01
SOLANO,2015,February,234.247805626,68.19470022,166.05310540600001,2015-02-01
SOLANO,2015,March,240.55255468200002,77.67534821,162.877206472,2015-03-01
SOLANO,2015,April,244.974534016,68.60200645,176.372527566,2015-04-01
SOLANO,2015,May,249.71491220899998,69.50044505,180.214467159,2015-05-01
SOLANO,2015,June,269.197469019,78.27825358,190.91921543900003,2015-06-01
SOLANO,2015,July,300.59129233699997,106.4468948,194.144397537,2015-07-01
SOLANO,2015,August,296.54502967,93.66683655,202.87819312,2015-08-01
SOLANO,2015,September,289.261509207,101.3288173,187.93269190699996,2015-09-01
SOLANO,2015,October,282.309104512,91.1591743,191.14993021200004,2015-10-01
SOLANO,2015,November,242.338469616,66.65752101,175.680948606,2015-11-01
SOLANO,2015,December,273.351404755,96.47779179,176.873612965,2015-12-01
SOLANO,2016,January,239.630516705,90.88787371,148.742642995,2016-01-01
SOLANO,2016,February,225.057970971,71.32970163,153.728269341,2016-02-01
SOLANO,2016,March,251.04138282099998,82.54359593,168.49778689099998,2016-03-01
SOLANO,2016,April,261.110836905,66.7322113,194.37862560500002,2016-04-01
SOLANO,2016,May,255.48971427499998,71.56602903,183.92368524500003,2016-05-01
SOLANO,2016,June,282.14457839,94.32766891,187.81690948,2016-06-01
SOLANO,2016,July,290.292104915,98.72121183,191.570893085,2016-07-01
SOLANO,2016,August,313.639002364,102.7229291,210.91607326399998,2016-08-01
SOLANO,2016,September,291.733982651,90.1262584,201.607724251,2016-09-01
SOLANO,2016,October,264.869518217,78.14396298,186.72555523700004,2016-10-01
SOLANO,2016,November,224.334660148,67.49352636,156.84113378799998,2016-11-01
SOLANO,2016,December,266.207581801,89.52635428,176.68122752099998,2016-12-01
SOLANO,2017,January,264.312136145,93.72508839,170.587047755,2017-01-01
SOLANO,2017,February,205.469344385,75.24545153,130.223892855,2017-02-01
SOLANO,2017,March,216.01966387299998,85.41596363,130.603700243,2017-03-01
SOLANO,2017,April,261.69221973599997,64.78911609,196.90310364599998,2017-04-01
SOLANO,2017,May,248.14055475100002,76.55426615,171.58628860100004,2017-05-01
SOLANO,2017,June,280.427087346,92.91124538,187.51584196600004,2017-06-01
SOLANO,2017,July,283.988206717,103.2106507,180.77755601700002,2017-07-01
SOLANO,2017,August,337.43116311700004,113.8092736,223.62188951700003,2017-08-01
SOLANO,2017,September,304.292412211,108.3239962,195.96841601100002,2017-09-01
SOLANO,2017,October,270.720804322,84.34995793,186.370846392,2017-10-01
SOLANO,2017,November,229.49638186299998,71.02662163,158.46976023300004,2017-11-01
SOLANO,2017,December,254.492588141,84.13929141,170.353296731,2017-12-01
SOLANO,2018,January,267.793216851,89.21994367,178.573273181,2018-01-01
SOLANO,2018,February,239.246140535,74.17315237,165.07298816500003,2018-02-01
SOLANO,2018,March,254.152289267,83.92977665,170.222512617,2018-03-01
SOLANO,2018,April,227.935960437,69.90198687,158.03397356700003,2018-04-01
SOLANO,2018,May,260.192765772,74.81770148,185.375064292,2018-05-01
SOLANO,2018,June,273.87926282,83.91305237,189.96621045,2018-06-01
SOLANO,2018,July,301.51929151900003,102.7886814,198.73061011900003,2018-07-01
SOLANO,2018,August,321.552474772,109.6851605,211.86731427200002,2018-08-01
SOLANO,2018,September,270.675489426,83.83246539,186.84302403600006,2018-09-01
SOLANO,2018,October,272.959025841,82.77020337,190.188822471,2018-10-01
SOLANO,2018,November,237.50520395200002,70.8600002,166.64520375200001,2018-11-01
SOLANO,2018,December,267.60320200499996,83.06839973,184.53480227499998,2018-12-01
SOLANO,2019,January,255.92240379999998,94.22739389,161.69500991,2019-01-01
SOLANO,2019,February,244.543552232,73.36552874,171.178023492,2019-02-01
SOLANO,2019,March,240.401786851,82.63541139,157.766375461,2019-03-01
SOLANO,2019,April,217.36068295,72.17229408,145.18838887,2019-04-01
SOLANO,2019,May,241.207384861,74.65511065,166.552274211,2019-05-01
SOLANO,2019,June,257.289994267,82.60728428,174.682709987,2019-06-01
SOLANO,2019,July,293.824703864,100.7395886,193.085115264,2019-07-01
SOLANO,2019,August,314.699451856,110.4592235,204.24022835600002,2019-08-01
SOLANO,2019,September,305.449545776,103.022566,202.42697977599997,2019-09-01
SOLANO,2019,October,278.954345595,87.19278538,191.76156021500003,2019-10-01
SOLANO,2019,November,232.57128819,60.58142329,171.9898649,2019-11-01
SOLANO,2019,December,260.033172685,88.97246925,171.06070343500002,2019-12-01
SOLANO,2020,January,265.723346209,94.61175475,171.11159145899998,2020-01-01
SOLANO,2020,February,234.989541185,73.79008328,161.19945790499997,2020-02-01
SOLANO,2020,March,243.580222252,80.49263886,163.087583392,2020-03-01
SOLANO,2020,April,231.95976789000002,80.93887476,151.02089313,2020-04-01
SOLANO,2020,May,239.221157406,80.33777046,158.88338694600003,2020-05-01
SOLANO,2020,June,272.635466806,105.8040526,166.831414206,2020-06-01
SOLANO,2020,July,326.927497903,114.7155938,212.211904103,2020-07-01
SOLANO,2020,August,304.88164766299997,116.9051805,187.976467163,2020-08-01
SOLANO,2020,September,312.65199027200003,121.8044175,190.847572772,2020-09-01
SOLANO,2020,October,296.355718208,109.4547042,186.901014008,2020-10-01
SOLANO,2020,November,239.515791725,74.44875725,165.067034475,2020-11-01
SOLANO,2020,December,267.390288973,101.9383959,165.451893073,2020-12-01
SOLANO,2021,January,258.276120423,92.87225712,165.40386330299998,2021-01-01
SOLANO,2021,February,225.236267531,78.8135817,146.422685831,2021-02-01
SOLANO,2021,March,247.271787402,90.55244082,156.719346582,2021-03-01
SOLANO,2021,April,264.29574836899997,78.80545565,185.49029271899997,2021-04-01
SOLANO,2021,May,247.47628448900002,79.14403323,168.33225125899997,2021-05-01
SOLANO,2021,June,283.687598758,97.50659732,186.181001438,2021-06-01
SOLANO,2021,July,285.47397070700003,105.4848453,179.989125407,2021-07-01
SOLANO,2021,August,318.954685266,110.6185348,208.336150466,2021-08-01
SOLANO,2021,September,278.114457314,109.8832901,168.23116721400004,2021-09-01
SOLANO,2021,October,283.159248006,85.68554513,197.473702876,2021-10-01
SOLANO,2021,November,225.432513013,69.31294606,156.119566953,2021-11-01
SOLANO,2021,December,251.952950998,98.07135049,153.88160050800002,2021-12-01
SOLANO,2022,January,261.177063205,93.81048703,167.36657617499998,2022-01-01
SOLANO,2022,February,226.020194117,77.23999587,148.780198247,2022-02-01
SOLANO,2022,March,254.410709189,89.46462859,164.94608059899997,2022-03-01
SOLANO,2022,April,236.228481181,74.02304101,162.205440171,2022-04-01
SOLANO,2022,May,257.184866844,78.26901862,178.915848224,2022-05-01
SOLANO,2022,June,284.296058417,100.8084349,183.48762351699997,2022-06-01
SOLANO,2022,July,289.053059906,103.7436691,185.309390806,2022-07-01
SOLANO,2022,August,313.976880145,116.0782203,197.898659845,2022-08-01
SOLANO,2022,September,315.68100961700003,117.0876861,198.59332351700002,2022-09-01
SOLANO,2022,October,259.584188538,85.31230706,174.27188147799998,2022-10-01
SOLANO,2022,November,240.827548732,73.47397761,167.35357112199998,2022-11-01
SOLANO,2022,December,247.12020049699998,93.58473642,153.53546407700003,2022-12-01
SOLANO,2023,January,273.62167939700004,100.7757936,172.84588579700002,2023-01-01
SOLANO,2023,February,227.664854613,78.98914539,148.67570922299998,2023-02-01
SOLANO,2023,March,243.027297191,98.12281718,144.90448001099998,2023-03-01
SOLANO,2023,April,235.320091798,77.68125637,157.638835428,2023-04-01
SOLANO,2023,May,270.125455132,78.70893306,191.416522072,2023-05-01
SOLANO,2023,June,257.240966104,80.28540689,176.955559214,2023-06-01
SOLANO,2023,July,282.258559934,96.60406935,185.654490584,2023-07-01
SOLANO,2023,August,312.391698075,121.5178808,190.87381727500002,2023-08-01
SOLANO,2023,September,268.73185200800003,99.47322564,169.258626368,2023-09-01
SOLANO,2023,October,286.554353455,84.69219873,201.86215472499998,2023-10-01
SOLANO,2023,November,242.580417504,72.1276939,170.45272360399997,2023-11-01
SOLANO,2023,December,235.42753568700002,83.66562843,151.76190725700002,2023-12-01
SOLANO,2024,January,252.58425899899999,98.48494876,154.09931023899998,2024-01-01
SOLANO,2024,February,239.210191291,86.02060236,153.189588931,2024-02-01
SOLANO,2024,March,263.44609180599997,86.57672441,176.86936739600003,2024-03-01
SOLANO,2024,April,223.263734016,81.68039724,141.583336776,2024-04-01
SOLANO,2024,May,241.341366027,82.97124258,158.370123447,2024-05-01
SOLANO,2024,June,225.527208887,90.82728553,134.69992335700002,2024-06-01
SOLANO,2024,July,379.546057809,134.220195,245.325862809,2024-07-01
SOLANO,2024,August,328.168601251,120.9149937,207.25360755100002,2024-08-01
SOLANO,2024,September,308.125848272,101.417847,206.70800127200002,2024-09-01
SOLANO,2024,October,268.18433532800003,103.296445,164.88789032800003,2024-10-01
SOLANO,2024,November,224.164026008,69.10819153,155.05583447800004,2024-11-01
SOLANO,2024,December,262.066920622,94.57003086,167.49688976200002,2024-12-01
SONOMA,2008,January,286.006813113,144.4991613,141.507651813,2008-01-01
SONOMA,2008,February,241.57036742499997,116.3800919,125.19027552499999,2008-02-01
SONOMA,2008,March,240.980463367,107.3596071,133.62085626700002,2008-03-01
SONOMA,2008,April,235.512760775,103.7300177,131.78274307499998,2008-04-01
SONOMA,2008,May,242.049296813,101.9752704,140.074026413,2008-05-01
SONOMA,2008,June,246.4562634,101.3724637,145.08379970000001,2008-06-01
SONOMA,2008,July,251.879664803,106.4209777,145.45868710300002,2008-07-01
SONOMA,2008,August,234.84353288699998,97.81644976,137.027083127,2008-08-01
SONOMA,2008,September,249.22158846800002,105.5159905,143.70559796799998,2008-09-01
SONOMA,2008,October,248.790582231,103.4940877,145.296494531,2008-10-01
SONOMA,2008,November,199.28422465,83.55730385,115.7269208,2008-11-01
SONOMA,2008,December,263.52674395099996,129.7498414,133.77690255099998,2008-12-01
SONOMA,2009,January,239.86245665799999,125.0118711,114.850585558,2009-01-01
SONOMA,2009,February,219.819116149,106.7587456,113.06037054900001,2009-02-01
SONOMA,2009,March,234.925664963,113.2911744,121.63449056299999,2009-03-01
SONOMA,2009,April,229.583700942,104.9974411,124.58625984199999,2009-04-01
SONOMA,2009,May,207.660912118,92.87108615,114.789825968,2009-05-01
SONOMA,2009,June,213.550692589,102.6280938,110.922598789,2009-06-01
SONOMA,2009,July,257.192425601,105.7684152,151.424010401,2009-07-01
SONOMA,2009,August,240.56969521200003,104.7224834,135.847211812,2009-08-01
SONOMA,2009,September,242.955402777,107.3403925,135.615010277,2009-09-01
SONOMA,2009,October,261.279906309,112.4147383,148.865168009,2009-10-01
SONOMA,2009,November,220.773404035,97.0169611,123.75644293499998,2009-11-01
SONOMA,2009,December,282.235136147,145.4978366,136.737299547,2009-12-01
SONOMA,2010,January,237.100422243,120.843422,116.25700024300001,2010-01-01
SONOMA,2010,February,228.455389152,112.6842251,115.77116405200002,2010-02-01
SONOMA,2010,March,248.390654722,121.4157928,126.97486192199997,2010-03-01
SONOMA,2010,April,240.663201918,112.5301275,128.13307441799998,2010-04-01
SONOMA,2010,May,214.394057181,97.74987815,116.644179031,2010-05-01
SONOMA,2010,June,239.007395949,109.0030906,130.004305349,2010-06-01
SONOMA,2010,July,235.981315987,104.35656,131.624755987,2010-07-01
SONOMA,2010,August,235.933472381,105.6986937,130.234778681,2010-08-01
SONOMA,2010,September,248.716638181,107.5290801,141.18755808100002,2010-09-01
SONOMA,2010,October,243.643222911,106.8347681,136.808454811,2010-10-01
SONOMA,2010,November,235.422347704,106.5390945,128.883253204,2010-11-01
SONOMA,2010,December,266.550619253,137.1062635,129.444355753,2010-12-01
SONOMA,2011,January,248.085008795,127.8924227,120.19258609500001,2011-01-01
SONOMA,2011,February,218.53442456200003,110.8109373,107.72348726200002,2011-02-01
SONOMA,2011,March,268.17424553,133.2223411,134.95190443,2011-03-01
SONOMA,2011,April,233.259680899,108.3404827,124.919198199,2011-04-01
SONOMA,2011,May,224.429183867,102.1509787,122.27820516700001,2011-05-01
SONOMA,2011,June,237.104399128,110.0720736,127.032325528,2011-06-01
SONOMA,2011,July,248.675621488,109.0761687,139.599452788,2011-07-01
SONOMA,2011,August,244.519601022,107.6499835,136.869617522,2011-08-01
SONOMA,2011,September,241.931426351,105.8970594,136.034366951,2011-09-01
SONOMA,2011,October,239.054427077,104.1308284,134.923598677,2011-10-01
SONOMA,2011,November,226.23830205899998,105.5202353,120.718066759,2011-11-01
SONOMA,2011,December,253.07220374,129.3060159,123.76618783999999,2011-12-01
SONOMA,2012,January,257.091832869,135.2827161,121.809116769,2012-01-01
SONOMA,2012,February,241.883948218,117.9058764,123.97807181799999,2012-02-01
SONOMA,2012,March,247.519708686,119.8705587,127.649149986,2012-03-01
SONOMA,2012,April,227.735343583,108.4526009,119.282742683,2012-04-01
SONOMA,2012,May,239.853969128,108.014641,131.839328128,2012-05-01
SONOMA,2012,June,237.709472097,105.306311,132.403161097,2012-06-01
SONOMA,2012,July,246.62463368599998,107.5792127,139.04542098599998,2012-07-01
SONOMA,2012,August,266.246465181,115.6758796,150.570585581,2012-08-01
SONOMA,2012,September,220.79876447299998,97.24182409,123.556940383,2012-09-01
SONOMA,2012,October,259.463117476,109.4169929,150.046124576,2012-10-01
SONOMA,2012,November,227.130223868,103.5559409,123.574282968,2012-11-01
SONOMA,2012,December,243.969247125,120.0121871,123.957060025,2012-12-01
SONOMA,2013,January,272.850803499,143.8430091,129.00779439899998,2013-01-01
SONOMA,2013,February,235.995316015,115.2917441,120.70357191500001,2013-02-01
SONOMA,2013,March,240.79952181000002,116.2352883,124.56423351000001,2013-03-01
SONOMA,2013,April,227.928494022,101.0941366,126.834357422,2013-04-01
SONOMA,2013,May,241.852460975,105.5860253,136.26643567500003,2013-05-01
SONOMA,2013,June,237.431846403,103.3663138,134.065532603,2013-06-01
SONOMA,2013,July,265.410295017,114.2473897,151.162905317,2013-07-01
SONOMA,2013,August,245.687875212,104.6253327,141.062542512,2013-08-01
SONOMA,2013,September,246.319615948,103.4074958,142.91212014799999,2013-09-01
SONOMA,2013,October,268.994317289,109.8858947,159.10842258899999,2013-10-01
SONOMA,2013,November,212.31883309600002,93.5627215,118.75611159600001,2013-11-01
SONOMA,2013,December,268.76736100600004,131.2475253,137.519835706,2013-12-01
SONOMA,2014,January,260.878266503,130.3873768,130.490889703,2014-01-01
SONOMA,2014,February,233.790666896,108.5770867,125.21358019600001,2014-02-01
SONOMA,2014,March,237.30681467,107.2318981,130.07491657,2014-03-01
SONOMA,2014,April,234.91850251300002,102.198949,132.71955351300002,2014-04-01
SONOMA,2014,May,235.29364513400003,99.22094379,136.07270134400002,2014-05-01
SONOMA,2014,June,241.80958041600002,101.3042238,140.505356616,2014-06-01
SONOMA,2014,July,256.394397126,109.1413766,147.253020526,2014-07-01
SONOMA,2014,August,241.965395807,99.43617474,142.52922106700004,2014-08-01
SONOMA,2014,September,259.058657823,104.5197502,154.538907623,2014-09-01
SONOMA,2014,October,260.360952911,105.3369839,155.02396901100002,2014-10-01
SONOMA,2014,November,212.761515835,90.56683702,122.19467881499999,2014-11-01
SONOMA,2014,December,257.823445364,119.2482511,138.575194264,2014-12-01
SONOMA,2015,January,250.93808611900002,124.3315314,126.60655471900002,2015-01-01
SONOMA,2015,February,221.345323506,101.3991552,119.946168306,2015-02-01
SONOMA,2015,March,241.340241251,107.4271228,133.913118451,2015-03-01
SONOMA,2015,April,231.535671761,96.84192129,134.693750471,2015-04-01
SONOMA,2015,May,223.402919472,94.8853417,128.517577772,2015-05-01
SONOMA,2015,June,239.018958269,98.48527743,140.533680839,2015-06-01
SONOMA,2015,July,261.516999996,109.0245185,152.49248149599998,2015-07-01
SONOMA,2015,August,249.300295991,101.3712925,147.929003491,2015-08-01
SONOMA,2015,September,261.870533157,108.9570915,152.913441657,2015-09-01
SONOMA,2015,October,258.351065196,103.1200376,155.231027596,2015-10-01
SONOMA,2015,November,219.852156512,92.329763,127.52239351200001,2015-11-01
SONOMA,2015,December,267.194064245,129.9299762,137.264088045,2015-12-01
SONOMA,2016,January,252.42380925000003,130.1250022,122.29880705000001,2016-01-01
SONOMA,2016,February,236.282340938,106.5410854,129.74125553800002,2016-02-01
SONOMA,2016,March,250.460961769,113.6098471,136.851114669,2016-03-01
SONOMA,2016,April,231.12506272500002,97.71188542,133.413177305,2016-04-01
SONOMA,2016,May,229.456727817,96.53320525,132.92352256700002,2016-05-01
SONOMA,2016,June,244.913937805,104.8315027,140.082435105,2016-06-01
SONOMA,2016,July,251.19488089100003,104.1821256,147.012755291,2016-07-01
SONOMA,2016,August,263.313393318,107.1552229,156.158170418,2016-08-01
SONOMA,2016,September,249.26110707700002,100.9762019,148.284905177,2016-09-01
SONOMA,2016,October,236.292293935,97.57492801,138.71736592500002,2016-10-01
SONOMA,2016,November,223.241124036,97.72233522,125.518788816,2016-11-01
SONOMA,2016,December,263.095716159,123.482941,139.61277515900002,2016-12-01
SONOMA,2017,January,271.554185538,133.8545372,137.699648338,2017-01-01
SONOMA,2017,February,237.66510269,110.803011,126.86209169,2017-02-01
SONOMA,2017,March,259.684220943,120.4908015,139.19341944299998,2017-03-01
SONOMA,2017,April,225.523159136,95.5178458,130.005313336,2017-04-01
SONOMA,2017,May,240.184669851,100.0995131,140.085156751,2017-05-01
SONOMA,2017,June,258.396075442,107.2794146,151.116660842,2017-06-01
SONOMA,2017,July,255.62593957899998,105.999783,149.626156579,2017-07-01
SONOMA,2017,August,267.59634713699995,112.1702871,155.426060037,2017-08-01
SONOMA,2017,September,259.551407679,107.0582528,152.49315487899997,2017-09-01
SONOMA,2017,October,238.381890982,97.28376736,141.098123622,2017-10-01
SONOMA,2017,November,209.15808621,93.90886402,115.24922219,2017-11-01
SONOMA,2017,December,259.429329296,116.0718097,143.35751959600003,2017-12-01
SONOMA,2018,January,264.353542817,124.2915048,140.06203801700002,2018-01-01
SONOMA,2018,February,226.87682481800002,101.3335883,125.54323651800001,2018-02-01
SONOMA,2018,March,250.031521837,114.1014353,135.93008653700002,2018-03-01
SONOMA,2018,April,223.441011226,95.29260898,128.148402246,2018-04-01
SONOMA,2018,May,238.638290704,97.32701289,141.31127781399996,2018-05-01
SONOMA,2018,June,238.422170869,96.94843108,141.47373978900004,2018-06-01
SONOMA,2018,July,248.39466499500003,101.8370357,146.557629295,2018-07-01
SONOMA,2018,August,256.90262377,106.1577363,150.74488747,2018-08-01
SONOMA,2018,September,229.63893617600002,90.16484411,139.474092066,2018-09-01
SONOMA,2018,October,250.975639151,95.59029041,155.385348741,2018-10-01
SONOMA,2018,November,222.240848814,92.88366419,129.35718462399998,2018-11-01
SONOMA,2018,December,235.76028764000003,110.4196493,125.34063834000001,2018-12-01
SONOMA,2019,January,250.485744347,124.5905807,125.895163647,2019-01-01
SONOMA,2019,February,221.49374647,103.2814613,118.21228516999997,2019-02-01
SONOMA,2019,March,234.931266125,112.1293477,122.80191842500001,2019-03-01
SONOMA,2019,April,219.940745585,95.42583053,124.51491505500002,2019-04-01
SONOMA,2019,May,221.103319333,93.80184165,127.301477683,2019-05-01
SONOMA,2019,June,230.236500547,103.4223648,126.814135747,2019-06-01
SONOMA,2019,July,244.913808085,102.4435756,142.470232485,2019-07-01
SONOMA,2019,August,259.115875995,106.6788971,152.43697889499998,2019-08-01
SONOMA,2019,September,252.379327413,103.1853719,149.19395551300002,2019-09-01
SONOMA,2019,October,243.169157557,98.29023319,144.878924367,2019-10-01
SONOMA,2019,November,198.38857108599998,78.64450993,119.74406115599999,2019-11-01
SONOMA,2019,December,255.42235557200001,114.7706514,140.65170417200002,2019-12-01
SONOMA,2020,January,250.78946581,124.7380821,126.05138371,2020-01-01
SONOMA,2020,February,218.78991431100002,99.99923163,118.790682681,2020-02-01
SONOMA,2020,March,225.349301155,95.65111526,129.698185895,2020-03-01
SONOMA,2020,April,220.764826886,106.0765553,114.688271586,2020-04-01
SONOMA,2020,May,206.087220386,97.29347599,108.793744396,2020-05-01
SONOMA,2020,June,240.939860435,110.9709142,129.96894623499998,2020-06-01
SONOMA,2020,July,251.890854575,113.7956976,138.095156975,2020-07-01
SONOMA,2020,August,240.79060933699998,109.552799,131.23781033699998,2020-08-01
SONOMA,2020,September,249.044641786,114.1901661,134.854475686,2020-09-01
SONOMA,2020,October,249.766101456,110.5713352,139.194766256,2020-10-01
SONOMA,2020,November,207.270127045,93.80337265,113.466754395,2020-11-01
SONOMA,2020,December,255.56959394999998,132.0446186,123.52497535,2020-12-01
SONOMA,2021,January,240.347578515,119.9139311,120.433647415,2021-01-01
SONOMA,2021,February,215.648141595,107.3772555,108.27088609500001,2021-02-01
SONOMA,2021,March,249.1906421,118.2440675,130.9465746,2021-03-01
SONOMA,2021,April,225.809430156,101.6376028,124.171827356,2021-04-01
SONOMA,2021,May,213.82048661699997,92.93268768,120.88779893699999,2021-05-01
SONOMA,2021,June,238.35837285899999,102.6483597,135.710013159,2021-06-01
SONOMA,2021,July,239.023309543,102.3439199,136.67938964299998,2021-07-01
SONOMA,2021,August,240.77379828300002,101.9757428,138.79805548299998,2021-08-01
SONOMA,2021,September,239.643339206,101.9304953,137.71284390600002,2021-09-01
SONOMA,2021,October,225.620245307,92.45400363,133.16624167700002,2021-10-01
SONOMA,2021,November,216.433043731,91.99491778,124.438125951,2021-11-01
SONOMA,2021,December,257.89383658,125.4758024,132.41803418,2021-12-01
SONOMA,2022,January,232.59698794599998,119.9741796,112.622808346,2022-01-01
SONOMA,2022,February,227.967159454,103.0105755,124.956583954,2022-02-01
SONOMA,2022,March,246.29067959399998,115.6852857,130.605393894,2022-03-01
SONOMA,2022,April,222.64928087700002,94.66593632,127.98334455700001,2022-04-01
SONOMA,2022,May,227.072170446,97.18940948,129.882760966,2022-05-01
SONOMA,2022,June,237.775758642,105.3047292,132.471029442,2022-06-01
SONOMA,2022,July,242.606354879,103.0345662,139.571788679,2022-07-01
SONOMA,2022,August,254.68586389499998,110.6175457,144.068318195,2022-08-01
SONOMA,2022,September,256.130560725,108.9566318,147.17392892499998,2022-09-01
SONOMA,2022,October,231.35814750400002,92.70484748,138.653300024,2022-10-01
SONOMA,2022,November,213.362918321,94.54432722,118.81859110100001,2022-11-01
SONOMA,2022,December,250.607523893,126.2612505,124.346273393,2022-12-01
SONOMA,2023,January,242.062800585,126.8356667,115.22713388500001,2023-01-01
SONOMA,2023,February,219.60402937,106.564402,113.03962736999999,2023-02-01
SONOMA,2023,March,254.530032438,128.2242663,126.305766138,2023-03-01
SONOMA,2023,April,224.821749543,104.3825234,120.439226143,2023-04-01
SONOMA,2023,May,223.216753772,96.52960768,126.687146092,2023-05-01
SONOMA,2023,June,226.478571475,98.44217626,128.036395215,2023-06-01
SONOMA,2023,July,230.09028748,99.12501894,130.96526853999998,2023-07-01
SONOMA,2023,August,254.77683795500002,115.1232313,139.65360665500003,2023-08-01
SONOMA,2023,September,230.356637395,99.8187096,130.537927795,2023-09-01
SONOMA,2023,October,234.067788482,95.80545589,138.262332592,2023-10-01
SONOMA,2023,November,210.29922386,91.57734234,118.72188152000001,2023-11-01
SONOMA,2023,December,226.675312129,111.8736057,114.80170642899999,2023-12-01
SONOMA,2024,January,252.948328325,129.544622,123.40370632500003,2024-01-01
SONOMA,2024,February,230.019185703,109.1621994,120.85698630300001,2024-02-01
SONOMA,2024,March,237.746234201,113.6224565,124.123777701,2024-03-01
SONOMA,2024,April,237.786250074,107.2146578,130.571592274,2024-04-01
SONOMA,2024,May,231.316054207,102.3725391,128.943515107,2024-05-01
SONOMA,2024,June,226.111881549,97.85858609,128.25329545900001,2024-06-01
SONOMA,2024,July,271.940637479,124.8870855,147.053551979,2024-07-01
SONOMA,2024,August,263.665943021,116.2718683,147.394074721,2024-08-01
SONOMA,2024,September,238.927610762,100.4971594,138.430451362,2024-09-01
SONOMA,2024,October,258.272402892,110.8727444,147.399658492,2024-10-01
SONOMA,2024,November,198.446175211,87.48075947,110.965415741,2024-11-01
SONOMA,2024,December,254.52212003,126.5706596,127.95146042999998,2024-12-01
STANISLAUS,2008,January,360.928666363,156.7878223,204.14084406300003,2008-01-01
STANISLAUS,2008,February,342.84830367700005,133.9213975,208.926906177,2008-02-01
STANISLAUS,2008,March,332.800097958,120.8421393,211.95795865800002,2008-03-01
STANISLAUS,2008,April,340.577825409,110.6932955,229.88452990900004,2008-04-01
STANISLAUS,2008,May,348.698216038,113.9466731,234.75154293800003,2008-05-01
STANISLAUS,2008,June,390.545877862,133.285442,257.260435862,2008-06-01
STANISLAUS,2008,July,474.587146707,188.3957294,286.191417307,2008-07-01
STANISLAUS,2008,August,495.177320325,192.4271913,302.750129025,2008-08-01
STANISLAUS,2008,September,478.852043769,182.638893,296.21315076900004,2008-09-01
STANISLAUS,2008,October,417.45920347099997,137.6444043,279.81479917099995,2008-10-01
STANISLAUS,2008,November,344.717075818,108.0451689,236.671906918,2008-11-01
STANISLAUS,2008,December,349.82059019499997,130.1796828,219.640907395,2008-12-01
STANISLAUS,2009,January,360.276267954,154.7685213,205.50774665400002,2009-01-01
STANISLAUS,2009,February,333.617306707,130.5040784,203.11322830699999,2009-02-01
STANISLAUS,2009,March,314.862841371,118.4930876,196.369753771,2009-03-01
STANISLAUS,2009,April,340.287424895,112.563762,227.72366289500002,2009-04-01
STANISLAUS,2009,May,353.759031185,122.2192099,231.539821285,2009-05-01
STANISLAUS,2009,June,400.371985146,143.0913496,257.28063554600004,2009-06-01
STANISLAUS,2009,July,438.400586474,176.9065991,261.49398737399997,2009-07-01
STANISLAUS,2009,August,479.501958751,191.3622613,288.139697451,2009-08-01
STANISLAUS,2009,September,464.109478304,176.4142738,287.69520450399995,2009-09-01
STANISLAUS,2009,October,407.37689506000004,142.3390133,265.03788176,2009-10-01
STANISLAUS,2009,November,316.57040580499995,104.6994915,211.870914305,2009-11-01
STANISLAUS,2009,December,351.62974127,140.4490025,211.18073877,2009-12-01
STANISLAUS,2010,January,348.59459469999996,147.5219909,201.0726038,2010-01-01
STANISLAUS,2010,February,305.886131416,116.9444673,188.94166411600003,2010-02-01
STANISLAUS,2010,March,323.327262842,117.2104567,206.116806142,2010-03-01
STANISLAUS,2010,April,323.283366474,112.3887575,210.89460897400002,2010-04-01
STANISLAUS,2010,May,322.987575794,109.7778901,213.20968569400003,2010-05-01
STANISLAUS,2010,June,364.037404665,122.0887877,241.94861696499996,2010-06-01
STANISLAUS,2010,July,446.06932660300004,182.3387985,263.730528103,2010-07-01
STANISLAUS,2010,August,449.792932668,173.4274167,276.36551596800007,2010-08-01
STANISLAUS,2010,September,443.44015687499996,162.912684,280.527472875,2010-09-01
STANISLAUS,2010,October,406.03818648,136.9052256,269.13296088,2010-10-01
STANISLAUS,2010,November,336.01328302400003,112.3948654,223.618417624,2010-11-01
STANISLAUS,2010,December,342.17426742600003,135.1226851,207.05158232600002,2010-12-01
STANISLAUS,2011,January,344.258485727,147.1985169,197.059968827,2011-01-01
STANISLAUS,2011,February,323.117930396,125.9465853,197.171345096,2011-02-01
STANISLAUS,2011,March,317.828016463,123.8124888,194.015527663,2011-03-01
STANISLAUS,2011,April,324.539970447,111.9244883,212.615482147,2011-04-01
STANISLAUS,2011,May,323.807383997,104.7119482,219.09543579700002,2011-05-01
STANISLAUS,2011,June,358.367307779,123.0182808,235.34902697900003,2011-06-01
STANISLAUS,2011,July,440.24158219000003,178.1986736,262.04290859,2011-07-01
STANISLAUS,2011,August,453.965031966,173.8333963,280.13163566599997,2011-08-01
STANISLAUS,2011,September,485.591157822,187.3322807,298.258877122,2011-09-01
STANISLAUS,2011,October,398.807195724,134.4922994,264.314896324,2011-10-01
STANISLAUS,2011,November,341.982131156,111.4546861,230.52744505599998,2011-11-01
STANISLAUS,2011,December,345.752830436,137.7492817,208.00354873599997,2011-12-01
STANISLAUS,2012,January,355.277269499,147.0588134,208.218456099,2012-01-01
STANISLAUS,2012,February,328.26910277400003,121.6117064,206.657396374,2012-02-01
STANISLAUS,2012,March,326.871365932,114.9417736,211.92959233200003,2012-03-01
STANISLAUS,2012,April,327.687796091,110.1456697,217.542126391,2012-04-01
STANISLAUS,2012,May,357.521159413,119.957107,237.564052413,2012-05-01
STANISLAUS,2012,June,402.4259313,143.9313161,258.4946152,2012-06-01
STANISLAUS,2012,July,452.304562494,172.6172686,279.687293894,2012-07-01
STANISLAUS,2012,August,513.490131013,205.4897323,308.000398713,2012-08-01
STANISLAUS,2012,September,478.88260109199996,177.4156333,301.466967792,2012-09-01
STANISLAUS,2012,October,417.05485109299997,139.7382112,277.316639893,2012-10-01
STANISLAUS,2012,November,353.735529288,114.248333,239.487196288,2012-11-01
STANISLAUS,2012,December,324.416777079,122.555702,201.861075079,2012-12-01
STANISLAUS,2013,January,352.107149698,152.0027979,200.104351798,2013-01-01
STANISLAUS,2013,February,327.347287784,125.5250079,201.822279884,2013-02-01
STANISLAUS,2013,March,317.21658561,112.8823026,204.33428301,2013-03-01
STANISLAUS,2013,April,328.261146138,103.6093611,224.651785038,2013-04-01
STANISLAUS,2013,May,354.668518721,117.4333156,237.235203121,2013-05-01
STANISLAUS,2013,June,419.11610960900003,148.1065542,271.00955540900003,2013-06-01
STANISLAUS,2013,July,484.72883519199996,196.9047234,287.824111792,2013-07-01
STANISLAUS,2013,August,504.093696224,192.8279892,311.265707024,2013-08-01
STANISLAUS,2013,September,490.22674490800006,179.4264568,310.80028810799996,2013-09-01
STANISLAUS,2013,October,393.361945499,121.1357849,272.226160599,2013-10-01
STANISLAUS,2013,November,338.010718317,105.255405,232.755313317,2013-11-01
STANISLAUS,2013,December,345.519527569,134.9271958,210.59233176900003,2013-12-01
STANISLAUS,2014,January,349.43233533499995,144.9366696,204.495665735,2014-01-01
STANISLAUS,2014,February,325.435809215,120.1596379,205.276171315,2014-02-01
STANISLAUS,2014,March,314.900169934,108.0522748,206.847895134,2014-03-01
STANISLAUS,2014,April,326.42764898499996,105.7044752,220.723173785,2014-04-01
STANISLAUS,2014,May,353.898648726,113.2356879,240.662960826,2014-05-01
STANISLAUS,2014,June,431.412107206,154.8339661,276.578141106,2014-06-01
STANISLAUS,2014,July,479.02434563599996,188.1698045,290.854541136,2014-07-01
STANISLAUS,2014,August,523.933954231,207.4077276,316.52622663099993,2014-08-01
STANISLAUS,2014,September,498.623849485,185.822465,312.8013844849999,2014-09-01
STANISLAUS,2014,October,434.91638042,147.7674479,287.14893252,2014-10-01
STANISLAUS,2014,November,343.234356192,108.6835411,234.550815092,2014-11-01
STANISLAUS,2014,December,329.57936997,123.5409381,206.03843186999995,2014-12-01
STANISLAUS,2015,January,345.015046147,139.3223569,205.69268924699998,2015-01-01
STANISLAUS,2015,February,330.39804842899997,122.629278,207.76877042899997,2015-02-01
STANISLAUS,2015,March,311.781934775,104.7237874,207.058147375,2015-03-01
STANISLAUS,2015,April,340.267497689,102.8972589,237.37023878899998,2015-04-01
STANISLAUS,2015,May,348.571865267,106.8097687,241.762096567,2015-05-01
STANISLAUS,2015,June,405.123811395,136.5739662,268.549845195,2015-06-01
STANISLAUS,2015,July,495.80213758400004,199.2326566,296.569480984,2015-07-01
STANISLAUS,2015,August,501.925119866,191.9610138,309.964106066,2015-08-01
STANISLAUS,2015,September,489.571874447,182.2162026,307.355671847,2015-09-01
STANISLAUS,2015,October,440.094109252,148.5694927,291.524616552,2015-10-01
STANISLAUS,2015,November,358.34749778,116.3938529,241.95364488,2015-11-01
STANISLAUS,2015,December,339.532442481,134.5538988,204.978543681,2015-12-01
STANISLAUS,2016,January,345.27781542099996,144.0485082,201.229307221,2016-01-01
STANISLAUS,2016,February,335.620949028,124.5313037,211.089645328,2016-02-01
STANISLAUS,2016,March,316.359810775,108.6445734,207.71523737500002,2016-03-01
STANISLAUS,2016,April,323.182749435,105.1860551,217.99669433499997,2016-04-01
STANISLAUS,2016,May,346.68984333599997,108.9598321,237.73001123600005,2016-05-01
STANISLAUS,2016,June,427.10825582,154.0841707,273.02408512,2016-06-01
STANISLAUS,2016,July,486.66948624099996,192.6561588,294.013327441,2016-07-01
STANISLAUS,2016,August,532.999337906,211.406922,321.592415906,2016-08-01
STANISLAUS,2016,September,478.163463392,175.38795,302.775513392,2016-09-01
STANISLAUS,2016,October,422.708325145,135.7751557,286.933169445,2016-10-01
STANISLAUS,2016,November,339.040144074,106.9209086,232.119235474,2016-11-01
STANISLAUS,2016,December,343.212751468,128.6868173,214.52593416800002,2016-12-01
STANISLAUS,2017,January,354.20507180699997,148.5564485,205.648623307,2017-01-01
STANISLAUS,2017,February,333.546726807,129.2172396,204.32948720700003,2017-02-01
STANISLAUS,2017,March,306.38604304300003,109.1859668,197.200076243,2017-03-01
STANISLAUS,2017,April,314.751675793,105.6530943,209.09858149299998,2017-04-01
STANISLAUS,2017,May,346.632672832,115.7204018,230.912271032,2017-05-01
STANISLAUS,2017,June,419.762607189,151.1979261,268.564681089,2017-06-01
STANISLAUS,2017,July,507.46051529199997,214.3279772,293.132538092,2017-07-01
STANISLAUS,2017,August,568.052663013,242.8992785,325.153384513,2017-08-01
STANISLAUS,2017,September,545.604770802,224.4828568,321.12191400200004,2017-09-01
STANISLAUS,2017,October,415.35995161799997,136.1048553,279.25509631799997,2017-10-01
STANISLAUS,2017,November,347.52894692899997,107.2538496,240.27509732899998,2017-11-01
STANISLAUS,2017,December,339.870906192,127.9942317,211.876674492,2017-12-01
STANISLAUS,2018,January,350.17198468600003,144.9366536,205.23533108599997,2018-01-01
STANISLAUS,2018,February,336.068391391,126.3942697,209.674121691,2018-02-01
STANISLAUS,2018,March,326.585820089,121.3357954,205.250024689,2018-03-01
STANISLAUS,2018,April,324.353900386,111.8591212,212.494779186,2018-04-01
STANISLAUS,2018,May,352.65003652499996,114.4239241,238.226112425,2018-05-01
STANISLAUS,2018,June,418.52425110499996,152.5601964,265.96405470499997,2018-06-01
STANISLAUS,2018,July,507.802659757,214.990743,292.81191675699995,2018-07-01
STANISLAUS,2018,August,545.432931922,231.2491283,314.183803622,2018-08-01
STANISLAUS,2018,September,470.913013117,173.7966719,297.116341217,2018-09-01
STANISLAUS,2018,October,400.822216403,130.0976344,270.724582003,2018-10-01
STANISLAUS,2018,November,357.55538828699997,114.107808,243.447580287,2018-11-01
STANISLAUS,2018,December,338.48036988399997,133.9863979,204.493971984,2018-12-01
STANISLAUS,2019,January,338.182767024,141.7729182,196.409848824,2019-01-01
STANISLAUS,2019,February,330.25559306,128.705986,201.54960706,2019-02-01
STANISLAUS,2019,March,308.180770112,117.8699287,190.310841412,2019-03-01
STANISLAUS,2019,April,319.58538425,108.2348683,211.35051595,2019-04-01
STANISLAUS,2019,May,348.80511192,116.4834088,232.32170312,2019-05-01
STANISLAUS,2019,June,415.270584361,158.8974226,256.373161761,2019-06-01
STANISLAUS,2019,July,468.069894239,190.8015015,277.26839273900003,2019-07-01
STANISLAUS,2019,August,532.408044034,224.3494515,308.058592534,2019-08-01
STANISLAUS,2019,September,513.494370484,203.9369382,309.557432284,2019-09-01
STANISLAUS,2019,October,400.204013191,126.9648455,273.23916769100003,2019-10-01
STANISLAUS,2019,November,352.433436969,109.2186833,243.214753669,2019-11-01
STANISLAUS,2019,December,347.833229934,134.1720954,213.661134534,2019-12-01
STANISLAUS,2020,January,345.906267487,143.7108327,202.19543478699998,2020-01-01
STANISLAUS,2020,February,331.344821309,127.0377046,204.30711670899998,2020-02-01
STANISLAUS,2020,March,322.906250176,111.9904783,210.915771876,2020-03-01
STANISLAUS,2020,April,326.968192213,119.6155166,207.352675613,2020-04-01
STANISLAUS,2020,May,366.410045991,134.6859453,231.724100691,2020-05-01
STANISLAUS,2020,June,455.044120789,184.0581832,270.985937589,2020-06-01
STANISLAUS,2020,July,526.466391911,227.9194875,298.546904411,2020-07-01
STANISLAUS,2020,August,563.076797927,256.4629989,306.613799027,2020-08-01
STANISLAUS,2020,September,533.463514003,224.2777944,309.185719603,2020-09-01
STANISLAUS,2020,October,450.454342521,165.651202,284.803140521,2020-10-01
STANISLAUS,2020,November,385.157570027,127.5245778,257.63299222700005,2020-11-01
STANISLAUS,2020,December,354.226177364,151.5699494,202.656227964,2020-12-01
STANISLAUS,2021,January,359.87709424,154.4177089,205.45938533999998,2021-01-01
STANISLAUS,2021,February,338.556276383,140.2579299,198.298346483,2021-02-01
STANISLAUS,2021,March,331.294180048,122.5182818,208.77589824800003,2021-03-01
STANISLAUS,2021,April,367.203835777,121.1463633,246.057472477,2021-04-01
STANISLAUS,2021,May,382.88697927,144.252193,238.63478627000003,2021-05-01
STANISLAUS,2021,June,475.29191216099997,187.3547584,287.937153761,2021-06-01
STANISLAUS,2021,July,553.4452411369999,242.6374381,310.80780303700004,2021-07-01
STANISLAUS,2021,August,591.557626982,263.7866772,327.770949782,2021-08-01
STANISLAUS,2021,September,532.851481839,216.1605496,316.690932239,2021-09-01
STANISLAUS,2021,October,424.786293392,145.4983372,279.287956192,2021-10-01
STANISLAUS,2021,November,367.232693334,120.7892755,246.443417834,2021-11-01
STANISLAUS,2021,December,367.91836219,145.8071765,222.11118568999999,2021-12-01
STANISLAUS,2022,January,366.68443769699996,155.1276843,211.556753397,2022-01-01
STANISLAUS,2022,February,342.917923592,135.476009,207.44191459200002,2022-02-01
STANISLAUS,2022,March,337.86942936,121.0421783,216.82725106,2022-03-01
STANISLAUS,2022,April,350.037024529,117.0817585,232.95526602900003,2022-04-01
STANISLAUS,2022,May,388.106978401,126.9718395,261.135138901,2022-05-01
STANISLAUS,2022,June,470.676703919,179.4163005,291.26040341900006,2022-06-01
STANISLAUS,2022,July,537.522337083,222.596906,314.92543108300003,2022-07-01
STANISLAUS,2022,August,587.900962668,254.6066951,333.294267568,2022-08-01
STANISLAUS,2022,September,567.795845205,235.276197,332.519648205,2022-09-01
STANISLAUS,2022,October,450.931580327,152.9692496,297.962330727,2022-10-01
STANISLAUS,2022,November,384.067480041,131.1482616,252.919218441,2022-11-01
STANISLAUS,2022,December,367.309211006,152.6886265,214.62058450599997,2022-12-01
STANISLAUS,2023,January,376.922903585,156.2320694,220.690834185,2023-01-01
STANISLAUS,2023,February,350.936312232,139.0388376,211.89747463199998,2023-02-01
STANISLAUS,2023,March,334.289929988,129.9473249,204.34260508800003,2023-03-01
STANISLAUS,2023,April,338.99029134799997,120.3519196,218.638371748,2023-04-01
STANISLAUS,2023,May,367.481348445,125.6938804,241.78746804499994,2023-05-01
STANISLAUS,2023,June,431.77071117500003,152.3956053,279.37510587500003,2023-06-01
STANISLAUS,2023,July,500.16471623399997,203.2144978,296.95021843399996,2023-07-01
STANISLAUS,2023,August,575.657588206,250.6441107,325.013477506,2023-08-01
STANISLAUS,2023,September,531.990754371,210.7584701,321.2322842710001,2023-09-01
STANISLAUS,2023,October,435.777664775,142.8107045,292.966960275,2023-10-01
STANISLAUS,2023,November,388.152346293,122.7829747,265.36937159300004,2023-11-01
STANISLAUS,2023,December,362.265550788,136.7733761,225.492174688,2023-12-01
STANISLAUS,2024,January,368.448589663,150.2187541,218.22983556300002,2024-01-01
STANISLAUS,2024,February,353.918795231,136.0993709,217.819424331,2024-02-01
STANISLAUS,2024,March,332.589544983,121.559117,211.03042798299998,2024-03-01
STANISLAUS,2024,April,352.119205836,121.074434,231.044771836,2024-04-01
STANISLAUS,2024,May,380.3550026,130.5736549,249.78134769999997,2024-05-01
STANISLAUS,2024,June,474.770911487,184.3615173,290.40939418700003,2024-06-01
STANISLAUS,2024,July,590.4887724380001,266.1638855,324.32488693799996,2024-07-01
STANISLAUS,2024,August,600.715189691,264.2484582,336.466731491,2024-08-01
STANISLAUS,2024,September,540.15864658,217.0497669,323.10887968000003,2024-09-01
STANISLAUS,2024,October,479.125867352,176.2109164,302.914950952,2024-10-01
STANISLAUS,2024,November,375.627088688,123.8640105,251.763078188,2024-11-01
STANISLAUS,2024,December,351.946205494,135.9772604,215.968945094,2024-12-01
SUTTER,2008,January,48.18434179,24.50084433,23.68349746,2008-01-01
SUTTER,2008,February,40.431087115,18.45126656,21.979820554999996,2008-02-01
SUTTER,2008,March,38.780926835,17.37958781,21.401339025,2008-03-01
SUTTER,2008,April,41.334241626,17.83401721,23.500224416000002,2008-04-01
SUTTER,2008,May,46.557112677999996,18.19426704,28.362845637999996,2008-05-01
SUTTER,2008,June,53.896482217,22.23159697,31.664885247,2008-06-01
SUTTER,2008,July,76.423260998,35.54991177,40.873349227999995,2008-07-01
SUTTER,2008,August,73.142996598,32.88864651,40.254350088,2008-08-01
SUTTER,2008,September,67.896336501,29.83408827,38.062248231,2008-09-01
SUTTER,2008,October,57.217941923,23.07463391,34.143308013,2008-10-01
SUTTER,2008,November,32.929556689,13.54870221,19.380854479,2008-11-01
SUTTER,2008,December,51.221626485,23.63993507,27.581691414999998,2008-12-01
SUTTER,2009,January,41.236604717,20.99199158,20.244613136999998,2009-01-01
SUTTER,2009,February,35.668264072999996,16.0672288,19.601035273,2009-02-01
SUTTER,2009,March,40.194275076,18.77512534,21.419149736,2009-03-01
SUTTER,2009,April,43.391851461,19.50691023,23.884941231,2009-04-01
SUTTER,2009,May,41.338004087,16.9656193,24.372384786999998,2009-05-01
SUTTER,2009,June,59.626535273,25.46658787,34.159947403,2009-06-01
SUTTER,2009,July,73.9479798,33.31354843,40.63443137000001,2009-07-01
SUTTER,2009,August,72.122177543,32.50843676,39.613740783000004,2009-08-01
SUTTER,2009,September,67.736227107,29.70866711,38.027559997,2009-09-01
SUTTER,2009,October,58.67482151,23.71873967,34.956081839999996,2009-10-01
SUTTER,2009,November,36.993419268000004,15.29454266,21.698876608000003,2009-11-01
SUTTER,2009,December,53.67187646400001,24.28989902,29.381977444,2009-12-01
SUTTER,2010,January,37.236535194,19.22246807,18.014067123999997,2010-01-01
SUTTER,2010,February,34.855558755000004,16.07348644,18.782072315,2010-02-01
SUTTER,2010,March,44.617447754000004,20.76694635,23.850501404,2010-03-01
SUTTER,2010,April,42.356857466,18.60670194,23.750155526000004,2010-04-01
SUTTER,2010,May,35.467564787,15.24414952,20.223415267,2010-05-01
SUTTER,2010,June,51.275284196,22.19495096,29.080333235999998,2010-06-01
SUTTER,2010,July,67.629567765,30.39621141,37.233356355,2010-07-01
SUTTER,2010,August,70.86989428,32.3177413,38.55215298,2010-08-01
SUTTER,2010,September,65.701480698,27.01433704,38.687143658000004,2010-09-01
SUTTER,2010,October,53.981211619,23.40591245,30.575299169,2010-10-01
SUTTER,2010,November,42.532681367,15.07866278,27.454018587,2010-11-01
SUTTER,2010,December,52.328951046,24.88522624,27.443724806,2010-12-01
SUTTER,2011,January,39.98130045,18.95332688,21.02797357,2011-01-01
SUTTER,2011,February,37.629835986,16.48607953,21.143756456000002,2011-02-01
SUTTER,2011,March,48.082530268,23.50217476,24.580355508,2011-03-01
SUTTER,2011,April,37.199378386,16.04787489,21.151503496000004,2011-04-01
SUTTER,2011,May,41.657635829,17.28978872,24.367847109000003,2011-05-01
SUTTER,2011,June,51.333071358,21.50908803,29.823983327999997,2011-06-01
SUTTER,2011,July,61.815176834,29.47097616,32.344200674,2011-07-01
SUTTER,2011,August,76.701525136,34.45593351,42.24559162600001,2011-08-01
SUTTER,2011,September,67.864346297,31.02531532,36.839030977,2011-09-01
SUTTER,2011,October,55.515805917,23.23835408,32.277451837,2011-10-01
SUTTER,2011,November,43.271265746,16.36391829,26.907347456,2011-11-01
SUTTER,2011,December,49.711382381,22.64041579,27.070966591,2011-12-01
SUTTER,2012,January,45.210374986,21.90679991,23.303575076,2012-01-01
SUTTER,2012,February,38.721723575,17.62190545,21.099818125,2012-02-01
SUTTER,2012,March,43.70708154,20.22983794,23.4772436,2012-03-01
SUTTER,2012,April,35.945161967,15.88521313,20.059948836999997,2012-04-01
SUTTER,2012,May,47.468266928,21.24344588,26.224821048000003,2012-05-01
SUTTER,2012,June,58.282848942,24.76154008,33.521308862,2012-06-01
SUTTER,2012,July,68.812108618,30.15402356,38.658085058,2012-07-01
SUTTER,2012,August,84.96368728,39.26333107,45.700356209999995,2012-08-01
SUTTER,2012,September,62.405008734,27.331703,35.073305734,2012-09-01
SUTTER,2012,October,61.247810081000004,24.56499533,36.682814751,2012-10-01
SUTTER,2012,November,45.517287602,16.69072346,28.826564142,2012-11-01
SUTTER,2012,December,40.086167642,19.02856894,21.057598701999996,2012-12-01
SUTTER,2013,January,50.682812083,23.66623444,27.016577643000005,2013-01-01
SUTTER,2013,February,34.148106806,16.39501832,17.753088486,2013-02-01
SUTTER,2013,March,42.611018935,19.26805941,23.342959525,2013-03-01
SUTTER,2013,April,38.108246741,14.83636149,23.271885251,2013-04-01
SUTTER,2013,May,54.66251594,21.54144306,33.12107288,2013-05-01
SUTTER,2013,June,59.145197445,24.79167166,34.353525785,2013-06-01
SUTTER,2013,July,80.730467417,35.70701926,45.023448157000004,2013-07-01
SUTTER,2013,August,80.898076734,33.71751524,47.180561494,2013-08-01
SUTTER,2013,September,60.334642166,26.2515015,34.083140666,2013-09-01
SUTTER,2013,October,57.460839009000004,22.29902617,35.16181283899999,2013-10-01
SUTTER,2013,November,36.945686989,14.00135013,22.944336859,2013-11-01
SUTTER,2013,December,49.247162162,22.23106752,27.016094642,2013-12-01
SUTTER,2014,January,44.888321415,21.08152651,23.806794905,2014-01-01
SUTTER,2014,February,34.933029824,15.58318038,19.349849444,2014-02-01
SUTTER,2014,March,39.777696111,17.22777618,22.549919931,2014-03-01
SUTTER,2014,April,39.06394803,16.5647449,22.49920313,2014-04-01
SUTTER,2014,May,47.637533837,19.17266061,28.464873226999998,2014-05-01
SUTTER,2014,June,64.43553905899999,25.30505168,39.130487378999995,2014-06-01
SUTTER,2014,July,83.693723089,37.39119691,46.302526179000004,2014-07-01
SUTTER,2014,August,76.54606804,34.35333358,42.192734460000004,2014-08-01
SUTTER,2014,September,67.428832733,27.60176069,39.827072042999994,2014-09-01
SUTTER,2014,October,63.173911444,25.8612651,37.312646344,2014-10-01
SUTTER,2014,November,35.388200641,13.99049449,21.397706150999998,2014-11-01
SUTTER,2014,December,47.649961864000005,21.2026809,26.447280964,2014-12-01
SUTTER,2015,January,41.481298019,20.24075268,21.240545339,2015-01-01
SUTTER,2015,February,33.81266738,14.74348492,19.06918246,2015-02-01
SUTTER,2015,March,42.010149244,18.33602077,23.674128474,2015-03-01
SUTTER,2015,April,41.166213905999996,15.95135066,25.214863245999997,2015-04-01
SUTTER,2015,May,45.489675747,17.43322932,28.056446426999997,2015-05-01
SUTTER,2015,June,63.669181038999994,23.16152598,40.507655059,2015-06-01
SUTTER,2015,July,89.186928771,39.93252334,49.254405430999995,2015-07-01
SUTTER,2015,August,71.374580966,30.31124827,41.063332695999996,2015-08-01
SUTTER,2015,September,67.530511797,28.6146992,38.915812597000006,2015-09-01
SUTTER,2015,October,59.180662276999996,23.22966507,35.950997207,2015-10-01
SUTTER,2015,November,36.230203528000004,14.8835502,21.346653328000002,2015-11-01
SUTTER,2015,December,50.253410321000004,23.23883744,27.014572881,2015-12-01
SUTTER,2016,January,38.238651847999996,20.66068089,17.577970958,2016-01-01
SUTTER,2016,February,35.20128106,15.74868315,19.45259791,2016-02-01
SUTTER,2016,March,45.414356143,19.37000693,26.044349213,2016-03-01
SUTTER,2016,April,34.777199632,15.24819447,19.529005161999997,2016-04-01
SUTTER,2016,May,45.139108498,17.331673,27.807435497999997,2016-05-01
SUTTER,2016,June,68.43258198699999,27.82630449,40.606277496999994,2016-06-01
SUTTER,2016,July,73.681734346,32.54946218,41.132272166,2016-07-01
SUTTER,2016,August,78.961655486,35.19547245,43.766183036,2016-08-01
SUTTER,2016,September,68.27460076999999,27.51054321,40.764057560000005,2016-09-01
SUTTER,2016,October,49.2221386,19.59164255,29.63049605,2016-10-01
SUTTER,2016,November,39.058530167,15.4650888,23.593441366999997,2016-11-01
SUTTER,2016,December,44.303643123,20.47226767,23.831375453000003,2016-12-01
SUTTER,2017,January,45.207664381,21.31315971,23.894504671,2017-01-01
SUTTER,2017,February,34.759262027,16.06647136,18.692790666999997,2017-02-01
SUTTER,2017,March,49.191898224,19.96569854,29.226199684,2017-03-01
SUTTER,2017,April,31.934484584,14.39321048,17.541274104,2017-04-01
SUTTER,2017,May,46.086642402,18.58674866,27.499893741999998,2017-05-01
SUTTER,2017,June,63.673833845000004,27.87536271,35.79847113500001,2017-06-01
SUTTER,2017,July,70.397055773,33.9753506,36.421705173,2017-07-01
SUTTER,2017,August,86.945432387,41.0017696,45.943662786999994,2017-08-01
SUTTER,2017,September,66.122489101,32.0365075,34.085981601,2017-09-01
SUTTER,2017,October,54.385728358,21.52025912,32.865469238,2017-10-01
SUTTER,2017,November,41.077235563,15.53416437,25.543071193000003,2017-11-01
SUTTER,2017,December,42.660430647,19.89800564,22.762425007000004,2017-12-01
SUTTER,2018,January,43.783849195,20.35213358,23.431715614999998,2018-01-01
SUTTER,2018,February,35.44899978,16.18900412,19.25999566,2018-02-01
SUTTER,2018,March,41.552629693,18.80220584,22.750423853,2018-03-01
SUTTER,2018,April,36.085165608,15.52914215,20.556023458000002,2018-04-01
SUTTER,2018,May,45.561941245999996,18.35333804,27.208603206,2018-05-01
SUTTER,2018,June,61.273963564,24.11345603,37.160507534000004,2018-06-01
SUTTER,2018,July,76.97057824699999,34.21553214,42.755046107,2018-07-01
SUTTER,2018,August,83.46688151000001,38.97950035,44.487381160000005,2018-08-01
SUTTER,2018,September,57.233362836,25.00456988,32.228792956,2018-09-01
SUTTER,2018,October,53.774247549,20.4668968,33.307350749,2018-10-01
SUTTER,2018,November,42.520944553,16.19901261,26.321931942999996,2018-11-01
SUTTER,2018,December,42.741706332999996,19.28354623,23.458160102999997,2018-12-01
SUTTER,2019,January,45.186579931,21.43105918,23.755520751,2019-01-01
SUTTER,2019,February,34.42728967,15.89937784,18.527911829999997,2019-02-01
SUTTER,2019,March,43.878057781,19.5861595,24.291898281,2019-03-01
SUTTER,2019,April,38.881535361,15.83794275,23.043592611,2019-04-01
SUTTER,2019,May,44.474516646,18.58681933,25.887697316000004,2019-05-01
SUTTER,2019,June,52.244058015,23.7201292,28.523928815,2019-06-01
SUTTER,2019,July,71.76991212600001,33.27190015,38.498011975999994,2019-07-01
SUTTER,2019,August,78.03778472900001,36.35214279,41.68564193899999,2019-08-01
SUTTER,2019,September,64.547526527,29.81143494,34.736091587000004,2019-09-01
SUTTER,2019,October,54.153980753999996,21.76088395,32.393096803999995,2019-10-01
SUTTER,2019,November,38.979347181,13.08751241,25.891834771,2019-11-01
SUTTER,2019,December,46.545909666,20.15085405,26.395055616,2019-12-01
SUTTER,2020,January,43.50392447,21.14733103,22.356593439999997,2020-01-01
SUTTER,2020,February,34.183433501,16.37141214,17.812021361,2020-02-01
SUTTER,2020,March,39.468911049,17.62827609,21.840634959,2020-03-01
SUTTER,2020,April,39.036246359,17.76114789,21.275098469,2020-04-01
SUTTER,2020,May,45.694907671,20.51864987,25.176257801,2020-05-01
SUTTER,2020,June,65.313780099,28.70670195,36.607078149,2020-06-01
SUTTER,2020,July,84.202148182,38.95783494,45.244313242,2020-07-01
SUTTER,2020,August,77.006280888,36.45779892,40.548481968,2020-08-01
SUTTER,2020,September,72.650459337,34.75822301,37.892236327,2020-09-01
SUTTER,2020,October,57.57372293,26.39697962,31.176743310000003,2020-10-01
SUTTER,2020,November,41.63465935399999,16.87616014,24.758499213999997,2020-11-01
SUTTER,2020,December,47.504998525,22.96721387,24.537784655000003,2020-12-01
SUTTER,2021,January,38.792862453,20.53537337,18.257489083,2021-01-01
SUTTER,2021,February,33.509525248,16.45819613,17.051329117999998,2021-02-01
SUTTER,2021,March,43.198670313,20.03071076,23.167959553000003,2021-03-01
SUTTER,2021,April,40.577213108,17.29636257,23.280850538,2021-04-01
SUTTER,2021,May,50.501356568999995,19.52313516,30.978221409,2021-05-01
SUTTER,2021,June,73.986284645,31.07399356,42.912291085,2021-06-01
SUTTER,2021,July,82.157224697,37.12584112,45.031383577,2021-07-01
SUTTER,2021,August,85.003601687,38.41299188,46.590609807,2021-08-01
SUTTER,2021,September,71.594715827,33.0793675,38.515348327,2021-09-01
SUTTER,2021,October,52.478025499000005,23.17835369,29.299671809,2021-10-01
SUTTER,2021,November,39.877171858,14.77342268,25.103749178,2021-11-01
SUTTER,2021,December,47.360491663,22.77941868,24.581072982999995,2021-12-01
SUTTER,2022,January,41.249708304,20.10134266,21.148365644,2022-01-01
SUTTER,2022,February,35.03208002,16.93649461,18.095585409999998,2022-02-01
SUTTER,2022,March,44.789775635,19.48378086,25.305994774999995,2022-03-01
SUTTER,2022,April,38.805919315,16.17495936,22.630959955,2022-04-01
SUTTER,2022,May,47.900400232,18.89348328,29.006916951999997,2022-05-01
SUTTER,2022,June,65.67089999000001,27.86688016,37.80401983,2022-06-01
SUTTER,2022,July,63.439006921,33.88498884,29.554018081000002,2022-07-01
SUTTER,2022,August,85.754902981,40.29404902,45.460853961000005,2022-08-01
SUTTER,2022,September,75.095335166,34.87789432,40.217440845999995,2022-09-01
SUTTER,2022,October,53.703576252999994,23.80215757,29.901418682999992,2022-10-01
SUTTER,2022,November,40.221649553999995,17.00319786,23.218451694000002,2022-11-01
SUTTER,2022,December,44.443261127,20.65457803,23.788683097,2022-12-01
SUTTER,2023,January,43.150859738,22.07672412,21.074135618,2023-01-01
SUTTER,2023,February,35.016883396,17.2095882,17.807295196,2023-02-01
SUTTER,2023,March,45.02541380899999,21.90060186,23.124811948999998,2023-03-01
SUTTER,2023,April,37.120030523,18.05957445,19.060456072999997,2023-04-01
SUTTER,2023,May,44.891022323,20.03395572,24.857066603,2023-05-01
SUTTER,2023,June,57.790206196999996,24.45899503,33.331211167,2023-06-01
SUTTER,2023,July,81.572874889,32.15799137,49.41488351900001,2023-07-01
SUTTER,2023,August,85.582903578,41.54283259,44.040070988,2023-08-01
SUTTER,2023,September,64.543777796,28.31626326,36.227514535999994,2023-09-01
SUTTER,2023,October,49.452331986,21.03602783,28.416304156000002,2023-10-01
SUTTER,2023,November,41.816041337,16.41298796,25.403053377000003,2023-11-01
SUTTER,2023,December,40.856525941,18.93952055,21.917005390999993,2023-12-01
SUTTER,2024,January,43.574393838,21.80578355,21.768610287999998,2024-01-01
SUTTER,2024,February,39.132068919,18.79582884,20.336240079000003,2024-02-01
SUTTER,2024,March,41.576270995,19.92037925,21.655891744999998,2024-03-01
SUTTER,2024,April,39.871490724,18.21919089,21.652299834,2024-04-01
SUTTER,2024,May,48.072739519,21.74193713,26.330802389000002,2024-05-01
SUTTER,2024,June,62.3122858,28.40161868,33.91066712000001,2024-06-01
SUTTER,2024,July,91.027234794,44.6247535,46.402481294000005,2024-07-01
SUTTER,2024,August,86.618288995,41.14672426,45.471564735,2024-08-01
SUTTER,2024,September,63.737116435,28.63350852,35.103607915000005,2024-09-01
SUTTER,2024,October,59.84934859999999,27.22764869,32.62169991,2024-10-01
SUTTER,2024,November,38.656952616,14.67544,23.981512616000003,2024-11-01
SUTTER,2024,December,45.018287901,21.92131728,23.096970620999997,2024-12-01
TEHAMA,2008,January,42.231376388,21.85510359,20.376272798000002,2008-01-01
TEHAMA,2008,February,34.696397286,17.415573,17.280824285999998,2008-02-01
TEHAMA,2008,March,35.641411620999996,16.70404155,18.937370071,2008-03-01
TEHAMA,2008,April,36.750466918,15.35265287,21.397814048,2008-04-01
TEHAMA,2008,May,39.092480048,15.72716934,23.365310707999996,2008-05-01
TEHAMA,2008,June,43.386423590999996,18.65892285,24.727500741000004,2008-06-01
TEHAMA,2008,July,54.683578411,26.68379209,27.999786321000002,2008-07-01
TEHAMA,2008,August,51.860438856,24.94466998,26.915768876,2008-08-01
TEHAMA,2008,September,53.598612111,24.67084219,28.927769921,2008-09-01
TEHAMA,2008,October,43.990597133,18.09281176,25.897785372999998,2008-10-01
TEHAMA,2008,November,29.670049446,13.39162948,16.278419966,2008-11-01
TEHAMA,2008,December,43.225016733,20.47846189,22.746554843,2008-12-01
TEHAMA,2009,January,35.20390453,19.69654689,15.507357639999999,2009-01-01
TEHAMA,2009,February,34.933514045,17.15892519,17.774588854999998,2009-02-01
TEHAMA,2009,March,36.619351398,17.89065139,18.728700008,2009-03-01
TEHAMA,2009,April,35.892510709999996,16.22158386,19.67092685,2009-04-01
TEHAMA,2009,May,35.540337339,15.27537653,20.264960808999994,2009-05-01
TEHAMA,2009,June,46.009388538,20.52386157,25.485526967999995,2009-06-01
TEHAMA,2009,July,54.591618448,25.70203518,28.889583268,2009-07-01
TEHAMA,2009,August,53.899233710999994,26.86659657,27.032637141000002,2009-08-01
TEHAMA,2009,September,52.403298829,23.53035155,28.872947279,2009-09-01
TEHAMA,2009,October,43.260247421,18.58574132,24.674506101000002,2009-10-01
TEHAMA,2009,November,30.178906283,14.46893573,15.709970553000002,2009-11-01
TEHAMA,2009,December,43.125560949000004,21.91812329,21.207437659,2009-12-01
TEHAMA,2010,January,33.508454556,19.7587051,13.749749456,2010-01-01
TEHAMA,2010,February,34.812176251000004,17.76771033,17.044465921,2010-02-01
TEHAMA,2010,March,37.920845262,18.68616875,19.234676512,2010-03-01
TEHAMA,2010,April,35.553752838,16.9667476,18.587005238,2010-04-01
TEHAMA,2010,May,32.97971544,14.42143816,18.55827728,2010-05-01
TEHAMA,2010,June,38.696843696,17.12819523,21.568648466000003,2010-06-01
TEHAMA,2010,July,50.384020849,25.07188622,25.312134629000003,2010-07-01
TEHAMA,2010,August,53.866083919,26.56070778,27.305376139,2010-08-01
TEHAMA,2010,September,49.693907087999996,22.31391597,27.379991117999996,2010-09-01
TEHAMA,2010,October,39.848578358000005,17.04089035,22.807688008,2010-10-01
TEHAMA,2010,November,35.11232999,16.1910536,18.921276390000003,2010-11-01
TEHAMA,2010,December,43.293243021,21.24322704,22.050015981,2010-12-01
TEHAMA,2011,January,35.743524995,19.91702031,15.826504685,2011-01-01
TEHAMA,2011,February,34.946063444,17.39583547,17.550227974000002,2011-02-01
TEHAMA,2011,March,39.547149047,20.48888253,19.058266516999996,2011-03-01
TEHAMA,2011,April,34.042061327,15.79329717,18.248764156999997,2011-04-01
TEHAMA,2011,May,35.605410737,14.89565895,20.709751787000002,2011-05-01
TEHAMA,2011,June,39.546786634,17.32495799,22.221828644,2011-06-01
TEHAMA,2011,July,47.823843809,23.00628254,24.817561269000002,2011-07-01
TEHAMA,2011,August,54.658106659,25.94462806,28.713478599,2011-08-01
TEHAMA,2011,September,53.499630395000004,24.88178554,28.617844854999998,2011-09-01
TEHAMA,2011,October,42.541640635,18.16664498,24.374995655,2011-10-01
TEHAMA,2011,November,34.112384121,15.73503099,18.377353131,2011-11-01
TEHAMA,2011,December,40.578048765999995,20.16905558,20.408993185999996,2011-12-01
TEHAMA,2012,January,39.778139110000005,21.29866935,18.47946976,2012-01-01
TEHAMA,2012,February,35.147507106,18.34143704,16.806070066,2012-02-01
TEHAMA,2012,March,37.511092323,18.36295482,19.148137503,2012-03-01
TEHAMA,2012,April,33.11950985,16.42082184,16.698688009999998,2012-04-01
TEHAMA,2012,May,42.36679881,17.00985605,25.356942760000003,2012-05-01
TEHAMA,2012,June,43.849792223,19.09203563,24.757756593,2012-06-01
TEHAMA,2012,July,50.389932996,23.36672592,27.023207076000002,2012-07-01
TEHAMA,2012,August,59.336429259999996,28.67583838,30.66059088,2012-08-01
TEHAMA,2012,September,47.317283366,22.68622555,24.631057816,2012-09-01
TEHAMA,2012,October,46.499049886,19.5412185,26.957831386,2012-10-01
TEHAMA,2012,November,35.555680765,15.42870706,20.126973705,2012-11-01
TEHAMA,2012,December,34.388002019,18.39976524,15.988236779000001,2012-12-01
TEHAMA,2013,January,42.482947663,23.60254589,18.880401773,2013-01-01
TEHAMA,2013,February,34.310087661,17.74202256,16.568065101,2013-02-01
TEHAMA,2013,March,35.736444676,17.3499736,18.386471076,2013-03-01
TEHAMA,2013,April,34.083806999000004,14.38462635,19.699180649000002,2013-04-01
TEHAMA,2013,May,41.612856617999995,17.00116116,24.611695457999996,2013-05-01
TEHAMA,2013,June,44.758514018999996,20.10309698,24.655417039,2013-06-01
TEHAMA,2013,July,56.131190501,26.75518843,29.376002071000002,2013-07-01
TEHAMA,2013,August,55.04498697,26.48744901,28.557537959999998,2013-08-01
TEHAMA,2013,September,46.792441035,21.71289036,25.079550675,2013-09-01
TEHAMA,2013,October,42.432576248,17.62730142,24.805274828,2013-10-01
TEHAMA,2013,November,32.013269903,13.86703384,18.146236063,2013-11-01
TEHAMA,2013,December,41.222321728000004,20.65054739,20.571774338,2013-12-01
TEHAMA,2014,January,38.841211009999995,19.96025598,18.88095503,2014-01-01
TEHAMA,2014,February,33.550575071,16.06284023,17.487734840999998,2014-02-01
TEHAMA,2014,March,33.752478487,16.14713622,17.605342266999997,2014-03-01
TEHAMA,2014,April,32.994094701,15.09199275,17.902101951,2014-04-01
TEHAMA,2014,May,36.928247108,15.23754224,21.690704867999997,2014-05-01
TEHAMA,2014,June,44.364486590000006,20.45244663,23.912039959999998,2014-06-01
TEHAMA,2014,July,55.713124599,27.15926726,28.553857339,2014-07-01
TEHAMA,2014,August,52.229742259,26.53679246,25.692949798999997,2014-08-01
TEHAMA,2014,September,50.669145934,22.9627839,27.706362033999998,2014-09-01
TEHAMA,2014,October,43.950310158,18.70768268,25.242627478000003,2014-10-01
TEHAMA,2014,November,30.844796539999997,13.56896398,17.275832559999998,2014-11-01
TEHAMA,2014,December,37.122215836,18.62833317,18.493882665999998,2014-12-01
TEHAMA,2015,January,37.195337419,19.64445748,17.550879938999998,2015-01-01
TEHAMA,2015,February,31.470097998,15.45490318,16.015194817999998,2015-02-01
TEHAMA,2015,March,33.586481424,15.92347613,17.663005293999998,2015-03-01
TEHAMA,2015,April,34.216185349,14.25498444,19.961200909,2015-04-01
TEHAMA,2015,May,36.320113237,14.986961,21.333152237,2015-05-01
TEHAMA,2015,June,45.932598575,19.64599794,26.286600635000003,2015-06-01
TEHAMA,2015,July,59.438108185999994,29.07318504,30.364923146000002,2015-07-01
TEHAMA,2015,August,51.560491172,24.20706129,27.353429882,2015-08-01
TEHAMA,2015,September,48.489778995,22.28468006,26.205098935,2015-09-01
TEHAMA,2015,October,43.669453079,18.03058469,25.638868389000002,2015-10-01
TEHAMA,2015,November,33.142580558,13.96078067,19.181799888,2015-11-01
TEHAMA,2015,December,39.693783824,20.65946691,19.034316913999998,2015-12-01
TEHAMA,2016,January,37.885201536000004,20.59355025,17.291651286,2016-01-01
TEHAMA,2016,February,33.148627880999996,16.41195973,16.736668151,2016-02-01
TEHAMA,2016,March,36.447711041,17.32471627,19.122994771000002,2016-03-01
TEHAMA,2016,April,32.087938996,13.95718895,18.130750046000003,2016-04-01
TEHAMA,2016,May,35.251755865999996,14.42040037,20.831355496,2016-05-01
TEHAMA,2016,June,47.267421182,20.66416681,26.603254372,2016-06-01
TEHAMA,2016,July,51.114447772,24.1338631,26.980584672000003,2016-07-01
TEHAMA,2016,August,57.965203081,27.04335059,30.921852491000003,2016-08-01
TEHAMA,2016,September,50.931004666999996,22.56756515,28.363439517000003,2016-09-01
TEHAMA,2016,October,40.253081236,16.41978824,23.833292996,2016-10-01
TEHAMA,2016,November,32.461166067,14.07163567,18.389530397,2016-11-01
TEHAMA,2016,December,38.651936659,19.39368774,19.258248919,2016-12-01
TEHAMA,2017,January,38.713570035,21.06667663,17.646893404999997,2017-01-01
TEHAMA,2017,February,34.338276781,17.42387985,16.914396931000002,2017-02-01
TEHAMA,2017,March,37.521239869,18.38284701,19.138392859,2017-03-01
TEHAMA,2017,April,31.01620758,13.81200695,17.20420063,2017-04-01
TEHAMA,2017,May,35.166469372,15.12458208,20.041887292000006,2017-05-01
TEHAMA,2017,June,45.634553236,19.98326285,25.651290386,2017-06-01
TEHAMA,2017,July,54.822883543,26.71355562,28.109327923000002,2017-07-01
TEHAMA,2017,August,61.856191887,30.59880182,31.257390066999996,2017-08-01
TEHAMA,2017,September,53.288134177,25.1372815,28.150852677000003,2017-09-01
TEHAMA,2017,October,41.966928192,16.46908707,25.497841121999997,2017-10-01
TEHAMA,2017,November,33.781193598,14.06564064,19.715552957999996,2017-11-01
TEHAMA,2017,December,36.853643779,17.96726248,18.886381299,2017-12-01
TEHAMA,2018,January,37.691964479,18.77117102,18.920793459000002,2018-01-01
TEHAMA,2018,February,33.801635334,16.19592071,17.605714624,2018-02-01
TEHAMA,2018,March,38.200877565,18.27866517,19.922212395000003,2018-03-01
TEHAMA,2018,April,32.692335502,14.46502419,18.227311312000005,2018-04-01
TEHAMA,2018,May,38.195989601,15.46305699,22.732932610999995,2018-05-01
TEHAMA,2018,June,44.946524191,18.73752179,26.209002401,2018-06-01
TEHAMA,2018,July,55.574265872,25.82148117,29.752784701999996,2018-07-01
TEHAMA,2018,August,60.276138254,30.07262914,30.203509114,2018-08-01
TEHAMA,2018,September,48.307573817,21.02024638,27.287327437000002,2018-09-01
TEHAMA,2018,October,41.795718481,16.18660194,25.609116541000002,2018-10-01
TEHAMA,2018,November,33.866551517,14.06956987,19.796981646999996,2018-11-01
TEHAMA,2018,December,36.134750048,18.22195881,17.912791238,2018-12-01
TEHAMA,2019,January,41.287551164,21.12791385,20.159637314,2019-01-01
TEHAMA,2019,February,34.102721343999995,16.99788353,17.104837814,2019-02-01
TEHAMA,2019,March,36.506202875,18.8466766,17.659526275,2019-03-01
TEHAMA,2019,April,33.355391272,15.03451717,18.320874102,2019-04-01
TEHAMA,2019,May,37.327575681,15.65484697,21.672728711,2019-05-01
TEHAMA,2019,June,40.532645977,18.61457956,21.918066417000002,2019-06-01
TEHAMA,2019,July,55.340742282,25.38995621,29.950786072,2019-07-01
TEHAMA,2019,August,57.653683106,27.60899844,30.044684666000002,2019-08-01
TEHAMA,2019,September,51.536933092000005,23.59552697,27.941406122000004,2019-09-01
TEHAMA,2019,October,41.723831496,17.70737277,24.016458726,2019-10-01
TEHAMA,2019,November,30.830973195,12.2956153,18.535357895000004,2019-11-01
TEHAMA,2019,December,40.35809862,19.79618357,20.56191505,2019-12-01
TEHAMA,2020,January,40.274319792,21.44094715,18.833372641999997,2020-01-01
TEHAMA,2020,February,34.42629163,17.09618232,17.33010931,2020-02-01
TEHAMA,2020,March,35.355496121,17.05010633,18.305389791,2020-03-01
TEHAMA,2020,April,35.537320946,17.1464086,18.390912346,2020-04-01
TEHAMA,2020,May,38.021778824,16.3841609,21.637617924,2020-05-01
TEHAMA,2020,June,46.585042189,21.53420479,25.050837399,2020-06-01
TEHAMA,2020,July,59.824343255,29.89025734,29.934085914999997,2020-07-01
TEHAMA,2020,August,59.380630162,30.55629852,28.824331642000004,2020-08-01
TEHAMA,2020,September,54.541159987,27.41921577,27.121944217,2020-09-01
TEHAMA,2020,October,45.43211697,21.22404611,24.20807086,2020-10-01
TEHAMA,2020,November,35.064515478000004,15.60543655,19.459078928000004,2020-11-01
TEHAMA,2020,December,40.385183822,21.83584711,18.549336712,2020-12-01
TEHAMA,2021,January,35.066250303,20.75253558,14.313714723,2021-01-01
TEHAMA,2021,February,33.830916031,18.43253131,15.398384721000001,2021-02-01
TEHAMA,2021,March,39.346557358,20.27865318,19.067904178,2021-03-01
TEHAMA,2021,April,36.038708355,16.31927333,19.719435025,2021-04-01
TEHAMA,2021,May,48.994830811,16.63482654,32.360004271,2021-05-01
TEHAMA,2021,June,53.597735807,23.97463073,29.623105076999998,2021-06-01
TEHAMA,2021,July,62.374063389999996,31.16343344,31.210629950000005,2021-07-01
TEHAMA,2021,August,62.769928889,31.13907385,31.630855038999993,2021-08-01
TEHAMA,2021,September,55.060131151,25.79745807,29.262673080999996,2021-09-01
TEHAMA,2021,October,42.281522603999996,18.61608613,23.665436474,2021-10-01
TEHAMA,2021,November,32.729350014,14.44491114,18.284438874,2021-11-01
TEHAMA,2021,December,39.530225108,20.35579688,19.174428228,2021-12-01
TEHAMA,2022,January,39.921696698,21.58778606,18.333910638,2022-01-01
TEHAMA,2022,February,34.954528608000004,17.01394879,17.940579818,2022-02-01
TEHAMA,2022,March,39.503281868,18.35034428,21.152937588,2022-03-01
TEHAMA,2022,April,36.317622275,14.47931058,21.838311695000005,2022-04-01
TEHAMA,2022,May,39.649459942,15.2648533,24.384606642,2022-05-01
TEHAMA,2022,June,49.530304985,20.54025747,28.990047515,2022-06-01
TEHAMA,2022,July,55.896841755,25.62510565,30.271736105000002,2022-07-01
TEHAMA,2022,August,65.021993391,31.53805554,33.483937851,2022-08-01
TEHAMA,2022,September,58.043440753999995,27.56241488,30.481025874,2022-09-01
TEHAMA,2022,October,43.028368212,18.21363011,24.814738102,2022-10-01
TEHAMA,2022,November,35.203559464,15.4045748,19.798984664,2022-11-01
TEHAMA,2022,December,37.158470487,19.85990986,17.298560627,2022-12-01
TEHAMA,2023,January,39.090846329,21.28919264,17.801653689000002,2023-01-01
TEHAMA,2023,February,34.925383435,17.57561351,17.349769925,2023-02-01
TEHAMA,2023,March,39.105646569,21.08235871,18.023287858999996,2023-03-01
TEHAMA,2023,April,35.56944663,16.97466047,18.594786159999998,2023-04-01
TEHAMA,2023,May,36.987816841,16.08307326,20.904743581,2023-05-01
TEHAMA,2023,June,46.933714819,19.91162706,27.022087759,2023-06-01
TEHAMA,2023,July,54.52839573,24.99807486,29.53032087,2023-07-01
TEHAMA,2023,August,61.537426894,30.13249391,31.404932984000002,2023-08-01
TEHAMA,2023,September,50.660968018999995,22.73169693,27.929271089,2023-09-01
TEHAMA,2023,October,39.837096566,16.54463354,23.292463026,2023-10-01
TEHAMA,2023,November,32.839885723,14.17514627,18.664739453,2023-11-01
TEHAMA,2023,December,33.838499368,17.61392444,16.224574928,2023-12-01
TEHAMA,2024,January,38.530312706000004,20.7962354,17.734077306,2024-01-01
TEHAMA,2024,February,36.387468103,18.17900054,18.208467563000003,2024-02-01
TEHAMA,2024,March,36.705258846,18.0272939,18.677964946,2024-03-01
TEHAMA,2024,April,34.282858218,15.46072425,18.822133968000003,2024-04-01
TEHAMA,2024,May,38.419695617,15.55366765,22.866027967,2024-05-01
TEHAMA,2024,June,48.158728599,20.38005512,27.778673479000002,2024-06-01
TEHAMA,2024,July,66.250138025,30.963548,35.286590025,2024-07-01
TEHAMA,2024,August,62.65301006,30.20627312,32.44673694,2024-08-01
TEHAMA,2024,September,50.009156185,22.42673753,27.582418654999998,2024-09-01
TEHAMA,2024,October,44.583709797999994,19.63284683,24.950862968,2024-10-01
TEHAMA,2024,November,31.642841969,13.19339151,18.449450458999998,2024-11-01
TEHAMA,2024,December,36.781843142999996,18.95622383,17.825619313,2024-12-01
TRINITY,2008,January,1.061785679,0.861744111,0.20004156800000003,2008-01-01
TRINITY,2008,February,1.053904452,0.873736451,0.18016800100000002,2008-02-01
TRINITY,2008,March,1.050920941,0.8789529,0.171968041,2008-03-01
TRINITY,2008,April,1.009033125,0.844000199,0.165032926,2008-04-01
TRINITY,2008,May,1.004920244,0.808948979,0.195971265,2008-05-01
TRINITY,2008,June,0.975013356,0.797244332,0.17776902399999997,2008-06-01
TRINITY,2008,July,1.064495073,0.864827062,0.199668011,2008-07-01
TRINITY,2008,August,0.9835090809999999,0.774499985,0.20900909599999998,2008-08-01
TRINITY,2008,September,1.0520380809999998,0.783065127,0.268972954,2008-09-01
TRINITY,2008,October,0.954766096,0.738239941,0.216526155,2008-10-01
TRINITY,2008,November,0.9796364700000001,0.770024581,0.209611889,2008-11-01
TRINITY,2008,December,1.1952978730000001,0.966696216,0.228601657,2008-12-01
TRINITY,2009,January,9.452924058,1.027363768,8.42556029,2009-01-01
TRINITY,2009,February,8.209836068,0.861087599,7.348748469,2009-02-01
TRINITY,2009,March,8.231963091,0.935911991,7.296051100000001,2009-03-01
TRINITY,2009,April,7.340293462,0.907590607,6.4327028550000005,2009-04-01
TRINITY,2009,May,6.978800614,0.810702984,6.16809763,2009-05-01
TRINITY,2009,June,6.789873105,0.789587719,6.000285386,2009-06-01
TRINITY,2009,July,7.874199817999999,0.912542738,6.961657079999999,2009-07-01
TRINITY,2009,August,7.375435418,0.864584559,6.5108508590000005,2009-08-01
TRINITY,2009,September,6.575440722,0.809600458,5.7658402639999995,2009-09-01
TRINITY,2009,October,6.915798039999999,0.809226391,6.106571648999999,2009-10-01
TRINITY,2009,November,7.984357593,0.809540172,7.174817421,2009-11-01
TRINITY,2009,December,9.886357345,1.046273612,8.840083733,2009-12-01
TRINITY,2010,January,8.202750854,0.973729356,7.229021498,2010-01-01
TRINITY,2010,February,7.367158406,0.896736751,6.470421655,2010-02-01
TRINITY,2010,March,7.558636371,0.986610312,6.572026059000001,2010-03-01
TRINITY,2010,April,7.4946566169999995,0.96731017,6.527346446999999,2010-04-01
TRINITY,2010,May,5.967263126,0.922035125,5.045228001,2010-05-01
TRINITY,2010,June,6.389248053999999,0.91120727,5.478040784,2010-06-01
TRINITY,2010,July,7.5741447619999995,0.974703497,6.599441264999999,2010-07-01
TRINITY,2010,August,7.0886145009999995,0.916788214,6.171826287,2010-08-01
TRINITY,2010,September,6.348688275999999,0.878637084,5.470051192,2010-09-01
TRINITY,2010,October,6.983319326,0.810406427,6.172912899,2010-10-01
TRINITY,2010,November,8.4409604,0.878222206,7.562738194,2010-11-01
TRINITY,2010,December,9.22159546,1.066468702,8.155126758,2010-12-01
TRINITY,2011,January,11.485454165,0.939128293,10.546325871999999,2011-01-01
TRINITY,2011,February,10.622251824000001,0.981580849,9.640670975,2011-02-01
TRINITY,2011,March,11.163943735,0.995506369,10.168437366,2011-03-01
TRINITY,2011,April,9.771553487,0.968081356,8.803472131000001,2011-04-01
TRINITY,2011,May,9.443603716,0.93040472,8.513198996,2011-05-01
TRINITY,2011,June,8.69207445,0.945452163,7.746622287,2011-06-01
TRINITY,2011,July,9.223911039,0.918530013,8.305381026000001,2011-07-01
TRINITY,2011,August,9.422073128,0.993781287,8.428291841,2011-08-01
TRINITY,2011,September,8.375317448,0.92805863,7.447258818,2011-09-01
TRINITY,2011,October,9.281998346,0.893058667,8.388939679,2011-10-01
TRINITY,2011,November,10.777615318,0.919976363,9.857638955,2011-11-01
TRINITY,2011,December,12.79701495,1.059871904,11.737143046,2011-12-01
TRINITY,2012,January,11.692464697,1.072260013,10.620204683999999,2012-01-01
TRINITY,2012,February,10.647381638999999,1.022399563,9.624982076,2012-02-01
TRINITY,2012,March,10.691750688,1.062602274,9.629148414000001,2012-03-01
TRINITY,2012,April,8.92611203,0.962760814,7.9633512159999995,2012-04-01
TRINITY,2012,May,8.096275529,0.962673292,7.133602237,2012-05-01
TRINITY,2012,June,7.770034227,0.925569293,6.8444649339999994,2012-06-01
TRINITY,2012,July,8.368240483000001,0.86384228,7.504398203,2012-07-01
TRINITY,2012,August,8.811584731,0.905700554,7.905884177,2012-08-01
TRINITY,2012,September,7.5626301410000005,0.854657189,6.707972952,2012-09-01
TRINITY,2012,October,8.311236730000001,0.808886192,7.502350538,2012-10-01
TRINITY,2012,November,9.697678327999999,0.916711318,8.78096701,2012-11-01
TRINITY,2012,December,11.349511848,0.980711158,10.36880069,2012-12-01
TRINITY,2013,January,13.218680185999998,1.091767106,12.12691308,2013-01-01
TRINITY,2013,February,10.853804504000001,0.99939956,9.854404944,2013-02-01
TRINITY,2013,March,10.176494532000001,0.969042069,9.207452463000001,2013-03-01
TRINITY,2013,April,8.774135685,0.890390697,7.883744987999999,2013-04-01
TRINITY,2013,May,8.403153157,0.899697548,7.503455609,2013-05-01
TRINITY,2013,June,9.068219633,0.870339044,8.197880589,2013-06-01
TRINITY,2013,July,9.540727161,0.90284884,8.637878320999999,2013-07-01
TRINITY,2013,August,8.673304378000001,0.900247366,7.773057012,2013-08-01
TRINITY,2013,September,7.9882455420000005,0.770053917,7.218191625,2013-09-01
TRINITY,2013,October,9.305473081,0.869538974,8.435934107,2013-10-01
TRINITY,2013,November,9.998957609,0.867934041,9.131023568,2013-11-01
TRINITY,2013,December,13.385075634000001,1.034677924,12.350397710000001,2013-12-01
TRINITY,2014,January,12.726203953999999,1.012424221,11.713779732999999,2014-01-01
TRINITY,2014,February,10.415973187999999,0.871365718,9.544607469999999,2014-02-01
TRINITY,2014,March,10.265435391,0.886812524,9.378622867,2014-03-01
TRINITY,2014,April,9.083746064,0.84623792,8.237508144,2014-04-01
TRINITY,2014,May,8.746024457,0.875896822,7.870127635,2014-05-01
TRINITY,2014,June,8.377248932,0.766366632,7.6108823,2014-06-01
TRINITY,2014,July,10.090383538000001,0.869730691,9.220652847,2014-07-01
TRINITY,2014,August,9.424900244,0.859417207,8.565483037,2014-08-01
TRINITY,2014,September,8.201881734,0.793616353,7.4082653810000005,2014-09-01
TRINITY,2014,October,8.898197329,0.769720663,8.128476666,2014-10-01
TRINITY,2014,November,10.332524946,0.852214277,9.480310669,2014-11-01
TRINITY,2014,December,11.118113145,0.8639431,10.254170045,2014-12-01
TRINITY,2015,January,10.965334912,0.917576219,10.047758693,2015-01-01
TRINITY,2015,February,8.980670013,0.78767811,8.192991903,2015-02-01
TRINITY,2015,March,9.115661854999999,0.86541132,8.250250535,2015-03-01
TRINITY,2015,April,8.704558061,0.812828583,7.891729478,2015-04-01
TRINITY,2015,May,8.086578912,0.773399916,7.3131789959999995,2015-05-01
TRINITY,2015,June,8.43391608,0.813930187,7.619985893,2015-06-01
TRINITY,2015,July,9.045164097,0.842074811,8.203089286,2015-07-01
TRINITY,2015,August,8.609644620000001,0.798450277,7.811194343,2015-08-01
TRINITY,2015,September,7.771336892,0.762847428,7.008489464,2015-09-01
TRINITY,2015,October,8.390448663,0.784264417,7.606184246,2015-10-01
TRINITY,2015,November,10.698090491,0.870734406,9.827356085,2015-11-01
TRINITY,2015,December,12.346088812000001,1.066469108,11.279619704,2015-12-01
TRINITY,2016,January,12.879127335,0.932719587,11.946407748,2016-01-01
TRINITY,2016,February,11.194461741,0.927545729,10.266916012,2016-02-01
TRINITY,2016,March,11.416648265,0.965383613,10.451264652,2016-03-01
TRINITY,2016,April,9.47513311,0.924195768,8.550937342,2016-04-01
TRINITY,2016,May,9.376929596,0.872852971,8.504076625,2016-05-01
TRINITY,2016,June,9.187207886,0.901795606,8.285412280000001,2016-06-01
TRINITY,2016,July,9.852746757,0.711736112,9.141010645,2016-07-01
TRINITY,2016,August,10.360202513,0.917587393,9.44261512,2016-08-01
TRINITY,2016,September,8.740521771,0.843802754,7.896719017,2016-09-01
TRINITY,2016,October,10.250555525,0.824240212,9.426315313,2016-10-01
TRINITY,2016,November,11.520807773,0.977291412,10.543516361,2016-11-01
TRINITY,2016,December,14.297091259,1.021726656,13.275364603,2016-12-01
TRINITY,2017,January,14.756357618,1.015336788,13.74102083,2017-01-01
TRINITY,2017,February,11.897639345,0.945415021,10.952224324000001,2017-02-01
TRINITY,2017,March,11.983626800000001,1.010176087,10.973450713,2017-03-01
TRINITY,2017,April,11.189551979,1.014512118,10.175039861,2017-04-01
TRINITY,2017,May,10.213323054,1.141048176,9.072274878,2017-05-01
TRINITY,2017,June,9.905125983000001,0.907085253,8.99804073,2017-06-01
TRINITY,2017,July,10.853101108,0.918938769,9.934162339,2017-07-01
TRINITY,2017,August,10.978435229,0.988656943,9.989778286,2017-08-01
TRINITY,2017,September,9.198445118,0.88187467,8.316570448,2017-09-01
TRINITY,2017,October,10.390143523999999,0.812285978,9.577857545999999,2017-10-01
TRINITY,2017,November,11.808005856,0.90178719,10.906218666,2017-11-01
TRINITY,2017,December,14.097415179,0.918019404,13.179395775,2017-12-01
TRINITY,2018,January,12.939871538,0.896520109,12.043351429,2018-01-01
TRINITY,2018,February,12.233238617000001,0.851263182,11.381975435000001,2018-02-01
TRINITY,2018,March,13.000894173999999,0.924067371,12.076826803,2018-03-01
TRINITY,2018,April,10.632536037,0.844423527,9.78811251,2018-04-01
TRINITY,2018,May,9.275197548,0.840401358,8.43479619,2018-05-01
TRINITY,2018,June,9.030630815,0.76960254,8.261028275,2018-06-01
TRINITY,2018,July,10.292763268,0.831881714,9.460881554,2018-07-01
TRINITY,2018,August,9.428611391,0.862238032,8.566373359,2018-08-01
TRINITY,2018,September,8.668260769,0.799266281,7.868994488,2018-09-01
TRINITY,2018,October,9.807143763000001,0.746182023,9.060961740000002,2018-10-01
TRINITY,2018,November,11.814694992,0.842979695,10.971715297,2018-11-01
TRINITY,2018,December,13.338686107,0.841736167,12.49694994,2018-12-01
TRINITY,2019,January,13.414743935,0.859020515,12.55572342,2019-01-01
TRINITY,2019,February,12.37666417,0.791730731,11.584933438999999,2019-02-01
TRINITY,2019,March,12.82319736,0.847854795,11.975342565,2019-03-01
TRINITY,2019,April,10.37963227,0.807644317,9.571987953,2019-04-01
TRINITY,2019,May,9.8153276,0.789033127,9.026294473,2019-05-01
TRINITY,2019,June,9.327739143999999,0.709112374,8.618626769999999,2019-06-01
TRINITY,2019,July,10.198574097,0.768017858,9.430556239,2019-07-01
TRINITY,2019,August,10.509640899999999,0.809275699,9.700365200999999,2019-08-01
TRINITY,2019,September,9.19103449,0.776937589,8.414096901,2019-09-01
TRINITY,2019,October,11.109112462,0.763284051,10.345828411,2019-10-01
TRINITY,2019,November,12.027034236,0.710820194,11.316214042,2019-11-01
TRINITY,2019,December,13.733364922,0.867550047,12.865814875,2019-12-01
TRINITY,2020,January,14.208597213000001,0.900226124,13.308371089,2020-01-01
TRINITY,2020,February,12.797597311999999,0.786681978,12.010915334,2020-02-01
TRINITY,2020,March,13.377204033,0.828005739,12.549198294,2020-03-01
TRINITY,2020,April,11.23397771,0.92534217,10.30863554,2020-04-01
TRINITY,2020,May,11.074563604,0.869519337,10.205044267,2020-05-01
TRINITY,2020,June,10.778512675,0.965615766,9.812896909,2020-06-01
TRINITY,2020,July,11.866108065,0.909229773,10.956878292,2020-07-01
TRINITY,2020,August,11.799285467,0.945299856,10.853985611,2020-08-01
TRINITY,2020,September,10.196104086,0.89332464,9.302779446,2020-09-01
TRINITY,2020,October,11.092330832,0.69921603,10.393114802000001,2020-10-01
TRINITY,2020,November,14.428334819,0.833229486,13.595105333000001,2020-11-01
TRINITY,2020,December,16.758735766,1.011543178,15.747192588,2020-12-01
TRINITY,2021,January,16.193125272,0.972719024,15.220406248,2021-01-01
TRINITY,2021,February,14.751486731,0.85524991,13.896236821,2021-02-01
TRINITY,2021,March,15.511961954,1.014334677,14.497627277000001,2021-03-01
TRINITY,2021,April,12.326259603,0.948195457,11.378064146,2021-04-01
TRINITY,2021,May,11.331378046000001,0.898558268,10.432819778,2021-05-01
TRINITY,2021,June,11.946717877,0.911986849,11.034731028,2021-06-01
TRINITY,2021,July,13.122937953000001,0.965181074,12.157756879,2021-07-01
TRINITY,2021,August,11.01900207,0.900220684,10.118781386,2021-08-01
TRINITY,2021,September,10.081961723,0.60050633,9.481455393,2021-09-01
TRINITY,2021,October,12.166648746,0.757097519,11.409551227,2021-10-01
TRINITY,2021,November,13.861339802,0.899491622,12.96184818,2021-11-01
TRINITY,2021,December,16.30351277,0.928701889,15.374810881,2021-12-01
TRINITY,2022,January,16.077511232,0.716728203,15.360783029,2022-01-01
TRINITY,2022,February,13.979207601999999,0.749625204,13.229582398,2022-02-01
TRINITY,2022,March,13.514821657,0.892840394,12.621981263,2022-03-01
TRINITY,2022,April,12.528312335999999,0.766419608,11.761892728,2022-04-01
TRINITY,2022,May,11.299834981,0.807529654,10.492305327,2022-05-01
TRINITY,2022,June,10.023141556999999,0.742103894,9.281037663,2022-06-01
TRINITY,2022,July,11.534721982,0.836432729,10.698289253,2022-07-01
TRINITY,2022,August,11.446976407,0.810417552,10.636558854999999,2022-08-01
TRINITY,2022,September,9.753435218,0.730135546,9.023299672,2022-09-01
TRINITY,2022,October,10.000181988000001,0.646005702,9.354176286000001,2022-10-01
TRINITY,2022,November,13.866769738999999,0.703485037,13.163284701999999,2022-11-01
TRINITY,2022,December,15.59767867,0.821675931,14.776002738999999,2022-12-01
TRINITY,2023,January,14.610318235,0.792667073,13.817651161999999,2023-01-01
TRINITY,2023,February,13.745034315,0.678429594,13.066604721000001,2023-02-01
TRINITY,2023,March,14.868524597,0.76095884,14.107565757000001,2023-03-01
TRINITY,2023,April,11.958082339,0.748994458,11.209087881,2023-04-01
TRINITY,2023,May,10.429917283,0.729950689,9.699966594,2023-05-01
TRINITY,2023,June,9.616909694,0.679684947,8.937224747,2023-06-01
TRINITY,2023,July,11.594091392,0.748495599,10.845595793,2023-07-01
TRINITY,2023,August,10.988600423000001,0.755960309,10.232640114,2023-08-01
TRINITY,2023,September,9.30049652,0.708623678,8.591872841999999,2023-09-01
TRINITY,2023,October,10.926653223,0.616293689,10.310359534,2023-10-01
TRINITY,2023,November,12.94655324,0.676504621,12.270048619,2023-11-01
TRINITY,2023,December,14.020979813999999,0.689035929,13.331943885,2023-12-01
TRINITY,2024,January,14.382207260000001,0.705644561,13.676562699,2024-01-01
TRINITY,2024,February,13.307507606,0.652938481,12.654569125,2024-02-01
TRINITY,2024,March,13.880506122,0.671405284,13.209100838,2024-03-01
TRINITY,2024,April,11.275918016,0.637607661,10.638310355,2024-04-01
TRINITY,2024,May,10.184149651,0.632063932,9.552085719,2024-05-01
TRINITY,2024,June,9.880045396,0.586589771,9.293455625,2024-06-01
TRINITY,2024,July,12.240492672,0.705270221,11.535222451000001,2024-07-01
TRINITY,2024,August,10.529963631,0.727657468,9.802306162999999,2024-08-01
TRINITY,2024,September,9.184334321,0.628303173,8.556031148,2024-09-01
TRINITY,2024,October,10.330055247,0.538943517,9.79111173,2024-10-01
TRINITY,2024,November,13.438023373,0.601587062,12.836436311,2024-11-01
TRINITY,2024,December,14.902094958000001,0.639125911,14.262969047,2024-12-01
TULARE,2008,January,254.56996621,92.21422381,162.3557424,2008-01-01
TULARE,2008,February,243.200659926,77.96315301,165.23750691600003,2008-02-01
TULARE,2008,March,239.933913931,70.13755537,169.79635856099998,2008-03-01
TULARE,2008,April,283.655914092,67.78343448,215.872479612,2008-04-01
TULARE,2008,May,319.731001502,74.98633671,244.74466479200004,2008-05-01
TULARE,2008,June,341.338743852,96.80024238,244.538501472,2008-06-01
TULARE,2008,July,437.031150916,147.104096,289.92705491600003,2008-07-01
TULARE,2008,August,433.841354787,143.4463387,290.395016087,2008-08-01
TULARE,2008,September,431.18053578700005,137.3551126,293.825423187,2008-09-01
TULARE,2008,October,347.929309287,96.40618062,251.523128667,2008-10-01
TULARE,2008,November,283.855434863,70.81387774,213.04155712300002,2008-11-01
TULARE,2008,December,254.766200586,86.37835053,168.387850056,2008-12-01
TULARE,2009,January,256.896367565,91.32625811,165.57010945500002,2009-01-01
TULARE,2009,February,244.543784788,76.58855724,167.95522754799998,2009-02-01
TULARE,2009,March,254.337887852,71.51812127,182.81976658199997,2009-03-01
TULARE,2009,April,309.619074468,71.24185559,238.377218878,2009-04-01
TULARE,2009,May,322.732953843,82.06801106,240.66494278300001,2009-05-01
TULARE,2009,June,367.832033346,107.7543046,260.077728746,2009-06-01
TULARE,2009,July,449.60798876900003,148.2109772,301.39701156900003,2009-07-01
TULARE,2009,August,435.84987613699997,146.900693,288.949183137,2009-08-01
TULARE,2009,September,404.659911175,132.9013329,271.758578275,2009-09-01
TULARE,2009,October,348.08771322,98.811144,249.27656922,2009-10-01
TULARE,2009,November,263.503817193,72.89875968,190.60505751300002,2009-11-01
TULARE,2009,December,259.397813184,87.01088372,172.38692946400002,2009-12-01
TULARE,2010,January,252.73909387199998,90.07713656,162.661957312,2010-01-01
TULARE,2010,February,233.884820983,76.47877598,157.40604500299997,2010-02-01
TULARE,2010,March,248.377801932,73.71564295,174.662158982,2010-03-01
TULARE,2010,April,272.948844938,67.65378314,205.29506179799998,2010-04-01
TULARE,2010,May,270.820140751,67.89132766,202.928813091,2010-05-01
TULARE,2010,June,329.400540746,92.75196536,236.64857538599998,2010-06-01
TULARE,2010,July,435.342603883,142.035334,293.30726988300006,2010-07-01
TULARE,2010,August,430.56556766,143.4655998,287.09996786,2010-08-01
TULARE,2010,September,394.44530702,122.1455783,272.29972872,2010-09-01
TULARE,2010,October,346.606295545,100.6207672,245.98552834499998,2010-10-01
TULARE,2010,November,283.278470558,75.80766949,207.47080106800001,2010-11-01
TULARE,2010,December,258.506007787,86.1047959,172.401211887,2010-12-01
TULARE,2011,January,246.369799588,89.62464488,156.74515470800003,2011-01-01
TULARE,2011,February,234.755916143,78.03224994,156.72366620300002,2011-02-01
TULARE,2011,March,248.11434932999998,76.24103003,171.8733193,2011-03-01
TULARE,2011,April,253.038494573,68.51945093,184.519043643,2011-04-01
TULARE,2011,May,266.285491278,68.94454816,197.34094311799998,2011-05-01
TULARE,2011,June,311.25052563,85.98986263,225.26066300000002,2011-06-01
TULARE,2011,July,415.387155513,140.1937968,275.193358713,2011-07-01
TULARE,2011,August,423.670277485,142.8295895,280.84068798499993,2011-08-01
TULARE,2011,September,404.519453913,138.4704971,266.048956813,2011-09-01
TULARE,2011,October,349.245752926,106.8005393,242.445213626,2011-10-01
TULARE,2011,November,282.032521987,79.74014769,202.29237429699998,2011-11-01
TULARE,2011,December,258.309894286,86.12816372,172.181730566,2011-12-01
TULARE,2012,January,283.310496243,90.87598497,192.43451127299997,2012-01-01
TULARE,2012,February,267.306995042,75.42903177,191.877963272,2012-02-01
TULARE,2012,March,270.104021633,71.12026814,198.983753493,2012-03-01
TULARE,2012,April,255.937586202,65.4567752,190.480811002,2012-04-01
TULARE,2012,May,311.365048609,80.70692751,230.658121099,2012-05-01
TULARE,2012,June,388.301201102,104.7737099,283.52749120199996,2012-06-01
TULARE,2012,July,444.75218624300004,133.6056459,311.146540343,2012-07-01
TULARE,2012,August,470.91502590899995,152.2928707,318.62215520899997,2012-08-01
TULARE,2012,September,456.292264758,141.9548421,314.33742265800004,2012-09-01
TULARE,2012,October,396.685322036,110.7532866,285.932035436,2012-10-01
TULARE,2012,November,292.101226681,75.55139224,216.54983444100003,2012-11-01
TULARE,2012,December,252.24806068099997,77.95723899,174.29082169099996,2012-12-01
TULARE,2013,January,272.393689771,93.02936541,179.364324361,2013-01-01
TULARE,2013,February,286.326572654,78.52911455,207.79745810400001,2013-02-01
TULARE,2013,March,281.431811325,72.30008727,209.13172405499998,2013-03-01
TULARE,2013,April,291.74467078600003,67.14503654,224.59963424600002,2013-04-01
TULARE,2013,May,326.060706463,85.31858871,240.742117753,2013-05-01
TULARE,2013,June,384.15191318399997,112.6451697,271.5067434840001,2013-06-01
TULARE,2013,July,515.420757752,160.44295,354.977807752,2013-07-01
TULARE,2013,August,496.34066214999996,149.5887972,346.75186494999997,2013-08-01
TULARE,2013,September,461.19675727,139.7602969,321.43646037,2013-09-01
TULARE,2013,October,349.82012295600003,88.65484896,261.165273996,2013-10-01
TULARE,2013,November,296.44053952400003,70.56711157,225.87342795400002,2013-11-01
TULARE,2013,December,286.358184676,87.03107701,199.327107666,2013-12-01
TULARE,2014,January,288.084765185,90.13166319,197.953101995,2014-01-01
TULARE,2014,February,279.661197977,73.38013519,206.28106278700002,2014-02-01
TULARE,2014,March,277.817326515,69.61209741,208.205229105,2014-03-01
TULARE,2014,April,323.277897526,70.54219502,252.735702506,2014-04-01
TULARE,2014,May,346.284559624,82.56059259,263.723967034,2014-05-01
TULARE,2014,June,447.52736110899997,119.0358172,328.491543909,2014-06-01
TULARE,2014,July,513.067684317,155.7766122,357.291072117,2014-07-01
TULARE,2014,August,518.097360438,155.4642344,362.633126038,2014-08-01
TULARE,2014,September,462.059400265,141.0949076,320.964492665,2014-09-01
TULARE,2014,October,389.19077076499997,103.3381421,285.852628665,2014-10-01
TULARE,2014,November,296.336606669,71.17905522,225.15755144899998,2014-11-01
TULARE,2014,December,251.347658245,78.49522373,172.852434515,2014-12-01
TULARE,2015,January,266.516713805,87.41739036,179.099323445,2015-01-01
TULARE,2015,February,269.064858417,73.31956208,195.745296337,2015-02-01
TULARE,2015,March,309.025023437,70.23771085,238.787312587,2015-03-01
TULARE,2015,April,333.415870119,69.49127575,263.924594369,2015-04-01
TULARE,2015,May,351.348892082,77.0052857,274.343606382,2015-05-01
TULARE,2015,June,429.37213312200004,114.8908164,314.48131672200003,2015-06-01
TULARE,2015,July,538.7416569339999,160.4894803,378.25217663399997,2015-07-01
TULARE,2015,August,497.448085935,149.10011,348.3479759350001,2015-08-01
TULARE,2015,September,469.13777247,138.7616323,330.37614017,2015-09-01
TULARE,2015,October,391.413308234,106.7546633,284.658644934,2015-10-01
TULARE,2015,November,280.900883813,77.53918832,203.361695493,2015-11-01
TULARE,2015,December,272.361964557,87.08011904,185.281845517,2015-12-01
TULARE,2016,January,265.217078755,91.05209072,174.16498803500002,2016-01-01
TULARE,2016,February,246.46391701599998,75.15776106,171.306155956,2016-02-01
TULARE,2016,March,284.428045601,69.63451439,214.79353121100002,2016-03-01
TULARE,2016,April,300.68213635,68.33600082,232.34613553,2016-04-01
TULARE,2016,May,332.67970418600004,76.8130019,255.866702286,2016-05-01
TULARE,2016,June,440.574773049,122.6939345,317.880838549,2016-06-01
TULARE,2016,July,512.518022889,155.3863667,357.131656189,2016-07-01
TULARE,2016,August,502.542000783,162.3590885,340.18291228299995,2016-08-01
TULARE,2016,September,456.003070362,133.3450585,322.658011862,2016-09-01
TULARE,2016,October,363.799165725,93.46095824,270.338207485,2016-10-01
TULARE,2016,November,297.78441663300003,72.41427729,225.37013934300003,2016-11-01
TULARE,2016,December,268.094838136,82.74925996,185.345578176,2016-12-01
TULARE,2017,January,265.420025097,89.96067735,175.459347747,2017-01-01
TULARE,2017,February,254.578469434,77.42403238,177.154437054,2017-02-01
TULARE,2017,March,265.762696934,74.48285795,191.27983898399998,2017-03-01
TULARE,2017,April,274.172222558,67.4700487,206.70217385800004,2017-04-01
TULARE,2017,May,320.937251408,80.79082209,240.14642931799997,2017-05-01
TULARE,2017,June,403.958279917,122.0524506,281.905829317,2017-06-01
TULARE,2017,July,498.94900182,177.0088461,321.94015572,2017-07-01
TULARE,2017,August,494.682619857,174.6743938,320.008226057,2017-08-01
TULARE,2017,September,477.26392875700003,162.6065714,314.6573573570001,2017-09-01
TULARE,2017,October,332.298429836,85.95819729,246.340232546,2017-10-01
TULARE,2017,November,286.563711225,68.3640379,218.19967332500002,2017-11-01
TULARE,2017,December,284.304354181,80.51730634,203.787047841,2017-12-01
TULARE,2018,January,280.071475812,87.56402213,192.507453682,2018-01-01
TULARE,2018,February,278.321815419,74.3396308,203.982184619,2018-02-01
TULARE,2018,March,302.270884646,76.16129782,226.109586826,2018-03-01
TULARE,2018,April,286.728350923,70.83017187,215.89817905299998,2018-04-01
TULARE,2018,May,325.713321864,79.49985358,246.21346828400002,2018-05-01
TULARE,2018,June,422.929502512,111.7707002,311.15880231200003,2018-06-01
TULARE,2018,July,504.338145622,167.36253,336.97561562199996,2018-07-01
TULARE,2018,August,530.7747680269999,178.1341661,352.64060192700003,2018-08-01
TULARE,2018,September,461.216884934,138.1774246,323.039460334,2018-09-01
TULARE,2018,October,361.56794924400003,95.22149391,266.346455334,2018-10-01
TULARE,2018,November,292.418613871,69.7572416,222.661372271,2018-11-01
TULARE,2018,December,281.829584358,82.53789927,199.29168508799998,2018-12-01
TULARE,2019,January,262.18602780599997,91.32924036,170.856787446,2019-01-01
TULARE,2019,February,261.426224607,81.35658903,180.06963557699999,2019-02-01
TULARE,2019,March,259.667454233,78.30419139,181.36326284299997,2019-03-01
TULARE,2019,April,272.14892832,70.4437779,201.70515042,2019-04-01
TULARE,2019,May,323.171286596,83.53293472,239.638351876,2019-05-01
TULARE,2019,June,364.653375752,116.9164121,247.736963652,2019-06-01
TULARE,2019,July,462.881571013,157.914963,304.96660801300004,2019-07-01
TULARE,2019,August,488.53093846599995,175.2423663,313.28857216600005,2019-08-01
TULARE,2019,September,456.409248011,160.0402985,296.368949511,2019-09-01
TULARE,2019,October,347.044226154,93.98201698,253.062209174,2019-10-01
TULARE,2019,November,287.72297048,71.99066913,215.73230135,2019-11-01
TULARE,2019,December,268.198766911,85.45769985,182.741067061,2019-12-01
TULARE,2020,January,253.718302089,93.24635584,160.471946249,2020-01-01
TULARE,2020,February,261.305203446,81.06682837,180.238375076,2020-02-01
TULARE,2020,March,288.553607033,74.17140861,214.38219842300003,2020-03-01
TULARE,2020,April,266.094967431,76.03940834,190.055559091,2020-04-01
TULARE,2020,May,347.022383324,100.492865,246.52951832400004,2020-05-01
TULARE,2020,June,449.513423449,131.6336268,317.879796649,2020-06-01
TULARE,2020,July,544.774648461,185.7321408,359.042507661,2020-07-01
TULARE,2020,August,528.052989786,187.6368237,340.416166086,2020-08-01
TULARE,2020,September,458.186245139,170.9512785,287.23496663899994,2020-09-01
TULARE,2020,October,401.716493888,123.2806102,278.435883688,2020-10-01
TULARE,2020,November,310.451432797,86.38596647,224.06546632700002,2020-11-01
TULARE,2020,December,294.614569591,96.09841462,198.51615497099996,2020-12-01
TULARE,2021,January,276.895675177,99.49741964,177.398255537,2021-01-01
TULARE,2021,February,277.11213755,85.73127306,191.38086449,2021-02-01
TULARE,2021,March,297.511415132,79.87781166,217.633603472,2021-03-01
TULARE,2021,April,337.216212041,80.70347715,256.512734891,2021-04-01
TULARE,2021,May,382.756670951,97.1420362,285.614634751,2021-05-01
TULARE,2021,June,501.658737313,145.6614486,355.997288713,2021-06-01
TULARE,2021,July,602.84818911,206.1374086,396.71078051,2021-07-01
TULARE,2021,August,587.756301517,198.1770673,389.57923421699996,2021-08-01
TULARE,2021,September,523.042799691,167.1952372,355.84756249099996,2021-09-01
TULARE,2021,October,393.57916836100003,105.1118537,288.46731466100005,2021-10-01
TULARE,2021,November,287.452964945,74.14179712,213.31116782499998,2021-11-01
TULARE,2021,December,281.056028626,86.80213668,194.253891946,2021-12-01
TULARE,2022,January,284.59921055,97.32156326,187.27764729,2022-01-01
TULARE,2022,February,282.737848584,81.37929623,201.358552354,2022-02-01
TULARE,2022,March,324.538593197,81.09888977,243.439703427,2022-03-01
TULARE,2022,April,338.974033347,77.52733026,261.446703087,2022-04-01
TULARE,2022,May,389.569800217,86.89558771,302.67421250700005,2022-05-01
TULARE,2022,June,494.357445861,132.1706911,362.186754761,2022-06-01
TULARE,2022,July,567.597955992,177.7367515,389.86120449199996,2022-07-01
TULARE,2022,August,584.914854531,194.2997539,390.6151006309999,2022-08-01
TULARE,2022,September,556.110396581,183.7300164,372.38038018099996,2022-09-01
TULARE,2022,October,433.321597428,120.7412017,312.580395728,2022-10-01
TULARE,2022,November,322.168912634,84.55040762,237.618505014,2022-11-01
TULARE,2022,December,285.727759211,89.18631163,196.541447581,2022-12-01
TULARE,2023,January,438.019089048,98.05012256,339.96896648800004,2023-01-01
TULARE,2023,February,386.35362540799997,84.18093208,302.17269332800004,2023-02-01
TULARE,2023,March,417.58485535200003,87.37716524,330.207690112,2023-03-01
TULARE,2023,April,385.222916507,78.48328841,306.73962809700004,2023-04-01
TULARE,2023,May,458.225561512,90.73241422,367.49314729200006,2023-05-01
TULARE,2023,June,541.732866705,118.9636251,422.76924160500005,2023-06-01
TULARE,2023,July,634.101556674,168.1010237,466.00053297399995,2023-07-01
TULARE,2023,August,692.274683529,188.1844028,504.0902807289999,2023-08-01
TULARE,2023,September,599.693170552,152.9588545,446.73431605200005,2023-09-01
TULARE,2023,October,501.409853379,103.9282943,397.481559079,2023-10-01
TULARE,2023,November,400.892183356,79.12013339,321.77204996599994,2023-11-01
TULARE,2023,December,387.462361323,85.45850294,302.00385838299997,2023-12-01
TULARE,2024,January,280.952449765,95.49436792,185.45808184499998,2024-01-01
TULARE,2024,February,269.736768198,83.97569104,185.761077158,2024-02-01
TULARE,2024,March,289.119053383,81.42998857,207.689064813,2024-03-01
TULARE,2024,April,311.27698850900003,80.07815633,231.198832179,2024-04-01
TULARE,2024,May,339.043504827,93.81572906,245.227775767,2024-05-01
TULARE,2024,June,448.92066575900003,142.2563541,306.664311659,2024-06-01
TULARE,2024,July,595.343436197,219.3284264,376.01500979699995,2024-07-01
TULARE,2024,August,561.063359449,197.6006468,363.46271264899997,2024-08-01
TULARE,2024,September,504.883366086,159.0559074,345.827458686,2024-09-01
TULARE,2024,October,414.171729282,126.3009589,287.870770382,2024-10-01
TULARE,2024,November,315.098557115,80.49179431,234.60676280500002,2024-11-01
TULARE,2024,December,285.650863151,89.41713215,196.233731001,2024-12-01
TUOLUMNE,2008,January,64.900803276,24.86810664,40.032696636,2008-01-01
TUOLUMNE,2008,February,61.813043477,20.50144842,41.311595057,2008-02-01
TUOLUMNE,2008,March,60.873088564,18.86494248,42.008146084,2008-03-01
TUOLUMNE,2008,April,67.1787992,16.53868479,50.64011441,2008-04-01
TUOLUMNE,2008,May,70.58119662200001,15.4360992,55.145097422000006,2008-05-01
TUOLUMNE,2008,June,67.349355985,16.18824691,51.161109075,2008-06-01
TUOLUMNE,2008,July,56.97298073100001,20.22135137,36.751629361,2008-07-01
TUOLUMNE,2008,August,60.733160665,20.92378546,39.809375205,2008-08-01
TUOLUMNE,2008,September,47.717334244,18.59654016,29.120794084,2008-09-01
TUOLUMNE,2008,October,47.398591627,17.8165856,29.582006027,2008-10-01
TUOLUMNE,2008,November,48.597115452,12.86318186,35.733933592,2008-11-01
TUOLUMNE,2008,December,66.709235158,21.82033812,44.888897038,2008-12-01
TUOLUMNE,2009,January,116.32709071,22.47366673,93.85342398,2009-01-01
TUOLUMNE,2009,February,136.75337968,18.84647498,117.9069047,2009-02-01
TUOLUMNE,2009,March,144.012729742,19.78829114,124.22443860199999,2009-03-01
TUOLUMNE,2009,April,126.207063535,17.85508342,108.351980115,2009-04-01
TUOLUMNE,2009,May,136.52345518799999,15.12022526,121.403229928,2009-05-01
TUOLUMNE,2009,June,129.372557722,16.82548179,112.547075932,2009-06-01
TUOLUMNE,2009,July,125.912310229,20.12260036,105.78970986899999,2009-07-01
TUOLUMNE,2009,August,123.318925812,19.65014788,103.66877793200001,2009-08-01
TUOLUMNE,2009,September,95.412614246,18.71243398,76.70018026599999,2009-09-01
TUOLUMNE,2009,October,86.57971523699999,17.69373413,68.88598110699999,2009-10-01
TUOLUMNE,2009,November,83.362887599,14.64305528,68.719832319,2009-11-01
TUOLUMNE,2009,December,112.879403365,22.60380116,90.275602205,2009-12-01
TUOLUMNE,2010,January,106.14432846599999,20.83631356,85.308014906,2010-01-01
TUOLUMNE,2010,February,102.38848321100001,20.15870183,82.22978138100001,2010-02-01
TUOLUMNE,2010,March,123.547293599,20.1885693,103.358724299,2010-03-01
TUOLUMNE,2010,April,96.525249543,18.71439379,77.810855753,2010-04-01
TUOLUMNE,2010,May,148.890592481,15.9229894,132.967603081,2010-05-01
TUOLUMNE,2010,June,148.832514707,16.46377723,132.368737477,2010-06-01
TUOLUMNE,2010,July,142.877696622,18.36274304,124.514953582,2010-07-01
TUOLUMNE,2010,August,133.402147899,20.54918025,112.85296764899999,2010-08-01
TUOLUMNE,2010,September,105.216971247,17.8789867,87.337984547,2010-09-01
TUOLUMNE,2010,October,107.83431188899999,16.10672744,91.72758444899999,2010-10-01
TUOLUMNE,2010,November,120.011912255,15.72662215,104.285290105,2010-11-01
TUOLUMNE,2010,December,125.715883563,21.89795959,103.817923973,2010-12-01
TUOLUMNE,2011,January,38.881943955,21.7365729,17.145371055000002,2011-01-01
TUOLUMNE,2011,February,37.397344111,19.76260417,17.634739941000003,2011-02-01
TUOLUMNE,2011,March,38.947687987,21.25602273,17.691665257,2011-03-01
TUOLUMNE,2011,April,34.723319439,17.70541864,17.017900799,2011-04-01
TUOLUMNE,2011,May,32.919703025,16.06977062,16.849932405,2011-05-01
TUOLUMNE,2011,June,34.539026699000004,16.80579205,17.733234648999996,2011-06-01
TUOLUMNE,2011,July,38.037416819,17.83128024,20.206136579,2011-07-01
TUOLUMNE,2011,August,41.770170007000004,19.25237399,22.517796017000002,2011-08-01
TUOLUMNE,2011,September,40.826601789,18.58720868,22.239393109,2011-09-01
TUOLUMNE,2011,October,35.556230092999996,15.81966855,19.736561543,2011-10-01
TUOLUMNE,2011,November,32.654399649,15.53947857,17.114921079000002,2011-11-01
TUOLUMNE,2011,December,39.153954608,20.07557266,19.078381948000004,2011-12-01
TUOLUMNE,2012,January,41.777397391,21.9353032,19.842094191,2012-01-01
TUOLUMNE,2012,February,37.627203908999995,19.32329266,18.303911249000002,2012-02-01
TUOLUMNE,2012,March,33.818454366,19.85581355,13.962640816,2012-03-01
TUOLUMNE,2012,April,35.087789371,17.5015399,17.586249471000002,2012-04-01
TUOLUMNE,2012,May,35.249467132,16.13285554,19.116611591999998,2012-05-01
TUOLUMNE,2012,June,35.221161114,15.74913365,19.472027464,2012-06-01
TUOLUMNE,2012,July,39.306333973,17.9974467,21.308887272999996,2012-07-01
TUOLUMNE,2012,August,46.183984601999995,22.90471636,23.279268242,2012-08-01
TUOLUMNE,2012,September,39.898571325,18.2216202,21.676951125000002,2012-09-01
TUOLUMNE,2012,October,37.154871473,17.00960436,20.145267113,2012-10-01
TUOLUMNE,2012,November,33.56640469,15.07716824,18.48923645,2012-11-01
TUOLUMNE,2012,December,38.816661172,18.56629209,20.250369081999995,2012-12-01
TUOLUMNE,2013,January,44.597205771,25.28135224,19.315853531000002,2013-01-01
TUOLUMNE,2013,February,37.721341185,19.05669136,18.664649824999998,2013-02-01
TUOLUMNE,2013,March,36.670047595,19.38501418,17.285033415,2013-03-01
TUOLUMNE,2013,April,33.441098221000004,15.0959347,18.345163521,2013-04-01
TUOLUMNE,2013,May,34.736075764,15.06349455,19.672581214,2013-05-01
TUOLUMNE,2013,June,36.042383131,15.9461722,20.096210931,2013-06-01
TUOLUMNE,2013,July,44.819647745,20.70333945,24.116308295,2013-07-01
TUOLUMNE,2013,August,43.077473141,20.77761249,22.299860651,2013-08-01
TUOLUMNE,2013,September,39.71416861,17.06477386,22.64939475,2013-09-01
TUOLUMNE,2013,October,36.001570894000004,16.67064693,19.330923963999997,2013-10-01
TUOLUMNE,2013,November,32.154708687,13.35390106,18.800807627,2013-11-01
TUOLUMNE,2013,December,41.616004856,21.49955672,20.116448136,2013-12-01
TUOLUMNE,2014,January,39.136566624000004,20.73744482,18.399121804,2014-01-01
TUOLUMNE,2014,February,34.371937377,16.90768284,17.464254537,2014-02-01
TUOLUMNE,2014,March,34.020707266,16.81623741,17.204469856,2014-03-01
TUOLUMNE,2014,April,33.029904158,15.17232555,17.857578608,2014-04-01
TUOLUMNE,2014,May,33.372994907,14.32051742,19.052477487,2014-05-01
TUOLUMNE,2014,June,36.333137337000004,15.39232787,20.940809467,2014-06-01
TUOLUMNE,2014,July,42.13446708,19.81552365,22.31894343,2014-07-01
TUOLUMNE,2014,August,42.879390349000005,20.70907502,22.170315329000005,2014-08-01
TUOLUMNE,2014,September,39.540797389,17.9254611,21.615336289000002,2014-09-01
TUOLUMNE,2014,October,37.211829756,16.18396776,21.027861996000002,2014-10-01
TUOLUMNE,2014,November,29.767927504,13.29485131,16.473076194,2014-11-01
TUOLUMNE,2014,December,37.970551111999995,18.58236817,19.388182942,2014-12-01
TUOLUMNE,2015,January,41.278128361,20.84352968,20.434598681,2015-01-01
TUOLUMNE,2015,February,32.394882568,16.48927252,15.905610048000002,2015-02-01
TUOLUMNE,2015,March,34.229578588,16.48951647,17.740062118,2015-03-01
TUOLUMNE,2015,April,33.135704151,14.3887496,18.746954550999998,2015-04-01
TUOLUMNE,2015,May,32.428953723999996,14.17228775,18.256665974,2015-05-01
TUOLUMNE,2015,June,35.349597447,15.12424071,20.225356737,2015-06-01
TUOLUMNE,2015,July,43.869368119,21.13019749,22.739170629,2015-07-01
TUOLUMNE,2015,August,39.058991252,18.0188974,21.040093852000002,2015-08-01
TUOLUMNE,2015,September,39.163809130000004,17.90089877,21.26291036,2015-09-01
TUOLUMNE,2015,October,36.343645858,15.65383872,20.689807138,2015-10-01
TUOLUMNE,2015,November,30.953760912,13.69515341,17.258607502000004,2015-11-01
TUOLUMNE,2015,December,42.785615486000005,22.03160426,20.754011226,2015-12-01
TUOLUMNE,2016,January,43.446582219,22.81676141,20.629820809,2016-01-01
TUOLUMNE,2016,February,35.395407212,17.60332399,17.792083222000002,2016-02-01
TUOLUMNE,2016,March,36.871516281,17.98461061,18.886905671,2016-03-01
TUOLUMNE,2016,April,31.361136923,14.33356385,17.027573073,2016-04-01
TUOLUMNE,2016,May,32.485836041,14.15153255,18.334303490999996,2016-05-01
TUOLUMNE,2016,June,36.9884802,16.94863593,20.03984427,2016-06-01
TUOLUMNE,2016,July,41.529704657,18.77739052,22.752314137,2016-07-01
TUOLUMNE,2016,August,44.562715727000004,20.88751364,23.675202087,2016-08-01
TUOLUMNE,2016,September,39.843124096000004,17.45143817,22.391685925999997,2016-09-01
TUOLUMNE,2016,October,31.013337412,14.14859073,16.864746682,2016-10-01
TUOLUMNE,2016,November,31.381085886999998,13.46289575,17.918190137,2016-11-01
TUOLUMNE,2016,December,41.217843891,19.55310417,21.664739721,2016-12-01
TUOLUMNE,2017,January,41.624694065,22.12622841,19.498465654999997,2017-01-01
TUOLUMNE,2017,February,37.24237593,18.14324652,19.099129410000003,2017-02-01
TUOLUMNE,2017,March,39.380847087,19.76128146,19.619565627000004,2017-03-01
TUOLUMNE,2017,April,31.368343933000002,14.45769729,16.910646643,2017-04-01
TUOLUMNE,2017,May,33.255705249,14.89295672,18.362748529,2017-05-01
TUOLUMNE,2017,June,37.132253014999996,16.57863633,20.553616684999998,2017-06-01
TUOLUMNE,2017,July,43.895233169,19.9918717,23.903361469,2017-07-01
TUOLUMNE,2017,August,47.72928582,23.23753797,24.49174785,2017-08-01
TUOLUMNE,2017,September,41.901592461999996,19.52862252,22.372969942000005,2017-09-01
TUOLUMNE,2017,October,34.920032248,14.93454098,19.985491267999997,2017-10-01
TUOLUMNE,2017,November,32.525088866,13.93651403,18.588574836,2017-11-01
TUOLUMNE,2017,December,37.596347832,17.81029319,19.786054642000003,2017-12-01
TUOLUMNE,2018,January,38.450015134,19.10789887,19.342116264,2018-01-01
TUOLUMNE,2018,February,34.673524583,15.6383349,19.035189683000002,2018-02-01
TUOLUMNE,2018,March,39.736652417,20.52757198,19.209080437,2018-03-01
TUOLUMNE,2018,April,34.911081481,15.52992019,19.381161291,2018-04-01
TUOLUMNE,2018,May,34.310088026,14.95015339,19.359934636000002,2018-05-01
TUOLUMNE,2018,June,35.611536158,14.83797642,20.773559738,2018-06-01
TUOLUMNE,2018,July,43.100048853000004,19.75781668,23.342232173,2018-07-01
TUOLUMNE,2018,August,45.629819499,23.26274615,22.367073349,2018-08-01
TUOLUMNE,2018,September,38.390862995,16.77253905,21.618323945,2018-09-01
TUOLUMNE,2018,October,36.088845809,14.51208346,21.576762349,2018-10-01
TUOLUMNE,2018,November,32.864812106,13.38949771,19.475314395999998,2018-11-01
TUOLUMNE,2018,December,36.804949598,17.86702565,18.937923948,2018-12-01
TUOLUMNE,2019,January,41.938327654,21.78232731,20.156000344000002,2019-01-01
TUOLUMNE,2019,February,34.858455188,17.62829386,17.230161327999998,2019-02-01
TUOLUMNE,2019,March,39.410288269999995,20.48835619,18.92193208,2019-03-01
TUOLUMNE,2019,April,33.890658622,15.98970809,17.900950532,2019-04-01
TUOLUMNE,2019,May,32.944750662000004,14.00739998,18.937350682,2019-05-01
TUOLUMNE,2019,June,34.729524572,15.42268908,19.306835492,2019-06-01
TUOLUMNE,2019,July,42.258483315,18.07977193,24.178711385,2019-07-01
TUOLUMNE,2019,August,45.152239416,20.43672558,24.715513836000003,2019-08-01
TUOLUMNE,2019,September,41.366625232,18.43297345,22.933651782000002,2019-09-01
TUOLUMNE,2019,October,30.953355625,13.27695944,17.676396185,2019-10-01
TUOLUMNE,2019,November,30.970859134999998,12.91961611,18.051243024999998,2019-11-01
TUOLUMNE,2019,December,39.132888318,18.69667818,20.436210138,2019-12-01
TUOLUMNE,2020,January,42.835862055999996,21.71406017,21.121801886,2020-01-01
TUOLUMNE,2020,February,36.210776161,17.40775781,18.803018351000002,2020-02-01
TUOLUMNE,2020,March,36.047115612999995,17.28240729,18.764708323,2020-03-01
TUOLUMNE,2020,April,35.0069136,18.44356714,16.563346459999998,2020-04-01
TUOLUMNE,2020,May,30.577753024,14.63000628,15.947746744,2020-05-01
TUOLUMNE,2020,June,37.310465611,16.87015724,20.440308370999997,2020-06-01
TUOLUMNE,2020,July,42.900620479,21.27475797,21.625862509,2020-07-01
TUOLUMNE,2020,August,45.920360281,21.56011153,24.360248750999997,2020-08-01
TUOLUMNE,2020,September,42.673837075,20.8917442,21.782092874999996,2020-09-01
TUOLUMNE,2020,October,35.070152707,16.23458044,18.835572267,2020-10-01
TUOLUMNE,2020,November,31.125950613,13.59493125,17.531019363,2020-11-01
TUOLUMNE,2020,December,38.412517034000004,21.19947897,17.213038064,2020-12-01
TUOLUMNE,2021,January,40.539452847,20.8750943,19.664358547,2021-01-01
TUOLUMNE,2021,February,35.053291426,18.35565365,16.697637776,2021-02-01
TUOLUMNE,2021,March,40.416292925,20.06593553,20.350357395,2021-03-01
TUOLUMNE,2021,April,34.323411676999996,16.39712276,17.926288917,2021-04-01
TUOLUMNE,2021,May,32.351538545000004,13.58091538,18.770623165000003,2021-05-01
TUOLUMNE,2021,June,39.25299952,17.19058682,22.0624127,2021-06-01
TUOLUMNE,2021,July,54.682167424,23.46159825,31.220569174,2021-07-01
TUOLUMNE,2021,August,50.089456216,23.88372219,26.205734026,2021-08-01
TUOLUMNE,2021,September,42.804520317,19.69262636,23.111893957,2021-09-01
TUOLUMNE,2021,October,34.517387651,15.41693944,19.100448211,2021-10-01
TUOLUMNE,2021,November,33.272265628,13.35793198,19.914333648,2021-11-01
TUOLUMNE,2021,December,39.699623725,19.78832156,19.911302165000002,2021-12-01
TUOLUMNE,2022,January,35.190130706,20.6733627,14.516768006,2022-01-01
TUOLUMNE,2022,February,35.026618884,17.31091828,17.715700604,2022-02-01
TUOLUMNE,2022,March,39.492647781,19.68896426,19.803683520999996,2022-03-01
TUOLUMNE,2022,April,30.200375757,14.84762978,15.352745977,2022-04-01
TUOLUMNE,2022,May,31.752530284000002,14.97133056,16.781199724000004,2022-05-01
TUOLUMNE,2022,June,34.07822677,16.03241062,18.045816150000004,2022-06-01
TUOLUMNE,2022,July,46.048222108,19.44184716,26.606374948,2022-07-01
TUOLUMNE,2022,August,45.784796426,24.18148402,21.603312406,2022-08-01
TUOLUMNE,2022,September,41.866999266,22.06040485,19.806594416000003,2022-09-01
TUOLUMNE,2022,October,31.099486369,15.11434699,15.985139379,2022-10-01
TUOLUMNE,2022,November,31.828907294,14.91764305,16.911264243999998,2022-11-01
TUOLUMNE,2022,December,38.651146591,20.7686155,17.882531091,2022-12-01
TUOLUMNE,2023,January,39.642350802,22.02526135,17.617089452,2023-01-01
TUOLUMNE,2023,February,34.854577647,18.82101378,16.033563867,2023-02-01
TUOLUMNE,2023,March,39.61759227,23.5487833,16.068808970000003,2023-03-01
TUOLUMNE,2023,April,35.932472022999995,18.09289358,17.839578443,2023-04-01
TUOLUMNE,2023,May,32.499084762,15.73074156,16.768343202,2023-05-01
TUOLUMNE,2023,June,33.332632431,15.64302543,17.689607001,2023-06-01
TUOLUMNE,2023,July,37.424067179000005,18.25636241,19.167704769,2023-07-01
TUOLUMNE,2023,August,43.998471662,23.07282043,20.925651232,2023-08-01
TUOLUMNE,2023,September,35.015558017,16.84118178,18.174376237,2023-09-01
TUOLUMNE,2023,October,31.208705301000002,13.9665217,17.242183601,2023-10-01
TUOLUMNE,2023,November,28.674017857000003,13.36571562,15.308302237000001,2023-11-01
TUOLUMNE,2023,December,34.340539946,17.89550509,16.445034856000003,2023-12-01
TUOLUMNE,2024,January,38.054692251000006,20.99589106,17.058801191,2024-01-01
TUOLUMNE,2024,February,34.856722029,18.44565214,16.411069889,2024-02-01
TUOLUMNE,2024,March,35.940865989,19.15829619,16.782569799,2024-03-01
TUOLUMNE,2024,April,34.807097154999994,17.25366707,17.553430085000002,2024-04-01
TUOLUMNE,2024,May,33.676404004,15.69115419,17.985249814,2024-05-01
TUOLUMNE,2024,June,32.893170231,15.55063671,17.342533521,2024-06-01
TUOLUMNE,2024,July,47.787369456,24.32698605,23.460383406000002,2024-07-01
TUOLUMNE,2024,August,46.900387506,24.50977217,22.390615335999996,2024-08-01
TUOLUMNE,2024,September,39.005726323999994,17.68932318,21.316403144,2024-09-01
TUOLUMNE,2024,October,35.686674499,16.64032544,19.046349058999997,2024-10-01
TUOLUMNE,2024,November,30.06380241,13.12804416,16.93575825,2024-11-01
TUOLUMNE,2024,December,37.331121304,19.96481765,17.366303654,2024-12-01
VENTURA,2008,January,478.07740657200003,176.5614174,301.51598917200005,2008-01-01
VENTURA,2008,February,492.79662658899997,156.0541022,336.742524389,2008-02-01
VENTURA,2008,March,437.40093099700005,145.5560899,291.844841097,2008-03-01
VENTURA,2008,April,433.0908787,138.8815728,294.2093059,2008-04-01
VENTURA,2008,May,522.9486359389999,139.8481501,383.10048583899993,2008-05-01
VENTURA,2008,June,456.390699118,148.6703399,307.720359218,2008-06-01
VENTURA,2008,July,540.713869836,175.8564041,364.857465736,2008-07-01
VENTURA,2008,August,521.98467422,165.8058159,356.17885831999996,2008-08-01
VENTURA,2008,September,537.496343166,171.2450205,366.25132266599996,2008-09-01
VENTURA,2008,October,523.55875194,161.6638874,361.89486453999996,2008-10-01
VENTURA,2008,November,523.824062186,151.3655695,372.458492686,2008-11-01
VENTURA,2008,December,439.147481545,158.6413059,280.506175645,2008-12-01
VENTURA,2009,January,471.548265211,171.6736987,299.87456651099995,2009-01-01
VENTURA,2009,February,447.568463905,150.0580171,297.510446805,2009-02-01
VENTURA,2009,March,407.516460847,142.4577418,265.058719047,2009-03-01
VENTURA,2009,April,448.411692305,139.3889608,309.022731505,2009-04-01
VENTURA,2009,May,468.968364295,141.7974298,327.17093449500004,2009-05-01
VENTURA,2009,June,431.647854547,137.1463138,294.501540747,2009-06-01
VENTURA,2009,July,494.826235412,156.8561071,337.970128312,2009-07-01
VENTURA,2009,August,467.926783127,164.6872231,303.23956002700004,2009-08-01
VENTURA,2009,September,512.702858049,178.0190657,334.68379234900004,2009-09-01
VENTURA,2009,October,529.990148215,159.4639806,370.52616761499996,2009-10-01
VENTURA,2009,November,465.519672365,151.4745665,314.045105865,2009-11-01
VENTURA,2009,December,428.646965731,160.8378911,267.809074631,2009-12-01
VENTURA,2010,January,458.68986369099997,165.9195643,292.77029939100004,2010-01-01
VENTURA,2010,February,437.452859316,152.7927416,284.660117716,2010-02-01
VENTURA,2010,March,407.467288533,140.5758074,266.891481133,2010-03-01
VENTURA,2010,April,427.72312252899997,133.0077322,294.715390329,2010-04-01
VENTURA,2010,May,433.369668147,130.697335,302.672333147,2010-05-01
VENTURA,2010,June,432.390490643,139.236673,293.15381764299997,2010-06-01
VENTURA,2010,July,507.01749259,148.1761431,358.84134949,2010-07-01
VENTURA,2010,August,453.05239129800003,153.1069888,299.945402498,2010-08-01
VENTURA,2010,September,482.478299468,155.8981249,326.580174568,2010-09-01
VENTURA,2010,October,487.349183953,159.2071429,328.14204105299996,2010-10-01
VENTURA,2010,November,493.42588884200006,148.4945251,344.931363742,2010-11-01
VENTURA,2010,December,418.534547929,160.0707726,258.463775329,2010-12-01
VENTURA,2011,January,433.85356065400003,171.2658422,262.587718454,2011-01-01
VENTURA,2011,February,464.338410731,143.0709069,321.267503831,2011-02-01
VENTURA,2011,March,405.195497426,146.4721535,258.723343926,2011-03-01
VENTURA,2011,April,464.94090640599995,140.8703674,324.07053900600005,2011-04-01
VENTURA,2011,May,403.475660388,129.4750017,274.00065868800004,2011-05-01
VENTURA,2011,June,450.373532453,133.9490966,316.42443585300003,2011-06-01
VENTURA,2011,July,483.834615752,155.1001488,328.73446695199993,2011-07-01
VENTURA,2011,August,489.540839371,154.8012237,334.739615671,2011-08-01
VENTURA,2011,September,476.08169601,161.5194845,314.56221151,2011-09-01
VENTURA,2011,October,484.037056531,153.8624557,330.17460083099996,2011-10-01
VENTURA,2011,November,482.264624942,150.7991224,331.465502542,2011-11-01
VENTURA,2011,December,419.416967238,157.2970285,262.11993873800003,2011-12-01
VENTURA,2012,January,436.421979034,170.5914752,265.830503834,2012-01-01
VENTURA,2012,February,468.337581795,149.5041646,318.833417195,2012-02-01
VENTURA,2012,March,410.928103926,146.8403156,264.08778832599995,2012-03-01
VENTURA,2012,April,395.77191983899996,139.6807293,256.09119053899997,2012-04-01
VENTURA,2012,May,436.007923934,137.6119833,298.395940634,2012-05-01
VENTURA,2012,June,465.338069559,145.2009444,320.137125159,2012-06-01
VENTURA,2012,July,480.455898781,156.4743871,323.981511681,2012-07-01
VENTURA,2012,August,486.039205882,175.7641775,310.275028382,2012-08-01
VENTURA,2012,September,518.468285711,196.6836296,321.784656111,2012-09-01
VENTURA,2012,October,510.104536473,181.895497,328.209039473,2012-10-01
VENTURA,2012,November,491.131361727,153.8766564,337.25470532699995,2012-11-01
VENTURA,2012,December,404.916188906,160.747146,244.16904290600002,2012-12-01
VENTURA,2013,January,428.463286072,180.7697329,247.69355317199998,2013-01-01
VENTURA,2013,February,463.362139494,155.2116391,308.150500394,2013-02-01
VENTURA,2013,March,395.412348555,148.0004568,247.41189175500003,2013-03-01
VENTURA,2013,April,369.845995793,134.8883833,234.95761249300003,2013-04-01
VENTURA,2013,May,429.920967444,138.893804,291.02716344399994,2013-05-01
VENTURA,2013,June,450.09885671499995,149.2236816,300.875175115,2013-06-01
VENTURA,2013,July,498.034470661,177.9336979,320.1007727609999,2013-07-01
VENTURA,2013,August,464.097228708,157.5156736,306.581555108,2013-08-01
VENTURA,2013,September,514.082435557,189.6290025,324.453433057,2013-09-01
VENTURA,2013,October,466.7240397,156.6291201,310.0949196,2013-10-01
VENTURA,2013,November,472.273080428,143.9522489,328.32083152800004,2013-11-01
VENTURA,2013,December,429.26471602500004,164.4591507,264.80556532500003,2013-12-01
VENTURA,2014,January,432.333858634,167.4426171,264.891241534,2014-01-01
VENTURA,2014,February,451.960508043,145.1503493,306.810158743,2014-02-01
VENTURA,2014,March,401.241262129,143.4506035,257.790658629,2014-03-01
VENTURA,2014,April,426.13829083,137.0644969,289.07379393,2014-04-01
VENTURA,2014,May,447.625181321,146.4850289,301.140152421,2014-05-01
VENTURA,2014,June,461.320640964,152.591614,308.729026964,2014-06-01
VENTURA,2014,July,469.929306005,170.9135409,299.015765105,2014-07-01
VENTURA,2014,August,510.29175629599996,177.2250213,333.06673499600004,2014-08-01
VENTURA,2014,September,474.208384613,183.9259383,290.282446313,2014-09-01
VENTURA,2014,October,481.64008557799997,166.1365216,315.50356397799993,2014-10-01
VENTURA,2014,November,475.78333911799996,141.3198779,334.463461218,2014-11-01
VENTURA,2014,December,397.13707139200005,152.6853216,244.451749792,2014-12-01
VENTURA,2015,January,445.850679312,157.7253924,288.125286912,2015-01-01
VENTURA,2015,February,432.747946755,133.4291325,299.318814255,2015-02-01
VENTURA,2015,March,436.375406837,132.5632254,303.812181437,2015-03-01
VENTURA,2015,April,440.087204246,130.3801975,309.70700674600005,2015-04-01
VENTURA,2015,May,424.936071597,127.866863,297.06920859700006,2015-05-01
VENTURA,2015,June,440.872521422,134.021314,306.85120742199996,2015-06-01
VENTURA,2015,July,487.07233819500004,158.8468552,328.22548299500005,2015-07-01
VENTURA,2015,August,473.580775507,167.3754816,306.205293907,2015-08-01
VENTURA,2015,September,525.247208252,190.7593641,334.4878441519999,2015-09-01
VENTURA,2015,October,561.003497724,178.8426459,382.160851824,2015-10-01
VENTURA,2015,November,463.729056147,148.254349,315.47470714700006,2015-11-01
VENTURA,2015,December,441.78866474999995,148.0935568,293.69510794999997,2015-12-01
VENTURA,2016,January,454.074652529,162.4103796,291.664272929,2016-01-01
VENTURA,2016,February,412.51095489899996,137.2399161,275.271038799,2016-02-01
VENTURA,2016,March,428.36525836300007,129.8717607,298.4934976630001,2016-03-01
VENTURA,2016,April,417.774906055,127.911575,289.86333105499995,2016-04-01
VENTURA,2016,May,417.08990122,120.9063261,296.18357512,2016-05-01
VENTURA,2016,June,435.008376113,137.2362507,297.772125413,2016-06-01
VENTURA,2016,July,511.35450368100004,169.0774073,342.277096381,2016-07-01
VENTURA,2016,August,483.784127575,177.6323638,306.151763775,2016-08-01
VENTURA,2016,September,481.21538279099997,157.9494405,323.26594229100004,2016-09-01
VENTURA,2016,October,472.720533597,153.9900916,318.73044199700007,2016-10-01
VENTURA,2016,November,471.300508434,137.291811,334.008697434,2016-11-01
VENTURA,2016,December,431.885969307,146.8008629,285.085106407,2016-12-01
VENTURA,2017,January,417.02225528199995,156.7503004,260.271954882,2017-01-01
VENTURA,2017,February,444.10198066,141.9359755,302.16600515999994,2017-02-01
VENTURA,2017,March,413.88796081400005,135.9458112,277.9421496140001,2017-03-01
VENTURA,2017,April,424.008379579,125.5190531,298.489326479,2017-04-01
VENTURA,2017,May,434.148676629,128.1693072,305.97936942900003,2017-05-01
VENTURA,2017,June,454.57816941500005,139.747014,314.83115541499996,2017-06-01
VENTURA,2017,July,511.290496749,180.4487601,330.841736649,2017-07-01
VENTURA,2017,August,484.549502722,180.222056,304.32744672200005,2017-08-01
VENTURA,2017,September,542.8658860859999,189.6583549,353.20753118600004,2017-09-01
VENTURA,2017,October,436.908456314,142.989712,293.918744314,2017-10-01
VENTURA,2017,November,446.66332773399995,142.8618694,303.801458334,2017-11-01
VENTURA,2017,December,456.399627114,140.0199702,316.379656914,2017-12-01
VENTURA,2018,January,403.895703298,147.4128102,256.482893098,2018-01-01
VENTURA,2018,February,449.96099051699997,131.1442501,318.81674041699995,2018-02-01
VENTURA,2018,March,420.112338839,135.6795663,284.432772539,2018-03-01
VENTURA,2018,April,412.46643775900003,129.7544522,282.711985559,2018-04-01
VENTURA,2018,May,388.80088176,120.3635621,268.43731966,2018-05-01
VENTURA,2018,June,468.48722431699997,131.4809489,337.00627541700004,2018-06-01
VENTURA,2018,July,477.746466769,175.8801162,301.86635056899996,2018-07-01
VENTURA,2018,August,545.858634894,211.3089366,334.549698294,2018-08-01
VENTURA,2018,September,503.628519768,173.436285,330.19223476800005,2018-09-01
VENTURA,2018,October,445.60678817599995,138.7043209,306.902467276,2018-10-01
VENTURA,2018,November,427.06248719900003,127.3779705,299.684516699,2018-11-01
VENTURA,2018,December,454.511697664,142.7839212,311.727776464,2018-12-01
VENTURA,2019,January,401.164795132,158.4734852,242.69130993199997,2019-01-01
VENTURA,2019,February,446.366051445,149.3046427,297.061408745,2019-02-01
VENTURA,2019,March,425.104057415,144.6022874,280.50177001500003,2019-03-01
VENTURA,2019,April,405.160344077,125.4877379,279.672606177,2019-04-01
VENTURA,2019,May,426.899215525,125.515188,301.38402752499996,2019-05-01
VENTURA,2019,June,431.574714681,132.5238295,299.050885181,2019-06-01
VENTURA,2019,July,434.50504630999995,152.6146541,281.89039221,2019-07-01
VENTURA,2019,August,485.115112657,174.1139695,311.001143157,2019-08-01
VENTURA,2019,September,510.111522175,187.1470868,322.964435375,2019-09-01
VENTURA,2019,October,451.609423391,148.6849702,302.924453191,2019-10-01
VENTURA,2019,November,454.636854887,136.9440166,317.6928382870001,2019-11-01
VENTURA,2019,December,424.07902029200005,150.0406986,274.038321692,2019-12-01
VENTURA,2020,January,406.392576636,157.2986893,249.093887336,2020-01-01
VENTURA,2020,February,431.181741989,138.2631499,292.918592089,2020-02-01
VENTURA,2020,March,384.92601951899996,133.1867476,251.739271919,2020-03-01
VENTURA,2020,April,382.199445714,140.2540981,241.945347614,2020-04-01
VENTURA,2020,May,452.325373223,160.756745,291.568628223,2020-05-01
VENTURA,2020,June,432.58552466599997,156.1353481,276.450176566,2020-06-01
VENTURA,2020,July,457.469638192,177.0137544,280.455883792,2020-07-01
VENTURA,2020,August,474.606787776,182.9635183,291.643269476,2020-08-01
VENTURA,2020,September,492.507437576,196.7645517,295.742885876,2020-09-01
VENTURA,2020,October,488.77659963900004,185.1987042,303.57789543900003,2020-10-01
VENTURA,2020,November,432.763579424,150.9874546,281.776124824,2020-11-01
VENTURA,2020,December,425.652651015,154.0270611,271.625589915,2020-12-01
VENTURA,2021,January,419.317825571,163.041169,256.276656571,2021-01-01
VENTURA,2021,February,395.39499712900005,148.9286231,246.46637402900004,2021-02-01
VENTURA,2021,March,389.702175678,139.0439189,250.658256778,2021-03-01
VENTURA,2021,April,426.239997003,142.2933454,283.94665160299996,2021-04-01
VENTURA,2021,May,403.790111107,132.0726762,271.717434907,2021-05-01
VENTURA,2021,June,434.021381311,146.8803252,287.141056111,2021-06-01
VENTURA,2021,July,488.61494182700005,184.9106527,303.70428912700004,2021-07-01
VENTURA,2021,August,460.503085136,184.7545032,275.748581936,2021-08-01
VENTURA,2021,September,497.07118247,176.372946,320.69823647000004,2021-09-01
VENTURA,2021,October,443.280497283,150.6691147,292.611382583,2021-10-01
VENTURA,2021,November,406.71076409399996,135.501968,271.20879609400004,2021-11-01
VENTURA,2021,December,411.502453253,144.6700425,266.83241075300003,2021-12-01
VENTURA,2022,January,429.037681222,162.5729118,266.464769422,2022-01-01
VENTURA,2022,February,404.69932730600004,135.3524453,269.34688200600004,2022-02-01
VENTURA,2022,March,416.631919592,134.7975032,281.83441639200004,2022-03-01
VENTURA,2022,April,409.292035181,133.2816366,276.010398581,2022-04-01
VENTURA,2022,May,413.909651572,128.8692166,285.040434972,2022-05-01
VENTURA,2022,June,442.893903656,146.4316192,296.46228445599996,2022-06-01
VENTURA,2022,July,483.562661767,173.9154145,309.647247267,2022-07-01
VENTURA,2022,August,470.07409198100004,184.1232505,285.950841481,2022-08-01
VENTURA,2022,September,540.0336962619999,213.1424458,326.89125046199996,2022-09-01
VENTURA,2022,October,489.731399141,162.4435379,327.287861241,2022-10-01
VENTURA,2022,November,425.28499749,136.146364,289.13863349,2022-11-01
VENTURA,2022,December,410.781328207,147.0086989,263.772629307,2022-12-01
VENTURA,2023,January,414.92947719100005,157.3585399,257.570937291,2023-01-01
VENTURA,2023,February,398.242772441,144.1151941,254.127578341,2023-02-01
VENTURA,2023,March,387.391424574,146.9565197,240.434904874,2023-03-01
VENTURA,2023,April,411.195664807,134.4866271,276.709037707,2023-04-01
VENTURA,2023,May,365.984185956,122.4119213,243.57226465600002,2023-05-01
VENTURA,2023,June,406.425518624,129.9120742,276.513444424,2023-06-01
VENTURA,2023,July,493.980393896,158.9247044,335.05568949599996,2023-07-01
VENTURA,2023,August,475.76972282300005,192.0984047,283.671318123,2023-08-01
VENTURA,2023,September,483.379509105,173.297872,310.08163710499997,2023-09-01
VENTURA,2023,October,431.629565616,144.581433,287.048132616,2023-10-01
VENTURA,2023,November,418.60508814499997,133.7114278,284.893660345,2023-11-01
VENTURA,2023,December,437.772826161,140.0798925,297.692933661,2023-12-01
VENTURA,2024,January,399.521199889,157.4462571,242.074942789,2024-01-01
VENTURA,2024,February,432.982098415,146.168241,286.81385741500003,2024-02-01
VENTURA,2024,March,406.977038106,144.4916522,262.485385906,2024-03-01
VENTURA,2024,April,397.57749234,134.0138432,263.56364914,2024-04-01
VENTURA,2024,May,364.203083033,125.3388447,238.864238333,2024-05-01
VENTURA,2024,June,453.36400449900003,138.879197,314.484807499,2024-06-01
VENTURA,2024,July,501.894632193,185.1419655,316.75266669300004,2024-07-01
VENTURA,2024,August,469.38970487399996,190.5576361,278.832068774,2024-08-01
VENTURA,2024,September,525.3256585400001,188.3989277,336.92673084,2024-09-01
VENTURA,2024,October,407.227982797,146.8881615,260.339821297,2024-10-01
VENTURA,2024,November,434.856716681,133.3392188,301.517497881,2024-11-01
VENTURA,2024,December,418.53344194500005,146.8568533,271.67658864500004,2024-12-01
YOLO,2008,January,130.073170877,47.56060592,82.51256495700001,2008-01-01
YOLO,2008,February,116.687184326,37.09704843,79.59013589599998,2008-02-01
YOLO,2008,March,112.094006047,35.09349879,77.000507257,2008-03-01
YOLO,2008,April,120.682529187,32.69800114,87.984528047,2008-04-01
YOLO,2008,May,130.831352112,35.74455475,95.08679736200001,2008-05-01
YOLO,2008,June,142.04794569400002,42.34718814,99.700757554,2008-06-01
YOLO,2008,July,167.840935994,57.27551412,110.565421874,2008-07-01
YOLO,2008,August,155.888563637,51.79460664,104.09395699699999,2008-08-01
YOLO,2008,September,157.470541971,51.81883178,105.651710191,2008-09-01
YOLO,2008,October,147.378619313,41.67974417,105.698875143,2008-10-01
YOLO,2008,November,109.98861987,29.21395889,80.77466098,2008-11-01
YOLO,2008,December,124.44368190200001,45.10429357,79.339388332,2008-12-01
YOLO,2009,January,127.000706067,43.46553217,83.535173897,2009-01-01
YOLO,2009,February,109.481514285,34.57708858,74.90442570500001,2009-02-01
YOLO,2009,March,117.095259278,37.7749802,79.320279078,2009-03-01
YOLO,2009,April,130.940815132,36.32158043,94.619234702,2009-04-01
YOLO,2009,May,125.316901611,35.8702293,89.44667231099999,2009-05-01
YOLO,2009,June,159.903548068,42.86493191,117.038616158,2009-06-01
YOLO,2009,July,174.63972166099998,55.21662384,119.423097821,2009-07-01
YOLO,2009,August,159.737259367,52.02608862,107.71117074700001,2009-08-01
YOLO,2009,September,168.97646247,52.72344234,116.25302013,2009-09-01
YOLO,2009,October,147.920325618,44.83276901,103.087556608,2009-10-01
YOLO,2009,November,118.38245213900001,30.64923501,87.733217129,2009-11-01
YOLO,2009,December,135.034102216,47.55918174,87.474920476,2009-12-01
YOLO,2010,January,117.377798519,41.46852816,75.90927035899999,2010-01-01
YOLO,2010,February,112.448668914,37.25791054,75.19075837399998,2010-02-01
YOLO,2010,March,120.655690107,38.26880066,82.38688944700002,2010-03-01
YOLO,2010,April,120.993586029,36.41762,84.575966029,2010-04-01
YOLO,2010,May,111.85388156100001,32.52963493,79.32424663099998,2010-05-01
YOLO,2010,June,138.329164085,39.16896942,99.16019466499999,2010-06-01
YOLO,2010,July,164.715116174,52.37837828,112.33673789399998,2010-07-01
YOLO,2010,August,158.44521687099999,49.26010797,109.18510890099999,2010-08-01
YOLO,2010,September,150.906050156,46.1638567,104.74219345600001,2010-09-01
YOLO,2010,October,140.638539296,42.15375108,98.484788216,2010-10-01
YOLO,2010,November,119.492699496,32.71812459,86.774574906,2010-11-01
YOLO,2010,December,137.687827712,45.71566226,91.97216545199998,2010-12-01
YOLO,2011,January,120.741562852,40.39717318,80.34438967199999,2011-01-01
YOLO,2011,February,111.34389287900001,36.27246488,75.071427999,2011-02-01
YOLO,2011,March,135.088045029,42.85069146,92.23735356899999,2011-03-01
YOLO,2011,April,110.80279712599999,33.63304041,77.16975671600001,2011-04-01
YOLO,2011,May,129.047640911,33.59664413,95.450996781,2011-05-01
YOLO,2011,June,138.17210979499998,38.82782486,99.34428493499999,2011-06-01
YOLO,2011,July,158.60787615499999,51.74575608,106.862120075,2011-07-01
YOLO,2011,August,171.051267293,52.49136787,118.55989942299999,2011-08-01
YOLO,2011,September,165.012453053,51.50205852,113.510394533,2011-09-01
YOLO,2011,October,145.07918366799998,41.47797881,103.60120485799997,2011-10-01
YOLO,2011,November,127.007082145,33.89122397,93.115858175,2011-11-01
YOLO,2011,December,131.231095178,42.48663133,88.744463848,2011-12-01
YOLO,2012,January,127.66968573,44.19678103,83.47290469999999,2012-01-01
YOLO,2012,February,121.49431953499999,37.40493066,84.089388875,2012-02-01
YOLO,2012,March,124.92333775,39.01150333,85.91183441999999,2012-03-01
YOLO,2012,April,114.805770458,33.13406617,81.671704288,2012-04-01
YOLO,2012,May,137.00127971,39.52657377,97.47470594,2012-05-01
YOLO,2012,June,149.85565066,44.54645996,105.30919070000002,2012-06-01
YOLO,2012,July,165.88990437799998,51.06885497,114.821049408,2012-07-01
YOLO,2012,August,175.245631245,60.83712934,114.40850190500001,2012-08-01
YOLO,2012,September,157.352183206,47.64725593,109.70492727599999,2012-09-01
YOLO,2012,October,149.199667001,42.72008341,106.479583591,2012-10-01
YOLO,2012,November,122.285805389,34.14569027,88.140115119,2012-11-01
YOLO,2012,December,122.46700500300001,37.51570661,84.95129839299999,2012-12-01
YOLO,2013,January,133.007657633,48.54276352,84.464894113,2013-01-01
YOLO,2013,February,117.102996317,35.28875696,81.814239357,2013-02-01
YOLO,2013,March,122.440154189,37.23330683,85.20684735900001,2013-03-01
YOLO,2013,April,121.158979629,31.11629097,90.04268865899999,2013-04-01
YOLO,2013,May,145.411868062,39.54850951,105.86335855200001,2013-05-01
YOLO,2013,June,152.988830216,44.22107834,108.76775187599999,2013-06-01
YOLO,2013,July,182.051232757,59.84226533,122.20896742700002,2013-07-01
YOLO,2013,August,168.354871907,52.72971159,115.625160317,2013-08-01
YOLO,2013,September,160.898201714,47.79957587,113.098625844,2013-09-01
YOLO,2013,October,145.572690133,39.81883923,105.75385090299999,2013-10-01
YOLO,2013,November,117.59415718599999,29.61132064,87.982836546,2013-11-01
YOLO,2013,December,130.753184498,44.18383553,86.569348968,2013-12-01
YOLO,2014,January,132.932205494,42.23347682,90.69872867400001,2014-01-01
YOLO,2014,February,116.563714361,32.94600319,83.617711171,2014-02-01
YOLO,2014,March,122.093228418,34.66619405,87.427034368,2014-03-01
YOLO,2014,April,121.105474684,32.73221504,88.373259644,2014-04-01
YOLO,2014,May,137.929731051,35.96356568,101.966165371,2014-05-01
YOLO,2014,June,162.810727836,46.93087454,115.879853296,2014-06-01
YOLO,2014,July,184.79127764999998,58.11002322,126.68125443,2014-07-01
YOLO,2014,August,179.35472530500002,56.93816547,122.416559835,2014-08-01
YOLO,2014,September,169.84681681799998,49.47981804,120.366998778,2014-09-01
YOLO,2014,October,157.401788716,46.09329523,111.30849348599999,2014-10-01
YOLO,2014,November,114.339850399,29.07170436,85.268146039,2014-11-01
YOLO,2014,December,128.60143133,39.68494797,88.91648336,2014-12-01
YOLO,2015,January,123.44074208,41.29858372,82.14215836000001,2015-01-01
YOLO,2015,February,112.11845763400001,34.00806102,78.11039661400001,2015-02-01
YOLO,2015,March,121.909289597,34.99157374,86.91771585699999,2015-03-01
YOLO,2015,April,121.731114455,31.87428957,89.85682488499998,2015-04-01
YOLO,2015,May,128.705087061,33.29098829,95.41409877099998,2015-05-01
YOLO,2015,June,157.248574747,41.39881388,115.849760867,2015-06-01
YOLO,2015,July,186.727553505,61.54573511,125.181818395,2015-07-01
YOLO,2015,August,166.28712334,52.44195697,113.84516637000002,2015-08-01
YOLO,2015,September,170.088405666,51.49759669,118.590808976,2015-09-01
YOLO,2015,October,151.225948762,43.51460725,107.71134151199999,2015-10-01
YOLO,2015,November,118.103520104,31.14596429,86.95755581400002,2015-11-01
YOLO,2015,December,131.490115587,44.58179548,86.908320107,2015-12-01
YOLO,2016,January,123.13101808600001,42.16286101,80.968157076,2016-01-01
YOLO,2016,February,119.46840126,34.36460561,85.10379565,2016-02-01
YOLO,2016,March,124.359012417,37.94480747,86.414204947,2016-03-01
YOLO,2016,April,114.451147318,30.67215699,83.778990328,2016-04-01
YOLO,2016,May,132.311325832,34.27962293,98.03170290199999,2016-05-01
YOLO,2016,June,163.320262456,50.01869557,113.30156688599999,2016-06-01
YOLO,2016,July,173.549687728,55.66489278,117.88479494799999,2016-07-01
YOLO,2016,August,181.316928525,58.63580466,122.681123865,2016-08-01
YOLO,2016,September,162.126409172,47.19694323,114.929465942,2016-09-01
YOLO,2016,October,140.283923558,37.35150398,102.932419578,2016-10-01
YOLO,2016,November,115.094667885,30.87466216,84.220005725,2016-11-01
YOLO,2016,December,131.39114235600002,41.62445195,89.766690406,2016-12-01
YOLO,2017,January,131.85731177099998,44.1016251,87.755686671,2017-01-01
YOLO,2017,February,115.214594149,34.47335129,80.741242859,2017-02-01
YOLO,2017,March,128.115627564,40.36433484,87.751292724,2017-03-01
YOLO,2017,April,110.741603895,29.76341831,80.97818558499999,2017-04-01
YOLO,2017,May,132.962569941,36.75483728,96.207732661,2017-05-01
YOLO,2017,June,161.717554211,48.95645724,112.76109697100001,2017-06-01
YOLO,2017,July,178.096618172,58.47259804,119.62402013199997,2017-07-01
YOLO,2017,August,192.636157859,68.2474475,124.38871035900002,2017-08-01
YOLO,2017,September,173.900740487,56.59001919,117.310721297,2017-09-01
YOLO,2017,October,146.123533591,40.01078836,106.112745231,2017-10-01
YOLO,2017,November,121.009836279,31.71214679,89.29768948900002,2017-11-01
YOLO,2017,December,124.407499471,38.75042689,85.657072581,2017-12-01
YOLO,2018,January,128.716942321,41.49217284,87.224769481,2018-01-01
YOLO,2018,February,116.05348724500001,34.67064077,81.38284647500001,2018-02-01
YOLO,2018,March,125.464455667,39.60154785,85.86290781699999,2018-03-01
YOLO,2018,April,116.080741606,32.1765376,83.90420400599999,2018-04-01
YOLO,2018,May,131.566733389,36.18786324,95.37887014900002,2018-05-01
YOLO,2018,June,151.27624180799998,42.68265182,108.593589988,2018-06-01
YOLO,2018,July,175.352455174,58.38589108,116.96656409400002,2018-07-01
YOLO,2018,August,187.693317687,63.33468955,124.35862813699998,2018-08-01
YOLO,2018,September,156.289999411,45.1183896,111.171609811,2018-09-01
YOLO,2018,October,149.534375942,39.21875635,110.315619592,2018-10-01
YOLO,2018,November,125.990615234,31.53973079,94.45088444400001,2018-11-01
YOLO,2018,December,123.271819749,38.76208929,84.50973045900001,2018-12-01
YOLO,2019,January,128.81374446499998,44.47653001,84.337214455,2019-01-01
YOLO,2019,February,112.938775604,34.16891197,78.76986363399999,2019-02-01
YOLO,2019,March,122.608851718,40.42970209,82.17914962799999,2019-03-01
YOLO,2019,April,117.78051581400001,32.74951258,85.031003234,2019-04-01
YOLO,2019,May,127.52010093999999,35.83484918,91.68525176,2019-05-01
YOLO,2019,June,143.436627377,44.2267787,99.20984867700002,2019-06-01
YOLO,2019,July,174.250207264,55.85300949,118.397197774,2019-07-01
YOLO,2019,August,147.711774894,22.68645816,125.025316734,2019-08-01
YOLO,2019,September,126.762353702,7.283986589,119.47836711299999,2019-09-01
YOLO,2019,October,236.36575223199998,128.0642203,108.30153193199999,2019-10-01
YOLO,2019,November,118.778016752,27.6958614,91.08215535199999,2019-11-01
YOLO,2019,December,135.946241166,39.63394678,96.31229438600002,2019-12-01
YOLO,2020,January,127.69482900599999,44.15739053,83.537438476,2020-01-01
YOLO,2020,February,119.388820765,35.16292696,84.22589380500001,2020-02-01
YOLO,2020,March,122.71171679599999,36.62096883,86.09074796600001,2020-03-01
YOLO,2020,April,123.166968764,36.70814537,86.458823394,2020-04-01
YOLO,2020,May,130.463894542,39.50832209,90.95557245200001,2020-05-01
YOLO,2020,June,164.574754404,53.00603967,111.568714734,2020-06-01
YOLO,2020,July,171.780485057,64.78382281,106.996662247,2020-07-01
YOLO,2020,August,190.899718584,63.94806616,126.95165242399999,2020-08-01
YOLO,2020,September,182.298455498,65.23222345,117.066232048,2020-09-01
YOLO,2020,October,163.041670139,51.01829803,112.023372109,2020-10-01
YOLO,2020,November,124.762157673,34.01596893,90.74618874300002,2020-11-01
YOLO,2020,December,130.436306662,45.74620756,84.690099102,2020-12-01
YOLO,2021,January,124.68598592699999,43.40999073,81.27599519699999,2021-01-01
YOLO,2021,February,109.82385062,35.65880359,74.16504702999998,2021-02-01
YOLO,2021,March,127.406319381,40.83960892,86.566710461,2021-03-01
YOLO,2021,April,125.644575638,35.2691091,90.375466538,2021-04-01
YOLO,2021,May,138.16288611000002,37.36078028,100.80210582999999,2021-05-01
YOLO,2021,June,173.60154356,51.97750762,121.62403593999998,2021-06-01
YOLO,2021,July,185.880483298,62.03858433,123.841898968,2021-07-01
YOLO,2021,August,188.780868976,63.74573674,125.03513223600001,2021-08-01
YOLO,2021,September,175.29421271200002,57.96003393,117.33417878200001,2021-09-01
YOLO,2021,October,150.785118812,42.31574923,108.469369582,2021-10-01
YOLO,2021,November,122.031616931,31.17595797,90.855658961,2021-11-01
YOLO,2021,December,137.79969639799998,46.26905487,91.530641528,2021-12-01
YOLO,2022,January,121.53369049599999,43.99346832,77.540222176,2022-01-01
YOLO,2022,February,117.026920658,37.07281415,79.95410650799998,2022-02-01
YOLO,2022,March,133.456516015,42.25707627,91.19943974499999,2022-03-01
YOLO,2022,April,127.908976221,34.49203004,93.416946181,2022-04-01
YOLO,2022,May,138.737375198,37.92926872,100.80810647800001,2022-05-01
YOLO,2022,June,175.112991016,52.60544864,122.507542376,2022-06-01
YOLO,2022,July,184.819974105,59.07621734,125.743756765,2022-07-01
YOLO,2022,August,200.755772251,67.43336453,133.322407721,2022-08-01
YOLO,2022,September,185.716757005,64.34663808,121.370118925,2022-09-01
YOLO,2022,October,149.933643153,44.50641634,105.42722681299999,2022-10-01
YOLO,2022,November,118.94761861100001,35.57777968,83.36983893099999,2022-11-01
YOLO,2022,December,128.101413715,43.50876205,84.592651665,2022-12-01
YOLO,2023,January,129.065020119,46.90066607,82.16435404900001,2023-01-01
YOLO,2023,February,110.916797823,37.91758096,72.99921686299999,2023-02-01
YOLO,2023,March,129.286725734,47.03628339,82.25044234399998,2023-03-01
YOLO,2023,April,119.833575317,37.60431844,82.229256877,2023-04-01
YOLO,2023,May,131.91295929,40.03657038,91.87638891,2023-05-01
YOLO,2023,June,146.654836654,43.61885642,103.03598023400001,2023-06-01
YOLO,2023,July,169.295219892,55.92620592,113.369013972,2023-07-01
YOLO,2023,August,193.134673704,68.53256793,124.602105774,2023-08-01
YOLO,2023,September,166.371578664,54.0350922,112.33648646400002,2023-09-01
YOLO,2023,October,148.194563839,42.02906124,106.16550259899998,2023-10-01
YOLO,2023,November,120.997576395,34.460014,86.53756239500001,2023-11-01
YOLO,2023,December,127.100948761,39.71389377,87.387054991,2023-12-01
YOLO,2024,January,131.127724878,46.59597929,84.53174558799999,2024-01-01
YOLO,2024,February,123.971472588,41.49894843,82.472524158,2024-02-01
YOLO,2024,March,129.882550199,41.23470688,88.647843319,2024-03-01
YOLO,2024,April,125.367756352,38.60619843,86.76155792200001,2024-04-01
YOLO,2024,May,142.08935477,40.52062925,101.56872551999999,2024-05-01
YOLO,2024,June,156.266792269,51.28396696,104.982825309,2024-06-01
YOLO,2024,July,213.869564714,75.52422373,138.345340984,2024-07-01
YOLO,2024,August,204.825887135,72.07212364,132.753763495,2024-08-01
YOLO,2024,September,171.278785515,54.6206968,116.658088715,2024-09-01
YOLO,2024,October,169.963610833,52.98507195,116.978538883,2024-10-01
YOLO,2024,November,120.97104250800001,32.95984457,88.011197938,2024-11-01
YOLO,2024,December,135.284740386,45.99835738,89.28638300599998,2024-12-01
YUBA,2008,January,35.278736156,16.62732036,18.651415796000002,2008-01-01
YUBA,2008,February,31.965985927000002,15.66687334,16.299112587,2008-02-01
YUBA,2008,March,30.755415578,13.64501203,17.110403548,2008-03-01
YUBA,2008,April,30.613449014,12.8951424,17.718306614,2008-04-01
YUBA,2008,May,35.988254635,14.12115042,21.867104214999998,2008-05-01
YUBA,2008,June,39.965127931,16.84321747,23.121910461,2008-06-01
YUBA,2008,July,53.107722214999995,23.42102379,29.686698424999996,2008-07-01
YUBA,2008,August,48.889145723,21.43901676,27.450128963,2008-08-01
YUBA,2008,September,47.55614017,21.5526808,26.003459369999998,2008-09-01
YUBA,2008,October,40.461217,14.68874183,25.77247517,2008-10-01
YUBA,2008,November,32.247112932,13.18334877,19.063764162000002,2008-11-01
YUBA,2008,December,36.365505513,15.87391712,20.491588393,2008-12-01
YUBA,2009,January,36.864807343,17.54919402,19.315613323,2009-01-01
YUBA,2009,February,33.534014366,15.57259673,17.961417636,2009-02-01
YUBA,2009,March,33.007849303,14.45109059,18.556758713,2009-03-01
YUBA,2009,April,35.273789539999996,13.42249955,21.85128999,2009-04-01
YUBA,2009,May,39.604708801,14.3803034,25.224405401,2009-05-01
YUBA,2009,June,47.129522172,16.7966206,30.332901571999997,2009-06-01
YUBA,2009,July,59.984443061,23.070034,36.91440906099999,2009-07-01
YUBA,2009,August,56.932408762,21.52058199,35.411826772000005,2009-08-01
YUBA,2009,September,54.469097915,21.62232729,32.846770625000005,2009-09-01
YUBA,2009,October,40.657398973,16.22866922,24.428729753000002,2009-10-01
YUBA,2009,November,36.374934091,13.69692441,22.678009681,2009-11-01
YUBA,2009,December,38.312533684,16.82309435,21.489439334,2009-12-01
YUBA,2010,January,34.992233659,17.48462789,17.507605768999998,2010-01-01
YUBA,2010,February,33.265280025,15.83046605,17.434813975,2010-02-01
YUBA,2010,March,32.897307093,15.04774898,17.849558113,2010-03-01
YUBA,2010,April,31.122934123,13.85007249,17.272861632999998,2010-04-01
YUBA,2010,May,31.721140044,13.12002323,18.601116814,2010-05-01
YUBA,2010,June,37.433245122,15.82207623,21.611168892000002,2010-06-01
YUBA,2010,July,50.470380824,23.20767876,27.262702064000003,2010-07-01
YUBA,2010,August,51.472660926,22.37203637,29.100624556,2010-08-01
YUBA,2010,September,48.094427345,19.39392371,28.700503634999997,2010-09-01
YUBA,2010,October,38.337148016,15.9048376,22.432310416,2010-10-01
YUBA,2010,November,37.29117406,14.42657031,22.86460375,2010-11-01
YUBA,2010,December,37.958420245,17.09872923,20.859691015,2010-12-01
YUBA,2011,January,36.051368202999996,17.56405435,18.487313853,2011-01-01
YUBA,2011,February,34.062851605999995,15.66190956,18.400942046,2011-02-01
YUBA,2011,March,34.600424636,15.75955959,18.840865045999998,2011-03-01
YUBA,2011,April,32.867419798,14.5815193,18.285900498,2011-04-01
YUBA,2011,May,34.60305082,13.50806738,21.09498344,2011-05-01
YUBA,2011,June,37.982975963,15.75476539,22.228210573,2011-06-01
YUBA,2011,July,48.260226155,22.00259517,26.257630985000006,2011-07-01
YUBA,2011,August,50.112878926,22.85465758,27.258221346000003,2011-08-01
YUBA,2011,September,49.378814028,23.40696708,25.971846948,2011-09-01
YUBA,2011,October,39.320584867,16.27533173,23.045253137,2011-10-01
YUBA,2011,November,35.912510158,14.82634541,21.086164748,2011-11-01
YUBA,2011,December,37.885152896,16.36726842,21.517884476,2011-12-01
YUBA,2012,January,37.131678423000004,17.94111503,19.190563392999998,2012-01-01
YUBA,2012,February,33.25425064,15.79780942,17.456441220000002,2012-02-01
YUBA,2012,March,35.335778008,16.03428518,19.301492828,2012-03-01
YUBA,2012,April,31.363024204,14.48265372,16.880370484,2012-04-01
YUBA,2012,May,36.136282871,15.32710548,20.809177391,2012-05-01
YUBA,2012,June,44.084168475,18.99685369,25.087314785,2012-06-01
YUBA,2012,July,48.570102548,22.2279727,26.342129848,2012-07-01
YUBA,2012,August,52.056169516,24.64806526,27.408104255999998,2012-08-01
YUBA,2012,September,49.865837937,21.79660411,28.069233827,2012-09-01
YUBA,2012,October,40.567026936,17.267518,23.299508936000002,2012-10-01
YUBA,2012,November,35.197991478,14.30100605,20.896985427999997,2012-11-01
YUBA,2012,December,36.198626321000006,16.57714989,19.621476430999998,2012-12-01
YUBA,2013,January,37.836087033,18.55391038,19.282176653,2013-01-01
YUBA,2013,February,34.392637866,16.30569813,18.086939735999998,2013-02-01
YUBA,2013,March,32.283543889,14.42910598,17.854437908999998,2013-03-01
YUBA,2013,April,33.033403425,13.42403488,19.609368545,2013-04-01
YUBA,2013,May,39.10933159,15.84882778,23.260503810000003,2013-05-01
YUBA,2013,June,46.269832838,19.08709433,27.182738508,2013-06-01
YUBA,2013,July,56.655473479,25.56640349,31.089069989000002,2013-07-01
YUBA,2013,August,52.622903834,22.19868458,30.424219254,2013-08-01
YUBA,2013,September,48.297585436,21.96337062,26.334214816,2013-09-01
YUBA,2013,October,36.84579847,14.12938036,22.71641811,2013-10-01
YUBA,2013,November,33.313638673999996,13.87260456,19.441034114,2013-11-01
YUBA,2013,December,37.25249646,16.97057631,20.281920149999998,2013-12-01
YUBA,2014,January,36.146864854,17.12654842,19.020316434,2014-01-01
YUBA,2014,February,34.003389289,15.55588655,18.447502739,2014-02-01
YUBA,2014,March,31.94975299,13.85831198,18.09144101,2014-03-01
YUBA,2014,April,32.230211131,13.87819204,18.352019091,2014-04-01
YUBA,2014,May,36.108974807,14.81229764,21.296677167,2014-05-01
YUBA,2014,June,46.925250184,20.82021081,26.105039374,2014-06-01
YUBA,2014,July,55.268282573,24.81188154,30.456401033,2014-07-01
YUBA,2014,August,53.636517236,25.17028255,28.466234686,2014-08-01
YUBA,2014,September,49.661558291,22.06860067,27.592957621,2014-09-01
YUBA,2014,October,40.599250385999994,16.26605497,24.333195416000002,2014-10-01
YUBA,2014,November,34.006673774,13.90446048,20.102213294000002,2014-11-01
YUBA,2014,December,34.964527264,15.63229509,19.332232174,2014-12-01
YUBA,2015,January,34.966826133,17.08597568,17.880850453,2015-01-01
YUBA,2015,February,31.589073663,15.04706923,16.542004433,2015-02-01
YUBA,2015,March,31.121109728,13.31211268,17.808997048000002,2015-03-01
YUBA,2015,April,32.068803512,13.34380161,18.725001902,2015-04-01
YUBA,2015,May,35.596510359999996,13.8772636,21.719246759999997,2015-05-01
YUBA,2015,June,45.906407039,18.9631926,26.943214439,2015-06-01
YUBA,2015,July,53.985947224,24.39919012,29.586757104,2015-07-01
YUBA,2015,August,52.900481663,23.89038358,29.010098083000003,2015-08-01
YUBA,2015,September,47.015099866,21.15072468,25.864375186,2015-09-01
YUBA,2015,October,38.987532173999995,16.44005364,22.547478534,2015-10-01
YUBA,2015,November,34.958619212,14.48581226,20.472806952,2015-11-01
YUBA,2015,December,34.832457612,16.09433635,18.738121262,2015-12-01
YUBA,2016,January,36.311964227,17.8711581,18.440806127000002,2016-01-01
YUBA,2016,February,33.896753955,15.71174678,18.185007175,2016-02-01
YUBA,2016,March,32.905950297,14.30638303,18.599567267,2016-03-01
YUBA,2016,April,32.19006341,13.58982524,18.60023817,2016-04-01
YUBA,2016,May,35.755253178,14.33295735,21.422295828000003,2016-05-01
YUBA,2016,June,44.976912085,19.679439,25.297473085,2016-06-01
YUBA,2016,July,50.688123579999996,23.68697236,27.00115122,2016-07-01
YUBA,2016,August,55.868063694,25.99598114,29.872082554000002,2016-08-01
YUBA,2016,September,46.84744768,20.58489424,26.262553439999998,2016-09-01
YUBA,2016,October,38.400157375,15.37300891,23.027148465000003,2016-10-01
YUBA,2016,November,33.572291312,13.67117832,19.901112992,2016-11-01
YUBA,2016,December,34.796852865,16.61295872,18.183894144999996,2016-12-01
YUBA,2017,January,39.686239583,19.13080767,20.555431913,2017-01-01
YUBA,2017,February,34.820458278000004,16.21435907,18.606099208,2017-02-01
YUBA,2017,March,33.865309075,15.2262575,18.639051575,2017-03-01
YUBA,2017,April,33.849402731,13.96840902,19.880993711,2017-04-01
YUBA,2017,May,34.693497027,14.41030992,20.283187107,2017-05-01
YUBA,2017,June,44.743187107000004,18.72480105,26.018386057,2017-06-01
YUBA,2017,July,59.565410342,29.00907796,30.556332382,2017-07-01
YUBA,2017,August,59.747442309,28.3390621,31.408380209,2017-08-01
YUBA,2017,September,55.213352497,26.04494144,29.168411057,2017-09-01
YUBA,2017,October,36.352655289,14.05783247,22.294822819,2017-10-01
YUBA,2017,November,32.358345529000005,13.15736571,19.200979819,2017-11-01
YUBA,2017,December,34.158771085,15.97139188,18.187379205,2017-12-01
YUBA,2018,January,35.109800083,16.59134668,18.518453403,2018-01-01
YUBA,2018,February,37.303421789,15.74994877,21.553473019,2018-02-01
YUBA,2018,March,35.503691309000004,15.94190904,19.561782269,2018-03-01
YUBA,2018,April,33.125652042,14.33425969,18.791392352,2018-04-01
YUBA,2018,May,35.430378542,13.97522609,21.455152452,2018-05-01
YUBA,2018,June,43.740089719,17.65634204,26.083747679000002,2018-06-01
YUBA,2018,July,54.464982004999996,24.89301737,29.571964635,2018-07-01
YUBA,2018,August,60.262784709,28.90326377,31.359520939,2018-08-01
YUBA,2018,September,48.565246554,20.53135822,28.033888333999997,2018-09-01
YUBA,2018,October,41.461927429,15.57946441,25.882463019,2018-10-01
YUBA,2018,November,35.116392726,13.39985422,21.716538506,2018-11-01
YUBA,2018,December,36.254043116,16.29257431,19.961468806,2018-12-01
YUBA,2019,January,36.925719791999995,17.40857887,19.517140922,2019-01-01
YUBA,2019,February,35.304895349999995,16.26539818,19.03949717,2019-02-01
YUBA,2019,March,36.063659040000005,16.05491302,20.00874602,2019-03-01
YUBA,2019,April,34.143180201999996,14.24239626,19.900783942,2019-04-01
YUBA,2019,May,35.757827096,14.41794611,21.339880985999997,2019-05-01
YUBA,2019,June,43.41235709,19.22076876,24.191588330000002,2019-06-01
YUBA,2019,July,52.816376488,24.34225576,28.474120727999995,2019-07-01
YUBA,2019,August,58.219271683,27.47335062,30.745921063000004,2019-08-01
YUBA,2019,September,55.574429832,24.28184094,31.292588892000005,2019-09-01
YUBA,2019,October,40.689515619000005,14.78326004,25.906255579,2019-10-01
YUBA,2019,November,35.915872881,12.53879567,23.377077211,2019-11-01
YUBA,2019,December,37.777519088999995,15.54681468,22.230704408999998,2019-12-01
YUBA,2020,January,39.365692652999996,17.95918684,21.406505813,2020-01-01
YUBA,2020,February,37.397276722,16.62331364,20.773963082,2020-02-01
YUBA,2020,March,35.728392901,14.10475314,21.623639761,2020-03-01
YUBA,2020,April,35.884683989,15.66702981,20.217654179,2020-04-01
YUBA,2020,May,41.420990620000005,16.47163653,24.94935409,2020-05-01
YUBA,2020,June,50.289649685,21.75048453,28.539165155,2020-06-01
YUBA,2020,July,64.001723399,28.13069525,35.871028149,2020-07-01
YUBA,2020,August,67.646464034,29.65839432,37.988069714000005,2020-08-01
YUBA,2020,September,60.274445449,27.93655824,32.337887208999994,2020-09-01
YUBA,2020,October,47.933005425,20.90227641,27.030729015,2020-10-01
YUBA,2020,November,38.985033394,15.57872315,23.406310244,2020-11-01
YUBA,2020,December,37.935192416999996,17.37513891,20.560053507,2020-12-01
YUBA,2021,January,40.236627481,19.00875462,21.227872861,2021-01-01
YUBA,2021,February,37.704910647,17.59839309,20.106517556999997,2021-02-01
YUBA,2021,March,36.997685547,16.24844896,20.749236587,2021-03-01
YUBA,2021,April,36.822131826,14.92551923,21.896612595999997,2021-04-01
YUBA,2021,May,44.548386995,17.12384678,27.424540215,2021-05-01
YUBA,2021,June,54.721845824,22.71832165,32.003524174,2021-06-01
YUBA,2021,July,68.02424644999999,30.65763103,37.36661542,2021-07-01
YUBA,2021,August,63.415093663,30.62874151,32.786352153,2021-08-01
YUBA,2021,September,59.555820222,26.41972322,33.136097002,2021-09-01
YUBA,2021,October,44.26770762,17.01844149,27.249266130000002,2021-10-01
YUBA,2021,November,35.643095951999996,14.41172297,21.231372982,2021-11-01
YUBA,2021,December,37.911037967,16.69730236,21.213735607,2021-12-01
YUBA,2022,January,40.822975276,20.0162623,20.806712976,2022-01-01
YUBA,2022,February,37.530833768,17.32003482,20.210798948,2022-02-01
YUBA,2022,March,38.701751262,16.1569263,22.544824962,2022-03-01
YUBA,2022,April,38.523237223,15.48011784,23.043119383,2022-04-01
YUBA,2022,May,41.479311875,15.66988457,25.809427305,2022-05-01
YUBA,2022,June,50.059821828,20.96687463,29.092947198,2022-06-01
YUBA,2022,July,64.578138614,27.87783138,36.700307234,2022-07-01
YUBA,2022,August,64.872469122,30.37171931,34.500749811999995,2022-08-01
YUBA,2022,September,62.306849482000004,30.21410704,32.092742442,2022-09-01
YUBA,2022,October,44.690373631,18.41195538,26.278418251,2022-10-01
YUBA,2022,November,38.649801849,15.38134364,23.268458209000002,2022-11-01
YUBA,2022,December,38.508043248999996,17.44298517,21.065058078999996,2022-12-01
YUBA,2023,January,37.547639237,20.48427058,17.063368656999998,2023-01-01
YUBA,2023,February,39.826413691,17.78462866,22.041785031,2023-02-01
YUBA,2023,March,39.512044691,18.82550448,20.686540211,2023-03-01
YUBA,2023,April,38.757161138,17.44444199,21.312719148,2023-04-01
YUBA,2023,May,39.653924141,17.33537388,22.318550261,2023-05-01
YUBA,2023,June,44.729020444,19.40783681,25.321183634,2023-06-01
YUBA,2023,July,56.173196606000005,26.35473172,29.818464886,2023-07-01
YUBA,2023,August,60.153833885,29.602506,30.551327885,2023-08-01
YUBA,2023,September,55.265723709999996,25.82406271,29.441661000000003,2023-09-01
YUBA,2023,October,42.952379826,17.67555021,25.276829616,2023-10-01
YUBA,2023,November,36.388489310000004,14.46176411,21.9267252,2023-11-01
YUBA,2023,December,37.145002456,16.80295994,20.342042516,2023-12-01
YUBA,2024,January,39.984817668999995,19.51520183,20.469615839,2024-01-01
YUBA,2024,February,39.683383352999996,18.02392752,21.659455833,2024-02-01
YUBA,2024,March,39.419835187,17.60655742,21.813277767,2024-03-01
YUBA,2024,April,37.734778602,15.75419239,21.980586212,2024-04-01
YUBA,2024,May,42.032347707,17.40523271,24.627114997,2024-05-01
YUBA,2024,June,50.731620065,23.24388503,27.487735034999996,2024-06-01
YUBA,2024,July,67.01595552900001,33.72094906,33.29500646899999,2024-07-01
YUBA,2024,August,65.587145668,32.99521896,32.591926708,2024-08-01
YUBA,2024,September,55.486608055,25.06196314,30.424644915,2024-09-01
YUBA,2024,October,48.715659574,21.64203114,27.073628434000003,2024-10-01
YUBA,2024,November,36.92590081,14.55346789,22.37243292,2024-11-01
YUBA,2024,December,38.807656924999996,17.8288132,20.978843724999997,2024-12-01
