exception_id,bill_id,account_id,customer_id,billing_cycle_id,customer_segment,county,exception_type,severity,created_date,resolved_date,resolution_status
EXC00000001,BILL00000009,ACCT000001,CUST000001,2024-09,Residential,KERN,Invalid Meter Read,High,2024-10-03,2024-10-05,Resolved
EXC00000002,BILL00000016,ACCT000002,CUST000002,2024-04,Agriculture And Water Pumping,KERN,Missing Meter Read,Medium,2024-05-03,2024-05-08,Resolved
EXC00000003,BILL00000017,ACCT000002,CUST000002,2024-05,Agriculture And Water Pumping,KERN,Missing Meter Read,Medium,2024-06-03,,Open
EXC00000004,BILL00000020,ACCT000002,CUST000002,2024-08,Agriculture And Water Pumping,KERN,Invalid Meter Read,High,2024-09-03,,Open
EXC00000005,BILL00000041,ACCT000004,CUST000004,2024-05,Residential,SAN MATEO,Missing Meter Read,Medium,2024-06-03,2024-06-15,Resolved
EXC00000006,BILL00000047,ACCT000004,CUST000004,2024-11,Residential,SAN MATEO,Missing Meter Read,Medium,2024-12-03,2024-12-04,Resolved
EXC00000007,BILL00000050,ACCT000005,CUST000005,2024-02,Residential,MONTEREY,Missing Meter Read,Medium,2024-03-03,,Open
EXC00000008,BILL00000087,ACCT000008,CUST000008,2024-03,Commercial,SAN JOAQUIN,Missing Meter Read,Medium,2024-04-03,,In Review
EXC00000009,BILL00000108,ACCT000009,CUST000009,2024-12,Residential,SANTA CLARA,Invalid Meter Read,High,2025-01-03,,In Review
EXC00000010,BILL00000128,ACCT000011,CUST000011,2024-08,Residential,SANTA CLARA,Missing Meter Read,Medium,2024-09-03,2024-09-08,Resolved
EXC00000011,BILL00000143,ACCT000012,CUST000012,2024-11,Agriculture And Water Pumping,FRESNO,Missing Meter Read,Medium,2024-12-03,,Open
EXC00000012,BILL00000171,ACCT000015,CUST000015,2024-03,Residential,SANTA CLARA,Invalid Meter Read,High,2024-04-03,,In Review
EXC00000013,BILL00000181,ACCT000016,CUST000016,2024-01,Residential,SANTA CLARA,Invalid Meter Read,High,2024-02-03,2024-02-07,Resolved
EXC00000014,BILL00000231,ACCT000020,CUST000020,2024-03,Residential,BUTTE,Invalid Meter Read,High,2024-04-03,2024-04-15,Resolved
EXC00000015,BILL00000238,ACCT000020,CUST000020,2024-10,Residential,BUTTE,Missing Meter Read,Medium,2024-11-03,,Open
EXC00000016,BILL00000246,ACCT000021,CUST000021,2024-06,Residential,FRESNO,Invalid Meter Read,High,2024-07-03,2024-07-16,Resolved
EXC00000017,BILL00000256,ACCT000022,CUST000022,2024-04,Residential,KERN,Missing Meter Read,Medium,2024-05-03,,Open
EXC00000018,BILL00000258,ACCT000022,CUST000022,2024-06,Residential,KERN,Missing Meter Read,Medium,2024-07-03,,Open
EXC00000019,BILL00000357,ACCT000030,CUST000030,2024-09,Residential,SANTA CLARA,Missing Meter Read,Medium,2024-10-03,2024-10-08,Resolved
EXC00000020,BILL00000373,ACCT000032,CUST000032,2024-01,Residential,PLACER,Inactive Account,High,2024-02-03,,Open
EXC00000021,BILL00000374,ACCT000032,CUST000032,2024-02,Residential,PLACER,Inactive Account,High,2024-03-03,2024-03-09,Resolved
EXC00000022,BILL00000375,ACCT000032,CUST000032,2024-03,Residential,PLACER,Inactive Account,High,2024-04-03,,Open
EXC00000023,BILL00000376,ACCT000032,CUST000032,2024-04,Residential,PLACER,Inactive Account,High,2024-05-03,2024-05-11,Resolved
EXC00000024,BILL00000377,ACCT000032,CUST000032,2024-05,Residential,PLACER,Inactive Account,High,2024-06-03,,In Review
EXC00000025,BILL00000378,ACCT000032,CUST000032,2024-06,Residential,PLACER,Inactive Account,High,2024-07-03,2024-07-08,Resolved
EXC00000026,BILL00000379,ACCT000032,CUST000032,2024-07,Residential,PLACER,Inactive Account,High,2024-08-03,2024-08-16,Resolved
EXC00000027,BILL00000380,ACCT000032,CUST000032,2024-08,Residential,PLACER,Inactive Account,High,2024-09-03,,Open
EXC00000028,BILL00000381,ACCT000032,CUST000032,2024-09,Residential,PLACER,Inactive Account,High,2024-10-03,,Open
EXC00000029,BILL00000382,ACCT000032,CUST000032,2024-10,Residential,PLACER,Inactive Account,High,2024-11-03,,Open
EXC00000030,BILL00000383,ACCT000032,CUST000032,2024-11,Residential,PLACER,Inactive Account,High,2024-12-03,2024-12-16,Resolved
EXC00000031,BILL00000384,ACCT000032,CUST000032,2024-12,Residential,PLACER,Inactive Account,High,2025-01-03,2025-01-09,Resolved
EXC00000032,BILL00000417,ACCT000035,CUST000035,2024-09,Agriculture And Water Pumping,SANTA CLARA,Missing Meter Read,Medium,2024-10-03,,In Review
EXC00000033,BILL00000465,ACCT000039,CUST000039,2024-09,Residential,SOLANO,Missing Meter Read,Medium,2024-10-03,2024-10-17,Resolved
EXC00000034,BILL00000503,ACCT000042,CUST000042,2024-11,Residential,NEVADA,Missing Meter Read,Medium,2024-12-03,2024-12-13,Resolved
EXC00000035,BILL00000514,ACCT000043,CUST000043,2024-10,Residential,SANTA CLARA,Invalid Meter Read,High,2024-11-03,2024-11-06,Resolved
EXC00000036,BILL00000516,ACCT000043,CUST000043,2024-12,Residential,SANTA CLARA,Missing Meter Read,Medium,2025-01-03,2025-01-17,Resolved
EXC00000037,BILL00000529,ACCT000045,CUST000045,2024-01,Residential,SANTA CRUZ,Missing Meter Read,Medium,2024-02-03,2024-02-05,Resolved
EXC00000038,BILL00000568,ACCT000048,CUST000048,2024-04,Residential,PLACER,Missing Meter Read,Medium,2024-05-03,2024-05-06,Resolved
EXC00000039,BILL00000581,ACCT000049,CUST000049,2024-05,Residential,SAN MATEO,Missing Meter Read,Medium,2024-06-03,2024-06-17,Resolved
EXC00000040,BILL00000589,ACCT000050,CUST000050,2024-01,Residential,PLACER,Inactive Account,High,2024-02-03,,Open
EXC00000041,BILL00000590,ACCT000050,CUST000050,2024-02,Residential,PLACER,Inactive Account,High,2024-03-03,2024-03-06,Resolved
EXC00000042,BILL00000591,ACCT000050,CUST000050,2024-03,Residential,PLACER,Inactive Account,High,2024-04-03,2024-04-09,Resolved
EXC00000043,BILL00000592,ACCT000050,CUST000050,2024-04,Residential,PLACER,Inactive Account,High,2024-05-03,2024-05-09,Resolved
EXC00000044,BILL00000593,ACCT000050,CUST000050,2024-05,Residential,PLACER,Inactive Account,High,2024-06-03,,Open
EXC00000045,BILL00000594,ACCT000050,CUST000050,2024-06,Residential,PLACER,Inactive Account,High,2024-07-03,,Open
EXC00000046,BILL00000595,ACCT000050,CUST000050,2024-07,Residential,PLACER,Inactive Account,High,2024-08-03,2024-08-06,Resolved
EXC00000047,BILL00000596,ACCT000050,CUST000050,2024-08,Residential,PLACER,Inactive Account,High,2024-09-03,,Open
EXC00000048,BILL00000597,ACCT000050,CUST000050,2024-09,Residential,PLACER,Inactive Account,High,2024-10-03,2024-10-13,Resolved
EXC00000049,BILL00000598,ACCT000050,CUST000050,2024-10,Residential,PLACER,Inactive Account,High,2024-11-03,,Open
EXC00000050,BILL00000599,ACCT000050,CUST000050,2024-11,Residential,PLACER,Inactive Account,High,2024-12-03,,Open
EXC00000051,BILL00000600,ACCT000050,CUST000050,2024-12,Residential,PLACER,Inactive Account,High,2025-01-03,2025-01-16,Resolved
EXC00000052,BILL00000712,ACCT000060,CUST000060,2024-04,Residential,SAN MATEO,Missing Meter Read,Medium,2024-05-03,2024-05-17,Resolved
EXC00000053,BILL00000726,ACCT000061,CUST000061,2024-06,Residential,TUOLUMNE,Missing Meter Read,Medium,2024-07-03,,Open
EXC00000054,BILL00000800,ACCT000067,CUST000067,2024-08,Residential,KERN,Invalid Meter Read,High,2024-09-03,2024-09-04,Resolved
EXC00000055,BILL00000803,ACCT000067,CUST000067,2024-11,Residential,KERN,Missing Meter Read,Medium,2024-12-03,,Open
EXC00000056,BILL00000883,ACCT000074,CUST000074,2024-07,Commercial,SANTA CLARA,Missing Meter Read,Medium,2024-08-03,,In Review
EXC00000057,BILL00000889,ACCT000075,CUST000075,2024-01,Residential,KINGS,Inactive Account,High,2024-02-03,2024-02-13,Resolved
EXC00000058,BILL00000890,ACCT000075,CUST000075,2024-02,Residential,KINGS,Inactive Account,High,2024-03-03,2024-03-08,Resolved
EXC00000059,BILL00000891,ACCT000075,CUST000075,2024-03,Residential,KINGS,Inactive Account,High,2024-04-03,2024-04-17,Resolved
EXC00000060,BILL00000892,ACCT000075,CUST000075,2024-04,Residential,KINGS,Inactive Account,High,2024-05-03,,Open
EXC00000061,BILL00000893,ACCT000075,CUST000075,2024-05,Residential,KINGS,Inactive Account,High,2024-06-03,,Open
EXC00000062,BILL00000894,ACCT000075,CUST000075,2024-06,Residential,KINGS,Inactive Account,High,2024-07-03,,Open
EXC00000063,BILL00000895,ACCT000075,CUST000075,2024-07,Residential,KINGS,Inactive Account,High,2024-08-03,2024-08-04,Resolved
EXC00000064,BILL00000896,ACCT000075,CUST000075,2024-08,Residential,KINGS,Inactive Account,High,2024-09-03,,In Review
EXC00000065,BILL00000897,ACCT000075,CUST000075,2024-09,Residential,KINGS,Inactive Account,High,2024-10-03,,Open
EXC00000066,BILL00000898,ACCT000075,CUST000075,2024-10,Residential,KINGS,Inactive Account,High,2024-11-03,2024-11-11,Resolved
EXC00000067,BILL00000899,ACCT000075,CUST000075,2024-11,Residential,KINGS,Inactive Account,High,2024-12-03,2024-12-06,Resolved
EXC00000068,BILL00000900,ACCT000075,CUST000075,2024-12,Residential,KINGS,Inactive Account,High,2025-01-03,,In Review
EXC00000069,BILL00000906,ACCT000076,CUST000076,2024-06,Residential,PLACER,Missing Meter Read,Medium,2024-07-03,2024-07-09,Resolved
EXC00000070,BILL00000948,ACCT000079,CUST000079,2024-12,Residential,KERN,Invalid Meter Read,High,2025-01-03,,In Review
EXC00000071,BILL00000949,ACCT000080,CUST000080,2024-01,Residential,KERN,Inactive Account,High,2024-02-03,,Open
EXC00000072,BILL00000950,ACCT000080,CUST000080,2024-02,Residential,KERN,Inactive Account,High,2024-03-03,,In Review
EXC00000073,BILL00000951,ACCT000080,CUST000080,2024-03,Residential,KERN,Inactive Account,High,2024-04-03,,In Review
EXC00000074,BILL00000952,ACCT000080,CUST000080,2024-04,Residential,KERN,Inactive Account,High,2024-05-03,,In Review
EXC00000075,BILL00000953,ACCT000080,CUST000080,2024-05,Residential,KERN,Inactive Account,High,2024-06-03,,In Review
EXC00000076,BILL00000954,ACCT000080,CUST000080,2024-06,Residential,KERN,Inactive Account,High,2024-07-03,,In Review
EXC00000077,BILL00000955,ACCT000080,CUST000080,2024-07,Residential,KERN,Inactive Account,High,2024-08-03,2024-08-10,Resolved
EXC00000078,BILL00000956,ACCT000080,CUST000080,2024-08,Residential,KERN,Inactive Account,High,2024-09-03,2024-09-11,Resolved
EXC00000079,BILL00000957,ACCT000080,CUST000080,2024-09,Residential,KERN,Inactive Account,High,2024-10-03,,Open
EXC00000080,BILL00000958,ACCT000080,CUST000080,2024-10,Residential,KERN,Inactive Account,High,2024-11-03,,In Review
EXC00000081,BILL00000959,ACCT000080,CUST000080,2024-11,Residential,KERN,Inactive Account,High,2024-12-03,,In Review
EXC00000082,BILL00000960,ACCT000080,CUST000080,2024-12,Residential,KERN,Inactive Account,High,2025-01-03,,Open
EXC00000083,BILL00000980,ACCT000082,CUST000082,2024-08,Residential,SANTA CLARA,Missing Meter Read,Medium,2024-09-03,2024-09-13,Resolved
EXC00000084,BILL00000990,ACCT000083,CUST000083,2024-06,Residential,SAN JOAQUIN,Missing Meter Read,Medium,2024-07-03,,Open
EXC00000085,BILL00000999,ACCT000084,CUST000084,2024-03,Residential,ALAMEDA,Missing Meter Read,Medium,2024-04-03,,Open
EXC00000086,BILL00001014,ACCT000085,CUST000085,2024-06,Residential,SANTA CLARA,Invalid Meter Read,High,2024-07-03,,Open
EXC00000087,BILL00001030,ACCT000086,CUST000086,2024-10,Residential,KERN,Missing Meter Read,Medium,2024-11-03,,Open
EXC00000088,BILL00001069,ACCT000090,CUST000090,2024-01,Residential,SANTA CLARA,Missing Meter Read,Medium,2024-02-03,,In Review
EXC00000089,BILL00001094,ACCT000092,CUST000092,2024-02,Residential,CONTRA COSTA,Missing Meter Read,Medium,2024-03-03,2024-03-04,Resolved
EXC00000090,BILL00001117,ACCT000094,CUST000094,2024-01,Residential,SANTA CLARA,Missing Meter Read,Medium,2024-02-03,2024-02-11,Resolved
EXC00000091,BILL00001193,ACCT000100,CUST000100,2024-05,Residential,CONTRA COSTA,Invalid Meter Read,High,2024-06-03,,In Review
EXC00000092,BILL00001201,ACCT000101,CUST000101,2024-01,Residential,KERN,Inactive Account,High,2024-02-03,2024-02-11,Resolved
EXC00000093,BILL00001202,ACCT000101,CUST000101,2024-02,Residential,KERN,Inactive Account,High,2024-03-03,,Open
EXC00000094,BILL00001203,ACCT000101,CUST000101,2024-03,Residential,KERN,Inactive Account,High,2024-04-03,,Open
EXC00000095,BILL00001204,ACCT000101,CUST000101,2024-04,Residential,KERN,Inactive Account,High,2024-05-03,2024-05-06,Resolved
EXC00000096,BILL00001205,ACCT000101,CUST000101,2024-05,Residential,KERN,Inactive Account,High,2024-06-03,,Open
EXC00000097,BILL00001206,ACCT000101,CUST000101,2024-06,Residential,KERN,Inactive Account,High,2024-07-03,2024-07-12,Resolved
EXC00000098,BILL00001207,ACCT000101,CUST000101,2024-07,Residential,KERN,Inactive Account,High,2024-08-03,2024-08-15,Resolved
EXC00000099,BILL00001208,ACCT000101,CUST000101,2024-08,Residential,KERN,Inactive Account,High,2024-09-03,2024-09-16,Resolved
EXC00000100,BILL00001209,ACCT000101,CUST000101,2024-09,Residential,KERN,Inactive Account,High,2024-10-03,2024-10-11,Resolved
EXC00000101,BILL00001210,ACCT000101,CUST000101,2024-10,Residential,KERN,Inactive Account,High,2024-11-03,,Open
EXC00000102,BILL00001211,ACCT000101,CUST000101,2024-11,Residential,KERN,Inactive Account,High,2024-12-03,2024-12-08,Resolved
EXC00000103,BILL00001212,ACCT000101,CUST000101,2024-12,Residential,KERN,Inactive Account,High,2025-01-03,,In Review
EXC00000104,BILL00001225,ACCT000103,CUST000103,2024-01,Residential,SAN FRANCISCO,Inactive Account,High,2024-02-03,2024-02-15,Resolved
EXC00000105,BILL00001226,ACCT000103,CUST000103,2024-02,Residential,SAN FRANCISCO,Inactive Account,High,2024-03-03,,Open
EXC00000106,BILL00001227,ACCT000103,CUST000103,2024-03,Residential,SAN FRANCISCO,Inactive Account,High,2024-04-03,2024-04-17,Resolved
EXC00000107,BILL00001228,ACCT000103,CUST000103,2024-04,Residential,SAN FRANCISCO,Inactive Account,High,2024-05-03,,Open
EXC00000108,BILL00001229,ACCT000103,CUST000103,2024-05,Residential,SAN FRANCISCO,Inactive Account,High,2024-06-03,2024-06-04,Resolved
EXC00000109,BILL00001230,ACCT000103,CUST000103,2024-06,Residential,SAN FRANCISCO,Inactive Account,High,2024-07-03,,Open
EXC00000110,BILL00001231,ACCT000103,CUST000103,2024-07,Residential,SAN FRANCISCO,Inactive Account,High,2024-08-03,2024-08-14,Resolved
EXC00000111,BILL00001232,ACCT000103,CUST000103,2024-08,Residential,SAN FRANCISCO,Inactive Account,High,2024-09-03,2024-09-16,Resolved
EXC00000112,BILL00001233,ACCT000103,CUST000103,2024-09,Residential,SAN FRANCISCO,Inactive Account,High,2024-10-03,,Open
EXC00000113,BILL00001234,ACCT000103,CUST000103,2024-10,Residential,SAN FRANCISCO,Inactive Account,High,2024-11-03,,In Review
EXC00000114,BILL00001235,ACCT000103,CUST000103,2024-11,Residential,SAN FRANCISCO,Inactive Account,High,2024-12-03,2024-12-16,Resolved
EXC00000115,BILL00001236,ACCT000103,CUST000103,2024-12,Residential,SAN FRANCISCO,Inactive Account,High,2025-01-03,,Open
EXC00000116,BILL00001272,ACCT000106,CUST000106,2024-12,Residential,SANTA CLARA,Missing Meter Read,Medium,2025-01-03,,Open
EXC00000117,BILL00001317,ACCT000110,CUST000110,2024-09,Residential,KINGS,Missing Meter Read,Medium,2024-10-03,2024-10-08,Resolved
EXC00000118,BILL00001454,ACCT000122,CUST000122,2024-02,Commercial,YOLO,Missing Meter Read,Medium,2024-03-03,2024-03-13,Resolved
EXC00000119,BILL00001505,ACCT000126,CUST000126,2024-05,Residential,EL DORADO,Missing Meter Read,Medium,2024-06-03,2024-06-15,Resolved
EXC00000120,BILL00001508,ACCT000126,CUST000126,2024-08,Residential,EL DORADO,Missing Meter Read,Medium,2024-09-03,,In Review
EXC00000121,BILL00001561,ACCT000131,CUST000131,2024-01,Residential,SAN FRANCISCO,Inactive Account,High,2024-02-03,2024-02-05,Resolved
EXC00000122,BILL00001562,ACCT000131,CUST000131,2024-02,Residential,SAN FRANCISCO,Inactive Account,High,2024-03-03,2024-03-12,Resolved
EXC00000123,BILL00001563,ACCT000131,CUST000131,2024-03,Residential,SAN FRANCISCO,Inactive Account,High,2024-04-03,2024-04-04,Resolved
EXC00000124,BILL00001564,ACCT000131,CUST000131,2024-04,Residential,SAN FRANCISCO,Inactive Account,High,2024-05-03,2024-05-06,Resolved
EXC00000125,BILL00001565,ACCT000131,CUST000131,2024-05,Residential,SAN FRANCISCO,Inactive Account,High,2024-06-03,2024-06-04,Resolved
EXC00000126,BILL00001566,ACCT000131,CUST000131,2024-06,Residential,SAN FRANCISCO,Inactive Account,High,2024-07-03,2024-07-17,Resolved
EXC00000127,BILL00001567,ACCT000131,CUST000131,2024-07,Residential,SAN FRANCISCO,Inactive Account,High,2024-08-03,,Open
EXC00000128,BILL00001568,ACCT000131,CUST000131,2024-08,Residential,SAN FRANCISCO,Inactive Account,High,2024-09-03,,Open
EXC00000129,BILL00001569,ACCT000131,CUST000131,2024-09,Residential,SAN FRANCISCO,Inactive Account,High,2024-10-03,2024-10-16,Resolved
EXC00000130,BILL00001570,ACCT000131,CUST000131,2024-10,Residential,SAN FRANCISCO,Inactive Account,High,2024-11-03,,Open
EXC00000131,BILL00001571,ACCT000131,CUST000131,2024-11,Residential,SAN FRANCISCO,Inactive Account,High,2024-12-03,,Open
EXC00000132,BILL00001572,ACCT000131,CUST000131,2024-12,Residential,SAN FRANCISCO,Inactive Account,High,2025-01-03,,In Review
EXC00000133,BILL00001594,ACCT000133,CUST000133,2024-10,Residential,SANTA CLARA,Missing Meter Read,Medium,2024-11-03,,In Review
EXC00000134,BILL00001615,ACCT000135,CUST000135,2024-07,Industrial,KINGS,Missing Meter Read,Medium,2024-08-03,2024-08-08,Resolved
EXC00000135,BILL00001700,ACCT000142,CUST000142,2024-08,Residential,SANTA CLARA,Missing Meter Read,Medium,2024-09-03,,Open
EXC00000136,BILL00001744,ACCT000146,CUST000146,2024-04,Residential,MONTEREY,Invalid Meter Read,High,2024-05-03,2024-05-16,Resolved
EXC00000137,BILL00001800,ACCT000150,CUST000150,2024-12,Residential,SANTA CLARA,Missing Meter Read,Medium,2025-01-03,,In Review
EXC00000138,BILL00001822,ACCT000152,CUST000152,2024-10,Residential,SANTA CLARA,Invalid Meter Read,High,2024-11-03,,In Review
EXC00000139,BILL00001845,ACCT000154,CUST000154,2024-09,Residential,MADERA,Invalid Meter Read,High,2024-10-03,2024-10-08,Resolved
EXC00000140,BILL00001857,ACCT000155,CUST000155,2024-09,"Transportation, Communications, & Utilities",FRESNO,Missing Meter Read,Medium,2024-10-03,2024-10-09,Resolved
EXC00000141,BILL00001869,ACCT000156,CUST000156,2024-09,Residential,ALAMEDA,Missing Meter Read,Medium,2024-10-03,2024-10-09,Resolved
EXC00000142,BILL00001883,ACCT000157,CUST000157,2024-11,Residential,SANTA CLARA,Invalid Meter Read,High,2024-12-03,2024-12-09,Resolved
EXC00000143,BILL00001956,ACCT000163,CUST000163,2024-12,Residential,ALAMEDA,Missing Meter Read,Medium,2025-01-03,2025-01-09,Resolved
EXC00000144,BILL00001965,ACCT000164,CUST000164,2024-09,Residential,KERN,Invalid Meter Read,High,2024-10-03,,In Review
EXC00000145,BILL00002015,ACCT000168,CUST000168,2024-11,Residential,SANTA CLARA,Invalid Meter Read,High,2024-12-03,2024-12-10,Resolved
EXC00000146,BILL00002122,ACCT000177,CUST000177,2024-10,Residential,SONOMA,Invalid Meter Read,High,2024-11-03,,Open
EXC00000147,BILL00002147,ACCT000179,CUST000179,2024-11,Industrial,PLACER,Missing Meter Read,Medium,2024-12-03,2024-12-17,Resolved
EXC00000148,BILL00002232,ACCT000186,CUST000186,2024-12,Residential,SUTTER,Invalid Meter Read,High,2025-01-03,2025-01-10,Resolved
EXC00000149,BILL00002243,ACCT000187,CUST000187,2024-11,Commercial,FRESNO,Missing Meter Read,Medium,2024-12-03,,Open
EXC00000150,BILL00002283,ACCT000191,CUST000191,2024-03,Residential,ALAMEDA,Invalid Meter Read,High,2024-04-03,,In Review
EXC00000151,BILL00002291,ACCT000191,CUST000191,2024-11,Residential,ALAMEDA,Invalid Meter Read,High,2024-12-03,,Open
EXC00000152,BILL00002296,ACCT000192,CUST000192,2024-04,Commercial,FRESNO,Missing Meter Read,Medium,2024-05-03,2024-05-08,Resolved
EXC00000153,BILL00002328,ACCT000194,CUST000194,2024-12,Residential,MENDOCINO,Missing Meter Read,Medium,2025-01-03,2025-01-16,Resolved
EXC00000154,BILL00002331,ACCT000195,CUST000195,2024-03,Residential,SANTA CLARA,Missing Meter Read,Medium,2024-04-03,2024-04-06,Resolved
EXC00000155,BILL00002348,ACCT000196,CUST000196,2024-08,Residential,SAN JOAQUIN,Missing Meter Read,Medium,2024-09-03,2024-09-09,Resolved
EXC00000156,BILL00002392,ACCT000200,CUST000200,2024-04,Residential,ALAMEDA,Missing Meter Read,Medium,2024-05-03,,Open
EXC00000157,BILL00002500,ACCT000209,CUST000209,2024-04,Residential,MONTEREY,Invalid Meter Read,High,2024-05-03,2024-05-16,Resolved
EXC00000158,BILL00002521,ACCT000211,CUST000211,2024-01,Residential,NAPA,Inactive Account,High,2024-02-03,,In Review
EXC00000159,BILL00002522,ACCT000211,CUST000211,2024-02,Residential,NAPA,Inactive Account,High,2024-03-03,2024-03-11,Resolved
EXC00000160,BILL00002523,ACCT000211,CUST000211,2024-03,Residential,NAPA,Inactive Account,High,2024-04-03,,In Review
EXC00000161,BILL00002524,ACCT000211,CUST000211,2024-04,Residential,NAPA,Inactive Account,High,2024-05-03,2024-05-05,Resolved
EXC00000162,BILL00002525,ACCT000211,CUST000211,2024-05,Residential,NAPA,Inactive Account,High,2024-06-03,2024-06-08,Resolved
EXC00000163,BILL00002526,ACCT000211,CUST000211,2024-06,Residential,NAPA,Inactive Account,High,2024-07-03,,Open
EXC00000164,BILL00002527,ACCT000211,CUST000211,2024-07,Residential,NAPA,Inactive Account,High,2024-08-03,2024-08-07,Resolved
EXC00000165,BILL00002528,ACCT000211,CUST000211,2024-08,Residential,NAPA,Inactive Account,High,2024-09-03,,Open
EXC00000166,BILL00002529,ACCT000211,CUST000211,2024-09,Residential,NAPA,Inactive Account,High,2024-10-03,2024-10-09,Resolved
EXC00000167,BILL00002530,ACCT000211,CUST000211,2024-10,Residential,NAPA,Inactive Account,High,2024-11-03,2024-11-10,Resolved
EXC00000168,BILL00002531,ACCT000211,CUST000211,2024-11,Residential,NAPA,Inactive Account,High,2024-12-03,2024-12-17,Resolved
EXC00000169,BILL00002532,ACCT000211,CUST000211,2024-12,Residential,NAPA,Inactive Account,High,2025-01-03,2025-01-13,Resolved
EXC00000170,BILL00002546,ACCT000213,CUST000213,2024-02,Residential,ALAMEDA,Missing Meter Read,Medium,2024-03-03,2024-03-14,Resolved
EXC00000171,BILL00002584,ACCT000216,CUST000216,2024-04,Residential,EL DORADO,Missing Meter Read,Medium,2024-05-03,2024-05-10,Resolved
EXC00000172,BILL00002637,ACCT000220,CUST000220,2024-09,Commercial,CONTRA COSTA,Invalid Meter Read,High,2024-10-03,,Open
EXC00000173,BILL00002665,ACCT000223,CUST000223,2024-01,Residential,SANTA CLARA,Inactive Account,High,2024-02-03,,Open
EXC00000174,BILL00002666,ACCT000223,CUST000223,2024-02,Residential,SANTA CLARA,Inactive Account,High,2024-03-03,2024-03-16,Resolved
EXC00000175,BILL00002667,ACCT000223,CUST000223,2024-03,Residential,SANTA CLARA,Inactive Account,High,2024-04-03,,Open
EXC00000176,BILL00002668,ACCT000223,CUST000223,2024-04,Residential,SANTA CLARA,Inactive Account,High,2024-05-03,,Open
EXC00000177,BILL00002669,ACCT000223,CUST000223,2024-05,Residential,SANTA CLARA,Inactive Account,High,2024-06-03,,Open
EXC00000178,BILL00002670,ACCT000223,CUST000223,2024-06,Residential,SANTA CLARA,Inactive Account,High,2024-07-03,,In Review
EXC00000179,BILL00002671,ACCT000223,CUST000223,2024-07,Residential,SANTA CLARA,Inactive Account,High,2024-08-03,,Open
EXC00000180,BILL00002672,ACCT000223,CUST000223,2024-08,Residential,SANTA CLARA,Inactive Account,High,2024-09-03,,Open
EXC00000181,BILL00002673,ACCT000223,CUST000223,2024-09,Residential,SANTA CLARA,Inactive Account,High,2024-10-03,2024-10-14,Resolved
EXC00000182,BILL00002674,ACCT000223,CUST000223,2024-10,Residential,SANTA CLARA,Inactive Account,High,2024-11-03,2024-11-17,Resolved
EXC00000183,BILL00002675,ACCT000223,CUST000223,2024-11,Residential,SANTA CLARA,Inactive Account,High,2024-12-03,2024-12-12,Resolved
EXC00000184,BILL00002676,ACCT000223,CUST000223,2024-12,Residential,SANTA CLARA,Inactive Account,High,2025-01-03,2025-01-10,Resolved
EXC00000185,BILL00002693,ACCT000225,CUST000225,2024-05,Residential,KERN,Missing Meter Read,Medium,2024-06-03,2024-06-09,Resolved
EXC00000186,BILL00002742,ACCT000229,CUST000229,2024-06,Commercial,SANTA CLARA,Missing Meter Read,Medium,2024-07-03,2024-07-15,Resolved
EXC00000187,BILL00002759,ACCT000230,CUST000230,2024-11,Residential,SAN LUIS OBISPO,Missing Meter Read,Medium,2024-12-03,,Open
EXC00000188,BILL00002803,ACCT000234,CUST000234,2024-07,Residential,KERN,Missing Meter Read,Medium,2024-08-03,,Open
EXC00000189,BILL00002835,ACCT000237,CUST000237,2024-03,Residential,FRESNO,Missing Meter Read,Medium,2024-04-03,,In Review
EXC00000190,BILL00002866,ACCT000239,CUST000239,2024-10,Residential,CONTRA COSTA,Missing Meter Read,Medium,2024-11-03,,In Review
EXC00000191,BILL00002891,ACCT000241,CUST000241,2024-11,Industrial,HUMBOLDT,Invalid Meter Read,High,2024-12-03,,In Review
EXC00000192,BILL00002900,ACCT000242,CUST000242,2024-08,Agriculture And Water Pumping,KERN,Missing Meter Read,Medium,2024-09-03,,Open
EXC00000193,BILL00002941,ACCT000246,CUST000246,2024-01,Industrial,SAN FRANCISCO,Inactive Account,High,2024-02-03,,In Review
EXC00000194,BILL00002942,ACCT000246,CUST000246,2024-02,Industrial,SAN FRANCISCO,Inactive Account,High,2024-03-03,,In Review
EXC00000195,BILL00002943,ACCT000246,CUST000246,2024-03,Industrial,SAN FRANCISCO,Inactive Account,High,2024-04-03,,In Review
EXC00000196,BILL00002944,ACCT000246,CUST000246,2024-04,Industrial,SAN FRANCISCO,Inactive Account,High,2024-05-03,,Open
EXC00000197,BILL00002945,ACCT000246,CUST000246,2024-05,Industrial,SAN FRANCISCO,Inactive Account,High,2024-06-03,,Open
EXC00000198,BILL00002946,ACCT000246,CUST000246,2024-06,Industrial,SAN FRANCISCO,Inactive Account,High,2024-07-03,2024-07-13,Resolved
EXC00000199,BILL00002947,ACCT000246,CUST000246,2024-07,Industrial,SAN FRANCISCO,Inactive Account,High,2024-08-03,2024-08-17,Resolved
EXC00000200,BILL00002948,ACCT000246,CUST000246,2024-08,Industrial,SAN FRANCISCO,Inactive Account,High,2024-09-03,2024-09-15,Resolved
EXC00000201,BILL00002949,ACCT000246,CUST000246,2024-09,Industrial,SAN FRANCISCO,Inactive Account,High,2024-10-03,,Open
EXC00000202,BILL00002950,ACCT000246,CUST000246,2024-10,Industrial,SAN FRANCISCO,Inactive Account,High,2024-11-03,,Open
EXC00000203,BILL00002951,ACCT000246,CUST000246,2024-11,Industrial,SAN FRANCISCO,Inactive Account,High,2024-12-03,,Open
EXC00000204,BILL00002952,ACCT000246,CUST000246,2024-12,Industrial,SAN FRANCISCO,Inactive Account,High,2025-01-03,,Open
EXC00000205,BILL00002977,ACCT000249,CUST000249,2024-01,Agriculture And Water Pumping,KERN,Inactive Account,High,2024-02-03,,In Review
EXC00000206,BILL00002978,ACCT000249,CUST000249,2024-02,Agriculture And Water Pumping,KERN,Inactive Account,High,2024-03-03,2024-03-08,Resolved
EXC00000207,BILL00002979,ACCT000249,CUST000249,2024-03,Agriculture And Water Pumping,KERN,Inactive Account,High,2024-04-03,,In Review
EXC00000208,BILL00002980,ACCT000249,CUST000249,2024-04,Agriculture And Water Pumping,KERN,Inactive Account,High,2024-05-03,2024-05-06,Resolved
EXC00000209,BILL00002981,ACCT000249,CUST000249,2024-05,Agriculture And Water Pumping,KERN,Inactive Account,High,2024-06-03,2024-06-17,Resolved
EXC00000210,BILL00002982,ACCT000249,CUST000249,2024-06,Agriculture And Water Pumping,KERN,Inactive Account,High,2024-07-03,2024-07-10,Resolved
EXC00000211,BILL00002983,ACCT000249,CUST000249,2024-07,Agriculture And Water Pumping,KERN,Inactive Account,High,2024-08-03,2024-08-12,Resolved
EXC00000212,BILL00002984,ACCT000249,CUST000249,2024-08,Agriculture And Water Pumping,KERN,Inactive Account,High,2024-09-03,2024-09-04,Resolved
EXC00000213,BILL00002985,ACCT000249,CUST000249,2024-09,Agriculture And Water Pumping,KERN,Inactive Account,High,2024-10-03,2024-10-09,Resolved
EXC00000214,BILL00002986,ACCT000249,CUST000249,2024-10,Agriculture And Water Pumping,KERN,Inactive Account,High,2024-11-03,,Open
EXC00000215,BILL00002987,ACCT000249,CUST000249,2024-11,Agriculture And Water Pumping,KERN,Inactive Account,High,2024-12-03,,In Review
EXC00000216,BILL00002988,ACCT000249,CUST000249,2024-12,Agriculture And Water Pumping,KERN,Inactive Account,High,2025-01-03,,Open
EXC00000217,BILL00003052,ACCT000255,CUST000255,2024-04,Residential,MONTEREY,Missing Meter Read,Medium,2024-05-03,2024-05-14,Resolved
EXC00000218,BILL00003132,ACCT000261,CUST000261,2024-12,Residential,SANTA CLARA,Missing Meter Read,Medium,2025-01-03,2025-01-08,Resolved
EXC00000219,BILL00003157,ACCT000264,CUST000264,2024-01,Residential,CONTRA COSTA,Inactive Account,High,2024-02-03,2024-02-17,Resolved
EXC00000220,BILL00003158,ACCT000264,CUST000264,2024-02,Residential,CONTRA COSTA,Inactive Account,High,2024-03-03,,In Review
EXC00000221,BILL00003159,ACCT000264,CUST000264,2024-03,Residential,CONTRA COSTA,Inactive Account,High,2024-04-03,2024-04-10,Resolved
EXC00000222,BILL00003160,ACCT000264,CUST000264,2024-04,Residential,CONTRA COSTA,Inactive Account,High,2024-05-03,,Open
EXC00000223,BILL00003161,ACCT000264,CUST000264,2024-05,Residential,CONTRA COSTA,Inactive Account,High,2024-06-03,2024-06-10,Resolved
EXC00000224,BILL00003162,ACCT000264,CUST000264,2024-06,Residential,CONTRA COSTA,Inactive Account,High,2024-07-03,2024-07-04,Resolved
EXC00000225,BILL00003163,ACCT000264,CUST000264,2024-07,Residential,CONTRA COSTA,Inactive Account,High,2024-08-03,,Open
EXC00000226,BILL00003164,ACCT000264,CUST000264,2024-08,Residential,CONTRA COSTA,Inactive Account,High,2024-09-03,2024-09-08,Resolved
EXC00000227,BILL00003165,ACCT000264,CUST000264,2024-09,Residential,CONTRA COSTA,Inactive Account,High,2024-10-03,2024-10-07,Resolved
EXC00000228,BILL00003166,ACCT000264,CUST000264,2024-10,Residential,CONTRA COSTA,Inactive Account,High,2024-11-03,,Open
EXC00000229,BILL00003167,ACCT000264,CUST000264,2024-11,Residential,CONTRA COSTA,Inactive Account,High,2024-12-03,,Open
EXC00000230,BILL00003168,ACCT000264,CUST000264,2024-12,Residential,CONTRA COSTA,Inactive Account,High,2025-01-03,,Open
EXC00000231,BILL00003174,ACCT000265,CUST000265,2024-06,Commercial,KINGS,Missing Meter Read,Medium,2024-07-03,,Open
EXC00000232,BILL00003218,ACCT000269,CUST000269,2024-02,Residential,BUTTE,Missing Meter Read,Medium,2024-03-03,,In Review
EXC00000233,BILL00003265,ACCT000273,CUST000273,2024-01,Commercial,ALAMEDA,Inactive Account,High,2024-02-03,2024-02-06,Resolved
EXC00000234,BILL00003266,ACCT000273,CUST000273,2024-02,Commercial,ALAMEDA,Inactive Account,High,2024-03-03,2024-03-17,Resolved
EXC00000235,BILL00003267,ACCT000273,CUST000273,2024-03,Commercial,ALAMEDA,Inactive Account,High,2024-04-03,2024-04-12,Resolved
EXC00000236,BILL00003268,ACCT000273,CUST000273,2024-04,Commercial,ALAMEDA,Inactive Account,High,2024-05-03,2024-05-11,Resolved
EXC00000237,BILL00003269,ACCT000273,CUST000273,2024-05,Commercial,ALAMEDA,Inactive Account,High,2024-06-03,2024-06-17,Resolved
EXC00000238,BILL00003270,ACCT000273,CUST000273,2024-06,Commercial,ALAMEDA,Inactive Account,High,2024-07-03,2024-07-12,Resolved
EXC00000239,BILL00003271,ACCT000273,CUST000273,2024-07,Commercial,ALAMEDA,Inactive Account,High,2024-08-03,2024-08-04,Resolved
EXC00000240,BILL00003272,ACCT000273,CUST000273,2024-08,Commercial,ALAMEDA,Inactive Account,High,2024-09-03,2024-09-14,Resolved
EXC00000241,BILL00003273,ACCT000273,CUST000273,2024-09,Commercial,ALAMEDA,Inactive Account,High,2024-10-03,,In Review
EXC00000242,BILL00003274,ACCT000273,CUST000273,2024-10,Commercial,ALAMEDA,Inactive Account,High,2024-11-03,2024-11-15,Resolved
EXC00000243,BILL00003275,ACCT000273,CUST000273,2024-11,Commercial,ALAMEDA,Inactive Account,High,2024-12-03,2024-12-08,Resolved
EXC00000244,BILL00003276,ACCT000273,CUST000273,2024-12,Commercial,ALAMEDA,Inactive Account,High,2025-01-03,,Open
EXC00000245,BILL00003366,ACCT000281,CUST000281,2024-06,Commercial,SHASTA,Invalid Meter Read,High,2024-07-03,,Open
EXC00000246,BILL00003463,ACCT000289,CUST000289,2024-07,Residential,SANTA CLARA,Missing Meter Read,Medium,2024-08-03,,Open
EXC00000247,BILL00003491,ACCT000291,CUST000291,2024-11,Residential,ALAMEDA,Invalid Meter Read,High,2024-12-03,,In Review
EXC00000248,BILL00003541,ACCT000296,CUST000296,2024-01,Residential,SANTA CLARA,Inactive Account,High,2024-02-03,2024-02-15,Resolved
EXC00000249,BILL00003542,ACCT000296,CUST000296,2024-02,Residential,SANTA CLARA,Inactive Account,High,2024-03-03,2024-03-05,Resolved
EXC00000250,BILL00003543,ACCT000296,CUST000296,2024-03,Residential,SANTA CLARA,Inactive Account,High,2024-04-03,,Open
EXC00000251,BILL00003544,ACCT000296,CUST000296,2024-04,Residential,SANTA CLARA,Inactive Account,High,2024-05-03,,Open
EXC00000252,BILL00003545,ACCT000296,CUST000296,2024-05,Residential,SANTA CLARA,Inactive Account,High,2024-06-03,2024-06-13,Resolved
EXC00000253,BILL00003546,ACCT000296,CUST000296,2024-06,Residential,SANTA CLARA,Inactive Account,High,2024-07-03,2024-07-10,Resolved
EXC00000254,BILL00003547,ACCT000296,CUST000296,2024-07,Residential,SANTA CLARA,Inactive Account,High,2024-08-03,2024-08-14,Resolved
EXC00000255,BILL00003548,ACCT000296,CUST000296,2024-08,Residential,SANTA CLARA,Inactive Account,High,2024-09-03,2024-09-16,Resolved
EXC00000256,BILL00003549,ACCT000296,CUST000296,2024-09,Residential,SANTA CLARA,Inactive Account,High,2024-10-03,,Open
EXC00000257,BILL00003550,ACCT000296,CUST000296,2024-10,Residential,SANTA CLARA,Inactive Account,High,2024-11-03,,Open
EXC00000258,BILL00003551,ACCT000296,CUST000296,2024-11,Residential,SANTA CLARA,Inactive Account,High,2024-12-03,2024-12-09,Resolved
EXC00000259,BILL00003552,ACCT000296,CUST000296,2024-12,Residential,SANTA CLARA,Inactive Account,High,2025-01-03,2025-01-07,Resolved
EXC00000260,BILL00003578,ACCT000299,CUST000299,2024-02,Residential,KERN,Invalid Meter Read,High,2024-03-03,2024-03-10,Resolved
EXC00000261,BILL00003631,ACCT000303,CUST000303,2024-07,Residential,MADERA,Invalid Meter Read,High,2024-08-03,,Open
EXC00000262,BILL00003637,ACCT000304,CUST000304,2024-01,Residential,SONOMA,Inactive Account,High,2024-02-03,2024-02-06,Resolved
EXC00000263,BILL00003638,ACCT000304,CUST000304,2024-02,Residential,SONOMA,Inactive Account,High,2024-03-03,2024-03-10,Resolved
EXC00000264,BILL00003639,ACCT000304,CUST000304,2024-03,Residential,SONOMA,Inactive Account,High,2024-04-03,,Open
EXC00000265,BILL00003640,ACCT000304,CUST000304,2024-04,Residential,SONOMA,Inactive Account,High,2024-05-03,2024-05-09,Resolved
EXC00000266,BILL00003641,ACCT000304,CUST000304,2024-05,Residential,SONOMA,Inactive Account,High,2024-06-03,,In Review
EXC00000267,BILL00003642,ACCT000304,CUST000304,2024-06,Residential,SONOMA,Inactive Account,High,2024-07-03,2024-07-04,Resolved
EXC00000268,BILL00003643,ACCT000304,CUST000304,2024-07,Residential,SONOMA,Inactive Account,High,2024-08-03,2024-08-08,Resolved
EXC00000269,BILL00003644,ACCT000304,CUST000304,2024-08,Residential,SONOMA,Inactive Account,High,2024-09-03,,In Review
EXC00000270,BILL00003645,ACCT000304,CUST000304,2024-09,Residential,SONOMA,Inactive Account,High,2024-10-03,2024-10-11,Resolved
EXC00000271,BILL00003646,ACCT000304,CUST000304,2024-10,Residential,SONOMA,Inactive Account,High,2024-11-03,2024-11-11,Resolved
EXC00000272,BILL00003647,ACCT000304,CUST000304,2024-11,Residential,SONOMA,Inactive Account,High,2024-12-03,,Open
EXC00000273,BILL00003648,ACCT000304,CUST000304,2024-12,Residential,SONOMA,Inactive Account,High,2025-01-03,,Open
EXC00000274,BILL00003721,ACCT000311,CUST000311,2024-01,Residential,SAN MATEO,Inactive Account,High,2024-02-03,2024-02-09,Resolved
EXC00000275,BILL00003722,ACCT000311,CUST000311,2024-02,Residential,SAN MATEO,Inactive Account,High,2024-03-03,,In Review
EXC00000276,BILL00003723,ACCT000311,CUST000311,2024-03,Residential,SAN MATEO,Inactive Account,High,2024-04-03,2024-04-08,Resolved
EXC00000277,BILL00003724,ACCT000311,CUST000311,2024-04,Residential,SAN MATEO,Inactive Account,High,2024-05-03,2024-05-07,Resolved
EXC00000278,BILL00003725,ACCT000311,CUST000311,2024-05,Residential,SAN MATEO,Inactive Account,High,2024-06-03,2024-06-10,Resolved
EXC00000279,BILL00003726,ACCT000311,CUST000311,2024-06,Residential,SAN MATEO,Inactive Account,High,2024-07-03,2024-07-05,Resolved
EXC00000280,BILL00003727,ACCT000311,CUST000311,2024-07,Residential,SAN MATEO,Inactive Account,High,2024-08-03,2024-08-16,Resolved
EXC00000281,BILL00003728,ACCT000311,CUST000311,2024-08,Residential,SAN MATEO,Inactive Account,High,2024-09-03,2024-09-04,Resolved
EXC00000282,BILL00003729,ACCT000311,CUST000311,2024-09,Residential,SAN MATEO,Inactive Account,High,2024-10-03,2024-10-09,Resolved
EXC00000283,BILL00003730,ACCT000311,CUST000311,2024-10,Residential,SAN MATEO,Inactive Account,High,2024-11-03,2024-11-14,Resolved
EXC00000284,BILL00003731,ACCT000311,CUST000311,2024-11,Residential,SAN MATEO,Inactive Account,High,2024-12-03,2024-12-06,Resolved
EXC00000285,BILL00003732,ACCT000311,CUST000311,2024-12,Residential,SAN MATEO,Inactive Account,High,2025-01-03,,In Review
EXC00000286,BILL00003745,ACCT000313,CUST000313,2024-01,Residential,YOLO,Inactive Account,High,2024-02-03,2024-02-14,Resolved
EXC00000287,BILL00003746,ACCT000313,CUST000313,2024-02,Residential,YOLO,Inactive Account,High,2024-03-03,,Open
EXC00000288,BILL00003747,ACCT000313,CUST000313,2024-03,Residential,YOLO,Inactive Account,High,2024-04-03,2024-04-06,Resolved
EXC00000289,BILL00003748,ACCT000313,CUST000313,2024-04,Residential,YOLO,Inactive Account,High,2024-05-03,2024-05-08,Resolved
EXC00000290,BILL00003749,ACCT000313,CUST000313,2024-05,Residential,YOLO,Inactive Account,High,2024-06-03,,Open
EXC00000291,BILL00003750,ACCT000313,CUST000313,2024-06,Residential,YOLO,Inactive Account,High,2024-07-03,2024-07-17,Resolved
EXC00000292,BILL00003751,ACCT000313,CUST000313,2024-07,Residential,YOLO,Inactive Account,High,2024-08-03,2024-08-05,Resolved
EXC00000293,BILL00003752,ACCT000313,CUST000313,2024-08,Residential,YOLO,Inactive Account,High,2024-09-03,,Open
EXC00000294,BILL00003753,ACCT000313,CUST000313,2024-09,Residential,YOLO,Inactive Account,High,2024-10-03,2024-10-09,Resolved
EXC00000295,BILL00003754,ACCT000313,CUST000313,2024-10,Residential,YOLO,Inactive Account,High,2024-11-03,2024-11-05,Resolved
EXC00000296,BILL00003755,ACCT000313,CUST000313,2024-11,Residential,YOLO,Inactive Account,High,2024-12-03,2024-12-14,Resolved
EXC00000297,BILL00003756,ACCT000313,CUST000313,2024-12,Residential,YOLO,Inactive Account,High,2025-01-03,,Open
EXC00000298,BILL00003760,ACCT000314,CUST000314,2024-04,Agriculture And Water Pumping,KINGS,Missing Meter Read,Medium,2024-05-03,,In Review
EXC00000299,BILL00003781,ACCT000316,CUST000316,2024-01,Residential,KERN,Missing Meter Read,Medium,2024-02-03,,Open
EXC00000300,BILL00003865,ACCT000323,CUST000323,2024-01,Residential,KERN,Inactive Account,High,2024-02-03,2024-02-08,Resolved
EXC00000301,BILL00003866,ACCT000323,CUST000323,2024-02,Residential,KERN,Inactive Account,High,2024-03-03,,In Review
EXC00000302,BILL00003867,ACCT000323,CUST000323,2024-03,Residential,KERN,Inactive Account,High,2024-04-03,,Open
EXC00000303,BILL00003868,ACCT000323,CUST000323,2024-04,Residential,KERN,Inactive Account,High,2024-05-03,2024-05-12,Resolved
EXC00000304,BILL00003869,ACCT000323,CUST000323,2024-05,Residential,KERN,Inactive Account,High,2024-06-03,,Open
EXC00000305,BILL00003870,ACCT000323,CUST000323,2024-06,Residential,KERN,Inactive Account,High,2024-07-03,,In Review
EXC00000306,BILL00003871,ACCT000323,CUST000323,2024-07,Residential,KERN,Inactive Account,High,2024-08-03,,Open
EXC00000307,BILL00003872,ACCT000323,CUST000323,2024-08,Residential,KERN,Inactive Account,High,2024-09-03,,In Review
EXC00000308,BILL00003873,ACCT000323,CUST000323,2024-09,Residential,KERN,Inactive Account,High,2024-10-03,,Open
EXC00000309,BILL00003874,ACCT000323,CUST000323,2024-10,Residential,KERN,Inactive Account,High,2024-11-03,,Open
EXC00000310,BILL00003875,ACCT000323,CUST000323,2024-11,Residential,KERN,Inactive Account,High,2024-12-03,,Open
EXC00000311,BILL00003876,ACCT000323,CUST000323,2024-12,Residential,KERN,Inactive Account,High,2025-01-03,,In Review
EXC00000312,BILL00003889,ACCT000325,CUST000325,2024-01,Agriculture And Water Pumping,CONTRA COSTA,Missing Meter Read,Medium,2024-02-03,,Open
EXC00000313,BILL00003898,ACCT000325,CUST000325,2024-10,Agriculture And Water Pumping,CONTRA COSTA,Missing Meter Read,Medium,2024-11-03,,In Review
EXC00000314,BILL00003939,ACCT000329,CUST000329,2024-03,Residential,KERN,Missing Meter Read,Medium,2024-04-03,,In Review
EXC00000315,BILL00003953,ACCT000330,CUST000330,2024-05,Residential,KERN,Invalid Meter Read,High,2024-06-03,2024-06-13,Resolved
EXC00000316,BILL00004002,ACCT000334,CUST000334,2024-06,Residential,ALAMEDA,Missing Meter Read,Medium,2024-07-03,,Open
EXC00000317,BILL00004023,ACCT000336,CUST000336,2024-03,Residential,PLUMAS,Missing Meter Read,Medium,2024-04-03,2024-04-05,Resolved
EXC00000318,BILL00004042,ACCT000337,CUST000337,2024-10,Commercial,SAN MATEO,Missing Meter Read,Medium,2024-11-03,2024-11-07,Resolved
EXC00000319,BILL00004055,ACCT000338,CUST000338,2024-11,Residential,SAN FRANCISCO,Missing Meter Read,Medium,2024-12-03,2024-12-10,Resolved
EXC00000320,BILL00004074,ACCT000340,CUST000340,2024-06,Residential,CONTRA COSTA,Missing Meter Read,Medium,2024-07-03,2024-07-17,Resolved
EXC00000321,BILL00004092,ACCT000341,CUST000341,2024-12,Residential,SAN JOAQUIN,Invalid Meter Read,High,2025-01-03,2025-01-05,Resolved
EXC00000322,BILL00004094,ACCT000342,CUST000342,2024-02,Residential,NAPA,Missing Meter Read,Medium,2024-03-03,,In Review
EXC00000323,BILL00004115,ACCT000343,CUST000343,2024-11,Residential,SANTA CLARA,Missing Meter Read,Medium,2024-12-03,2024-12-04,Resolved
EXC00000324,BILL00004125,ACCT000344,CUST000344,2024-09,Residential,SANTA CLARA,Missing Meter Read,Medium,2024-10-03,2024-10-09,Resolved
EXC00000325,BILL00004155,ACCT000347,CUST000347,2024-03,Residential,CONTRA COSTA,Missing Meter Read,Medium,2024-04-03,,In Review
EXC00000326,BILL00004202,ACCT000351,CUST000351,2024-02,Residential,SOLANO,Invalid Meter Read,High,2024-03-03,2024-03-11,Resolved
EXC00000327,BILL00004204,ACCT000351,CUST000351,2024-04,Residential,SOLANO,Invalid Meter Read,High,2024-05-03,2024-05-14,Resolved
EXC00000328,BILL00004250,ACCT000355,CUST000355,2024-02,Residential,PLACER,Missing Meter Read,Medium,2024-03-03,2024-03-10,Resolved
EXC00000329,BILL00004258,ACCT000355,CUST000355,2024-10,Residential,PLACER,Missing Meter Read,Medium,2024-11-03,2024-11-12,Resolved
EXC00000330,BILL00004263,ACCT000356,CUST000356,2024-03,Residential,KERN,Invalid Meter Read,High,2024-04-03,2024-04-08,Resolved
EXC00000331,BILL00004264,ACCT000356,CUST000356,2024-04,Residential,KERN,Invalid Meter Read,High,2024-05-03,2024-05-14,Resolved
EXC00000332,BILL00004325,ACCT000361,CUST000361,2024-05,Residential,SAN LUIS OBISPO,Missing Meter Read,Medium,2024-06-03,2024-06-11,Resolved
EXC00000333,BILL00004345,ACCT000363,CUST000363,2024-01,Residential,SAN FRANCISCO,Inactive Account,High,2024-02-03,2024-02-15,Resolved
EXC00000334,BILL00004346,ACCT000363,CUST000363,2024-02,Residential,SAN FRANCISCO,Inactive Account,High,2024-03-03,2024-03-07,Resolved
EXC00000335,BILL00004347,ACCT000363,CUST000363,2024-03,Residential,SAN FRANCISCO,Inactive Account,High,2024-04-03,2024-04-04,Resolved
EXC00000336,BILL00004348,ACCT000363,CUST000363,2024-04,Residential,SAN FRANCISCO,Inactive Account,High,2024-05-03,,Open
EXC00000337,BILL00004349,ACCT000363,CUST000363,2024-05,Residential,SAN FRANCISCO,Inactive Account,High,2024-06-03,2024-06-17,Resolved
EXC00000338,BILL00004350,ACCT000363,CUST000363,2024-06,Residential,SAN FRANCISCO,Inactive Account,High,2024-07-03,2024-07-12,Resolved
EXC00000339,BILL00004351,ACCT000363,CUST000363,2024-07,Residential,SAN FRANCISCO,Inactive Account,High,2024-08-03,,In Review
EXC00000340,BILL00004352,ACCT000363,CUST000363,2024-08,Residential,SAN FRANCISCO,Inactive Account,High,2024-09-03,,Open
EXC00000341,BILL00004353,ACCT000363,CUST000363,2024-09,Residential,SAN FRANCISCO,Inactive Account,High,2024-10-03,,In Review
EXC00000342,BILL00004354,ACCT000363,CUST000363,2024-10,Residential,SAN FRANCISCO,Inactive Account,High,2024-11-03,2024-11-15,Resolved
EXC00000343,BILL00004355,ACCT000363,CUST000363,2024-11,Residential,SAN FRANCISCO,Inactive Account,High,2024-12-03,2024-12-16,Resolved
EXC00000344,BILL00004356,ACCT000363,CUST000363,2024-12,Residential,SAN FRANCISCO,Inactive Account,High,2025-01-03,2025-01-16,Resolved
EXC00000345,BILL00004391,ACCT000366,CUST000366,2024-11,Residential,SHASTA,Missing Meter Read,Medium,2024-12-03,,Open
EXC00000346,BILL00004431,ACCT000370,CUST000370,2024-03,Residential,SANTA CLARA,Invalid Meter Read,High,2024-04-03,2024-04-17,Resolved
EXC00000347,BILL00004442,ACCT000371,CUST000371,2024-02,Residential,KERN,Invalid Meter Read,High,2024-03-03,2024-03-07,Resolved
EXC00000348,BILL00004465,ACCT000373,CUST000373,2024-01,Residential,KERN,Missing Meter Read,Medium,2024-02-03,,Open
EXC00000349,BILL00004489,ACCT000375,CUST000375,2024-01,Residential,KERN,Inactive Account,High,2024-02-03,2024-02-06,Resolved
EXC00000350,BILL00004490,ACCT000375,CUST000375,2024-02,Residential,KERN,Inactive Account,High,2024-03-03,2024-03-04,Resolved
EXC00000351,BILL00004491,ACCT000375,CUST000375,2024-03,Residential,KERN,Inactive Account,High,2024-04-03,,Open
EXC00000352,BILL00004492,ACCT000375,CUST000375,2024-04,Residential,KERN,Inactive Account,High,2024-05-03,,In Review
EXC00000353,BILL00004493,ACCT000375,CUST000375,2024-05,Residential,KERN,Inactive Account,High,2024-06-03,2024-06-15,Resolved
EXC00000354,BILL00004494,ACCT000375,CUST000375,2024-06,Residential,KERN,Inactive Account,High,2024-07-03,,Open
EXC00000355,BILL00004495,ACCT000375,CUST000375,2024-07,Residential,KERN,Inactive Account,High,2024-08-03,2024-08-06,Resolved
EXC00000356,BILL00004496,ACCT000375,CUST000375,2024-08,Residential,KERN,Inactive Account,High,2024-09-03,,In Review
EXC00000357,BILL00004497,ACCT000375,CUST000375,2024-09,Residential,KERN,Inactive Account,High,2024-10-03,2024-10-16,Resolved
EXC00000358,BILL00004498,ACCT000375,CUST000375,2024-10,Residential,KERN,Inactive Account,High,2024-11-03,,Open
EXC00000359,BILL00004499,ACCT000375,CUST000375,2024-11,Residential,KERN,Inactive Account,High,2024-12-03,,In Review
EXC00000360,BILL00004500,ACCT000375,CUST000375,2024-12,Residential,KERN,Inactive Account,High,2025-01-03,,Open
EXC00000361,BILL00004599,ACCT000384,CUST000384,2024-03,Commercial,CONTRA COSTA,Missing Meter Read,Medium,2024-04-03,,Open
EXC00000362,BILL00004606,ACCT000384,CUST000384,2024-10,Commercial,CONTRA COSTA,Invalid Meter Read,High,2024-11-03,,Open
EXC00000363,BILL00004645,ACCT000388,CUST000388,2024-01,Residential,KINGS,Inactive Account,High,2024-02-03,2024-02-13,Resolved
EXC00000364,BILL00004646,ACCT000388,CUST000388,2024-02,Residential,KINGS,Inactive Account,High,2024-03-03,2024-03-04,Resolved
EXC00000365,BILL00004647,ACCT000388,CUST000388,2024-03,Residential,KINGS,Inactive Account,High,2024-04-03,2024-04-09,Resolved
EXC00000366,BILL00004648,ACCT000388,CUST000388,2024-04,Residential,KINGS,Inactive Account,High,2024-05-03,,In Review
EXC00000367,BILL00004649,ACCT000388,CUST000388,2024-05,Residential,KINGS,Inactive Account,High,2024-06-03,,In Review
EXC00000368,BILL00004650,ACCT000388,CUST000388,2024-06,Residential,KINGS,Inactive Account,High,2024-07-03,2024-07-04,Resolved
EXC00000369,BILL00004651,ACCT000388,CUST000388,2024-07,Residential,KINGS,Inactive Account,High,2024-08-03,,Open
EXC00000370,BILL00004652,ACCT000388,CUST000388,2024-08,Residential,KINGS,Inactive Account,High,2024-09-03,,Open
EXC00000371,BILL00004653,ACCT000388,CUST000388,2024-09,Residential,KINGS,Inactive Account,High,2024-10-03,2024-10-06,Resolved
EXC00000372,BILL00004654,ACCT000388,CUST000388,2024-10,Residential,KINGS,Inactive Account,High,2024-11-03,,Open
EXC00000373,BILL00004655,ACCT000388,CUST000388,2024-11,Residential,KINGS,Inactive Account,High,2024-12-03,2024-12-13,Resolved
EXC00000374,BILL00004656,ACCT000388,CUST000388,2024-12,Residential,KINGS,Inactive Account,High,2025-01-03,,Open
EXC00000375,BILL00004731,ACCT000395,CUST000395,2024-03,Residential,FRESNO,Missing Meter Read,Medium,2024-04-03,2024-04-08,Resolved
EXC00000376,BILL00004741,ACCT000396,CUST000396,2024-01,Industrial,MARIN,Missing Meter Read,Medium,2024-02-03,,Open
EXC00000377,BILL00004751,ACCT000396,CUST000396,2024-11,Industrial,MARIN,Missing Meter Read,Medium,2024-12-03,,In Review
EXC00000378,BILL00004761,ACCT000397,CUST000397,2024-09,Commercial,SANTA CLARA,Missing Meter Read,Medium,2024-10-03,2024-10-08,Resolved
EXC00000379,BILL00004784,ACCT000399,CUST000399,2024-08,Residential,KERN,Invalid Meter Read,High,2024-09-03,,Open
EXC00000380,BILL00004849,ACCT000405,CUST000405,2024-01,Residential,SAN MATEO,Inactive Account,High,2024-02-03,,Open
EXC00000381,BILL00004850,ACCT000405,CUST000405,2024-02,Residential,SAN MATEO,Inactive Account,High,2024-03-03,,Open
EXC00000382,BILL00004851,ACCT000405,CUST000405,2024-03,Residential,SAN MATEO,Inactive Account,High,2024-04-03,,Open
EXC00000383,BILL00004852,ACCT000405,CUST000405,2024-04,Residential,SAN MATEO,Inactive Account,High,2024-05-03,2024-05-05,Resolved
EXC00000384,BILL00004853,ACCT000405,CUST000405,2024-05,Residential,SAN MATEO,Inactive Account,High,2024-06-03,,In Review
EXC00000385,BILL00004854,ACCT000405,CUST000405,2024-06,Residential,SAN MATEO,Inactive Account,High,2024-07-03,,Open
EXC00000386,BILL00004855,ACCT000405,CUST000405,2024-07,Residential,SAN MATEO,Inactive Account,High,2024-08-03,2024-08-04,Resolved
EXC00000387,BILL00004856,ACCT000405,CUST000405,2024-08,Residential,SAN MATEO,Inactive Account,High,2024-09-03,2024-09-04,Resolved
EXC00000388,BILL00004857,ACCT000405,CUST000405,2024-09,Residential,SAN MATEO,Inactive Account,High,2024-10-03,2024-10-16,Resolved
EXC00000389,BILL00004858,ACCT000405,CUST000405,2024-10,Residential,SAN MATEO,Inactive Account,High,2024-11-03,,Open
EXC00000390,BILL00004859,ACCT000405,CUST000405,2024-11,Residential,SAN MATEO,Inactive Account,High,2024-12-03,2024-12-07,Resolved
EXC00000391,BILL00004860,ACCT000405,CUST000405,2024-12,Residential,SAN MATEO,Inactive Account,High,2025-01-03,,In Review
EXC00000392,BILL00004861,ACCT000406,CUST000406,2024-01,Commercial,SONOMA,Missing Meter Read,Medium,2024-02-03,2024-02-17,Resolved
EXC00000393,BILL00004866,ACCT000406,CUST000406,2024-06,Commercial,SONOMA,Missing Meter Read,Medium,2024-07-03,,Open
EXC00000394,BILL00004964,ACCT000414,CUST000414,2024-08,Residential,CONTRA COSTA,Missing Meter Read,Medium,2024-09-03,,Open
EXC00000395,BILL00005073,ACCT000423,CUST000423,2024-09,Residential,KINGS,Missing Meter Read,Medium,2024-10-03,,Open
EXC00000396,BILL00005133,ACCT000428,CUST000428,2024-09,Commercial,ALAMEDA,Missing Meter Read,Medium,2024-10-03,,Open
EXC00000397,BILL00005164,ACCT000431,CUST000431,2024-04,Residential,EL DORADO,Invalid Meter Read,High,2024-05-03,2024-05-09,Resolved
EXC00000398,BILL00005199,ACCT000434,CUST000434,2024-03,Residential,CONTRA COSTA,Missing Meter Read,Medium,2024-04-03,,In Review
EXC00000399,BILL00005204,ACCT000434,CUST000434,2024-08,Residential,CONTRA COSTA,Missing Meter Read,Medium,2024-09-03,2024-09-12,Resolved
EXC00000400,BILL00005215,ACCT000435,CUST000435,2024-07,Residential,SAN LUIS OBISPO,Missing Meter Read,Medium,2024-08-03,2024-08-11,Resolved
EXC00000401,BILL00005227,ACCT000436,CUST000436,2024-07,Residential,SOLANO,Missing Meter Read,Medium,2024-08-03,2024-08-09,Resolved
EXC00000402,BILL00005236,ACCT000437,CUST000437,2024-04,Residential,SANTA CLARA,Invalid Meter Read,High,2024-05-03,,In Review
EXC00000403,BILL00005243,ACCT000437,CUST000437,2024-11,Residential,SANTA CLARA,Invalid Meter Read,High,2024-12-03,,Open
EXC00000404,BILL00005252,ACCT000438,CUST000438,2024-08,Commercial,SAN JOAQUIN,Missing Meter Read,Medium,2024-09-03,2024-09-15,Resolved
EXC00000405,BILL00005253,ACCT000438,CUST000438,2024-09,Commercial,SAN JOAQUIN,Invalid Meter Read,High,2024-10-03,2024-10-09,Resolved
EXC00000406,BILL00005271,ACCT000440,CUST000440,2024-03,Residential,SAN JOAQUIN,Invalid Meter Read,High,2024-04-03,2024-04-14,Resolved
EXC00000407,BILL00005317,ACCT000444,CUST000444,2024-01,Residential,NAPA,Inactive Account,High,2024-02-03,2024-02-10,Resolved
EXC00000408,BILL00005318,ACCT000444,CUST000444,2024-02,Residential,NAPA,Inactive Account,High,2024-03-03,2024-03-07,Resolved
EXC00000409,BILL00005319,ACCT000444,CUST000444,2024-03,Residential,NAPA,Inactive Account,High,2024-04-03,2024-04-04,Resolved
EXC00000410,BILL00005320,ACCT000444,CUST000444,2024-04,Residential,NAPA,Inactive Account,High,2024-05-03,,Open
EXC00000411,BILL00005321,ACCT000444,CUST000444,2024-05,Residential,NAPA,Inactive Account,High,2024-06-03,2024-06-05,Resolved
EXC00000412,BILL00005322,ACCT000444,CUST000444,2024-06,Residential,NAPA,Inactive Account,High,2024-07-03,,Open
EXC00000413,BILL00005323,ACCT000444,CUST000444,2024-07,Residential,NAPA,Inactive Account,High,2024-08-03,2024-08-05,Resolved
EXC00000414,BILL00005324,ACCT000444,CUST000444,2024-08,Residential,NAPA,Inactive Account,High,2024-09-03,,Open
EXC00000415,BILL00005325,ACCT000444,CUST000444,2024-09,Residential,NAPA,Inactive Account,High,2024-10-03,,Open
EXC00000416,BILL00005326,ACCT000444,CUST000444,2024-10,Residential,NAPA,Inactive Account,High,2024-11-03,2024-11-17,Resolved
EXC00000417,BILL00005327,ACCT000444,CUST000444,2024-11,Residential,NAPA,Inactive Account,High,2024-12-03,2024-12-09,Resolved
EXC00000418,BILL00005328,ACCT000444,CUST000444,2024-12,Residential,NAPA,Inactive Account,High,2025-01-03,2025-01-05,Resolved
EXC00000419,BILL00005338,ACCT000445,CUST000445,2024-10,Commercial,CONTRA COSTA,Invalid Meter Read,High,2024-11-03,,Open
EXC00000420,BILL00005389,ACCT000450,CUST000450,2024-01,Residential,SANTA CLARA,Inactive Account,High,2024-02-03,2024-02-06,Resolved
EXC00000421,BILL00005390,ACCT000450,CUST000450,2024-02,Residential,SANTA CLARA,Inactive Account,High,2024-03-03,2024-03-09,Resolved
EXC00000422,BILL00005391,ACCT000450,CUST000450,2024-03,Residential,SANTA CLARA,Inactive Account,High,2024-04-03,2024-04-09,Resolved
EXC00000423,BILL00005392,ACCT000450,CUST000450,2024-04,Residential,SANTA CLARA,Inactive Account,High,2024-05-03,2024-05-16,Resolved
EXC00000424,BILL00005393,ACCT000450,CUST000450,2024-05,Residential,SANTA CLARA,Inactive Account,High,2024-06-03,,Open
EXC00000425,BILL00005394,ACCT000450,CUST000450,2024-06,Residential,SANTA CLARA,Inactive Account,High,2024-07-03,2024-07-12,Resolved
EXC00000426,BILL00005395,ACCT000450,CUST000450,2024-07,Residential,SANTA CLARA,Inactive Account,High,2024-08-03,2024-08-13,Resolved
EXC00000427,BILL00005396,ACCT000450,CUST000450,2024-08,Residential,SANTA CLARA,Inactive Account,High,2024-09-03,,In Review
EXC00000428,BILL00005397,ACCT000450,CUST000450,2024-09,Residential,SANTA CLARA,Inactive Account,High,2024-10-03,,Open
EXC00000429,BILL00005398,ACCT000450,CUST000450,2024-10,Residential,SANTA CLARA,Inactive Account,High,2024-11-03,2024-11-09,Resolved
EXC00000430,BILL00005399,ACCT000450,CUST000450,2024-11,Residential,SANTA CLARA,Inactive Account,High,2024-12-03,2024-12-17,Resolved
EXC00000431,BILL00005400,ACCT000450,CUST000450,2024-12,Residential,SANTA CLARA,Inactive Account,High,2025-01-03,2025-01-07,Resolved
EXC00000432,BILL00005404,ACCT000451,CUST000451,2024-04,Residential,ALAMEDA,Missing Meter Read,Medium,2024-05-03,,In Review
EXC00000433,BILL00005413,ACCT000452,CUST000452,2024-01,Residential,ALAMEDA,Inactive Account,High,2024-02-03,,Open
EXC00000434,BILL00005414,ACCT000452,CUST000452,2024-02,Residential,ALAMEDA,Inactive Account,High,2024-03-03,,Open
EXC00000435,BILL00005415,ACCT000452,CUST000452,2024-03,Residential,ALAMEDA,Inactive Account,High,2024-04-03,2024-04-15,Resolved
EXC00000436,BILL00005416,ACCT000452,CUST000452,2024-04,Residential,ALAMEDA,Inactive Account,High,2024-05-03,2024-05-11,Resolved
EXC00000437,BILL00005417,ACCT000452,CUST000452,2024-05,Residential,ALAMEDA,Inactive Account,High,2024-06-03,2024-06-13,Resolved
EXC00000438,BILL00005418,ACCT000452,CUST000452,2024-06,Residential,ALAMEDA,Inactive Account,High,2024-07-03,2024-07-10,Resolved
EXC00000439,BILL00005419,ACCT000452,CUST000452,2024-07,Residential,ALAMEDA,Inactive Account,High,2024-08-03,,Open
EXC00000440,BILL00005420,ACCT000452,CUST000452,2024-08,Residential,ALAMEDA,Inactive Account,High,2024-09-03,,Open
EXC00000441,BILL00005421,ACCT000452,CUST000452,2024-09,Residential,ALAMEDA,Inactive Account,High,2024-10-03,2024-10-13,Resolved
EXC00000442,BILL00005422,ACCT000452,CUST000452,2024-10,Residential,ALAMEDA,Inactive Account,High,2024-11-03,2024-11-17,Resolved
EXC00000443,BILL00005423,ACCT000452,CUST000452,2024-11,Residential,ALAMEDA,Inactive Account,High,2024-12-03,2024-12-06,Resolved
EXC00000444,BILL00005424,ACCT000452,CUST000452,2024-12,Residential,ALAMEDA,Inactive Account,High,2025-01-03,2025-01-08,Resolved
EXC00000445,BILL00005471,ACCT000456,CUST000456,2024-11,Residential,SANTA CLARA,Invalid Meter Read,High,2024-12-03,2024-12-11,Resolved
EXC00000446,BILL00005494,ACCT000458,CUST000458,2024-10,Residential,KERN,Missing Meter Read,Medium,2024-11-03,,In Review
EXC00000447,BILL00005545,ACCT000463,CUST000463,2024-01,Residential,CONTRA COSTA,Inactive Account,High,2024-02-03,2024-02-16,Resolved
EXC00000448,BILL00005546,ACCT000463,CUST000463,2024-02,Residential,CONTRA COSTA,Inactive Account,High,2024-03-03,2024-03-08,Resolved
EXC00000449,BILL00005547,ACCT000463,CUST000463,2024-03,Residential,CONTRA COSTA,Inactive Account,High,2024-04-03,,Open
EXC00000450,BILL00005548,ACCT000463,CUST000463,2024-04,Residential,CONTRA COSTA,Inactive Account,High,2024-05-03,,Open
EXC00000451,BILL00005549,ACCT000463,CUST000463,2024-05,Residential,CONTRA COSTA,Inactive Account,High,2024-06-03,,Open
EXC00000452,BILL00005550,ACCT000463,CUST000463,2024-06,Residential,CONTRA COSTA,Inactive Account,High,2024-07-03,,Open
EXC00000453,BILL00005551,ACCT000463,CUST000463,2024-07,Residential,CONTRA COSTA,Inactive Account,High,2024-08-03,2024-08-07,Resolved
EXC00000454,BILL00005552,ACCT000463,CUST000463,2024-08,Residential,CONTRA COSTA,Inactive Account,High,2024-09-03,,Open
EXC00000455,BILL00005553,ACCT000463,CUST000463,2024-09,Residential,CONTRA COSTA,Inactive Account,High,2024-10-03,2024-10-15,Resolved
EXC00000456,BILL00005554,ACCT000463,CUST000463,2024-10,Residential,CONTRA COSTA,Inactive Account,High,2024-11-03,,Open
EXC00000457,BILL00005555,ACCT000463,CUST000463,2024-11,Residential,CONTRA COSTA,Inactive Account,High,2024-12-03,2024-12-06,Resolved
EXC00000458,BILL00005556,ACCT000463,CUST000463,2024-12,Residential,CONTRA COSTA,Inactive Account,High,2025-01-03,2025-01-06,Resolved
EXC00000459,BILL00005625,ACCT000469,CUST000469,2024-09,Residential,SAN JOAQUIN,Invalid Meter Read,High,2024-10-03,2024-10-14,Resolved
EXC00000460,BILL00005627,ACCT000469,CUST000469,2024-11,Residential,SAN JOAQUIN,Missing Meter Read,Medium,2024-12-03,2024-12-09,Resolved
EXC00000461,BILL00005691,ACCT000475,CUST000475,2024-03,Residential,CONTRA COSTA,Missing Meter Read,Medium,2024-04-03,2024-04-12,Resolved
EXC00000462,BILL00005709,ACCT000476,CUST000476,2024-09,Mining,KERN,Invalid Meter Read,High,2024-10-03,2024-10-05,Resolved
EXC00000463,BILL00005717,ACCT000477,CUST000477,2024-05,Residential,ALAMEDA,Invalid Meter Read,High,2024-06-03,2024-06-17,Resolved
EXC00000464,BILL00005728,ACCT000478,CUST000478,2024-04,Residential,FRESNO,Invalid Meter Read,High,2024-05-03,,Open
EXC00000465,BILL00005753,ACCT000480,CUST000480,2024-05,Residential,ALAMEDA,Missing Meter Read,Medium,2024-06-03,,Open
EXC00000466,BILL00005837,ACCT000487,CUST000487,2024-05,Residential,SANTA CLARA,Invalid Meter Read,High,2024-06-03,,Open
EXC00000467,BILL00006016,ACCT000502,CUST000502,2024-04,Residential,CONTRA COSTA,Invalid Meter Read,High,2024-05-03,2024-05-11,Resolved
EXC00000468,BILL00006038,ACCT000504,CUST000504,2024-02,Commercial,KERN,Missing Meter Read,Medium,2024-03-03,2024-03-13,Resolved
EXC00000469,BILL00006055,ACCT000505,CUST000505,2024-07,Residential,ALAMEDA,Invalid Meter Read,High,2024-08-03,,In Review
EXC00000470,BILL00006066,ACCT000506,CUST000506,2024-06,Residential,SANTA CLARA,Missing Meter Read,Medium,2024-07-03,2024-07-17,Resolved
EXC00000471,BILL00006076,ACCT000507,CUST000507,2024-04,Commercial,KERN,Missing Meter Read,Medium,2024-05-03,2024-05-17,Resolved
EXC00000472,BILL00006091,ACCT000508,CUST000508,2024-07,Commercial,ALAMEDA,Invalid Meter Read,High,2024-08-03,2024-08-17,Resolved
EXC00000473,BILL00006108,ACCT000509,CUST000509,2024-12,Industrial,ALAMEDA,Invalid Meter Read,High,2025-01-03,,Open
EXC00000474,BILL00006141,ACCT000512,CUST000512,2024-09,Residential,MENDOCINO,Missing Meter Read,Medium,2024-10-03,,In Review
EXC00000475,BILL00006190,ACCT000516,CUST000516,2024-10,Residential,MERCED,Invalid Meter Read,High,2024-11-03,2024-11-15,Resolved
EXC00000476,BILL00006287,ACCT000524,CUST000524,2024-11,Commercial,KERN,Invalid Meter Read,High,2024-12-03,2024-12-08,Resolved
EXC00000477,BILL00006354,ACCT000530,CUST000530,2024-06,Commercial,ALAMEDA,Missing Meter Read,Medium,2024-07-03,2024-07-12,Resolved
EXC00000478,BILL00006385,ACCT000533,CUST000533,2024-01,Streetlighting,FRESNO,Inactive Account,High,2024-02-03,2024-02-08,Resolved
EXC00000479,BILL00006386,ACCT000533,CUST000533,2024-02,Streetlighting,FRESNO,Inactive Account,High,2024-03-03,,Open
EXC00000480,BILL00006387,ACCT000533,CUST000533,2024-03,Streetlighting,FRESNO,Inactive Account,High,2024-04-03,2024-04-04,Resolved
EXC00000481,BILL00006388,ACCT000533,CUST000533,2024-04,Streetlighting,FRESNO,Inactive Account,High,2024-05-03,,Open
EXC00000482,BILL00006389,ACCT000533,CUST000533,2024-05,Streetlighting,FRESNO,Inactive Account,High,2024-06-03,2024-06-15,Resolved
EXC00000483,BILL00006390,ACCT000533,CUST000533,2024-06,Streetlighting,FRESNO,Inactive Account,High,2024-07-03,,Open
EXC00000484,BILL00006391,ACCT000533,CUST000533,2024-07,Streetlighting,FRESNO,Inactive Account,High,2024-08-03,2024-08-14,Resolved
EXC00000485,BILL00006392,ACCT000533,CUST000533,2024-08,Streetlighting,FRESNO,Inactive Account,High,2024-09-03,2024-09-07,Resolved
EXC00000486,BILL00006393,ACCT000533,CUST000533,2024-09,Streetlighting,FRESNO,Inactive Account,High,2024-10-03,,Open
EXC00000487,BILL00006394,ACCT000533,CUST000533,2024-10,Streetlighting,FRESNO,Inactive Account,High,2024-11-03,2024-11-09,Resolved
EXC00000488,BILL00006395,ACCT000533,CUST000533,2024-11,Streetlighting,FRESNO,Inactive Account,High,2024-12-03,2024-12-06,Resolved
EXC00000489,BILL00006396,ACCT000533,CUST000533,2024-12,Streetlighting,FRESNO,Inactive Account,High,2025-01-03,,Open
EXC00000490,BILL00006434,ACCT000537,CUST000537,2024-02,Commercial,SANTA CLARA,Invalid Meter Read,High,2024-03-03,2024-03-16,Resolved
EXC00000491,BILL00006534,ACCT000545,CUST000545,2024-06,Residential,SANTA CRUZ,Missing Meter Read,Medium,2024-07-03,,Open
EXC00000492,BILL00006552,ACCT000546,CUST000546,2024-12,Residential,GLENN,Missing Meter Read,Medium,2025-01-03,,Open
EXC00000493,BILL00006553,ACCT000547,CUST000547,2024-01,Residential,SANTA CLARA,Inactive Account,High,2024-02-03,,Open
EXC00000494,BILL00006554,ACCT000547,CUST000547,2024-02,Residential,SANTA CLARA,Inactive Account,High,2024-03-03,2024-03-07,Resolved
EXC00000495,BILL00006555,ACCT000547,CUST000547,2024-03,Residential,SANTA CLARA,Inactive Account,High,2024-04-03,2024-04-05,Resolved
EXC00000496,BILL00006556,ACCT000547,CUST000547,2024-04,Residential,SANTA CLARA,Inactive Account,High,2024-05-03,2024-05-08,Resolved
EXC00000497,BILL00006557,ACCT000547,CUST000547,2024-05,Residential,SANTA CLARA,Inactive Account,High,2024-06-03,2024-06-10,Resolved
EXC00000498,BILL00006558,ACCT000547,CUST000547,2024-06,Residential,SANTA CLARA,Inactive Account,High,2024-07-03,2024-07-04,Resolved
EXC00000499,BILL00006559,ACCT000547,CUST000547,2024-07,Residential,SANTA CLARA,Inactive Account,High,2024-08-03,2024-08-13,Resolved
EXC00000500,BILL00006560,ACCT000547,CUST000547,2024-08,Residential,SANTA CLARA,Inactive Account,High,2024-09-03,2024-09-05,Resolved
EXC00000501,BILL00006561,ACCT000547,CUST000547,2024-09,Residential,SANTA CLARA,Inactive Account,High,2024-10-03,2024-10-11,Resolved
EXC00000502,BILL00006562,ACCT000547,CUST000547,2024-10,Residential,SANTA CLARA,Inactive Account,High,2024-11-03,,Open
EXC00000503,BILL00006563,ACCT000547,CUST000547,2024-11,Residential,SANTA CLARA,Inactive Account,High,2024-12-03,2024-12-16,Resolved
EXC00000504,BILL00006564,ACCT000547,CUST000547,2024-12,Residential,SANTA CLARA,Inactive Account,High,2025-01-03,2025-01-06,Resolved
EXC00000505,BILL00006581,ACCT000549,CUST000549,2024-05,Residential,ALAMEDA,Missing Meter Read,Medium,2024-06-03,,Open
EXC00000506,BILL00006598,ACCT000550,CUST000550,2024-10,Residential,SANTA CLARA,Invalid Meter Read,High,2024-11-03,2024-11-11,Resolved
EXC00000507,BILL00006618,ACCT000552,CUST000552,2024-06,Commercial,KERN,Invalid Meter Read,High,2024-07-03,2024-07-14,Resolved
EXC00000508,BILL00006623,ACCT000552,CUST000552,2024-11,Commercial,KERN,Missing Meter Read,Medium,2024-12-03,2024-12-17,Resolved
EXC00000509,BILL00006652,ACCT000555,CUST000555,2024-04,Commercial,SAN JOAQUIN,Missing Meter Read,Medium,2024-05-03,,In Review
EXC00000510,BILL00006660,ACCT000555,CUST000555,2024-12,Commercial,SAN JOAQUIN,Missing Meter Read,Medium,2025-01-03,2025-01-10,Resolved
EXC00000511,BILL00006709,ACCT000560,CUST000560,2024-01,Residential,SANTA BARBARA,Inactive Account,High,2024-02-03,,Open
EXC00000512,BILL00006710,ACCT000560,CUST000560,2024-02,Residential,SANTA BARBARA,Inactive Account,High,2024-03-03,2024-03-07,Resolved
EXC00000513,BILL00006711,ACCT000560,CUST000560,2024-03,Residential,SANTA BARBARA,Inactive Account,High,2024-04-03,,Open
EXC00000514,BILL00006712,ACCT000560,CUST000560,2024-04,Residential,SANTA BARBARA,Inactive Account,High,2024-05-03,2024-05-13,Resolved
EXC00000515,BILL00006713,ACCT000560,CUST000560,2024-05,Residential,SANTA BARBARA,Inactive Account,High,2024-06-03,2024-06-11,Resolved
EXC00000516,BILL00006714,ACCT000560,CUST000560,2024-06,Residential,SANTA BARBARA,Inactive Account,High,2024-07-03,2024-07-04,Resolved
EXC00000517,BILL00006715,ACCT000560,CUST000560,2024-07,Residential,SANTA BARBARA,Inactive Account,High,2024-08-03,2024-08-10,Resolved
EXC00000518,BILL00006716,ACCT000560,CUST000560,2024-08,Residential,SANTA BARBARA,Inactive Account,High,2024-09-03,,In Review
EXC00000519,BILL00006717,ACCT000560,CUST000560,2024-09,Residential,SANTA BARBARA,Inactive Account,High,2024-10-03,2024-10-15,Resolved
EXC00000520,BILL00006718,ACCT000560,CUST000560,2024-10,Residential,SANTA BARBARA,Inactive Account,High,2024-11-03,,In Review
EXC00000521,BILL00006719,ACCT000560,CUST000560,2024-11,Residential,SANTA BARBARA,Inactive Account,High,2024-12-03,2024-12-13,Resolved
EXC00000522,BILL00006720,ACCT000560,CUST000560,2024-12,Residential,SANTA BARBARA,Inactive Account,High,2025-01-03,,Open
EXC00000523,BILL00006722,ACCT000561,CUST000561,2024-02,Residential,SAN MATEO,Invalid Meter Read,High,2024-03-03,2024-03-09,Resolved
EXC00000524,BILL00006733,ACCT000562,CUST000562,2024-01,Residential,YUBA,Inactive Account,High,2024-02-03,2024-02-13,Resolved
EXC00000525,BILL00006734,ACCT000562,CUST000562,2024-02,Residential,YUBA,Inactive Account,High,2024-03-03,2024-03-04,Resolved
EXC00000526,BILL00006735,ACCT000562,CUST000562,2024-03,Residential,YUBA,Inactive Account,High,2024-04-03,,Open
EXC00000527,BILL00006736,ACCT000562,CUST000562,2024-04,Residential,YUBA,Inactive Account,High,2024-05-03,2024-05-06,Resolved
EXC00000528,BILL00006737,ACCT000562,CUST000562,2024-05,Residential,YUBA,Inactive Account,High,2024-06-03,2024-06-11,Resolved
EXC00000529,BILL00006738,ACCT000562,CUST000562,2024-06,Residential,YUBA,Inactive Account,High,2024-07-03,2024-07-05,Resolved
EXC00000530,BILL00006739,ACCT000562,CUST000562,2024-07,Residential,YUBA,Inactive Account,High,2024-08-03,2024-08-05,Resolved
EXC00000531,BILL00006740,ACCT000562,CUST000562,2024-08,Residential,YUBA,Inactive Account,High,2024-09-03,2024-09-08,Resolved
EXC00000532,BILL00006741,ACCT000562,CUST000562,2024-09,Residential,YUBA,Inactive Account,High,2024-10-03,2024-10-07,Resolved
EXC00000533,BILL00006742,ACCT000562,CUST000562,2024-10,Residential,YUBA,Inactive Account,High,2024-11-03,,Open
EXC00000534,BILL00006743,ACCT000562,CUST000562,2024-11,Residential,YUBA,Inactive Account,High,2024-12-03,,Open
EXC00000535,BILL00006744,ACCT000562,CUST000562,2024-12,Residential,YUBA,Inactive Account,High,2025-01-03,2025-01-05,Resolved
EXC00000536,BILL00006796,ACCT000567,CUST000567,2024-04,Residential,FRESNO,Missing Meter Read,Medium,2024-05-03,2024-05-16,Resolved
EXC00000537,BILL00006817,ACCT000569,CUST000569,2024-01,Commercial,SAN JOAQUIN,Missing Meter Read,Medium,2024-02-03,,Open
EXC00000538,BILL00006872,ACCT000573,CUST000573,2024-08,Residential,SAN JOAQUIN,Missing Meter Read,Medium,2024-09-03,,In Review
EXC00000539,BILL00006908,ACCT000576,CUST000576,2024-08,Industrial,SANTA CLARA,Missing Meter Read,Medium,2024-09-03,2024-09-06,Resolved
EXC00000540,BILL00006913,ACCT000577,CUST000577,2024-01,Residential,SANTA BARBARA,Inactive Account,High,2024-02-03,,Open
EXC00000541,BILL00006914,ACCT000577,CUST000577,2024-02,Residential,SANTA BARBARA,Inactive Account,High,2024-03-03,2024-03-12,Resolved
EXC00000542,BILL00006915,ACCT000577,CUST000577,2024-03,Residential,SANTA BARBARA,Inactive Account,High,2024-04-03,2024-04-14,Resolved
EXC00000543,BILL00006916,ACCT000577,CUST000577,2024-04,Residential,SANTA BARBARA,Inactive Account,High,2024-05-03,2024-05-07,Resolved
EXC00000544,BILL00006917,ACCT000577,CUST000577,2024-05,Residential,SANTA BARBARA,Inactive Account,High,2024-06-03,2024-06-09,Resolved
EXC00000545,BILL00006918,ACCT000577,CUST000577,2024-06,Residential,SANTA BARBARA,Inactive Account,High,2024-07-03,,In Review
EXC00000546,BILL00006919,ACCT000577,CUST000577,2024-07,Residential,SANTA BARBARA,Inactive Account,High,2024-08-03,,In Review
EXC00000547,BILL00006920,ACCT000577,CUST000577,2024-08,Residential,SANTA BARBARA,Inactive Account,High,2024-09-03,2024-09-17,Resolved
EXC00000548,BILL00006921,ACCT000577,CUST000577,2024-09,Residential,SANTA BARBARA,Inactive Account,High,2024-10-03,2024-10-10,Resolved
EXC00000549,BILL00006922,ACCT000577,CUST000577,2024-10,Residential,SANTA BARBARA,Inactive Account,High,2024-11-03,,In Review
EXC00000550,BILL00006923,ACCT000577,CUST000577,2024-11,Residential,SANTA BARBARA,Inactive Account,High,2024-12-03,2024-12-04,Resolved
EXC00000551,BILL00006924,ACCT000577,CUST000577,2024-12,Residential,SANTA BARBARA,Inactive Account,High,2025-01-03,2025-01-04,Resolved
EXC00000552,BILL00006973,ACCT000582,CUST000582,2024-01,"Transportation, Communications, & Utilities",SAN MATEO,Inactive Account,High,2024-02-03,,Open
EXC00000553,BILL00006974,ACCT000582,CUST000582,2024-02,"Transportation, Communications, & Utilities",SAN MATEO,Inactive Account,High,2024-03-03,2024-03-08,Resolved
EXC00000554,BILL00006975,ACCT000582,CUST000582,2024-03,"Transportation, Communications, & Utilities",SAN MATEO,Inactive Account,High,2024-04-03,,In Review
EXC00000555,BILL00006976,ACCT000582,CUST000582,2024-04,"Transportation, Communications, & Utilities",SAN MATEO,Inactive Account,High,2024-05-03,2024-05-04,Resolved
EXC00000556,BILL00006977,ACCT000582,CUST000582,2024-05,"Transportation, Communications, & Utilities",SAN MATEO,Inactive Account,High,2024-06-03,2024-06-11,Resolved
EXC00000557,BILL00006978,ACCT000582,CUST000582,2024-06,"Transportation, Communications, & Utilities",SAN MATEO,Inactive Account,High,2024-07-03,,In Review
EXC00000558,BILL00006979,ACCT000582,CUST000582,2024-07,"Transportation, Communications, & Utilities",SAN MATEO,Inactive Account,High,2024-08-03,2024-08-10,Resolved
EXC00000559,BILL00006980,ACCT000582,CUST000582,2024-08,"Transportation, Communications, & Utilities",SAN MATEO,Inactive Account,High,2024-09-03,,In Review
EXC00000560,BILL00006981,ACCT000582,CUST000582,2024-09,"Transportation, Communications, & Utilities",SAN MATEO,Inactive Account,High,2024-10-03,,In Review
EXC00000561,BILL00006982,ACCT000582,CUST000582,2024-10,"Transportation, Communications, & Utilities",SAN MATEO,Inactive Account,High,2024-11-03,,In Review
EXC00000562,BILL00006983,ACCT000582,CUST000582,2024-11,"Transportation, Communications, & Utilities",SAN MATEO,Inactive Account,High,2024-12-03,,In Review
EXC00000563,BILL00006984,ACCT000582,CUST000582,2024-12,"Transportation, Communications, & Utilities",SAN MATEO,Inactive Account,High,2025-01-03,,Open
EXC00000564,BILL00007016,ACCT000585,CUST000585,2024-08,Residential,KERN,Missing Meter Read,Medium,2024-09-03,,In Review
EXC00000565,BILL00007030,ACCT000586,CUST000586,2024-10,Residential,CONTRA COSTA,Missing Meter Read,Medium,2024-11-03,2024-11-07,Resolved
EXC00000566,BILL00007051,ACCT000588,CUST000588,2024-07,Residential,KERN,Invalid Meter Read,High,2024-08-03,,Open
EXC00000567,BILL00007071,ACCT000590,CUST000590,2024-03,Residential,SANTA BARBARA,Missing Meter Read,Medium,2024-04-03,,In Review
EXC00000568,BILL00007103,ACCT000592,CUST000592,2024-11,Residential,PLACER,Missing Meter Read,Medium,2024-12-03,2024-12-13,Resolved
EXC00000569,BILL00007169,ACCT000598,CUST000598,2024-05,Residential,FRESNO,Missing Meter Read,Medium,2024-06-03,2024-06-13,Resolved
EXC00000570,BILL00007172,ACCT000598,CUST000598,2024-08,Residential,FRESNO,Missing Meter Read,Medium,2024-09-03,2024-09-06,Resolved
EXC00000571,BILL00007203,ACCT000601,CUST000601,2024-03,Residential,ALAMEDA,Missing Meter Read,Medium,2024-04-03,,Open
EXC00000572,BILL00007233,ACCT000603,CUST000603,2024-09,Residential,SANTA CLARA,Missing Meter Read,Medium,2024-10-03,2024-10-16,Resolved
EXC00000573,BILL00007254,ACCT000605,CUST000605,2024-06,Residential,CONTRA COSTA,Invalid Meter Read,High,2024-07-03,2024-07-12,Resolved
EXC00000574,BILL00007290,ACCT000608,CUST000608,2024-06,Residential,SONOMA,Invalid Meter Read,High,2024-07-03,,In Review
EXC00000575,BILL00007293,ACCT000608,CUST000608,2024-09,Residential,SONOMA,Invalid Meter Read,High,2024-10-03,,In Review
EXC00000576,BILL00007345,ACCT000613,CUST000613,2024-01,Residential,SAN JOAQUIN,Invalid Meter Read,High,2024-02-03,,Open
EXC00000577,BILL00007449,ACCT000621,CUST000621,2024-09,Residential,SANTA CLARA,Invalid Meter Read,High,2024-10-03,,Open
EXC00000578,BILL00007458,ACCT000622,CUST000622,2024-06,Residential,CALAVERAS,Missing Meter Read,Medium,2024-07-03,,Open
EXC00000579,BILL00007464,ACCT000622,CUST000622,2024-12,Residential,CALAVERAS,Invalid Meter Read,High,2025-01-03,,In Review
EXC00000580,BILL00007482,ACCT000624,CUST000624,2024-06,Residential,MADERA,Invalid Meter Read,High,2024-07-03,,In Review
EXC00000581,BILL00007489,ACCT000625,CUST000625,2024-01,Residential,CONTRA COSTA,Inactive Account,High,2024-02-03,2024-02-10,Resolved
EXC00000582,BILL00007490,ACCT000625,CUST000625,2024-02,Residential,CONTRA COSTA,Inactive Account,High,2024-03-03,,Open
EXC00000583,BILL00007491,ACCT000625,CUST000625,2024-03,Residential,CONTRA COSTA,Inactive Account,High,2024-04-03,,Open
EXC00000584,BILL00007492,ACCT000625,CUST000625,2024-04,Residential,CONTRA COSTA,Inactive Account,High,2024-05-03,2024-05-15,Resolved
EXC00000585,BILL00007493,ACCT000625,CUST000625,2024-05,Residential,CONTRA COSTA,Inactive Account,High,2024-06-03,2024-06-10,Resolved
EXC00000586,BILL00007494,ACCT000625,CUST000625,2024-06,Residential,CONTRA COSTA,Inactive Account,High,2024-07-03,,In Review
EXC00000587,BILL00007495,ACCT000625,CUST000625,2024-07,Residential,CONTRA COSTA,Inactive Account,High,2024-08-03,,Open
EXC00000588,BILL00007496,ACCT000625,CUST000625,2024-08,Residential,CONTRA COSTA,Inactive Account,High,2024-09-03,2024-09-14,Resolved
EXC00000589,BILL00007497,ACCT000625,CUST000625,2024-09,Residential,CONTRA COSTA,Inactive Account,High,2024-10-03,,Open
EXC00000590,BILL00007498,ACCT000625,CUST000625,2024-10,Residential,CONTRA COSTA,Inactive Account,High,2024-11-03,,In Review
EXC00000591,BILL00007499,ACCT000625,CUST000625,2024-11,Residential,CONTRA COSTA,Inactive Account,High,2024-12-03,2024-12-06,Resolved
EXC00000592,BILL00007500,ACCT000625,CUST000625,2024-12,Residential,CONTRA COSTA,Inactive Account,High,2025-01-03,2025-01-15,Resolved
EXC00000593,BILL00007537,ACCT000629,CUST000629,2024-01,Residential,SAN FRANCISCO,Missing Meter Read,Medium,2024-02-03,2024-02-17,Resolved
EXC00000594,BILL00007556,ACCT000630,CUST000630,2024-08,Residential,SANTA CLARA,Missing Meter Read,Medium,2024-09-03,2024-09-06,Resolved
EXC00000595,BILL00007557,ACCT000630,CUST000630,2024-09,Residential,SANTA CLARA,Missing Meter Read,Medium,2024-10-03,2024-10-06,Resolved
EXC00000596,BILL00007578,ACCT000632,CUST000632,2024-06,Commercial,SAN FRANCISCO,Invalid Meter Read,High,2024-07-03,2024-07-08,Resolved
EXC00000597,BILL00007604,ACCT000634,CUST000634,2024-08,Residential,SANTA CLARA,Missing Meter Read,Medium,2024-09-03,,In Review
EXC00000598,BILL00007621,ACCT000636,CUST000636,2024-01,Residential,CONTRA COSTA,Inactive Account,High,2024-02-03,,Open
EXC00000599,BILL00007622,ACCT000636,CUST000636,2024-02,Residential,CONTRA COSTA,Inactive Account,High,2024-03-03,2024-03-05,Resolved
EXC00000600,BILL00007623,ACCT000636,CUST000636,2024-03,Residential,CONTRA COSTA,Inactive Account,High,2024-04-03,2024-04-06,Resolved
EXC00000601,BILL00007624,ACCT000636,CUST000636,2024-04,Residential,CONTRA COSTA,Inactive Account,High,2024-05-03,2024-05-17,Resolved
EXC00000602,BILL00007625,ACCT000636,CUST000636,2024-05,Residential,CONTRA COSTA,Inactive Account,High,2024-06-03,2024-06-16,Resolved
EXC00000603,BILL00007626,ACCT000636,CUST000636,2024-06,Residential,CONTRA COSTA,Inactive Account,High,2024-07-03,,Open
EXC00000604,BILL00007627,ACCT000636,CUST000636,2024-07,Residential,CONTRA COSTA,Inactive Account,High,2024-08-03,,Open
EXC00000605,BILL00007628,ACCT000636,CUST000636,2024-08,Residential,CONTRA COSTA,Inactive Account,High,2024-09-03,2024-09-08,Resolved
EXC00000606,BILL00007629,ACCT000636,CUST000636,2024-09,Residential,CONTRA COSTA,Inactive Account,High,2024-10-03,,Open
EXC00000607,BILL00007630,ACCT000636,CUST000636,2024-10,Residential,CONTRA COSTA,Inactive Account,High,2024-11-03,2024-11-07,Resolved
EXC00000608,BILL00007631,ACCT000636,CUST000636,2024-11,Residential,CONTRA COSTA,Inactive Account,High,2024-12-03,,In Review
EXC00000609,BILL00007632,ACCT000636,CUST000636,2024-12,Residential,CONTRA COSTA,Inactive Account,High,2025-01-03,2025-01-13,Resolved
EXC00000610,BILL00007658,ACCT000639,CUST000639,2024-02,Residential,CONTRA COSTA,Missing Meter Read,Medium,2024-03-03,,Open
EXC00000611,BILL00007717,ACCT000644,CUST000644,2024-01,Residential,SAN MATEO,Inactive Account,High,2024-02-03,2024-02-04,Resolved
EXC00000612,BILL00007718,ACCT000644,CUST000644,2024-02,Residential,SAN MATEO,Inactive Account,High,2024-03-03,,In Review
EXC00000613,BILL00007719,ACCT000644,CUST000644,2024-03,Residential,SAN MATEO,Inactive Account,High,2024-04-03,2024-04-14,Resolved
EXC00000614,BILL00007720,ACCT000644,CUST000644,2024-04,Residential,SAN MATEO,Inactive Account,High,2024-05-03,,Open
EXC00000615,BILL00007721,ACCT000644,CUST000644,2024-05,Residential,SAN MATEO,Inactive Account,High,2024-06-03,,Open
EXC00000616,BILL00007722,ACCT000644,CUST000644,2024-06,Residential,SAN MATEO,Inactive Account,High,2024-07-03,,Open
EXC00000617,BILL00007723,ACCT000644,CUST000644,2024-07,Residential,SAN MATEO,Inactive Account,High,2024-08-03,,In Review
EXC00000618,BILL00007724,ACCT000644,CUST000644,2024-08,Residential,SAN MATEO,Inactive Account,High,2024-09-03,2024-09-16,Resolved
EXC00000619,BILL00007725,ACCT000644,CUST000644,2024-09,Residential,SAN MATEO,Inactive Account,High,2024-10-03,2024-10-07,Resolved
EXC00000620,BILL00007726,ACCT000644,CUST000644,2024-10,Residential,SAN MATEO,Inactive Account,High,2024-11-03,2024-11-09,Resolved
EXC00000621,BILL00007727,ACCT000644,CUST000644,2024-11,Residential,SAN MATEO,Inactive Account,High,2024-12-03,2024-12-04,Resolved
EXC00000622,BILL00007728,ACCT000644,CUST000644,2024-12,Residential,SAN MATEO,Inactive Account,High,2025-01-03,,Open
EXC00000623,BILL00007745,ACCT000646,CUST000646,2024-05,Commercial,ALAMEDA,Missing Meter Read,Medium,2024-06-03,,Open
EXC00000624,BILL00007756,ACCT000647,CUST000647,2024-04,Residential,CONTRA COSTA,Invalid Meter Read,High,2024-05-03,,Open
EXC00000625,BILL00007770,ACCT000648,CUST000648,2024-06,Residential,SOLANO,Missing Meter Read,Medium,2024-07-03,,Open
EXC00000626,BILL00007771,ACCT000648,CUST000648,2024-07,Residential,SOLANO,Missing Meter Read,Medium,2024-08-03,,Open
EXC00000627,BILL00007777,ACCT000649,CUST000649,2024-01,Residential,SANTA CRUZ,Inactive Account,High,2024-02-03,,In Review
EXC00000628,BILL00007778,ACCT000649,CUST000649,2024-02,Residential,SANTA CRUZ,Inactive Account,High,2024-03-03,,Open
EXC00000629,BILL00007779,ACCT000649,CUST000649,2024-03,Residential,SANTA CRUZ,Inactive Account,High,2024-04-03,,Open
EXC00000630,BILL00007780,ACCT000649,CUST000649,2024-04,Residential,SANTA CRUZ,Inactive Account,High,2024-05-03,,In Review
EXC00000631,BILL00007781,ACCT000649,CUST000649,2024-05,Residential,SANTA CRUZ,Inactive Account,High,2024-06-03,,In Review
EXC00000632,BILL00007782,ACCT000649,CUST000649,2024-06,Residential,SANTA CRUZ,Inactive Account,High,2024-07-03,,Open
EXC00000633,BILL00007783,ACCT000649,CUST000649,2024-07,Residential,SANTA CRUZ,Inactive Account,High,2024-08-03,2024-08-09,Resolved
EXC00000634,BILL00007784,ACCT000649,CUST000649,2024-08,Residential,SANTA CRUZ,Inactive Account,High,2024-09-03,2024-09-04,Resolved
EXC00000635,BILL00007785,ACCT000649,CUST000649,2024-09,Residential,SANTA CRUZ,Inactive Account,High,2024-10-03,,Open
EXC00000636,BILL00007786,ACCT000649,CUST000649,2024-10,Residential,SANTA CRUZ,Inactive Account,High,2024-11-03,2024-11-10,Resolved
EXC00000637,BILL00007787,ACCT000649,CUST000649,2024-11,Residential,SANTA CRUZ,Inactive Account,High,2024-12-03,2024-12-16,Resolved
EXC00000638,BILL00007788,ACCT000649,CUST000649,2024-12,Residential,SANTA CRUZ,Inactive Account,High,2025-01-03,2025-01-12,Resolved
EXC00000639,BILL00007814,ACCT000652,CUST000652,2024-02,Residential,FRESNO,Missing Meter Read,Medium,2024-03-03,2024-03-15,Resolved
EXC00000640,BILL00007871,ACCT000656,CUST000656,2024-11,Residential,SANTA CLARA,Missing Meter Read,Medium,2024-12-03,,In Review
EXC00000641,BILL00007937,ACCT000662,CUST000662,2024-05,"Transportation, Communications, & Utilities",SANTA CLARA,Missing Meter Read,Medium,2024-06-03,,Open
EXC00000642,BILL00008047,ACCT000671,CUST000671,2024-07,Residential,BUTTE,Missing Meter Read,Medium,2024-08-03,2024-08-15,Resolved
EXC00000643,BILL00008063,ACCT000672,CUST000672,2024-11,Commercial,ALAMEDA,Missing Meter Read,Medium,2024-12-03,2024-12-08,Resolved
EXC00000644,BILL00008066,ACCT000673,CUST000673,2024-02,Residential,SANTA BARBARA,Missing Meter Read,Medium,2024-03-03,,In Review
EXC00000645,BILL00008072,ACCT000673,CUST000673,2024-08,Residential,SANTA BARBARA,Invalid Meter Read,High,2024-09-03,2024-09-13,Resolved
EXC00000646,BILL00008091,ACCT000675,CUST000675,2024-03,Residential,LAKE,Missing Meter Read,Medium,2024-04-03,2024-04-08,Resolved
EXC00000647,BILL00008104,ACCT000676,CUST000676,2024-04,"Transportation, Communications, & Utilities",CONTRA COSTA,Missing Meter Read,Medium,2024-05-03,,Open
EXC00000648,BILL00008173,ACCT000682,CUST000682,2024-01,Residential,KERN,Inactive Account,High,2024-02-03,,Open
EXC00000649,BILL00008174,ACCT000682,CUST000682,2024-02,Residential,KERN,Inactive Account,High,2024-03-03,,In Review
EXC00000650,BILL00008175,ACCT000682,CUST000682,2024-03,Residential,KERN,Inactive Account,High,2024-04-03,2024-04-12,Resolved
EXC00000651,BILL00008176,ACCT000682,CUST000682,2024-04,Residential,KERN,Inactive Account,High,2024-05-03,2024-05-16,Resolved
EXC00000652,BILL00008177,ACCT000682,CUST000682,2024-05,Residential,KERN,Inactive Account,High,2024-06-03,2024-06-11,Resolved
EXC00000653,BILL00008178,ACCT000682,CUST000682,2024-06,Residential,KERN,Inactive Account,High,2024-07-03,,Open
EXC00000654,BILL00008179,ACCT000682,CUST000682,2024-07,Residential,KERN,Inactive Account,High,2024-08-03,2024-08-06,Resolved
EXC00000655,BILL00008180,ACCT000682,CUST000682,2024-08,Residential,KERN,Inactive Account,High,2024-09-03,2024-09-06,Resolved
EXC00000656,BILL00008181,ACCT000682,CUST000682,2024-09,Residential,KERN,Inactive Account,High,2024-10-03,2024-10-13,Resolved
EXC00000657,BILL00008182,ACCT000682,CUST000682,2024-10,Residential,KERN,Inactive Account,High,2024-11-03,2024-11-09,Resolved
EXC00000658,BILL00008183,ACCT000682,CUST000682,2024-11,Residential,KERN,Inactive Account,High,2024-12-03,,In Review
EXC00000659,BILL00008184,ACCT000682,CUST000682,2024-12,Residential,KERN,Inactive Account,High,2025-01-03,,Open
EXC00000660,BILL00008190,ACCT000683,CUST000683,2024-06,Residential,YOLO,Missing Meter Read,Medium,2024-07-03,2024-07-14,Resolved
EXC00000661,BILL00008197,ACCT000684,CUST000684,2024-01,Residential,SANTA CLARA,Invalid Meter Read,High,2024-02-03,2024-02-09,Resolved
EXC00000662,BILL00008210,ACCT000685,CUST000685,2024-02,Industrial,SANTA CLARA,Missing Meter Read,Medium,2024-03-03,2024-03-09,Resolved
EXC00000663,BILL00008262,ACCT000689,CUST000689,2024-06,Residential,SANTA CLARA,Missing Meter Read,Medium,2024-07-03,,In Review
EXC00000664,BILL00008265,ACCT000689,CUST000689,2024-09,Residential,SANTA CLARA,Missing Meter Read,Medium,2024-10-03,,Open
EXC00000665,BILL00008305,ACCT000693,CUST000693,2024-01,Residential,FRESNO,Inactive Account,High,2024-02-03,2024-02-06,Resolved
EXC00000666,BILL00008306,ACCT000693,CUST000693,2024-02,Residential,FRESNO,Inactive Account,High,2024-03-03,,In Review
EXC00000667,BILL00008307,ACCT000693,CUST000693,2024-03,Residential,FRESNO,Inactive Account,High,2024-04-03,,Open
EXC00000668,BILL00008308,ACCT000693,CUST000693,2024-04,Residential,FRESNO,Inactive Account,High,2024-05-03,,In Review
EXC00000669,BILL00008309,ACCT000693,CUST000693,2024-05,Residential,FRESNO,Inactive Account,High,2024-06-03,,In Review
EXC00000670,BILL00008310,ACCT000693,CUST000693,2024-06,Residential,FRESNO,Inactive Account,High,2024-07-03,2024-07-07,Resolved
EXC00000671,BILL00008311,ACCT000693,CUST000693,2024-07,Residential,FRESNO,Inactive Account,High,2024-08-03,2024-08-08,Resolved
EXC00000672,BILL00008312,ACCT000693,CUST000693,2024-08,Residential,FRESNO,Inactive Account,High,2024-09-03,,In Review
EXC00000673,BILL00008313,ACCT000693,CUST000693,2024-09,Residential,FRESNO,Inactive Account,High,2024-10-03,2024-10-10,Resolved
EXC00000674,BILL00008314,ACCT000693,CUST000693,2024-10,Residential,FRESNO,Inactive Account,High,2024-11-03,2024-11-06,Resolved
EXC00000675,BILL00008315,ACCT000693,CUST000693,2024-11,Residential,FRESNO,Inactive Account,High,2024-12-03,,Open
EXC00000676,BILL00008316,ACCT000693,CUST000693,2024-12,Residential,FRESNO,Inactive Account,High,2025-01-03,,In Review
EXC00000677,BILL00008319,ACCT000694,CUST000694,2024-03,Residential,SAN LUIS OBISPO,Missing Meter Read,Medium,2024-04-03,2024-04-06,Resolved
EXC00000678,BILL00008322,ACCT000694,CUST000694,2024-06,Residential,SAN LUIS OBISPO,Missing Meter Read,Medium,2024-07-03,2024-07-12,Resolved
EXC00000679,BILL00008343,ACCT000696,CUST000696,2024-03,Residential,ALAMEDA,Invalid Meter Read,High,2024-04-03,,Open
EXC00000680,BILL00008350,ACCT000696,CUST000696,2024-10,Residential,ALAMEDA,Invalid Meter Read,High,2024-11-03,,Open
EXC00000681,BILL00008353,ACCT000697,CUST000697,2024-01,Residential,KERN,Inactive Account,High,2024-02-03,2024-02-09,Resolved
EXC00000682,BILL00008354,ACCT000697,CUST000697,2024-02,Residential,KERN,Inactive Account,High,2024-03-03,2024-03-16,Resolved
EXC00000683,BILL00008355,ACCT000697,CUST000697,2024-03,Residential,KERN,Inactive Account,High,2024-04-03,,Open
EXC00000684,BILL00008356,ACCT000697,CUST000697,2024-04,Residential,KERN,Inactive Account,High,2024-05-03,,In Review
EXC00000685,BILL00008357,ACCT000697,CUST000697,2024-05,Residential,KERN,Inactive Account,High,2024-06-03,,Open
EXC00000686,BILL00008358,ACCT000697,CUST000697,2024-06,Residential,KERN,Inactive Account,High,2024-07-03,2024-07-17,Resolved
EXC00000687,BILL00008359,ACCT000697,CUST000697,2024-07,Residential,KERN,Inactive Account,High,2024-08-03,,Open
EXC00000688,BILL00008360,ACCT000697,CUST000697,2024-08,Residential,KERN,Inactive Account,High,2024-09-03,,Open
EXC00000689,BILL00008361,ACCT000697,CUST000697,2024-09,Residential,KERN,Inactive Account,High,2024-10-03,,Open
EXC00000690,BILL00008362,ACCT000697,CUST000697,2024-10,Residential,KERN,Inactive Account,High,2024-11-03,2024-11-05,Resolved
EXC00000691,BILL00008363,ACCT000697,CUST000697,2024-11,Residential,KERN,Inactive Account,High,2024-12-03,,In Review
EXC00000692,BILL00008364,ACCT000697,CUST000697,2024-12,Residential,KERN,Inactive Account,High,2025-01-03,2025-01-07,Resolved
EXC00000693,BILL00008437,ACCT000704,CUST000704,2024-01,Residential,ALAMEDA,Inactive Account,High,2024-02-03,2024-02-07,Resolved
EXC00000694,BILL00008438,ACCT000704,CUST000704,2024-02,Residential,ALAMEDA,Inactive Account,High,2024-03-03,2024-03-12,Resolved
EXC00000695,BILL00008439,ACCT000704,CUST000704,2024-03,Residential,ALAMEDA,Inactive Account,High,2024-04-03,,Open
EXC00000696,BILL00008440,ACCT000704,CUST000704,2024-04,Residential,ALAMEDA,Inactive Account,High,2024-05-03,,Open
EXC00000697,BILL00008441,ACCT000704,CUST000704,2024-05,Residential,ALAMEDA,Inactive Account,High,2024-06-03,,In Review
EXC00000698,BILL00008442,ACCT000704,CUST000704,2024-06,Residential,ALAMEDA,Inactive Account,High,2024-07-03,2024-07-04,Resolved
EXC00000699,BILL00008443,ACCT000704,CUST000704,2024-07,Residential,ALAMEDA,Inactive Account,High,2024-08-03,2024-08-07,Resolved
EXC00000700,BILL00008444,ACCT000704,CUST000704,2024-08,Residential,ALAMEDA,Inactive Account,High,2024-09-03,,Open
EXC00000701,BILL00008445,ACCT000704,CUST000704,2024-09,Residential,ALAMEDA,Inactive Account,High,2024-10-03,,In Review
EXC00000702,BILL00008446,ACCT000704,CUST000704,2024-10,Residential,ALAMEDA,Inactive Account,High,2024-11-03,,Open
EXC00000703,BILL00008447,ACCT000704,CUST000704,2024-11,Residential,ALAMEDA,Inactive Account,High,2024-12-03,2024-12-04,Resolved
EXC00000704,BILL00008448,ACCT000704,CUST000704,2024-12,Residential,ALAMEDA,Inactive Account,High,2025-01-03,2025-01-07,Resolved
EXC00000705,BILL00008452,ACCT000705,CUST000705,2024-04,Residential,YOLO,Missing Meter Read,Medium,2024-05-03,,In Review
EXC00000706,BILL00008455,ACCT000705,CUST000705,2024-07,Residential,YOLO,Missing Meter Read,Medium,2024-08-03,2024-08-08,Resolved
EXC00000707,BILL00008486,ACCT000708,CUST000708,2024-02,Commercial,SANTA CLARA,Invalid Meter Read,High,2024-03-03,,Open
EXC00000708,BILL00008510,ACCT000710,CUST000710,2024-02,Residential,SONOMA,Missing Meter Read,Medium,2024-03-03,,Open
EXC00000709,BILL00008518,ACCT000710,CUST000710,2024-10,Residential,SONOMA,Invalid Meter Read,High,2024-11-03,,Open
EXC00000710,BILL00008536,ACCT000712,CUST000712,2024-04,Residential,KINGS,Missing Meter Read,Medium,2024-05-03,2024-05-16,Resolved
EXC00000711,BILL00008545,ACCT000713,CUST000713,2024-01,Residential,KERN,Inactive Account,High,2024-02-03,,Open
EXC00000712,BILL00008546,ACCT000713,CUST000713,2024-02,Residential,KERN,Inactive Account,High,2024-03-03,2024-03-13,Resolved
EXC00000713,BILL00008547,ACCT000713,CUST000713,2024-03,Residential,KERN,Inactive Account,High,2024-04-03,2024-04-09,Resolved
EXC00000714,BILL00008548,ACCT000713,CUST000713,2024-04,Residential,KERN,Inactive Account,High,2024-05-03,2024-05-14,Resolved
EXC00000715,BILL00008549,ACCT000713,CUST000713,2024-05,Residential,KERN,Inactive Account,High,2024-06-03,,Open
EXC00000716,BILL00008550,ACCT000713,CUST000713,2024-06,Residential,KERN,Inactive Account,High,2024-07-03,2024-07-10,Resolved
EXC00000717,BILL00008551,ACCT000713,CUST000713,2024-07,Residential,KERN,Inactive Account,High,2024-08-03,2024-08-10,Resolved
EXC00000718,BILL00008552,ACCT000713,CUST000713,2024-08,Residential,KERN,Inactive Account,High,2024-09-03,,Open
EXC00000719,BILL00008553,ACCT000713,CUST000713,2024-09,Residential,KERN,Inactive Account,High,2024-10-03,,Open
EXC00000720,BILL00008554,ACCT000713,CUST000713,2024-10,Residential,KERN,Inactive Account,High,2024-11-03,2024-11-11,Resolved
EXC00000721,BILL00008555,ACCT000713,CUST000713,2024-11,Residential,KERN,Inactive Account,High,2024-12-03,2024-12-10,Resolved
EXC00000722,BILL00008556,ACCT000713,CUST000713,2024-12,Residential,KERN,Inactive Account,High,2025-01-03,,Open
EXC00000723,BILL00008569,ACCT000715,CUST000715,2024-01,Residential,FRESNO,Inactive Account,High,2024-02-03,,Open
EXC00000724,BILL00008570,ACCT000715,CUST000715,2024-02,Residential,FRESNO,Inactive Account,High,2024-03-03,,Open
EXC00000725,BILL00008571,ACCT000715,CUST000715,2024-03,Residential,FRESNO,Inactive Account,High,2024-04-03,2024-04-06,Resolved
EXC00000726,BILL00008572,ACCT000715,CUST000715,2024-04,Residential,FRESNO,Inactive Account,High,2024-05-03,,Open
EXC00000727,BILL00008573,ACCT000715,CUST000715,2024-05,Residential,FRESNO,Inactive Account,High,2024-06-03,,In Review
EXC00000728,BILL00008574,ACCT000715,CUST000715,2024-06,Residential,FRESNO,Inactive Account,High,2024-07-03,,In Review
EXC00000729,BILL00008575,ACCT000715,CUST000715,2024-07,Residential,FRESNO,Inactive Account,High,2024-08-03,2024-08-04,Resolved
EXC00000730,BILL00008576,ACCT000715,CUST000715,2024-08,Residential,FRESNO,Inactive Account,High,2024-09-03,,Open
EXC00000731,BILL00008577,ACCT000715,CUST000715,2024-09,Residential,FRESNO,Inactive Account,High,2024-10-03,2024-10-05,Resolved
EXC00000732,BILL00008578,ACCT000715,CUST000715,2024-10,Residential,FRESNO,Inactive Account,High,2024-11-03,2024-11-05,Resolved
EXC00000733,BILL00008579,ACCT000715,CUST000715,2024-11,Residential,FRESNO,Inactive Account,High,2024-12-03,2024-12-08,Resolved
EXC00000734,BILL00008580,ACCT000715,CUST000715,2024-12,Residential,FRESNO,Inactive Account,High,2025-01-03,,In Review
EXC00000735,BILL00008606,ACCT000718,CUST000718,2024-02,Agriculture And Water Pumping,ALAMEDA,Missing Meter Read,Medium,2024-03-03,2024-03-04,Resolved
EXC00000736,BILL00008669,ACCT000723,CUST000723,2024-05,Residential,MERCED,Invalid Meter Read,High,2024-06-03,2024-06-17,Resolved
EXC00000737,BILL00008680,ACCT000724,CUST000724,2024-04,Residential,SANTA CLARA,Missing Meter Read,Medium,2024-05-03,2024-05-15,Resolved
EXC00000738,BILL00008693,ACCT000725,CUST000725,2024-05,Residential,SANTA CLARA,Missing Meter Read,Medium,2024-06-03,2024-06-17,Resolved
EXC00000739,BILL00008704,ACCT000726,CUST000726,2024-04,Commercial,SANTA BARBARA,Missing Meter Read,Medium,2024-05-03,2024-05-17,Resolved
EXC00000740,BILL00008720,ACCT000727,CUST000727,2024-08,Residential,SANTA CLARA,Missing Meter Read,Medium,2024-09-03,,In Review
EXC00000741,BILL00008725,ACCT000728,CUST000728,2024-01,Commercial,SANTA CLARA,Missing Meter Read,Medium,2024-02-03,2024-02-07,Resolved
EXC00000742,BILL00008745,ACCT000729,CUST000729,2024-09,Residential,SANTA CLARA,Missing Meter Read,Medium,2024-10-03,,Open
EXC00000743,BILL00008767,ACCT000731,CUST000731,2024-07,Residential,SAN JOAQUIN,Invalid Meter Read,High,2024-08-03,,Open
EXC00000744,BILL00008795,ACCT000733,CUST000733,2024-11,Residential,FRESNO,Missing Meter Read,Medium,2024-12-03,2024-12-17,Resolved
EXC00000745,BILL00008876,ACCT000740,CUST000740,2024-08,Residential,KERN,Missing Meter Read,Medium,2024-09-03,,In Review
EXC00000746,BILL00008959,ACCT000747,CUST000747,2024-07,Residential,FRESNO,Invalid Meter Read,High,2024-08-03,2024-08-06,Resolved
EXC00000747,BILL00009044,ACCT000754,CUST000754,2024-08,Residential,MERCED,Missing Meter Read,Medium,2024-09-03,2024-09-10,Resolved
EXC00000748,BILL00009096,ACCT000758,CUST000758,2024-12,Residential,KERN,Invalid Meter Read,High,2025-01-03,2025-01-11,Resolved
EXC00000749,BILL00009152,ACCT000763,CUST000763,2024-08,Residential,SUTTER,Missing Meter Read,Medium,2024-09-03,,Open
EXC00000750,BILL00009166,ACCT000764,CUST000764,2024-10,Residential,SANTA CLARA,Invalid Meter Read,High,2024-11-03,,Open
EXC00000751,BILL00009170,ACCT000765,CUST000765,2024-02,Residential,MONTEREY,Missing Meter Read,Medium,2024-03-03,2024-03-17,Resolved
EXC00000752,BILL00009174,ACCT000765,CUST000765,2024-06,Residential,MONTEREY,Invalid Meter Read,High,2024-07-03,2024-07-08,Resolved
EXC00000753,BILL00009175,ACCT000765,CUST000765,2024-07,Residential,MONTEREY,Invalid Meter Read,High,2024-08-03,2024-08-17,Resolved
EXC00000754,BILL00009198,ACCT000767,CUST000767,2024-06,Residential,ALAMEDA,Missing Meter Read,Medium,2024-07-03,,Open
EXC00000755,BILL00009219,ACCT000769,CUST000769,2024-03,Residential,ALAMEDA,Missing Meter Read,Medium,2024-04-03,,In Review
EXC00000756,BILL00009222,ACCT000769,CUST000769,2024-06,Residential,ALAMEDA,Missing Meter Read,Medium,2024-07-03,,Open
EXC00000757,BILL00009269,ACCT000773,CUST000773,2024-05,Residential,ALAMEDA,Invalid Meter Read,High,2024-06-03,2024-06-16,Resolved
EXC00000758,BILL00009330,ACCT000778,CUST000778,2024-06,Residential,SANTA CLARA,Missing Meter Read,Medium,2024-07-03,2024-07-10,Resolved
EXC00000759,BILL00009361,ACCT000781,CUST000781,2024-01,Residential,SANTA BARBARA,Inactive Account,High,2024-02-03,2024-02-14,Resolved
EXC00000760,BILL00009362,ACCT000781,CUST000781,2024-02,Residential,SANTA BARBARA,Inactive Account,High,2024-03-03,2024-03-09,Resolved
EXC00000761,BILL00009363,ACCT000781,CUST000781,2024-03,Residential,SANTA BARBARA,Inactive Account,High,2024-04-03,,In Review
EXC00000762,BILL00009364,ACCT000781,CUST000781,2024-04,Residential,SANTA BARBARA,Inactive Account,High,2024-05-03,2024-05-13,Resolved
EXC00000763,BILL00009365,ACCT000781,CUST000781,2024-05,Residential,SANTA BARBARA,Inactive Account,High,2024-06-03,2024-06-15,Resolved
EXC00000764,BILL00009366,ACCT000781,CUST000781,2024-06,Residential,SANTA BARBARA,Inactive Account,High,2024-07-03,2024-07-04,Resolved
EXC00000765,BILL00009367,ACCT000781,CUST000781,2024-07,Residential,SANTA BARBARA,Inactive Account,High,2024-08-03,2024-08-08,Resolved
EXC00000766,BILL00009368,ACCT000781,CUST000781,2024-08,Residential,SANTA BARBARA,Inactive Account,High,2024-09-03,,In Review
EXC00000767,BILL00009369,ACCT000781,CUST000781,2024-09,Residential,SANTA BARBARA,Inactive Account,High,2024-10-03,2024-10-08,Resolved
EXC00000768,BILL00009370,ACCT000781,CUST000781,2024-10,Residential,SANTA BARBARA,Inactive Account,High,2024-11-03,2024-11-13,Resolved
EXC00000769,BILL00009371,ACCT000781,CUST000781,2024-11,Residential,SANTA BARBARA,Inactive Account,High,2024-12-03,2024-12-12,Resolved
EXC00000770,BILL00009372,ACCT000781,CUST000781,2024-12,Residential,SANTA BARBARA,Inactive Account,High,2025-01-03,2025-01-14,Resolved
EXC00000771,BILL00009474,ACCT000790,CUST000790,2024-06,Industrial,SANTA CLARA,Invalid Meter Read,High,2024-07-03,,In Review
EXC00000772,BILL00009505,ACCT000793,CUST000793,2024-01,Residential,KINGS,Missing Meter Read,Medium,2024-02-03,2024-02-06,Resolved
EXC00000773,BILL00009553,ACCT000797,CUST000797,2024-01,Industrial,SANTA CLARA,Missing Meter Read,Medium,2024-02-03,,In Review
EXC00000774,BILL00009599,ACCT000800,CUST000800,2024-11,Commercial,SANTA CLARA,Missing Meter Read,Medium,2024-12-03,2024-12-12,Resolved
EXC00000775,BILL00009632,ACCT000803,CUST000803,2024-08,Residential,ALAMEDA,Missing Meter Read,Medium,2024-09-03,2024-09-07,Resolved
EXC00000776,BILL00009637,ACCT000804,CUST000804,2024-01,Residential,SAN JOAQUIN,Inactive Account,High,2024-02-03,2024-02-06,Resolved
EXC00000777,BILL00009638,ACCT000804,CUST000804,2024-02,Residential,SAN JOAQUIN,Inactive Account,High,2024-03-03,,Open
EXC00000778,BILL00009639,ACCT000804,CUST000804,2024-03,Residential,SAN JOAQUIN,Inactive Account,High,2024-04-03,2024-04-10,Resolved
EXC00000779,BILL00009640,ACCT000804,CUST000804,2024-04,Residential,SAN JOAQUIN,Inactive Account,High,2024-05-03,,In Review
EXC00000780,BILL00009641,ACCT000804,CUST000804,2024-05,Residential,SAN JOAQUIN,Inactive Account,High,2024-06-03,,Open
EXC00000781,BILL00009642,ACCT000804,CUST000804,2024-06,Residential,SAN JOAQUIN,Inactive Account,High,2024-07-03,,Open
EXC00000782,BILL00009643,ACCT000804,CUST000804,2024-07,Residential,SAN JOAQUIN,Inactive Account,High,2024-08-03,2024-08-05,Resolved
EXC00000783,BILL00009644,ACCT000804,CUST000804,2024-08,Residential,SAN JOAQUIN,Inactive Account,High,2024-09-03,2024-09-13,Resolved
EXC00000784,BILL00009645,ACCT000804,CUST000804,2024-09,Residential,SAN JOAQUIN,Inactive Account,High,2024-10-03,,In Review
EXC00000785,BILL00009646,ACCT000804,CUST000804,2024-10,Residential,SAN JOAQUIN,Inactive Account,High,2024-11-03,2024-11-16,Resolved
EXC00000786,BILL00009647,ACCT000804,CUST000804,2024-11,Residential,SAN JOAQUIN,Inactive Account,High,2024-12-03,,Open
EXC00000787,BILL00009648,ACCT000804,CUST000804,2024-12,Residential,SAN JOAQUIN,Inactive Account,High,2025-01-03,2025-01-16,Resolved
EXC00000788,BILL00009649,ACCT000805,CUST000805,2024-01,Residential,MARIN,Inactive Account,High,2024-02-03,,In Review
EXC00000789,BILL00009650,ACCT000805,CUST000805,2024-02,Residential,MARIN,Inactive Account,High,2024-03-03,2024-03-04,Resolved
EXC00000790,BILL00009651,ACCT000805,CUST000805,2024-03,Residential,MARIN,Inactive Account,High,2024-04-03,2024-04-16,Resolved
EXC00000791,BILL00009652,ACCT000805,CUST000805,2024-04,Residential,MARIN,Inactive Account,High,2024-05-03,2024-05-16,Resolved
EXC00000792,BILL00009653,ACCT000805,CUST000805,2024-05,Residential,MARIN,Inactive Account,High,2024-06-03,2024-06-16,Resolved
EXC00000793,BILL00009654,ACCT000805,CUST000805,2024-06,Residential,MARIN,Inactive Account,High,2024-07-03,2024-07-10,Resolved
EXC00000794,BILL00009655,ACCT000805,CUST000805,2024-07,Residential,MARIN,Inactive Account,High,2024-08-03,2024-08-13,Resolved
EXC00000795,BILL00009656,ACCT000805,CUST000805,2024-08,Residential,MARIN,Inactive Account,High,2024-09-03,,Open
EXC00000796,BILL00009657,ACCT000805,CUST000805,2024-09,Residential,MARIN,Inactive Account,High,2024-10-03,,Open
EXC00000797,BILL00009658,ACCT000805,CUST000805,2024-10,Residential,MARIN,Inactive Account,High,2024-11-03,2024-11-15,Resolved
EXC00000798,BILL00009659,ACCT000805,CUST000805,2024-11,Residential,MARIN,Inactive Account,High,2024-12-03,2024-12-15,Resolved
EXC00000799,BILL00009660,ACCT000805,CUST000805,2024-12,Residential,MARIN,Inactive Account,High,2025-01-03,2025-01-14,Resolved
EXC00000800,BILL00009666,ACCT000806,CUST000806,2024-06,Residential,SANTA CLARA,Missing Meter Read,Medium,2024-07-03,2024-07-17,Resolved
EXC00000801,BILL00009741,ACCT000812,CUST000812,2024-09,Commercial,SHASTA,Invalid Meter Read,High,2024-10-03,2024-10-04,Resolved
EXC00000802,BILL00009758,ACCT000814,CUST000814,2024-02,Commercial,ALAMEDA,Invalid Meter Read,High,2024-03-03,,Open
EXC00000803,BILL00009784,ACCT000816,CUST000816,2024-04,Residential,CONTRA COSTA,Missing Meter Read,Medium,2024-05-03,2024-05-05,Resolved
EXC00000804,BILL00009813,ACCT000818,CUST000818,2024-09,Residential,SAN FRANCISCO,Invalid Meter Read,High,2024-10-03,,In Review
EXC00000805,BILL00009843,ACCT000821,CUST000821,2024-03,Commercial,SAN JOAQUIN,Missing Meter Read,Medium,2024-04-03,2024-04-15,Resolved
EXC00000806,BILL00009865,ACCT000823,CUST000823,2024-01,Residential,FRESNO,Inactive Account,High,2024-02-03,2024-02-16,Resolved
EXC00000807,BILL00009866,ACCT000823,CUST000823,2024-02,Residential,FRESNO,Inactive Account,High,2024-03-03,2024-03-16,Resolved
EXC00000808,BILL00009867,ACCT000823,CUST000823,2024-03,Residential,FRESNO,Inactive Account,High,2024-04-03,,Open
EXC00000809,BILL00009868,ACCT000823,CUST000823,2024-04,Residential,FRESNO,Inactive Account,High,2024-05-03,2024-05-11,Resolved
EXC00000810,BILL00009869,ACCT000823,CUST000823,2024-05,Residential,FRESNO,Inactive Account,High,2024-06-03,2024-06-07,Resolved
EXC00000811,BILL00009870,ACCT000823,CUST000823,2024-06,Residential,FRESNO,Inactive Account,High,2024-07-03,2024-07-14,Resolved
EXC00000812,BILL00009871,ACCT000823,CUST000823,2024-07,Residential,FRESNO,Inactive Account,High,2024-08-03,,Open
EXC00000813,BILL00009872,ACCT000823,CUST000823,2024-08,Residential,FRESNO,Inactive Account,High,2024-09-03,,In Review
EXC00000814,BILL00009873,ACCT000823,CUST000823,2024-09,Residential,FRESNO,Inactive Account,High,2024-10-03,2024-10-05,Resolved
EXC00000815,BILL00009874,ACCT000823,CUST000823,2024-10,Residential,FRESNO,Inactive Account,High,2024-11-03,,Open
EXC00000816,BILL00009875,ACCT000823,CUST000823,2024-11,Residential,FRESNO,Inactive Account,High,2024-12-03,2024-12-16,Resolved
EXC00000817,BILL00009876,ACCT000823,CUST000823,2024-12,Residential,FRESNO,Inactive Account,High,2025-01-03,,In Review
EXC00000818,BILL00009904,ACCT000826,CUST000826,2024-04,Commercial,SAN MATEO,Invalid Meter Read,High,2024-05-03,,Open
EXC00000819,BILL00009905,ACCT000826,CUST000826,2024-05,Commercial,SAN MATEO,Invalid Meter Read,High,2024-06-03,,In Review
EXC00000820,BILL00009928,ACCT000828,CUST000828,2024-04,Residential,CONTRA COSTA,Missing Meter Read,Medium,2024-05-03,,Open
EXC00000821,BILL00010021,ACCT000836,CUST000836,2024-01,Residential,SAN LUIS OBISPO,Inactive Account,High,2024-02-03,2024-02-11,Resolved
EXC00000822,BILL00010022,ACCT000836,CUST000836,2024-02,Residential,SAN LUIS OBISPO,Inactive Account,High,2024-03-03,2024-03-05,Resolved
EXC00000823,BILL00010023,ACCT000836,CUST000836,2024-03,Residential,SAN LUIS OBISPO,Inactive Account,High,2024-04-03,,Open
EXC00000824,BILL00010024,ACCT000836,CUST000836,2024-04,Residential,SAN LUIS OBISPO,Inactive Account,High,2024-05-03,2024-05-08,Resolved
EXC00000825,BILL00010025,ACCT000836,CUST000836,2024-05,Residential,SAN LUIS OBISPO,Inactive Account,High,2024-06-03,,In Review
EXC00000826,BILL00010026,ACCT000836,CUST000836,2024-06,Residential,SAN LUIS OBISPO,Inactive Account,High,2024-07-03,2024-07-07,Resolved
EXC00000827,BILL00010027,ACCT000836,CUST000836,2024-07,Residential,SAN LUIS OBISPO,Inactive Account,High,2024-08-03,,Open
EXC00000828,BILL00010028,ACCT000836,CUST000836,2024-08,Residential,SAN LUIS OBISPO,Inactive Account,High,2024-09-03,2024-09-12,Resolved
EXC00000829,BILL00010029,ACCT000836,CUST000836,2024-09,Residential,SAN LUIS OBISPO,Inactive Account,High,2024-10-03,2024-10-17,Resolved
EXC00000830,BILL00010030,ACCT000836,CUST000836,2024-10,Residential,SAN LUIS OBISPO,Inactive Account,High,2024-11-03,2024-11-16,Resolved
EXC00000831,BILL00010031,ACCT000836,CUST000836,2024-11,Residential,SAN LUIS OBISPO,Inactive Account,High,2024-12-03,2024-12-07,Resolved
EXC00000832,BILL00010032,ACCT000836,CUST000836,2024-12,Residential,SAN LUIS OBISPO,Inactive Account,High,2025-01-03,,Open
EXC00000833,BILL00010097,ACCT000842,CUST000842,2024-05,Residential,SANTA CLARA,Missing Meter Read,Medium,2024-06-03,,Open
EXC00000834,BILL00010098,ACCT000842,CUST000842,2024-06,Residential,SANTA CLARA,Missing Meter Read,Medium,2024-07-03,,Open
EXC00000835,BILL00010115,ACCT000843,CUST000843,2024-11,Residential,SANTA CLARA,Missing Meter Read,Medium,2024-12-03,,Open
EXC00000836,BILL00010121,ACCT000844,CUST000844,2024-05,Agriculture And Water Pumping,CONTRA COSTA,Invalid Meter Read,High,2024-06-03,,In Review
EXC00000837,BILL00010160,ACCT000847,CUST000847,2024-08,Residential,SANTA CLARA,Invalid Meter Read,High,2024-09-03,2024-09-12,Resolved
EXC00000838,BILL00010221,ACCT000852,CUST000852,2024-09,Residential,LAKE,Missing Meter Read,Medium,2024-10-03,,In Review
EXC00000839,BILL00010268,ACCT000856,CUST000856,2024-08,Residential,MADERA,Missing Meter Read,Medium,2024-09-03,2024-09-13,Resolved
EXC00000840,BILL00010309,ACCT000860,CUST000860,2024-01,Residential,NEVADA,Missing Meter Read,Medium,2024-02-03,2024-02-12,Resolved
EXC00000841,BILL00010321,ACCT000861,CUST000861,2024-01,Residential,KERN,Inactive Account,High,2024-02-03,2024-02-12,Resolved
EXC00000842,BILL00010322,ACCT000861,CUST000861,2024-02,Residential,KERN,Inactive Account,High,2024-03-03,2024-03-11,Resolved
EXC00000843,BILL00010323,ACCT000861,CUST000861,2024-03,Residential,KERN,Inactive Account,High,2024-04-03,,Open
EXC00000844,BILL00010324,ACCT000861,CUST000861,2024-04,Residential,KERN,Inactive Account,High,2024-05-03,,Open
EXC00000845,BILL00010325,ACCT000861,CUST000861,2024-05,Residential,KERN,Inactive Account,High,2024-06-03,2024-06-06,Resolved
EXC00000846,BILL00010326,ACCT000861,CUST000861,2024-06,Residential,KERN,Inactive Account,High,2024-07-03,,Open
EXC00000847,BILL00010327,ACCT000861,CUST000861,2024-07,Residential,KERN,Inactive Account,High,2024-08-03,2024-08-15,Resolved
EXC00000848,BILL00010328,ACCT000861,CUST000861,2024-08,Residential,KERN,Inactive Account,High,2024-09-03,,Open
EXC00000849,BILL00010329,ACCT000861,CUST000861,2024-09,Residential,KERN,Inactive Account,High,2024-10-03,2024-10-07,Resolved
EXC00000850,BILL00010330,ACCT000861,CUST000861,2024-10,Residential,KERN,Inactive Account,High,2024-11-03,,Open
EXC00000851,BILL00010331,ACCT000861,CUST000861,2024-11,Residential,KERN,Inactive Account,High,2024-12-03,,Open
EXC00000852,BILL00010332,ACCT000861,CUST000861,2024-12,Residential,KERN,Inactive Account,High,2025-01-03,2025-01-06,Resolved
EXC00000853,BILL00010367,ACCT000864,CUST000864,2024-11,Residential,KERN,Missing Meter Read,Medium,2024-12-03,,Open
EXC00000854,BILL00010381,ACCT000866,CUST000866,2024-01,Residential,KERN,Inactive Account,High,2024-02-03,2024-02-17,Resolved
EXC00000855,BILL00010382,ACCT000866,CUST000866,2024-02,Residential,KERN,Inactive Account,High,2024-03-03,2024-03-08,Resolved
EXC00000856,BILL00010383,ACCT000866,CUST000866,2024-03,Residential,KERN,Inactive Account,High,2024-04-03,,Open
EXC00000857,BILL00010384,ACCT000866,CUST000866,2024-04,Residential,KERN,Inactive Account,High,2024-05-03,2024-05-10,Resolved
EXC00000858,BILL00010385,ACCT000866,CUST000866,2024-05,Residential,KERN,Inactive Account,High,2024-06-03,2024-06-12,Resolved
EXC00000859,BILL00010386,ACCT000866,CUST000866,2024-06,Residential,KERN,Inactive Account,High,2024-07-03,,Open
EXC00000860,BILL00010387,ACCT000866,CUST000866,2024-07,Residential,KERN,Inactive Account,High,2024-08-03,2024-08-07,Resolved
EXC00000861,BILL00010388,ACCT000866,CUST000866,2024-08,Residential,KERN,Inactive Account,High,2024-09-03,2024-09-13,Resolved
EXC00000862,BILL00010389,ACCT000866,CUST000866,2024-09,Residential,KERN,Inactive Account,High,2024-10-03,2024-10-15,Resolved
EXC00000863,BILL00010390,ACCT000866,CUST000866,2024-10,Residential,KERN,Inactive Account,High,2024-11-03,2024-11-09,Resolved
EXC00000864,BILL00010391,ACCT000866,CUST000866,2024-11,Residential,KERN,Inactive Account,High,2024-12-03,,Open
EXC00000865,BILL00010392,ACCT000866,CUST000866,2024-12,Residential,KERN,Inactive Account,High,2025-01-03,2025-01-06,Resolved
EXC00000866,BILL00010398,ACCT000867,CUST000867,2024-06,Residential,SOLANO,Invalid Meter Read,High,2024-07-03,2024-07-09,Resolved
EXC00000867,BILL00010427,ACCT000869,CUST000869,2024-11,Commercial,SAN JOAQUIN,Invalid Meter Read,High,2024-12-03,2024-12-05,Resolved
EXC00000868,BILL00010453,ACCT000872,CUST000872,2024-01,Residential,ALAMEDA,Missing Meter Read,Medium,2024-02-03,2024-02-16,Resolved
EXC00000869,BILL00010466,ACCT000873,CUST000873,2024-02,Residential,SANTA CRUZ,Invalid Meter Read,High,2024-03-03,2024-03-14,Resolved
EXC00000870,BILL00010505,ACCT000876,CUST000876,2024-05,Residential,ALAMEDA,Missing Meter Read,Medium,2024-06-03,2024-06-13,Resolved
EXC00000871,BILL00010506,ACCT000876,CUST000876,2024-06,Residential,ALAMEDA,Invalid Meter Read,High,2024-07-03,2024-07-14,Resolved
EXC00000872,BILL00010517,ACCT000877,CUST000877,2024-05,Residential,MONTEREY,Missing Meter Read,Medium,2024-06-03,2024-06-13,Resolved
EXC00000873,BILL00010543,ACCT000879,CUST000879,2024-07,Residential,KERN,Missing Meter Read,Medium,2024-08-03,2024-08-07,Resolved
EXC00000874,BILL00010573,ACCT000882,CUST000882,2024-01,Residential,SANTA CRUZ,Missing Meter Read,Medium,2024-02-03,2024-02-06,Resolved
EXC00000875,BILL00010581,ACCT000882,CUST000882,2024-09,Residential,SANTA CRUZ,Missing Meter Read,Medium,2024-10-03,,Open
EXC00000876,BILL00010613,ACCT000885,CUST000885,2024-05,Commercial,KERN,Invalid Meter Read,High,2024-06-03,2024-06-08,Resolved
EXC00000877,BILL00010622,ACCT000886,CUST000886,2024-02,Residential,KERN,Invalid Meter Read,High,2024-03-03,2024-03-08,Resolved
EXC00000878,BILL00010632,ACCT000886,CUST000886,2024-12,Residential,KERN,Missing Meter Read,Medium,2025-01-03,,In Review
EXC00000879,BILL00010642,ACCT000887,CUST000887,2024-10,Residential,SAN FRANCISCO,Missing Meter Read,Medium,2024-11-03,2024-11-14,Resolved
EXC00000880,BILL00010707,ACCT000893,CUST000893,2024-03,Commercial,KERN,Invalid Meter Read,High,2024-04-03,2024-04-13,Resolved
EXC00000881,BILL00010729,ACCT000895,CUST000895,2024-01,Residential,KERN,Invalid Meter Read,High,2024-02-03,,Open
EXC00000882,BILL00010788,ACCT000899,CUST000899,2024-12,Residential,NAPA,Missing Meter Read,Medium,2025-01-03,2025-01-06,Resolved
EXC00000883,BILL00010837,ACCT000904,CUST000904,2024-01,Residential,MARIN,Missing Meter Read,Medium,2024-02-03,,Open
EXC00000884,BILL00010898,ACCT000909,CUST000909,2024-02,Residential,SANTA CLARA,Missing Meter Read,Medium,2024-03-03,2024-03-04,Resolved
EXC00000885,BILL00010924,ACCT000911,CUST000911,2024-04,Residential,KERN,Missing Meter Read,Medium,2024-05-03,2024-05-09,Resolved
EXC00000886,BILL00010930,ACCT000911,CUST000911,2024-10,Residential,KERN,Missing Meter Read,Medium,2024-11-03,,In Review
EXC00000887,BILL00010989,ACCT000916,CUST000916,2024-09,Residential,SANTA CLARA,Invalid Meter Read,High,2024-10-03,2024-10-06,Resolved
EXC00000888,BILL00011060,ACCT000922,CUST000922,2024-08,Residential,KINGS,Missing Meter Read,Medium,2024-09-03,2024-09-09,Resolved
EXC00000889,BILL00011073,ACCT000923,CUST000923,2024-09,Commercial,SANTA CLARA,Missing Meter Read,Medium,2024-10-03,2024-10-15,Resolved
EXC00000890,BILL00011194,ACCT000933,CUST000933,2024-10,"Transportation, Communications, & Utilities",ALAMEDA,Invalid Meter Read,High,2024-11-03,2024-11-15,Resolved
EXC00000891,BILL00011294,ACCT000942,CUST000942,2024-02,Residential,ALAMEDA,Invalid Meter Read,High,2024-03-03,2024-03-11,Resolved
EXC00000892,BILL00011331,ACCT000945,CUST000945,2024-03,Residential,KINGS,Invalid Meter Read,High,2024-04-03,,Open
EXC00000893,BILL00011340,ACCT000945,CUST000945,2024-12,Residential,KINGS,Missing Meter Read,Medium,2025-01-03,,Open
EXC00000894,BILL00011379,ACCT000949,CUST000949,2024-03,Commercial,FRESNO,Missing Meter Read,Medium,2024-04-03,2024-04-06,Resolved
EXC00000895,BILL00011389,ACCT000950,CUST000950,2024-01,Residential,SAN JOAQUIN,Inactive Account,High,2024-02-03,2024-02-14,Resolved
EXC00000896,BILL00011390,ACCT000950,CUST000950,2024-02,Residential,SAN JOAQUIN,Inactive Account,High,2024-03-03,2024-03-11,Resolved
EXC00000897,BILL00011391,ACCT000950,CUST000950,2024-03,Residential,SAN JOAQUIN,Inactive Account,High,2024-04-03,,In Review
EXC00000898,BILL00011392,ACCT000950,CUST000950,2024-04,Residential,SAN JOAQUIN,Inactive Account,High,2024-05-03,,Open
EXC00000899,BILL00011393,ACCT000950,CUST000950,2024-05,Residential,SAN JOAQUIN,Inactive Account,High,2024-06-03,,Open
EXC00000900,BILL00011394,ACCT000950,CUST000950,2024-06,Residential,SAN JOAQUIN,Inactive Account,High,2024-07-03,2024-07-16,Resolved
EXC00000901,BILL00011395,ACCT000950,CUST000950,2024-07,Residential,SAN JOAQUIN,Inactive Account,High,2024-08-03,2024-08-07,Resolved
EXC00000902,BILL00011396,ACCT000950,CUST000950,2024-08,Residential,SAN JOAQUIN,Inactive Account,High,2024-09-03,,Open
EXC00000903,BILL00011397,ACCT000950,CUST000950,2024-09,Residential,SAN JOAQUIN,Inactive Account,High,2024-10-03,2024-10-11,Resolved
EXC00000904,BILL00011398,ACCT000950,CUST000950,2024-10,Residential,SAN JOAQUIN,Inactive Account,High,2024-11-03,2024-11-08,Resolved
EXC00000905,BILL00011399,ACCT000950,CUST000950,2024-11,Residential,SAN JOAQUIN,Inactive Account,High,2024-12-03,,Open
EXC00000906,BILL00011400,ACCT000950,CUST000950,2024-12,Residential,SAN JOAQUIN,Inactive Account,High,2025-01-03,2025-01-04,Resolved
EXC00000907,BILL00011487,ACCT000958,CUST000958,2024-03,Residential,SAN MATEO,Missing Meter Read,Medium,2024-04-03,,Open
EXC00000908,BILL00011519,ACCT000960,CUST000960,2024-11,Residential,SAN JOAQUIN,Invalid Meter Read,High,2024-12-03,2024-12-08,Resolved
EXC00000909,BILL00011526,ACCT000961,CUST000961,2024-06,Residential,KERN,Missing Meter Read,Medium,2024-07-03,,In Review
EXC00000910,BILL00011543,ACCT000962,CUST000962,2024-11,Residential,NAPA,Missing Meter Read,Medium,2024-12-03,2024-12-10,Resolved
EXC00000911,BILL00011600,ACCT000967,CUST000967,2024-08,Residential,SONOMA,Missing Meter Read,Medium,2024-09-03,2024-09-14,Resolved
EXC00000912,BILL00011611,ACCT000968,CUST000968,2024-07,Residential,SANTA CLARA,Missing Meter Read,Medium,2024-08-03,,Open
EXC00000913,BILL00011628,ACCT000969,CUST000969,2024-12,Residential,AMADOR,Missing Meter Read,Medium,2025-01-03,,Open
EXC00000914,BILL00011653,ACCT000972,CUST000972,2024-01,Industrial,SANTA CLARA,Inactive Account,High,2024-02-03,,In Review
EXC00000915,BILL00011654,ACCT000972,CUST000972,2024-02,Industrial,SANTA CLARA,Inactive Account,High,2024-03-03,2024-03-08,Resolved
EXC00000916,BILL00011655,ACCT000972,CUST000972,2024-03,Industrial,SANTA CLARA,Inactive Account,High,2024-04-03,2024-04-14,Resolved
EXC00000917,BILL00011656,ACCT000972,CUST000972,2024-04,Industrial,SANTA CLARA,Inactive Account,High,2024-05-03,2024-05-09,Resolved
EXC00000918,BILL00011657,ACCT000972,CUST000972,2024-05,Industrial,SANTA CLARA,Inactive Account,High,2024-06-03,,In Review
EXC00000919,BILL00011658,ACCT000972,CUST000972,2024-06,Industrial,SANTA CLARA,Inactive Account,High,2024-07-03,,Open
EXC00000920,BILL00011659,ACCT000972,CUST000972,2024-07,Industrial,SANTA CLARA,Inactive Account,High,2024-08-03,,Open
EXC00000921,BILL00011660,ACCT000972,CUST000972,2024-08,Industrial,SANTA CLARA,Inactive Account,High,2024-09-03,,Open
EXC00000922,BILL00011661,ACCT000972,CUST000972,2024-09,Industrial,SANTA CLARA,Inactive Account,High,2024-10-03,,Open
EXC00000923,BILL00011662,ACCT000972,CUST000972,2024-10,Industrial,SANTA CLARA,Inactive Account,High,2024-11-03,,In Review
EXC00000924,BILL00011663,ACCT000972,CUST000972,2024-11,Industrial,SANTA CLARA,Inactive Account,High,2024-12-03,2024-12-05,Resolved
EXC00000925,BILL00011664,ACCT000972,CUST000972,2024-12,Industrial,SANTA CLARA,Inactive Account,High,2025-01-03,2025-01-11,Resolved
EXC00000926,BILL00011673,ACCT000973,CUST000973,2024-09,Residential,SAN JOAQUIN,Invalid Meter Read,High,2024-10-03,,In Review
EXC00000927,BILL00011683,ACCT000974,CUST000974,2024-07,Residential,BUTTE,Invalid Meter Read,High,2024-08-03,2024-08-16,Resolved
EXC00000928,BILL00011768,ACCT000981,CUST000981,2024-08,Residential,SANTA BARBARA,Missing Meter Read,Medium,2024-09-03,,Open
EXC00000929,BILL00011800,ACCT000984,CUST000984,2024-04,Residential,CONTRA COSTA,Invalid Meter Read,High,2024-05-03,2024-05-14,Resolved
EXC00000930,BILL00011813,ACCT000985,CUST000985,2024-05,Residential,SANTA CLARA,Invalid Meter Read,High,2024-06-03,2024-06-16,Resolved
EXC00000931,BILL00011838,ACCT000987,CUST000987,2024-06,Residential,SAN FRANCISCO,Invalid Meter Read,High,2024-07-03,2024-07-16,Resolved
EXC00000932,BILL00011844,ACCT000987,CUST000987,2024-12,Residential,SAN FRANCISCO,Missing Meter Read,Medium,2025-01-03,,In Review
EXC00000933,BILL00011858,ACCT000989,CUST000989,2024-02,Residential,FRESNO,Invalid Meter Read,High,2024-03-03,2024-03-04,Resolved
EXC00000934,BILL00011875,ACCT000990,CUST000990,2024-07,Commercial,SAN JOAQUIN,Missing Meter Read,Medium,2024-08-03,,Open
EXC00000935,BILL00011888,ACCT000991,CUST000991,2024-08,Commercial,CONTRA COSTA,Missing Meter Read,Medium,2024-09-03,,In Review
EXC00000936,BILL00011902,ACCT000992,CUST000992,2024-10,Residential,SAN FRANCISCO,Missing Meter Read,Medium,2024-11-03,2024-11-13,Resolved
EXC00000937,BILL00011913,ACCT000993,CUST000993,2024-09,Residential,KERN,Missing Meter Read,Medium,2024-10-03,2024-10-07,Resolved
EXC00000938,BILL00012015,ACCT001002,CUST001002,2024-03,Residential,SANTA CLARA,Missing Meter Read,Medium,2024-04-03,2024-04-05,Resolved
EXC00000939,BILL00012020,ACCT001002,CUST001002,2024-08,Residential,SANTA CLARA,Missing Meter Read,Medium,2024-09-03,2024-09-15,Resolved
EXC00000940,BILL00012050,ACCT001005,CUST001005,2024-02,Commercial,SANTA CLARA,Invalid Meter Read,High,2024-03-03,,In Review
EXC00000941,BILL00012057,ACCT001005,CUST001005,2024-09,Commercial,SANTA CLARA,Missing Meter Read,Medium,2024-10-03,,In Review
EXC00000942,BILL00012061,ACCT001006,CUST001006,2024-01,Residential,KINGS,Inactive Account,High,2024-02-03,2024-02-07,Resolved
EXC00000943,BILL00012062,ACCT001006,CUST001006,2024-02,Residential,KINGS,Inactive Account,High,2024-03-03,2024-03-09,Resolved
EXC00000944,BILL00012063,ACCT001006,CUST001006,2024-03,Residential,KINGS,Inactive Account,High,2024-04-03,,Open
EXC00000945,BILL00012064,ACCT001006,CUST001006,2024-04,Residential,KINGS,Inactive Account,High,2024-05-03,2024-05-17,Resolved
EXC00000946,BILL00012065,ACCT001006,CUST001006,2024-05,Residential,KINGS,Inactive Account,High,2024-06-03,,Open
EXC00000947,BILL00012066,ACCT001006,CUST001006,2024-06,Residential,KINGS,Inactive Account,High,2024-07-03,,In Review
EXC00000948,BILL00012067,ACCT001006,CUST001006,2024-07,Residential,KINGS,Inactive Account,High,2024-08-03,2024-08-04,Resolved
EXC00000949,BILL00012068,ACCT001006,CUST001006,2024-08,Residential,KINGS,Inactive Account,High,2024-09-03,,Open
EXC00000950,BILL00012069,ACCT001006,CUST001006,2024-09,Residential,KINGS,Inactive Account,High,2024-10-03,,In Review
EXC00000951,BILL00012070,ACCT001006,CUST001006,2024-10,Residential,KINGS,Inactive Account,High,2024-11-03,,In Review
EXC00000952,BILL00012071,ACCT001006,CUST001006,2024-11,Residential,KINGS,Inactive Account,High,2024-12-03,2024-12-09,Resolved
EXC00000953,BILL00012072,ACCT001006,CUST001006,2024-12,Residential,KINGS,Inactive Account,High,2025-01-03,2025-01-05,Resolved
EXC00000954,BILL00012119,ACCT001010,CUST001010,2024-11,Residential,ALAMEDA,Invalid Meter Read,High,2024-12-03,,Open
EXC00000955,BILL00012125,ACCT001011,CUST001011,2024-05,Residential,SAN JOAQUIN,Missing Meter Read,Medium,2024-06-03,2024-06-08,Resolved
EXC00000956,BILL00012139,ACCT001012,CUST001012,2024-07,"Transportation, Communications, & Utilities",SAN JOAQUIN,Missing Meter Read,Medium,2024-08-03,,Open
EXC00000957,BILL00012145,ACCT001013,CUST001013,2024-01,Industrial,HUMBOLDT,Inactive Account,High,2024-02-03,2024-02-15,Resolved
EXC00000958,BILL00012146,ACCT001013,CUST001013,2024-02,Industrial,HUMBOLDT,Inactive Account,High,2024-03-03,2024-03-15,Resolved
EXC00000959,BILL00012147,ACCT001013,CUST001013,2024-03,Industrial,HUMBOLDT,Inactive Account,High,2024-04-03,,Open
EXC00000960,BILL00012148,ACCT001013,CUST001013,2024-04,Industrial,HUMBOLDT,Inactive Account,High,2024-05-03,,In Review
EXC00000961,BILL00012149,ACCT001013,CUST001013,2024-05,Industrial,HUMBOLDT,Inactive Account,High,2024-06-03,2024-06-09,Resolved
EXC00000962,BILL00012150,ACCT001013,CUST001013,2024-06,Industrial,HUMBOLDT,Inactive Account,High,2024-07-03,2024-07-08,Resolved
EXC00000963,BILL00012151,ACCT001013,CUST001013,2024-07,Industrial,HUMBOLDT,Inactive Account,High,2024-08-03,,In Review
EXC00000964,BILL00012152,ACCT001013,CUST001013,2024-08,Industrial,HUMBOLDT,Inactive Account,High,2024-09-03,2024-09-17,Resolved
EXC00000965,BILL00012153,ACCT001013,CUST001013,2024-09,Industrial,HUMBOLDT,Inactive Account,High,2024-10-03,,Open
EXC00000966,BILL00012154,ACCT001013,CUST001013,2024-10,Industrial,HUMBOLDT,Inactive Account,High,2024-11-03,,Open
EXC00000967,BILL00012155,ACCT001013,CUST001013,2024-11,Industrial,HUMBOLDT,Inactive Account,High,2024-12-03,,Open
EXC00000968,BILL00012156,ACCT001013,CUST001013,2024-12,Industrial,HUMBOLDT,Inactive Account,High,2025-01-03,2025-01-14,Resolved
EXC00000969,BILL00012181,ACCT001016,CUST001016,2024-01,Industrial,MADERA,Missing Meter Read,Medium,2024-02-03,,In Review
EXC00000970,BILL00012211,ACCT001018,CUST001018,2024-07,Residential,SAN FRANCISCO,Missing Meter Read,Medium,2024-08-03,,Open
EXC00000971,BILL00012226,ACCT001019,CUST001019,2024-10,Commercial,SAN FRANCISCO,Missing Meter Read,Medium,2024-11-03,2024-11-12,Resolved
EXC00000972,BILL00012229,ACCT001020,CUST001020,2024-01,Residential,SANTA CLARA,Inactive Account,High,2024-02-03,,Open
EXC00000973,BILL00012230,ACCT001020,CUST001020,2024-02,Residential,SANTA CLARA,Inactive Account,High,2024-03-03,2024-03-09,Resolved
EXC00000974,BILL00012231,ACCT001020,CUST001020,2024-03,Residential,SANTA CLARA,Inactive Account,High,2024-04-03,,Open
EXC00000975,BILL00012232,ACCT001020,CUST001020,2024-04,Residential,SANTA CLARA,Inactive Account,High,2024-05-03,2024-05-09,Resolved
EXC00000976,BILL00012233,ACCT001020,CUST001020,2024-05,Residential,SANTA CLARA,Inactive Account,High,2024-06-03,,Open
EXC00000977,BILL00012234,ACCT001020,CUST001020,2024-06,Residential,SANTA CLARA,Inactive Account,High,2024-07-03,2024-07-08,Resolved
EXC00000978,BILL00012235,ACCT001020,CUST001020,2024-07,Residential,SANTA CLARA,Inactive Account,High,2024-08-03,2024-08-04,Resolved
EXC00000979,BILL00012236,ACCT001020,CUST001020,2024-08,Residential,SANTA CLARA,Inactive Account,High,2024-09-03,2024-09-15,Resolved
EXC00000980,BILL00012237,ACCT001020,CUST001020,2024-09,Residential,SANTA CLARA,Inactive Account,High,2024-10-03,,Open
EXC00000981,BILL00012238,ACCT001020,CUST001020,2024-10,Residential,SANTA CLARA,Inactive Account,High,2024-11-03,,Open
EXC00000982,BILL00012239,ACCT001020,CUST001020,2024-11,Residential,SANTA CLARA,Inactive Account,High,2024-12-03,2024-12-05,Resolved
EXC00000983,BILL00012240,ACCT001020,CUST001020,2024-12,Residential,SANTA CLARA,Inactive Account,High,2025-01-03,,Open
EXC00000984,BILL00012257,ACCT001022,CUST001022,2024-05,Residential,BUTTE,Missing Meter Read,Medium,2024-06-03,2024-06-14,Resolved
EXC00000985,BILL00012298,ACCT001025,CUST001025,2024-10,Industrial,SANTA CLARA,Missing Meter Read,Medium,2024-11-03,,Open
EXC00000986,BILL00012299,ACCT001025,CUST001025,2024-11,Industrial,SANTA CLARA,Missing Meter Read,Medium,2024-12-03,,Open
EXC00000987,BILL00012320,ACCT001027,CUST001027,2024-08,Commercial,MONTEREY,Invalid Meter Read,High,2024-09-03,,Open
EXC00000988,BILL00012326,ACCT001028,CUST001028,2024-02,Commercial,SANTA CLARA,Invalid Meter Read,High,2024-03-03,,In Review
EXC00000989,BILL00012346,ACCT001029,CUST001029,2024-10,Residential,FRESNO,Missing Meter Read,Medium,2024-11-03,,In Review
EXC00000990,BILL00012351,ACCT001030,CUST001030,2024-03,Commercial,SANTA CLARA,Missing Meter Read,Medium,2024-04-03,2024-04-09,Resolved
EXC00000991,BILL00012421,ACCT001036,CUST001036,2024-01,Residential,ALAMEDA,Inactive Account,High,2024-02-03,,In Review
EXC00000992,BILL00012422,ACCT001036,CUST001036,2024-02,Residential,ALAMEDA,Inactive Account,High,2024-03-03,2024-03-17,Resolved
EXC00000993,BILL00012423,ACCT001036,CUST001036,2024-03,Residential,ALAMEDA,Inactive Account,High,2024-04-03,2024-04-04,Resolved
EXC00000994,BILL00012424,ACCT001036,CUST001036,2024-04,Residential,ALAMEDA,Inactive Account,High,2024-05-03,2024-05-05,Resolved
EXC00000995,BILL00012425,ACCT001036,CUST001036,2024-05,Residential,ALAMEDA,Inactive Account,High,2024-06-03,2024-06-08,Resolved
EXC00000996,BILL00012426,ACCT001036,CUST001036,2024-06,Residential,ALAMEDA,Inactive Account,High,2024-07-03,,In Review
EXC00000997,BILL00012427,ACCT001036,CUST001036,2024-07,Residential,ALAMEDA,Inactive Account,High,2024-08-03,,Open
EXC00000998,BILL00012428,ACCT001036,CUST001036,2024-08,Residential,ALAMEDA,Inactive Account,High,2024-09-03,,Open
EXC00000999,BILL00012429,ACCT001036,CUST001036,2024-09,Residential,ALAMEDA,Inactive Account,High,2024-10-03,,Open
EXC00001000,BILL00012430,ACCT001036,CUST001036,2024-10,Residential,ALAMEDA,Inactive Account,High,2024-11-03,2024-11-04,Resolved
EXC00001001,BILL00012431,ACCT001036,CUST001036,2024-11,Residential,ALAMEDA,Inactive Account,High,2024-12-03,,Open
EXC00001002,BILL00012432,ACCT001036,CUST001036,2024-12,Residential,ALAMEDA,Inactive Account,High,2025-01-03,,In Review
EXC00001003,BILL00012449,ACCT001038,CUST001038,2024-05,Residential,MONTEREY,Invalid Meter Read,High,2024-06-03,2024-06-16,Resolved
EXC00001004,BILL00012505,ACCT001043,CUST001043,2024-01,Residential,KERN,Missing Meter Read,Medium,2024-02-03,2024-02-04,Resolved
EXC00001005,BILL00012506,ACCT001043,CUST001043,2024-02,Residential,KERN,Invalid Meter Read,High,2024-03-03,2024-03-14,Resolved
EXC00001006,BILL00012520,ACCT001044,CUST001044,2024-04,Residential,SANTA CLARA,Missing Meter Read,Medium,2024-05-03,,In Review
EXC00001007,BILL00012649,ACCT001055,CUST001055,2024-01,Streetlighting,SAN JOAQUIN,Inactive Account,High,2024-02-03,,Open
EXC00001008,BILL00012650,ACCT001055,CUST001055,2024-02,Streetlighting,SAN JOAQUIN,Inactive Account,High,2024-03-03,,Open
EXC00001009,BILL00012651,ACCT001055,CUST001055,2024-03,Streetlighting,SAN JOAQUIN,Inactive Account,High,2024-04-03,,In Review
EXC00001010,BILL00012652,ACCT001055,CUST001055,2024-04,Streetlighting,SAN JOAQUIN,Inactive Account,High,2024-05-03,,In Review
EXC00001011,BILL00012653,ACCT001055,CUST001055,2024-05,Streetlighting,SAN JOAQUIN,Inactive Account,High,2024-06-03,2024-06-07,Resolved
EXC00001012,BILL00012654,ACCT001055,CUST001055,2024-06,Streetlighting,SAN JOAQUIN,Inactive Account,High,2024-07-03,2024-07-14,Resolved
EXC00001013,BILL00012655,ACCT001055,CUST001055,2024-07,Streetlighting,SAN JOAQUIN,Inactive Account,High,2024-08-03,2024-08-10,Resolved
EXC00001014,BILL00012656,ACCT001055,CUST001055,2024-08,Streetlighting,SAN JOAQUIN,Inactive Account,High,2024-09-03,,Open
EXC00001015,BILL00012657,ACCT001055,CUST001055,2024-09,Streetlighting,SAN JOAQUIN,Inactive Account,High,2024-10-03,2024-10-12,Resolved
EXC00001016,BILL00012658,ACCT001055,CUST001055,2024-10,Streetlighting,SAN JOAQUIN,Inactive Account,High,2024-11-03,2024-11-08,Resolved
EXC00001017,BILL00012659,ACCT001055,CUST001055,2024-11,Streetlighting,SAN JOAQUIN,Inactive Account,High,2024-12-03,2024-12-13,Resolved
EXC00001018,BILL00012660,ACCT001055,CUST001055,2024-12,Streetlighting,SAN JOAQUIN,Inactive Account,High,2025-01-03,2025-01-11,Resolved
EXC00001019,BILL00012661,ACCT001056,CUST001056,2024-01,Residential,KERN,Missing Meter Read,Medium,2024-02-03,,Open
EXC00001020,BILL00012719,ACCT001060,CUST001060,2024-11,Residential,SAN JOAQUIN,Invalid Meter Read,High,2024-12-03,2024-12-16,Resolved
EXC00001021,BILL00012781,ACCT001066,CUST001066,2024-01,Residential,MERCED,Missing Meter Read,Medium,2024-02-03,,In Review
EXC00001022,BILL00012802,ACCT001067,CUST001067,2024-10,Residential,KERN,Missing Meter Read,Medium,2024-11-03,2024-11-14,Resolved
EXC00001023,BILL00012827,ACCT001069,CUST001069,2024-11,Residential,SANTA CLARA,Invalid Meter Read,High,2024-12-03,2024-12-07,Resolved
EXC00001024,BILL00012867,ACCT001073,CUST001073,2024-03,Residential,SANTA CLARA,Missing Meter Read,Medium,2024-04-03,,Open
EXC00001025,BILL00012879,ACCT001074,CUST001074,2024-03,Residential,KERN,Missing Meter Read,Medium,2024-04-03,2024-04-10,Resolved
EXC00001026,BILL00012888,ACCT001074,CUST001074,2024-12,Residential,KERN,Invalid Meter Read,High,2025-01-03,,Open
EXC00001027,BILL00012961,ACCT001081,CUST001081,2024-01,Residential,KERN,Inactive Account,High,2024-02-03,2024-02-12,Resolved
EXC00001028,BILL00012962,ACCT001081,CUST001081,2024-02,Residential,KERN,Inactive Account,High,2024-03-03,,Open
EXC00001029,BILL00012963,ACCT001081,CUST001081,2024-03,Residential,KERN,Inactive Account,High,2024-04-03,2024-04-06,Resolved
EXC00001030,BILL00012964,ACCT001081,CUST001081,2024-04,Residential,KERN,Inactive Account,High,2024-05-03,2024-05-10,Resolved
EXC00001031,BILL00012965,ACCT001081,CUST001081,2024-05,Residential,KERN,Inactive Account,High,2024-06-03,,Open
EXC00001032,BILL00012966,ACCT001081,CUST001081,2024-06,Residential,KERN,Inactive Account,High,2024-07-03,2024-07-08,Resolved
EXC00001033,BILL00012967,ACCT001081,CUST001081,2024-07,Residential,KERN,Inactive Account,High,2024-08-03,2024-08-05,Resolved
EXC00001034,BILL00012968,ACCT001081,CUST001081,2024-08,Residential,KERN,Inactive Account,High,2024-09-03,,In Review
EXC00001035,BILL00012969,ACCT001081,CUST001081,2024-09,Residential,KERN,Inactive Account,High,2024-10-03,2024-10-09,Resolved
EXC00001036,BILL00012970,ACCT001081,CUST001081,2024-10,Residential,KERN,Inactive Account,High,2024-11-03,2024-11-04,Resolved
EXC00001037,BILL00012971,ACCT001081,CUST001081,2024-11,Residential,KERN,Inactive Account,High,2024-12-03,,In Review
EXC00001038,BILL00012972,ACCT001081,CUST001081,2024-12,Residential,KERN,Inactive Account,High,2025-01-03,2025-01-10,Resolved
EXC00001039,BILL00012995,ACCT001083,CUST001083,2024-11,Residential,MARIN,Missing Meter Read,Medium,2024-12-03,2024-12-05,Resolved
EXC00001040,BILL00013081,ACCT001091,CUST001091,2024-01,Industrial,KERN,Inactive Account,High,2024-02-03,2024-02-06,Resolved
EXC00001041,BILL00013082,ACCT001091,CUST001091,2024-02,Industrial,KERN,Inactive Account,High,2024-03-03,2024-03-10,Resolved
EXC00001042,BILL00013083,ACCT001091,CUST001091,2024-03,Industrial,KERN,Inactive Account,High,2024-04-03,2024-04-13,Resolved
EXC00001043,BILL00013084,ACCT001091,CUST001091,2024-04,Industrial,KERN,Inactive Account,High,2024-05-03,,In Review
EXC00001044,BILL00013085,ACCT001091,CUST001091,2024-05,Industrial,KERN,Inactive Account,High,2024-06-03,2024-06-17,Resolved
EXC00001045,BILL00013086,ACCT001091,CUST001091,2024-06,Industrial,KERN,Inactive Account,High,2024-07-03,,Open
EXC00001046,BILL00013087,ACCT001091,CUST001091,2024-07,Industrial,KERN,Inactive Account,High,2024-08-03,,Open
EXC00001047,BILL00013088,ACCT001091,CUST001091,2024-08,Industrial,KERN,Inactive Account,High,2024-09-03,2024-09-14,Resolved
EXC00001048,BILL00013089,ACCT001091,CUST001091,2024-09,Industrial,KERN,Inactive Account,High,2024-10-03,,In Review
EXC00001049,BILL00013090,ACCT001091,CUST001091,2024-10,Industrial,KERN,Inactive Account,High,2024-11-03,2024-11-16,Resolved
EXC00001050,BILL00013091,ACCT001091,CUST001091,2024-11,Industrial,KERN,Inactive Account,High,2024-12-03,2024-12-11,Resolved
EXC00001051,BILL00013092,ACCT001091,CUST001091,2024-12,Industrial,KERN,Inactive Account,High,2025-01-03,2025-01-09,Resolved
EXC00001052,BILL00013177,ACCT001099,CUST001099,2024-01,Residential,SANTA CLARA,Missing Meter Read,Medium,2024-02-03,2024-02-09,Resolved
EXC00001053,BILL00013189,ACCT001100,CUST001100,2024-01,Residential,MONTEREY,Inactive Account,High,2024-02-03,2024-02-11,Resolved
EXC00001054,BILL00013190,ACCT001100,CUST001100,2024-02,Residential,MONTEREY,Inactive Account,High,2024-03-03,,Open
EXC00001055,BILL00013191,ACCT001100,CUST001100,2024-03,Residential,MONTEREY,Inactive Account,High,2024-04-03,2024-04-06,Resolved
EXC00001056,BILL00013192,ACCT001100,CUST001100,2024-04,Residential,MONTEREY,Inactive Account,High,2024-05-03,2024-05-06,Resolved
EXC00001057,BILL00013193,ACCT001100,CUST001100,2024-05,Residential,MONTEREY,Inactive Account,High,2024-06-03,2024-06-09,Resolved
EXC00001058,BILL00013194,ACCT001100,CUST001100,2024-06,Residential,MONTEREY,Inactive Account,High,2024-07-03,2024-07-17,Resolved
EXC00001059,BILL00013195,ACCT001100,CUST001100,2024-07,Residential,MONTEREY,Inactive Account,High,2024-08-03,,Open
EXC00001060,BILL00013196,ACCT001100,CUST001100,2024-08,Residential,MONTEREY,Inactive Account,High,2024-09-03,2024-09-07,Resolved
EXC00001061,BILL00013197,ACCT001100,CUST001100,2024-09,Residential,MONTEREY,Inactive Account,High,2024-10-03,2024-10-10,Resolved
EXC00001062,BILL00013198,ACCT001100,CUST001100,2024-10,Residential,MONTEREY,Inactive Account,High,2024-11-03,,Open
EXC00001063,BILL00013199,ACCT001100,CUST001100,2024-11,Residential,MONTEREY,Inactive Account,High,2024-12-03,,Open
EXC00001064,BILL00013200,ACCT001100,CUST001100,2024-12,Residential,MONTEREY,Inactive Account,High,2025-01-03,,Open
EXC00001065,BILL00013206,ACCT001101,CUST001101,2024-06,Residential,SAN MATEO,Invalid Meter Read,High,2024-07-03,,In Review
EXC00001066,BILL00013208,ACCT001101,CUST001101,2024-08,Residential,SAN MATEO,Invalid Meter Read,High,2024-09-03,,Open
EXC00001067,BILL00013242,ACCT001104,CUST001104,2024-06,Industrial,SONOMA,Invalid Meter Read,High,2024-07-03,,In Review
EXC00001068,BILL00013285,ACCT001108,CUST001108,2024-01,Residential,SANTA CLARA,Missing Meter Read,Medium,2024-02-03,,Open
EXC00001069,BILL00013328,ACCT001111,CUST001111,2024-08,Commercial,HUMBOLDT,Invalid Meter Read,High,2024-09-03,2024-09-06,Resolved
EXC00001070,BILL00013337,ACCT001112,CUST001112,2024-05,Residential,MARIN,Invalid Meter Read,High,2024-06-03,,Open
EXC00001071,BILL00013418,ACCT001119,CUST001119,2024-02,Residential,ALAMEDA,Invalid Meter Read,High,2024-03-03,2024-03-09,Resolved
EXC00001072,BILL00013431,ACCT001120,CUST001120,2024-03,Residential,FRESNO,Missing Meter Read,Medium,2024-04-03,,Open
EXC00001073,BILL00013435,ACCT001120,CUST001120,2024-07,Residential,FRESNO,Invalid Meter Read,High,2024-08-03,,In Review
EXC00001074,BILL00013547,ACCT001129,CUST001129,2024-11,Residential,SANTA CLARA,Missing Meter Read,Medium,2024-12-03,2024-12-10,Resolved
EXC00001075,BILL00013576,ACCT001132,CUST001132,2024-04,Residential,MADERA,Missing Meter Read,Medium,2024-05-03,2024-05-11,Resolved
EXC00001076,BILL00013599,ACCT001134,CUST001134,2024-03,Residential,SANTA CLARA,Invalid Meter Read,High,2024-04-03,2024-04-09,Resolved
EXC00001077,BILL00013669,ACCT001140,CUST001140,2024-01,Residential,SAN JOAQUIN,Inactive Account,High,2024-02-03,2024-02-12,Resolved
EXC00001078,BILL00013670,ACCT001140,CUST001140,2024-02,Residential,SAN JOAQUIN,Inactive Account,High,2024-03-03,2024-03-14,Resolved
EXC00001079,BILL00013671,ACCT001140,CUST001140,2024-03,Residential,SAN JOAQUIN,Inactive Account,High,2024-04-03,2024-04-17,Resolved
EXC00001080,BILL00013672,ACCT001140,CUST001140,2024-04,Residential,SAN JOAQUIN,Inactive Account,High,2024-05-03,,Open
EXC00001081,BILL00013673,ACCT001140,CUST001140,2024-05,Residential,SAN JOAQUIN,Inactive Account,High,2024-06-03,,In Review
EXC00001082,BILL00013674,ACCT001140,CUST001140,2024-06,Residential,SAN JOAQUIN,Inactive Account,High,2024-07-03,,Open
EXC00001083,BILL00013675,ACCT001140,CUST001140,2024-07,Residential,SAN JOAQUIN,Inactive Account,High,2024-08-03,2024-08-14,Resolved
EXC00001084,BILL00013676,ACCT001140,CUST001140,2024-08,Residential,SAN JOAQUIN,Inactive Account,High,2024-09-03,,In Review
EXC00001085,BILL00013677,ACCT001140,CUST001140,2024-09,Residential,SAN JOAQUIN,Inactive Account,High,2024-10-03,,In Review
EXC00001086,BILL00013678,ACCT001140,CUST001140,2024-10,Residential,SAN JOAQUIN,Inactive Account,High,2024-11-03,,In Review
EXC00001087,BILL00013679,ACCT001140,CUST001140,2024-11,Residential,SAN JOAQUIN,Inactive Account,High,2024-12-03,2024-12-16,Resolved
EXC00001088,BILL00013680,ACCT001140,CUST001140,2024-12,Residential,SAN JOAQUIN,Inactive Account,High,2025-01-03,,Open
EXC00001089,BILL00013693,ACCT001142,CUST001142,2024-01,Residential,SAN MATEO,Inactive Account,High,2024-02-03,,Open
EXC00001090,BILL00013694,ACCT001142,CUST001142,2024-02,Residential,SAN MATEO,Inactive Account,High,2024-03-03,2024-03-16,Resolved
EXC00001091,BILL00013695,ACCT001142,CUST001142,2024-03,Residential,SAN MATEO,Inactive Account,High,2024-04-03,,Open
EXC00001092,BILL00013696,ACCT001142,CUST001142,2024-04,Residential,SAN MATEO,Inactive Account,High,2024-05-03,2024-05-17,Resolved
EXC00001093,BILL00013697,ACCT001142,CUST001142,2024-05,Residential,SAN MATEO,Inactive Account,High,2024-06-03,2024-06-06,Resolved
EXC00001094,BILL00013698,ACCT001142,CUST001142,2024-06,Residential,SAN MATEO,Inactive Account,High,2024-07-03,2024-07-07,Resolved
EXC00001095,BILL00013699,ACCT001142,CUST001142,2024-07,Residential,SAN MATEO,Inactive Account,High,2024-08-03,2024-08-09,Resolved
EXC00001096,BILL00013700,ACCT001142,CUST001142,2024-08,Residential,SAN MATEO,Inactive Account,High,2024-09-03,2024-09-06,Resolved
EXC00001097,BILL00013701,ACCT001142,CUST001142,2024-09,Residential,SAN MATEO,Inactive Account,High,2024-10-03,2024-10-05,Resolved
EXC00001098,BILL00013702,ACCT001142,CUST001142,2024-10,Residential,SAN MATEO,Inactive Account,High,2024-11-03,2024-11-05,Resolved
EXC00001099,BILL00013703,ACCT001142,CUST001142,2024-11,Residential,SAN MATEO,Inactive Account,High,2024-12-03,,Open
EXC00001100,BILL00013704,ACCT001142,CUST001142,2024-12,Residential,SAN MATEO,Inactive Account,High,2025-01-03,2025-01-14,Resolved
EXC00001101,BILL00013715,ACCT001143,CUST001143,2024-11,Residential,SANTA CLARA,Invalid Meter Read,High,2024-12-03,,In Review
EXC00001102,BILL00013735,ACCT001145,CUST001145,2024-07,Residential,MERCED,Invalid Meter Read,High,2024-08-03,2024-08-10,Resolved
EXC00001103,BILL00013799,ACCT001150,CUST001150,2024-11,Commercial,NAPA,Missing Meter Read,Medium,2024-12-03,,In Review
EXC00001104,BILL00013832,ACCT001153,CUST001153,2024-08,Residential,CONTRA COSTA,Missing Meter Read,Medium,2024-09-03,2024-09-07,Resolved
EXC00001105,BILL00013850,ACCT001155,CUST001155,2024-02,Residential,SANTA CLARA,Invalid Meter Read,High,2024-03-03,,In Review
EXC00001106,BILL00013864,ACCT001156,CUST001156,2024-04,Residential,CONTRA COSTA,Missing Meter Read,Medium,2024-05-03,2024-05-15,Resolved
EXC00001107,BILL00013873,ACCT001157,CUST001157,2024-01,Residential,SOLANO,Inactive Account,High,2024-02-03,2024-02-07,Resolved
EXC00001108,BILL00013874,ACCT001157,CUST001157,2024-02,Residential,SOLANO,Inactive Account,High,2024-03-03,2024-03-12,Resolved
EXC00001109,BILL00013875,ACCT001157,CUST001157,2024-03,Residential,SOLANO,Inactive Account,High,2024-04-03,,Open
EXC00001110,BILL00013876,ACCT001157,CUST001157,2024-04,Residential,SOLANO,Inactive Account,High,2024-05-03,2024-05-08,Resolved
EXC00001111,BILL00013877,ACCT001157,CUST001157,2024-05,Residential,SOLANO,Inactive Account,High,2024-06-03,2024-06-09,Resolved
EXC00001112,BILL00013878,ACCT001157,CUST001157,2024-06,Residential,SOLANO,Inactive Account,High,2024-07-03,2024-07-17,Resolved
EXC00001113,BILL00013879,ACCT001157,CUST001157,2024-07,Residential,SOLANO,Inactive Account,High,2024-08-03,2024-08-16,Resolved
EXC00001114,BILL00013880,ACCT001157,CUST001157,2024-08,Residential,SOLANO,Inactive Account,High,2024-09-03,2024-09-09,Resolved
EXC00001115,BILL00013881,ACCT001157,CUST001157,2024-09,Residential,SOLANO,Inactive Account,High,2024-10-03,,Open
EXC00001116,BILL00013882,ACCT001157,CUST001157,2024-10,Residential,SOLANO,Inactive Account,High,2024-11-03,2024-11-14,Resolved
EXC00001117,BILL00013883,ACCT001157,CUST001157,2024-11,Residential,SOLANO,Inactive Account,High,2024-12-03,,Open
EXC00001118,BILL00013884,ACCT001157,CUST001157,2024-12,Residential,SOLANO,Inactive Account,High,2025-01-03,2025-01-12,Resolved
EXC00001119,BILL00013971,ACCT001165,CUST001165,2024-03,Residential,ALAMEDA,Missing Meter Read,Medium,2024-04-03,,Open
EXC00001120,BILL00014001,ACCT001167,CUST001167,2024-09,Commercial,KERN,Invalid Meter Read,High,2024-10-03,,Open
EXC00001121,BILL00014035,ACCT001170,CUST001170,2024-07,Residential,SANTA CLARA,Invalid Meter Read,High,2024-08-03,2024-08-09,Resolved
EXC00001122,BILL00014065,ACCT001173,CUST001173,2024-01,Residential,CONTRA COSTA,Inactive Account,High,2024-02-03,,Open
EXC00001123,BILL00014066,ACCT001173,CUST001173,2024-02,Residential,CONTRA COSTA,Inactive Account,High,2024-03-03,,In Review
EXC00001124,BILL00014067,ACCT001173,CUST001173,2024-03,Residential,CONTRA COSTA,Inactive Account,High,2024-04-03,2024-04-12,Resolved
EXC00001125,BILL00014068,ACCT001173,CUST001173,2024-04,Residential,CONTRA COSTA,Inactive Account,High,2024-05-03,,In Review
EXC00001126,BILL00014069,ACCT001173,CUST001173,2024-05,Residential,CONTRA COSTA,Inactive Account,High,2024-06-03,2024-06-14,Resolved
EXC00001127,BILL00014070,ACCT001173,CUST001173,2024-06,Residential,CONTRA COSTA,Inactive Account,High,2024-07-03,,In Review
EXC00001128,BILL00014071,ACCT001173,CUST001173,2024-07,Residential,CONTRA COSTA,Inactive Account,High,2024-08-03,,Open
EXC00001129,BILL00014072,ACCT001173,CUST001173,2024-08,Residential,CONTRA COSTA,Inactive Account,High,2024-09-03,2024-09-17,Resolved
EXC00001130,BILL00014073,ACCT001173,CUST001173,2024-09,Residential,CONTRA COSTA,Inactive Account,High,2024-10-03,2024-10-16,Resolved
EXC00001131,BILL00014074,ACCT001173,CUST001173,2024-10,Residential,CONTRA COSTA,Inactive Account,High,2024-11-03,2024-11-12,Resolved
EXC00001132,BILL00014075,ACCT001173,CUST001173,2024-11,Residential,CONTRA COSTA,Inactive Account,High,2024-12-03,,Open
EXC00001133,BILL00014076,ACCT001173,CUST001173,2024-12,Residential,CONTRA COSTA,Inactive Account,High,2025-01-03,,Open
EXC00001134,BILL00014089,ACCT001175,CUST001175,2024-01,Residential,KERN,Inactive Account,High,2024-02-03,2024-02-13,Resolved
EXC00001135,BILL00014090,ACCT001175,CUST001175,2024-02,Residential,KERN,Inactive Account,High,2024-03-03,,In Review
EXC00001136,BILL00014091,ACCT001175,CUST001175,2024-03,Residential,KERN,Inactive Account,High,2024-04-03,,Open
EXC00001137,BILL00014092,ACCT001175,CUST001175,2024-04,Residential,KERN,Inactive Account,High,2024-05-03,,In Review
EXC00001138,BILL00014093,ACCT001175,CUST001175,2024-05,Residential,KERN,Inactive Account,High,2024-06-03,2024-06-15,Resolved
EXC00001139,BILL00014094,ACCT001175,CUST001175,2024-06,Residential,KERN,Inactive Account,High,2024-07-03,,In Review
EXC00001140,BILL00014095,ACCT001175,CUST001175,2024-07,Residential,KERN,Inactive Account,High,2024-08-03,2024-08-04,Resolved
EXC00001141,BILL00014096,ACCT001175,CUST001175,2024-08,Residential,KERN,Inactive Account,High,2024-09-03,,Open
EXC00001142,BILL00014097,ACCT001175,CUST001175,2024-09,Residential,KERN,Inactive Account,High,2024-10-03,,In Review
EXC00001143,BILL00014098,ACCT001175,CUST001175,2024-10,Residential,KERN,Inactive Account,High,2024-11-03,2024-11-13,Resolved
EXC00001144,BILL00014099,ACCT001175,CUST001175,2024-11,Residential,KERN,Inactive Account,High,2024-12-03,2024-12-06,Resolved
EXC00001145,BILL00014100,ACCT001175,CUST001175,2024-12,Residential,KERN,Inactive Account,High,2025-01-03,,In Review
EXC00001146,BILL00014106,ACCT001176,CUST001176,2024-06,Residential,PLACER,Missing Meter Read,Medium,2024-07-03,2024-07-14,Resolved
EXC00001147,BILL00014125,ACCT001178,CUST001178,2024-01,Residential,SANTA CLARA,Inactive Account,High,2024-02-03,2024-02-07,Resolved
EXC00001148,BILL00014126,ACCT001178,CUST001178,2024-02,Residential,SANTA CLARA,Inactive Account,High,2024-03-03,,Open
EXC00001149,BILL00014127,ACCT001178,CUST001178,2024-03,Residential,SANTA CLARA,Inactive Account,High,2024-04-03,,Open
EXC00001150,BILL00014128,ACCT001178,CUST001178,2024-04,Residential,SANTA CLARA,Inactive Account,High,2024-05-03,,Open
EXC00001151,BILL00014129,ACCT001178,CUST001178,2024-05,Residential,SANTA CLARA,Inactive Account,High,2024-06-03,,Open
EXC00001152,BILL00014130,ACCT001178,CUST001178,2024-06,Residential,SANTA CLARA,Inactive Account,High,2024-07-03,2024-07-09,Resolved
EXC00001153,BILL00014131,ACCT001178,CUST001178,2024-07,Residential,SANTA CLARA,Inactive Account,High,2024-08-03,,Open
EXC00001154,BILL00014132,ACCT001178,CUST001178,2024-08,Residential,SANTA CLARA,Inactive Account,High,2024-09-03,2024-09-14,Resolved
EXC00001155,BILL00014133,ACCT001178,CUST001178,2024-09,Residential,SANTA CLARA,Inactive Account,High,2024-10-03,,In Review
EXC00001156,BILL00014134,ACCT001178,CUST001178,2024-10,Residential,SANTA CLARA,Inactive Account,High,2024-11-03,,Open
EXC00001157,BILL00014135,ACCT001178,CUST001178,2024-11,Residential,SANTA CLARA,Inactive Account,High,2024-12-03,2024-12-13,Resolved
EXC00001158,BILL00014136,ACCT001178,CUST001178,2024-12,Residential,SANTA CLARA,Inactive Account,High,2025-01-03,2025-01-11,Resolved
EXC00001159,BILL00014148,ACCT001179,CUST001179,2024-12,Residential,SANTA CLARA,Invalid Meter Read,High,2025-01-03,2025-01-16,Resolved
EXC00001160,BILL00014154,ACCT001180,CUST001180,2024-06,Residential,ALAMEDA,Invalid Meter Read,High,2024-07-03,,Open
EXC00001161,BILL00014163,ACCT001181,CUST001181,2024-03,Agriculture And Water Pumping,SAN LUIS OBISPO,Invalid Meter Read,High,2024-04-03,2024-04-12,Resolved
EXC00001162,BILL00014170,ACCT001181,CUST001181,2024-10,Agriculture And Water Pumping,SAN LUIS OBISPO,Missing Meter Read,Medium,2024-11-03,2024-11-07,Resolved
EXC00001163,BILL00014221,ACCT001186,CUST001186,2024-01,Industrial,SAN JOAQUIN,Inactive Account,High,2024-02-03,,Open
EXC00001164,BILL00014222,ACCT001186,CUST001186,2024-02,Industrial,SAN JOAQUIN,Inactive Account,High,2024-03-03,,Open
EXC00001165,BILL00014223,ACCT001186,CUST001186,2024-03,Industrial,SAN JOAQUIN,Inactive Account,High,2024-04-03,,Open
EXC00001166,BILL00014224,ACCT001186,CUST001186,2024-04,Industrial,SAN JOAQUIN,Inactive Account,High,2024-05-03,,Open
EXC00001167,BILL00014225,ACCT001186,CUST001186,2024-05,Industrial,SAN JOAQUIN,Inactive Account,High,2024-06-03,2024-06-05,Resolved
EXC00001168,BILL00014226,ACCT001186,CUST001186,2024-06,Industrial,SAN JOAQUIN,Inactive Account,High,2024-07-03,2024-07-13,Resolved
EXC00001169,BILL00014227,ACCT001186,CUST001186,2024-07,Industrial,SAN JOAQUIN,Inactive Account,High,2024-08-03,2024-08-11,Resolved
EXC00001170,BILL00014228,ACCT001186,CUST001186,2024-08,Industrial,SAN JOAQUIN,Inactive Account,High,2024-09-03,2024-09-13,Resolved
EXC00001171,BILL00014229,ACCT001186,CUST001186,2024-09,Industrial,SAN JOAQUIN,Inactive Account,High,2024-10-03,2024-10-10,Resolved
EXC00001172,BILL00014230,ACCT001186,CUST001186,2024-10,Industrial,SAN JOAQUIN,Inactive Account,High,2024-11-03,,In Review
EXC00001173,BILL00014231,ACCT001186,CUST001186,2024-11,Industrial,SAN JOAQUIN,Inactive Account,High,2024-12-03,,Open
EXC00001174,BILL00014232,ACCT001186,CUST001186,2024-12,Industrial,SAN JOAQUIN,Inactive Account,High,2025-01-03,,Open
EXC00001175,BILL00014245,ACCT001188,CUST001188,2024-01,Residential,ALAMEDA,Invalid Meter Read,High,2024-02-03,2024-02-15,Resolved
EXC00001176,BILL00014256,ACCT001188,CUST001188,2024-12,Residential,ALAMEDA,Missing Meter Read,Medium,2025-01-03,2025-01-15,Resolved
EXC00001177,BILL00014279,ACCT001190,CUST001190,2024-11,Residential,SANTA CLARA,Missing Meter Read,Medium,2024-12-03,2024-12-07,Resolved
EXC00001178,BILL00014326,ACCT001194,CUST001194,2024-10,Residential,AMADOR,Invalid Meter Read,High,2024-11-03,,Open
EXC00001179,BILL00014385,ACCT001199,CUST001199,2024-09,Residential,SANTA CLARA,Missing Meter Read,Medium,2024-10-03,2024-10-11,Resolved
EXC00001180,BILL00014389,ACCT001200,CUST001200,2024-01,Residential,CONTRA COSTA,Inactive Account,High,2024-02-03,2024-02-05,Resolved
EXC00001181,BILL00014390,ACCT001200,CUST001200,2024-02,Residential,CONTRA COSTA,Inactive Account,High,2024-03-03,2024-03-08,Resolved
EXC00001182,BILL00014391,ACCT001200,CUST001200,2024-03,Residential,CONTRA COSTA,Inactive Account,High,2024-04-03,,Open
EXC00001183,BILL00014392,ACCT001200,CUST001200,2024-04,Residential,CONTRA COSTA,Inactive Account,High,2024-05-03,2024-05-15,Resolved
EXC00001184,BILL00014393,ACCT001200,CUST001200,2024-05,Residential,CONTRA COSTA,Inactive Account,High,2024-06-03,,Open
EXC00001185,BILL00014394,ACCT001200,CUST001200,2024-06,Residential,CONTRA COSTA,Inactive Account,High,2024-07-03,,Open
EXC00001186,BILL00014395,ACCT001200,CUST001200,2024-07,Residential,CONTRA COSTA,Inactive Account,High,2024-08-03,,Open
EXC00001187,BILL00014396,ACCT001200,CUST001200,2024-08,Residential,CONTRA COSTA,Inactive Account,High,2024-09-03,2024-09-09,Resolved
EXC00001188,BILL00014397,ACCT001200,CUST001200,2024-09,Residential,CONTRA COSTA,Inactive Account,High,2024-10-03,,Open
EXC00001189,BILL00014398,ACCT001200,CUST001200,2024-10,Residential,CONTRA COSTA,Inactive Account,High,2024-11-03,2024-11-09,Resolved
EXC00001190,BILL00014399,ACCT001200,CUST001200,2024-11,Residential,CONTRA COSTA,Inactive Account,High,2024-12-03,2024-12-07,Resolved
EXC00001191,BILL00014400,ACCT001200,CUST001200,2024-12,Residential,CONTRA COSTA,Inactive Account,High,2025-01-03,,Open
EXC00001192,BILL00014510,ACCT001210,CUST001210,2024-02,Streetlighting,CONTRA COSTA,Invalid Meter Read,High,2024-03-03,2024-03-11,Resolved
EXC00001193,BILL00014580,ACCT001215,CUST001215,2024-12,Residential,MERCED,Missing Meter Read,Medium,2025-01-03,,In Review
EXC00001194,BILL00014600,ACCT001217,CUST001217,2024-08,Residential,SANTA CLARA,Invalid Meter Read,High,2024-09-03,2024-09-10,Resolved
EXC00001195,BILL00014641,ACCT001221,CUST001221,2024-01,Agriculture And Water Pumping,SAN JOAQUIN,Missing Meter Read,Medium,2024-02-03,2024-02-10,Resolved
EXC00001196,BILL00014649,ACCT001221,CUST001221,2024-09,Agriculture And Water Pumping,SAN JOAQUIN,Invalid Meter Read,High,2024-10-03,2024-10-07,Resolved
EXC00001197,BILL00014657,ACCT001222,CUST001222,2024-05,Residential,FRESNO,Missing Meter Read,Medium,2024-06-03,2024-06-15,Resolved
EXC00001198,BILL00014725,ACCT001228,CUST001228,2024-01,Residential,SHASTA,Inactive Account,High,2024-02-03,2024-02-16,Resolved
EXC00001199,BILL00014726,ACCT001228,CUST001228,2024-02,Residential,SHASTA,Inactive Account,High,2024-03-03,,Open
EXC00001200,BILL00014727,ACCT001228,CUST001228,2024-03,Residential,SHASTA,Inactive Account,High,2024-04-03,,Open
EXC00001201,BILL00014728,ACCT001228,CUST001228,2024-04,Residential,SHASTA,Inactive Account,High,2024-05-03,,In Review
EXC00001202,BILL00014729,ACCT001228,CUST001228,2024-05,Residential,SHASTA,Inactive Account,High,2024-06-03,,Open
EXC00001203,BILL00014730,ACCT001228,CUST001228,2024-06,Residential,SHASTA,Inactive Account,High,2024-07-03,2024-07-15,Resolved
EXC00001204,BILL00014731,ACCT001228,CUST001228,2024-07,Residential,SHASTA,Inactive Account,High,2024-08-03,,In Review
EXC00001205,BILL00014732,ACCT001228,CUST001228,2024-08,Residential,SHASTA,Inactive Account,High,2024-09-03,,Open
EXC00001206,BILL00014733,ACCT001228,CUST001228,2024-09,Residential,SHASTA,Inactive Account,High,2024-10-03,2024-10-16,Resolved
EXC00001207,BILL00014734,ACCT001228,CUST001228,2024-10,Residential,SHASTA,Inactive Account,High,2024-11-03,2024-11-08,Resolved
EXC00001208,BILL00014735,ACCT001228,CUST001228,2024-11,Residential,SHASTA,Inactive Account,High,2024-12-03,2024-12-05,Resolved
EXC00001209,BILL00014736,ACCT001228,CUST001228,2024-12,Residential,SHASTA,Inactive Account,High,2025-01-03,,Open
EXC00001210,BILL00014760,ACCT001230,CUST001230,2024-12,Residential,KERN,Missing Meter Read,Medium,2025-01-03,,Open
EXC00001211,BILL00014777,ACCT001232,CUST001232,2024-05,Residential,YOLO,Invalid Meter Read,High,2024-06-03,,In Review
EXC00001212,BILL00014783,ACCT001232,CUST001232,2024-11,Residential,YOLO,Missing Meter Read,Medium,2024-12-03,,In Review
EXC00001213,BILL00014790,ACCT001233,CUST001233,2024-06,Residential,SAN FRANCISCO,Missing Meter Read,Medium,2024-07-03,2024-07-08,Resolved
EXC00001214,BILL00014825,ACCT001236,CUST001236,2024-05,Residential,SAN JOAQUIN,Invalid Meter Read,High,2024-06-03,,In Review
EXC00001215,BILL00014852,ACCT001238,CUST001238,2024-08,Residential,SANTA BARBARA,Missing Meter Read,Medium,2024-09-03,2024-09-06,Resolved
EXC00001216,BILL00014854,ACCT001238,CUST001238,2024-10,Residential,SANTA BARBARA,Invalid Meter Read,High,2024-11-03,2024-11-09,Resolved
EXC00001217,BILL00014995,ACCT001250,CUST001250,2024-07,Residential,SANTA CLARA,Invalid Meter Read,High,2024-08-03,2024-08-07,Resolved
EXC00001218,BILL00015009,ACCT001251,CUST001251,2024-09,Commercial,KERN,Missing Meter Read,Medium,2024-10-03,2024-10-05,Resolved
EXC00001219,BILL00015029,ACCT001253,CUST001253,2024-05,Residential,SAN MATEO,Invalid Meter Read,High,2024-06-03,2024-06-06,Resolved
EXC00001220,BILL00015054,ACCT001255,CUST001255,2024-06,Residential,KERN,Invalid Meter Read,High,2024-07-03,,Open
EXC00001221,BILL00015061,ACCT001256,CUST001256,2024-01,Residential,SAN FRANCISCO,Inactive Account,High,2024-02-03,2024-02-14,Resolved
EXC00001222,BILL00015062,ACCT001256,CUST001256,2024-02,Residential,SAN FRANCISCO,Inactive Account,High,2024-03-03,,In Review
EXC00001223,BILL00015063,ACCT001256,CUST001256,2024-03,Residential,SAN FRANCISCO,Inactive Account,High,2024-04-03,,Open
EXC00001224,BILL00015064,ACCT001256,CUST001256,2024-04,Residential,SAN FRANCISCO,Inactive Account,High,2024-05-03,,In Review
EXC00001225,BILL00015065,ACCT001256,CUST001256,2024-05,Residential,SAN FRANCISCO,Inactive Account,High,2024-06-03,2024-06-17,Resolved
EXC00001226,BILL00015066,ACCT001256,CUST001256,2024-06,Residential,SAN FRANCISCO,Inactive Account,High,2024-07-03,2024-07-12,Resolved
EXC00001227,BILL00015067,ACCT001256,CUST001256,2024-07,Residential,SAN FRANCISCO,Inactive Account,High,2024-08-03,,Open
EXC00001228,BILL00015068,ACCT001256,CUST001256,2024-08,Residential,SAN FRANCISCO,Inactive Account,High,2024-09-03,2024-09-12,Resolved
EXC00001229,BILL00015069,ACCT001256,CUST001256,2024-09,Residential,SAN FRANCISCO,Inactive Account,High,2024-10-03,2024-10-08,Resolved
EXC00001230,BILL00015070,ACCT001256,CUST001256,2024-10,Residential,SAN FRANCISCO,Inactive Account,High,2024-11-03,,Open
EXC00001231,BILL00015071,ACCT001256,CUST001256,2024-11,Residential,SAN FRANCISCO,Inactive Account,High,2024-12-03,,Open
EXC00001232,BILL00015072,ACCT001256,CUST001256,2024-12,Residential,SAN FRANCISCO,Inactive Account,High,2025-01-03,2025-01-16,Resolved
EXC00001233,BILL00015111,ACCT001260,CUST001260,2024-03,Residential,SANTA CLARA,Missing Meter Read,Medium,2024-04-03,2024-04-08,Resolved
EXC00001234,BILL00015116,ACCT001260,CUST001260,2024-08,Residential,SANTA CLARA,Missing Meter Read,Medium,2024-09-03,,In Review
EXC00001235,BILL00015119,ACCT001260,CUST001260,2024-11,Residential,SANTA CLARA,Invalid Meter Read,High,2024-12-03,,Open
EXC00001236,BILL00015132,ACCT001261,CUST001261,2024-12,Residential,SANTA CLARA,Missing Meter Read,Medium,2025-01-03,,Open
EXC00001237,BILL00015224,ACCT001269,CUST001269,2024-08,Residential,ALAMEDA,Invalid Meter Read,High,2024-09-03,2024-09-04,Resolved
EXC00001238,BILL00015229,ACCT001270,CUST001270,2024-01,Residential,SANTA BARBARA,Missing Meter Read,Medium,2024-02-03,2024-02-04,Resolved
EXC00001239,BILL00015284,ACCT001274,CUST001274,2024-08,Residential,SAN FRANCISCO,Invalid Meter Read,High,2024-09-03,2024-09-07,Resolved
EXC00001240,BILL00015343,ACCT001279,CUST001279,2024-07,Residential,SAN JOAQUIN,Missing Meter Read,Medium,2024-08-03,,In Review
EXC00001241,BILL00015352,ACCT001280,CUST001280,2024-04,Residential,SANTA CLARA,Invalid Meter Read,High,2024-05-03,2024-05-04,Resolved
EXC00001242,BILL00015383,ACCT001282,CUST001282,2024-11,Residential,SAN FRANCISCO,Invalid Meter Read,High,2024-12-03,2024-12-10,Resolved
EXC00001243,BILL00015385,ACCT001283,CUST001283,2024-01,Residential,MADERA,Inactive Account,High,2024-02-03,,Open
EXC00001244,BILL00015386,ACCT001283,CUST001283,2024-02,Residential,MADERA,Inactive Account,High,2024-03-03,2024-03-16,Resolved
EXC00001245,BILL00015387,ACCT001283,CUST001283,2024-03,Residential,MADERA,Inactive Account,High,2024-04-03,,Open
EXC00001246,BILL00015388,ACCT001283,CUST001283,2024-04,Residential,MADERA,Inactive Account,High,2024-05-03,,In Review
EXC00001247,BILL00015389,ACCT001283,CUST001283,2024-05,Residential,MADERA,Inactive Account,High,2024-06-03,,Open
EXC00001248,BILL00015390,ACCT001283,CUST001283,2024-06,Residential,MADERA,Inactive Account,High,2024-07-03,2024-07-14,Resolved
EXC00001249,BILL00015391,ACCT001283,CUST001283,2024-07,Residential,MADERA,Inactive Account,High,2024-08-03,2024-08-15,Resolved
EXC00001250,BILL00015392,ACCT001283,CUST001283,2024-08,Residential,MADERA,Inactive Account,High,2024-09-03,,Open
EXC00001251,BILL00015393,ACCT001283,CUST001283,2024-09,Residential,MADERA,Inactive Account,High,2024-10-03,,Open
EXC00001252,BILL00015394,ACCT001283,CUST001283,2024-10,Residential,MADERA,Inactive Account,High,2024-11-03,2024-11-07,Resolved
EXC00001253,BILL00015395,ACCT001283,CUST001283,2024-11,Residential,MADERA,Inactive Account,High,2024-12-03,,In Review
EXC00001254,BILL00015396,ACCT001283,CUST001283,2024-12,Residential,MADERA,Inactive Account,High,2025-01-03,2025-01-14,Resolved
EXC00001255,BILL00015414,ACCT001285,CUST001285,2024-06,Residential,SANTA CLARA,Invalid Meter Read,High,2024-07-03,2024-07-17,Resolved
EXC00001256,BILL00015433,ACCT001287,CUST001287,2024-01,Residential,MONTEREY,Inactive Account,High,2024-02-03,2024-02-07,Resolved
EXC00001257,BILL00015434,ACCT001287,CUST001287,2024-02,Residential,MONTEREY,Inactive Account,High,2024-03-03,2024-03-15,Resolved
EXC00001258,BILL00015435,ACCT001287,CUST001287,2024-03,Residential,MONTEREY,Inactive Account,High,2024-04-03,2024-04-09,Resolved
EXC00001259,BILL00015436,ACCT001287,CUST001287,2024-04,Residential,MONTEREY,Inactive Account,High,2024-05-03,2024-05-11,Resolved
EXC00001260,BILL00015437,ACCT001287,CUST001287,2024-05,Residential,MONTEREY,Inactive Account,High,2024-06-03,2024-06-14,Resolved
EXC00001261,BILL00015438,ACCT001287,CUST001287,2024-06,Residential,MONTEREY,Inactive Account,High,2024-07-03,,In Review
EXC00001262,BILL00015439,ACCT001287,CUST001287,2024-07,Residential,MONTEREY,Inactive Account,High,2024-08-03,,Open
EXC00001263,BILL00015440,ACCT001287,CUST001287,2024-08,Residential,MONTEREY,Inactive Account,High,2024-09-03,,In Review
EXC00001264,BILL00015441,ACCT001287,CUST001287,2024-09,Residential,MONTEREY,Inactive Account,High,2024-10-03,2024-10-11,Resolved
EXC00001265,BILL00015442,ACCT001287,CUST001287,2024-10,Residential,MONTEREY,Inactive Account,High,2024-11-03,2024-11-10,Resolved
EXC00001266,BILL00015443,ACCT001287,CUST001287,2024-11,Residential,MONTEREY,Inactive Account,High,2024-12-03,,Open
EXC00001267,BILL00015444,ACCT001287,CUST001287,2024-12,Residential,MONTEREY,Inactive Account,High,2025-01-03,,Open
EXC00001268,BILL00015509,ACCT001293,CUST001293,2024-05,Residential,NAPA,Invalid Meter Read,High,2024-06-03,,Open
EXC00001269,BILL00015533,ACCT001295,CUST001295,2024-05,Commercial,MONTEREY,Missing Meter Read,Medium,2024-06-03,2024-06-04,Resolved
EXC00001270,BILL00015564,ACCT001297,CUST001297,2024-12,Residential,SAN MATEO,Missing Meter Read,Medium,2025-01-03,2025-01-15,Resolved
EXC00001271,BILL00015566,ACCT001298,CUST001298,2024-02,Residential,SANTA CLARA,Invalid Meter Read,High,2024-03-03,2024-03-05,Resolved
EXC00001272,BILL00015663,ACCT001306,CUST001306,2024-03,Commercial,KERN,Missing Meter Read,Medium,2024-04-03,2024-04-12,Resolved
EXC00001273,BILL00015666,ACCT001306,CUST001306,2024-06,Commercial,KERN,Missing Meter Read,Medium,2024-07-03,,In Review
EXC00001274,BILL00015669,ACCT001306,CUST001306,2024-09,Commercial,KERN,Invalid Meter Read,High,2024-10-03,2024-10-17,Resolved
EXC00001275,BILL00015673,ACCT001307,CUST001307,2024-01,Residential,MARIN,Inactive Account,High,2024-02-03,2024-02-05,Resolved
EXC00001276,BILL00015674,ACCT001307,CUST001307,2024-02,Residential,MARIN,Inactive Account,High,2024-03-03,,Open
EXC00001277,BILL00015675,ACCT001307,CUST001307,2024-03,Residential,MARIN,Inactive Account,High,2024-04-03,,Open
EXC00001278,BILL00015676,ACCT001307,CUST001307,2024-04,Residential,MARIN,Inactive Account,High,2024-05-03,2024-05-05,Resolved
EXC00001279,BILL00015677,ACCT001307,CUST001307,2024-05,Residential,MARIN,Inactive Account,High,2024-06-03,2024-06-11,Resolved
EXC00001280,BILL00015678,ACCT001307,CUST001307,2024-06,Residential,MARIN,Inactive Account,High,2024-07-03,,Open
EXC00001281,BILL00015679,ACCT001307,CUST001307,2024-07,Residential,MARIN,Inactive Account,High,2024-08-03,,Open
EXC00001282,BILL00015680,ACCT001307,CUST001307,2024-08,Residential,MARIN,Inactive Account,High,2024-09-03,,Open
EXC00001283,BILL00015681,ACCT001307,CUST001307,2024-09,Residential,MARIN,Inactive Account,High,2024-10-03,2024-10-12,Resolved
EXC00001284,BILL00015682,ACCT001307,CUST001307,2024-10,Residential,MARIN,Inactive Account,High,2024-11-03,2024-11-11,Resolved
EXC00001285,BILL00015683,ACCT001307,CUST001307,2024-11,Residential,MARIN,Inactive Account,High,2024-12-03,,Open
EXC00001286,BILL00015684,ACCT001307,CUST001307,2024-12,Residential,MARIN,Inactive Account,High,2025-01-03,,Open
EXC00001287,BILL00015737,ACCT001312,CUST001312,2024-05,Commercial,PLACER,Missing Meter Read,Medium,2024-06-03,2024-06-07,Resolved
EXC00001288,BILL00015739,ACCT001312,CUST001312,2024-07,Commercial,PLACER,Missing Meter Read,Medium,2024-08-03,2024-08-16,Resolved
EXC00001289,BILL00015757,ACCT001314,CUST001314,2024-01,Commercial,ALAMEDA,Inactive Account,High,2024-02-03,2024-02-06,Resolved
EXC00001290,BILL00015758,ACCT001314,CUST001314,2024-02,Commercial,ALAMEDA,Inactive Account,High,2024-03-03,2024-03-12,Resolved
EXC00001291,BILL00015759,ACCT001314,CUST001314,2024-03,Commercial,ALAMEDA,Inactive Account,High,2024-04-03,,Open
EXC00001292,BILL00015760,ACCT001314,CUST001314,2024-04,Commercial,ALAMEDA,Inactive Account,High,2024-05-03,,In Review
EXC00001293,BILL00015761,ACCT001314,CUST001314,2024-05,Commercial,ALAMEDA,Inactive Account,High,2024-06-03,2024-06-16,Resolved
EXC00001294,BILL00015762,ACCT001314,CUST001314,2024-06,Commercial,ALAMEDA,Inactive Account,High,2024-07-03,2024-07-16,Resolved
EXC00001295,BILL00015763,ACCT001314,CUST001314,2024-07,Commercial,ALAMEDA,Inactive Account,High,2024-08-03,2024-08-11,Resolved
EXC00001296,BILL00015764,ACCT001314,CUST001314,2024-08,Commercial,ALAMEDA,Inactive Account,High,2024-09-03,2024-09-16,Resolved
EXC00001297,BILL00015765,ACCT001314,CUST001314,2024-09,Commercial,ALAMEDA,Inactive Account,High,2024-10-03,,In Review
EXC00001298,BILL00015766,ACCT001314,CUST001314,2024-10,Commercial,ALAMEDA,Inactive Account,High,2024-11-03,,Open
EXC00001299,BILL00015767,ACCT001314,CUST001314,2024-11,Commercial,ALAMEDA,Inactive Account,High,2024-12-03,,Open
EXC00001300,BILL00015768,ACCT001314,CUST001314,2024-12,Commercial,ALAMEDA,Inactive Account,High,2025-01-03,2025-01-17,Resolved
EXC00001301,BILL00015769,ACCT001315,CUST001315,2024-01,Residential,ALAMEDA,Inactive Account,High,2024-02-03,,Open
EXC00001302,BILL00015770,ACCT001315,CUST001315,2024-02,Residential,ALAMEDA,Inactive Account,High,2024-03-03,2024-03-14,Resolved
EXC00001303,BILL00015771,ACCT001315,CUST001315,2024-03,Residential,ALAMEDA,Inactive Account,High,2024-04-03,2024-04-10,Resolved
EXC00001304,BILL00015772,ACCT001315,CUST001315,2024-04,Residential,ALAMEDA,Inactive Account,High,2024-05-03,2024-05-05,Resolved
EXC00001305,BILL00015773,ACCT001315,CUST001315,2024-05,Residential,ALAMEDA,Inactive Account,High,2024-06-03,2024-06-13,Resolved
EXC00001306,BILL00015774,ACCT001315,CUST001315,2024-06,Residential,ALAMEDA,Inactive Account,High,2024-07-03,,In Review
EXC00001307,BILL00015775,ACCT001315,CUST001315,2024-07,Residential,ALAMEDA,Inactive Account,High,2024-08-03,2024-08-08,Resolved
EXC00001308,BILL00015776,ACCT001315,CUST001315,2024-08,Residential,ALAMEDA,Inactive Account,High,2024-09-03,2024-09-14,Resolved
EXC00001309,BILL00015777,ACCT001315,CUST001315,2024-09,Residential,ALAMEDA,Inactive Account,High,2024-10-03,2024-10-09,Resolved
EXC00001310,BILL00015778,ACCT001315,CUST001315,2024-10,Residential,ALAMEDA,Inactive Account,High,2024-11-03,2024-11-11,Resolved
EXC00001311,BILL00015779,ACCT001315,CUST001315,2024-11,Residential,ALAMEDA,Inactive Account,High,2024-12-03,2024-12-12,Resolved
EXC00001312,BILL00015780,ACCT001315,CUST001315,2024-12,Residential,ALAMEDA,Inactive Account,High,2025-01-03,2025-01-17,Resolved
EXC00001313,BILL00015808,ACCT001318,CUST001318,2024-04,Residential,SAN FRANCISCO,Missing Meter Read,Medium,2024-05-03,2024-05-17,Resolved
EXC00001314,BILL00015829,ACCT001320,CUST001320,2024-01,Residential,CONTRA COSTA,Inactive Account,High,2024-02-03,,Open
EXC00001315,BILL00015830,ACCT001320,CUST001320,2024-02,Residential,CONTRA COSTA,Inactive Account,High,2024-03-03,,Open
EXC00001316,BILL00015831,ACCT001320,CUST001320,2024-03,Residential,CONTRA COSTA,Inactive Account,High,2024-04-03,2024-04-09,Resolved
EXC00001317,BILL00015832,ACCT001320,CUST001320,2024-04,Residential,CONTRA COSTA,Inactive Account,High,2024-05-03,2024-05-16,Resolved
EXC00001318,BILL00015833,ACCT001320,CUST001320,2024-05,Residential,CONTRA COSTA,Inactive Account,High,2024-06-03,2024-06-05,Resolved
EXC00001319,BILL00015834,ACCT001320,CUST001320,2024-06,Residential,CONTRA COSTA,Inactive Account,High,2024-07-03,2024-07-07,Resolved
EXC00001320,BILL00015835,ACCT001320,CUST001320,2024-07,Residential,CONTRA COSTA,Inactive Account,High,2024-08-03,,Open
EXC00001321,BILL00015836,ACCT001320,CUST001320,2024-08,Residential,CONTRA COSTA,Inactive Account,High,2024-09-03,2024-09-07,Resolved
EXC00001322,BILL00015837,ACCT001320,CUST001320,2024-09,Residential,CONTRA COSTA,Inactive Account,High,2024-10-03,2024-10-06,Resolved
EXC00001323,BILL00015838,ACCT001320,CUST001320,2024-10,Residential,CONTRA COSTA,Inactive Account,High,2024-11-03,2024-11-06,Resolved
EXC00001324,BILL00015839,ACCT001320,CUST001320,2024-11,Residential,CONTRA COSTA,Inactive Account,High,2024-12-03,,Open
EXC00001325,BILL00015840,ACCT001320,CUST001320,2024-12,Residential,CONTRA COSTA,Inactive Account,High,2025-01-03,2025-01-05,Resolved
EXC00001326,BILL00015889,ACCT001325,CUST001325,2024-01,"Transportation, Communications, & Utilities",SANTA CLARA,Inactive Account,High,2024-02-03,2024-02-12,Resolved
EXC00001327,BILL00015890,ACCT001325,CUST001325,2024-02,"Transportation, Communications, & Utilities",SANTA CLARA,Inactive Account,High,2024-03-03,2024-03-12,Resolved
EXC00001328,BILL00015891,ACCT001325,CUST001325,2024-03,"Transportation, Communications, & Utilities",SANTA CLARA,Inactive Account,High,2024-04-03,2024-04-13,Resolved
EXC00001329,BILL00015892,ACCT001325,CUST001325,2024-04,"Transportation, Communications, & Utilities",SANTA CLARA,Inactive Account,High,2024-05-03,,Open
EXC00001330,BILL00015893,ACCT001325,CUST001325,2024-05,"Transportation, Communications, & Utilities",SANTA CLARA,Inactive Account,High,2024-06-03,2024-06-17,Resolved
EXC00001331,BILL00015894,ACCT001325,CUST001325,2024-06,"Transportation, Communications, & Utilities",SANTA CLARA,Inactive Account,High,2024-07-03,,Open
EXC00001332,BILL00015895,ACCT001325,CUST001325,2024-07,"Transportation, Communications, & Utilities",SANTA CLARA,Inactive Account,High,2024-08-03,2024-08-10,Resolved
EXC00001333,BILL00015896,ACCT001325,CUST001325,2024-08,"Transportation, Communications, & Utilities",SANTA CLARA,Inactive Account,High,2024-09-03,2024-09-09,Resolved
EXC00001334,BILL00015897,ACCT001325,CUST001325,2024-09,"Transportation, Communications, & Utilities",SANTA CLARA,Inactive Account,High,2024-10-03,2024-10-06,Resolved
EXC00001335,BILL00015898,ACCT001325,CUST001325,2024-10,"Transportation, Communications, & Utilities",SANTA CLARA,Inactive Account,High,2024-11-03,2024-11-09,Resolved
EXC00001336,BILL00015899,ACCT001325,CUST001325,2024-11,"Transportation, Communications, & Utilities",SANTA CLARA,Inactive Account,High,2024-12-03,2024-12-05,Resolved
EXC00001337,BILL00015900,ACCT001325,CUST001325,2024-12,"Transportation, Communications, & Utilities",SANTA CLARA,Inactive Account,High,2025-01-03,2025-01-16,Resolved
EXC00001338,BILL00015942,ACCT001329,CUST001329,2024-06,Residential,KERN,Missing Meter Read,Medium,2024-07-03,,In Review
EXC00001339,BILL00016017,ACCT001335,CUST001335,2024-09,Agriculture And Water Pumping,ALAMEDA,Invalid Meter Read,High,2024-10-03,2024-10-05,Resolved
EXC00001340,BILL00016035,ACCT001337,CUST001337,2024-03,Residential,SANTA CLARA,Invalid Meter Read,High,2024-04-03,,In Review
EXC00001341,BILL00016041,ACCT001337,CUST001337,2024-09,Residential,SANTA CLARA,Missing Meter Read,Medium,2024-10-03,2024-10-09,Resolved
EXC00001342,BILL00016066,ACCT001339,CUST001339,2024-10,Residential,KERN,Missing Meter Read,Medium,2024-11-03,,In Review
EXC00001343,BILL00016141,ACCT001346,CUST001346,2024-01,Residential,CONTRA COSTA,Inactive Account,High,2024-02-03,2024-02-04,Resolved
EXC00001344,BILL00016142,ACCT001346,CUST001346,2024-02,Residential,CONTRA COSTA,Inactive Account,High,2024-03-03,2024-03-13,Resolved
EXC00001345,BILL00016143,ACCT001346,CUST001346,2024-03,Residential,CONTRA COSTA,Inactive Account,High,2024-04-03,2024-04-17,Resolved
EXC00001346,BILL00016144,ACCT001346,CUST001346,2024-04,Residential,CONTRA COSTA,Inactive Account,High,2024-05-03,,Open
EXC00001347,BILL00016145,ACCT001346,CUST001346,2024-05,Residential,CONTRA COSTA,Inactive Account,High,2024-06-03,2024-06-16,Resolved
EXC00001348,BILL00016146,ACCT001346,CUST001346,2024-06,Residential,CONTRA COSTA,Inactive Account,High,2024-07-03,,Open
EXC00001349,BILL00016147,ACCT001346,CUST001346,2024-07,Residential,CONTRA COSTA,Inactive Account,High,2024-08-03,,Open
EXC00001350,BILL00016148,ACCT001346,CUST001346,2024-08,Residential,CONTRA COSTA,Inactive Account,High,2024-09-03,,Open
EXC00001351,BILL00016149,ACCT001346,CUST001346,2024-09,Residential,CONTRA COSTA,Inactive Account,High,2024-10-03,2024-10-14,Resolved
EXC00001352,BILL00016150,ACCT001346,CUST001346,2024-10,Residential,CONTRA COSTA,Inactive Account,High,2024-11-03,,In Review
EXC00001353,BILL00016151,ACCT001346,CUST001346,2024-11,Residential,CONTRA COSTA,Inactive Account,High,2024-12-03,2024-12-05,Resolved
EXC00001354,BILL00016152,ACCT001346,CUST001346,2024-12,Residential,CONTRA COSTA,Inactive Account,High,2025-01-03,,Open
EXC00001355,BILL00016153,ACCT001347,CUST001347,2024-01,Residential,ALAMEDA,Inactive Account,High,2024-02-03,,Open
EXC00001356,BILL00016154,ACCT001347,CUST001347,2024-02,Residential,ALAMEDA,Inactive Account,High,2024-03-03,,Open
EXC00001357,BILL00016155,ACCT001347,CUST001347,2024-03,Residential,ALAMEDA,Inactive Account,High,2024-04-03,,Open
EXC00001358,BILL00016156,ACCT001347,CUST001347,2024-04,Residential,ALAMEDA,Inactive Account,High,2024-05-03,,Open
EXC00001359,BILL00016157,ACCT001347,CUST001347,2024-05,Residential,ALAMEDA,Inactive Account,High,2024-06-03,2024-06-16,Resolved
EXC00001360,BILL00016158,ACCT001347,CUST001347,2024-06,Residential,ALAMEDA,Inactive Account,High,2024-07-03,,Open
EXC00001361,BILL00016159,ACCT001347,CUST001347,2024-07,Residential,ALAMEDA,Inactive Account,High,2024-08-03,2024-08-17,Resolved
EXC00001362,BILL00016160,ACCT001347,CUST001347,2024-08,Residential,ALAMEDA,Inactive Account,High,2024-09-03,,Open
EXC00001363,BILL00016161,ACCT001347,CUST001347,2024-09,Residential,ALAMEDA,Inactive Account,High,2024-10-03,,In Review
EXC00001364,BILL00016162,ACCT001347,CUST001347,2024-10,Residential,ALAMEDA,Inactive Account,High,2024-11-03,2024-11-16,Resolved
EXC00001365,BILL00016163,ACCT001347,CUST001347,2024-11,Residential,ALAMEDA,Inactive Account,High,2024-12-03,2024-12-10,Resolved
EXC00001366,BILL00016164,ACCT001347,CUST001347,2024-12,Residential,ALAMEDA,Inactive Account,High,2025-01-03,2025-01-08,Resolved
EXC00001367,BILL00016185,ACCT001349,CUST001349,2024-09,"Transportation, Communications, & Utilities",SAN LUIS OBISPO,Missing Meter Read,Medium,2024-10-03,,Open
EXC00001368,BILL00016206,ACCT001351,CUST001351,2024-06,Commercial,CONTRA COSTA,Missing Meter Read,Medium,2024-07-03,,In Review
EXC00001369,BILL00016256,ACCT001355,CUST001355,2024-08,Residential,YOLO,Invalid Meter Read,High,2024-09-03,,Open
EXC00001370,BILL00016260,ACCT001355,CUST001355,2024-12,Residential,YOLO,Missing Meter Read,Medium,2025-01-03,2025-01-15,Resolved
EXC00001371,BILL00016293,ACCT001358,CUST001358,2024-09,Residential,KERN,Invalid Meter Read,High,2024-10-03,,In Review
EXC00001372,BILL00016302,ACCT001359,CUST001359,2024-06,Residential,PLUMAS,Invalid Meter Read,High,2024-07-03,2024-07-05,Resolved
EXC00001373,BILL00016318,ACCT001360,CUST001360,2024-10,Residential,FRESNO,Invalid Meter Read,High,2024-11-03,2024-11-08,Resolved
EXC00001374,BILL00016341,ACCT001362,CUST001362,2024-09,Residential,KERN,Invalid Meter Read,High,2024-10-03,,Open
EXC00001375,BILL00016343,ACCT001362,CUST001362,2024-11,Residential,KERN,Invalid Meter Read,High,2024-12-03,2024-12-15,Resolved
EXC00001376,BILL00016348,ACCT001363,CUST001363,2024-04,Residential,ALAMEDA,Invalid Meter Read,High,2024-05-03,2024-05-09,Resolved
EXC00001377,BILL00016352,ACCT001363,CUST001363,2024-08,Residential,ALAMEDA,Missing Meter Read,Medium,2024-09-03,2024-09-16,Resolved
EXC00001378,BILL00016372,ACCT001365,CUST001365,2024-04,Residential,KERN,Missing Meter Read,Medium,2024-05-03,,Open
EXC00001379,BILL00016405,ACCT001368,CUST001368,2024-01,Commercial,SANTA CLARA,Inactive Account,High,2024-02-03,2024-02-12,Resolved
EXC00001380,BILL00016406,ACCT001368,CUST001368,2024-02,Commercial,SANTA CLARA,Inactive Account,High,2024-03-03,2024-03-11,Resolved
EXC00001381,BILL00016407,ACCT001368,CUST001368,2024-03,Commercial,SANTA CLARA,Inactive Account,High,2024-04-03,,Open
EXC00001382,BILL00016408,ACCT001368,CUST001368,2024-04,Commercial,SANTA CLARA,Inactive Account,High,2024-05-03,2024-05-15,Resolved
EXC00001383,BILL00016409,ACCT001368,CUST001368,2024-05,Commercial,SANTA CLARA,Inactive Account,High,2024-06-03,,In Review
EXC00001384,BILL00016410,ACCT001368,CUST001368,2024-06,Commercial,SANTA CLARA,Inactive Account,High,2024-07-03,2024-07-07,Resolved
EXC00001385,BILL00016411,ACCT001368,CUST001368,2024-07,Commercial,SANTA CLARA,Inactive Account,High,2024-08-03,2024-08-13,Resolved
EXC00001386,BILL00016412,ACCT001368,CUST001368,2024-08,Commercial,SANTA CLARA,Inactive Account,High,2024-09-03,2024-09-15,Resolved
EXC00001387,BILL00016413,ACCT001368,CUST001368,2024-09,Commercial,SANTA CLARA,Inactive Account,High,2024-10-03,,Open
EXC00001388,BILL00016414,ACCT001368,CUST001368,2024-10,Commercial,SANTA CLARA,Inactive Account,High,2024-11-03,,Open
EXC00001389,BILL00016415,ACCT001368,CUST001368,2024-11,Commercial,SANTA CLARA,Inactive Account,High,2024-12-03,,Open
EXC00001390,BILL00016416,ACCT001368,CUST001368,2024-12,Commercial,SANTA CLARA,Inactive Account,High,2025-01-03,2025-01-10,Resolved
EXC00001391,BILL00016445,ACCT001371,CUST001371,2024-05,Agriculture And Water Pumping,FRESNO,Invalid Meter Read,High,2024-06-03,2024-06-08,Resolved
EXC00001392,BILL00016449,ACCT001371,CUST001371,2024-09,Agriculture And Water Pumping,FRESNO,Missing Meter Read,Medium,2024-10-03,2024-10-17,Resolved
EXC00001393,BILL00016456,ACCT001372,CUST001372,2024-04,Residential,SAN MATEO,Missing Meter Read,Medium,2024-05-03,2024-05-13,Resolved
EXC00001394,BILL00016490,ACCT001375,CUST001375,2024-02,Residential,SANTA CLARA,Invalid Meter Read,High,2024-03-03,2024-03-14,Resolved
EXC00001395,BILL00016505,ACCT001376,CUST001376,2024-05,Commercial,CONTRA COSTA,Missing Meter Read,Medium,2024-06-03,,In Review
EXC00001396,BILL00016538,ACCT001379,CUST001379,2024-02,Residential,KINGS,Missing Meter Read,Medium,2024-03-03,,Open
EXC00001397,BILL00016596,ACCT001383,CUST001383,2024-12,Agriculture And Water Pumping,CONTRA COSTA,Missing Meter Read,Medium,2025-01-03,,Open
EXC00001398,BILL00016602,ACCT001384,CUST001384,2024-06,Residential,ALAMEDA,Invalid Meter Read,High,2024-07-03,,Open
EXC00001399,BILL00016657,ACCT001389,CUST001389,2024-01,Agriculture And Water Pumping,ALAMEDA,Inactive Account,High,2024-02-03,2024-02-07,Resolved
EXC00001400,BILL00016658,ACCT001389,CUST001389,2024-02,Agriculture And Water Pumping,ALAMEDA,Inactive Account,High,2024-03-03,,Open
EXC00001401,BILL00016659,ACCT001389,CUST001389,2024-03,Agriculture And Water Pumping,ALAMEDA,Inactive Account,High,2024-04-03,,Open
EXC00001402,BILL00016660,ACCT001389,CUST001389,2024-04,Agriculture And Water Pumping,ALAMEDA,Inactive Account,High,2024-05-03,,Open
EXC00001403,BILL00016661,ACCT001389,CUST001389,2024-05,Agriculture And Water Pumping,ALAMEDA,Inactive Account,High,2024-06-03,,Open
EXC00001404,BILL00016662,ACCT001389,CUST001389,2024-06,Agriculture And Water Pumping,ALAMEDA,Inactive Account,High,2024-07-03,2024-07-10,Resolved
EXC00001405,BILL00016663,ACCT001389,CUST001389,2024-07,Agriculture And Water Pumping,ALAMEDA,Inactive Account,High,2024-08-03,,Open
EXC00001406,BILL00016664,ACCT001389,CUST001389,2024-08,Agriculture And Water Pumping,ALAMEDA,Inactive Account,High,2024-09-03,2024-09-11,Resolved
EXC00001407,BILL00016665,ACCT001389,CUST001389,2024-09,Agriculture And Water Pumping,ALAMEDA,Inactive Account,High,2024-10-03,2024-10-04,Resolved
EXC00001408,BILL00016666,ACCT001389,CUST001389,2024-10,Agriculture And Water Pumping,ALAMEDA,Inactive Account,High,2024-11-03,2024-11-16,Resolved
EXC00001409,BILL00016667,ACCT001389,CUST001389,2024-11,Agriculture And Water Pumping,ALAMEDA,Inactive Account,High,2024-12-03,2024-12-05,Resolved
EXC00001410,BILL00016668,ACCT001389,CUST001389,2024-12,Agriculture And Water Pumping,ALAMEDA,Inactive Account,High,2025-01-03,2025-01-07,Resolved
EXC00001411,BILL00016694,ACCT001392,CUST001392,2024-02,Residential,KERN,Missing Meter Read,Medium,2024-03-03,2024-03-10,Resolved
EXC00001412,BILL00016710,ACCT001393,CUST001393,2024-06,Residential,SOLANO,Invalid Meter Read,High,2024-07-03,,Open
EXC00001413,BILL00016729,ACCT001395,CUST001395,2024-01,Residential,SHASTA,Missing Meter Read,Medium,2024-02-03,,Open
EXC00001414,BILL00016747,ACCT001396,CUST001396,2024-07,Commercial,ALAMEDA,Missing Meter Read,Medium,2024-08-03,,Open
EXC00001415,BILL00016809,ACCT001401,CUST001401,2024-09,Residential,FRESNO,Invalid Meter Read,High,2024-10-03,2024-10-06,Resolved
EXC00001416,BILL00016818,ACCT001402,CUST001402,2024-06,Residential,MONTEREY,Invalid Meter Read,High,2024-07-03,,Open
EXC00001417,BILL00016863,ACCT001406,CUST001406,2024-03,Residential,SONOMA,Missing Meter Read,Medium,2024-04-03,2024-04-14,Resolved
EXC00001418,BILL00016884,ACCT001407,CUST001407,2024-12,Commercial,ALAMEDA,Invalid Meter Read,High,2025-01-03,,In Review
EXC00001419,BILL00016937,ACCT001412,CUST001412,2024-05,Residential,SAN MATEO,Missing Meter Read,Medium,2024-06-03,,Open
EXC00001420,BILL00016954,ACCT001413,CUST001413,2024-10,Residential,BUTTE,Invalid Meter Read,High,2024-11-03,2024-11-12,Resolved
EXC00001421,BILL00016962,ACCT001414,CUST001414,2024-06,Residential,KERN,Missing Meter Read,Medium,2024-07-03,,In Review
EXC00001422,BILL00016995,ACCT001417,CUST001417,2024-03,Residential,KERN,Missing Meter Read,Medium,2024-04-03,2024-04-07,Resolved
EXC00001423,BILL00017026,ACCT001419,CUST001419,2024-10,Residential,MADERA,Missing Meter Read,Medium,2024-11-03,,Open
EXC00001424,BILL00017065,ACCT001423,CUST001423,2024-01,Residential,CONTRA COSTA,Inactive Account,High,2024-02-03,,Open
EXC00001425,BILL00017066,ACCT001423,CUST001423,2024-02,Residential,CONTRA COSTA,Inactive Account,High,2024-03-03,2024-03-13,Resolved
EXC00001426,BILL00017067,ACCT001423,CUST001423,2024-03,Residential,CONTRA COSTA,Inactive Account,High,2024-04-03,,Open
EXC00001427,BILL00017068,ACCT001423,CUST001423,2024-04,Residential,CONTRA COSTA,Inactive Account,High,2024-05-03,,In Review
EXC00001428,BILL00017069,ACCT001423,CUST001423,2024-05,Residential,CONTRA COSTA,Inactive Account,High,2024-06-03,,Open
EXC00001429,BILL00017070,ACCT001423,CUST001423,2024-06,Residential,CONTRA COSTA,Inactive Account,High,2024-07-03,,Open
EXC00001430,BILL00017071,ACCT001423,CUST001423,2024-07,Residential,CONTRA COSTA,Inactive Account,High,2024-08-03,,In Review
EXC00001431,BILL00017072,ACCT001423,CUST001423,2024-08,Residential,CONTRA COSTA,Inactive Account,High,2024-09-03,,Open
EXC00001432,BILL00017073,ACCT001423,CUST001423,2024-09,Residential,CONTRA COSTA,Inactive Account,High,2024-10-03,2024-10-14,Resolved
EXC00001433,BILL00017074,ACCT001423,CUST001423,2024-10,Residential,CONTRA COSTA,Inactive Account,High,2024-11-03,,In Review
EXC00001434,BILL00017075,ACCT001423,CUST001423,2024-11,Residential,CONTRA COSTA,Inactive Account,High,2024-12-03,,Open
EXC00001435,BILL00017076,ACCT001423,CUST001423,2024-12,Residential,CONTRA COSTA,Inactive Account,High,2025-01-03,2025-01-05,Resolved
EXC00001436,BILL00017110,ACCT001426,CUST001426,2024-10,Agriculture And Water Pumping,SANTA CLARA,Missing Meter Read,Medium,2024-11-03,2024-11-11,Resolved
EXC00001437,BILL00017183,ACCT001432,CUST001432,2024-11,Residential,SUTTER,Missing Meter Read,Medium,2024-12-03,2024-12-06,Resolved
EXC00001438,BILL00017185,ACCT001433,CUST001433,2024-01,Residential,MONTEREY,Inactive Account,High,2024-02-03,,In Review
EXC00001439,BILL00017186,ACCT001433,CUST001433,2024-02,Residential,MONTEREY,Inactive Account,High,2024-03-03,2024-03-09,Resolved
EXC00001440,BILL00017187,ACCT001433,CUST001433,2024-03,Residential,MONTEREY,Inactive Account,High,2024-04-03,,In Review
EXC00001441,BILL00017188,ACCT001433,CUST001433,2024-04,Residential,MONTEREY,Inactive Account,High,2024-05-03,2024-05-16,Resolved
EXC00001442,BILL00017189,ACCT001433,CUST001433,2024-05,Residential,MONTEREY,Inactive Account,High,2024-06-03,2024-06-10,Resolved
EXC00001443,BILL00017190,ACCT001433,CUST001433,2024-06,Residential,MONTEREY,Inactive Account,High,2024-07-03,2024-07-05,Resolved
EXC00001444,BILL00017191,ACCT001433,CUST001433,2024-07,Residential,MONTEREY,Inactive Account,High,2024-08-03,2024-08-04,Resolved
EXC00001445,BILL00017192,ACCT001433,CUST001433,2024-08,Residential,MONTEREY,Inactive Account,High,2024-09-03,,Open
EXC00001446,BILL00017193,ACCT001433,CUST001433,2024-09,Residential,MONTEREY,Inactive Account,High,2024-10-03,,In Review
EXC00001447,BILL00017194,ACCT001433,CUST001433,2024-10,Residential,MONTEREY,Inactive Account,High,2024-11-03,2024-11-11,Resolved
EXC00001448,BILL00017195,ACCT001433,CUST001433,2024-11,Residential,MONTEREY,Inactive Account,High,2024-12-03,2024-12-10,Resolved
EXC00001449,BILL00017196,ACCT001433,CUST001433,2024-12,Residential,MONTEREY,Inactive Account,High,2025-01-03,,Open
EXC00001450,BILL00017206,ACCT001434,CUST001434,2024-10,Residential,PLACER,Missing Meter Read,Medium,2024-11-03,,Open
EXC00001451,BILL00017224,ACCT001436,CUST001436,2024-04,Residential,SAN FRANCISCO,Missing Meter Read,Medium,2024-05-03,2024-05-07,Resolved
EXC00001452,BILL00017278,ACCT001440,CUST001440,2024-10,Residential,PLACER,Missing Meter Read,Medium,2024-11-03,2024-11-12,Resolved
EXC00001453,BILL00017299,ACCT001442,CUST001442,2024-07,Residential,CONTRA COSTA,Missing Meter Read,Medium,2024-08-03,,In Review
EXC00001454,BILL00017302,ACCT001442,CUST001442,2024-10,Residential,CONTRA COSTA,Missing Meter Read,Medium,2024-11-03,,Open
EXC00001455,BILL00017449,ACCT001455,CUST001455,2024-01,Residential,SONOMA,Inactive Account,High,2024-02-03,2024-02-17,Resolved
EXC00001456,BILL00017450,ACCT001455,CUST001455,2024-02,Residential,SONOMA,Inactive Account,High,2024-03-03,2024-03-12,Resolved
EXC00001457,BILL00017451,ACCT001455,CUST001455,2024-03,Residential,SONOMA,Inactive Account,High,2024-04-03,2024-04-08,Resolved
EXC00001458,BILL00017452,ACCT001455,CUST001455,2024-04,Residential,SONOMA,Inactive Account,High,2024-05-03,2024-05-12,Resolved
EXC00001459,BILL00017453,ACCT001455,CUST001455,2024-05,Residential,SONOMA,Inactive Account,High,2024-06-03,,In Review
EXC00001460,BILL00017454,ACCT001455,CUST001455,2024-06,Residential,SONOMA,Inactive Account,High,2024-07-03,2024-07-05,Resolved
EXC00001461,BILL00017455,ACCT001455,CUST001455,2024-07,Residential,SONOMA,Inactive Account,High,2024-08-03,2024-08-10,Resolved
EXC00001462,BILL00017456,ACCT001455,CUST001455,2024-08,Residential,SONOMA,Inactive Account,High,2024-09-03,,Open
EXC00001463,BILL00017457,ACCT001455,CUST001455,2024-09,Residential,SONOMA,Inactive Account,High,2024-10-03,2024-10-16,Resolved
EXC00001464,BILL00017458,ACCT001455,CUST001455,2024-10,Residential,SONOMA,Inactive Account,High,2024-11-03,2024-11-07,Resolved
EXC00001465,BILL00017459,ACCT001455,CUST001455,2024-11,Residential,SONOMA,Inactive Account,High,2024-12-03,2024-12-15,Resolved
EXC00001466,BILL00017460,ACCT001455,CUST001455,2024-12,Residential,SONOMA,Inactive Account,High,2025-01-03,,Open
EXC00001467,BILL00017537,ACCT001462,CUST001462,2024-05,Residential,FRESNO,Missing Meter Read,Medium,2024-06-03,2024-06-15,Resolved
EXC00001468,BILL00017543,ACCT001462,CUST001462,2024-11,Residential,FRESNO,Missing Meter Read,Medium,2024-12-03,,Open
EXC00001469,BILL00017553,ACCT001463,CUST001463,2024-09,Residential,NAPA,Invalid Meter Read,High,2024-10-03,,Open
EXC00001470,BILL00017555,ACCT001463,CUST001463,2024-11,Residential,NAPA,Missing Meter Read,Medium,2024-12-03,2024-12-09,Resolved
EXC00001471,BILL00017665,ACCT001473,CUST001473,2024-01,Commercial,SANTA BARBARA,Inactive Account,High,2024-02-03,,Open
EXC00001472,BILL00017666,ACCT001473,CUST001473,2024-02,Commercial,SANTA BARBARA,Inactive Account,High,2024-03-03,,Open
EXC00001473,BILL00017667,ACCT001473,CUST001473,2024-03,Commercial,SANTA BARBARA,Inactive Account,High,2024-04-03,2024-04-10,Resolved
EXC00001474,BILL00017668,ACCT001473,CUST001473,2024-04,Commercial,SANTA BARBARA,Inactive Account,High,2024-05-03,,Open
EXC00001475,BILL00017669,ACCT001473,CUST001473,2024-05,Commercial,SANTA BARBARA,Inactive Account,High,2024-06-03,,Open
EXC00001476,BILL00017670,ACCT001473,CUST001473,2024-06,Commercial,SANTA BARBARA,Inactive Account,High,2024-07-03,,Open
EXC00001477,BILL00017671,ACCT001473,CUST001473,2024-07,Commercial,SANTA BARBARA,Inactive Account,High,2024-08-03,,Open
EXC00001478,BILL00017672,ACCT001473,CUST001473,2024-08,Commercial,SANTA BARBARA,Inactive Account,High,2024-09-03,,Open
EXC00001479,BILL00017673,ACCT001473,CUST001473,2024-09,Commercial,SANTA BARBARA,Inactive Account,High,2024-10-03,2024-10-07,Resolved
EXC00001480,BILL00017674,ACCT001473,CUST001473,2024-10,Commercial,SANTA BARBARA,Inactive Account,High,2024-11-03,,Open
EXC00001481,BILL00017675,ACCT001473,CUST001473,2024-11,Commercial,SANTA BARBARA,Inactive Account,High,2024-12-03,2024-12-06,Resolved
EXC00001482,BILL00017676,ACCT001473,CUST001473,2024-12,Commercial,SANTA BARBARA,Inactive Account,High,2025-01-03,,In Review
EXC00001483,BILL00017680,ACCT001474,CUST001474,2024-04,Residential,KINGS,Invalid Meter Read,High,2024-05-03,2024-05-12,Resolved
EXC00001484,BILL00017693,ACCT001475,CUST001475,2024-05,Residential,FRESNO,Invalid Meter Read,High,2024-06-03,,Open
EXC00001485,BILL00017727,ACCT001478,CUST001478,2024-03,Residential,SANTA CLARA,Invalid Meter Read,High,2024-04-03,2024-04-14,Resolved
EXC00001486,BILL00017736,ACCT001478,CUST001478,2024-12,Residential,SANTA CLARA,Invalid Meter Read,High,2025-01-03,,In Review
EXC00001487,BILL00017760,ACCT001480,CUST001480,2024-12,Residential,SANTA CLARA,Missing Meter Read,Medium,2025-01-03,2025-01-09,Resolved
EXC00001488,BILL00017795,ACCT001483,CUST001483,2024-11,Residential,SANTA CRUZ,Invalid Meter Read,High,2024-12-03,2024-12-14,Resolved
EXC00001489,BILL00017854,ACCT001488,CUST001488,2024-10,Residential,KERN,Missing Meter Read,Medium,2024-11-03,2024-11-07,Resolved
EXC00001490,BILL00017881,ACCT001491,CUST001491,2024-01,Residential,SAN LUIS OBISPO,Inactive Account,High,2024-02-03,2024-02-11,Resolved
EXC00001491,BILL00017882,ACCT001491,CUST001491,2024-02,Residential,SAN LUIS OBISPO,Inactive Account,High,2024-03-03,,Open
EXC00001492,BILL00017883,ACCT001491,CUST001491,2024-03,Residential,SAN LUIS OBISPO,Inactive Account,High,2024-04-03,2024-04-14,Resolved
EXC00001493,BILL00017884,ACCT001491,CUST001491,2024-04,Residential,SAN LUIS OBISPO,Inactive Account,High,2024-05-03,,Open
EXC00001494,BILL00017885,ACCT001491,CUST001491,2024-05,Residential,SAN LUIS OBISPO,Inactive Account,High,2024-06-03,2024-06-12,Resolved
EXC00001495,BILL00017886,ACCT001491,CUST001491,2024-06,Residential,SAN LUIS OBISPO,Inactive Account,High,2024-07-03,2024-07-14,Resolved
EXC00001496,BILL00017887,ACCT001491,CUST001491,2024-07,Residential,SAN LUIS OBISPO,Inactive Account,High,2024-08-03,,In Review
EXC00001497,BILL00017888,ACCT001491,CUST001491,2024-08,Residential,SAN LUIS OBISPO,Inactive Account,High,2024-09-03,2024-09-05,Resolved
EXC00001498,BILL00017889,ACCT001491,CUST001491,2024-09,Residential,SAN LUIS OBISPO,Inactive Account,High,2024-10-03,2024-10-16,Resolved
EXC00001499,BILL00017890,ACCT001491,CUST001491,2024-10,Residential,SAN LUIS OBISPO,Inactive Account,High,2024-11-03,,Open
EXC00001500,BILL00017891,ACCT001491,CUST001491,2024-11,Residential,SAN LUIS OBISPO,Inactive Account,High,2024-12-03,,Open
EXC00001501,BILL00017892,ACCT001491,CUST001491,2024-12,Residential,SAN LUIS OBISPO,Inactive Account,High,2025-01-03,,Open
EXC00001502,BILL00017924,ACCT001494,CUST001494,2024-08,Residential,SANTA CLARA,Missing Meter Read,Medium,2024-09-03,,In Review
EXC00001503,BILL00017940,ACCT001495,CUST001495,2024-12,Residential,KINGS,Missing Meter Read,Medium,2025-01-03,2025-01-11,Resolved
EXC00001504,BILL00017969,ACCT001498,CUST001498,2024-05,Residential,CONTRA COSTA,Invalid Meter Read,High,2024-06-03,,Open
EXC00001505,BILL00017989,ACCT001500,CUST001500,2024-01,Commercial,MERCED,Inactive Account,High,2024-02-03,,In Review
EXC00001506,BILL00017990,ACCT001500,CUST001500,2024-02,Commercial,MERCED,Inactive Account,High,2024-03-03,,Open
EXC00001507,BILL00017991,ACCT001500,CUST001500,2024-03,Commercial,MERCED,Inactive Account,High,2024-04-03,2024-04-07,Resolved
EXC00001508,BILL00017992,ACCT001500,CUST001500,2024-04,Commercial,MERCED,Inactive Account,High,2024-05-03,2024-05-10,Resolved
EXC00001509,BILL00017993,ACCT001500,CUST001500,2024-05,Commercial,MERCED,Inactive Account,High,2024-06-03,,Open
EXC00001510,BILL00017994,ACCT001500,CUST001500,2024-06,Commercial,MERCED,Inactive Account,High,2024-07-03,,In Review
EXC00001511,BILL00017995,ACCT001500,CUST001500,2024-07,Commercial,MERCED,Inactive Account,High,2024-08-03,2024-08-16,Resolved
EXC00001512,BILL00017996,ACCT001500,CUST001500,2024-08,Commercial,MERCED,Inactive Account,High,2024-09-03,,In Review
EXC00001513,BILL00017997,ACCT001500,CUST001500,2024-09,Commercial,MERCED,Inactive Account,High,2024-10-03,2024-10-16,Resolved
EXC00001514,BILL00017998,ACCT001500,CUST001500,2024-10,Commercial,MERCED,Inactive Account,High,2024-11-03,2024-11-12,Resolved
EXC00001515,BILL00017999,ACCT001500,CUST001500,2024-11,Commercial,MERCED,Inactive Account,High,2024-12-03,2024-12-15,Resolved
EXC00001516,BILL00018000,ACCT001500,CUST001500,2024-12,Commercial,MERCED,Inactive Account,High,2025-01-03,2025-01-04,Resolved
EXC00001517,BILL00018019,ACCT001502,CUST001502,2024-07,Residential,SANTA CLARA,Missing Meter Read,Medium,2024-08-03,,Open
EXC00001518,BILL00018072,ACCT001506,CUST001506,2024-12,Residential,SAN JOAQUIN,Missing Meter Read,Medium,2025-01-03,,In Review
EXC00001519,BILL00018081,ACCT001507,CUST001507,2024-09,Residential,MERCED,Missing Meter Read,Medium,2024-10-03,2024-10-14,Resolved
EXC00001520,BILL00018139,ACCT001512,CUST001512,2024-07,Residential,MERCED,Missing Meter Read,Medium,2024-08-03,2024-08-10,Resolved
EXC00001521,BILL00018173,ACCT001515,CUST001515,2024-05,Residential,KERN,Missing Meter Read,Medium,2024-06-03,,In Review
EXC00001522,BILL00018191,ACCT001516,CUST001516,2024-11,Residential,ALAMEDA,Invalid Meter Read,High,2024-12-03,2024-12-11,Resolved
EXC00001523,BILL00018299,ACCT001525,CUST001525,2024-11,Residential,CONTRA COSTA,Missing Meter Read,Medium,2024-12-03,,Open
EXC00001524,BILL00018324,ACCT001527,CUST001527,2024-12,Residential,CONTRA COSTA,Invalid Meter Read,High,2025-01-03,,In Review
EXC00001525,BILL00018329,ACCT001528,CUST001528,2024-05,Residential,SAN JOAQUIN,Missing Meter Read,Medium,2024-06-03,2024-06-05,Resolved
EXC00001526,BILL00018361,ACCT001531,CUST001531,2024-01,Residential,SAN FRANCISCO,Inactive Account,High,2024-02-03,2024-02-06,Resolved
EXC00001527,BILL00018362,ACCT001531,CUST001531,2024-02,Residential,SAN FRANCISCO,Inactive Account,High,2024-03-03,2024-03-05,Resolved
EXC00001528,BILL00018363,ACCT001531,CUST001531,2024-03,Residential,SAN FRANCISCO,Inactive Account,High,2024-04-03,2024-04-06,Resolved
EXC00001529,BILL00018364,ACCT001531,CUST001531,2024-04,Residential,SAN FRANCISCO,Inactive Account,High,2024-05-03,,In Review
EXC00001530,BILL00018365,ACCT001531,CUST001531,2024-05,Residential,SAN FRANCISCO,Inactive Account,High,2024-06-03,,Open
EXC00001531,BILL00018366,ACCT001531,CUST001531,2024-06,Residential,SAN FRANCISCO,Inactive Account,High,2024-07-03,2024-07-05,Resolved
EXC00001532,BILL00018367,ACCT001531,CUST001531,2024-07,Residential,SAN FRANCISCO,Inactive Account,High,2024-08-03,2024-08-15,Resolved
EXC00001533,BILL00018368,ACCT001531,CUST001531,2024-08,Residential,SAN FRANCISCO,Inactive Account,High,2024-09-03,,In Review
EXC00001534,BILL00018369,ACCT001531,CUST001531,2024-09,Residential,SAN FRANCISCO,Inactive Account,High,2024-10-03,2024-10-15,Resolved
EXC00001535,BILL00018370,ACCT001531,CUST001531,2024-10,Residential,SAN FRANCISCO,Inactive Account,High,2024-11-03,2024-11-15,Resolved
EXC00001536,BILL00018371,ACCT001531,CUST001531,2024-11,Residential,SAN FRANCISCO,Inactive Account,High,2024-12-03,,Open
EXC00001537,BILL00018372,ACCT001531,CUST001531,2024-12,Residential,SAN FRANCISCO,Inactive Account,High,2025-01-03,2025-01-08,Resolved
EXC00001538,BILL00018409,ACCT001535,CUST001535,2024-01,Residential,GLENN,Missing Meter Read,Medium,2024-02-03,2024-02-14,Resolved
EXC00001539,BILL00018435,ACCT001537,CUST001537,2024-03,Residential,FRESNO,Missing Meter Read,Medium,2024-04-03,,Open
EXC00001540,BILL00018450,ACCT001538,CUST001538,2024-06,Residential,SONOMA,Missing Meter Read,Medium,2024-07-03,2024-07-08,Resolved
EXC00001541,BILL00018455,ACCT001538,CUST001538,2024-11,Residential,SONOMA,Missing Meter Read,Medium,2024-12-03,,In Review
EXC00001542,BILL00018458,ACCT001539,CUST001539,2024-02,Residential,KERN,Missing Meter Read,Medium,2024-03-03,2024-03-14,Resolved
EXC00001543,BILL00018565,ACCT001548,CUST001548,2024-01,Residential,KERN,Inactive Account,High,2024-02-03,,Open
EXC00001544,BILL00018566,ACCT001548,CUST001548,2024-02,Residential,KERN,Inactive Account,High,2024-03-03,2024-03-07,Resolved
EXC00001545,BILL00018567,ACCT001548,CUST001548,2024-03,Residential,KERN,Inactive Account,High,2024-04-03,,In Review
EXC00001546,BILL00018568,ACCT001548,CUST001548,2024-04,Residential,KERN,Inactive Account,High,2024-05-03,2024-05-16,Resolved
EXC00001547,BILL00018569,ACCT001548,CUST001548,2024-05,Residential,KERN,Inactive Account,High,2024-06-03,2024-06-09,Resolved
EXC00001548,BILL00018570,ACCT001548,CUST001548,2024-06,Residential,KERN,Inactive Account,High,2024-07-03,,In Review
EXC00001549,BILL00018571,ACCT001548,CUST001548,2024-07,Residential,KERN,Inactive Account,High,2024-08-03,,Open
EXC00001550,BILL00018572,ACCT001548,CUST001548,2024-08,Residential,KERN,Inactive Account,High,2024-09-03,,Open
EXC00001551,BILL00018573,ACCT001548,CUST001548,2024-09,Residential,KERN,Inactive Account,High,2024-10-03,2024-10-17,Resolved
EXC00001552,BILL00018574,ACCT001548,CUST001548,2024-10,Residential,KERN,Inactive Account,High,2024-11-03,2024-11-08,Resolved
EXC00001553,BILL00018575,ACCT001548,CUST001548,2024-11,Residential,KERN,Inactive Account,High,2024-12-03,,Open
EXC00001554,BILL00018576,ACCT001548,CUST001548,2024-12,Residential,KERN,Inactive Account,High,2025-01-03,2025-01-09,Resolved
EXC00001555,BILL00018589,ACCT001550,CUST001550,2024-01,Residential,KERN,Inactive Account,High,2024-02-03,2024-02-14,Resolved
EXC00001556,BILL00018590,ACCT001550,CUST001550,2024-02,Residential,KERN,Inactive Account,High,2024-03-03,2024-03-12,Resolved
EXC00001557,BILL00018591,ACCT001550,CUST001550,2024-03,Residential,KERN,Inactive Account,High,2024-04-03,2024-04-14,Resolved
EXC00001558,BILL00018592,ACCT001550,CUST001550,2024-04,Residential,KERN,Inactive Account,High,2024-05-03,,Open
EXC00001559,BILL00018593,ACCT001550,CUST001550,2024-05,Residential,KERN,Inactive Account,High,2024-06-03,2024-06-14,Resolved
EXC00001560,BILL00018594,ACCT001550,CUST001550,2024-06,Residential,KERN,Inactive Account,High,2024-07-03,2024-07-15,Resolved
EXC00001561,BILL00018595,ACCT001550,CUST001550,2024-07,Residential,KERN,Inactive Account,High,2024-08-03,2024-08-14,Resolved
EXC00001562,BILL00018596,ACCT001550,CUST001550,2024-08,Residential,KERN,Inactive Account,High,2024-09-03,2024-09-07,Resolved
EXC00001563,BILL00018597,ACCT001550,CUST001550,2024-09,Residential,KERN,Inactive Account,High,2024-10-03,2024-10-08,Resolved
EXC00001564,BILL00018598,ACCT001550,CUST001550,2024-10,Residential,KERN,Inactive Account,High,2024-11-03,2024-11-14,Resolved
EXC00001565,BILL00018599,ACCT001550,CUST001550,2024-11,Residential,KERN,Inactive Account,High,2024-12-03,2024-12-13,Resolved
EXC00001566,BILL00018600,ACCT001550,CUST001550,2024-12,Residential,KERN,Inactive Account,High,2025-01-03,2025-01-14,Resolved
EXC00001567,BILL00018640,ACCT001554,CUST001554,2024-04,Commercial,CONTRA COSTA,Missing Meter Read,Medium,2024-05-03,,Open
EXC00001568,BILL00018789,ACCT001566,CUST001566,2024-09,Residential,SAN MATEO,Missing Meter Read,Medium,2024-10-03,,In Review
EXC00001569,BILL00018810,ACCT001568,CUST001568,2024-06,Residential,SAN FRANCISCO,Invalid Meter Read,High,2024-07-03,2024-07-07,Resolved
EXC00001570,BILL00018818,ACCT001569,CUST001569,2024-02,Residential,KERN,Missing Meter Read,Medium,2024-03-03,2024-03-16,Resolved
EXC00001571,BILL00018845,ACCT001571,CUST001571,2024-05,Residential,SAN FRANCISCO,Missing Meter Read,Medium,2024-06-03,,In Review
EXC00001572,BILL00018848,ACCT001571,CUST001571,2024-08,Residential,SAN FRANCISCO,Missing Meter Read,Medium,2024-09-03,2024-09-06,Resolved
EXC00001573,BILL00018865,ACCT001573,CUST001573,2024-01,Residential,SANTA CLARA,Missing Meter Read,Medium,2024-02-03,,Open
EXC00001574,BILL00018868,ACCT001573,CUST001573,2024-04,Residential,SANTA CLARA,Invalid Meter Read,High,2024-05-03,2024-05-16,Resolved
EXC00001575,BILL00018871,ACCT001573,CUST001573,2024-07,Residential,SANTA CLARA,Missing Meter Read,Medium,2024-08-03,,In Review
EXC00001576,BILL00018979,ACCT001582,CUST001582,2024-07,Residential,SUTTER,Missing Meter Read,Medium,2024-08-03,2024-08-14,Resolved
EXC00001577,BILL00019062,ACCT001589,CUST001589,2024-06,Residential,SANTA CLARA,Missing Meter Read,Medium,2024-07-03,2024-07-16,Resolved
EXC00001578,BILL00019067,ACCT001589,CUST001589,2024-11,Residential,SANTA CLARA,Invalid Meter Read,High,2024-12-03,,Open
EXC00001579,BILL00019135,ACCT001595,CUST001595,2024-07,Residential,SOLANO,Missing Meter Read,Medium,2024-08-03,,In Review
EXC00001580,BILL00019178,ACCT001599,CUST001599,2024-02,Residential,YOLO,Invalid Meter Read,High,2024-03-03,2024-03-08,Resolved
EXC00001581,BILL00019181,ACCT001599,CUST001599,2024-05,Residential,YOLO,Missing Meter Read,Medium,2024-06-03,,In Review
EXC00001582,BILL00019225,ACCT001603,CUST001603,2024-01,Residential,SAN MATEO,Inactive Account,High,2024-02-03,2024-02-14,Resolved
EXC00001583,BILL00019226,ACCT001603,CUST001603,2024-02,Residential,SAN MATEO,Inactive Account,High,2024-03-03,2024-03-15,Resolved
EXC00001584,BILL00019227,ACCT001603,CUST001603,2024-03,Residential,SAN MATEO,Inactive Account,High,2024-04-03,2024-04-04,Resolved
EXC00001585,BILL00019228,ACCT001603,CUST001603,2024-04,Residential,SAN MATEO,Inactive Account,High,2024-05-03,2024-05-09,Resolved
EXC00001586,BILL00019229,ACCT001603,CUST001603,2024-05,Residential,SAN MATEO,Inactive Account,High,2024-06-03,,Open
EXC00001587,BILL00019230,ACCT001603,CUST001603,2024-06,Residential,SAN MATEO,Inactive Account,High,2024-07-03,2024-07-08,Resolved
EXC00001588,BILL00019231,ACCT001603,CUST001603,2024-07,Residential,SAN MATEO,Inactive Account,High,2024-08-03,2024-08-10,Resolved
EXC00001589,BILL00019232,ACCT001603,CUST001603,2024-08,Residential,SAN MATEO,Inactive Account,High,2024-09-03,2024-09-05,Resolved
EXC00001590,BILL00019233,ACCT001603,CUST001603,2024-09,Residential,SAN MATEO,Inactive Account,High,2024-10-03,2024-10-09,Resolved
EXC00001591,BILL00019234,ACCT001603,CUST001603,2024-10,Residential,SAN MATEO,Inactive Account,High,2024-11-03,2024-11-08,Resolved
EXC00001592,BILL00019235,ACCT001603,CUST001603,2024-11,Residential,SAN MATEO,Inactive Account,High,2024-12-03,,Open
EXC00001593,BILL00019236,ACCT001603,CUST001603,2024-12,Residential,SAN MATEO,Inactive Account,High,2025-01-03,2025-01-09,Resolved
EXC00001594,BILL00019240,ACCT001604,CUST001604,2024-04,Residential,SAN JOAQUIN,Missing Meter Read,Medium,2024-05-03,,Open
EXC00001595,BILL00019253,ACCT001605,CUST001605,2024-05,Residential,PLACER,Invalid Meter Read,High,2024-06-03,2024-06-14,Resolved
EXC00001596,BILL00019256,ACCT001605,CUST001605,2024-08,Residential,PLACER,Missing Meter Read,Medium,2024-09-03,2024-09-05,Resolved
EXC00001597,BILL00019349,ACCT001613,CUST001613,2024-05,Residential,ALAMEDA,Missing Meter Read,Medium,2024-06-03,,In Review
EXC00001598,BILL00019357,ACCT001614,CUST001614,2024-01,Residential,CONTRA COSTA,Inactive Account,High,2024-02-03,,In Review
EXC00001599,BILL00019358,ACCT001614,CUST001614,2024-02,Residential,CONTRA COSTA,Inactive Account,High,2024-03-03,2024-03-04,Resolved
EXC00001600,BILL00019359,ACCT001614,CUST001614,2024-03,Residential,CONTRA COSTA,Inactive Account,High,2024-04-03,,Open
EXC00001601,BILL00019360,ACCT001614,CUST001614,2024-04,Residential,CONTRA COSTA,Inactive Account,High,2024-05-03,,Open
EXC00001602,BILL00019361,ACCT001614,CUST001614,2024-05,Residential,CONTRA COSTA,Inactive Account,High,2024-06-03,2024-06-11,Resolved
EXC00001603,BILL00019362,ACCT001614,CUST001614,2024-06,Residential,CONTRA COSTA,Inactive Account,High,2024-07-03,,In Review
EXC00001604,BILL00019363,ACCT001614,CUST001614,2024-07,Residential,CONTRA COSTA,Inactive Account,High,2024-08-03,,In Review
EXC00001605,BILL00019364,ACCT001614,CUST001614,2024-08,Residential,CONTRA COSTA,Inactive Account,High,2024-09-03,,In Review
EXC00001606,BILL00019365,ACCT001614,CUST001614,2024-09,Residential,CONTRA COSTA,Inactive Account,High,2024-10-03,2024-10-04,Resolved
EXC00001607,BILL00019366,ACCT001614,CUST001614,2024-10,Residential,CONTRA COSTA,Inactive Account,High,2024-11-03,,Open
EXC00001608,BILL00019367,ACCT001614,CUST001614,2024-11,Residential,CONTRA COSTA,Inactive Account,High,2024-12-03,2024-12-07,Resolved
EXC00001609,BILL00019368,ACCT001614,CUST001614,2024-12,Residential,CONTRA COSTA,Inactive Account,High,2025-01-03,2025-01-08,Resolved
EXC00001610,BILL00019380,ACCT001615,CUST001615,2024-12,Residential,SANTA CLARA,Invalid Meter Read,High,2025-01-03,2025-01-06,Resolved
EXC00001611,BILL00019430,ACCT001620,CUST001620,2024-02,Residential,SOLANO,Missing Meter Read,Medium,2024-03-03,,In Review
EXC00001612,BILL00019440,ACCT001620,CUST001620,2024-12,Residential,SOLANO,Missing Meter Read,Medium,2025-01-03,,Open
EXC00001613,BILL00019444,ACCT001621,CUST001621,2024-04,Residential,SANTA CLARA,Missing Meter Read,Medium,2024-05-03,2024-05-08,Resolved
EXC00001614,BILL00019451,ACCT001621,CUST001621,2024-11,Residential,SANTA CLARA,Missing Meter Read,Medium,2024-12-03,2024-12-04,Resolved
EXC00001615,BILL00019519,ACCT001627,CUST001627,2024-07,Residential,SAN JOAQUIN,Missing Meter Read,Medium,2024-08-03,2024-08-17,Resolved
EXC00001616,BILL00019532,ACCT001628,CUST001628,2024-08,Residential,FRESNO,Missing Meter Read,Medium,2024-09-03,,Open
EXC00001617,BILL00019571,ACCT001631,CUST001631,2024-11,Residential,KERN,Missing Meter Read,Medium,2024-12-03,2024-12-13,Resolved
EXC00001618,BILL00019583,ACCT001632,CUST001632,2024-11,Residential,SANTA CLARA,Invalid Meter Read,High,2024-12-03,,In Review
EXC00001619,BILL00019619,ACCT001635,CUST001635,2024-11,Industrial,SANTA BARBARA,Missing Meter Read,Medium,2024-12-03,,Open
EXC00001620,BILL00019675,ACCT001640,CUST001640,2024-07,Industrial,KERN,Missing Meter Read,Medium,2024-08-03,2024-08-17,Resolved
EXC00001621,BILL00019680,ACCT001640,CUST001640,2024-12,Industrial,KERN,Missing Meter Read,Medium,2025-01-03,2025-01-07,Resolved
EXC00001622,BILL00019681,ACCT001641,CUST001641,2024-01,Residential,MADERA,Inactive Account,High,2024-02-03,2024-02-10,Resolved
EXC00001623,BILL00019682,ACCT001641,CUST001641,2024-02,Residential,MADERA,Inactive Account,High,2024-03-03,2024-03-10,Resolved
EXC00001624,BILL00019683,ACCT001641,CUST001641,2024-03,Residential,MADERA,Inactive Account,High,2024-04-03,2024-04-10,Resolved
EXC00001625,BILL00019684,ACCT001641,CUST001641,2024-04,Residential,MADERA,Inactive Account,High,2024-05-03,,Open
EXC00001626,BILL00019685,ACCT001641,CUST001641,2024-05,Residential,MADERA,Inactive Account,High,2024-06-03,2024-06-13,Resolved
EXC00001627,BILL00019686,ACCT001641,CUST001641,2024-06,Residential,MADERA,Inactive Account,High,2024-07-03,,Open
EXC00001628,BILL00019687,ACCT001641,CUST001641,2024-07,Residential,MADERA,Inactive Account,High,2024-08-03,,Open
EXC00001629,BILL00019688,ACCT001641,CUST001641,2024-08,Residential,MADERA,Inactive Account,High,2024-09-03,2024-09-14,Resolved
EXC00001630,BILL00019689,ACCT001641,CUST001641,2024-09,Residential,MADERA,Inactive Account,High,2024-10-03,2024-10-04,Resolved
EXC00001631,BILL00019690,ACCT001641,CUST001641,2024-10,Residential,MADERA,Inactive Account,High,2024-11-03,2024-11-13,Resolved
EXC00001632,BILL00019691,ACCT001641,CUST001641,2024-11,Residential,MADERA,Inactive Account,High,2024-12-03,,Open
EXC00001633,BILL00019692,ACCT001641,CUST001641,2024-12,Residential,MADERA,Inactive Account,High,2025-01-03,2025-01-08,Resolved
EXC00001634,BILL00019703,ACCT001642,CUST001642,2024-11,Commercial,MERCED,Invalid Meter Read,High,2024-12-03,,Open
EXC00001635,BILL00019718,ACCT001644,CUST001644,2024-02,Residential,SONOMA,Invalid Meter Read,High,2024-03-03,,Open
EXC00001636,BILL00019736,ACCT001645,CUST001645,2024-08,Residential,ALAMEDA,Missing Meter Read,Medium,2024-09-03,,In Review
EXC00001637,BILL00019769,ACCT001648,CUST001648,2024-05,Commercial,SONOMA,Missing Meter Read,Medium,2024-06-03,,Open
EXC00001638,BILL00019780,ACCT001649,CUST001649,2024-04,Residential,FRESNO,Missing Meter Read,Medium,2024-05-03,2024-05-14,Resolved
EXC00001639,BILL00019786,ACCT001649,CUST001649,2024-10,Residential,FRESNO,Missing Meter Read,Medium,2024-11-03,2024-11-12,Resolved
EXC00001640,BILL00019804,ACCT001651,CUST001651,2024-04,Residential,SANTA CLARA,Missing Meter Read,Medium,2024-05-03,2024-05-13,Resolved
EXC00001641,BILL00019822,ACCT001652,CUST001652,2024-10,Residential,MONTEREY,Missing Meter Read,Medium,2024-11-03,,Open
EXC00001642,BILL00019840,ACCT001654,CUST001654,2024-04,Residential,SANTA CLARA,Missing Meter Read,Medium,2024-05-03,2024-05-04,Resolved
EXC00001643,BILL00019869,ACCT001656,CUST001656,2024-09,Industrial,KERN,Missing Meter Read,Medium,2024-10-03,,Open
EXC00001644,BILL00019873,ACCT001657,CUST001657,2024-01,Residential,ALAMEDA,Inactive Account,High,2024-02-03,2024-02-05,Resolved
EXC00001645,BILL00019874,ACCT001657,CUST001657,2024-02,Residential,ALAMEDA,Inactive Account,High,2024-03-03,2024-03-12,Resolved
EXC00001646,BILL00019875,ACCT001657,CUST001657,2024-03,Residential,ALAMEDA,Inactive Account,High,2024-04-03,2024-04-17,Resolved
EXC00001647,BILL00019876,ACCT001657,CUST001657,2024-04,Residential,ALAMEDA,Inactive Account,High,2024-05-03,,In Review
EXC00001648,BILL00019877,ACCT001657,CUST001657,2024-05,Residential,ALAMEDA,Inactive Account,High,2024-06-03,2024-06-11,Resolved
EXC00001649,BILL00019878,ACCT001657,CUST001657,2024-06,Residential,ALAMEDA,Inactive Account,High,2024-07-03,2024-07-07,Resolved
EXC00001650,BILL00019879,ACCT001657,CUST001657,2024-07,Residential,ALAMEDA,Inactive Account,High,2024-08-03,,Open
EXC00001651,BILL00019880,ACCT001657,CUST001657,2024-08,Residential,ALAMEDA,Inactive Account,High,2024-09-03,,Open
EXC00001652,BILL00019881,ACCT001657,CUST001657,2024-09,Residential,ALAMEDA,Inactive Account,High,2024-10-03,2024-10-09,Resolved
EXC00001653,BILL00019882,ACCT001657,CUST001657,2024-10,Residential,ALAMEDA,Inactive Account,High,2024-11-03,2024-11-05,Resolved
EXC00001654,BILL00019883,ACCT001657,CUST001657,2024-11,Residential,ALAMEDA,Inactive Account,High,2024-12-03,2024-12-08,Resolved
EXC00001655,BILL00019884,ACCT001657,CUST001657,2024-12,Residential,ALAMEDA,Inactive Account,High,2025-01-03,,In Review
EXC00001656,BILL00019885,ACCT001658,CUST001658,2024-01,Residential,ALAMEDA,Inactive Account,High,2024-02-03,,Open
EXC00001657,BILL00019886,ACCT001658,CUST001658,2024-02,Residential,ALAMEDA,Inactive Account,High,2024-03-03,2024-03-15,Resolved
EXC00001658,BILL00019887,ACCT001658,CUST001658,2024-03,Residential,ALAMEDA,Inactive Account,High,2024-04-03,,Open
EXC00001659,BILL00019888,ACCT001658,CUST001658,2024-04,Residential,ALAMEDA,Inactive Account,High,2024-05-03,2024-05-17,Resolved
EXC00001660,BILL00019889,ACCT001658,CUST001658,2024-05,Residential,ALAMEDA,Inactive Account,High,2024-06-03,2024-06-09,Resolved
EXC00001661,BILL00019890,ACCT001658,CUST001658,2024-06,Residential,ALAMEDA,Inactive Account,High,2024-07-03,,In Review
EXC00001662,BILL00019891,ACCT001658,CUST001658,2024-07,Residential,ALAMEDA,Inactive Account,High,2024-08-03,2024-08-12,Resolved
EXC00001663,BILL00019892,ACCT001658,CUST001658,2024-08,Residential,ALAMEDA,Inactive Account,High,2024-09-03,2024-09-11,Resolved
EXC00001664,BILL00019893,ACCT001658,CUST001658,2024-09,Residential,ALAMEDA,Inactive Account,High,2024-10-03,,Open
EXC00001665,BILL00019894,ACCT001658,CUST001658,2024-10,Residential,ALAMEDA,Inactive Account,High,2024-11-03,,In Review
EXC00001666,BILL00019895,ACCT001658,CUST001658,2024-11,Residential,ALAMEDA,Inactive Account,High,2024-12-03,2024-12-10,Resolved
EXC00001667,BILL00019896,ACCT001658,CUST001658,2024-12,Residential,ALAMEDA,Inactive Account,High,2025-01-03,,Open
EXC00001668,BILL00019933,ACCT001662,CUST001662,2024-01,Residential,KERN,Inactive Account,High,2024-02-03,2024-02-08,Resolved
EXC00001669,BILL00019934,ACCT001662,CUST001662,2024-02,Residential,KERN,Inactive Account,High,2024-03-03,2024-03-07,Resolved
EXC00001670,BILL00019935,ACCT001662,CUST001662,2024-03,Residential,KERN,Inactive Account,High,2024-04-03,,In Review
EXC00001671,BILL00019936,ACCT001662,CUST001662,2024-04,Residential,KERN,Inactive Account,High,2024-05-03,,In Review
EXC00001672,BILL00019937,ACCT001662,CUST001662,2024-05,Residential,KERN,Inactive Account,High,2024-06-03,2024-06-09,Resolved
EXC00001673,BILL00019938,ACCT001662,CUST001662,2024-06,Residential,KERN,Inactive Account,High,2024-07-03,2024-07-09,Resolved
EXC00001674,BILL00019939,ACCT001662,CUST001662,2024-07,Residential,KERN,Inactive Account,High,2024-08-03,,In Review
EXC00001675,BILL00019940,ACCT001662,CUST001662,2024-08,Residential,KERN,Inactive Account,High,2024-09-03,,Open
EXC00001676,BILL00019941,ACCT001662,CUST001662,2024-09,Residential,KERN,Inactive Account,High,2024-10-03,,Open
EXC00001677,BILL00019942,ACCT001662,CUST001662,2024-10,Residential,KERN,Inactive Account,High,2024-11-03,,Open
EXC00001678,BILL00019943,ACCT001662,CUST001662,2024-11,Residential,KERN,Inactive Account,High,2024-12-03,2024-12-16,Resolved
EXC00001679,BILL00019944,ACCT001662,CUST001662,2024-12,Residential,KERN,Inactive Account,High,2025-01-03,,In Review
EXC00001680,BILL00019971,ACCT001665,CUST001665,2024-03,Mining,SONOMA,Missing Meter Read,Medium,2024-04-03,2024-04-13,Resolved
EXC00001681,BILL00019996,ACCT001667,CUST001667,2024-04,Residential,ALAMEDA,Missing Meter Read,Medium,2024-05-03,,Open
EXC00001682,BILL00020004,ACCT001667,CUST001667,2024-12,Residential,ALAMEDA,Invalid Meter Read,High,2025-01-03,2025-01-09,Resolved
EXC00001683,BILL00020041,ACCT001671,CUST001671,2024-01,Residential,SAN MATEO,Missing Meter Read,Medium,2024-02-03,,Open
EXC00001684,BILL00020043,ACCT001671,CUST001671,2024-03,Residential,SAN MATEO,Missing Meter Read,Medium,2024-04-03,2024-04-07,Resolved
EXC00001685,BILL00020048,ACCT001671,CUST001671,2024-08,Residential,SAN MATEO,Missing Meter Read,Medium,2024-09-03,,Open
EXC00001686,BILL00020065,ACCT001673,CUST001673,2024-01,Commercial,ALAMEDA,Missing Meter Read,Medium,2024-02-03,2024-02-05,Resolved
EXC00001687,BILL00020118,ACCT001677,CUST001677,2024-06,Residential,SANTA BARBARA,Invalid Meter Read,High,2024-07-03,,Open
EXC00001688,BILL00020124,ACCT001677,CUST001677,2024-12,Residential,SANTA BARBARA,Invalid Meter Read,High,2025-01-03,,Open
EXC00001689,BILL00020142,ACCT001679,CUST001679,2024-06,Residential,SAN FRANCISCO,Missing Meter Read,Medium,2024-07-03,2024-07-04,Resolved
EXC00001690,BILL00020153,ACCT001680,CUST001680,2024-05,Residential,PLACER,Missing Meter Read,Medium,2024-06-03,2024-06-09,Resolved
EXC00001691,BILL00020154,ACCT001680,CUST001680,2024-06,Residential,PLACER,Missing Meter Read,Medium,2024-07-03,2024-07-06,Resolved
EXC00001692,BILL00020172,ACCT001681,CUST001681,2024-12,Residential,FRESNO,Invalid Meter Read,High,2025-01-03,,Open
EXC00001693,BILL00020190,ACCT001683,CUST001683,2024-06,Residential,MONTEREY,Missing Meter Read,Medium,2024-07-03,2024-07-14,Resolved
EXC00001694,BILL00020209,ACCT001685,CUST001685,2024-01,Residential,FRESNO,Inactive Account,High,2024-02-03,,In Review
EXC00001695,BILL00020210,ACCT001685,CUST001685,2024-02,Residential,FRESNO,Inactive Account,High,2024-03-03,,In Review
EXC00001696,BILL00020211,ACCT001685,CUST001685,2024-03,Residential,FRESNO,Inactive Account,High,2024-04-03,2024-04-17,Resolved
EXC00001697,BILL00020212,ACCT001685,CUST001685,2024-04,Residential,FRESNO,Inactive Account,High,2024-05-03,2024-05-12,Resolved
EXC00001698,BILL00020213,ACCT001685,CUST001685,2024-05,Residential,FRESNO,Inactive Account,High,2024-06-03,2024-06-14,Resolved
EXC00001699,BILL00020214,ACCT001685,CUST001685,2024-06,Residential,FRESNO,Inactive Account,High,2024-07-03,,Open
EXC00001700,BILL00020215,ACCT001685,CUST001685,2024-07,Residential,FRESNO,Inactive Account,High,2024-08-03,2024-08-05,Resolved
EXC00001701,BILL00020216,ACCT001685,CUST001685,2024-08,Residential,FRESNO,Inactive Account,High,2024-09-03,,In Review
EXC00001702,BILL00020217,ACCT001685,CUST001685,2024-09,Residential,FRESNO,Inactive Account,High,2024-10-03,,Open
EXC00001703,BILL00020218,ACCT001685,CUST001685,2024-10,Residential,FRESNO,Inactive Account,High,2024-11-03,2024-11-07,Resolved
EXC00001704,BILL00020219,ACCT001685,CUST001685,2024-11,Residential,FRESNO,Inactive Account,High,2024-12-03,2024-12-16,Resolved
EXC00001705,BILL00020220,ACCT001685,CUST001685,2024-12,Residential,FRESNO,Inactive Account,High,2025-01-03,2025-01-09,Resolved
EXC00001706,BILL00020224,ACCT001686,CUST001686,2024-04,Commercial,CONTRA COSTA,Invalid Meter Read,High,2024-05-03,,Open
EXC00001707,BILL00020276,ACCT001690,CUST001690,2024-08,Residential,CONTRA COSTA,Missing Meter Read,Medium,2024-09-03,2024-09-14,Resolved
EXC00001708,BILL00020282,ACCT001691,CUST001691,2024-02,Residential,MERCED,Missing Meter Read,Medium,2024-03-03,2024-03-13,Resolved
EXC00001709,BILL00020297,ACCT001692,CUST001692,2024-05,Residential,SANTA CLARA,Missing Meter Read,Medium,2024-06-03,,Open
EXC00001710,BILL00020343,ACCT001696,CUST001696,2024-03,Residential,SOLANO,Invalid Meter Read,High,2024-04-03,2024-04-12,Resolved
EXC00001711,BILL00020374,ACCT001698,CUST001698,2024-10,Residential,SAN MATEO,Invalid Meter Read,High,2024-11-03,,In Review
EXC00001712,BILL00020437,ACCT001704,CUST001704,2024-01,Residential,ALAMEDA,Missing Meter Read,Medium,2024-02-03,2024-02-15,Resolved
EXC00001713,BILL00020473,ACCT001707,CUST001707,2024-01,Residential,MENDOCINO,Inactive Account,High,2024-02-03,,In Review
EXC00001714,BILL00020474,ACCT001707,CUST001707,2024-02,Residential,MENDOCINO,Inactive Account,High,2024-03-03,,Open
EXC00001715,BILL00020475,ACCT001707,CUST001707,2024-03,Residential,MENDOCINO,Inactive Account,High,2024-04-03,2024-04-14,Resolved
EXC00001716,BILL00020476,ACCT001707,CUST001707,2024-04,Residential,MENDOCINO,Inactive Account,High,2024-05-03,2024-05-16,Resolved
EXC00001717,BILL00020477,ACCT001707,CUST001707,2024-05,Residential,MENDOCINO,Inactive Account,High,2024-06-03,2024-06-16,Resolved
EXC00001718,BILL00020478,ACCT001707,CUST001707,2024-06,Residential,MENDOCINO,Inactive Account,High,2024-07-03,2024-07-13,Resolved
EXC00001719,BILL00020479,ACCT001707,CUST001707,2024-07,Residential,MENDOCINO,Inactive Account,High,2024-08-03,,Open
EXC00001720,BILL00020480,ACCT001707,CUST001707,2024-08,Residential,MENDOCINO,Inactive Account,High,2024-09-03,,In Review
EXC00001721,BILL00020481,ACCT001707,CUST001707,2024-09,Residential,MENDOCINO,Inactive Account,High,2024-10-03,,Open
EXC00001722,BILL00020482,ACCT001707,CUST001707,2024-10,Residential,MENDOCINO,Inactive Account,High,2024-11-03,,In Review
EXC00001723,BILL00020483,ACCT001707,CUST001707,2024-11,Residential,MENDOCINO,Inactive Account,High,2024-12-03,,Open
EXC00001724,BILL00020484,ACCT001707,CUST001707,2024-12,Residential,MENDOCINO,Inactive Account,High,2025-01-03,2025-01-08,Resolved
EXC00001725,BILL00020485,ACCT001708,CUST001708,2024-01,Residential,SAN FRANCISCO,Inactive Account,High,2024-02-03,2024-02-10,Resolved
EXC00001726,BILL00020486,ACCT001708,CUST001708,2024-02,Residential,SAN FRANCISCO,Inactive Account,High,2024-03-03,,In Review
EXC00001727,BILL00020487,ACCT001708,CUST001708,2024-03,Residential,SAN FRANCISCO,Inactive Account,High,2024-04-03,,In Review
EXC00001728,BILL00020488,ACCT001708,CUST001708,2024-04,Residential,SAN FRANCISCO,Inactive Account,High,2024-05-03,,Open
EXC00001729,BILL00020489,ACCT001708,CUST001708,2024-05,Residential,SAN FRANCISCO,Inactive Account,High,2024-06-03,2024-06-10,Resolved
EXC00001730,BILL00020490,ACCT001708,CUST001708,2024-06,Residential,SAN FRANCISCO,Inactive Account,High,2024-07-03,2024-07-08,Resolved
EXC00001731,BILL00020491,ACCT001708,CUST001708,2024-07,Residential,SAN FRANCISCO,Inactive Account,High,2024-08-03,,Open
EXC00001732,BILL00020492,ACCT001708,CUST001708,2024-08,Residential,SAN FRANCISCO,Inactive Account,High,2024-09-03,2024-09-16,Resolved
EXC00001733,BILL00020493,ACCT001708,CUST001708,2024-09,Residential,SAN FRANCISCO,Inactive Account,High,2024-10-03,2024-10-10,Resolved
EXC00001734,BILL00020494,ACCT001708,CUST001708,2024-10,Residential,SAN FRANCISCO,Inactive Account,High,2024-11-03,2024-11-06,Resolved
EXC00001735,BILL00020495,ACCT001708,CUST001708,2024-11,Residential,SAN FRANCISCO,Inactive Account,High,2024-12-03,2024-12-17,Resolved
EXC00001736,BILL00020496,ACCT001708,CUST001708,2024-12,Residential,SAN FRANCISCO,Inactive Account,High,2025-01-03,,Open
EXC00001737,BILL00020520,ACCT001710,CUST001710,2024-12,Residential,SONOMA,Invalid Meter Read,High,2025-01-03,2025-01-11,Resolved
EXC00001738,BILL00020528,ACCT001711,CUST001711,2024-08,Residential,SANTA CLARA,Missing Meter Read,Medium,2024-09-03,,In Review
EXC00001739,BILL00020567,ACCT001714,CUST001714,2024-11,Residential,SAN JOAQUIN,Invalid Meter Read,High,2024-12-03,,Open
EXC00001740,BILL00020585,ACCT001716,CUST001716,2024-05,Mining,KERN,Missing Meter Read,Medium,2024-06-03,2024-06-05,Resolved
EXC00001741,BILL00020614,ACCT001718,CUST001718,2024-10,Residential,KERN,Missing Meter Read,Medium,2024-11-03,,Open
EXC00001742,BILL00020628,ACCT001719,CUST001719,2024-12,"Transportation, Communications, & Utilities",SANTA CLARA,Missing Meter Read,Medium,2025-01-03,2025-01-07,Resolved
EXC00001743,BILL00020760,ACCT001730,CUST001730,2024-12,Residential,SAN JOAQUIN,Missing Meter Read,Medium,2025-01-03,2025-01-05,Resolved
EXC00001744,BILL00020861,ACCT001739,CUST001739,2024-05,Residential,ALAMEDA,Missing Meter Read,Medium,2024-06-03,2024-06-09,Resolved
EXC00001745,BILL00020863,ACCT001739,CUST001739,2024-07,Residential,ALAMEDA,Missing Meter Read,Medium,2024-08-03,2024-08-17,Resolved
EXC00001746,BILL00020885,ACCT001741,CUST001741,2024-05,Commercial,SANTA CLARA,Invalid Meter Read,High,2024-06-03,2024-06-07,Resolved
EXC00001747,BILL00020914,ACCT001743,CUST001743,2024-10,Residential,SAN FRANCISCO,Invalid Meter Read,High,2024-11-03,2024-11-16,Resolved
EXC00001748,BILL00020917,ACCT001744,CUST001744,2024-01,Residential,BUTTE,Inactive Account,High,2024-02-03,,Open
EXC00001749,BILL00020918,ACCT001744,CUST001744,2024-02,Residential,BUTTE,Inactive Account,High,2024-03-03,2024-03-14,Resolved
EXC00001750,BILL00020919,ACCT001744,CUST001744,2024-03,Residential,BUTTE,Inactive Account,High,2024-04-03,,In Review
EXC00001751,BILL00020920,ACCT001744,CUST001744,2024-04,Residential,BUTTE,Inactive Account,High,2024-05-03,,Open
EXC00001752,BILL00020921,ACCT001744,CUST001744,2024-05,Residential,BUTTE,Inactive Account,High,2024-06-03,,Open
EXC00001753,BILL00020922,ACCT001744,CUST001744,2024-06,Residential,BUTTE,Inactive Account,High,2024-07-03,2024-07-08,Resolved
EXC00001754,BILL00020923,ACCT001744,CUST001744,2024-07,Residential,BUTTE,Inactive Account,High,2024-08-03,,Open
EXC00001755,BILL00020924,ACCT001744,CUST001744,2024-08,Residential,BUTTE,Inactive Account,High,2024-09-03,2024-09-09,Resolved
EXC00001756,BILL00020925,ACCT001744,CUST001744,2024-09,Residential,BUTTE,Inactive Account,High,2024-10-03,,Open
EXC00001757,BILL00020926,ACCT001744,CUST001744,2024-10,Residential,BUTTE,Inactive Account,High,2024-11-03,2024-11-04,Resolved
EXC00001758,BILL00020927,ACCT001744,CUST001744,2024-11,Residential,BUTTE,Inactive Account,High,2024-12-03,2024-12-04,Resolved
EXC00001759,BILL00020928,ACCT001744,CUST001744,2024-12,Residential,BUTTE,Inactive Account,High,2025-01-03,,In Review
EXC00001760,BILL00020990,ACCT001750,CUST001750,2024-02,Residential,KERN,Missing Meter Read,Medium,2024-03-03,,Open
EXC00001761,BILL00021003,ACCT001751,CUST001751,2024-03,Residential,ALAMEDA,Missing Meter Read,Medium,2024-04-03,,Open
EXC00001762,BILL00021021,ACCT001752,CUST001752,2024-09,Residential,SAN FRANCISCO,Missing Meter Read,Medium,2024-10-03,,In Review
EXC00001763,BILL00021159,ACCT001764,CUST001764,2024-03,Residential,ALAMEDA,Invalid Meter Read,High,2024-04-03,,Open
EXC00001764,BILL00021173,ACCT001765,CUST001765,2024-05,Residential,MERCED,Missing Meter Read,Medium,2024-06-03,2024-06-09,Resolved
EXC00001765,BILL00021216,ACCT001768,CUST001768,2024-12,Residential,ALAMEDA,Missing Meter Read,Medium,2025-01-03,,Open
EXC00001766,BILL00021247,ACCT001771,CUST001771,2024-07,Residential,SANTA CLARA,Missing Meter Read,Medium,2024-08-03,2024-08-05,Resolved
EXC00001767,BILL00021257,ACCT001772,CUST001772,2024-05,Residential,MONTEREY,Missing Meter Read,Medium,2024-06-03,,Open
EXC00001768,BILL00021258,ACCT001772,CUST001772,2024-06,Residential,MONTEREY,Missing Meter Read,Medium,2024-07-03,,Open
EXC00001769,BILL00021289,ACCT001775,CUST001775,2024-01,Residential,KERN,Inactive Account,High,2024-02-03,2024-02-14,Resolved
EXC00001770,BILL00021290,ACCT001775,CUST001775,2024-02,Residential,KERN,Inactive Account,High,2024-03-03,2024-03-08,Resolved
EXC00001771,BILL00021291,ACCT001775,CUST001775,2024-03,Residential,KERN,Inactive Account,High,2024-04-03,2024-04-04,Resolved
EXC00001772,BILL00021292,ACCT001775,CUST001775,2024-04,Residential,KERN,Inactive Account,High,2024-05-03,,Open
EXC00001773,BILL00021293,ACCT001775,CUST001775,2024-05,Residential,KERN,Inactive Account,High,2024-06-03,,In Review
EXC00001774,BILL00021294,ACCT001775,CUST001775,2024-06,Residential,KERN,Inactive Account,High,2024-07-03,,Open
EXC00001775,BILL00021295,ACCT001775,CUST001775,2024-07,Residential,KERN,Inactive Account,High,2024-08-03,2024-08-15,Resolved
EXC00001776,BILL00021296,ACCT001775,CUST001775,2024-08,Residential,KERN,Inactive Account,High,2024-09-03,,In Review
EXC00001777,BILL00021297,ACCT001775,CUST001775,2024-09,Residential,KERN,Inactive Account,High,2024-10-03,,Open
EXC00001778,BILL00021298,ACCT001775,CUST001775,2024-10,Residential,KERN,Inactive Account,High,2024-11-03,,Open
EXC00001779,BILL00021299,ACCT001775,CUST001775,2024-11,Residential,KERN,Inactive Account,High,2024-12-03,2024-12-11,Resolved
EXC00001780,BILL00021300,ACCT001775,CUST001775,2024-12,Residential,KERN,Inactive Account,High,2025-01-03,,Open
EXC00001781,BILL00021308,ACCT001776,CUST001776,2024-08,Residential,ALAMEDA,Invalid Meter Read,High,2024-09-03,2024-09-16,Resolved
EXC00001782,BILL00021366,ACCT001781,CUST001781,2024-06,Residential,SAN MATEO,Invalid Meter Read,High,2024-07-03,2024-07-16,Resolved
EXC00001783,BILL00021404,ACCT001784,CUST001784,2024-08,Residential,ALAMEDA,Missing Meter Read,Medium,2024-09-03,2024-09-09,Resolved
EXC00001784,BILL00021407,ACCT001784,CUST001784,2024-11,Residential,ALAMEDA,Invalid Meter Read,High,2024-12-03,2024-12-08,Resolved
EXC00001785,BILL00021446,ACCT001788,CUST001788,2024-02,Residential,SAN JOAQUIN,Invalid Meter Read,High,2024-03-03,,In Review
EXC00001786,BILL00021454,ACCT001788,CUST001788,2024-10,Residential,SAN JOAQUIN,Missing Meter Read,Medium,2024-11-03,,Open
EXC00001787,BILL00021489,ACCT001791,CUST001791,2024-09,Residential,SAN JOAQUIN,Missing Meter Read,Medium,2024-10-03,2024-10-17,Resolved
EXC00001788,BILL00021505,ACCT001793,CUST001793,2024-01,Residential,KERN,Inactive Account,High,2024-02-03,,Open
EXC00001789,BILL00021506,ACCT001793,CUST001793,2024-02,Residential,KERN,Inactive Account,High,2024-03-03,,In Review
EXC00001790,BILL00021507,ACCT001793,CUST001793,2024-03,Residential,KERN,Inactive Account,High,2024-04-03,,In Review
EXC00001791,BILL00021508,ACCT001793,CUST001793,2024-04,Residential,KERN,Inactive Account,High,2024-05-03,,Open
EXC00001792,BILL00021509,ACCT001793,CUST001793,2024-05,Residential,KERN,Inactive Account,High,2024-06-03,2024-06-05,Resolved
EXC00001793,BILL00021510,ACCT001793,CUST001793,2024-06,Residential,KERN,Inactive Account,High,2024-07-03,2024-07-12,Resolved
EXC00001794,BILL00021511,ACCT001793,CUST001793,2024-07,Residential,KERN,Inactive Account,High,2024-08-03,,Open
EXC00001795,BILL00021512,ACCT001793,CUST001793,2024-08,Residential,KERN,Inactive Account,High,2024-09-03,2024-09-13,Resolved
EXC00001796,BILL00021513,ACCT001793,CUST001793,2024-09,Residential,KERN,Inactive Account,High,2024-10-03,2024-10-05,Resolved
EXC00001797,BILL00021514,ACCT001793,CUST001793,2024-10,Residential,KERN,Inactive Account,High,2024-11-03,,Open
EXC00001798,BILL00021515,ACCT001793,CUST001793,2024-11,Residential,KERN,Inactive Account,High,2024-12-03,2024-12-06,Resolved
EXC00001799,BILL00021516,ACCT001793,CUST001793,2024-12,Residential,KERN,Inactive Account,High,2025-01-03,,Open
EXC00001800,BILL00021550,ACCT001796,CUST001796,2024-10,Residential,ALAMEDA,Invalid Meter Read,High,2024-11-03,,In Review
EXC00001801,BILL00021587,ACCT001799,CUST001799,2024-11,Residential,SANTA CLARA,Missing Meter Read,Medium,2024-12-03,2024-12-04,Resolved
EXC00001802,BILL00021637,ACCT001804,CUST001804,2024-01,Residential,KERN,Inactive Account,High,2024-02-03,2024-02-15,Resolved
EXC00001803,BILL00021638,ACCT001804,CUST001804,2024-02,Residential,KERN,Inactive Account,High,2024-03-03,,Open
EXC00001804,BILL00021639,ACCT001804,CUST001804,2024-03,Residential,KERN,Inactive Account,High,2024-04-03,2024-04-14,Resolved
EXC00001805,BILL00021640,ACCT001804,CUST001804,2024-04,Residential,KERN,Inactive Account,High,2024-05-03,,Open
EXC00001806,BILL00021641,ACCT001804,CUST001804,2024-05,Residential,KERN,Inactive Account,High,2024-06-03,2024-06-14,Resolved
EXC00001807,BILL00021642,ACCT001804,CUST001804,2024-06,Residential,KERN,Inactive Account,High,2024-07-03,2024-07-12,Resolved
EXC00001808,BILL00021643,ACCT001804,CUST001804,2024-07,Residential,KERN,Inactive Account,High,2024-08-03,2024-08-06,Resolved
EXC00001809,BILL00021644,ACCT001804,CUST001804,2024-08,Residential,KERN,Inactive Account,High,2024-09-03,2024-09-17,Resolved
EXC00001810,BILL00021645,ACCT001804,CUST001804,2024-09,Residential,KERN,Inactive Account,High,2024-10-03,2024-10-13,Resolved
EXC00001811,BILL00021646,ACCT001804,CUST001804,2024-10,Residential,KERN,Inactive Account,High,2024-11-03,,Open
EXC00001812,BILL00021647,ACCT001804,CUST001804,2024-11,Residential,KERN,Inactive Account,High,2024-12-03,2024-12-14,Resolved
EXC00001813,BILL00021648,ACCT001804,CUST001804,2024-12,Residential,KERN,Inactive Account,High,2025-01-03,,In Review
EXC00001814,BILL00021649,ACCT001805,CUST001805,2024-01,Residential,KERN,Inactive Account,High,2024-02-03,,Open
EXC00001815,BILL00021650,ACCT001805,CUST001805,2024-02,Residential,KERN,Inactive Account,High,2024-03-03,2024-03-16,Resolved
EXC00001816,BILL00021651,ACCT001805,CUST001805,2024-03,Residential,KERN,Inactive Account,High,2024-04-03,,In Review
EXC00001817,BILL00021652,ACCT001805,CUST001805,2024-04,Residential,KERN,Inactive Account,High,2024-05-03,,Open
EXC00001818,BILL00021653,ACCT001805,CUST001805,2024-05,Residential,KERN,Inactive Account,High,2024-06-03,2024-06-13,Resolved
EXC00001819,BILL00021654,ACCT001805,CUST001805,2024-06,Residential,KERN,Inactive Account,High,2024-07-03,,In Review
EXC00001820,BILL00021655,ACCT001805,CUST001805,2024-07,Residential,KERN,Inactive Account,High,2024-08-03,2024-08-17,Resolved
EXC00001821,BILL00021656,ACCT001805,CUST001805,2024-08,Residential,KERN,Inactive Account,High,2024-09-03,,Open
EXC00001822,BILL00021657,ACCT001805,CUST001805,2024-09,Residential,KERN,Inactive Account,High,2024-10-03,,Open
EXC00001823,BILL00021658,ACCT001805,CUST001805,2024-10,Residential,KERN,Inactive Account,High,2024-11-03,,Open
EXC00001824,BILL00021659,ACCT001805,CUST001805,2024-11,Residential,KERN,Inactive Account,High,2024-12-03,2024-12-12,Resolved
EXC00001825,BILL00021660,ACCT001805,CUST001805,2024-12,Residential,KERN,Inactive Account,High,2025-01-03,2025-01-05,Resolved
EXC00001826,BILL00021721,ACCT001811,CUST001811,2024-01,Residential,MERCED,Inactive Account,High,2024-02-03,,In Review
EXC00001827,BILL00021722,ACCT001811,CUST001811,2024-02,Residential,MERCED,Inactive Account,High,2024-03-03,2024-03-17,Resolved
EXC00001828,BILL00021723,ACCT001811,CUST001811,2024-03,Residential,MERCED,Inactive Account,High,2024-04-03,2024-04-09,Resolved
EXC00001829,BILL00021724,ACCT001811,CUST001811,2024-04,Residential,MERCED,Inactive Account,High,2024-05-03,,Open
EXC00001830,BILL00021725,ACCT001811,CUST001811,2024-05,Residential,MERCED,Inactive Account,High,2024-06-03,2024-06-15,Resolved
EXC00001831,BILL00021726,ACCT001811,CUST001811,2024-06,Residential,MERCED,Inactive Account,High,2024-07-03,,Open
EXC00001832,BILL00021727,ACCT001811,CUST001811,2024-07,Residential,MERCED,Inactive Account,High,2024-08-03,,Open
EXC00001833,BILL00021728,ACCT001811,CUST001811,2024-08,Residential,MERCED,Inactive Account,High,2024-09-03,2024-09-17,Resolved
EXC00001834,BILL00021729,ACCT001811,CUST001811,2024-09,Residential,MERCED,Inactive Account,High,2024-10-03,,Open
EXC00001835,BILL00021730,ACCT001811,CUST001811,2024-10,Residential,MERCED,Inactive Account,High,2024-11-03,2024-11-09,Resolved
EXC00001836,BILL00021731,ACCT001811,CUST001811,2024-11,Residential,MERCED,Inactive Account,High,2024-12-03,2024-12-16,Resolved
EXC00001837,BILL00021732,ACCT001811,CUST001811,2024-12,Residential,MERCED,Inactive Account,High,2025-01-03,2025-01-17,Resolved
EXC00001838,BILL00021733,ACCT001812,CUST001812,2024-01,Residential,CONTRA COSTA,Inactive Account,High,2024-02-03,2024-02-14,Resolved
EXC00001839,BILL00021734,ACCT001812,CUST001812,2024-02,Residential,CONTRA COSTA,Inactive Account,High,2024-03-03,,Open
EXC00001840,BILL00021735,ACCT001812,CUST001812,2024-03,Residential,CONTRA COSTA,Inactive Account,High,2024-04-03,,Open
EXC00001841,BILL00021736,ACCT001812,CUST001812,2024-04,Residential,CONTRA COSTA,Inactive Account,High,2024-05-03,,Open
EXC00001842,BILL00021737,ACCT001812,CUST001812,2024-05,Residential,CONTRA COSTA,Inactive Account,High,2024-06-03,,Open
EXC00001843,BILL00021738,ACCT001812,CUST001812,2024-06,Residential,CONTRA COSTA,Inactive Account,High,2024-07-03,,Open
EXC00001844,BILL00021739,ACCT001812,CUST001812,2024-07,Residential,CONTRA COSTA,Inactive Account,High,2024-08-03,,In Review
EXC00001845,BILL00021740,ACCT001812,CUST001812,2024-08,Residential,CONTRA COSTA,Inactive Account,High,2024-09-03,,Open
EXC00001846,BILL00021741,ACCT001812,CUST001812,2024-09,Residential,CONTRA COSTA,Inactive Account,High,2024-10-03,2024-10-08,Resolved
EXC00001847,BILL00021742,ACCT001812,CUST001812,2024-10,Residential,CONTRA COSTA,Inactive Account,High,2024-11-03,2024-11-14,Resolved
EXC00001848,BILL00021743,ACCT001812,CUST001812,2024-11,Residential,CONTRA COSTA,Inactive Account,High,2024-12-03,2024-12-15,Resolved
EXC00001849,BILL00021744,ACCT001812,CUST001812,2024-12,Residential,CONTRA COSTA,Inactive Account,High,2025-01-03,,Open
EXC00001850,BILL00021762,ACCT001814,CUST001814,2024-06,Residential,MERCED,Missing Meter Read,Medium,2024-07-03,2024-07-09,Resolved
EXC00001851,BILL00021777,ACCT001815,CUST001815,2024-09,Residential,KERN,Missing Meter Read,Medium,2024-10-03,2024-10-07,Resolved
EXC00001852,BILL00021782,ACCT001816,CUST001816,2024-02,Agriculture And Water Pumping,SANTA CLARA,Missing Meter Read,Medium,2024-03-03,2024-03-09,Resolved
EXC00001853,BILL00021783,ACCT001816,CUST001816,2024-03,Agriculture And Water Pumping,SANTA CLARA,Missing Meter Read,Medium,2024-04-03,2024-04-06,Resolved
EXC00001854,BILL00021795,ACCT001817,CUST001817,2024-03,Residential,ALAMEDA,Invalid Meter Read,High,2024-04-03,,In Review
EXC00001855,BILL00021850,ACCT001821,CUST001821,2024-10,Residential,KERN,Missing Meter Read,Medium,2024-11-03,2024-11-04,Resolved
EXC00001856,BILL00021895,ACCT001825,CUST001825,2024-07,Residential,SANTA CLARA,Missing Meter Read,Medium,2024-08-03,,Open
EXC00001857,BILL00021899,ACCT001825,CUST001825,2024-11,Residential,SANTA CLARA,Invalid Meter Read,High,2024-12-03,2024-12-05,Resolved
EXC00001858,BILL00021947,ACCT001829,CUST001829,2024-11,Commercial,FRESNO,Missing Meter Read,Medium,2024-12-03,,Open
EXC00001859,BILL00021951,ACCT001830,CUST001830,2024-03,Residential,KERN,Missing Meter Read,Medium,2024-04-03,,In Review
EXC00001860,BILL00022022,ACCT001836,CUST001836,2024-02,Residential,SANTA CLARA,Missing Meter Read,Medium,2024-03-03,,Open
EXC00001861,BILL00022062,ACCT001839,CUST001839,2024-06,Industrial,SANTA CLARA,Invalid Meter Read,High,2024-07-03,2024-07-17,Resolved
EXC00001862,BILL00022088,ACCT001841,CUST001841,2024-08,Residential,YOLO,Missing Meter Read,Medium,2024-09-03,,Open
EXC00001863,BILL00022114,ACCT001843,CUST001843,2024-10,Residential,SANTA CLARA,Missing Meter Read,Medium,2024-11-03,,Open
EXC00001864,BILL00022129,ACCT001845,CUST001845,2024-01,Industrial,CALAVERAS,Inactive Account,High,2024-02-03,,In Review
EXC00001865,BILL00022130,ACCT001845,CUST001845,2024-02,Industrial,CALAVERAS,Inactive Account,High,2024-03-03,2024-03-04,Resolved
EXC00001866,BILL00022131,ACCT001845,CUST001845,2024-03,Industrial,CALAVERAS,Inactive Account,High,2024-04-03,2024-04-07,Resolved
EXC00001867,BILL00022132,ACCT001845,CUST001845,2024-04,Industrial,CALAVERAS,Inactive Account,High,2024-05-03,,In Review
EXC00001868,BILL00022133,ACCT001845,CUST001845,2024-05,Industrial,CALAVERAS,Inactive Account,High,2024-06-03,2024-06-15,Resolved
EXC00001869,BILL00022134,ACCT001845,CUST001845,2024-06,Industrial,CALAVERAS,Inactive Account,High,2024-07-03,2024-07-11,Resolved
EXC00001870,BILL00022135,ACCT001845,CUST001845,2024-07,Industrial,CALAVERAS,Inactive Account,High,2024-08-03,2024-08-06,Resolved
EXC00001871,BILL00022136,ACCT001845,CUST001845,2024-08,Industrial,CALAVERAS,Inactive Account,High,2024-09-03,2024-09-16,Resolved
EXC00001872,BILL00022137,ACCT001845,CUST001845,2024-09,Industrial,CALAVERAS,Inactive Account,High,2024-10-03,2024-10-05,Resolved
EXC00001873,BILL00022138,ACCT001845,CUST001845,2024-10,Industrial,CALAVERAS,Inactive Account,High,2024-11-03,2024-11-10,Resolved
EXC00001874,BILL00022139,ACCT001845,CUST001845,2024-11,Industrial,CALAVERAS,Inactive Account,High,2024-12-03,2024-12-12,Resolved
EXC00001875,BILL00022140,ACCT001845,CUST001845,2024-12,Industrial,CALAVERAS,Inactive Account,High,2025-01-03,,In Review
EXC00001876,BILL00022189,ACCT001850,CUST001850,2024-01,Residential,CONTRA COSTA,Inactive Account,High,2024-02-03,2024-02-04,Resolved
EXC00001877,BILL00022190,ACCT001850,CUST001850,2024-02,Residential,CONTRA COSTA,Inactive Account,High,2024-03-03,2024-03-13,Resolved
EXC00001878,BILL00022191,ACCT001850,CUST001850,2024-03,Residential,CONTRA COSTA,Inactive Account,High,2024-04-03,2024-04-15,Resolved
EXC00001879,BILL00022192,ACCT001850,CUST001850,2024-04,Residential,CONTRA COSTA,Inactive Account,High,2024-05-03,,Open
EXC00001880,BILL00022193,ACCT001850,CUST001850,2024-05,Residential,CONTRA COSTA,Inactive Account,High,2024-06-03,,Open
EXC00001881,BILL00022194,ACCT001850,CUST001850,2024-06,Residential,CONTRA COSTA,Inactive Account,High,2024-07-03,2024-07-15,Resolved
EXC00001882,BILL00022195,ACCT001850,CUST001850,2024-07,Residential,CONTRA COSTA,Inactive Account,High,2024-08-03,,Open
EXC00001883,BILL00022196,ACCT001850,CUST001850,2024-08,Residential,CONTRA COSTA,Inactive Account,High,2024-09-03,,Open
EXC00001884,BILL00022197,ACCT001850,CUST001850,2024-09,Residential,CONTRA COSTA,Inactive Account,High,2024-10-03,,Open
EXC00001885,BILL00022198,ACCT001850,CUST001850,2024-10,Residential,CONTRA COSTA,Inactive Account,High,2024-11-03,,Open
EXC00001886,BILL00022199,ACCT001850,CUST001850,2024-11,Residential,CONTRA COSTA,Inactive Account,High,2024-12-03,2024-12-06,Resolved
EXC00001887,BILL00022200,ACCT001850,CUST001850,2024-12,Residential,CONTRA COSTA,Inactive Account,High,2025-01-03,,Open
EXC00001888,BILL00022211,ACCT001851,CUST001851,2024-11,Residential,SANTA CLARA,Invalid Meter Read,High,2024-12-03,,In Review
EXC00001889,BILL00022216,ACCT001852,CUST001852,2024-04,Commercial,MENDOCINO,Missing Meter Read,Medium,2024-05-03,,In Review
EXC00001890,BILL00022249,ACCT001855,CUST001855,2024-01,Commercial,CONTRA COSTA,Missing Meter Read,Medium,2024-02-03,2024-02-06,Resolved
EXC00001891,BILL00022258,ACCT001855,CUST001855,2024-10,Commercial,CONTRA COSTA,Invalid Meter Read,High,2024-11-03,2024-11-12,Resolved
EXC00001892,BILL00022285,ACCT001858,CUST001858,2024-01,Residential,ALAMEDA,Missing Meter Read,Medium,2024-02-03,,Open
EXC00001893,BILL00022316,ACCT001860,CUST001860,2024-08,Residential,SANTA BARBARA,Missing Meter Read,Medium,2024-09-03,2024-09-06,Resolved
EXC00001894,BILL00022342,ACCT001862,CUST001862,2024-10,Residential,CALAVERAS,Missing Meter Read,Medium,2024-11-03,2024-11-06,Resolved
EXC00001895,BILL00022344,ACCT001862,CUST001862,2024-12,Residential,CALAVERAS,Invalid Meter Read,High,2025-01-03,2025-01-11,Resolved
EXC00001896,BILL00022378,ACCT001865,CUST001865,2024-10,"Transportation, Communications, & Utilities",PLACER,Invalid Meter Read,High,2024-11-03,,In Review
EXC00001897,BILL00022441,ACCT001871,CUST001871,2024-01,Commercial,KERN,Inactive Account,High,2024-02-03,,In Review
EXC00001898,BILL00022442,ACCT001871,CUST001871,2024-02,Commercial,KERN,Inactive Account,High,2024-03-03,,Open
EXC00001899,BILL00022443,ACCT001871,CUST001871,2024-03,Commercial,KERN,Inactive Account,High,2024-04-03,2024-04-16,Resolved
EXC00001900,BILL00022444,ACCT001871,CUST001871,2024-04,Commercial,KERN,Inactive Account,High,2024-05-03,,Open
EXC00001901,BILL00022445,ACCT001871,CUST001871,2024-05,Commercial,KERN,Inactive Account,High,2024-06-03,,In Review
EXC00001902,BILL00022446,ACCT001871,CUST001871,2024-06,Commercial,KERN,Inactive Account,High,2024-07-03,,Open
EXC00001903,BILL00022447,ACCT001871,CUST001871,2024-07,Commercial,KERN,Inactive Account,High,2024-08-03,2024-08-08,Resolved
EXC00001904,BILL00022448,ACCT001871,CUST001871,2024-08,Commercial,KERN,Inactive Account,High,2024-09-03,,In Review
EXC00001905,BILL00022449,ACCT001871,CUST001871,2024-09,Commercial,KERN,Inactive Account,High,2024-10-03,,In Review
EXC00001906,BILL00022450,ACCT001871,CUST001871,2024-10,Commercial,KERN,Inactive Account,High,2024-11-03,,Open
EXC00001907,BILL00022451,ACCT001871,CUST001871,2024-11,Commercial,KERN,Inactive Account,High,2024-12-03,,In Review
EXC00001908,BILL00022452,ACCT001871,CUST001871,2024-12,Commercial,KERN,Inactive Account,High,2025-01-03,2025-01-14,Resolved
EXC00001909,BILL00022485,ACCT001874,CUST001874,2024-09,Commercial,SAN MATEO,Invalid Meter Read,High,2024-10-03,2024-10-16,Resolved
EXC00001910,BILL00022520,ACCT001877,CUST001877,2024-08,Residential,SANTA CLARA,Missing Meter Read,Medium,2024-09-03,2024-09-12,Resolved
EXC00001911,BILL00022548,ACCT001879,CUST001879,2024-12,Residential,MERCED,Missing Meter Read,Medium,2025-01-03,2025-01-07,Resolved
EXC00001912,BILL00022559,ACCT001880,CUST001880,2024-11,Residential,ALAMEDA,Missing Meter Read,Medium,2024-12-03,,In Review
EXC00001913,BILL00022642,ACCT001887,CUST001887,2024-10,Residential,SANTA CLARA,Missing Meter Read,Medium,2024-11-03,,Open
EXC00001914,BILL00022785,ACCT001899,CUST001899,2024-09,Residential,ALAMEDA,Invalid Meter Read,High,2024-10-03,2024-10-06,Resolved
EXC00001915,BILL00022803,ACCT001901,CUST001901,2024-03,Residential,SANTA CLARA,Missing Meter Read,Medium,2024-04-03,2024-04-10,Resolved
EXC00001916,BILL00022808,ACCT001901,CUST001901,2024-08,Residential,SANTA CLARA,Missing Meter Read,Medium,2024-09-03,2024-09-08,Resolved
EXC00001917,BILL00022813,ACCT001902,CUST001902,2024-01,Residential,SANTA CLARA,Inactive Account,High,2024-02-03,2024-02-11,Resolved
EXC00001918,BILL00022814,ACCT001902,CUST001902,2024-02,Residential,SANTA CLARA,Inactive Account,High,2024-03-03,2024-03-13,Resolved
EXC00001919,BILL00022815,ACCT001902,CUST001902,2024-03,Residential,SANTA CLARA,Inactive Account,High,2024-04-03,,Open
EXC00001920,BILL00022816,ACCT001902,CUST001902,2024-04,Residential,SANTA CLARA,Inactive Account,High,2024-05-03,,Open
EXC00001921,BILL00022817,ACCT001902,CUST001902,2024-05,Residential,SANTA CLARA,Inactive Account,High,2024-06-03,,Open
EXC00001922,BILL00022818,ACCT001902,CUST001902,2024-06,Residential,SANTA CLARA,Inactive Account,High,2024-07-03,,Open
EXC00001923,BILL00022819,ACCT001902,CUST001902,2024-07,Residential,SANTA CLARA,Inactive Account,High,2024-08-03,,In Review
EXC00001924,BILL00022820,ACCT001902,CUST001902,2024-08,Residential,SANTA CLARA,Inactive Account,High,2024-09-03,2024-09-16,Resolved
EXC00001925,BILL00022821,ACCT001902,CUST001902,2024-09,Residential,SANTA CLARA,Inactive Account,High,2024-10-03,,In Review
EXC00001926,BILL00022822,ACCT001902,CUST001902,2024-10,Residential,SANTA CLARA,Inactive Account,High,2024-11-03,2024-11-09,Resolved
EXC00001927,BILL00022823,ACCT001902,CUST001902,2024-11,Residential,SANTA CLARA,Inactive Account,High,2024-12-03,2024-12-17,Resolved
EXC00001928,BILL00022824,ACCT001902,CUST001902,2024-12,Residential,SANTA CLARA,Inactive Account,High,2025-01-03,,Open
EXC00001929,BILL00022827,ACCT001903,CUST001903,2024-03,Residential,CONTRA COSTA,Missing Meter Read,Medium,2024-04-03,2024-04-13,Resolved
EXC00001930,BILL00022831,ACCT001903,CUST001903,2024-07,Residential,CONTRA COSTA,Invalid Meter Read,High,2024-08-03,2024-08-17,Resolved
EXC00001931,BILL00022962,ACCT001914,CUST001914,2024-06,Residential,SANTA CLARA,Missing Meter Read,Medium,2024-07-03,2024-07-07,Resolved
EXC00001932,BILL00022981,ACCT001916,CUST001916,2024-01,Residential,SANTA CLARA,Inactive Account,High,2024-02-03,2024-02-14,Resolved
EXC00001933,BILL00022982,ACCT001916,CUST001916,2024-02,Residential,SANTA CLARA,Inactive Account,High,2024-03-03,,In Review
EXC00001934,BILL00022983,ACCT001916,CUST001916,2024-03,Residential,SANTA CLARA,Inactive Account,High,2024-04-03,2024-04-14,Resolved
EXC00001935,BILL00022984,ACCT001916,CUST001916,2024-04,Residential,SANTA CLARA,Inactive Account,High,2024-05-03,2024-05-09,Resolved
EXC00001936,BILL00022985,ACCT001916,CUST001916,2024-05,Residential,SANTA CLARA,Inactive Account,High,2024-06-03,2024-06-16,Resolved
EXC00001937,BILL00022986,ACCT001916,CUST001916,2024-06,Residential,SANTA CLARA,Inactive Account,High,2024-07-03,2024-07-05,Resolved
EXC00001938,BILL00022987,ACCT001916,CUST001916,2024-07,Residential,SANTA CLARA,Inactive Account,High,2024-08-03,,Open
EXC00001939,BILL00022988,ACCT001916,CUST001916,2024-08,Residential,SANTA CLARA,Inactive Account,High,2024-09-03,2024-09-17,Resolved
EXC00001940,BILL00022989,ACCT001916,CUST001916,2024-09,Residential,SANTA CLARA,Inactive Account,High,2024-10-03,2024-10-08,Resolved
EXC00001941,BILL00022990,ACCT001916,CUST001916,2024-10,Residential,SANTA CLARA,Inactive Account,High,2024-11-03,,In Review
EXC00001942,BILL00022991,ACCT001916,CUST001916,2024-11,Residential,SANTA CLARA,Inactive Account,High,2024-12-03,2024-12-05,Resolved
EXC00001943,BILL00022992,ACCT001916,CUST001916,2024-12,Residential,SANTA CLARA,Inactive Account,High,2025-01-03,2025-01-16,Resolved
EXC00001944,BILL00023004,ACCT001917,CUST001917,2024-12,Commercial,MARIN,Missing Meter Read,Medium,2025-01-03,,Open
EXC00001945,BILL00023005,ACCT001918,CUST001918,2024-01,Residential,CALAVERAS,Inactive Account,High,2024-02-03,,Open
EXC00001946,BILL00023006,ACCT001918,CUST001918,2024-02,Residential,CALAVERAS,Inactive Account,High,2024-03-03,2024-03-05,Resolved
EXC00001947,BILL00023007,ACCT001918,CUST001918,2024-03,Residential,CALAVERAS,Inactive Account,High,2024-04-03,2024-04-09,Resolved
EXC00001948,BILL00023008,ACCT001918,CUST001918,2024-04,Residential,CALAVERAS,Inactive Account,High,2024-05-03,2024-05-08,Resolved
EXC00001949,BILL00023009,ACCT001918,CUST001918,2024-05,Residential,CALAVERAS,Inactive Account,High,2024-06-03,2024-06-17,Resolved
EXC00001950,BILL00023010,ACCT001918,CUST001918,2024-06,Residential,CALAVERAS,Inactive Account,High,2024-07-03,,Open
EXC00001951,BILL00023011,ACCT001918,CUST001918,2024-07,Residential,CALAVERAS,Inactive Account,High,2024-08-03,,Open
EXC00001952,BILL00023012,ACCT001918,CUST001918,2024-08,Residential,CALAVERAS,Inactive Account,High,2024-09-03,2024-09-12,Resolved
EXC00001953,BILL00023013,ACCT001918,CUST001918,2024-09,Residential,CALAVERAS,Inactive Account,High,2024-10-03,2024-10-08,Resolved
EXC00001954,BILL00023014,ACCT001918,CUST001918,2024-10,Residential,CALAVERAS,Inactive Account,High,2024-11-03,2024-11-15,Resolved
EXC00001955,BILL00023015,ACCT001918,CUST001918,2024-11,Residential,CALAVERAS,Inactive Account,High,2024-12-03,2024-12-12,Resolved
EXC00001956,BILL00023016,ACCT001918,CUST001918,2024-12,Residential,CALAVERAS,Inactive Account,High,2025-01-03,,In Review
EXC00001957,BILL00023019,ACCT001919,CUST001919,2024-03,Residential,EL DORADO,Missing Meter Read,Medium,2024-04-03,2024-04-16,Resolved
EXC00001958,BILL00023077,ACCT001924,CUST001924,2024-01,Residential,SAN FRANCISCO,Inactive Account,High,2024-02-03,2024-02-11,Resolved
EXC00001959,BILL00023078,ACCT001924,CUST001924,2024-02,Residential,SAN FRANCISCO,Inactive Account,High,2024-03-03,2024-03-07,Resolved
EXC00001960,BILL00023079,ACCT001924,CUST001924,2024-03,Residential,SAN FRANCISCO,Inactive Account,High,2024-04-03,,Open
EXC00001961,BILL00023080,ACCT001924,CUST001924,2024-04,Residential,SAN FRANCISCO,Inactive Account,High,2024-05-03,,Open
EXC00001962,BILL00023081,ACCT001924,CUST001924,2024-05,Residential,SAN FRANCISCO,Inactive Account,High,2024-06-03,2024-06-08,Resolved
EXC00001963,BILL00023082,ACCT001924,CUST001924,2024-06,Residential,SAN FRANCISCO,Inactive Account,High,2024-07-03,,In Review
EXC00001964,BILL00023083,ACCT001924,CUST001924,2024-07,Residential,SAN FRANCISCO,Inactive Account,High,2024-08-03,,In Review
EXC00001965,BILL00023084,ACCT001924,CUST001924,2024-08,Residential,SAN FRANCISCO,Inactive Account,High,2024-09-03,2024-09-11,Resolved
EXC00001966,BILL00023085,ACCT001924,CUST001924,2024-09,Residential,SAN FRANCISCO,Inactive Account,High,2024-10-03,,In Review
EXC00001967,BILL00023086,ACCT001924,CUST001924,2024-10,Residential,SAN FRANCISCO,Inactive Account,High,2024-11-03,2024-11-12,Resolved
EXC00001968,BILL00023087,ACCT001924,CUST001924,2024-11,Residential,SAN FRANCISCO,Inactive Account,High,2024-12-03,2024-12-05,Resolved
EXC00001969,BILL00023088,ACCT001924,CUST001924,2024-12,Residential,SAN FRANCISCO,Inactive Account,High,2025-01-03,,Open
EXC00001970,BILL00023175,ACCT001932,CUST001932,2024-03,Residential,SANTA CLARA,Missing Meter Read,Medium,2024-04-03,,Open
EXC00001971,BILL00023235,ACCT001937,CUST001937,2024-03,Residential,ALAMEDA,Missing Meter Read,Medium,2024-04-03,2024-04-17,Resolved
EXC00001972,BILL00023242,ACCT001937,CUST001937,2024-10,Residential,ALAMEDA,Missing Meter Read,Medium,2024-11-03,2024-11-05,Resolved
EXC00001973,BILL00023246,ACCT001938,CUST001938,2024-02,Commercial,MERCED,Invalid Meter Read,High,2024-03-03,2024-03-10,Resolved
EXC00001974,BILL00023263,ACCT001939,CUST001939,2024-07,Residential,KERN,Invalid Meter Read,High,2024-08-03,2024-08-07,Resolved
EXC00001975,BILL00023288,ACCT001941,CUST001941,2024-08,Residential,SAN JOAQUIN,Missing Meter Read,Medium,2024-09-03,2024-09-09,Resolved
EXC00001976,BILL00023303,ACCT001942,CUST001942,2024-11,Residential,MONTEREY,Invalid Meter Read,High,2024-12-03,,Open
EXC00001977,BILL00023306,ACCT001943,CUST001943,2024-02,Residential,FRESNO,Missing Meter Read,Medium,2024-03-03,,Open
EXC00001978,BILL00023357,ACCT001947,CUST001947,2024-05,Residential,SANTA CLARA,Missing Meter Read,Medium,2024-06-03,2024-06-06,Resolved
EXC00001979,BILL00023373,ACCT001948,CUST001948,2024-09,Residential,SANTA CLARA,Invalid Meter Read,High,2024-10-03,2024-10-06,Resolved
EXC00001980,BILL00023391,ACCT001950,CUST001950,2024-03,Residential,CONTRA COSTA,Invalid Meter Read,High,2024-04-03,,Open
EXC00001981,BILL00023392,ACCT001950,CUST001950,2024-04,Residential,CONTRA COSTA,Missing Meter Read,Medium,2024-05-03,,Open
EXC00001982,BILL00023401,ACCT001951,CUST001951,2024-01,Residential,MADERA,Inactive Account,High,2024-02-03,2024-02-09,Resolved
EXC00001983,BILL00023402,ACCT001951,CUST001951,2024-02,Residential,MADERA,Inactive Account,High,2024-03-03,,Open
EXC00001984,BILL00023403,ACCT001951,CUST001951,2024-03,Residential,MADERA,Inactive Account,High,2024-04-03,2024-04-16,Resolved
EXC00001985,BILL00023404,ACCT001951,CUST001951,2024-04,Residential,MADERA,Inactive Account,High,2024-05-03,,Open
EXC00001986,BILL00023405,ACCT001951,CUST001951,2024-05,Residential,MADERA,Inactive Account,High,2024-06-03,,Open
EXC00001987,BILL00023406,ACCT001951,CUST001951,2024-06,Residential,MADERA,Inactive Account,High,2024-07-03,2024-07-10,Resolved
EXC00001988,BILL00023407,ACCT001951,CUST001951,2024-07,Residential,MADERA,Inactive Account,High,2024-08-03,,Open
EXC00001989,BILL00023408,ACCT001951,CUST001951,2024-08,Residential,MADERA,Inactive Account,High,2024-09-03,2024-09-06,Resolved
EXC00001990,BILL00023409,ACCT001951,CUST001951,2024-09,Residential,MADERA,Inactive Account,High,2024-10-03,2024-10-16,Resolved
EXC00001991,BILL00023410,ACCT001951,CUST001951,2024-10,Residential,MADERA,Inactive Account,High,2024-11-03,2024-11-16,Resolved
EXC00001992,BILL00023411,ACCT001951,CUST001951,2024-11,Residential,MADERA,Inactive Account,High,2024-12-03,2024-12-13,Resolved
EXC00001993,BILL00023412,ACCT001951,CUST001951,2024-12,Residential,MADERA,Inactive Account,High,2025-01-03,2025-01-11,Resolved
EXC00001994,BILL00023439,ACCT001954,CUST001954,2024-03,Residential,CONTRA COSTA,Missing Meter Read,Medium,2024-04-03,2024-04-04,Resolved
EXC00001995,BILL00023466,ACCT001956,CUST001956,2024-06,Industrial,SAN MATEO,Invalid Meter Read,High,2024-07-03,,Open
EXC00001996,BILL00023467,ACCT001956,CUST001956,2024-07,Industrial,SAN MATEO,Missing Meter Read,Medium,2024-08-03,,In Review
EXC00001997,BILL00023485,ACCT001958,CUST001958,2024-01,Residential,FRESNO,Inactive Account,High,2024-02-03,2024-02-14,Resolved
EXC00001998,BILL00023486,ACCT001958,CUST001958,2024-02,Residential,FRESNO,Inactive Account,High,2024-03-03,,Open
EXC00001999,BILL00023487,ACCT001958,CUST001958,2024-03,Residential,FRESNO,Inactive Account,High,2024-04-03,,Open
EXC00002000,BILL00023488,ACCT001958,CUST001958,2024-04,Residential,FRESNO,Inactive Account,High,2024-05-03,,Open
EXC00002001,BILL00023489,ACCT001958,CUST001958,2024-05,Residential,FRESNO,Inactive Account,High,2024-06-03,2024-06-05,Resolved
EXC00002002,BILL00023490,ACCT001958,CUST001958,2024-06,Residential,FRESNO,Inactive Account,High,2024-07-03,,Open
EXC00002003,BILL00023491,ACCT001958,CUST001958,2024-07,Residential,FRESNO,Inactive Account,High,2024-08-03,2024-08-15,Resolved
EXC00002004,BILL00023492,ACCT001958,CUST001958,2024-08,Residential,FRESNO,Inactive Account,High,2024-09-03,2024-09-09,Resolved
EXC00002005,BILL00023493,ACCT001958,CUST001958,2024-09,Residential,FRESNO,Inactive Account,High,2024-10-03,2024-10-14,Resolved
EXC00002006,BILL00023494,ACCT001958,CUST001958,2024-10,Residential,FRESNO,Inactive Account,High,2024-11-03,,Open
EXC00002007,BILL00023495,ACCT001958,CUST001958,2024-11,Residential,FRESNO,Inactive Account,High,2024-12-03,2024-12-04,Resolved
EXC00002008,BILL00023496,ACCT001958,CUST001958,2024-12,Residential,FRESNO,Inactive Account,High,2025-01-03,,Open
EXC00002009,BILL00023514,ACCT001960,CUST001960,2024-06,Residential,MARIPOSA,Invalid Meter Read,High,2024-07-03,,Open
EXC00002010,BILL00023521,ACCT001961,CUST001961,2024-01,Residential,PLACER,Inactive Account,High,2024-02-03,,Open
EXC00002011,BILL00023522,ACCT001961,CUST001961,2024-02,Residential,PLACER,Inactive Account,High,2024-03-03,,Open
EXC00002012,BILL00023523,ACCT001961,CUST001961,2024-03,Residential,PLACER,Inactive Account,High,2024-04-03,2024-04-12,Resolved
EXC00002013,BILL00023524,ACCT001961,CUST001961,2024-04,Residential,PLACER,Inactive Account,High,2024-05-03,2024-05-14,Resolved
EXC00002014,BILL00023525,ACCT001961,CUST001961,2024-05,Residential,PLACER,Inactive Account,High,2024-06-03,,Open
EXC00002015,BILL00023526,ACCT001961,CUST001961,2024-06,Residential,PLACER,Inactive Account,High,2024-07-03,,In Review
EXC00002016,BILL00023527,ACCT001961,CUST001961,2024-07,Residential,PLACER,Inactive Account,High,2024-08-03,2024-08-11,Resolved
EXC00002017,BILL00023528,ACCT001961,CUST001961,2024-08,Residential,PLACER,Inactive Account,High,2024-09-03,2024-09-09,Resolved
EXC00002018,BILL00023529,ACCT001961,CUST001961,2024-09,Residential,PLACER,Inactive Account,High,2024-10-03,2024-10-14,Resolved
EXC00002019,BILL00023530,ACCT001961,CUST001961,2024-10,Residential,PLACER,Inactive Account,High,2024-11-03,,Open
EXC00002020,BILL00023531,ACCT001961,CUST001961,2024-11,Residential,PLACER,Inactive Account,High,2024-12-03,2024-12-09,Resolved
EXC00002021,BILL00023532,ACCT001961,CUST001961,2024-12,Residential,PLACER,Inactive Account,High,2025-01-03,2025-01-09,Resolved
EXC00002022,BILL00023589,ACCT001966,CUST001966,2024-09,Residential,SANTA CLARA,Invalid Meter Read,High,2024-10-03,2024-10-13,Resolved
EXC00002023,BILL00023619,ACCT001969,CUST001969,2024-03,Residential,FRESNO,Missing Meter Read,Medium,2024-04-03,2024-04-14,Resolved
EXC00002024,BILL00023624,ACCT001969,CUST001969,2024-08,Residential,FRESNO,Missing Meter Read,Medium,2024-09-03,,Open
EXC00002025,BILL00023760,ACCT001980,CUST001980,2024-12,Commercial,CONTRA COSTA,Missing Meter Read,Medium,2025-01-03,2025-01-16,Resolved
EXC00002026,BILL00023811,ACCT001985,CUST001985,2024-03,Residential,SAN JOAQUIN,Missing Meter Read,Medium,2024-04-03,2024-04-04,Resolved
EXC00002027,BILL00023869,ACCT001990,CUST001990,2024-01,Residential,CONTRA COSTA,Inactive Account,High,2024-02-03,2024-02-17,Resolved
EXC00002028,BILL00023870,ACCT001990,CUST001990,2024-02,Residential,CONTRA COSTA,Inactive Account,High,2024-03-03,,Open
EXC00002029,BILL00023871,ACCT001990,CUST001990,2024-03,Residential,CONTRA COSTA,Inactive Account,High,2024-04-03,2024-04-10,Resolved
EXC00002030,BILL00023872,ACCT001990,CUST001990,2024-04,Residential,CONTRA COSTA,Inactive Account,High,2024-05-03,,In Review
EXC00002031,BILL00023873,ACCT001990,CUST001990,2024-05,Residential,CONTRA COSTA,Inactive Account,High,2024-06-03,2024-06-10,Resolved
EXC00002032,BILL00023874,ACCT001990,CUST001990,2024-06,Residential,CONTRA COSTA,Inactive Account,High,2024-07-03,2024-07-14,Resolved
EXC00002033,BILL00023875,ACCT001990,CUST001990,2024-07,Residential,CONTRA COSTA,Inactive Account,High,2024-08-03,,Open
EXC00002034,BILL00023876,ACCT001990,CUST001990,2024-08,Residential,CONTRA COSTA,Inactive Account,High,2024-09-03,2024-09-05,Resolved
EXC00002035,BILL00023877,ACCT001990,CUST001990,2024-09,Residential,CONTRA COSTA,Inactive Account,High,2024-10-03,,Open
EXC00002036,BILL00023878,ACCT001990,CUST001990,2024-10,Residential,CONTRA COSTA,Inactive Account,High,2024-11-03,,In Review
EXC00002037,BILL00023879,ACCT001990,CUST001990,2024-11,Residential,CONTRA COSTA,Inactive Account,High,2024-12-03,2024-12-12,Resolved
EXC00002038,BILL00023880,ACCT001990,CUST001990,2024-12,Residential,CONTRA COSTA,Inactive Account,High,2025-01-03,,In Review
EXC00002039,BILL00023905,ACCT001993,CUST001993,2024-01,Residential,ALAMEDA,Inactive Account,High,2024-02-03,2024-02-11,Resolved
EXC00002040,BILL00023906,ACCT001993,CUST001993,2024-02,Residential,ALAMEDA,Inactive Account,High,2024-03-03,2024-03-14,Resolved
EXC00002041,BILL00023907,ACCT001993,CUST001993,2024-03,Residential,ALAMEDA,Inactive Account,High,2024-04-03,,Open
EXC00002042,BILL00023908,ACCT001993,CUST001993,2024-04,Residential,ALAMEDA,Inactive Account,High,2024-05-03,,In Review
EXC00002043,BILL00023909,ACCT001993,CUST001993,2024-05,Residential,ALAMEDA,Inactive Account,High,2024-06-03,,Open
EXC00002044,BILL00023910,ACCT001993,CUST001993,2024-06,Residential,ALAMEDA,Inactive Account,High,2024-07-03,2024-07-17,Resolved
EXC00002045,BILL00023911,ACCT001993,CUST001993,2024-07,Residential,ALAMEDA,Inactive Account,High,2024-08-03,,Open
EXC00002046,BILL00023912,ACCT001993,CUST001993,2024-08,Residential,ALAMEDA,Inactive Account,High,2024-09-03,2024-09-13,Resolved
EXC00002047,BILL00023913,ACCT001993,CUST001993,2024-09,Residential,ALAMEDA,Inactive Account,High,2024-10-03,2024-10-06,Resolved
EXC00002048,BILL00023914,ACCT001993,CUST001993,2024-10,Residential,ALAMEDA,Inactive Account,High,2024-11-03,2024-11-07,Resolved
EXC00002049,BILL00023915,ACCT001993,CUST001993,2024-11,Residential,ALAMEDA,Inactive Account,High,2024-12-03,2024-12-14,Resolved
EXC00002050,BILL00023916,ACCT001993,CUST001993,2024-12,Residential,ALAMEDA,Inactive Account,High,2025-01-03,2025-01-14,Resolved
EXC00002051,BILL00023917,ACCT001994,CUST001994,2024-01,Residential,SANTA CLARA,Invalid Meter Read,High,2024-02-03,2024-02-09,Resolved
EXC00002052,BILL00023929,ACCT001995,CUST001995,2024-01,Residential,MENDOCINO,Inactive Account,High,2024-02-03,2024-02-11,Resolved
EXC00002053,BILL00023930,ACCT001995,CUST001995,2024-02,Residential,MENDOCINO,Inactive Account,High,2024-03-03,,Open
EXC00002054,BILL00023931,ACCT001995,CUST001995,2024-03,Residential,MENDOCINO,Inactive Account,High,2024-04-03,2024-04-07,Resolved
EXC00002055,BILL00023932,ACCT001995,CUST001995,2024-04,Residential,MENDOCINO,Inactive Account,High,2024-05-03,,Open
EXC00002056,BILL00023933,ACCT001995,CUST001995,2024-05,Residential,MENDOCINO,Inactive Account,High,2024-06-03,2024-06-05,Resolved
EXC00002057,BILL00023934,ACCT001995,CUST001995,2024-06,Residential,MENDOCINO,Inactive Account,High,2024-07-03,,In Review
EXC00002058,BILL00023935,ACCT001995,CUST001995,2024-07,Residential,MENDOCINO,Inactive Account,High,2024-08-03,,Open
EXC00002059,BILL00023936,ACCT001995,CUST001995,2024-08,Residential,MENDOCINO,Inactive Account,High,2024-09-03,2024-09-05,Resolved
EXC00002060,BILL00023937,ACCT001995,CUST001995,2024-09,Residential,MENDOCINO,Inactive Account,High,2024-10-03,,Open
EXC00002061,BILL00023938,ACCT001995,CUST001995,2024-10,Residential,MENDOCINO,Inactive Account,High,2024-11-03,2024-11-16,Resolved
EXC00002062,BILL00023939,ACCT001995,CUST001995,2024-11,Residential,MENDOCINO,Inactive Account,High,2024-12-03,2024-12-05,Resolved
EXC00002063,BILL00023940,ACCT001995,CUST001995,2024-12,Residential,MENDOCINO,Inactive Account,High,2025-01-03,2025-01-16,Resolved
EXC00002064,BILL00023947,ACCT001996,CUST001996,2024-07,Residential,SAN FRANCISCO,Invalid Meter Read,High,2024-08-03,,Open
EXC00002065,BILL00023955,ACCT001997,CUST001997,2024-03,Agriculture And Water Pumping,FRESNO,Missing Meter Read,Medium,2024-04-03,2024-04-05,Resolved
EXC00002066,BILL00024022,ACCT002002,CUST002002,2024-10,Residential,SANTA CLARA,Invalid Meter Read,High,2024-11-03,,Open
EXC00002067,BILL00024079,ACCT002007,CUST002007,2024-07,Residential,PLACER,Missing Meter Read,Medium,2024-08-03,2024-08-09,Resolved
EXC00002068,BILL00024109,ACCT002010,CUST002010,2024-01,Residential,SANTA CLARA,Inactive Account,High,2024-02-03,,Open
EXC00002069,BILL00024110,ACCT002010,CUST002010,2024-02,Residential,SANTA CLARA,Inactive Account,High,2024-03-03,,In Review
EXC00002070,BILL00024111,ACCT002010,CUST002010,2024-03,Residential,SANTA CLARA,Inactive Account,High,2024-04-03,2024-04-09,Resolved
EXC00002071,BILL00024112,ACCT002010,CUST002010,2024-04,Residential,SANTA CLARA,Inactive Account,High,2024-05-03,,Open
EXC00002072,BILL00024113,ACCT002010,CUST002010,2024-05,Residential,SANTA CLARA,Inactive Account,High,2024-06-03,2024-06-06,Resolved
EXC00002073,BILL00024114,ACCT002010,CUST002010,2024-06,Residential,SANTA CLARA,Inactive Account,High,2024-07-03,2024-07-09,Resolved
EXC00002074,BILL00024115,ACCT002010,CUST002010,2024-07,Residential,SANTA CLARA,Inactive Account,High,2024-08-03,,Open
EXC00002075,BILL00024116,ACCT002010,CUST002010,2024-08,Residential,SANTA CLARA,Inactive Account,High,2024-09-03,2024-09-06,Resolved
EXC00002076,BILL00024117,ACCT002010,CUST002010,2024-09,Residential,SANTA CLARA,Inactive Account,High,2024-10-03,2024-10-12,Resolved
EXC00002077,BILL00024118,ACCT002010,CUST002010,2024-10,Residential,SANTA CLARA,Inactive Account,High,2024-11-03,2024-11-04,Resolved
EXC00002078,BILL00024119,ACCT002010,CUST002010,2024-11,Residential,SANTA CLARA,Inactive Account,High,2024-12-03,,Open
EXC00002079,BILL00024120,ACCT002010,CUST002010,2024-12,Residential,SANTA CLARA,Inactive Account,High,2025-01-03,,Open
EXC00002080,BILL00024121,ACCT002011,CUST002011,2024-01,Residential,ALAMEDA,Inactive Account,High,2024-02-03,,In Review
EXC00002081,BILL00024122,ACCT002011,CUST002011,2024-02,Residential,ALAMEDA,Inactive Account,High,2024-03-03,,Open
EXC00002082,BILL00024123,ACCT002011,CUST002011,2024-03,Residential,ALAMEDA,Inactive Account,High,2024-04-03,,Open
EXC00002083,BILL00024124,ACCT002011,CUST002011,2024-04,Residential,ALAMEDA,Inactive Account,High,2024-05-03,,In Review
EXC00002084,BILL00024125,ACCT002011,CUST002011,2024-05,Residential,ALAMEDA,Inactive Account,High,2024-06-03,,Open
EXC00002085,BILL00024126,ACCT002011,CUST002011,2024-06,Residential,ALAMEDA,Inactive Account,High,2024-07-03,,Open
EXC00002086,BILL00024127,ACCT002011,CUST002011,2024-07,Residential,ALAMEDA,Inactive Account,High,2024-08-03,,Open
EXC00002087,BILL00024128,ACCT002011,CUST002011,2024-08,Residential,ALAMEDA,Inactive Account,High,2024-09-03,,Open
EXC00002088,BILL00024129,ACCT002011,CUST002011,2024-09,Residential,ALAMEDA,Inactive Account,High,2024-10-03,,In Review
EXC00002089,BILL00024130,ACCT002011,CUST002011,2024-10,Residential,ALAMEDA,Inactive Account,High,2024-11-03,,Open
EXC00002090,BILL00024131,ACCT002011,CUST002011,2024-11,Residential,ALAMEDA,Inactive Account,High,2024-12-03,,Open
EXC00002091,BILL00024132,ACCT002011,CUST002011,2024-12,Residential,ALAMEDA,Inactive Account,High,2025-01-03,2025-01-13,Resolved
EXC00002092,BILL00024180,ACCT002015,CUST002015,2024-12,Residential,KERN,Invalid Meter Read,High,2025-01-03,,In Review
EXC00002093,BILL00024209,ACCT002018,CUST002018,2024-05,Commercial,SANTA CLARA,Invalid Meter Read,High,2024-06-03,2024-06-13,Resolved
EXC00002094,BILL00024261,ACCT002022,CUST002022,2024-09,Residential,SAN JOAQUIN,Missing Meter Read,Medium,2024-10-03,2024-10-04,Resolved
EXC00002095,BILL00024277,ACCT002024,CUST002024,2024-01,Residential,MERCED,Inactive Account,High,2024-02-03,2024-02-10,Resolved
EXC00002096,BILL00024278,ACCT002024,CUST002024,2024-02,Residential,MERCED,Inactive Account,High,2024-03-03,,Open
EXC00002097,BILL00024279,ACCT002024,CUST002024,2024-03,Residential,MERCED,Inactive Account,High,2024-04-03,2024-04-10,Resolved
EXC00002098,BILL00024280,ACCT002024,CUST002024,2024-04,Residential,MERCED,Inactive Account,High,2024-05-03,2024-05-16,Resolved
EXC00002099,BILL00024281,ACCT002024,CUST002024,2024-05,Residential,MERCED,Inactive Account,High,2024-06-03,,In Review
EXC00002100,BILL00024282,ACCT002024,CUST002024,2024-06,Residential,MERCED,Inactive Account,High,2024-07-03,2024-07-10,Resolved
EXC00002101,BILL00024283,ACCT002024,CUST002024,2024-07,Residential,MERCED,Inactive Account,High,2024-08-03,2024-08-04,Resolved
EXC00002102,BILL00024284,ACCT002024,CUST002024,2024-08,Residential,MERCED,Inactive Account,High,2024-09-03,2024-09-10,Resolved
EXC00002103,BILL00024285,ACCT002024,CUST002024,2024-09,Residential,MERCED,Inactive Account,High,2024-10-03,2024-10-11,Resolved
EXC00002104,BILL00024286,ACCT002024,CUST002024,2024-10,Residential,MERCED,Inactive Account,High,2024-11-03,2024-11-09,Resolved
EXC00002105,BILL00024287,ACCT002024,CUST002024,2024-11,Residential,MERCED,Inactive Account,High,2024-12-03,,Open
EXC00002106,BILL00024288,ACCT002024,CUST002024,2024-12,Residential,MERCED,Inactive Account,High,2025-01-03,2025-01-16,Resolved
EXC00002107,BILL00024301,ACCT002026,CUST002026,2024-01,Residential,KERN,Invalid Meter Read,High,2024-02-03,2024-02-05,Resolved
EXC00002108,BILL00024324,ACCT002027,CUST002027,2024-12,Residential,CONTRA COSTA,Missing Meter Read,Medium,2025-01-03,,Open
EXC00002109,BILL00024342,ACCT002029,CUST002029,2024-06,Residential,KERN,Invalid Meter Read,High,2024-07-03,,In Review
EXC00002110,BILL00024369,ACCT002031,CUST002031,2024-09,Residential,FRESNO,Missing Meter Read,Medium,2024-10-03,2024-10-11,Resolved
EXC00002111,BILL00024375,ACCT002032,CUST002032,2024-03,Residential,ALAMEDA,Invalid Meter Read,High,2024-04-03,2024-04-13,Resolved
EXC00002112,BILL00024458,ACCT002039,CUST002039,2024-02,Residential,PLACER,Missing Meter Read,Medium,2024-03-03,2024-03-08,Resolved
EXC00002113,BILL00024459,ACCT002039,CUST002039,2024-03,Residential,PLACER,Missing Meter Read,Medium,2024-04-03,2024-04-11,Resolved
EXC00002114,BILL00024466,ACCT002039,CUST002039,2024-10,Residential,PLACER,Missing Meter Read,Medium,2024-11-03,,Open
EXC00002115,BILL00024504,ACCT002042,CUST002042,2024-12,Residential,KERN,Missing Meter Read,Medium,2025-01-03,,Open
EXC00002116,BILL00024515,ACCT002043,CUST002043,2024-11,Residential,SANTA BARBARA,Invalid Meter Read,High,2024-12-03,2024-12-09,Resolved
EXC00002117,BILL00024552,ACCT002046,CUST002046,2024-12,Residential,KERN,Missing Meter Read,Medium,2025-01-03,,In Review
EXC00002118,BILL00024564,ACCT002047,CUST002047,2024-12,Residential,SOLANO,Missing Meter Read,Medium,2025-01-03,,Open
EXC00002119,BILL00024565,ACCT002048,CUST002048,2024-01,Residential,CONTRA COSTA,Inactive Account,High,2024-02-03,2024-02-14,Resolved
EXC00002120,BILL00024566,ACCT002048,CUST002048,2024-02,Residential,CONTRA COSTA,Inactive Account,High,2024-03-03,,In Review
EXC00002121,BILL00024567,ACCT002048,CUST002048,2024-03,Residential,CONTRA COSTA,Inactive Account,High,2024-04-03,2024-04-05,Resolved
EXC00002122,BILL00024568,ACCT002048,CUST002048,2024-04,Residential,CONTRA COSTA,Inactive Account,High,2024-05-03,2024-05-16,Resolved
EXC00002123,BILL00024569,ACCT002048,CUST002048,2024-05,Residential,CONTRA COSTA,Inactive Account,High,2024-06-03,2024-06-13,Resolved
EXC00002124,BILL00024570,ACCT002048,CUST002048,2024-06,Residential,CONTRA COSTA,Inactive Account,High,2024-07-03,2024-07-11,Resolved
EXC00002125,BILL00024571,ACCT002048,CUST002048,2024-07,Residential,CONTRA COSTA,Inactive Account,High,2024-08-03,,Open
EXC00002126,BILL00024572,ACCT002048,CUST002048,2024-08,Residential,CONTRA COSTA,Inactive Account,High,2024-09-03,2024-09-15,Resolved
EXC00002127,BILL00024573,ACCT002048,CUST002048,2024-09,Residential,CONTRA COSTA,Inactive Account,High,2024-10-03,2024-10-07,Resolved
EXC00002128,BILL00024574,ACCT002048,CUST002048,2024-10,Residential,CONTRA COSTA,Inactive Account,High,2024-11-03,2024-11-10,Resolved
EXC00002129,BILL00024575,ACCT002048,CUST002048,2024-11,Residential,CONTRA COSTA,Inactive Account,High,2024-12-03,2024-12-11,Resolved
EXC00002130,BILL00024576,ACCT002048,CUST002048,2024-12,Residential,CONTRA COSTA,Inactive Account,High,2025-01-03,2025-01-13,Resolved
EXC00002131,BILL00024583,ACCT002049,CUST002049,2024-07,Residential,SANTA CLARA,Missing Meter Read,Medium,2024-08-03,2024-08-10,Resolved
EXC00002132,BILL00024596,ACCT002050,CUST002050,2024-08,Residential,KERN,Missing Meter Read,Medium,2024-09-03,,Open
EXC00002133,BILL00024619,ACCT002052,CUST002052,2024-07,Residential,PLACER,Missing Meter Read,Medium,2024-08-03,2024-08-15,Resolved
EXC00002134,BILL00024683,ACCT002057,CUST002057,2024-11,Residential,SAN JOAQUIN,Missing Meter Read,Medium,2024-12-03,,In Review
EXC00002135,BILL00024721,ACCT002061,CUST002061,2024-01,Residential,SUTTER,Inactive Account,High,2024-02-03,2024-02-09,Resolved
EXC00002136,BILL00024722,ACCT002061,CUST002061,2024-02,Residential,SUTTER,Inactive Account,High,2024-03-03,2024-03-17,Resolved
EXC00002137,BILL00024723,ACCT002061,CUST002061,2024-03,Residential,SUTTER,Inactive Account,High,2024-04-03,,In Review
EXC00002138,BILL00024724,ACCT002061,CUST002061,2024-04,Residential,SUTTER,Inactive Account,High,2024-05-03,,In Review
EXC00002139,BILL00024725,ACCT002061,CUST002061,2024-05,Residential,SUTTER,Inactive Account,High,2024-06-03,,Open
EXC00002140,BILL00024726,ACCT002061,CUST002061,2024-06,Residential,SUTTER,Inactive Account,High,2024-07-03,,Open
EXC00002141,BILL00024727,ACCT002061,CUST002061,2024-07,Residential,SUTTER,Inactive Account,High,2024-08-03,2024-08-07,Resolved
EXC00002142,BILL00024728,ACCT002061,CUST002061,2024-08,Residential,SUTTER,Inactive Account,High,2024-09-03,2024-09-09,Resolved
EXC00002143,BILL00024729,ACCT002061,CUST002061,2024-09,Residential,SUTTER,Inactive Account,High,2024-10-03,,Open
EXC00002144,BILL00024730,ACCT002061,CUST002061,2024-10,Residential,SUTTER,Inactive Account,High,2024-11-03,,Open
EXC00002145,BILL00024731,ACCT002061,CUST002061,2024-11,Residential,SUTTER,Inactive Account,High,2024-12-03,2024-12-13,Resolved
EXC00002146,BILL00024732,ACCT002061,CUST002061,2024-12,Residential,SUTTER,Inactive Account,High,2025-01-03,,Open
EXC00002147,BILL00024750,ACCT002063,CUST002063,2024-06,Commercial,FRESNO,Missing Meter Read,Medium,2024-07-03,2024-07-13,Resolved
EXC00002148,BILL00024765,ACCT002064,CUST002064,2024-09,Residential,MERCED,Missing Meter Read,Medium,2024-10-03,2024-10-15,Resolved
EXC00002149,BILL00024779,ACCT002065,CUST002065,2024-11,Residential,SANTA CLARA,Missing Meter Read,Medium,2024-12-03,2024-12-17,Resolved
EXC00002150,BILL00024805,ACCT002068,CUST002068,2024-01,Residential,KERN,Inactive Account,High,2024-02-03,,Open
EXC00002151,BILL00024806,ACCT002068,CUST002068,2024-02,Residential,KERN,Inactive Account,High,2024-03-03,2024-03-15,Resolved
EXC00002152,BILL00024807,ACCT002068,CUST002068,2024-03,Residential,KERN,Inactive Account,High,2024-04-03,2024-04-07,Resolved
EXC00002153,BILL00024808,ACCT002068,CUST002068,2024-04,Residential,KERN,Inactive Account,High,2024-05-03,,Open
EXC00002154,BILL00024809,ACCT002068,CUST002068,2024-05,Residential,KERN,Inactive Account,High,2024-06-03,2024-06-13,Resolved
EXC00002155,BILL00024810,ACCT002068,CUST002068,2024-06,Residential,KERN,Inactive Account,High,2024-07-03,2024-07-16,Resolved
EXC00002156,BILL00024811,ACCT002068,CUST002068,2024-07,Residential,KERN,Inactive Account,High,2024-08-03,2024-08-07,Resolved
EXC00002157,BILL00024812,ACCT002068,CUST002068,2024-08,Residential,KERN,Inactive Account,High,2024-09-03,,In Review
EXC00002158,BILL00024813,ACCT002068,CUST002068,2024-09,Residential,KERN,Inactive Account,High,2024-10-03,,In Review
EXC00002159,BILL00024814,ACCT002068,CUST002068,2024-10,Residential,KERN,Inactive Account,High,2024-11-03,,In Review
EXC00002160,BILL00024815,ACCT002068,CUST002068,2024-11,Residential,KERN,Inactive Account,High,2024-12-03,2024-12-16,Resolved
EXC00002161,BILL00024816,ACCT002068,CUST002068,2024-12,Residential,KERN,Inactive Account,High,2025-01-03,,Open
EXC00002162,BILL00024877,ACCT002074,CUST002074,2024-01,Commercial,GLENN,Inactive Account,High,2024-02-03,2024-02-04,Resolved
EXC00002163,BILL00024878,ACCT002074,CUST002074,2024-02,Commercial,GLENN,Inactive Account,High,2024-03-03,2024-03-15,Resolved
EXC00002164,BILL00024879,ACCT002074,CUST002074,2024-03,Commercial,GLENN,Inactive Account,High,2024-04-03,2024-04-15,Resolved
EXC00002165,BILL00024880,ACCT002074,CUST002074,2024-04,Commercial,GLENN,Inactive Account,High,2024-05-03,,Open
EXC00002166,BILL00024881,ACCT002074,CUST002074,2024-05,Commercial,GLENN,Inactive Account,High,2024-06-03,2024-06-17,Resolved
EXC00002167,BILL00024882,ACCT002074,CUST002074,2024-06,Commercial,GLENN,Inactive Account,High,2024-07-03,2024-07-13,Resolved
EXC00002168,BILL00024883,ACCT002074,CUST002074,2024-07,Commercial,GLENN,Inactive Account,High,2024-08-03,,Open
EXC00002169,BILL00024884,ACCT002074,CUST002074,2024-08,Commercial,GLENN,Inactive Account,High,2024-09-03,,In Review
EXC00002170,BILL00024885,ACCT002074,CUST002074,2024-09,Commercial,GLENN,Inactive Account,High,2024-10-03,2024-10-11,Resolved
EXC00002171,BILL00024886,ACCT002074,CUST002074,2024-10,Commercial,GLENN,Inactive Account,High,2024-11-03,,In Review
EXC00002172,BILL00024887,ACCT002074,CUST002074,2024-11,Commercial,GLENN,Inactive Account,High,2024-12-03,,In Review
EXC00002173,BILL00024888,ACCT002074,CUST002074,2024-12,Commercial,GLENN,Inactive Account,High,2025-01-03,,Open
EXC00002174,BILL00024889,ACCT002075,CUST002075,2024-01,Commercial,KERN,Missing Meter Read,Medium,2024-02-03,2024-02-05,Resolved
EXC00002175,BILL00024890,ACCT002075,CUST002075,2024-02,Commercial,KERN,Missing Meter Read,Medium,2024-03-03,2024-03-04,Resolved
EXC00002176,BILL00024912,ACCT002076,CUST002076,2024-12,Commercial,SANTA CLARA,Missing Meter Read,Medium,2025-01-03,,Open
EXC00002177,BILL00024953,ACCT002080,CUST002080,2024-05,Residential,SOLANO,Invalid Meter Read,High,2024-06-03,2024-06-08,Resolved
EXC00002178,BILL00024998,ACCT002084,CUST002084,2024-02,Commercial,KERN,Missing Meter Read,Medium,2024-03-03,2024-03-10,Resolved
EXC00002179,BILL00025029,ACCT002086,CUST002086,2024-09,Residential,CONTRA COSTA,Invalid Meter Read,High,2024-10-03,2024-10-06,Resolved
EXC00002180,BILL00025041,ACCT002087,CUST002087,2024-09,Residential,FRESNO,Missing Meter Read,Medium,2024-10-03,2024-10-13,Resolved
EXC00002181,BILL00025049,ACCT002088,CUST002088,2024-05,Residential,SANTA CRUZ,Missing Meter Read,Medium,2024-06-03,,Open
EXC00002182,BILL00025065,ACCT002089,CUST002089,2024-09,Commercial,ALAMEDA,Missing Meter Read,Medium,2024-10-03,,Open
EXC00002183,BILL00025072,ACCT002090,CUST002090,2024-04,Residential,SANTA CLARA,Invalid Meter Read,High,2024-05-03,,Open
EXC00002184,BILL00025085,ACCT002091,CUST002091,2024-05,Residential,SANTA CLARA,Missing Meter Read,Medium,2024-06-03,2024-06-08,Resolved
EXC00002185,BILL00025086,ACCT002091,CUST002091,2024-06,Residential,SANTA CLARA,Missing Meter Read,Medium,2024-07-03,,In Review
EXC00002186,BILL00025092,ACCT002091,CUST002091,2024-12,Residential,SANTA CLARA,Invalid Meter Read,High,2025-01-03,2025-01-06,Resolved
EXC00002187,BILL00025127,ACCT002094,CUST002094,2024-11,Residential,SANTA CLARA,Missing Meter Read,Medium,2024-12-03,2024-12-16,Resolved
EXC00002188,BILL00025176,ACCT002098,CUST002098,2024-12,Residential,CONTRA COSTA,Invalid Meter Read,High,2025-01-03,,Open
EXC00002189,BILL00025225,ACCT002103,CUST002103,2024-01,Residential,LAKE,Inactive Account,High,2024-02-03,2024-02-11,Resolved
EXC00002190,BILL00025226,ACCT002103,CUST002103,2024-02,Residential,LAKE,Inactive Account,High,2024-03-03,,Open
EXC00002191,BILL00025227,ACCT002103,CUST002103,2024-03,Residential,LAKE,Inactive Account,High,2024-04-03,,Open
EXC00002192,BILL00025228,ACCT002103,CUST002103,2024-04,Residential,LAKE,Inactive Account,High,2024-05-03,,In Review
EXC00002193,BILL00025229,ACCT002103,CUST002103,2024-05,Residential,LAKE,Inactive Account,High,2024-06-03,,Open
EXC00002194,BILL00025230,ACCT002103,CUST002103,2024-06,Residential,LAKE,Inactive Account,High,2024-07-03,2024-07-15,Resolved
EXC00002195,BILL00025231,ACCT002103,CUST002103,2024-07,Residential,LAKE,Inactive Account,High,2024-08-03,,Open
EXC00002196,BILL00025232,ACCT002103,CUST002103,2024-08,Residential,LAKE,Inactive Account,High,2024-09-03,,Open
EXC00002197,BILL00025233,ACCT002103,CUST002103,2024-09,Residential,LAKE,Inactive Account,High,2024-10-03,,In Review
EXC00002198,BILL00025234,ACCT002103,CUST002103,2024-10,Residential,LAKE,Inactive Account,High,2024-11-03,2024-11-13,Resolved
EXC00002199,BILL00025235,ACCT002103,CUST002103,2024-11,Residential,LAKE,Inactive Account,High,2024-12-03,,In Review
EXC00002200,BILL00025236,ACCT002103,CUST002103,2024-12,Residential,LAKE,Inactive Account,High,2025-01-03,2025-01-11,Resolved
EXC00002201,BILL00025365,ACCT002114,CUST002114,2024-09,Commercial,SANTA CLARA,Invalid Meter Read,High,2024-10-03,,Open
EXC00002202,BILL00025369,ACCT002115,CUST002115,2024-01,Residential,PLACER,Inactive Account,High,2024-02-03,2024-02-16,Resolved
EXC00002203,BILL00025370,ACCT002115,CUST002115,2024-02,Residential,PLACER,Inactive Account,High,2024-03-03,,Open
EXC00002204,BILL00025371,ACCT002115,CUST002115,2024-03,Residential,PLACER,Inactive Account,High,2024-04-03,,Open
EXC00002205,BILL00025372,ACCT002115,CUST002115,2024-04,Residential,PLACER,Inactive Account,High,2024-05-03,,Open
EXC00002206,BILL00025373,ACCT002115,CUST002115,2024-05,Residential,PLACER,Inactive Account,High,2024-06-03,,Open
EXC00002207,BILL00025374,ACCT002115,CUST002115,2024-06,Residential,PLACER,Inactive Account,High,2024-07-03,2024-07-04,Resolved
EXC00002208,BILL00025375,ACCT002115,CUST002115,2024-07,Residential,PLACER,Inactive Account,High,2024-08-03,2024-08-10,Resolved
EXC00002209,BILL00025376,ACCT002115,CUST002115,2024-08,Residential,PLACER,Inactive Account,High,2024-09-03,,Open
EXC00002210,BILL00025377,ACCT002115,CUST002115,2024-09,Residential,PLACER,Inactive Account,High,2024-10-03,,In Review
EXC00002211,BILL00025378,ACCT002115,CUST002115,2024-10,Residential,PLACER,Inactive Account,High,2024-11-03,2024-11-14,Resolved
EXC00002212,BILL00025379,ACCT002115,CUST002115,2024-11,Residential,PLACER,Inactive Account,High,2024-12-03,2024-12-15,Resolved
EXC00002213,BILL00025380,ACCT002115,CUST002115,2024-12,Residential,PLACER,Inactive Account,High,2025-01-03,,In Review
EXC00002214,BILL00025455,ACCT002122,CUST002122,2024-03,Residential,SANTA CLARA,Invalid Meter Read,High,2024-04-03,2024-04-06,Resolved
EXC00002215,BILL00025468,ACCT002123,CUST002123,2024-04,Agriculture And Water Pumping,PLACER,Invalid Meter Read,High,2024-05-03,,In Review
EXC00002216,BILL00025473,ACCT002123,CUST002123,2024-09,Agriculture And Water Pumping,PLACER,Invalid Meter Read,High,2024-10-03,2024-10-12,Resolved
EXC00002217,BILL00025477,ACCT002124,CUST002124,2024-01,Residential,MONTEREY,Inactive Account,High,2024-02-03,,In Review
EXC00002218,BILL00025478,ACCT002124,CUST002124,2024-02,Residential,MONTEREY,Inactive Account,High,2024-03-03,,In Review
EXC00002219,BILL00025479,ACCT002124,CUST002124,2024-03,Residential,MONTEREY,Inactive Account,High,2024-04-03,,Open
EXC00002220,BILL00025480,ACCT002124,CUST002124,2024-04,Residential,MONTEREY,Inactive Account,High,2024-05-03,,In Review
EXC00002221,BILL00025481,ACCT002124,CUST002124,2024-05,Residential,MONTEREY,Inactive Account,High,2024-06-03,,Open
EXC00002222,BILL00025482,ACCT002124,CUST002124,2024-06,Residential,MONTEREY,Inactive Account,High,2024-07-03,,Open
EXC00002223,BILL00025483,ACCT002124,CUST002124,2024-07,Residential,MONTEREY,Inactive Account,High,2024-08-03,2024-08-04,Resolved
EXC00002224,BILL00025484,ACCT002124,CUST002124,2024-08,Residential,MONTEREY,Inactive Account,High,2024-09-03,2024-09-06,Resolved
EXC00002225,BILL00025485,ACCT002124,CUST002124,2024-09,Residential,MONTEREY,Inactive Account,High,2024-10-03,2024-10-06,Resolved
EXC00002226,BILL00025486,ACCT002124,CUST002124,2024-10,Residential,MONTEREY,Inactive Account,High,2024-11-03,,Open
EXC00002227,BILL00025487,ACCT002124,CUST002124,2024-11,Residential,MONTEREY,Inactive Account,High,2024-12-03,2024-12-13,Resolved
EXC00002228,BILL00025488,ACCT002124,CUST002124,2024-12,Residential,MONTEREY,Inactive Account,High,2025-01-03,2025-01-17,Resolved
EXC00002229,BILL00025525,ACCT002128,CUST002128,2024-01,Residential,ALAMEDA,Inactive Account,High,2024-02-03,,Open
EXC00002230,BILL00025526,ACCT002128,CUST002128,2024-02,Residential,ALAMEDA,Inactive Account,High,2024-03-03,2024-03-07,Resolved
EXC00002231,BILL00025527,ACCT002128,CUST002128,2024-03,Residential,ALAMEDA,Inactive Account,High,2024-04-03,2024-04-11,Resolved
EXC00002232,BILL00025528,ACCT002128,CUST002128,2024-04,Residential,ALAMEDA,Inactive Account,High,2024-05-03,,Open
EXC00002233,BILL00025529,ACCT002128,CUST002128,2024-05,Residential,ALAMEDA,Inactive Account,High,2024-06-03,,Open
EXC00002234,BILL00025530,ACCT002128,CUST002128,2024-06,Residential,ALAMEDA,Inactive Account,High,2024-07-03,2024-07-06,Resolved
EXC00002235,BILL00025531,ACCT002128,CUST002128,2024-07,Residential,ALAMEDA,Inactive Account,High,2024-08-03,2024-08-09,Resolved
EXC00002236,BILL00025532,ACCT002128,CUST002128,2024-08,Residential,ALAMEDA,Inactive Account,High,2024-09-03,2024-09-08,Resolved
EXC00002237,BILL00025533,ACCT002128,CUST002128,2024-09,Residential,ALAMEDA,Inactive Account,High,2024-10-03,,Open
EXC00002238,BILL00025534,ACCT002128,CUST002128,2024-10,Residential,ALAMEDA,Inactive Account,High,2024-11-03,,In Review
EXC00002239,BILL00025535,ACCT002128,CUST002128,2024-11,Residential,ALAMEDA,Inactive Account,High,2024-12-03,2024-12-14,Resolved
EXC00002240,BILL00025536,ACCT002128,CUST002128,2024-12,Residential,ALAMEDA,Inactive Account,High,2025-01-03,2025-01-12,Resolved
EXC00002241,BILL00025566,ACCT002131,CUST002131,2024-06,Residential,ALAMEDA,Missing Meter Read,Medium,2024-07-03,,In Review
EXC00002242,BILL00025675,ACCT002140,CUST002140,2024-07,Commercial,SANTA CLARA,Missing Meter Read,Medium,2024-08-03,,In Review
EXC00002243,BILL00025693,ACCT002142,CUST002142,2024-01,Residential,SANTA CLARA,Inactive Account,High,2024-02-03,2024-02-08,Resolved
EXC00002244,BILL00025694,ACCT002142,CUST002142,2024-02,Residential,SANTA CLARA,Inactive Account,High,2024-03-03,,Open
EXC00002245,BILL00025695,ACCT002142,CUST002142,2024-03,Residential,SANTA CLARA,Inactive Account,High,2024-04-03,,Open
EXC00002246,BILL00025696,ACCT002142,CUST002142,2024-04,Residential,SANTA CLARA,Inactive Account,High,2024-05-03,,Open
EXC00002247,BILL00025697,ACCT002142,CUST002142,2024-05,Residential,SANTA CLARA,Inactive Account,High,2024-06-03,2024-06-10,Resolved
EXC00002248,BILL00025698,ACCT002142,CUST002142,2024-06,Residential,SANTA CLARA,Inactive Account,High,2024-07-03,,Open
EXC00002249,BILL00025699,ACCT002142,CUST002142,2024-07,Residential,SANTA CLARA,Inactive Account,High,2024-08-03,,In Review
EXC00002250,BILL00025700,ACCT002142,CUST002142,2024-08,Residential,SANTA CLARA,Inactive Account,High,2024-09-03,,Open
EXC00002251,BILL00025701,ACCT002142,CUST002142,2024-09,Residential,SANTA CLARA,Inactive Account,High,2024-10-03,,Open
EXC00002252,BILL00025702,ACCT002142,CUST002142,2024-10,Residential,SANTA CLARA,Inactive Account,High,2024-11-03,2024-11-04,Resolved
EXC00002253,BILL00025703,ACCT002142,CUST002142,2024-11,Residential,SANTA CLARA,Inactive Account,High,2024-12-03,2024-12-04,Resolved
EXC00002254,BILL00025704,ACCT002142,CUST002142,2024-12,Residential,SANTA CLARA,Inactive Account,High,2025-01-03,2025-01-14,Resolved
EXC00002255,BILL00025731,ACCT002145,CUST002145,2024-03,Residential,TUOLUMNE,Missing Meter Read,Medium,2024-04-03,2024-04-07,Resolved
EXC00002256,BILL00025733,ACCT002145,CUST002145,2024-05,Residential,TUOLUMNE,Missing Meter Read,Medium,2024-06-03,2024-06-15,Resolved
EXC00002257,BILL00025807,ACCT002151,CUST002151,2024-07,Residential,MERCED,Missing Meter Read,Medium,2024-08-03,2024-08-09,Resolved
EXC00002258,BILL00025873,ACCT002157,CUST002157,2024-01,Residential,PLACER,Invalid Meter Read,High,2024-02-03,,Open
EXC00002259,BILL00025903,ACCT002159,CUST002159,2024-07,Residential,ALAMEDA,Missing Meter Read,Medium,2024-08-03,2024-08-06,Resolved
EXC00002260,BILL00025919,ACCT002160,CUST002160,2024-11,Residential,SAN FRANCISCO,Missing Meter Read,Medium,2024-12-03,,Open
EXC00002261,BILL00025978,ACCT002165,CUST002165,2024-10,Residential,FRESNO,Invalid Meter Read,High,2024-11-03,2024-11-17,Resolved
EXC00002262,BILL00025983,ACCT002166,CUST002166,2024-03,"Transportation, Communications, & Utilities",CONTRA COSTA,Missing Meter Read,Medium,2024-04-03,,Open
EXC00002263,BILL00025993,ACCT002167,CUST002167,2024-01,Residential,BUTTE,Invalid Meter Read,High,2024-02-03,,Open
EXC00002264,BILL00026001,ACCT002167,CUST002167,2024-09,Residential,BUTTE,Invalid Meter Read,High,2024-10-03,,In Review
EXC00002265,BILL00026077,ACCT002174,CUST002174,2024-01,Commercial,SOLANO,Inactive Account,High,2024-02-03,,In Review
EXC00002266,BILL00026078,ACCT002174,CUST002174,2024-02,Commercial,SOLANO,Inactive Account,High,2024-03-03,,Open
EXC00002267,BILL00026079,ACCT002174,CUST002174,2024-03,Commercial,SOLANO,Inactive Account,High,2024-04-03,,In Review
EXC00002268,BILL00026080,ACCT002174,CUST002174,2024-04,Commercial,SOLANO,Inactive Account,High,2024-05-03,2024-05-15,Resolved
EXC00002269,BILL00026081,ACCT002174,CUST002174,2024-05,Commercial,SOLANO,Inactive Account,High,2024-06-03,,In Review
EXC00002270,BILL00026082,ACCT002174,CUST002174,2024-06,Commercial,SOLANO,Inactive Account,High,2024-07-03,,Open
EXC00002271,BILL00026083,ACCT002174,CUST002174,2024-07,Commercial,SOLANO,Inactive Account,High,2024-08-03,,Open
EXC00002272,BILL00026084,ACCT002174,CUST002174,2024-08,Commercial,SOLANO,Inactive Account,High,2024-09-03,2024-09-10,Resolved
EXC00002273,BILL00026085,ACCT002174,CUST002174,2024-09,Commercial,SOLANO,Inactive Account,High,2024-10-03,,Open
EXC00002274,BILL00026086,ACCT002174,CUST002174,2024-10,Commercial,SOLANO,Inactive Account,High,2024-11-03,2024-11-04,Resolved
EXC00002275,BILL00026087,ACCT002174,CUST002174,2024-11,Commercial,SOLANO,Inactive Account,High,2024-12-03,2024-12-13,Resolved
EXC00002276,BILL00026088,ACCT002174,CUST002174,2024-12,Commercial,SOLANO,Inactive Account,High,2025-01-03,,Open
EXC00002277,BILL00026159,ACCT002180,CUST002180,2024-11,Residential,KERN,Invalid Meter Read,High,2024-12-03,2024-12-13,Resolved
EXC00002278,BILL00026255,ACCT002188,CUST002188,2024-11,Residential,MARIN,Missing Meter Read,Medium,2024-12-03,,Open
EXC00002279,BILL00026305,ACCT002193,CUST002193,2024-01,Residential,KERN,Inactive Account,High,2024-02-03,2024-02-13,Resolved
EXC00002280,BILL00026306,ACCT002193,CUST002193,2024-02,Residential,KERN,Inactive Account,High,2024-03-03,2024-03-08,Resolved
EXC00002281,BILL00026307,ACCT002193,CUST002193,2024-03,Residential,KERN,Inactive Account,High,2024-04-03,,In Review
EXC00002282,BILL00026308,ACCT002193,CUST002193,2024-04,Residential,KERN,Inactive Account,High,2024-05-03,2024-05-10,Resolved
EXC00002283,BILL00026309,ACCT002193,CUST002193,2024-05,Residential,KERN,Inactive Account,High,2024-06-03,,In Review
EXC00002284,BILL00026310,ACCT002193,CUST002193,2024-06,Residential,KERN,Inactive Account,High,2024-07-03,2024-07-06,Resolved
EXC00002285,BILL00026311,ACCT002193,CUST002193,2024-07,Residential,KERN,Inactive Account,High,2024-08-03,,Open
EXC00002286,BILL00026312,ACCT002193,CUST002193,2024-08,Residential,KERN,Inactive Account,High,2024-09-03,2024-09-16,Resolved
EXC00002287,BILL00026313,ACCT002193,CUST002193,2024-09,Residential,KERN,Inactive Account,High,2024-10-03,,Open
EXC00002288,BILL00026314,ACCT002193,CUST002193,2024-10,Residential,KERN,Inactive Account,High,2024-11-03,,Open
EXC00002289,BILL00026315,ACCT002193,CUST002193,2024-11,Residential,KERN,Inactive Account,High,2024-12-03,,Open
EXC00002290,BILL00026316,ACCT002193,CUST002193,2024-12,Residential,KERN,Inactive Account,High,2025-01-03,,In Review
EXC00002291,BILL00026339,ACCT002195,CUST002195,2024-11,Residential,SAN JOAQUIN,Missing Meter Read,Medium,2024-12-03,,Open
EXC00002292,BILL00026378,ACCT002199,CUST002199,2024-02,Residential,TUOLUMNE,Missing Meter Read,Medium,2024-03-03,,In Review
EXC00002293,BILL00026392,ACCT002200,CUST002200,2024-04,Residential,NAPA,Missing Meter Read,Medium,2024-05-03,,In Review
EXC00002294,BILL00026416,ACCT002202,CUST002202,2024-04,Residential,SANTA CLARA,Missing Meter Read,Medium,2024-05-03,2024-05-08,Resolved
EXC00002295,BILL00026465,ACCT002206,CUST002206,2024-05,Commercial,SANTA CLARA,Invalid Meter Read,High,2024-06-03,2024-06-05,Resolved
EXC00002296,BILL00026489,ACCT002208,CUST002208,2024-05,Commercial,KERN,Invalid Meter Read,High,2024-06-03,,Open
EXC00002297,BILL00026496,ACCT002208,CUST002208,2024-12,Commercial,KERN,Missing Meter Read,Medium,2025-01-03,,Open
EXC00002298,BILL00026516,ACCT002210,CUST002210,2024-08,Commercial,MERCED,Missing Meter Read,Medium,2024-09-03,,In Review
EXC00002299,BILL00026545,ACCT002213,CUST002213,2024-01,Residential,ALAMEDA,Inactive Account,High,2024-02-03,,In Review
EXC00002300,BILL00026546,ACCT002213,CUST002213,2024-02,Residential,ALAMEDA,Inactive Account,High,2024-03-03,,In Review
EXC00002301,BILL00026547,ACCT002213,CUST002213,2024-03,Residential,ALAMEDA,Inactive Account,High,2024-04-03,2024-04-13,Resolved
EXC00002302,BILL00026548,ACCT002213,CUST002213,2024-04,Residential,ALAMEDA,Inactive Account,High,2024-05-03,2024-05-04,Resolved
EXC00002303,BILL00026549,ACCT002213,CUST002213,2024-05,Residential,ALAMEDA,Inactive Account,High,2024-06-03,,Open
EXC00002304,BILL00026550,ACCT002213,CUST002213,2024-06,Residential,ALAMEDA,Inactive Account,High,2024-07-03,2024-07-12,Resolved
EXC00002305,BILL00026551,ACCT002213,CUST002213,2024-07,Residential,ALAMEDA,Inactive Account,High,2024-08-03,2024-08-11,Resolved
EXC00002306,BILL00026552,ACCT002213,CUST002213,2024-08,Residential,ALAMEDA,Inactive Account,High,2024-09-03,,Open
EXC00002307,BILL00026553,ACCT002213,CUST002213,2024-09,Residential,ALAMEDA,Inactive Account,High,2024-10-03,,Open
EXC00002308,BILL00026554,ACCT002213,CUST002213,2024-10,Residential,ALAMEDA,Inactive Account,High,2024-11-03,2024-11-09,Resolved
EXC00002309,BILL00026555,ACCT002213,CUST002213,2024-11,Residential,ALAMEDA,Inactive Account,High,2024-12-03,,Open
EXC00002310,BILL00026556,ACCT002213,CUST002213,2024-12,Residential,ALAMEDA,Inactive Account,High,2025-01-03,2025-01-16,Resolved
EXC00002311,BILL00026557,ACCT002214,CUST002214,2024-01,Agriculture And Water Pumping,KERN,Inactive Account,High,2024-02-03,,Open
EXC00002312,BILL00026558,ACCT002214,CUST002214,2024-02,Agriculture And Water Pumping,KERN,Inactive Account,High,2024-03-03,,Open
EXC00002313,BILL00026559,ACCT002214,CUST002214,2024-03,Agriculture And Water Pumping,KERN,Inactive Account,High,2024-04-03,2024-04-05,Resolved
EXC00002314,BILL00026560,ACCT002214,CUST002214,2024-04,Agriculture And Water Pumping,KERN,Inactive Account,High,2024-05-03,2024-05-17,Resolved
EXC00002315,BILL00026561,ACCT002214,CUST002214,2024-05,Agriculture And Water Pumping,KERN,Inactive Account,High,2024-06-03,,Open
EXC00002316,BILL00026562,ACCT002214,CUST002214,2024-06,Agriculture And Water Pumping,KERN,Inactive Account,High,2024-07-03,,In Review
EXC00002317,BILL00026563,ACCT002214,CUST002214,2024-07,Agriculture And Water Pumping,KERN,Inactive Account,High,2024-08-03,,Open
EXC00002318,BILL00026564,ACCT002214,CUST002214,2024-08,Agriculture And Water Pumping,KERN,Inactive Account,High,2024-09-03,2024-09-14,Resolved
EXC00002319,BILL00026565,ACCT002214,CUST002214,2024-09,Agriculture And Water Pumping,KERN,Inactive Account,High,2024-10-03,2024-10-13,Resolved
EXC00002320,BILL00026566,ACCT002214,CUST002214,2024-10,Agriculture And Water Pumping,KERN,Inactive Account,High,2024-11-03,2024-11-14,Resolved
EXC00002321,BILL00026567,ACCT002214,CUST002214,2024-11,Agriculture And Water Pumping,KERN,Inactive Account,High,2024-12-03,2024-12-12,Resolved
EXC00002322,BILL00026568,ACCT002214,CUST002214,2024-12,Agriculture And Water Pumping,KERN,Inactive Account,High,2025-01-03,,Open
EXC00002323,BILL00026588,ACCT002216,CUST002216,2024-08,Residential,EL DORADO,Missing Meter Read,Medium,2024-09-03,,In Review
EXC00002324,BILL00026591,ACCT002216,CUST002216,2024-11,Residential,EL DORADO,Missing Meter Read,Medium,2024-12-03,2024-12-11,Resolved
EXC00002325,BILL00026673,ACCT002223,CUST002223,2024-09,Residential,SANTA CLARA,Missing Meter Read,Medium,2024-10-03,2024-10-06,Resolved
EXC00002326,BILL00026691,ACCT002225,CUST002225,2024-03,Residential,SONOMA,Missing Meter Read,Medium,2024-04-03,2024-04-07,Resolved
EXC00002327,BILL00026727,ACCT002228,CUST002228,2024-03,Residential,SANTA CLARA,Missing Meter Read,Medium,2024-04-03,2024-04-14,Resolved
EXC00002328,BILL00026773,ACCT002232,CUST002232,2024-01,Residential,KERN,Inactive Account,High,2024-02-03,,Open
EXC00002329,BILL00026774,ACCT002232,CUST002232,2024-02,Residential,KERN,Inactive Account,High,2024-03-03,2024-03-13,Resolved
EXC00002330,BILL00026775,ACCT002232,CUST002232,2024-03,Residential,KERN,Inactive Account,High,2024-04-03,,In Review
EXC00002331,BILL00026776,ACCT002232,CUST002232,2024-04,Residential,KERN,Inactive Account,High,2024-05-03,,Open
EXC00002332,BILL00026777,ACCT002232,CUST002232,2024-05,Residential,KERN,Inactive Account,High,2024-06-03,2024-06-07,Resolved
EXC00002333,BILL00026778,ACCT002232,CUST002232,2024-06,Residential,KERN,Inactive Account,High,2024-07-03,2024-07-04,Resolved
EXC00002334,BILL00026779,ACCT002232,CUST002232,2024-07,Residential,KERN,Inactive Account,High,2024-08-03,2024-08-05,Resolved
EXC00002335,BILL00026780,ACCT002232,CUST002232,2024-08,Residential,KERN,Inactive Account,High,2024-09-03,,Open
EXC00002336,BILL00026781,ACCT002232,CUST002232,2024-09,Residential,KERN,Inactive Account,High,2024-10-03,2024-10-16,Resolved
EXC00002337,BILL00026782,ACCT002232,CUST002232,2024-10,Residential,KERN,Inactive Account,High,2024-11-03,,Open
EXC00002338,BILL00026783,ACCT002232,CUST002232,2024-11,Residential,KERN,Inactive Account,High,2024-12-03,,In Review
EXC00002339,BILL00026784,ACCT002232,CUST002232,2024-12,Residential,KERN,Inactive Account,High,2025-01-03,2025-01-10,Resolved
EXC00002340,BILL00026802,ACCT002234,CUST002234,2024-06,Commercial,SAN FRANCISCO,Missing Meter Read,Medium,2024-07-03,,Open
EXC00002341,BILL00026821,ACCT002236,CUST002236,2024-01,Residential,KERN,Inactive Account,High,2024-02-03,,In Review
EXC00002342,BILL00026822,ACCT002236,CUST002236,2024-02,Residential,KERN,Inactive Account,High,2024-03-03,,In Review
EXC00002343,BILL00026823,ACCT002236,CUST002236,2024-03,Residential,KERN,Inactive Account,High,2024-04-03,2024-04-13,Resolved
EXC00002344,BILL00026824,ACCT002236,CUST002236,2024-04,Residential,KERN,Inactive Account,High,2024-05-03,2024-05-05,Resolved
EXC00002345,BILL00026825,ACCT002236,CUST002236,2024-05,Residential,KERN,Inactive Account,High,2024-06-03,,In Review
EXC00002346,BILL00026826,ACCT002236,CUST002236,2024-06,Residential,KERN,Inactive Account,High,2024-07-03,2024-07-17,Resolved
EXC00002347,BILL00026827,ACCT002236,CUST002236,2024-07,Residential,KERN,Inactive Account,High,2024-08-03,2024-08-16,Resolved
EXC00002348,BILL00026828,ACCT002236,CUST002236,2024-08,Residential,KERN,Inactive Account,High,2024-09-03,,Open
EXC00002349,BILL00026829,ACCT002236,CUST002236,2024-09,Residential,KERN,Inactive Account,High,2024-10-03,,In Review
EXC00002350,BILL00026830,ACCT002236,CUST002236,2024-10,Residential,KERN,Inactive Account,High,2024-11-03,2024-11-10,Resolved
EXC00002351,BILL00026831,ACCT002236,CUST002236,2024-11,Residential,KERN,Inactive Account,High,2024-12-03,,Open
EXC00002352,BILL00026832,ACCT002236,CUST002236,2024-12,Residential,KERN,Inactive Account,High,2025-01-03,2025-01-13,Resolved
EXC00002353,BILL00026839,ACCT002237,CUST002237,2024-07,Commercial,EL DORADO,Missing Meter Read,Medium,2024-08-03,,Open
EXC00002354,BILL00026869,ACCT002240,CUST002240,2024-01,Residential,KERN,Inactive Account,High,2024-02-03,2024-02-06,Resolved
EXC00002355,BILL00026870,ACCT002240,CUST002240,2024-02,Residential,KERN,Inactive Account,High,2024-03-03,,Open
EXC00002356,BILL00026871,ACCT002240,CUST002240,2024-03,Residential,KERN,Inactive Account,High,2024-04-03,2024-04-15,Resolved
EXC00002357,BILL00026872,ACCT002240,CUST002240,2024-04,Residential,KERN,Inactive Account,High,2024-05-03,,Open
EXC00002358,BILL00026873,ACCT002240,CUST002240,2024-05,Residential,KERN,Inactive Account,High,2024-06-03,,In Review
EXC00002359,BILL00026874,ACCT002240,CUST002240,2024-06,Residential,KERN,Inactive Account,High,2024-07-03,2024-07-11,Resolved
EXC00002360,BILL00026875,ACCT002240,CUST002240,2024-07,Residential,KERN,Inactive Account,High,2024-08-03,2024-08-14,Resolved
EXC00002361,BILL00026876,ACCT002240,CUST002240,2024-08,Residential,KERN,Inactive Account,High,2024-09-03,,Open
EXC00002362,BILL00026877,ACCT002240,CUST002240,2024-09,Residential,KERN,Inactive Account,High,2024-10-03,2024-10-07,Resolved
EXC00002363,BILL00026878,ACCT002240,CUST002240,2024-10,Residential,KERN,Inactive Account,High,2024-11-03,,Open
EXC00002364,BILL00026879,ACCT002240,CUST002240,2024-11,Residential,KERN,Inactive Account,High,2024-12-03,,In Review
EXC00002365,BILL00026880,ACCT002240,CUST002240,2024-12,Residential,KERN,Inactive Account,High,2025-01-03,,In Review
EXC00002366,BILL00026906,ACCT002243,CUST002243,2024-02,Residential,SANTA CLARA,Missing Meter Read,Medium,2024-03-03,,Open
EXC00002367,BILL00026925,ACCT002244,CUST002244,2024-09,Streetlighting,PLACER,Invalid Meter Read,High,2024-10-03,,Open
EXC00002368,BILL00026989,ACCT002250,CUST002250,2024-01,Residential,SAN JOAQUIN,Inactive Account,High,2024-02-03,,In Review
EXC00002369,BILL00026990,ACCT002250,CUST002250,2024-02,Residential,SAN JOAQUIN,Inactive Account,High,2024-03-03,,In Review
EXC00002370,BILL00026991,ACCT002250,CUST002250,2024-03,Residential,SAN JOAQUIN,Inactive Account,High,2024-04-03,,Open
EXC00002371,BILL00026992,ACCT002250,CUST002250,2024-04,Residential,SAN JOAQUIN,Inactive Account,High,2024-05-03,,Open
EXC00002372,BILL00026993,ACCT002250,CUST002250,2024-05,Residential,SAN JOAQUIN,Inactive Account,High,2024-06-03,2024-06-09,Resolved
EXC00002373,BILL00026994,ACCT002250,CUST002250,2024-06,Residential,SAN JOAQUIN,Inactive Account,High,2024-07-03,,In Review
EXC00002374,BILL00026995,ACCT002250,CUST002250,2024-07,Residential,SAN JOAQUIN,Inactive Account,High,2024-08-03,2024-08-17,Resolved
EXC00002375,BILL00026996,ACCT002250,CUST002250,2024-08,Residential,SAN JOAQUIN,Inactive Account,High,2024-09-03,2024-09-13,Resolved
EXC00002376,BILL00026997,ACCT002250,CUST002250,2024-09,Residential,SAN JOAQUIN,Inactive Account,High,2024-10-03,,Open
EXC00002377,BILL00026998,ACCT002250,CUST002250,2024-10,Residential,SAN JOAQUIN,Inactive Account,High,2024-11-03,,Open
EXC00002378,BILL00026999,ACCT002250,CUST002250,2024-11,Residential,SAN JOAQUIN,Inactive Account,High,2024-12-03,2024-12-14,Resolved
EXC00002379,BILL00027000,ACCT002250,CUST002250,2024-12,Residential,SAN JOAQUIN,Inactive Account,High,2025-01-03,2025-01-05,Resolved
EXC00002380,BILL00027121,ACCT002261,CUST002261,2024-01,Residential,ALAMEDA,Inactive Account,High,2024-02-03,2024-02-06,Resolved
EXC00002381,BILL00027122,ACCT002261,CUST002261,2024-02,Residential,ALAMEDA,Inactive Account,High,2024-03-03,2024-03-14,Resolved
EXC00002382,BILL00027123,ACCT002261,CUST002261,2024-03,Residential,ALAMEDA,Inactive Account,High,2024-04-03,,Open
EXC00002383,BILL00027124,ACCT002261,CUST002261,2024-04,Residential,ALAMEDA,Inactive Account,High,2024-05-03,2024-05-09,Resolved
EXC00002384,BILL00027125,ACCT002261,CUST002261,2024-05,Residential,ALAMEDA,Inactive Account,High,2024-06-03,2024-06-06,Resolved
EXC00002385,BILL00027126,ACCT002261,CUST002261,2024-06,Residential,ALAMEDA,Inactive Account,High,2024-07-03,2024-07-10,Resolved
EXC00002386,BILL00027127,ACCT002261,CUST002261,2024-07,Residential,ALAMEDA,Inactive Account,High,2024-08-03,2024-08-09,Resolved
EXC00002387,BILL00027128,ACCT002261,CUST002261,2024-08,Residential,ALAMEDA,Inactive Account,High,2024-09-03,,In Review
EXC00002388,BILL00027129,ACCT002261,CUST002261,2024-09,Residential,ALAMEDA,Inactive Account,High,2024-10-03,2024-10-15,Resolved
EXC00002389,BILL00027130,ACCT002261,CUST002261,2024-10,Residential,ALAMEDA,Inactive Account,High,2024-11-03,,In Review
EXC00002390,BILL00027131,ACCT002261,CUST002261,2024-11,Residential,ALAMEDA,Inactive Account,High,2024-12-03,2024-12-15,Resolved
EXC00002391,BILL00027132,ACCT002261,CUST002261,2024-12,Residential,ALAMEDA,Inactive Account,High,2025-01-03,,Open
EXC00002392,BILL00027144,ACCT002262,CUST002262,2024-12,Residential,SANTA CLARA,Missing Meter Read,Medium,2025-01-03,,In Review
EXC00002393,BILL00027146,ACCT002263,CUST002263,2024-02,Commercial,FRESNO,Missing Meter Read,Medium,2024-03-03,,Open
EXC00002394,BILL00027198,ACCT002267,CUST002267,2024-06,Residential,SANTA CLARA,Missing Meter Read,Medium,2024-07-03,2024-07-08,Resolved
EXC00002395,BILL00027232,ACCT002270,CUST002270,2024-04,Residential,SAN MATEO,Invalid Meter Read,High,2024-05-03,,Open
EXC00002396,BILL00027284,ACCT002274,CUST002274,2024-08,Residential,CONTRA COSTA,Missing Meter Read,Medium,2024-09-03,2024-09-17,Resolved
EXC00002397,BILL00027295,ACCT002275,CUST002275,2024-07,Agriculture And Water Pumping,KERN,Missing Meter Read,Medium,2024-08-03,,Open
EXC00002398,BILL00027329,ACCT002278,CUST002278,2024-05,Residential,SANTA CLARA,Invalid Meter Read,High,2024-06-03,,Open
EXC00002399,BILL00027349,ACCT002280,CUST002280,2024-01,Residential,SAN LUIS OBISPO,Invalid Meter Read,High,2024-02-03,2024-02-07,Resolved
EXC00002400,BILL00027373,ACCT002282,CUST002282,2024-01,Residential,CONTRA COSTA,Inactive Account,High,2024-02-03,2024-02-05,Resolved
EXC00002401,BILL00027374,ACCT002282,CUST002282,2024-02,Residential,CONTRA COSTA,Inactive Account,High,2024-03-03,2024-03-17,Resolved
EXC00002402,BILL00027375,ACCT002282,CUST002282,2024-03,Residential,CONTRA COSTA,Inactive Account,High,2024-04-03,,Open
EXC00002403,BILL00027376,ACCT002282,CUST002282,2024-04,Residential,CONTRA COSTA,Inactive Account,High,2024-05-03,2024-05-13,Resolved
EXC00002404,BILL00027377,ACCT002282,CUST002282,2024-05,Residential,CONTRA COSTA,Inactive Account,High,2024-06-03,2024-06-17,Resolved
EXC00002405,BILL00027378,ACCT002282,CUST002282,2024-06,Residential,CONTRA COSTA,Inactive Account,High,2024-07-03,2024-07-14,Resolved
EXC00002406,BILL00027379,ACCT002282,CUST002282,2024-07,Residential,CONTRA COSTA,Inactive Account,High,2024-08-03,,Open
EXC00002407,BILL00027380,ACCT002282,CUST002282,2024-08,Residential,CONTRA COSTA,Inactive Account,High,2024-09-03,,In Review
EXC00002408,BILL00027381,ACCT002282,CUST002282,2024-09,Residential,CONTRA COSTA,Inactive Account,High,2024-10-03,2024-10-10,Resolved
EXC00002409,BILL00027382,ACCT002282,CUST002282,2024-10,Residential,CONTRA COSTA,Inactive Account,High,2024-11-03,2024-11-11,Resolved
EXC00002410,BILL00027383,ACCT002282,CUST002282,2024-11,Residential,CONTRA COSTA,Inactive Account,High,2024-12-03,,In Review
EXC00002411,BILL00027384,ACCT002282,CUST002282,2024-12,Residential,CONTRA COSTA,Inactive Account,High,2025-01-03,,Open
EXC00002412,BILL00027404,ACCT002284,CUST002284,2024-08,Residential,SANTA CRUZ,Missing Meter Read,Medium,2024-09-03,,In Review
EXC00002413,BILL00027422,ACCT002286,CUST002286,2024-02,Residential,KERN,Missing Meter Read,Medium,2024-03-03,2024-03-15,Resolved
EXC00002414,BILL00027464,ACCT002289,CUST002289,2024-08,Residential,NAPA,Missing Meter Read,Medium,2024-09-03,2024-09-17,Resolved
EXC00002415,BILL00027475,ACCT002290,CUST002290,2024-07,Residential,SAN JOAQUIN,Missing Meter Read,Medium,2024-08-03,2024-08-09,Resolved
EXC00002416,BILL00027505,ACCT002293,CUST002293,2024-01,Residential,SANTA CLARA,Inactive Account,High,2024-02-03,2024-02-14,Resolved
EXC00002417,BILL00027506,ACCT002293,CUST002293,2024-02,Residential,SANTA CLARA,Inactive Account,High,2024-03-03,,Open
EXC00002418,BILL00027507,ACCT002293,CUST002293,2024-03,Residential,SANTA CLARA,Inactive Account,High,2024-04-03,,Open
EXC00002419,BILL00027508,ACCT002293,CUST002293,2024-04,Residential,SANTA CLARA,Inactive Account,High,2024-05-03,,Open
EXC00002420,BILL00027509,ACCT002293,CUST002293,2024-05,Residential,SANTA CLARA,Inactive Account,High,2024-06-03,2024-06-16,Resolved
EXC00002421,BILL00027510,ACCT002293,CUST002293,2024-06,Residential,SANTA CLARA,Inactive Account,High,2024-07-03,2024-07-07,Resolved
EXC00002422,BILL00027511,ACCT002293,CUST002293,2024-07,Residential,SANTA CLARA,Inactive Account,High,2024-08-03,2024-08-07,Resolved
EXC00002423,BILL00027512,ACCT002293,CUST002293,2024-08,Residential,SANTA CLARA,Inactive Account,High,2024-09-03,,Open
EXC00002424,BILL00027513,ACCT002293,CUST002293,2024-09,Residential,SANTA CLARA,Inactive Account,High,2024-10-03,,In Review
EXC00002425,BILL00027514,ACCT002293,CUST002293,2024-10,Residential,SANTA CLARA,Inactive Account,High,2024-11-03,2024-11-04,Resolved
EXC00002426,BILL00027515,ACCT002293,CUST002293,2024-11,Residential,SANTA CLARA,Inactive Account,High,2024-12-03,2024-12-16,Resolved
EXC00002427,BILL00027516,ACCT002293,CUST002293,2024-12,Residential,SANTA CLARA,Inactive Account,High,2025-01-03,2025-01-06,Resolved
EXC00002428,BILL00027519,ACCT002294,CUST002294,2024-03,Residential,KERN,Missing Meter Read,Medium,2024-04-03,,In Review
EXC00002429,BILL00027575,ACCT002298,CUST002298,2024-11,Residential,KERN,Invalid Meter Read,High,2024-12-03,,In Review
EXC00002430,BILL00027601,ACCT002301,CUST002301,2024-01,Commercial,SANTA CLARA,Inactive Account,High,2024-02-03,,Open
EXC00002431,BILL00027602,ACCT002301,CUST002301,2024-02,Commercial,SANTA CLARA,Inactive Account,High,2024-03-03,,Open
EXC00002432,BILL00027603,ACCT002301,CUST002301,2024-03,Commercial,SANTA CLARA,Inactive Account,High,2024-04-03,2024-04-05,Resolved
EXC00002433,BILL00027604,ACCT002301,CUST002301,2024-04,Commercial,SANTA CLARA,Inactive Account,High,2024-05-03,2024-05-16,Resolved
EXC00002434,BILL00027605,ACCT002301,CUST002301,2024-05,Commercial,SANTA CLARA,Inactive Account,High,2024-06-03,,In Review
EXC00002435,BILL00027606,ACCT002301,CUST002301,2024-06,Commercial,SANTA CLARA,Inactive Account,High,2024-07-03,2024-07-04,Resolved
EXC00002436,BILL00027607,ACCT002301,CUST002301,2024-07,Commercial,SANTA CLARA,Inactive Account,High,2024-08-03,2024-08-06,Resolved
EXC00002437,BILL00027608,ACCT002301,CUST002301,2024-08,Commercial,SANTA CLARA,Inactive Account,High,2024-09-03,2024-09-16,Resolved
EXC00002438,BILL00027609,ACCT002301,CUST002301,2024-09,Commercial,SANTA CLARA,Inactive Account,High,2024-10-03,,Open
EXC00002439,BILL00027610,ACCT002301,CUST002301,2024-10,Commercial,SANTA CLARA,Inactive Account,High,2024-11-03,2024-11-11,Resolved
EXC00002440,BILL00027611,ACCT002301,CUST002301,2024-11,Commercial,SANTA CLARA,Inactive Account,High,2024-12-03,2024-12-07,Resolved
EXC00002441,BILL00027612,ACCT002301,CUST002301,2024-12,Commercial,SANTA CLARA,Inactive Account,High,2025-01-03,,Open
EXC00002442,BILL00027617,ACCT002302,CUST002302,2024-05,Residential,KERN,Missing Meter Read,Medium,2024-06-03,2024-06-07,Resolved
EXC00002443,BILL00027627,ACCT002303,CUST002303,2024-03,Residential,ALAMEDA,Missing Meter Read,Medium,2024-04-03,2024-04-16,Resolved
EXC00002444,BILL00027634,ACCT002303,CUST002303,2024-10,Residential,ALAMEDA,Missing Meter Read,Medium,2024-11-03,2024-11-11,Resolved
EXC00002445,BILL00027685,ACCT002308,CUST002308,2024-01,Residential,ALAMEDA,Inactive Account,High,2024-02-03,2024-02-06,Resolved
EXC00002446,BILL00027686,ACCT002308,CUST002308,2024-02,Residential,ALAMEDA,Inactive Account,High,2024-03-03,2024-03-10,Resolved
EXC00002447,BILL00027687,ACCT002308,CUST002308,2024-03,Residential,ALAMEDA,Inactive Account,High,2024-04-03,2024-04-09,Resolved
EXC00002448,BILL00027688,ACCT002308,CUST002308,2024-04,Residential,ALAMEDA,Inactive Account,High,2024-05-03,,Open
EXC00002449,BILL00027689,ACCT002308,CUST002308,2024-05,Residential,ALAMEDA,Inactive Account,High,2024-06-03,2024-06-09,Resolved
EXC00002450,BILL00027690,ACCT002308,CUST002308,2024-06,Residential,ALAMEDA,Inactive Account,High,2024-07-03,,In Review
EXC00002451,BILL00027691,ACCT002308,CUST002308,2024-07,Residential,ALAMEDA,Inactive Account,High,2024-08-03,,In Review
EXC00002452,BILL00027692,ACCT002308,CUST002308,2024-08,Residential,ALAMEDA,Inactive Account,High,2024-09-03,2024-09-04,Resolved
EXC00002453,BILL00027693,ACCT002308,CUST002308,2024-09,Residential,ALAMEDA,Inactive Account,High,2024-10-03,,Open
EXC00002454,BILL00027694,ACCT002308,CUST002308,2024-10,Residential,ALAMEDA,Inactive Account,High,2024-11-03,2024-11-15,Resolved
EXC00002455,BILL00027695,ACCT002308,CUST002308,2024-11,Residential,ALAMEDA,Inactive Account,High,2024-12-03,,Open
EXC00002456,BILL00027696,ACCT002308,CUST002308,2024-12,Residential,ALAMEDA,Inactive Account,High,2025-01-03,,In Review
EXC00002457,BILL00027705,ACCT002309,CUST002309,2024-09,Residential,MERCED,Missing Meter Read,Medium,2024-10-03,2024-10-07,Resolved
EXC00002458,BILL00027717,ACCT002310,CUST002310,2024-09,Residential,CONTRA COSTA,Missing Meter Read,Medium,2024-10-03,2024-10-09,Resolved
EXC00002459,BILL00027725,ACCT002311,CUST002311,2024-05,Residential,KINGS,Missing Meter Read,Medium,2024-06-03,,Open
EXC00002460,BILL00027782,ACCT002316,CUST002316,2024-02,Residential,SHASTA,Missing Meter Read,Medium,2024-03-03,2024-03-10,Resolved
EXC00002461,BILL00027813,ACCT002318,CUST002318,2024-09,Residential,FRESNO,Missing Meter Read,Medium,2024-10-03,2024-10-04,Resolved
EXC00002462,BILL00027815,ACCT002318,CUST002318,2024-11,Residential,FRESNO,Invalid Meter Read,High,2024-12-03,2024-12-17,Resolved
EXC00002463,BILL00027829,ACCT002320,CUST002320,2024-01,Residential,NAPA,Inactive Account,High,2024-02-03,2024-02-11,Resolved
EXC00002464,BILL00027830,ACCT002320,CUST002320,2024-02,Residential,NAPA,Inactive Account,High,2024-03-03,,In Review
EXC00002465,BILL00027831,ACCT002320,CUST002320,2024-03,Residential,NAPA,Inactive Account,High,2024-04-03,,Open
EXC00002466,BILL00027832,ACCT002320,CUST002320,2024-04,Residential,NAPA,Inactive Account,High,2024-05-03,,Open
EXC00002467,BILL00027833,ACCT002320,CUST002320,2024-05,Residential,NAPA,Inactive Account,High,2024-06-03,2024-06-17,Resolved
EXC00002468,BILL00027834,ACCT002320,CUST002320,2024-06,Residential,NAPA,Inactive Account,High,2024-07-03,2024-07-07,Resolved
EXC00002469,BILL00027835,ACCT002320,CUST002320,2024-07,Residential,NAPA,Inactive Account,High,2024-08-03,,Open
EXC00002470,BILL00027836,ACCT002320,CUST002320,2024-08,Residential,NAPA,Inactive Account,High,2024-09-03,,In Review
EXC00002471,BILL00027837,ACCT002320,CUST002320,2024-09,Residential,NAPA,Inactive Account,High,2024-10-03,,Open
EXC00002472,BILL00027838,ACCT002320,CUST002320,2024-10,Residential,NAPA,Inactive Account,High,2024-11-03,,In Review
EXC00002473,BILL00027839,ACCT002320,CUST002320,2024-11,Residential,NAPA,Inactive Account,High,2024-12-03,,In Review
EXC00002474,BILL00027840,ACCT002320,CUST002320,2024-12,Residential,NAPA,Inactive Account,High,2025-01-03,2025-01-11,Resolved
EXC00002475,BILL00027844,ACCT002321,CUST002321,2024-04,Commercial,ALAMEDA,Missing Meter Read,Medium,2024-05-03,,In Review
EXC00002476,BILL00027853,ACCT002322,CUST002322,2024-01,Residential,PLACER,Inactive Account,High,2024-02-03,2024-02-12,Resolved
EXC00002477,BILL00027854,ACCT002322,CUST002322,2024-02,Residential,PLACER,Inactive Account,High,2024-03-03,,Open
EXC00002478,BILL00027855,ACCT002322,CUST002322,2024-03,Residential,PLACER,Inactive Account,High,2024-04-03,,In Review
EXC00002479,BILL00027856,ACCT002322,CUST002322,2024-04,Residential,PLACER,Inactive Account,High,2024-05-03,,In Review
EXC00002480,BILL00027857,ACCT002322,CUST002322,2024-05,Residential,PLACER,Inactive Account,High,2024-06-03,,In Review
EXC00002481,BILL00027858,ACCT002322,CUST002322,2024-06,Residential,PLACER,Inactive Account,High,2024-07-03,,Open
EXC00002482,BILL00027859,ACCT002322,CUST002322,2024-07,Residential,PLACER,Inactive Account,High,2024-08-03,,In Review
EXC00002483,BILL00027860,ACCT002322,CUST002322,2024-08,Residential,PLACER,Inactive Account,High,2024-09-03,2024-09-10,Resolved
EXC00002484,BILL00027861,ACCT002322,CUST002322,2024-09,Residential,PLACER,Inactive Account,High,2024-10-03,,Open
EXC00002485,BILL00027862,ACCT002322,CUST002322,2024-10,Residential,PLACER,Inactive Account,High,2024-11-03,2024-11-11,Resolved
EXC00002486,BILL00027863,ACCT002322,CUST002322,2024-11,Residential,PLACER,Inactive Account,High,2024-12-03,,Open
EXC00002487,BILL00027864,ACCT002322,CUST002322,2024-12,Residential,PLACER,Inactive Account,High,2025-01-03,2025-01-05,Resolved
EXC00002488,BILL00027967,ACCT002331,CUST002331,2024-07,Residential,SANTA CLARA,Invalid Meter Read,High,2024-08-03,2024-08-15,Resolved
EXC00002489,BILL00027973,ACCT002332,CUST002332,2024-01,Residential,BUTTE,Inactive Account,High,2024-02-03,,Open
EXC00002490,BILL00027974,ACCT002332,CUST002332,2024-02,Residential,BUTTE,Inactive Account,High,2024-03-03,2024-03-04,Resolved
EXC00002491,BILL00027975,ACCT002332,CUST002332,2024-03,Residential,BUTTE,Inactive Account,High,2024-04-03,,Open
EXC00002492,BILL00027976,ACCT002332,CUST002332,2024-04,Residential,BUTTE,Inactive Account,High,2024-05-03,2024-05-15,Resolved
EXC00002493,BILL00027977,ACCT002332,CUST002332,2024-05,Residential,BUTTE,Inactive Account,High,2024-06-03,2024-06-04,Resolved
EXC00002494,BILL00027978,ACCT002332,CUST002332,2024-06,Residential,BUTTE,Inactive Account,High,2024-07-03,,In Review
EXC00002495,BILL00027979,ACCT002332,CUST002332,2024-07,Residential,BUTTE,Inactive Account,High,2024-08-03,2024-08-05,Resolved
EXC00002496,BILL00027980,ACCT002332,CUST002332,2024-08,Residential,BUTTE,Inactive Account,High,2024-09-03,,Open
EXC00002497,BILL00027981,ACCT002332,CUST002332,2024-09,Residential,BUTTE,Inactive Account,High,2024-10-03,2024-10-04,Resolved
EXC00002498,BILL00027982,ACCT002332,CUST002332,2024-10,Residential,BUTTE,Inactive Account,High,2024-11-03,,Open
EXC00002499,BILL00027983,ACCT002332,CUST002332,2024-11,Residential,BUTTE,Inactive Account,High,2024-12-03,,Open
EXC00002500,BILL00027984,ACCT002332,CUST002332,2024-12,Residential,BUTTE,Inactive Account,High,2025-01-03,,In Review
EXC00002501,BILL00027987,ACCT002333,CUST002333,2024-03,Residential,SUTTER,Missing Meter Read,Medium,2024-04-03,2024-04-08,Resolved
EXC00002502,BILL00027997,ACCT002334,CUST002334,2024-01,Residential,PLACER,Inactive Account,High,2024-02-03,2024-02-16,Resolved
EXC00002503,BILL00027998,ACCT002334,CUST002334,2024-02,Residential,PLACER,Inactive Account,High,2024-03-03,2024-03-11,Resolved
EXC00002504,BILL00027999,ACCT002334,CUST002334,2024-03,Residential,PLACER,Inactive Account,High,2024-04-03,,Open
EXC00002505,BILL00028000,ACCT002334,CUST002334,2024-04,Residential,PLACER,Inactive Account,High,2024-05-03,2024-05-06,Resolved
EXC00002506,BILL00028001,ACCT002334,CUST002334,2024-05,Residential,PLACER,Inactive Account,High,2024-06-03,2024-06-12,Resolved
EXC00002507,BILL00028002,ACCT002334,CUST002334,2024-06,Residential,PLACER,Inactive Account,High,2024-07-03,,In Review
EXC00002508,BILL00028003,ACCT002334,CUST002334,2024-07,Residential,PLACER,Inactive Account,High,2024-08-03,,In Review
EXC00002509,BILL00028004,ACCT002334,CUST002334,2024-08,Residential,PLACER,Inactive Account,High,2024-09-03,,Open
EXC00002510,BILL00028005,ACCT002334,CUST002334,2024-09,Residential,PLACER,Inactive Account,High,2024-10-03,,Open
EXC00002511,BILL00028006,ACCT002334,CUST002334,2024-10,Residential,PLACER,Inactive Account,High,2024-11-03,,Open
EXC00002512,BILL00028007,ACCT002334,CUST002334,2024-11,Residential,PLACER,Inactive Account,High,2024-12-03,,Open
EXC00002513,BILL00028008,ACCT002334,CUST002334,2024-12,Residential,PLACER,Inactive Account,High,2025-01-03,2025-01-12,Resolved
EXC00002514,BILL00028038,ACCT002337,CUST002337,2024-06,Residential,CONTRA COSTA,Missing Meter Read,Medium,2024-07-03,,In Review
EXC00002515,BILL00028043,ACCT002337,CUST002337,2024-11,Residential,CONTRA COSTA,Invalid Meter Read,High,2024-12-03,2024-12-07,Resolved
EXC00002516,BILL00028061,ACCT002339,CUST002339,2024-05,Residential,FRESNO,Missing Meter Read,Medium,2024-06-03,2024-06-12,Resolved
EXC00002517,BILL00028147,ACCT002346,CUST002346,2024-07,Residential,ALAMEDA,Missing Meter Read,Medium,2024-08-03,2024-08-06,Resolved
EXC00002518,BILL00028161,ACCT002347,CUST002347,2024-09,Residential,KERN,Missing Meter Read,Medium,2024-10-03,,In Review
EXC00002519,BILL00028211,ACCT002351,CUST002351,2024-11,Residential,ALAMEDA,Missing Meter Read,Medium,2024-12-03,2024-12-09,Resolved
EXC00002520,BILL00028216,ACCT002352,CUST002352,2024-04,Commercial,CONTRA COSTA,Missing Meter Read,Medium,2024-05-03,2024-05-14,Resolved
EXC00002521,BILL00028317,ACCT002360,CUST002360,2024-09,Residential,MONTEREY,Missing Meter Read,Medium,2024-10-03,,Open
EXC00002522,BILL00028339,ACCT002362,CUST002362,2024-07,Residential,KERN,Missing Meter Read,Medium,2024-08-03,,Open
EXC00002523,BILL00028363,ACCT002364,CUST002364,2024-07,Residential,SAN JOAQUIN,Missing Meter Read,Medium,2024-08-03,2024-08-13,Resolved
EXC00002524,BILL00028388,ACCT002366,CUST002366,2024-08,Residential,MARIN,Missing Meter Read,Medium,2024-09-03,,Open
EXC00002525,BILL00028439,ACCT002370,CUST002370,2024-11,Residential,SONOMA,Missing Meter Read,Medium,2024-12-03,2024-12-11,Resolved
EXC00002526,BILL00028552,ACCT002380,CUST002380,2024-04,Commercial,SANTA CLARA,Invalid Meter Read,High,2024-05-03,2024-05-06,Resolved
EXC00002527,BILL00028562,ACCT002381,CUST002381,2024-02,Commercial,KERN,Missing Meter Read,Medium,2024-03-03,2024-03-16,Resolved
EXC00002528,BILL00028573,ACCT002382,CUST002382,2024-01,Commercial,SANTA CLARA,Missing Meter Read,Medium,2024-02-03,,Open
EXC00002529,BILL00028616,ACCT002385,CUST002385,2024-08,Residential,FRESNO,Invalid Meter Read,High,2024-09-03,,Open
EXC00002530,BILL00028635,ACCT002387,CUST002387,2024-03,Residential,SANTA CLARA,Invalid Meter Read,High,2024-04-03,,In Review
EXC00002531,BILL00028657,ACCT002389,CUST002389,2024-01,Residential,ALAMEDA,Inactive Account,High,2024-02-03,2024-02-14,Resolved
EXC00002532,BILL00028658,ACCT002389,CUST002389,2024-02,Residential,ALAMEDA,Inactive Account,High,2024-03-03,2024-03-15,Resolved
EXC00002533,BILL00028659,ACCT002389,CUST002389,2024-03,Residential,ALAMEDA,Inactive Account,High,2024-04-03,,Open
EXC00002534,BILL00028660,ACCT002389,CUST002389,2024-04,Residential,ALAMEDA,Inactive Account,High,2024-05-03,2024-05-05,Resolved
EXC00002535,BILL00028661,ACCT002389,CUST002389,2024-05,Residential,ALAMEDA,Inactive Account,High,2024-06-03,2024-06-12,Resolved
EXC00002536,BILL00028662,ACCT002389,CUST002389,2024-06,Residential,ALAMEDA,Inactive Account,High,2024-07-03,2024-07-07,Resolved
EXC00002537,BILL00028663,ACCT002389,CUST002389,2024-07,Residential,ALAMEDA,Inactive Account,High,2024-08-03,2024-08-08,Resolved
EXC00002538,BILL00028664,ACCT002389,CUST002389,2024-08,Residential,ALAMEDA,Inactive Account,High,2024-09-03,2024-09-05,Resolved
EXC00002539,BILL00028665,ACCT002389,CUST002389,2024-09,Residential,ALAMEDA,Inactive Account,High,2024-10-03,2024-10-09,Resolved
EXC00002540,BILL00028666,ACCT002389,CUST002389,2024-10,Residential,ALAMEDA,Inactive Account,High,2024-11-03,,In Review
EXC00002541,BILL00028667,ACCT002389,CUST002389,2024-11,Residential,ALAMEDA,Inactive Account,High,2024-12-03,,In Review
EXC00002542,BILL00028668,ACCT002389,CUST002389,2024-12,Residential,ALAMEDA,Inactive Account,High,2025-01-03,2025-01-09,Resolved
EXC00002543,BILL00028684,ACCT002391,CUST002391,2024-04,Residential,SANTA BARBARA,Invalid Meter Read,High,2024-05-03,2024-05-05,Resolved
EXC00002544,BILL00028693,ACCT002392,CUST002392,2024-01,Residential,CONTRA COSTA,Inactive Account,High,2024-02-03,2024-02-16,Resolved
EXC00002545,BILL00028694,ACCT002392,CUST002392,2024-02,Residential,CONTRA COSTA,Inactive Account,High,2024-03-03,,In Review
EXC00002546,BILL00028695,ACCT002392,CUST002392,2024-03,Residential,CONTRA COSTA,Inactive Account,High,2024-04-03,,In Review
EXC00002547,BILL00028696,ACCT002392,CUST002392,2024-04,Residential,CONTRA COSTA,Inactive Account,High,2024-05-03,2024-05-15,Resolved
EXC00002548,BILL00028697,ACCT002392,CUST002392,2024-05,Residential,CONTRA COSTA,Inactive Account,High,2024-06-03,,In Review
EXC00002549,BILL00028698,ACCT002392,CUST002392,2024-06,Residential,CONTRA COSTA,Inactive Account,High,2024-07-03,,Open
EXC00002550,BILL00028699,ACCT002392,CUST002392,2024-07,Residential,CONTRA COSTA,Inactive Account,High,2024-08-03,,Open
EXC00002551,BILL00028700,ACCT002392,CUST002392,2024-08,Residential,CONTRA COSTA,Inactive Account,High,2024-09-03,,Open
EXC00002552,BILL00028701,ACCT002392,CUST002392,2024-09,Residential,CONTRA COSTA,Inactive Account,High,2024-10-03,2024-10-10,Resolved
EXC00002553,BILL00028702,ACCT002392,CUST002392,2024-10,Residential,CONTRA COSTA,Inactive Account,High,2024-11-03,,In Review
EXC00002554,BILL00028703,ACCT002392,CUST002392,2024-11,Residential,CONTRA COSTA,Inactive Account,High,2024-12-03,2024-12-06,Resolved
EXC00002555,BILL00028704,ACCT002392,CUST002392,2024-12,Residential,CONTRA COSTA,Inactive Account,High,2025-01-03,,Open
EXC00002556,BILL00028729,ACCT002395,CUST002395,2024-01,Commercial,ALAMEDA,Missing Meter Read,Medium,2024-02-03,,Open
EXC00002557,BILL00028768,ACCT002398,CUST002398,2024-04,Residential,SONOMA,Invalid Meter Read,High,2024-05-03,,Open
EXC00002558,BILL00028778,ACCT002399,CUST002399,2024-02,Residential,FRESNO,Missing Meter Read,Medium,2024-03-03,2024-03-04,Resolved
EXC00002559,BILL00028804,ACCT002401,CUST002401,2024-04,Residential,CONTRA COSTA,Missing Meter Read,Medium,2024-05-03,2024-05-07,Resolved
EXC00002560,BILL00028818,ACCT002402,CUST002402,2024-06,Residential,FRESNO,Invalid Meter Read,High,2024-07-03,2024-07-11,Resolved
EXC00002561,BILL00028821,ACCT002402,CUST002402,2024-09,Residential,FRESNO,Missing Meter Read,Medium,2024-10-03,2024-10-06,Resolved
EXC00002562,BILL00028827,ACCT002403,CUST002403,2024-03,Residential,SAN FRANCISCO,Invalid Meter Read,High,2024-04-03,2024-04-07,Resolved
EXC00002563,BILL00028834,ACCT002403,CUST002403,2024-10,Residential,SAN FRANCISCO,Missing Meter Read,Medium,2024-11-03,,Open
EXC00002564,BILL00028849,ACCT002405,CUST002405,2024-01,Residential,SAN MATEO,Inactive Account,High,2024-02-03,,Open
EXC00002565,BILL00028850,ACCT002405,CUST002405,2024-02,Residential,SAN MATEO,Inactive Account,High,2024-03-03,2024-03-13,Resolved
EXC00002566,BILL00028851,ACCT002405,CUST002405,2024-03,Residential,SAN MATEO,Inactive Account,High,2024-04-03,2024-04-15,Resolved
EXC00002567,BILL00028852,ACCT002405,CUST002405,2024-04,Residential,SAN MATEO,Inactive Account,High,2024-05-03,2024-05-08,Resolved
EXC00002568,BILL00028853,ACCT002405,CUST002405,2024-05,Residential,SAN MATEO,Inactive Account,High,2024-06-03,,Open
EXC00002569,BILL00028854,ACCT002405,CUST002405,2024-06,Residential,SAN MATEO,Inactive Account,High,2024-07-03,,Open
EXC00002570,BILL00028855,ACCT002405,CUST002405,2024-07,Residential,SAN MATEO,Inactive Account,High,2024-08-03,2024-08-08,Resolved
EXC00002571,BILL00028856,ACCT002405,CUST002405,2024-08,Residential,SAN MATEO,Inactive Account,High,2024-09-03,2024-09-08,Resolved
EXC00002572,BILL00028857,ACCT002405,CUST002405,2024-09,Residential,SAN MATEO,Inactive Account,High,2024-10-03,2024-10-14,Resolved
EXC00002573,BILL00028858,ACCT002405,CUST002405,2024-10,Residential,SAN MATEO,Inactive Account,High,2024-11-03,2024-11-05,Resolved
EXC00002574,BILL00028859,ACCT002405,CUST002405,2024-11,Residential,SAN MATEO,Inactive Account,High,2024-12-03,,Open
EXC00002575,BILL00028860,ACCT002405,CUST002405,2024-12,Residential,SAN MATEO,Inactive Account,High,2025-01-03,2025-01-10,Resolved
EXC00002576,BILL00028876,ACCT002407,CUST002407,2024-04,Residential,FRESNO,Invalid Meter Read,High,2024-05-03,,In Review
EXC00002577,BILL00028897,ACCT002409,CUST002409,2024-01,"Transportation, Communications, & Utilities",SANTA CLARA,Inactive Account,High,2024-02-03,2024-02-12,Resolved
EXC00002578,BILL00028898,ACCT002409,CUST002409,2024-02,"Transportation, Communications, & Utilities",SANTA CLARA,Inactive Account,High,2024-03-03,,Open
EXC00002579,BILL00028899,ACCT002409,CUST002409,2024-03,"Transportation, Communications, & Utilities",SANTA CLARA,Inactive Account,High,2024-04-03,2024-04-07,Resolved
EXC00002580,BILL00028900,ACCT002409,CUST002409,2024-04,"Transportation, Communications, & Utilities",SANTA CLARA,Inactive Account,High,2024-05-03,,Open
EXC00002581,BILL00028901,ACCT002409,CUST002409,2024-05,"Transportation, Communications, & Utilities",SANTA CLARA,Inactive Account,High,2024-06-03,,Open
EXC00002582,BILL00028902,ACCT002409,CUST002409,2024-06,"Transportation, Communications, & Utilities",SANTA CLARA,Inactive Account,High,2024-07-03,2024-07-14,Resolved
EXC00002583,BILL00028903,ACCT002409,CUST002409,2024-07,"Transportation, Communications, & Utilities",SANTA CLARA,Inactive Account,High,2024-08-03,2024-08-07,Resolved
EXC00002584,BILL00028904,ACCT002409,CUST002409,2024-08,"Transportation, Communications, & Utilities",SANTA CLARA,Inactive Account,High,2024-09-03,2024-09-05,Resolved
EXC00002585,BILL00028905,ACCT002409,CUST002409,2024-09,"Transportation, Communications, & Utilities",SANTA CLARA,Inactive Account,High,2024-10-03,,Open
EXC00002586,BILL00028906,ACCT002409,CUST002409,2024-10,"Transportation, Communications, & Utilities",SANTA CLARA,Inactive Account,High,2024-11-03,,In Review
EXC00002587,BILL00028907,ACCT002409,CUST002409,2024-11,"Transportation, Communications, & Utilities",SANTA CLARA,Inactive Account,High,2024-12-03,2024-12-06,Resolved
EXC00002588,BILL00028908,ACCT002409,CUST002409,2024-12,"Transportation, Communications, & Utilities",SANTA CLARA,Inactive Account,High,2025-01-03,,Open
EXC00002589,BILL00028909,ACCT002410,CUST002410,2024-01,Residential,SAN LUIS OBISPO,Inactive Account,High,2024-02-03,,Open
EXC00002590,BILL00028910,ACCT002410,CUST002410,2024-02,Residential,SAN LUIS OBISPO,Inactive Account,High,2024-03-03,2024-03-14,Resolved
EXC00002591,BILL00028911,ACCT002410,CUST002410,2024-03,Residential,SAN LUIS OBISPO,Inactive Account,High,2024-04-03,2024-04-06,Resolved
EXC00002592,BILL00028912,ACCT002410,CUST002410,2024-04,Residential,SAN LUIS OBISPO,Inactive Account,High,2024-05-03,2024-05-09,Resolved
EXC00002593,BILL00028913,ACCT002410,CUST002410,2024-05,Residential,SAN LUIS OBISPO,Inactive Account,High,2024-06-03,,In Review
EXC00002594,BILL00028914,ACCT002410,CUST002410,2024-06,Residential,SAN LUIS OBISPO,Inactive Account,High,2024-07-03,2024-07-12,Resolved
EXC00002595,BILL00028915,ACCT002410,CUST002410,2024-07,Residential,SAN LUIS OBISPO,Inactive Account,High,2024-08-03,,Open
EXC00002596,BILL00028916,ACCT002410,CUST002410,2024-08,Residential,SAN LUIS OBISPO,Inactive Account,High,2024-09-03,,In Review
EXC00002597,BILL00028917,ACCT002410,CUST002410,2024-09,Residential,SAN LUIS OBISPO,Inactive Account,High,2024-10-03,,In Review
EXC00002598,BILL00028918,ACCT002410,CUST002410,2024-10,Residential,SAN LUIS OBISPO,Inactive Account,High,2024-11-03,,In Review
EXC00002599,BILL00028919,ACCT002410,CUST002410,2024-11,Residential,SAN LUIS OBISPO,Inactive Account,High,2024-12-03,,Open
EXC00002600,BILL00028920,ACCT002410,CUST002410,2024-12,Residential,SAN LUIS OBISPO,Inactive Account,High,2025-01-03,2025-01-16,Resolved
EXC00002601,BILL00028957,ACCT002414,CUST002414,2024-01,Residential,SAN JOAQUIN,Inactive Account,High,2024-02-03,2024-02-05,Resolved
EXC00002602,BILL00028958,ACCT002414,CUST002414,2024-02,Residential,SAN JOAQUIN,Inactive Account,High,2024-03-03,2024-03-07,Resolved
EXC00002603,BILL00028959,ACCT002414,CUST002414,2024-03,Residential,SAN JOAQUIN,Inactive Account,High,2024-04-03,,Open
EXC00002604,BILL00028960,ACCT002414,CUST002414,2024-04,Residential,SAN JOAQUIN,Inactive Account,High,2024-05-03,2024-05-11,Resolved
EXC00002605,BILL00028961,ACCT002414,CUST002414,2024-05,Residential,SAN JOAQUIN,Inactive Account,High,2024-06-03,2024-06-15,Resolved
EXC00002606,BILL00028962,ACCT002414,CUST002414,2024-06,Residential,SAN JOAQUIN,Inactive Account,High,2024-07-03,,Open
EXC00002607,BILL00028963,ACCT002414,CUST002414,2024-07,Residential,SAN JOAQUIN,Inactive Account,High,2024-08-03,,Open
EXC00002608,BILL00028964,ACCT002414,CUST002414,2024-08,Residential,SAN JOAQUIN,Inactive Account,High,2024-09-03,2024-09-09,Resolved
EXC00002609,BILL00028965,ACCT002414,CUST002414,2024-09,Residential,SAN JOAQUIN,Inactive Account,High,2024-10-03,,Open
EXC00002610,BILL00028966,ACCT002414,CUST002414,2024-10,Residential,SAN JOAQUIN,Inactive Account,High,2024-11-03,,Open
EXC00002611,BILL00028967,ACCT002414,CUST002414,2024-11,Residential,SAN JOAQUIN,Inactive Account,High,2024-12-03,,Open
EXC00002612,BILL00028968,ACCT002414,CUST002414,2024-12,Residential,SAN JOAQUIN,Inactive Account,High,2025-01-03,,Open
EXC00002613,BILL00028993,ACCT002417,CUST002417,2024-01,Residential,ALAMEDA,Missing Meter Read,Medium,2024-02-03,,Open
EXC00002614,BILL00029041,ACCT002421,CUST002421,2024-01,Residential,SANTA CLARA,Inactive Account,High,2024-02-03,,Open
EXC00002615,BILL00029042,ACCT002421,CUST002421,2024-02,Residential,SANTA CLARA,Inactive Account,High,2024-03-03,2024-03-15,Resolved
EXC00002616,BILL00029043,ACCT002421,CUST002421,2024-03,Residential,SANTA CLARA,Inactive Account,High,2024-04-03,2024-04-16,Resolved
EXC00002617,BILL00029044,ACCT002421,CUST002421,2024-04,Residential,SANTA CLARA,Inactive Account,High,2024-05-03,2024-05-07,Resolved
EXC00002618,BILL00029045,ACCT002421,CUST002421,2024-05,Residential,SANTA CLARA,Inactive Account,High,2024-06-03,2024-06-14,Resolved
EXC00002619,BILL00029046,ACCT002421,CUST002421,2024-06,Residential,SANTA CLARA,Inactive Account,High,2024-07-03,,In Review
EXC00002620,BILL00029047,ACCT002421,CUST002421,2024-07,Residential,SANTA CLARA,Inactive Account,High,2024-08-03,2024-08-15,Resolved
EXC00002621,BILL00029048,ACCT002421,CUST002421,2024-08,Residential,SANTA CLARA,Inactive Account,High,2024-09-03,2024-09-05,Resolved
EXC00002622,BILL00029049,ACCT002421,CUST002421,2024-09,Residential,SANTA CLARA,Inactive Account,High,2024-10-03,2024-10-10,Resolved
EXC00002623,BILL00029050,ACCT002421,CUST002421,2024-10,Residential,SANTA CLARA,Inactive Account,High,2024-11-03,,Open
EXC00002624,BILL00029051,ACCT002421,CUST002421,2024-11,Residential,SANTA CLARA,Inactive Account,High,2024-12-03,2024-12-07,Resolved
EXC00002625,BILL00029052,ACCT002421,CUST002421,2024-12,Residential,SANTA CLARA,Inactive Account,High,2025-01-03,,Open
EXC00002626,BILL00029141,ACCT002429,CUST002429,2024-05,Residential,FRESNO,Missing Meter Read,Medium,2024-06-03,,In Review
EXC00002627,BILL00029151,ACCT002430,CUST002430,2024-03,Commercial,FRESNO,Missing Meter Read,Medium,2024-04-03,2024-04-17,Resolved
EXC00002628,BILL00029161,ACCT002431,CUST002431,2024-01,Residential,ALAMEDA,Inactive Account,High,2024-02-03,2024-02-11,Resolved
EXC00002629,BILL00029162,ACCT002431,CUST002431,2024-02,Residential,ALAMEDA,Inactive Account,High,2024-03-03,,Open
EXC00002630,BILL00029163,ACCT002431,CUST002431,2024-03,Residential,ALAMEDA,Inactive Account,High,2024-04-03,2024-04-13,Resolved
EXC00002631,BILL00029164,ACCT002431,CUST002431,2024-04,Residential,ALAMEDA,Inactive Account,High,2024-05-03,,Open
EXC00002632,BILL00029165,ACCT002431,CUST002431,2024-05,Residential,ALAMEDA,Inactive Account,High,2024-06-03,,Open
EXC00002633,BILL00029166,ACCT002431,CUST002431,2024-06,Residential,ALAMEDA,Inactive Account,High,2024-07-03,2024-07-09,Resolved
EXC00002634,BILL00029167,ACCT002431,CUST002431,2024-07,Residential,ALAMEDA,Inactive Account,High,2024-08-03,2024-08-12,Resolved
EXC00002635,BILL00029168,ACCT002431,CUST002431,2024-08,Residential,ALAMEDA,Inactive Account,High,2024-09-03,2024-09-10,Resolved
EXC00002636,BILL00029169,ACCT002431,CUST002431,2024-09,Residential,ALAMEDA,Inactive Account,High,2024-10-03,,In Review
EXC00002637,BILL00029170,ACCT002431,CUST002431,2024-10,Residential,ALAMEDA,Inactive Account,High,2024-11-03,2024-11-12,Resolved
EXC00002638,BILL00029171,ACCT002431,CUST002431,2024-11,Residential,ALAMEDA,Inactive Account,High,2024-12-03,,Open
EXC00002639,BILL00029172,ACCT002431,CUST002431,2024-12,Residential,ALAMEDA,Inactive Account,High,2025-01-03,2025-01-16,Resolved
EXC00002640,BILL00029212,ACCT002435,CUST002435,2024-04,Agriculture And Water Pumping,CONTRA COSTA,Missing Meter Read,Medium,2024-05-03,,In Review
EXC00002641,BILL00029221,ACCT002436,CUST002436,2024-01,Residential,SONOMA,Inactive Account,High,2024-02-03,2024-02-15,Resolved
EXC00002642,BILL00029222,ACCT002436,CUST002436,2024-02,Residential,SONOMA,Inactive Account,High,2024-03-03,,Open
EXC00002643,BILL00029223,ACCT002436,CUST002436,2024-03,Residential,SONOMA,Inactive Account,High,2024-04-03,2024-04-07,Resolved
EXC00002644,BILL00029224,ACCT002436,CUST002436,2024-04,Residential,SONOMA,Inactive Account,High,2024-05-03,2024-05-04,Resolved
EXC00002645,BILL00029225,ACCT002436,CUST002436,2024-05,Residential,SONOMA,Inactive Account,High,2024-06-03,2024-06-08,Resolved
EXC00002646,BILL00029226,ACCT002436,CUST002436,2024-06,Residential,SONOMA,Inactive Account,High,2024-07-03,2024-07-09,Resolved
EXC00002647,BILL00029227,ACCT002436,CUST002436,2024-07,Residential,SONOMA,Inactive Account,High,2024-08-03,2024-08-16,Resolved
EXC00002648,BILL00029228,ACCT002436,CUST002436,2024-08,Residential,SONOMA,Inactive Account,High,2024-09-03,2024-09-15,Resolved
EXC00002649,BILL00029229,ACCT002436,CUST002436,2024-09,Residential,SONOMA,Inactive Account,High,2024-10-03,,In Review
EXC00002650,BILL00029230,ACCT002436,CUST002436,2024-10,Residential,SONOMA,Inactive Account,High,2024-11-03,,Open
EXC00002651,BILL00029231,ACCT002436,CUST002436,2024-11,Residential,SONOMA,Inactive Account,High,2024-12-03,,Open
EXC00002652,BILL00029232,ACCT002436,CUST002436,2024-12,Residential,SONOMA,Inactive Account,High,2025-01-03,,Open
EXC00002653,BILL00029243,ACCT002437,CUST002437,2024-11,Residential,SANTA CLARA,Invalid Meter Read,High,2024-12-03,2024-12-04,Resolved
EXC00002654,BILL00029309,ACCT002443,CUST002443,2024-05,Residential,SANTA CLARA,Missing Meter Read,Medium,2024-06-03,,Open
EXC00002655,BILL00029334,ACCT002445,CUST002445,2024-06,Residential,SAN MATEO,Missing Meter Read,Medium,2024-07-03,2024-07-12,Resolved
EXC00002656,BILL00029365,ACCT002448,CUST002448,2024-01,Residential,ALAMEDA,Inactive Account,High,2024-02-03,2024-02-06,Resolved
EXC00002657,BILL00029366,ACCT002448,CUST002448,2024-02,Residential,ALAMEDA,Inactive Account,High,2024-03-03,2024-03-14,Resolved
EXC00002658,BILL00029367,ACCT002448,CUST002448,2024-03,Residential,ALAMEDA,Inactive Account,High,2024-04-03,2024-04-08,Resolved
EXC00002659,BILL00029368,ACCT002448,CUST002448,2024-04,Residential,ALAMEDA,Inactive Account,High,2024-05-03,2024-05-09,Resolved
EXC00002660,BILL00029369,ACCT002448,CUST002448,2024-05,Residential,ALAMEDA,Inactive Account,High,2024-06-03,2024-06-16,Resolved
EXC00002661,BILL00029370,ACCT002448,CUST002448,2024-06,Residential,ALAMEDA,Inactive Account,High,2024-07-03,2024-07-15,Resolved
EXC00002662,BILL00029371,ACCT002448,CUST002448,2024-07,Residential,ALAMEDA,Inactive Account,High,2024-08-03,2024-08-16,Resolved
EXC00002663,BILL00029372,ACCT002448,CUST002448,2024-08,Residential,ALAMEDA,Inactive Account,High,2024-09-03,,In Review
EXC00002664,BILL00029373,ACCT002448,CUST002448,2024-09,Residential,ALAMEDA,Inactive Account,High,2024-10-03,2024-10-08,Resolved
EXC00002665,BILL00029374,ACCT002448,CUST002448,2024-10,Residential,ALAMEDA,Inactive Account,High,2024-11-03,,In Review
EXC00002666,BILL00029375,ACCT002448,CUST002448,2024-11,Residential,ALAMEDA,Inactive Account,High,2024-12-03,,In Review
EXC00002667,BILL00029376,ACCT002448,CUST002448,2024-12,Residential,ALAMEDA,Inactive Account,High,2025-01-03,2025-01-13,Resolved
EXC00002668,BILL00029407,ACCT002451,CUST002451,2024-07,Residential,PLACER,Invalid Meter Read,High,2024-08-03,,In Review
EXC00002669,BILL00029477,ACCT002457,CUST002457,2024-05,Residential,EL DORADO,Missing Meter Read,Medium,2024-06-03,,In Review
EXC00002670,BILL00029487,ACCT002458,CUST002458,2024-03,Residential,KERN,Invalid Meter Read,High,2024-04-03,,Open
EXC00002671,BILL00029493,ACCT002458,CUST002458,2024-09,Residential,KERN,Missing Meter Read,Medium,2024-10-03,,Open
EXC00002672,BILL00029522,ACCT002461,CUST002461,2024-02,Mining,KERN,Invalid Meter Read,High,2024-03-03,,Open
EXC00002673,BILL00029545,ACCT002463,CUST002463,2024-01,Residential,YOLO,Inactive Account,High,2024-02-03,,Open
EXC00002674,BILL00029546,ACCT002463,CUST002463,2024-02,Residential,YOLO,Inactive Account,High,2024-03-03,2024-03-11,Resolved
EXC00002675,BILL00029547,ACCT002463,CUST002463,2024-03,Residential,YOLO,Inactive Account,High,2024-04-03,,Open
EXC00002676,BILL00029548,ACCT002463,CUST002463,2024-04,Residential,YOLO,Inactive Account,High,2024-05-03,,Open
EXC00002677,BILL00029549,ACCT002463,CUST002463,2024-05,Residential,YOLO,Inactive Account,High,2024-06-03,2024-06-07,Resolved
EXC00002678,BILL00029550,ACCT002463,CUST002463,2024-06,Residential,YOLO,Inactive Account,High,2024-07-03,2024-07-05,Resolved
EXC00002679,BILL00029551,ACCT002463,CUST002463,2024-07,Residential,YOLO,Inactive Account,High,2024-08-03,2024-08-13,Resolved
EXC00002680,BILL00029552,ACCT002463,CUST002463,2024-08,Residential,YOLO,Inactive Account,High,2024-09-03,,Open
EXC00002681,BILL00029553,ACCT002463,CUST002463,2024-09,Residential,YOLO,Inactive Account,High,2024-10-03,,Open
EXC00002682,BILL00029554,ACCT002463,CUST002463,2024-10,Residential,YOLO,Inactive Account,High,2024-11-03,,Open
EXC00002683,BILL00029555,ACCT002463,CUST002463,2024-11,Residential,YOLO,Inactive Account,High,2024-12-03,2024-12-14,Resolved
EXC00002684,BILL00029556,ACCT002463,CUST002463,2024-12,Residential,YOLO,Inactive Account,High,2025-01-03,,Open
EXC00002685,BILL00029573,ACCT002465,CUST002465,2024-05,Residential,MARIN,Missing Meter Read,Medium,2024-06-03,,Open
EXC00002686,BILL00029610,ACCT002468,CUST002468,2024-06,Residential,SANTA BARBARA,Missing Meter Read,Medium,2024-07-03,2024-07-05,Resolved
EXC00002687,BILL00029639,ACCT002470,CUST002470,2024-11,Residential,SAN MATEO,Missing Meter Read,Medium,2024-12-03,,Open
EXC00002688,BILL00029641,ACCT002471,CUST002471,2024-01,Residential,SAN JOAQUIN,Missing Meter Read,Medium,2024-02-03,,Open
EXC00002689,BILL00029702,ACCT002476,CUST002476,2024-02,Commercial,KERN,Missing Meter Read,Medium,2024-03-03,2024-03-14,Resolved
EXC00002690,BILL00029773,ACCT002482,CUST002482,2024-01,Commercial,SANTA CLARA,Missing Meter Read,Medium,2024-02-03,2024-02-04,Resolved
EXC00002691,BILL00029941,ACCT002496,CUST002496,2024-01,Residential,SANTA CLARA,Inactive Account,High,2024-02-03,,In Review
EXC00002692,BILL00029942,ACCT002496,CUST002496,2024-02,Residential,SANTA CLARA,Inactive Account,High,2024-03-03,,In Review
EXC00002693,BILL00029943,ACCT002496,CUST002496,2024-03,Residential,SANTA CLARA,Inactive Account,High,2024-04-03,2024-04-14,Resolved
EXC00002694,BILL00029944,ACCT002496,CUST002496,2024-04,Residential,SANTA CLARA,Inactive Account,High,2024-05-03,2024-05-15,Resolved
EXC00002695,BILL00029945,ACCT002496,CUST002496,2024-05,Residential,SANTA CLARA,Inactive Account,High,2024-06-03,,Open
EXC00002696,BILL00029946,ACCT002496,CUST002496,2024-06,Residential,SANTA CLARA,Inactive Account,High,2024-07-03,,Open
EXC00002697,BILL00029947,ACCT002496,CUST002496,2024-07,Residential,SANTA CLARA,Inactive Account,High,2024-08-03,2024-08-13,Resolved
EXC00002698,BILL00029948,ACCT002496,CUST002496,2024-08,Residential,SANTA CLARA,Inactive Account,High,2024-09-03,2024-09-16,Resolved
EXC00002699,BILL00029949,ACCT002496,CUST002496,2024-09,Residential,SANTA CLARA,Inactive Account,High,2024-10-03,2024-10-13,Resolved
EXC00002700,BILL00029950,ACCT002496,CUST002496,2024-10,Residential,SANTA CLARA,Inactive Account,High,2024-11-03,,Open
EXC00002701,BILL00029951,ACCT002496,CUST002496,2024-11,Residential,SANTA CLARA,Inactive Account,High,2024-12-03,2024-12-10,Resolved
EXC00002702,BILL00029952,ACCT002496,CUST002496,2024-12,Residential,SANTA CLARA,Inactive Account,High,2025-01-03,2025-01-12,Resolved
EXC00002703,BILL00029971,ACCT002498,CUST002498,2024-07,Commercial,BUTTE,Missing Meter Read,Medium,2024-08-03,2024-08-04,Resolved
EXC00002704,BILL00029994,ACCT002500,CUST002500,2024-06,Residential,FRESNO,Missing Meter Read,Medium,2024-07-03,,Open
EXC00002705,BILL00030009,ACCT002501,CUST002501,2024-09,Commercial,SAN FRANCISCO,Missing Meter Read,Medium,2024-10-03,2024-10-12,Resolved
EXC00002706,BILL00030019,ACCT002502,CUST002502,2024-07,Residential,SAN JOAQUIN,Missing Meter Read,Medium,2024-08-03,,In Review
EXC00002707,BILL00030061,ACCT002506,CUST002506,2024-01,Residential,NAPA,Inactive Account,High,2024-02-03,,In Review
EXC00002708,BILL00030062,ACCT002506,CUST002506,2024-02,Residential,NAPA,Inactive Account,High,2024-03-03,2024-03-05,Resolved
EXC00002709,BILL00030063,ACCT002506,CUST002506,2024-03,Residential,NAPA,Inactive Account,High,2024-04-03,,Open
EXC00002710,BILL00030064,ACCT002506,CUST002506,2024-04,Residential,NAPA,Inactive Account,High,2024-05-03,,Open
EXC00002711,BILL00030065,ACCT002506,CUST002506,2024-05,Residential,NAPA,Inactive Account,High,2024-06-03,2024-06-12,Resolved
EXC00002712,BILL00030066,ACCT002506,CUST002506,2024-06,Residential,NAPA,Inactive Account,High,2024-07-03,2024-07-15,Resolved
EXC00002713,BILL00030067,ACCT002506,CUST002506,2024-07,Residential,NAPA,Inactive Account,High,2024-08-03,2024-08-05,Resolved
EXC00002714,BILL00030068,ACCT002506,CUST002506,2024-08,Residential,NAPA,Inactive Account,High,2024-09-03,2024-09-14,Resolved
EXC00002715,BILL00030069,ACCT002506,CUST002506,2024-09,Residential,NAPA,Inactive Account,High,2024-10-03,2024-10-17,Resolved
EXC00002716,BILL00030070,ACCT002506,CUST002506,2024-10,Residential,NAPA,Inactive Account,High,2024-11-03,2024-11-13,Resolved
EXC00002717,BILL00030071,ACCT002506,CUST002506,2024-11,Residential,NAPA,Inactive Account,High,2024-12-03,2024-12-16,Resolved
EXC00002718,BILL00030072,ACCT002506,CUST002506,2024-12,Residential,NAPA,Inactive Account,High,2025-01-03,,Open
EXC00002719,BILL00030085,ACCT002508,CUST002508,2024-01,Residential,ALAMEDA,Inactive Account,High,2024-02-03,,Open
EXC00002720,BILL00030086,ACCT002508,CUST002508,2024-02,Residential,ALAMEDA,Inactive Account,High,2024-03-03,2024-03-10,Resolved
EXC00002721,BILL00030087,ACCT002508,CUST002508,2024-03,Residential,ALAMEDA,Inactive Account,High,2024-04-03,2024-04-08,Resolved
EXC00002722,BILL00030088,ACCT002508,CUST002508,2024-04,Residential,ALAMEDA,Inactive Account,High,2024-05-03,2024-05-09,Resolved
EXC00002723,BILL00030089,ACCT002508,CUST002508,2024-05,Residential,ALAMEDA,Inactive Account,High,2024-06-03,,Open
EXC00002724,BILL00030090,ACCT002508,CUST002508,2024-06,Residential,ALAMEDA,Inactive Account,High,2024-07-03,,Open
EXC00002725,BILL00030091,ACCT002508,CUST002508,2024-07,Residential,ALAMEDA,Inactive Account,High,2024-08-03,,In Review
EXC00002726,BILL00030092,ACCT002508,CUST002508,2024-08,Residential,ALAMEDA,Inactive Account,High,2024-09-03,2024-09-17,Resolved
EXC00002727,BILL00030093,ACCT002508,CUST002508,2024-09,Residential,ALAMEDA,Inactive Account,High,2024-10-03,,Open
EXC00002728,BILL00030094,ACCT002508,CUST002508,2024-10,Residential,ALAMEDA,Inactive Account,High,2024-11-03,2024-11-12,Resolved
EXC00002729,BILL00030095,ACCT002508,CUST002508,2024-11,Residential,ALAMEDA,Inactive Account,High,2024-12-03,,Open
EXC00002730,BILL00030096,ACCT002508,CUST002508,2024-12,Residential,ALAMEDA,Inactive Account,High,2025-01-03,2025-01-06,Resolved
EXC00002731,BILL00030104,ACCT002509,CUST002509,2024-08,Commercial,SAN LUIS OBISPO,Missing Meter Read,Medium,2024-09-03,2024-09-11,Resolved
EXC00002732,BILL00030112,ACCT002510,CUST002510,2024-04,Commercial,MENDOCINO,Missing Meter Read,Medium,2024-05-03,2024-05-05,Resolved
EXC00002733,BILL00030133,ACCT002512,CUST002512,2024-01,Commercial,YUBA,Inactive Account,High,2024-02-03,2024-02-10,Resolved
EXC00002734,BILL00030134,ACCT002512,CUST002512,2024-02,Commercial,YUBA,Inactive Account,High,2024-03-03,2024-03-06,Resolved
EXC00002735,BILL00030135,ACCT002512,CUST002512,2024-03,Commercial,YUBA,Inactive Account,High,2024-04-03,,In Review
EXC00002736,BILL00030136,ACCT002512,CUST002512,2024-04,Commercial,YUBA,Inactive Account,High,2024-05-03,2024-05-08,Resolved
EXC00002737,BILL00030137,ACCT002512,CUST002512,2024-05,Commercial,YUBA,Inactive Account,High,2024-06-03,,Open
EXC00002738,BILL00030138,ACCT002512,CUST002512,2024-06,Commercial,YUBA,Inactive Account,High,2024-07-03,,Open
EXC00002739,BILL00030139,ACCT002512,CUST002512,2024-07,Commercial,YUBA,Inactive Account,High,2024-08-03,,Open
EXC00002740,BILL00030140,ACCT002512,CUST002512,2024-08,Commercial,YUBA,Inactive Account,High,2024-09-03,,In Review
EXC00002741,BILL00030141,ACCT002512,CUST002512,2024-09,Commercial,YUBA,Inactive Account,High,2024-10-03,2024-10-07,Resolved
EXC00002742,BILL00030142,ACCT002512,CUST002512,2024-10,Commercial,YUBA,Inactive Account,High,2024-11-03,2024-11-05,Resolved
EXC00002743,BILL00030143,ACCT002512,CUST002512,2024-11,Commercial,YUBA,Inactive Account,High,2024-12-03,2024-12-15,Resolved
EXC00002744,BILL00030144,ACCT002512,CUST002512,2024-12,Commercial,YUBA,Inactive Account,High,2025-01-03,,Open
EXC00002745,BILL00030180,ACCT002515,CUST002515,2024-12,Residential,EL DORADO,Invalid Meter Read,High,2025-01-03,2025-01-05,Resolved
EXC00002746,BILL00030205,ACCT002518,CUST002518,2024-01,Residential,ALAMEDA,Inactive Account,High,2024-02-03,,Open
EXC00002747,BILL00030206,ACCT002518,CUST002518,2024-02,Residential,ALAMEDA,Inactive Account,High,2024-03-03,2024-03-04,Resolved
EXC00002748,BILL00030207,ACCT002518,CUST002518,2024-03,Residential,ALAMEDA,Inactive Account,High,2024-04-03,,Open
EXC00002749,BILL00030208,ACCT002518,CUST002518,2024-04,Residential,ALAMEDA,Inactive Account,High,2024-05-03,2024-05-08,Resolved
EXC00002750,BILL00030209,ACCT002518,CUST002518,2024-05,Residential,ALAMEDA,Inactive Account,High,2024-06-03,,Open
EXC00002751,BILL00030210,ACCT002518,CUST002518,2024-06,Residential,ALAMEDA,Inactive Account,High,2024-07-03,,Open
EXC00002752,BILL00030211,ACCT002518,CUST002518,2024-07,Residential,ALAMEDA,Inactive Account,High,2024-08-03,,Open
EXC00002753,BILL00030212,ACCT002518,CUST002518,2024-08,Residential,ALAMEDA,Inactive Account,High,2024-09-03,2024-09-15,Resolved
EXC00002754,BILL00030213,ACCT002518,CUST002518,2024-09,Residential,ALAMEDA,Inactive Account,High,2024-10-03,2024-10-09,Resolved
EXC00002755,BILL00030214,ACCT002518,CUST002518,2024-10,Residential,ALAMEDA,Inactive Account,High,2024-11-03,,Open
EXC00002756,BILL00030215,ACCT002518,CUST002518,2024-11,Residential,ALAMEDA,Inactive Account,High,2024-12-03,,In Review
EXC00002757,BILL00030216,ACCT002518,CUST002518,2024-12,Residential,ALAMEDA,Inactive Account,High,2025-01-03,,Open
EXC00002758,BILL00030244,ACCT002521,CUST002521,2024-04,Residential,SAN MATEO,Missing Meter Read,Medium,2024-05-03,,In Review
EXC00002759,BILL00030262,ACCT002522,CUST002522,2024-10,Residential,KERN,Missing Meter Read,Medium,2024-11-03,2024-11-11,Resolved
EXC00002760,BILL00030292,ACCT002525,CUST002525,2024-04,Commercial,SAN MATEO,Missing Meter Read,Medium,2024-05-03,2024-05-07,Resolved
EXC00002761,BILL00030319,ACCT002527,CUST002527,2024-07,Residential,SAN FRANCISCO,Missing Meter Read,Medium,2024-08-03,2024-08-13,Resolved
EXC00002762,BILL00030370,ACCT002531,CUST002531,2024-10,Residential,SANTA CLARA,Missing Meter Read,Medium,2024-11-03,2024-11-17,Resolved
EXC00002763,BILL00030379,ACCT002532,CUST002532,2024-07,Commercial,SANTA CLARA,Missing Meter Read,Medium,2024-08-03,,Open
EXC00002764,BILL00030406,ACCT002534,CUST002534,2024-10,Residential,KERN,Missing Meter Read,Medium,2024-11-03,,Open
EXC00002765,BILL00030413,ACCT002535,CUST002535,2024-05,Residential,SAN JOAQUIN,Missing Meter Read,Medium,2024-06-03,2024-06-07,Resolved
EXC00002766,BILL00030456,ACCT002538,CUST002538,2024-12,Residential,SAN MATEO,Invalid Meter Read,High,2025-01-03,,In Review
EXC00002767,BILL00030460,ACCT002539,CUST002539,2024-04,Residential,KERN,Missing Meter Read,Medium,2024-05-03,2024-05-06,Resolved
EXC00002768,BILL00030472,ACCT002540,CUST002540,2024-04,Residential,KERN,Missing Meter Read,Medium,2024-05-03,,Open
EXC00002769,BILL00030473,ACCT002540,CUST002540,2024-05,Residential,KERN,Missing Meter Read,Medium,2024-06-03,,In Review
EXC00002770,BILL00030480,ACCT002540,CUST002540,2024-12,Residential,KERN,Missing Meter Read,Medium,2025-01-03,,Open
EXC00002771,BILL00030501,ACCT002542,CUST002542,2024-09,Residential,CONTRA COSTA,Missing Meter Read,Medium,2024-10-03,,Open
EXC00002772,BILL00030505,ACCT002543,CUST002543,2024-01,Commercial,NEVADA,Inactive Account,High,2024-02-03,,In Review
EXC00002773,BILL00030506,ACCT002543,CUST002543,2024-02,Commercial,NEVADA,Inactive Account,High,2024-03-03,2024-03-12,Resolved
EXC00002774,BILL00030507,ACCT002543,CUST002543,2024-03,Commercial,NEVADA,Inactive Account,High,2024-04-03,,In Review
EXC00002775,BILL00030508,ACCT002543,CUST002543,2024-04,Commercial,NEVADA,Inactive Account,High,2024-05-03,,Open
EXC00002776,BILL00030509,ACCT002543,CUST002543,2024-05,Commercial,NEVADA,Inactive Account,High,2024-06-03,2024-06-17,Resolved
EXC00002777,BILL00030510,ACCT002543,CUST002543,2024-06,Commercial,NEVADA,Inactive Account,High,2024-07-03,,Open
EXC00002778,BILL00030511,ACCT002543,CUST002543,2024-07,Commercial,NEVADA,Inactive Account,High,2024-08-03,2024-08-04,Resolved
EXC00002779,BILL00030512,ACCT002543,CUST002543,2024-08,Commercial,NEVADA,Inactive Account,High,2024-09-03,2024-09-17,Resolved
EXC00002780,BILL00030513,ACCT002543,CUST002543,2024-09,Commercial,NEVADA,Inactive Account,High,2024-10-03,,In Review
EXC00002781,BILL00030514,ACCT002543,CUST002543,2024-10,Commercial,NEVADA,Inactive Account,High,2024-11-03,,Open
EXC00002782,BILL00030515,ACCT002543,CUST002543,2024-11,Commercial,NEVADA,Inactive Account,High,2024-12-03,2024-12-16,Resolved
EXC00002783,BILL00030516,ACCT002543,CUST002543,2024-12,Commercial,NEVADA,Inactive Account,High,2025-01-03,,Open
EXC00002784,BILL00030631,ACCT002553,CUST002553,2024-07,Commercial,FRESNO,Invalid Meter Read,High,2024-08-03,,Open
EXC00002785,BILL00030659,ACCT002555,CUST002555,2024-11,Residential,COLUSA,Missing Meter Read,Medium,2024-12-03,2024-12-09,Resolved
EXC00002786,BILL00030668,ACCT002556,CUST002556,2024-08,Agriculture And Water Pumping,KERN,Missing Meter Read,Medium,2024-09-03,,Open
EXC00002787,BILL00030707,ACCT002559,CUST002559,2024-11,Residential,PLACER,Missing Meter Read,Medium,2024-12-03,,Open
EXC00002788,BILL00030746,ACCT002563,CUST002563,2024-02,Residential,SANTA CLARA,Missing Meter Read,Medium,2024-03-03,,In Review
EXC00002789,BILL00030804,ACCT002567,CUST002567,2024-12,Residential,YOLO,Missing Meter Read,Medium,2025-01-03,2025-01-17,Resolved
EXC00002790,BILL00030824,ACCT002569,CUST002569,2024-08,Commercial,SAN JOAQUIN,Missing Meter Read,Medium,2024-09-03,2024-09-04,Resolved
EXC00002791,BILL00030841,ACCT002571,CUST002571,2024-01,Residential,SAN MATEO,Inactive Account,High,2024-02-03,,Open
EXC00002792,BILL00030842,ACCT002571,CUST002571,2024-02,Residential,SAN MATEO,Inactive Account,High,2024-03-03,,Open
EXC00002793,BILL00030843,ACCT002571,CUST002571,2024-03,Residential,SAN MATEO,Inactive Account,High,2024-04-03,,Open
EXC00002794,BILL00030844,ACCT002571,CUST002571,2024-04,Residential,SAN MATEO,Inactive Account,High,2024-05-03,2024-05-06,Resolved
EXC00002795,BILL00030845,ACCT002571,CUST002571,2024-05,Residential,SAN MATEO,Inactive Account,High,2024-06-03,2024-06-17,Resolved
EXC00002796,BILL00030846,ACCT002571,CUST002571,2024-06,Residential,SAN MATEO,Inactive Account,High,2024-07-03,2024-07-06,Resolved
EXC00002797,BILL00030847,ACCT002571,CUST002571,2024-07,Residential,SAN MATEO,Inactive Account,High,2024-08-03,,Open
EXC00002798,BILL00030848,ACCT002571,CUST002571,2024-08,Residential,SAN MATEO,Inactive Account,High,2024-09-03,,In Review
EXC00002799,BILL00030849,ACCT002571,CUST002571,2024-09,Residential,SAN MATEO,Inactive Account,High,2024-10-03,2024-10-17,Resolved
EXC00002800,BILL00030850,ACCT002571,CUST002571,2024-10,Residential,SAN MATEO,Inactive Account,High,2024-11-03,2024-11-09,Resolved
EXC00002801,BILL00030851,ACCT002571,CUST002571,2024-11,Residential,SAN MATEO,Inactive Account,High,2024-12-03,,In Review
EXC00002802,BILL00030852,ACCT002571,CUST002571,2024-12,Residential,SAN MATEO,Inactive Account,High,2025-01-03,2025-01-09,Resolved
EXC00002803,BILL00030930,ACCT002578,CUST002578,2024-06,Residential,FRESNO,Invalid Meter Read,High,2024-07-03,2024-07-08,Resolved
EXC00002804,BILL00030938,ACCT002579,CUST002579,2024-02,Residential,YOLO,Invalid Meter Read,High,2024-03-03,,Open
EXC00002805,BILL00030948,ACCT002579,CUST002579,2024-12,Residential,YOLO,Missing Meter Read,Medium,2025-01-03,,Open
EXC00002806,BILL00030963,ACCT002581,CUST002581,2024-03,Residential,FRESNO,Invalid Meter Read,High,2024-04-03,,Open
EXC00002807,BILL00030979,ACCT002582,CUST002582,2024-07,Commercial,KERN,Missing Meter Read,Medium,2024-08-03,2024-08-14,Resolved
EXC00002808,BILL00031057,ACCT002589,CUST002589,2024-01,Residential,PLACER,Inactive Account,High,2024-02-03,2024-02-08,Resolved
EXC00002809,BILL00031058,ACCT002589,CUST002589,2024-02,Residential,PLACER,Inactive Account,High,2024-03-03,,In Review
EXC00002810,BILL00031059,ACCT002589,CUST002589,2024-03,Residential,PLACER,Inactive Account,High,2024-04-03,,Open
EXC00002811,BILL00031060,ACCT002589,CUST002589,2024-04,Residential,PLACER,Inactive Account,High,2024-05-03,2024-05-06,Resolved
EXC00002812,BILL00031061,ACCT002589,CUST002589,2024-05,Residential,PLACER,Inactive Account,High,2024-06-03,2024-06-14,Resolved
EXC00002813,BILL00031062,ACCT002589,CUST002589,2024-06,Residential,PLACER,Inactive Account,High,2024-07-03,,Open
EXC00002814,BILL00031063,ACCT002589,CUST002589,2024-07,Residential,PLACER,Inactive Account,High,2024-08-03,2024-08-11,Resolved
EXC00002815,BILL00031064,ACCT002589,CUST002589,2024-08,Residential,PLACER,Inactive Account,High,2024-09-03,2024-09-06,Resolved
EXC00002816,BILL00031065,ACCT002589,CUST002589,2024-09,Residential,PLACER,Inactive Account,High,2024-10-03,2024-10-06,Resolved
EXC00002817,BILL00031066,ACCT002589,CUST002589,2024-10,Residential,PLACER,Inactive Account,High,2024-11-03,2024-11-10,Resolved
EXC00002818,BILL00031067,ACCT002589,CUST002589,2024-11,Residential,PLACER,Inactive Account,High,2024-12-03,2024-12-08,Resolved
EXC00002819,BILL00031068,ACCT002589,CUST002589,2024-12,Residential,PLACER,Inactive Account,High,2025-01-03,2025-01-13,Resolved
EXC00002820,BILL00031103,ACCT002592,CUST002592,2024-11,Commercial,SAN JOAQUIN,Missing Meter Read,Medium,2024-12-03,2024-12-15,Resolved
EXC00002821,BILL00031115,ACCT002593,CUST002593,2024-11,Residential,SOLANO,Missing Meter Read,Medium,2024-12-03,,Open
EXC00002822,BILL00031212,ACCT002601,CUST002601,2024-12,Residential,FRESNO,Missing Meter Read,Medium,2025-01-03,,In Review
EXC00002823,BILL00031287,ACCT002608,CUST002608,2024-03,Residential,SANTA CRUZ,Missing Meter Read,Medium,2024-04-03,,Open
EXC00002824,BILL00031347,ACCT002613,CUST002613,2024-03,Residential,SONOMA,Invalid Meter Read,High,2024-04-03,2024-04-09,Resolved
EXC00002825,BILL00031353,ACCT002613,CUST002613,2024-09,Residential,SONOMA,Missing Meter Read,Medium,2024-10-03,2024-10-05,Resolved
EXC00002826,BILL00031358,ACCT002614,CUST002614,2024-02,Residential,KERN,Missing Meter Read,Medium,2024-03-03,2024-03-04,Resolved
EXC00002827,BILL00031465,ACCT002623,CUST002623,2024-01,Residential,SANTA CLARA,Inactive Account,High,2024-02-03,,Open
EXC00002828,BILL00031466,ACCT002623,CUST002623,2024-02,Residential,SANTA CLARA,Inactive Account,High,2024-03-03,2024-03-06,Resolved
EXC00002829,BILL00031467,ACCT002623,CUST002623,2024-03,Residential,SANTA CLARA,Inactive Account,High,2024-04-03,,In Review
EXC00002830,BILL00031468,ACCT002623,CUST002623,2024-04,Residential,SANTA CLARA,Inactive Account,High,2024-05-03,,Open
EXC00002831,BILL00031469,ACCT002623,CUST002623,2024-05,Residential,SANTA CLARA,Inactive Account,High,2024-06-03,2024-06-07,Resolved
EXC00002832,BILL00031470,ACCT002623,CUST002623,2024-06,Residential,SANTA CLARA,Inactive Account,High,2024-07-03,2024-07-11,Resolved
EXC00002833,BILL00031471,ACCT002623,CUST002623,2024-07,Residential,SANTA CLARA,Inactive Account,High,2024-08-03,2024-08-11,Resolved
EXC00002834,BILL00031472,ACCT002623,CUST002623,2024-08,Residential,SANTA CLARA,Inactive Account,High,2024-09-03,2024-09-16,Resolved
EXC00002835,BILL00031473,ACCT002623,CUST002623,2024-09,Residential,SANTA CLARA,Inactive Account,High,2024-10-03,,Open
EXC00002836,BILL00031474,ACCT002623,CUST002623,2024-10,Residential,SANTA CLARA,Inactive Account,High,2024-11-03,2024-11-08,Resolved
EXC00002837,BILL00031475,ACCT002623,CUST002623,2024-11,Residential,SANTA CLARA,Inactive Account,High,2024-12-03,2024-12-11,Resolved
EXC00002838,BILL00031476,ACCT002623,CUST002623,2024-12,Residential,SANTA CLARA,Inactive Account,High,2025-01-03,2025-01-06,Resolved
EXC00002839,BILL00031538,ACCT002629,CUST002629,2024-02,Residential,SONOMA,Invalid Meter Read,High,2024-03-03,2024-03-14,Resolved
EXC00002840,BILL00031604,ACCT002634,CUST002634,2024-08,Residential,SHASTA,Missing Meter Read,Medium,2024-09-03,2024-09-06,Resolved
EXC00002841,BILL00031642,ACCT002637,CUST002637,2024-10,Agriculture And Water Pumping,ALAMEDA,Invalid Meter Read,High,2024-11-03,2024-11-12,Resolved
EXC00002842,BILL00031687,ACCT002641,CUST002641,2024-07,Residential,KERN,Missing Meter Read,Medium,2024-08-03,,Open
EXC00002843,BILL00031696,ACCT002642,CUST002642,2024-04,Residential,ALAMEDA,Missing Meter Read,Medium,2024-05-03,,In Review
EXC00002844,BILL00031708,ACCT002643,CUST002643,2024-04,Residential,KERN,Missing Meter Read,Medium,2024-05-03,2024-05-09,Resolved
EXC00002845,BILL00031717,ACCT002644,CUST002644,2024-01,Residential,ALAMEDA,Inactive Account,High,2024-02-03,2024-02-13,Resolved
EXC00002846,BILL00031718,ACCT002644,CUST002644,2024-02,Residential,ALAMEDA,Inactive Account,High,2024-03-03,2024-03-15,Resolved
EXC00002847,BILL00031719,ACCT002644,CUST002644,2024-03,Residential,ALAMEDA,Inactive Account,High,2024-04-03,2024-04-09,Resolved
EXC00002848,BILL00031720,ACCT002644,CUST002644,2024-04,Residential,ALAMEDA,Inactive Account,High,2024-05-03,2024-05-05,Resolved
EXC00002849,BILL00031721,ACCT002644,CUST002644,2024-05,Residential,ALAMEDA,Inactive Account,High,2024-06-03,,In Review
EXC00002850,BILL00031722,ACCT002644,CUST002644,2024-06,Residential,ALAMEDA,Inactive Account,High,2024-07-03,,In Review
EXC00002851,BILL00031723,ACCT002644,CUST002644,2024-07,Residential,ALAMEDA,Inactive Account,High,2024-08-03,,Open
EXC00002852,BILL00031724,ACCT002644,CUST002644,2024-08,Residential,ALAMEDA,Inactive Account,High,2024-09-03,2024-09-11,Resolved
EXC00002853,BILL00031725,ACCT002644,CUST002644,2024-09,Residential,ALAMEDA,Inactive Account,High,2024-10-03,2024-10-06,Resolved
EXC00002854,BILL00031726,ACCT002644,CUST002644,2024-10,Residential,ALAMEDA,Inactive Account,High,2024-11-03,,In Review
EXC00002855,BILL00031727,ACCT002644,CUST002644,2024-11,Residential,ALAMEDA,Inactive Account,High,2024-12-03,2024-12-13,Resolved
EXC00002856,BILL00031728,ACCT002644,CUST002644,2024-12,Residential,ALAMEDA,Inactive Account,High,2025-01-03,,In Review
EXC00002857,BILL00031763,ACCT002647,CUST002647,2024-11,Agriculture And Water Pumping,PLACER,Missing Meter Read,Medium,2024-12-03,2024-12-05,Resolved
EXC00002858,BILL00031827,ACCT002653,CUST002653,2024-03,Residential,CONTRA COSTA,Missing Meter Read,Medium,2024-04-03,2024-04-07,Resolved
EXC00002859,BILL00031865,ACCT002656,CUST002656,2024-05,Residential,MADERA,Missing Meter Read,Medium,2024-06-03,,In Review
EXC00002860,BILL00031866,ACCT002656,CUST002656,2024-06,Residential,MADERA,Missing Meter Read,Medium,2024-07-03,,Open
EXC00002861,BILL00031883,ACCT002657,CUST002657,2024-11,Commercial,FRESNO,Invalid Meter Read,High,2024-12-03,,In Review
EXC00002862,BILL00031942,ACCT002662,CUST002662,2024-10,Commercial,SANTA CRUZ,Missing Meter Read,Medium,2024-11-03,2024-11-07,Resolved
EXC00002863,BILL00032096,ACCT002675,CUST002675,2024-08,Commercial,PLACER,Missing Meter Read,Medium,2024-09-03,2024-09-12,Resolved
EXC00002864,BILL00032105,ACCT002676,CUST002676,2024-05,Residential,SAN FRANCISCO,Missing Meter Read,Medium,2024-06-03,2024-06-13,Resolved
EXC00002865,BILL00032113,ACCT002677,CUST002677,2024-01,Residential,SOLANO,Missing Meter Read,Medium,2024-02-03,,Open
EXC00002866,BILL00032176,ACCT002682,CUST002682,2024-04,Commercial,PLACER,Missing Meter Read,Medium,2024-05-03,2024-05-17,Resolved
EXC00002867,BILL00032220,ACCT002685,CUST002685,2024-12,Residential,SANTA CLARA,Missing Meter Read,Medium,2025-01-03,,Open
EXC00002868,BILL00032233,ACCT002687,CUST002687,2024-01,Residential,SOLANO,Missing Meter Read,Medium,2024-02-03,2024-02-14,Resolved
EXC00002869,BILL00032244,ACCT002687,CUST002687,2024-12,Residential,SOLANO,Invalid Meter Read,High,2025-01-03,,In Review
EXC00002870,BILL00032264,ACCT002689,CUST002689,2024-08,Residential,ALAMEDA,Invalid Meter Read,High,2024-09-03,,In Review
EXC00002871,BILL00032289,ACCT002691,CUST002691,2024-09,Residential,CONTRA COSTA,Missing Meter Read,Medium,2024-10-03,,Open
EXC00002872,BILL00032353,ACCT002697,CUST002697,2024-01,Residential,KERN,Missing Meter Read,Medium,2024-02-03,,Open
EXC00002873,BILL00032403,ACCT002701,CUST002701,2024-03,Residential,YUBA,Invalid Meter Read,High,2024-04-03,,Open
EXC00002874,BILL00032409,ACCT002701,CUST002701,2024-09,Residential,YUBA,Invalid Meter Read,High,2024-10-03,2024-10-05,Resolved
EXC00002875,BILL00032475,ACCT002707,CUST002707,2024-03,Residential,SAN FRANCISCO,Missing Meter Read,Medium,2024-04-03,2024-04-08,Resolved
EXC00002876,BILL00032534,ACCT002712,CUST002712,2024-02,Residential,SAN MATEO,Invalid Meter Read,High,2024-03-03,,Open
EXC00002877,BILL00032555,ACCT002713,CUST002713,2024-11,Residential,ALAMEDA,Invalid Meter Read,High,2024-12-03,,Open
EXC00002878,BILL00032660,ACCT002722,CUST002722,2024-08,Residential,MENDOCINO,Missing Meter Read,Medium,2024-09-03,2024-09-05,Resolved
EXC00002879,BILL00032665,ACCT002723,CUST002723,2024-01,Residential,CONTRA COSTA,Missing Meter Read,Medium,2024-02-03,2024-02-14,Resolved
EXC00002880,BILL00032667,ACCT002723,CUST002723,2024-03,Residential,CONTRA COSTA,Missing Meter Read,Medium,2024-04-03,,Open
EXC00002881,BILL00032722,ACCT002727,CUST002727,2024-10,Residential,SANTA CLARA,Missing Meter Read,Medium,2024-11-03,,Open
EXC00002882,BILL00032804,ACCT002734,CUST002734,2024-08,Agriculture And Water Pumping,SAN JOAQUIN,Missing Meter Read,Medium,2024-09-03,2024-09-06,Resolved
EXC00002883,BILL00032830,ACCT002736,CUST002736,2024-10,Residential,SANTA BARBARA,Invalid Meter Read,High,2024-11-03,2024-11-07,Resolved
EXC00002884,BILL00032836,ACCT002737,CUST002737,2024-04,Mining,YOLO,Invalid Meter Read,High,2024-05-03,2024-05-14,Resolved
EXC00002885,BILL00032869,ACCT002740,CUST002740,2024-01,Residential,SANTA CLARA,Invalid Meter Read,High,2024-02-03,2024-02-13,Resolved
EXC00002886,BILL00032907,ACCT002743,CUST002743,2024-03,Residential,SOLANO,Missing Meter Read,Medium,2024-04-03,2024-04-09,Resolved
EXC00002887,BILL00033005,ACCT002751,CUST002751,2024-05,Residential,SANTA CLARA,Missing Meter Read,Medium,2024-06-03,2024-06-13,Resolved
EXC00002888,BILL00033010,ACCT002751,CUST002751,2024-10,Residential,SANTA CLARA,Missing Meter Read,Medium,2024-11-03,2024-11-11,Resolved
EXC00002889,BILL00033120,ACCT002760,CUST002760,2024-12,Residential,SANTA CLARA,Missing Meter Read,Medium,2025-01-03,2025-01-12,Resolved
EXC00002890,BILL00033130,ACCT002761,CUST002761,2024-10,Residential,EL DORADO,Missing Meter Read,Medium,2024-11-03,2024-11-08,Resolved
EXC00002891,BILL00033148,ACCT002763,CUST002763,2024-04,Residential,KERN,Missing Meter Read,Medium,2024-05-03,2024-05-04,Resolved
EXC00002892,BILL00033150,ACCT002763,CUST002763,2024-06,Residential,KERN,Invalid Meter Read,High,2024-07-03,,In Review
EXC00002893,BILL00033194,ACCT002767,CUST002767,2024-02,Residential,ALAMEDA,Invalid Meter Read,High,2024-03-03,2024-03-10,Resolved
EXC00002894,BILL00033202,ACCT002767,CUST002767,2024-10,Residential,ALAMEDA,Missing Meter Read,Medium,2024-11-03,2024-11-10,Resolved
EXC00002895,BILL00033233,ACCT002770,CUST002770,2024-05,Residential,FRESNO,Missing Meter Read,Medium,2024-06-03,,In Review
EXC00002896,BILL00033250,ACCT002771,CUST002771,2024-10,Residential,KERN,Invalid Meter Read,High,2024-11-03,,Open
EXC00002897,BILL00033265,ACCT002773,CUST002773,2024-01,Commercial,ALAMEDA,Missing Meter Read,Medium,2024-02-03,2024-02-11,Resolved
EXC00002898,BILL00033319,ACCT002777,CUST002777,2024-07,Residential,SAN MATEO,Invalid Meter Read,High,2024-08-03,2024-08-11,Resolved
EXC00002899,BILL00033348,ACCT002779,CUST002779,2024-12,Residential,SONOMA,Missing Meter Read,Medium,2025-01-03,2025-01-07,Resolved
EXC00002900,BILL00033369,ACCT002781,CUST002781,2024-09,Residential,KERN,Missing Meter Read,Medium,2024-10-03,2024-10-05,Resolved
EXC00002901,BILL00033394,ACCT002783,CUST002783,2024-10,"Transportation, Communications, & Utilities",MONTEREY,Invalid Meter Read,High,2024-11-03,,Open
EXC00002902,BILL00033445,ACCT002788,CUST002788,2024-01,Residential,YOLO,Inactive Account,High,2024-02-03,,Open
EXC00002903,BILL00033446,ACCT002788,CUST002788,2024-02,Residential,YOLO,Inactive Account,High,2024-03-03,,In Review
EXC00002904,BILL00033447,ACCT002788,CUST002788,2024-03,Residential,YOLO,Inactive Account,High,2024-04-03,2024-04-17,Resolved
EXC00002905,BILL00033448,ACCT002788,CUST002788,2024-04,Residential,YOLO,Inactive Account,High,2024-05-03,2024-05-06,Resolved
EXC00002906,BILL00033449,ACCT002788,CUST002788,2024-05,Residential,YOLO,Inactive Account,High,2024-06-03,2024-06-04,Resolved
EXC00002907,BILL00033450,ACCT002788,CUST002788,2024-06,Residential,YOLO,Inactive Account,High,2024-07-03,2024-07-05,Resolved
EXC00002908,BILL00033451,ACCT002788,CUST002788,2024-07,Residential,YOLO,Inactive Account,High,2024-08-03,,In Review
EXC00002909,BILL00033452,ACCT002788,CUST002788,2024-08,Residential,YOLO,Inactive Account,High,2024-09-03,,Open
EXC00002910,BILL00033453,ACCT002788,CUST002788,2024-09,Residential,YOLO,Inactive Account,High,2024-10-03,,Open
EXC00002911,BILL00033454,ACCT002788,CUST002788,2024-10,Residential,YOLO,Inactive Account,High,2024-11-03,2024-11-13,Resolved
EXC00002912,BILL00033455,ACCT002788,CUST002788,2024-11,Residential,YOLO,Inactive Account,High,2024-12-03,,Open
EXC00002913,BILL00033456,ACCT002788,CUST002788,2024-12,Residential,YOLO,Inactive Account,High,2025-01-03,2025-01-14,Resolved
EXC00002914,BILL00033517,ACCT002794,CUST002794,2024-01,Residential,SANTA BARBARA,Inactive Account,High,2024-02-03,2024-02-05,Resolved
EXC00002915,BILL00033518,ACCT002794,CUST002794,2024-02,Residential,SANTA BARBARA,Inactive Account,High,2024-03-03,2024-03-15,Resolved
EXC00002916,BILL00033519,ACCT002794,CUST002794,2024-03,Residential,SANTA BARBARA,Inactive Account,High,2024-04-03,,In Review
EXC00002917,BILL00033520,ACCT002794,CUST002794,2024-04,Residential,SANTA BARBARA,Inactive Account,High,2024-05-03,,In Review
EXC00002918,BILL00033521,ACCT002794,CUST002794,2024-05,Residential,SANTA BARBARA,Inactive Account,High,2024-06-03,2024-06-09,Resolved
EXC00002919,BILL00033522,ACCT002794,CUST002794,2024-06,Residential,SANTA BARBARA,Inactive Account,High,2024-07-03,,Open
EXC00002920,BILL00033523,ACCT002794,CUST002794,2024-07,Residential,SANTA BARBARA,Inactive Account,High,2024-08-03,2024-08-07,Resolved
EXC00002921,BILL00033524,ACCT002794,CUST002794,2024-08,Residential,SANTA BARBARA,Inactive Account,High,2024-09-03,2024-09-07,Resolved
EXC00002922,BILL00033525,ACCT002794,CUST002794,2024-09,Residential,SANTA BARBARA,Inactive Account,High,2024-10-03,2024-10-04,Resolved
EXC00002923,BILL00033526,ACCT002794,CUST002794,2024-10,Residential,SANTA BARBARA,Inactive Account,High,2024-11-03,,Open
EXC00002924,BILL00033527,ACCT002794,CUST002794,2024-11,Residential,SANTA BARBARA,Inactive Account,High,2024-12-03,2024-12-13,Resolved
EXC00002925,BILL00033528,ACCT002794,CUST002794,2024-12,Residential,SANTA BARBARA,Inactive Account,High,2025-01-03,,In Review
EXC00002926,BILL00033537,ACCT002795,CUST002795,2024-09,Residential,SOLANO,Missing Meter Read,Medium,2024-10-03,,Open
EXC00002927,BILL00033541,ACCT002796,CUST002796,2024-01,Residential,CONTRA COSTA,Inactive Account,High,2024-02-03,,Open
EXC00002928,BILL00033542,ACCT002796,CUST002796,2024-02,Residential,CONTRA COSTA,Inactive Account,High,2024-03-03,,Open
EXC00002929,BILL00033543,ACCT002796,CUST002796,2024-03,Residential,CONTRA COSTA,Inactive Account,High,2024-04-03,,Open
EXC00002930,BILL00033544,ACCT002796,CUST002796,2024-04,Residential,CONTRA COSTA,Inactive Account,High,2024-05-03,,Open
EXC00002931,BILL00033545,ACCT002796,CUST002796,2024-05,Residential,CONTRA COSTA,Inactive Account,High,2024-06-03,2024-06-09,Resolved
EXC00002932,BILL00033546,ACCT002796,CUST002796,2024-06,Residential,CONTRA COSTA,Inactive Account,High,2024-07-03,,In Review
EXC00002933,BILL00033547,ACCT002796,CUST002796,2024-07,Residential,CONTRA COSTA,Inactive Account,High,2024-08-03,,In Review
EXC00002934,BILL00033548,ACCT002796,CUST002796,2024-08,Residential,CONTRA COSTA,Inactive Account,High,2024-09-03,,Open
EXC00002935,BILL00033549,ACCT002796,CUST002796,2024-09,Residential,CONTRA COSTA,Inactive Account,High,2024-10-03,,In Review
EXC00002936,BILL00033550,ACCT002796,CUST002796,2024-10,Residential,CONTRA COSTA,Inactive Account,High,2024-11-03,,In Review
EXC00002937,BILL00033551,ACCT002796,CUST002796,2024-11,Residential,CONTRA COSTA,Inactive Account,High,2024-12-03,,Open
EXC00002938,BILL00033552,ACCT002796,CUST002796,2024-12,Residential,CONTRA COSTA,Inactive Account,High,2025-01-03,2025-01-07,Resolved
EXC00002939,BILL00033597,ACCT002800,CUST002800,2024-09,Residential,ALAMEDA,Missing Meter Read,Medium,2024-10-03,,Open
EXC00002940,BILL00033605,ACCT002801,CUST002801,2024-05,Residential,CONTRA COSTA,Missing Meter Read,Medium,2024-06-03,,Open
EXC00002941,BILL00033612,ACCT002801,CUST002801,2024-12,Residential,CONTRA COSTA,Invalid Meter Read,High,2025-01-03,2025-01-04,Resolved
EXC00002942,BILL00033628,ACCT002803,CUST002803,2024-04,Industrial,SHASTA,Missing Meter Read,Medium,2024-05-03,,Open
EXC00002943,BILL00033722,ACCT002811,CUST002811,2024-02,Residential,SANTA CLARA,Missing Meter Read,Medium,2024-03-03,,Open
EXC00002944,BILL00033730,ACCT002811,CUST002811,2024-10,Residential,SANTA CLARA,Missing Meter Read,Medium,2024-11-03,,In Review
EXC00002945,BILL00033771,ACCT002815,CUST002815,2024-03,Residential,SANTA CLARA,Missing Meter Read,Medium,2024-04-03,,Open
EXC00002946,BILL00033772,ACCT002815,CUST002815,2024-04,Residential,SANTA CLARA,Invalid Meter Read,High,2024-05-03,2024-05-04,Resolved
EXC00002947,BILL00033805,ACCT002818,CUST002818,2024-01,Residential,SUTTER,Inactive Account,High,2024-02-03,2024-02-11,Resolved
EXC00002948,BILL00033806,ACCT002818,CUST002818,2024-02,Residential,SUTTER,Inactive Account,High,2024-03-03,,Open
EXC00002949,BILL00033807,ACCT002818,CUST002818,2024-03,Residential,SUTTER,Inactive Account,High,2024-04-03,,Open
EXC00002950,BILL00033808,ACCT002818,CUST002818,2024-04,Residential,SUTTER,Inactive Account,High,2024-05-03,2024-05-11,Resolved
EXC00002951,BILL00033809,ACCT002818,CUST002818,2024-05,Residential,SUTTER,Inactive Account,High,2024-06-03,2024-06-08,Resolved
EXC00002952,BILL00033810,ACCT002818,CUST002818,2024-06,Residential,SUTTER,Inactive Account,High,2024-07-03,,Open
EXC00002953,BILL00033811,ACCT002818,CUST002818,2024-07,Residential,SUTTER,Inactive Account,High,2024-08-03,2024-08-05,Resolved
EXC00002954,BILL00033812,ACCT002818,CUST002818,2024-08,Residential,SUTTER,Inactive Account,High,2024-09-03,2024-09-12,Resolved
EXC00002955,BILL00033813,ACCT002818,CUST002818,2024-09,Residential,SUTTER,Inactive Account,High,2024-10-03,,In Review
EXC00002956,BILL00033814,ACCT002818,CUST002818,2024-10,Residential,SUTTER,Inactive Account,High,2024-11-03,,Open
EXC00002957,BILL00033815,ACCT002818,CUST002818,2024-11,Residential,SUTTER,Inactive Account,High,2024-12-03,,Open
EXC00002958,BILL00033816,ACCT002818,CUST002818,2024-12,Residential,SUTTER,Inactive Account,High,2025-01-03,,Open
EXC00002959,BILL00033822,ACCT002819,CUST002819,2024-06,Residential,SONOMA,Missing Meter Read,Medium,2024-07-03,2024-07-12,Resolved
EXC00002960,BILL00033834,ACCT002820,CUST002820,2024-06,Residential,SAN FRANCISCO,Missing Meter Read,Medium,2024-07-03,,Open
EXC00002961,BILL00033923,ACCT002827,CUST002827,2024-11,Residential,SUTTER,Missing Meter Read,Medium,2024-12-03,2024-12-14,Resolved
EXC00002962,BILL00033929,ACCT002828,CUST002828,2024-05,Residential,SAN MATEO,Missing Meter Read,Medium,2024-06-03,2024-06-05,Resolved
EXC00002963,BILL00033973,ACCT002832,CUST002832,2024-01,Residential,KERN,Missing Meter Read,Medium,2024-02-03,2024-02-16,Resolved
EXC00002964,BILL00034021,ACCT002836,CUST002836,2024-01,Commercial,KERN,Missing Meter Read,Medium,2024-02-03,2024-02-16,Resolved
EXC00002965,BILL00034079,ACCT002840,CUST002840,2024-11,Residential,MONTEREY,Missing Meter Read,Medium,2024-12-03,2024-12-08,Resolved
EXC00002966,BILL00034131,ACCT002845,CUST002845,2024-03,Residential,SAN JOAQUIN,Missing Meter Read,Medium,2024-04-03,,Open
EXC00002967,BILL00034153,ACCT002847,CUST002847,2024-01,Residential,SAN JOAQUIN,Inactive Account,High,2024-02-03,,In Review
EXC00002968,BILL00034154,ACCT002847,CUST002847,2024-02,Residential,SAN JOAQUIN,Inactive Account,High,2024-03-03,,Open
EXC00002969,BILL00034155,ACCT002847,CUST002847,2024-03,Residential,SAN JOAQUIN,Inactive Account,High,2024-04-03,2024-04-17,Resolved
EXC00002970,BILL00034156,ACCT002847,CUST002847,2024-04,Residential,SAN JOAQUIN,Inactive Account,High,2024-05-03,2024-05-17,Resolved
EXC00002971,BILL00034157,ACCT002847,CUST002847,2024-05,Residential,SAN JOAQUIN,Inactive Account,High,2024-06-03,2024-06-09,Resolved
EXC00002972,BILL00034158,ACCT002847,CUST002847,2024-06,Residential,SAN JOAQUIN,Inactive Account,High,2024-07-03,,Open
EXC00002973,BILL00034159,ACCT002847,CUST002847,2024-07,Residential,SAN JOAQUIN,Inactive Account,High,2024-08-03,2024-08-16,Resolved
EXC00002974,BILL00034160,ACCT002847,CUST002847,2024-08,Residential,SAN JOAQUIN,Inactive Account,High,2024-09-03,,In Review
EXC00002975,BILL00034161,ACCT002847,CUST002847,2024-09,Residential,SAN JOAQUIN,Inactive Account,High,2024-10-03,2024-10-15,Resolved
EXC00002976,BILL00034162,ACCT002847,CUST002847,2024-10,Residential,SAN JOAQUIN,Inactive Account,High,2024-11-03,2024-11-08,Resolved
EXC00002977,BILL00034163,ACCT002847,CUST002847,2024-11,Residential,SAN JOAQUIN,Inactive Account,High,2024-12-03,,In Review
EXC00002978,BILL00034164,ACCT002847,CUST002847,2024-12,Residential,SAN JOAQUIN,Inactive Account,High,2025-01-03,2025-01-05,Resolved
EXC00002979,BILL00034198,ACCT002850,CUST002850,2024-10,Residential,CONTRA COSTA,Missing Meter Read,Medium,2024-11-03,2024-11-12,Resolved
EXC00002980,BILL00034250,ACCT002855,CUST002855,2024-02,Residential,KERN,Missing Meter Read,Medium,2024-03-03,,Open
EXC00002981,BILL00034256,ACCT002855,CUST002855,2024-08,Residential,KERN,Invalid Meter Read,High,2024-09-03,,In Review
EXC00002982,BILL00034257,ACCT002855,CUST002855,2024-09,Residential,KERN,Missing Meter Read,Medium,2024-10-03,,Open
EXC00002983,BILL00034259,ACCT002855,CUST002855,2024-11,Residential,KERN,Invalid Meter Read,High,2024-12-03,2024-12-13,Resolved
EXC00002984,BILL00034280,ACCT002857,CUST002857,2024-08,Residential,KERN,Missing Meter Read,Medium,2024-09-03,,In Review
EXC00002985,BILL00034293,ACCT002858,CUST002858,2024-09,Residential,SANTA CLARA,Invalid Meter Read,High,2024-10-03,2024-10-10,Resolved
EXC00002986,BILL00034333,ACCT002862,CUST002862,2024-01,Residential,SANTA CLARA,Inactive Account,High,2024-02-03,,Open
EXC00002987,BILL00034334,ACCT002862,CUST002862,2024-02,Residential,SANTA CLARA,Inactive Account,High,2024-03-03,2024-03-15,Resolved
EXC00002988,BILL00034335,ACCT002862,CUST002862,2024-03,Residential,SANTA CLARA,Inactive Account,High,2024-04-03,2024-04-10,Resolved
EXC00002989,BILL00034336,ACCT002862,CUST002862,2024-04,Residential,SANTA CLARA,Inactive Account,High,2024-05-03,2024-05-13,Resolved
EXC00002990,BILL00034337,ACCT002862,CUST002862,2024-05,Residential,SANTA CLARA,Inactive Account,High,2024-06-03,2024-06-13,Resolved
EXC00002991,BILL00034338,ACCT002862,CUST002862,2024-06,Residential,SANTA CLARA,Inactive Account,High,2024-07-03,2024-07-10,Resolved
EXC00002992,BILL00034339,ACCT002862,CUST002862,2024-07,Residential,SANTA CLARA,Inactive Account,High,2024-08-03,2024-08-12,Resolved
EXC00002993,BILL00034340,ACCT002862,CUST002862,2024-08,Residential,SANTA CLARA,Inactive Account,High,2024-09-03,2024-09-09,Resolved
EXC00002994,BILL00034341,ACCT002862,CUST002862,2024-09,Residential,SANTA CLARA,Inactive Account,High,2024-10-03,,Open
EXC00002995,BILL00034342,ACCT002862,CUST002862,2024-10,Residential,SANTA CLARA,Inactive Account,High,2024-11-03,2024-11-16,Resolved
EXC00002996,BILL00034343,ACCT002862,CUST002862,2024-11,Residential,SANTA CLARA,Inactive Account,High,2024-12-03,2024-12-17,Resolved
EXC00002997,BILL00034344,ACCT002862,CUST002862,2024-12,Residential,SANTA CLARA,Inactive Account,High,2025-01-03,2025-01-12,Resolved
EXC00002998,BILL00034418,ACCT002869,CUST002869,2024-02,Residential,SAN MATEO,Invalid Meter Read,High,2024-03-03,2024-03-14,Resolved
EXC00002999,BILL00034421,ACCT002869,CUST002869,2024-05,Residential,SAN MATEO,Invalid Meter Read,High,2024-06-03,2024-06-09,Resolved
EXC00003000,BILL00034448,ACCT002871,CUST002871,2024-08,Commercial,SAN JOAQUIN,Invalid Meter Read,High,2024-09-03,2024-09-11,Resolved
EXC00003001,BILL00034467,ACCT002873,CUST002873,2024-03,Commercial,SUTTER,Missing Meter Read,Medium,2024-04-03,2024-04-05,Resolved
EXC00003002,BILL00034478,ACCT002874,CUST002874,2024-02,Residential,SONOMA,Missing Meter Read,Medium,2024-03-03,2024-03-17,Resolved
EXC00003003,BILL00034481,ACCT002874,CUST002874,2024-05,Residential,SONOMA,Missing Meter Read,Medium,2024-06-03,,Open
EXC00003004,BILL00034485,ACCT002874,CUST002874,2024-09,Residential,SONOMA,Missing Meter Read,Medium,2024-10-03,2024-10-11,Resolved
EXC00003005,BILL00034489,ACCT002875,CUST002875,2024-01,Residential,PLACER,Inactive Account,High,2024-02-03,,Open
EXC00003006,BILL00034490,ACCT002875,CUST002875,2024-02,Residential,PLACER,Inactive Account,High,2024-03-03,2024-03-06,Resolved
EXC00003007,BILL00034491,ACCT002875,CUST002875,2024-03,Residential,PLACER,Inactive Account,High,2024-04-03,,In Review
EXC00003008,BILL00034492,ACCT002875,CUST002875,2024-04,Residential,PLACER,Inactive Account,High,2024-05-03,,Open
EXC00003009,BILL00034493,ACCT002875,CUST002875,2024-05,Residential,PLACER,Inactive Account,High,2024-06-03,,Open
EXC00003010,BILL00034494,ACCT002875,CUST002875,2024-06,Residential,PLACER,Inactive Account,High,2024-07-03,,In Review
EXC00003011,BILL00034495,ACCT002875,CUST002875,2024-07,Residential,PLACER,Inactive Account,High,2024-08-03,2024-08-04,Resolved
EXC00003012,BILL00034496,ACCT002875,CUST002875,2024-08,Residential,PLACER,Inactive Account,High,2024-09-03,,Open
EXC00003013,BILL00034497,ACCT002875,CUST002875,2024-09,Residential,PLACER,Inactive Account,High,2024-10-03,2024-10-07,Resolved
EXC00003014,BILL00034498,ACCT002875,CUST002875,2024-10,Residential,PLACER,Inactive Account,High,2024-11-03,2024-11-06,Resolved
EXC00003015,BILL00034499,ACCT002875,CUST002875,2024-11,Residential,PLACER,Inactive Account,High,2024-12-03,,Open
EXC00003016,BILL00034500,ACCT002875,CUST002875,2024-12,Residential,PLACER,Inactive Account,High,2025-01-03,,Open
EXC00003017,BILL00034505,ACCT002876,CUST002876,2024-05,Residential,SAN FRANCISCO,Invalid Meter Read,High,2024-06-03,,Open
EXC00003018,BILL00034523,ACCT002877,CUST002877,2024-11,Residential,SANTA BARBARA,Missing Meter Read,Medium,2024-12-03,,In Review
EXC00003019,BILL00034549,ACCT002880,CUST002880,2024-01,Residential,CONTRA COSTA,Missing Meter Read,Medium,2024-02-03,2024-02-17,Resolved
EXC00003020,BILL00034574,ACCT002882,CUST002882,2024-02,Commercial,KERN,Missing Meter Read,Medium,2024-03-03,,Open
EXC00003021,BILL00034589,ACCT002883,CUST002883,2024-05,Residential,SAN FRANCISCO,Missing Meter Read,Medium,2024-06-03,2024-06-05,Resolved
EXC00003022,BILL00034637,ACCT002887,CUST002887,2024-05,Residential,SANTA CLARA,Invalid Meter Read,High,2024-06-03,,Open
EXC00003023,BILL00034657,ACCT002889,CUST002889,2024-01,Commercial,ALAMEDA,Inactive Account,High,2024-02-03,,Open
EXC00003024,BILL00034658,ACCT002889,CUST002889,2024-02,Commercial,ALAMEDA,Inactive Account,High,2024-03-03,2024-03-15,Resolved
EXC00003025,BILL00034659,ACCT002889,CUST002889,2024-03,Commercial,ALAMEDA,Inactive Account,High,2024-04-03,,Open
EXC00003026,BILL00034660,ACCT002889,CUST002889,2024-04,Commercial,ALAMEDA,Inactive Account,High,2024-05-03,,Open
EXC00003027,BILL00034661,ACCT002889,CUST002889,2024-05,Commercial,ALAMEDA,Inactive Account,High,2024-06-03,,Open
EXC00003028,BILL00034662,ACCT002889,CUST002889,2024-06,Commercial,ALAMEDA,Inactive Account,High,2024-07-03,,Open
EXC00003029,BILL00034663,ACCT002889,CUST002889,2024-07,Commercial,ALAMEDA,Inactive Account,High,2024-08-03,,In Review
EXC00003030,BILL00034664,ACCT002889,CUST002889,2024-08,Commercial,ALAMEDA,Inactive Account,High,2024-09-03,2024-09-11,Resolved
EXC00003031,BILL00034665,ACCT002889,CUST002889,2024-09,Commercial,ALAMEDA,Inactive Account,High,2024-10-03,,Open
EXC00003032,BILL00034666,ACCT002889,CUST002889,2024-10,Commercial,ALAMEDA,Inactive Account,High,2024-11-03,2024-11-15,Resolved
EXC00003033,BILL00034667,ACCT002889,CUST002889,2024-11,Commercial,ALAMEDA,Inactive Account,High,2024-12-03,2024-12-05,Resolved
EXC00003034,BILL00034668,ACCT002889,CUST002889,2024-12,Commercial,ALAMEDA,Inactive Account,High,2025-01-03,2025-01-07,Resolved
EXC00003035,BILL00034711,ACCT002893,CUST002893,2024-07,Residential,SAN JOAQUIN,Missing Meter Read,Medium,2024-08-03,2024-08-17,Resolved
EXC00003036,BILL00034717,ACCT002894,CUST002894,2024-01,Residential,KERN,Inactive Account,High,2024-02-03,,Open
EXC00003037,BILL00034718,ACCT002894,CUST002894,2024-02,Residential,KERN,Inactive Account,High,2024-03-03,,In Review
EXC00003038,BILL00034719,ACCT002894,CUST002894,2024-03,Residential,KERN,Inactive Account,High,2024-04-03,,Open
EXC00003039,BILL00034720,ACCT002894,CUST002894,2024-04,Residential,KERN,Inactive Account,High,2024-05-03,,Open
EXC00003040,BILL00034721,ACCT002894,CUST002894,2024-05,Residential,KERN,Inactive Account,High,2024-06-03,,In Review
EXC00003041,BILL00034722,ACCT002894,CUST002894,2024-06,Residential,KERN,Inactive Account,High,2024-07-03,2024-07-06,Resolved
EXC00003042,BILL00034723,ACCT002894,CUST002894,2024-07,Residential,KERN,Inactive Account,High,2024-08-03,,In Review
EXC00003043,BILL00034724,ACCT002894,CUST002894,2024-08,Residential,KERN,Inactive Account,High,2024-09-03,2024-09-14,Resolved
EXC00003044,BILL00034725,ACCT002894,CUST002894,2024-09,Residential,KERN,Inactive Account,High,2024-10-03,,Open
EXC00003045,BILL00034726,ACCT002894,CUST002894,2024-10,Residential,KERN,Inactive Account,High,2024-11-03,,Open
EXC00003046,BILL00034727,ACCT002894,CUST002894,2024-11,Residential,KERN,Inactive Account,High,2024-12-03,2024-12-14,Resolved
EXC00003047,BILL00034728,ACCT002894,CUST002894,2024-12,Residential,KERN,Inactive Account,High,2025-01-03,,Open
EXC00003048,BILL00034756,ACCT002897,CUST002897,2024-04,Residential,FRESNO,Missing Meter Read,Medium,2024-05-03,2024-05-05,Resolved
EXC00003049,BILL00034782,ACCT002899,CUST002899,2024-06,Residential,ALAMEDA,Missing Meter Read,Medium,2024-07-03,2024-07-14,Resolved
EXC00003050,BILL00034798,ACCT002900,CUST002900,2024-10,Residential,SONOMA,Missing Meter Read,Medium,2024-11-03,2024-11-12,Resolved
EXC00003051,BILL00034831,ACCT002903,CUST002903,2024-07,Residential,ALAMEDA,Missing Meter Read,Medium,2024-08-03,2024-08-10,Resolved
EXC00003052,BILL00034862,ACCT002906,CUST002906,2024-02,Residential,SHASTA,Missing Meter Read,Medium,2024-03-03,2024-03-10,Resolved
EXC00003053,BILL00034895,ACCT002908,CUST002908,2024-11,Residential,MERCED,Missing Meter Read,Medium,2024-12-03,,In Review
EXC00003054,BILL00034933,ACCT002912,CUST002912,2024-01,Residential,KERN,Inactive Account,High,2024-02-03,2024-02-06,Resolved
EXC00003055,BILL00034934,ACCT002912,CUST002912,2024-02,Residential,KERN,Inactive Account,High,2024-03-03,,Open
EXC00003056,BILL00034935,ACCT002912,CUST002912,2024-03,Residential,KERN,Inactive Account,High,2024-04-03,,Open
EXC00003057,BILL00034936,ACCT002912,CUST002912,2024-04,Residential,KERN,Inactive Account,High,2024-05-03,2024-05-07,Resolved
EXC00003058,BILL00034937,ACCT002912,CUST002912,2024-05,Residential,KERN,Inactive Account,High,2024-06-03,,Open
EXC00003059,BILL00034938,ACCT002912,CUST002912,2024-06,Residential,KERN,Inactive Account,High,2024-07-03,,Open
EXC00003060,BILL00034939,ACCT002912,CUST002912,2024-07,Residential,KERN,Inactive Account,High,2024-08-03,2024-08-14,Resolved
EXC00003061,BILL00034940,ACCT002912,CUST002912,2024-08,Residential,KERN,Inactive Account,High,2024-09-03,,Open
EXC00003062,BILL00034941,ACCT002912,CUST002912,2024-09,Residential,KERN,Inactive Account,High,2024-10-03,,Open
EXC00003063,BILL00034942,ACCT002912,CUST002912,2024-10,Residential,KERN,Inactive Account,High,2024-11-03,2024-11-06,Resolved
EXC00003064,BILL00034943,ACCT002912,CUST002912,2024-11,Residential,KERN,Inactive Account,High,2024-12-03,2024-12-13,Resolved
EXC00003065,BILL00034944,ACCT002912,CUST002912,2024-12,Residential,KERN,Inactive Account,High,2025-01-03,,In Review
EXC00003066,BILL00034945,ACCT002913,CUST002913,2024-01,Residential,PLACER,Inactive Account,High,2024-02-03,2024-02-06,Resolved
EXC00003067,BILL00034946,ACCT002913,CUST002913,2024-02,Residential,PLACER,Inactive Account,High,2024-03-03,2024-03-13,Resolved
EXC00003068,BILL00034947,ACCT002913,CUST002913,2024-03,Residential,PLACER,Inactive Account,High,2024-04-03,,In Review
EXC00003069,BILL00034948,ACCT002913,CUST002913,2024-04,Residential,PLACER,Inactive Account,High,2024-05-03,,Open
EXC00003070,BILL00034949,ACCT002913,CUST002913,2024-05,Residential,PLACER,Inactive Account,High,2024-06-03,,Open
EXC00003071,BILL00034950,ACCT002913,CUST002913,2024-06,Residential,PLACER,Inactive Account,High,2024-07-03,2024-07-17,Resolved
EXC00003072,BILL00034951,ACCT002913,CUST002913,2024-07,Residential,PLACER,Inactive Account,High,2024-08-03,2024-08-14,Resolved
EXC00003073,BILL00034952,ACCT002913,CUST002913,2024-08,Residential,PLACER,Inactive Account,High,2024-09-03,2024-09-04,Resolved
EXC00003074,BILL00034953,ACCT002913,CUST002913,2024-09,Residential,PLACER,Inactive Account,High,2024-10-03,2024-10-08,Resolved
EXC00003075,BILL00034954,ACCT002913,CUST002913,2024-10,Residential,PLACER,Inactive Account,High,2024-11-03,,Open
EXC00003076,BILL00034955,ACCT002913,CUST002913,2024-11,Residential,PLACER,Inactive Account,High,2024-12-03,2024-12-15,Resolved
EXC00003077,BILL00034956,ACCT002913,CUST002913,2024-12,Residential,PLACER,Inactive Account,High,2025-01-03,2025-01-06,Resolved
EXC00003078,BILL00034974,ACCT002915,CUST002915,2024-06,Residential,CONTRA COSTA,Invalid Meter Read,High,2024-07-03,,Open
EXC00003079,BILL00035026,ACCT002919,CUST002919,2024-10,Residential,SANTA CLARA,Invalid Meter Read,High,2024-11-03,2024-11-12,Resolved
EXC00003080,BILL00035077,ACCT002924,CUST002924,2024-01,Residential,SANTA CLARA,Missing Meter Read,Medium,2024-02-03,,Open
EXC00003081,BILL00035091,ACCT002925,CUST002925,2024-03,Residential,SUTTER,Invalid Meter Read,High,2024-04-03,2024-04-06,Resolved
EXC00003082,BILL00035130,ACCT002928,CUST002928,2024-06,"Transportation, Communications, & Utilities",MONTEREY,Missing Meter Read,Medium,2024-07-03,2024-07-09,Resolved
EXC00003083,BILL00035157,ACCT002930,CUST002930,2024-09,Residential,SANTA CLARA,Missing Meter Read,Medium,2024-10-03,,Open
EXC00003084,BILL00035159,ACCT002930,CUST002930,2024-11,Residential,SANTA CLARA,Missing Meter Read,Medium,2024-12-03,,In Review
EXC00003085,BILL00035167,ACCT002931,CUST002931,2024-07,Residential,SAN JOAQUIN,Missing Meter Read,Medium,2024-08-03,2024-08-16,Resolved
EXC00003086,BILL00035200,ACCT002934,CUST002934,2024-04,Residential,SAN MATEO,Missing Meter Read,Medium,2024-05-03,,Open
EXC00003087,BILL00035212,ACCT002935,CUST002935,2024-04,Residential,ALAMEDA,Missing Meter Read,Medium,2024-05-03,2024-05-11,Resolved
EXC00003088,BILL00035298,ACCT002942,CUST002942,2024-06,Residential,SANTA BARBARA,Missing Meter Read,Medium,2024-07-03,2024-07-11,Resolved
EXC00003089,BILL00035313,ACCT002943,CUST002943,2024-09,Residential,SONOMA,Invalid Meter Read,High,2024-10-03,2024-10-07,Resolved
EXC00003090,BILL00035317,ACCT002944,CUST002944,2024-01,Residential,SANTA CLARA,Missing Meter Read,Medium,2024-02-03,2024-02-05,Resolved
EXC00003091,BILL00035385,ACCT002949,CUST002949,2024-09,Residential,TUOLUMNE,Invalid Meter Read,High,2024-10-03,,Open
EXC00003092,BILL00035396,ACCT002950,CUST002950,2024-08,Industrial,ALAMEDA,Missing Meter Read,Medium,2024-09-03,2024-09-16,Resolved
EXC00003093,BILL00035397,ACCT002950,CUST002950,2024-09,Industrial,ALAMEDA,Invalid Meter Read,High,2024-10-03,,Open
EXC00003094,BILL00035449,ACCT002955,CUST002955,2024-01,Commercial,SONOMA,Missing Meter Read,Medium,2024-02-03,,In Review
EXC00003095,BILL00035455,ACCT002955,CUST002955,2024-07,Commercial,SONOMA,Missing Meter Read,Medium,2024-08-03,,Open
EXC00003096,BILL00035473,ACCT002957,CUST002957,2024-01,Residential,FRESNO,Inactive Account,High,2024-02-03,2024-02-08,Resolved
EXC00003097,BILL00035474,ACCT002957,CUST002957,2024-02,Residential,FRESNO,Inactive Account,High,2024-03-03,2024-03-12,Resolved
EXC00003098,BILL00035475,ACCT002957,CUST002957,2024-03,Residential,FRESNO,Inactive Account,High,2024-04-03,2024-04-13,Resolved
EXC00003099,BILL00035476,ACCT002957,CUST002957,2024-04,Residential,FRESNO,Inactive Account,High,2024-05-03,2024-05-14,Resolved
EXC00003100,BILL00035477,ACCT002957,CUST002957,2024-05,Residential,FRESNO,Inactive Account,High,2024-06-03,2024-06-13,Resolved
EXC00003101,BILL00035478,ACCT002957,CUST002957,2024-06,Residential,FRESNO,Inactive Account,High,2024-07-03,2024-07-11,Resolved
EXC00003102,BILL00035479,ACCT002957,CUST002957,2024-07,Residential,FRESNO,Inactive Account,High,2024-08-03,2024-08-16,Resolved
EXC00003103,BILL00035480,ACCT002957,CUST002957,2024-08,Residential,FRESNO,Inactive Account,High,2024-09-03,2024-09-08,Resolved
EXC00003104,BILL00035481,ACCT002957,CUST002957,2024-09,Residential,FRESNO,Inactive Account,High,2024-10-03,2024-10-09,Resolved
EXC00003105,BILL00035482,ACCT002957,CUST002957,2024-10,Residential,FRESNO,Inactive Account,High,2024-11-03,,Open
EXC00003106,BILL00035483,ACCT002957,CUST002957,2024-11,Residential,FRESNO,Inactive Account,High,2024-12-03,2024-12-06,Resolved
EXC00003107,BILL00035484,ACCT002957,CUST002957,2024-12,Residential,FRESNO,Inactive Account,High,2025-01-03,,In Review
EXC00003108,BILL00035509,ACCT002960,CUST002960,2024-01,Commercial,CONTRA COSTA,Inactive Account,High,2024-02-03,2024-02-16,Resolved
EXC00003109,BILL00035510,ACCT002960,CUST002960,2024-02,Commercial,CONTRA COSTA,Inactive Account,High,2024-03-03,,Open
EXC00003110,BILL00035511,ACCT002960,CUST002960,2024-03,Commercial,CONTRA COSTA,Inactive Account,High,2024-04-03,2024-04-06,Resolved
EXC00003111,BILL00035512,ACCT002960,CUST002960,2024-04,Commercial,CONTRA COSTA,Inactive Account,High,2024-05-03,,In Review
EXC00003112,BILL00035513,ACCT002960,CUST002960,2024-05,Commercial,CONTRA COSTA,Inactive Account,High,2024-06-03,,Open
EXC00003113,BILL00035514,ACCT002960,CUST002960,2024-06,Commercial,CONTRA COSTA,Inactive Account,High,2024-07-03,2024-07-12,Resolved
EXC00003114,BILL00035515,ACCT002960,CUST002960,2024-07,Commercial,CONTRA COSTA,Inactive Account,High,2024-08-03,2024-08-07,Resolved
EXC00003115,BILL00035516,ACCT002960,CUST002960,2024-08,Commercial,CONTRA COSTA,Inactive Account,High,2024-09-03,,Open
EXC00003116,BILL00035517,ACCT002960,CUST002960,2024-09,Commercial,CONTRA COSTA,Inactive Account,High,2024-10-03,2024-10-16,Resolved
EXC00003117,BILL00035518,ACCT002960,CUST002960,2024-10,Commercial,CONTRA COSTA,Inactive Account,High,2024-11-03,2024-11-05,Resolved
EXC00003118,BILL00035519,ACCT002960,CUST002960,2024-11,Commercial,CONTRA COSTA,Inactive Account,High,2024-12-03,2024-12-15,Resolved
EXC00003119,BILL00035520,ACCT002960,CUST002960,2024-12,Commercial,CONTRA COSTA,Inactive Account,High,2025-01-03,2025-01-09,Resolved
EXC00003120,BILL00035551,ACCT002963,CUST002963,2024-07,Residential,SANTA CLARA,Invalid Meter Read,High,2024-08-03,,Open
EXC00003121,BILL00035555,ACCT002963,CUST002963,2024-11,Residential,SANTA CLARA,Missing Meter Read,Medium,2024-12-03,,Open
EXC00003122,BILL00035574,ACCT002965,CUST002965,2024-06,Commercial,SAN LUIS OBISPO,Invalid Meter Read,High,2024-07-03,2024-07-17,Resolved
EXC00003123,BILL00035678,ACCT002974,CUST002974,2024-02,Residential,SONOMA,Missing Meter Read,Medium,2024-03-03,,Open
EXC00003124,BILL00035689,ACCT002975,CUST002975,2024-01,Residential,PLACER,Inactive Account,High,2024-02-03,2024-02-11,Resolved
EXC00003125,BILL00035690,ACCT002975,CUST002975,2024-02,Residential,PLACER,Inactive Account,High,2024-03-03,2024-03-09,Resolved
EXC00003126,BILL00035691,ACCT002975,CUST002975,2024-03,Residential,PLACER,Inactive Account,High,2024-04-03,2024-04-09,Resolved
EXC00003127,BILL00035692,ACCT002975,CUST002975,2024-04,Residential,PLACER,Inactive Account,High,2024-05-03,,In Review
EXC00003128,BILL00035693,ACCT002975,CUST002975,2024-05,Residential,PLACER,Inactive Account,High,2024-06-03,2024-06-10,Resolved
EXC00003129,BILL00035694,ACCT002975,CUST002975,2024-06,Residential,PLACER,Inactive Account,High,2024-07-03,,Open
EXC00003130,BILL00035695,ACCT002975,CUST002975,2024-07,Residential,PLACER,Inactive Account,High,2024-08-03,,Open
EXC00003131,BILL00035696,ACCT002975,CUST002975,2024-08,Residential,PLACER,Inactive Account,High,2024-09-03,2024-09-14,Resolved
EXC00003132,BILL00035697,ACCT002975,CUST002975,2024-09,Residential,PLACER,Inactive Account,High,2024-10-03,2024-10-08,Resolved
EXC00003133,BILL00035698,ACCT002975,CUST002975,2024-10,Residential,PLACER,Inactive Account,High,2024-11-03,2024-11-15,Resolved
EXC00003134,BILL00035699,ACCT002975,CUST002975,2024-11,Residential,PLACER,Inactive Account,High,2024-12-03,,Open
EXC00003135,BILL00035700,ACCT002975,CUST002975,2024-12,Residential,PLACER,Inactive Account,High,2025-01-03,,Open
EXC00003136,BILL00035741,ACCT002979,CUST002979,2024-05,Residential,SOLANO,Invalid Meter Read,High,2024-06-03,,In Review
EXC00003137,BILL00035805,ACCT002984,CUST002984,2024-09,Commercial,SANTA CLARA,Missing Meter Read,Medium,2024-10-03,2024-10-06,Resolved
EXC00003138,BILL00035833,ACCT002987,CUST002987,2024-01,Residential,MERCED,Inactive Account,High,2024-02-03,2024-02-11,Resolved
EXC00003139,BILL00035834,ACCT002987,CUST002987,2024-02,Residential,MERCED,Inactive Account,High,2024-03-03,2024-03-05,Resolved
EXC00003140,BILL00035835,ACCT002987,CUST002987,2024-03,Residential,MERCED,Inactive Account,High,2024-04-03,2024-04-17,Resolved
EXC00003141,BILL00035836,ACCT002987,CUST002987,2024-04,Residential,MERCED,Inactive Account,High,2024-05-03,,In Review
EXC00003142,BILL00035837,ACCT002987,CUST002987,2024-05,Residential,MERCED,Inactive Account,High,2024-06-03,,Open
EXC00003143,BILL00035838,ACCT002987,CUST002987,2024-06,Residential,MERCED,Inactive Account,High,2024-07-03,,Open
EXC00003144,BILL00035839,ACCT002987,CUST002987,2024-07,Residential,MERCED,Inactive Account,High,2024-08-03,,Open
EXC00003145,BILL00035840,ACCT002987,CUST002987,2024-08,Residential,MERCED,Inactive Account,High,2024-09-03,,Open
EXC00003146,BILL00035841,ACCT002987,CUST002987,2024-09,Residential,MERCED,Inactive Account,High,2024-10-03,2024-10-04,Resolved
EXC00003147,BILL00035842,ACCT002987,CUST002987,2024-10,Residential,MERCED,Inactive Account,High,2024-11-03,2024-11-09,Resolved
EXC00003148,BILL00035843,ACCT002987,CUST002987,2024-11,Residential,MERCED,Inactive Account,High,2024-12-03,2024-12-16,Resolved
EXC00003149,BILL00035844,ACCT002987,CUST002987,2024-12,Residential,MERCED,Inactive Account,High,2025-01-03,2025-01-16,Resolved
EXC00003150,BILL00035851,ACCT002988,CUST002988,2024-07,Residential,KERN,Invalid Meter Read,High,2024-08-03,,In Review
EXC00003151,BILL00035898,ACCT002992,CUST002992,2024-06,Commercial,SANTA CLARA,Missing Meter Read,Medium,2024-07-03,2024-07-07,Resolved
EXC00003152,BILL00035917,ACCT002994,CUST002994,2024-01,Residential,ALAMEDA,Invalid Meter Read,High,2024-02-03,2024-02-09,Resolved
EXC00003153,BILL00035941,ACCT002996,CUST002996,2024-01,Commercial,ALAMEDA,Inactive Account,High,2024-02-03,,Open
EXC00003154,BILL00035942,ACCT002996,CUST002996,2024-02,Commercial,ALAMEDA,Inactive Account,High,2024-03-03,2024-03-11,Resolved
EXC00003155,BILL00035943,ACCT002996,CUST002996,2024-03,Commercial,ALAMEDA,Inactive Account,High,2024-04-03,,In Review
EXC00003156,BILL00035944,ACCT002996,CUST002996,2024-04,Commercial,ALAMEDA,Inactive Account,High,2024-05-03,,Open
EXC00003157,BILL00035945,ACCT002996,CUST002996,2024-05,Commercial,ALAMEDA,Inactive Account,High,2024-06-03,,In Review
EXC00003158,BILL00035946,ACCT002996,CUST002996,2024-06,Commercial,ALAMEDA,Inactive Account,High,2024-07-03,,Open
EXC00003159,BILL00035947,ACCT002996,CUST002996,2024-07,Commercial,ALAMEDA,Inactive Account,High,2024-08-03,2024-08-16,Resolved
EXC00003160,BILL00035948,ACCT002996,CUST002996,2024-08,Commercial,ALAMEDA,Inactive Account,High,2024-09-03,,In Review
EXC00003161,BILL00035949,ACCT002996,CUST002996,2024-09,Commercial,ALAMEDA,Inactive Account,High,2024-10-03,,Open
EXC00003162,BILL00035950,ACCT002996,CUST002996,2024-10,Commercial,ALAMEDA,Inactive Account,High,2024-11-03,2024-11-17,Resolved
EXC00003163,BILL00035951,ACCT002996,CUST002996,2024-11,Commercial,ALAMEDA,Inactive Account,High,2024-12-03,2024-12-16,Resolved
EXC00003164,BILL00035952,ACCT002996,CUST002996,2024-12,Commercial,ALAMEDA,Inactive Account,High,2025-01-03,2025-01-08,Resolved
EXC00003165,BILL00035953,ACCT002997,CUST002997,2024-01,Residential,SANTA CLARA,Missing Meter Read,Medium,2024-02-03,2024-02-13,Resolved
EXC00003166,BILL00036001,ACCT003001,CUST003001,2024-01,Residential,FRESNO,Inactive Account,High,2024-02-03,2024-02-11,Resolved
EXC00003167,BILL00036002,ACCT003001,CUST003001,2024-02,Residential,FRESNO,Inactive Account,High,2024-03-03,,In Review
EXC00003168,BILL00036003,ACCT003001,CUST003001,2024-03,Residential,FRESNO,Inactive Account,High,2024-04-03,2024-04-17,Resolved
EXC00003169,BILL00036004,ACCT003001,CUST003001,2024-04,Residential,FRESNO,Inactive Account,High,2024-05-03,2024-05-16,Resolved
EXC00003170,BILL00036005,ACCT003001,CUST003001,2024-05,Residential,FRESNO,Inactive Account,High,2024-06-03,2024-06-10,Resolved
EXC00003171,BILL00036006,ACCT003001,CUST003001,2024-06,Residential,FRESNO,Inactive Account,High,2024-07-03,,Open
EXC00003172,BILL00036007,ACCT003001,CUST003001,2024-07,Residential,FRESNO,Inactive Account,High,2024-08-03,,Open
EXC00003173,BILL00036008,ACCT003001,CUST003001,2024-08,Residential,FRESNO,Inactive Account,High,2024-09-03,,In Review
EXC00003174,BILL00036009,ACCT003001,CUST003001,2024-09,Residential,FRESNO,Inactive Account,High,2024-10-03,,In Review
EXC00003175,BILL00036010,ACCT003001,CUST003001,2024-10,Residential,FRESNO,Inactive Account,High,2024-11-03,,Open
EXC00003176,BILL00036011,ACCT003001,CUST003001,2024-11,Residential,FRESNO,Inactive Account,High,2024-12-03,2024-12-13,Resolved
EXC00003177,BILL00036012,ACCT003001,CUST003001,2024-12,Residential,FRESNO,Inactive Account,High,2025-01-03,,Open
EXC00003178,BILL00036025,ACCT003003,CUST003003,2024-01,Residential,SANTA CLARA,Inactive Account,High,2024-02-03,2024-02-15,Resolved
EXC00003179,BILL00036026,ACCT003003,CUST003003,2024-02,Residential,SANTA CLARA,Inactive Account,High,2024-03-03,,In Review
EXC00003180,BILL00036027,ACCT003003,CUST003003,2024-03,Residential,SANTA CLARA,Inactive Account,High,2024-04-03,,Open
EXC00003181,BILL00036028,ACCT003003,CUST003003,2024-04,Residential,SANTA CLARA,Inactive Account,High,2024-05-03,2024-05-17,Resolved
EXC00003182,BILL00036029,ACCT003003,CUST003003,2024-05,Residential,SANTA CLARA,Inactive Account,High,2024-06-03,2024-06-13,Resolved
EXC00003183,BILL00036030,ACCT003003,CUST003003,2024-06,Residential,SANTA CLARA,Inactive Account,High,2024-07-03,,In Review
EXC00003184,BILL00036031,ACCT003003,CUST003003,2024-07,Residential,SANTA CLARA,Inactive Account,High,2024-08-03,2024-08-11,Resolved
EXC00003185,BILL00036032,ACCT003003,CUST003003,2024-08,Residential,SANTA CLARA,Inactive Account,High,2024-09-03,2024-09-07,Resolved
EXC00003186,BILL00036033,ACCT003003,CUST003003,2024-09,Residential,SANTA CLARA,Inactive Account,High,2024-10-03,2024-10-07,Resolved
EXC00003187,BILL00036034,ACCT003003,CUST003003,2024-10,Residential,SANTA CLARA,Inactive Account,High,2024-11-03,2024-11-15,Resolved
EXC00003188,BILL00036035,ACCT003003,CUST003003,2024-11,Residential,SANTA CLARA,Inactive Account,High,2024-12-03,,Open
EXC00003189,BILL00036036,ACCT003003,CUST003003,2024-12,Residential,SANTA CLARA,Inactive Account,High,2025-01-03,2025-01-16,Resolved
EXC00003190,BILL00036048,ACCT003004,CUST003004,2024-12,Residential,YOLO,Missing Meter Read,Medium,2025-01-03,2025-01-06,Resolved
EXC00003191,BILL00036051,ACCT003005,CUST003005,2024-03,Residential,SAN FRANCISCO,Missing Meter Read,Medium,2024-04-03,2024-04-10,Resolved
EXC00003192,BILL00036053,ACCT003005,CUST003005,2024-05,Residential,SAN FRANCISCO,Missing Meter Read,Medium,2024-06-03,2024-06-16,Resolved
EXC00003193,BILL00036073,ACCT003007,CUST003007,2024-01,Commercial,MADERA,Inactive Account,High,2024-02-03,2024-02-05,Resolved
EXC00003194,BILL00036074,ACCT003007,CUST003007,2024-02,Commercial,MADERA,Inactive Account,High,2024-03-03,2024-03-07,Resolved
EXC00003195,BILL00036075,ACCT003007,CUST003007,2024-03,Commercial,MADERA,Inactive Account,High,2024-04-03,2024-04-15,Resolved
EXC00003196,BILL00036076,ACCT003007,CUST003007,2024-04,Commercial,MADERA,Inactive Account,High,2024-05-03,2024-05-15,Resolved
EXC00003197,BILL00036077,ACCT003007,CUST003007,2024-05,Commercial,MADERA,Inactive Account,High,2024-06-03,2024-06-09,Resolved
EXC00003198,BILL00036078,ACCT003007,CUST003007,2024-06,Commercial,MADERA,Inactive Account,High,2024-07-03,,In Review
EXC00003199,BILL00036079,ACCT003007,CUST003007,2024-07,Commercial,MADERA,Inactive Account,High,2024-08-03,,Open
EXC00003200,BILL00036080,ACCT003007,CUST003007,2024-08,Commercial,MADERA,Inactive Account,High,2024-09-03,,Open
EXC00003201,BILL00036081,ACCT003007,CUST003007,2024-09,Commercial,MADERA,Inactive Account,High,2024-10-03,,In Review
EXC00003202,BILL00036082,ACCT003007,CUST003007,2024-10,Commercial,MADERA,Inactive Account,High,2024-11-03,,Open
EXC00003203,BILL00036083,ACCT003007,CUST003007,2024-11,Commercial,MADERA,Inactive Account,High,2024-12-03,,Open
EXC00003204,BILL00036084,ACCT003007,CUST003007,2024-12,Commercial,MADERA,Inactive Account,High,2025-01-03,2025-01-12,Resolved
EXC00003205,BILL00036085,ACCT003008,CUST003008,2024-01,Residential,ALAMEDA,Inactive Account,High,2024-02-03,,In Review
EXC00003206,BILL00036086,ACCT003008,CUST003008,2024-02,Residential,ALAMEDA,Inactive Account,High,2024-03-03,2024-03-05,Resolved
EXC00003207,BILL00036087,ACCT003008,CUST003008,2024-03,Residential,ALAMEDA,Inactive Account,High,2024-04-03,2024-04-14,Resolved
EXC00003208,BILL00036088,ACCT003008,CUST003008,2024-04,Residential,ALAMEDA,Inactive Account,High,2024-05-03,2024-05-12,Resolved
EXC00003209,BILL00036089,ACCT003008,CUST003008,2024-05,Residential,ALAMEDA,Inactive Account,High,2024-06-03,2024-06-05,Resolved
EXC00003210,BILL00036090,ACCT003008,CUST003008,2024-06,Residential,ALAMEDA,Inactive Account,High,2024-07-03,2024-07-12,Resolved
EXC00003211,BILL00036091,ACCT003008,CUST003008,2024-07,Residential,ALAMEDA,Inactive Account,High,2024-08-03,,In Review
EXC00003212,BILL00036092,ACCT003008,CUST003008,2024-08,Residential,ALAMEDA,Inactive Account,High,2024-09-03,,Open
EXC00003213,BILL00036093,ACCT003008,CUST003008,2024-09,Residential,ALAMEDA,Inactive Account,High,2024-10-03,2024-10-16,Resolved
EXC00003214,BILL00036094,ACCT003008,CUST003008,2024-10,Residential,ALAMEDA,Inactive Account,High,2024-11-03,2024-11-13,Resolved
EXC00003215,BILL00036095,ACCT003008,CUST003008,2024-11,Residential,ALAMEDA,Inactive Account,High,2024-12-03,2024-12-14,Resolved
EXC00003216,BILL00036096,ACCT003008,CUST003008,2024-12,Residential,ALAMEDA,Inactive Account,High,2025-01-03,2025-01-13,Resolved
EXC00003217,BILL00036108,ACCT003009,CUST003009,2024-12,Residential,FRESNO,Missing Meter Read,Medium,2025-01-03,2025-01-08,Resolved
EXC00003218,BILL00036169,ACCT003015,CUST003015,2024-01,Residential,FRESNO,Inactive Account,High,2024-02-03,2024-02-05,Resolved
EXC00003219,BILL00036170,ACCT003015,CUST003015,2024-02,Residential,FRESNO,Inactive Account,High,2024-03-03,,Open
EXC00003220,BILL00036171,ACCT003015,CUST003015,2024-03,Residential,FRESNO,Inactive Account,High,2024-04-03,2024-04-07,Resolved
EXC00003221,BILL00036172,ACCT003015,CUST003015,2024-04,Residential,FRESNO,Inactive Account,High,2024-05-03,,Open
EXC00003222,BILL00036173,ACCT003015,CUST003015,2024-05,Residential,FRESNO,Inactive Account,High,2024-06-03,2024-06-08,Resolved
EXC00003223,BILL00036174,ACCT003015,CUST003015,2024-06,Residential,FRESNO,Inactive Account,High,2024-07-03,,Open
EXC00003224,BILL00036175,ACCT003015,CUST003015,2024-07,Residential,FRESNO,Inactive Account,High,2024-08-03,2024-08-17,Resolved
EXC00003225,BILL00036176,ACCT003015,CUST003015,2024-08,Residential,FRESNO,Inactive Account,High,2024-09-03,2024-09-04,Resolved
EXC00003226,BILL00036177,ACCT003015,CUST003015,2024-09,Residential,FRESNO,Inactive Account,High,2024-10-03,,In Review
EXC00003227,BILL00036178,ACCT003015,CUST003015,2024-10,Residential,FRESNO,Inactive Account,High,2024-11-03,,Open
EXC00003228,BILL00036179,ACCT003015,CUST003015,2024-11,Residential,FRESNO,Inactive Account,High,2024-12-03,,Open
EXC00003229,BILL00036180,ACCT003015,CUST003015,2024-12,Residential,FRESNO,Inactive Account,High,2025-01-03,,Open
EXC00003230,BILL00036222,ACCT003019,CUST003019,2024-06,Residential,KERN,Missing Meter Read,Medium,2024-07-03,2024-07-07,Resolved
EXC00003231,BILL00036229,ACCT003020,CUST003020,2024-01,Residential,SONOMA,Inactive Account,High,2024-02-03,2024-02-17,Resolved
EXC00003232,BILL00036230,ACCT003020,CUST003020,2024-02,Residential,SONOMA,Inactive Account,High,2024-03-03,2024-03-12,Resolved
EXC00003233,BILL00036231,ACCT003020,CUST003020,2024-03,Residential,SONOMA,Inactive Account,High,2024-04-03,,Open
EXC00003234,BILL00036232,ACCT003020,CUST003020,2024-04,Residential,SONOMA,Inactive Account,High,2024-05-03,2024-05-17,Resolved
EXC00003235,BILL00036233,ACCT003020,CUST003020,2024-05,Residential,SONOMA,Inactive Account,High,2024-06-03,2024-06-15,Resolved
EXC00003236,BILL00036234,ACCT003020,CUST003020,2024-06,Residential,SONOMA,Inactive Account,High,2024-07-03,2024-07-15,Resolved
EXC00003237,BILL00036235,ACCT003020,CUST003020,2024-07,Residential,SONOMA,Inactive Account,High,2024-08-03,2024-08-12,Resolved
EXC00003238,BILL00036236,ACCT003020,CUST003020,2024-08,Residential,SONOMA,Inactive Account,High,2024-09-03,,Open
EXC00003239,BILL00036237,ACCT003020,CUST003020,2024-09,Residential,SONOMA,Inactive Account,High,2024-10-03,,Open
EXC00003240,BILL00036238,ACCT003020,CUST003020,2024-10,Residential,SONOMA,Inactive Account,High,2024-11-03,,In Review
EXC00003241,BILL00036239,ACCT003020,CUST003020,2024-11,Residential,SONOMA,Inactive Account,High,2024-12-03,,Open
EXC00003242,BILL00036240,ACCT003020,CUST003020,2024-12,Residential,SONOMA,Inactive Account,High,2025-01-03,2025-01-10,Resolved
EXC00003243,BILL00036265,ACCT003023,CUST003023,2024-01,Residential,SAN JOAQUIN,Inactive Account,High,2024-02-03,,In Review
EXC00003244,BILL00036266,ACCT003023,CUST003023,2024-02,Residential,SAN JOAQUIN,Inactive Account,High,2024-03-03,2024-03-10,Resolved
EXC00003245,BILL00036267,ACCT003023,CUST003023,2024-03,Residential,SAN JOAQUIN,Inactive Account,High,2024-04-03,,In Review
EXC00003246,BILL00036268,ACCT003023,CUST003023,2024-04,Residential,SAN JOAQUIN,Inactive Account,High,2024-05-03,2024-05-17,Resolved
EXC00003247,BILL00036269,ACCT003023,CUST003023,2024-05,Residential,SAN JOAQUIN,Inactive Account,High,2024-06-03,2024-06-13,Resolved
EXC00003248,BILL00036270,ACCT003023,CUST003023,2024-06,Residential,SAN JOAQUIN,Inactive Account,High,2024-07-03,2024-07-05,Resolved
EXC00003249,BILL00036271,ACCT003023,CUST003023,2024-07,Residential,SAN JOAQUIN,Inactive Account,High,2024-08-03,,Open
EXC00003250,BILL00036272,ACCT003023,CUST003023,2024-08,Residential,SAN JOAQUIN,Inactive Account,High,2024-09-03,2024-09-08,Resolved
EXC00003251,BILL00036273,ACCT003023,CUST003023,2024-09,Residential,SAN JOAQUIN,Inactive Account,High,2024-10-03,2024-10-10,Resolved
EXC00003252,BILL00036274,ACCT003023,CUST003023,2024-10,Residential,SAN JOAQUIN,Inactive Account,High,2024-11-03,2024-11-15,Resolved
EXC00003253,BILL00036275,ACCT003023,CUST003023,2024-11,Residential,SAN JOAQUIN,Inactive Account,High,2024-12-03,,Open
EXC00003254,BILL00036276,ACCT003023,CUST003023,2024-12,Residential,SAN JOAQUIN,Inactive Account,High,2025-01-03,2025-01-17,Resolved
EXC00003255,BILL00036310,ACCT003026,CUST003026,2024-10,Residential,KERN,Missing Meter Read,Medium,2024-11-03,2024-11-10,Resolved
EXC00003256,BILL00036395,ACCT003033,CUST003033,2024-11,Residential,ALAMEDA,Missing Meter Read,Medium,2024-12-03,,In Review
EXC00003257,BILL00036457,ACCT003039,CUST003039,2024-01,Residential,SAN MATEO,Missing Meter Read,Medium,2024-02-03,2024-02-15,Resolved
EXC00003258,BILL00036482,ACCT003041,CUST003041,2024-02,Residential,HUMBOLDT,Missing Meter Read,Medium,2024-03-03,2024-03-16,Resolved
EXC00003259,BILL00036505,ACCT003043,CUST003043,2024-01,Residential,CONTRA COSTA,Inactive Account,High,2024-02-03,,In Review
EXC00003260,BILL00036506,ACCT003043,CUST003043,2024-02,Residential,CONTRA COSTA,Inactive Account,High,2024-03-03,,In Review
EXC00003261,BILL00036507,ACCT003043,CUST003043,2024-03,Residential,CONTRA COSTA,Inactive Account,High,2024-04-03,2024-04-04,Resolved
EXC00003262,BILL00036508,ACCT003043,CUST003043,2024-04,Residential,CONTRA COSTA,Inactive Account,High,2024-05-03,2024-05-17,Resolved
EXC00003263,BILL00036509,ACCT003043,CUST003043,2024-05,Residential,CONTRA COSTA,Inactive Account,High,2024-06-03,2024-06-11,Resolved
EXC00003264,BILL00036510,ACCT003043,CUST003043,2024-06,Residential,CONTRA COSTA,Inactive Account,High,2024-07-03,,In Review
EXC00003265,BILL00036511,ACCT003043,CUST003043,2024-07,Residential,CONTRA COSTA,Inactive Account,High,2024-08-03,2024-08-13,Resolved
EXC00003266,BILL00036512,ACCT003043,CUST003043,2024-08,Residential,CONTRA COSTA,Inactive Account,High,2024-09-03,2024-09-17,Resolved
EXC00003267,BILL00036513,ACCT003043,CUST003043,2024-09,Residential,CONTRA COSTA,Inactive Account,High,2024-10-03,2024-10-04,Resolved
EXC00003268,BILL00036514,ACCT003043,CUST003043,2024-10,Residential,CONTRA COSTA,Inactive Account,High,2024-11-03,2024-11-13,Resolved
EXC00003269,BILL00036515,ACCT003043,CUST003043,2024-11,Residential,CONTRA COSTA,Inactive Account,High,2024-12-03,,Open
EXC00003270,BILL00036516,ACCT003043,CUST003043,2024-12,Residential,CONTRA COSTA,Inactive Account,High,2025-01-03,2025-01-14,Resolved
EXC00003271,BILL00036560,ACCT003047,CUST003047,2024-08,Residential,FRESNO,Missing Meter Read,Medium,2024-09-03,,In Review
EXC00003272,BILL00036577,ACCT003049,CUST003049,2024-01,Residential,MONTEREY,Inactive Account,High,2024-02-03,,Open
EXC00003273,BILL00036578,ACCT003049,CUST003049,2024-02,Residential,MONTEREY,Inactive Account,High,2024-03-03,2024-03-16,Resolved
EXC00003274,BILL00036579,ACCT003049,CUST003049,2024-03,Residential,MONTEREY,Inactive Account,High,2024-04-03,,Open
EXC00003275,BILL00036580,ACCT003049,CUST003049,2024-04,Residential,MONTEREY,Inactive Account,High,2024-05-03,,Open
EXC00003276,BILL00036581,ACCT003049,CUST003049,2024-05,Residential,MONTEREY,Inactive Account,High,2024-06-03,,In Review
EXC00003277,BILL00036582,ACCT003049,CUST003049,2024-06,Residential,MONTEREY,Inactive Account,High,2024-07-03,2024-07-12,Resolved
EXC00003278,BILL00036583,ACCT003049,CUST003049,2024-07,Residential,MONTEREY,Inactive Account,High,2024-08-03,2024-08-10,Resolved
EXC00003279,BILL00036584,ACCT003049,CUST003049,2024-08,Residential,MONTEREY,Inactive Account,High,2024-09-03,2024-09-11,Resolved
EXC00003280,BILL00036585,ACCT003049,CUST003049,2024-09,Residential,MONTEREY,Inactive Account,High,2024-10-03,,Open
EXC00003281,BILL00036586,ACCT003049,CUST003049,2024-10,Residential,MONTEREY,Inactive Account,High,2024-11-03,,In Review
EXC00003282,BILL00036587,ACCT003049,CUST003049,2024-11,Residential,MONTEREY,Inactive Account,High,2024-12-03,2024-12-17,Resolved
EXC00003283,BILL00036588,ACCT003049,CUST003049,2024-12,Residential,MONTEREY,Inactive Account,High,2025-01-03,,In Review
EXC00003284,BILL00036625,ACCT003053,CUST003053,2024-01,Residential,KINGS,Inactive Account,High,2024-02-03,2024-02-10,Resolved
EXC00003285,BILL00036626,ACCT003053,CUST003053,2024-02,Residential,KINGS,Inactive Account,High,2024-03-03,,Open
EXC00003286,BILL00036627,ACCT003053,CUST003053,2024-03,Residential,KINGS,Inactive Account,High,2024-04-03,,Open
EXC00003287,BILL00036628,ACCT003053,CUST003053,2024-04,Residential,KINGS,Inactive Account,High,2024-05-03,,In Review
EXC00003288,BILL00036629,ACCT003053,CUST003053,2024-05,Residential,KINGS,Inactive Account,High,2024-06-03,2024-06-04,Resolved
EXC00003289,BILL00036630,ACCT003053,CUST003053,2024-06,Residential,KINGS,Inactive Account,High,2024-07-03,,Open
EXC00003290,BILL00036631,ACCT003053,CUST003053,2024-07,Residential,KINGS,Inactive Account,High,2024-08-03,2024-08-15,Resolved
EXC00003291,BILL00036632,ACCT003053,CUST003053,2024-08,Residential,KINGS,Inactive Account,High,2024-09-03,2024-09-04,Resolved
EXC00003292,BILL00036633,ACCT003053,CUST003053,2024-09,Residential,KINGS,Inactive Account,High,2024-10-03,2024-10-12,Resolved
EXC00003293,BILL00036634,ACCT003053,CUST003053,2024-10,Residential,KINGS,Inactive Account,High,2024-11-03,2024-11-14,Resolved
EXC00003294,BILL00036635,ACCT003053,CUST003053,2024-11,Residential,KINGS,Inactive Account,High,2024-12-03,,Open
EXC00003295,BILL00036636,ACCT003053,CUST003053,2024-12,Residential,KINGS,Inactive Account,High,2025-01-03,2025-01-11,Resolved
EXC00003296,BILL00036661,ACCT003056,CUST003056,2024-01,Agriculture And Water Pumping,KERN,Invalid Meter Read,High,2024-02-03,,In Review
EXC00003297,BILL00036682,ACCT003057,CUST003057,2024-10,Residential,SAN MATEO,Missing Meter Read,Medium,2024-11-03,2024-11-16,Resolved
EXC00003298,BILL00036702,ACCT003059,CUST003059,2024-06,Residential,KERN,Missing Meter Read,Medium,2024-07-03,,Open
EXC00003299,BILL00036715,ACCT003060,CUST003060,2024-07,Agriculture And Water Pumping,SAN FRANCISCO,Invalid Meter Read,High,2024-08-03,2024-08-06,Resolved
EXC00003300,BILL00036726,ACCT003061,CUST003061,2024-06,Residential,SANTA BARBARA,Missing Meter Read,Medium,2024-07-03,2024-07-15,Resolved
EXC00003301,BILL00036757,ACCT003064,CUST003064,2024-01,Residential,SANTA CLARA,Inactive Account,High,2024-02-03,,Open
EXC00003302,BILL00036758,ACCT003064,CUST003064,2024-02,Residential,SANTA CLARA,Inactive Account,High,2024-03-03,,Open
EXC00003303,BILL00036759,ACCT003064,CUST003064,2024-03,Residential,SANTA CLARA,Inactive Account,High,2024-04-03,2024-04-11,Resolved
EXC00003304,BILL00036760,ACCT003064,CUST003064,2024-04,Residential,SANTA CLARA,Inactive Account,High,2024-05-03,,In Review
EXC00003305,BILL00036761,ACCT003064,CUST003064,2024-05,Residential,SANTA CLARA,Inactive Account,High,2024-06-03,2024-06-08,Resolved
EXC00003306,BILL00036762,ACCT003064,CUST003064,2024-06,Residential,SANTA CLARA,Inactive Account,High,2024-07-03,,Open
EXC00003307,BILL00036763,ACCT003064,CUST003064,2024-07,Residential,SANTA CLARA,Inactive Account,High,2024-08-03,2024-08-17,Resolved
EXC00003308,BILL00036764,ACCT003064,CUST003064,2024-08,Residential,SANTA CLARA,Inactive Account,High,2024-09-03,,Open
EXC00003309,BILL00036765,ACCT003064,CUST003064,2024-09,Residential,SANTA CLARA,Inactive Account,High,2024-10-03,2024-10-13,Resolved
EXC00003310,BILL00036766,ACCT003064,CUST003064,2024-10,Residential,SANTA CLARA,Inactive Account,High,2024-11-03,2024-11-10,Resolved
EXC00003311,BILL00036767,ACCT003064,CUST003064,2024-11,Residential,SANTA CLARA,Inactive Account,High,2024-12-03,2024-12-11,Resolved
EXC00003312,BILL00036768,ACCT003064,CUST003064,2024-12,Residential,SANTA CLARA,Inactive Account,High,2025-01-03,,In Review
EXC00003313,BILL00036792,ACCT003066,CUST003066,2024-12,Residential,CONTRA COSTA,Missing Meter Read,Medium,2025-01-03,2025-01-04,Resolved
EXC00003314,BILL00036824,ACCT003069,CUST003069,2024-08,Residential,KERN,Missing Meter Read,Medium,2024-09-03,2024-09-10,Resolved
EXC00003315,BILL00036841,ACCT003071,CUST003071,2024-01,Residential,KERN,Invalid Meter Read,High,2024-02-03,,In Review
EXC00003316,BILL00036848,ACCT003071,CUST003071,2024-08,Residential,KERN,Missing Meter Read,Medium,2024-09-03,,Open
EXC00003317,BILL00036854,ACCT003072,CUST003072,2024-02,Residential,KERN,Missing Meter Read,Medium,2024-03-03,2024-03-17,Resolved
EXC00003318,BILL00036862,ACCT003072,CUST003072,2024-10,Residential,KERN,Missing Meter Read,Medium,2024-11-03,2024-11-04,Resolved
EXC00003319,BILL00036889,ACCT003075,CUST003075,2024-01,Residential,SAN JOAQUIN,Inactive Account,High,2024-02-03,2024-02-09,Resolved
EXC00003320,BILL00036890,ACCT003075,CUST003075,2024-02,Residential,SAN JOAQUIN,Inactive Account,High,2024-03-03,2024-03-06,Resolved
EXC00003321,BILL00036891,ACCT003075,CUST003075,2024-03,Residential,SAN JOAQUIN,Inactive Account,High,2024-04-03,2024-04-11,Resolved
EXC00003322,BILL00036892,ACCT003075,CUST003075,2024-04,Residential,SAN JOAQUIN,Inactive Account,High,2024-05-03,2024-05-14,Resolved
EXC00003323,BILL00036893,ACCT003075,CUST003075,2024-05,Residential,SAN JOAQUIN,Inactive Account,High,2024-06-03,2024-06-07,Resolved
EXC00003324,BILL00036894,ACCT003075,CUST003075,2024-06,Residential,SAN JOAQUIN,Inactive Account,High,2024-07-03,,In Review
EXC00003325,BILL00036895,ACCT003075,CUST003075,2024-07,Residential,SAN JOAQUIN,Inactive Account,High,2024-08-03,2024-08-10,Resolved
EXC00003326,BILL00036896,ACCT003075,CUST003075,2024-08,Residential,SAN JOAQUIN,Inactive Account,High,2024-09-03,2024-09-10,Resolved
EXC00003327,BILL00036897,ACCT003075,CUST003075,2024-09,Residential,SAN JOAQUIN,Inactive Account,High,2024-10-03,,Open
EXC00003328,BILL00036898,ACCT003075,CUST003075,2024-10,Residential,SAN JOAQUIN,Inactive Account,High,2024-11-03,,Open
EXC00003329,BILL00036899,ACCT003075,CUST003075,2024-11,Residential,SAN JOAQUIN,Inactive Account,High,2024-12-03,2024-12-16,Resolved
EXC00003330,BILL00036900,ACCT003075,CUST003075,2024-12,Residential,SAN JOAQUIN,Inactive Account,High,2025-01-03,2025-01-15,Resolved
EXC00003331,BILL00036946,ACCT003079,CUST003079,2024-10,Residential,SAN MATEO,Missing Meter Read,Medium,2024-11-03,2024-11-15,Resolved
EXC00003332,BILL00036949,ACCT003080,CUST003080,2024-01,Industrial,KERN,Inactive Account,High,2024-02-03,,In Review
EXC00003333,BILL00036950,ACCT003080,CUST003080,2024-02,Industrial,KERN,Inactive Account,High,2024-03-03,2024-03-11,Resolved
EXC00003334,BILL00036951,ACCT003080,CUST003080,2024-03,Industrial,KERN,Inactive Account,High,2024-04-03,,Open
EXC00003335,BILL00036952,ACCT003080,CUST003080,2024-04,Industrial,KERN,Inactive Account,High,2024-05-03,2024-05-16,Resolved
EXC00003336,BILL00036953,ACCT003080,CUST003080,2024-05,Industrial,KERN,Inactive Account,High,2024-06-03,,In Review
EXC00003337,BILL00036954,ACCT003080,CUST003080,2024-06,Industrial,KERN,Inactive Account,High,2024-07-03,2024-07-15,Resolved
EXC00003338,BILL00036955,ACCT003080,CUST003080,2024-07,Industrial,KERN,Inactive Account,High,2024-08-03,2024-08-15,Resolved
EXC00003339,BILL00036956,ACCT003080,CUST003080,2024-08,Industrial,KERN,Inactive Account,High,2024-09-03,,Open
EXC00003340,BILL00036957,ACCT003080,CUST003080,2024-09,Industrial,KERN,Inactive Account,High,2024-10-03,,Open
EXC00003341,BILL00036958,ACCT003080,CUST003080,2024-10,Industrial,KERN,Inactive Account,High,2024-11-03,,Open
EXC00003342,BILL00036959,ACCT003080,CUST003080,2024-11,Industrial,KERN,Inactive Account,High,2024-12-03,2024-12-05,Resolved
EXC00003343,BILL00036960,ACCT003080,CUST003080,2024-12,Industrial,KERN,Inactive Account,High,2025-01-03,,Open
EXC00003344,BILL00036999,ACCT003084,CUST003084,2024-03,Residential,SANTA CLARA,Invalid Meter Read,High,2024-04-03,2024-04-14,Resolved
EXC00003345,BILL00037045,ACCT003088,CUST003088,2024-01,Residential,SOLANO,Inactive Account,High,2024-02-03,,Open
EXC00003346,BILL00037046,ACCT003088,CUST003088,2024-02,Residential,SOLANO,Inactive Account,High,2024-03-03,2024-03-08,Resolved
EXC00003347,BILL00037047,ACCT003088,CUST003088,2024-03,Residential,SOLANO,Inactive Account,High,2024-04-03,2024-04-09,Resolved
EXC00003348,BILL00037048,ACCT003088,CUST003088,2024-04,Residential,SOLANO,Inactive Account,High,2024-05-03,2024-05-04,Resolved
EXC00003349,BILL00037049,ACCT003088,CUST003088,2024-05,Residential,SOLANO,Inactive Account,High,2024-06-03,,Open
EXC00003350,BILL00037050,ACCT003088,CUST003088,2024-06,Residential,SOLANO,Inactive Account,High,2024-07-03,,In Review
EXC00003351,BILL00037051,ACCT003088,CUST003088,2024-07,Residential,SOLANO,Inactive Account,High,2024-08-03,,Open
EXC00003352,BILL00037052,ACCT003088,CUST003088,2024-08,Residential,SOLANO,Inactive Account,High,2024-09-03,2024-09-17,Resolved
EXC00003353,BILL00037053,ACCT003088,CUST003088,2024-09,Residential,SOLANO,Inactive Account,High,2024-10-03,,In Review
EXC00003354,BILL00037054,ACCT003088,CUST003088,2024-10,Residential,SOLANO,Inactive Account,High,2024-11-03,,Open
EXC00003355,BILL00037055,ACCT003088,CUST003088,2024-11,Residential,SOLANO,Inactive Account,High,2024-12-03,,Open
EXC00003356,BILL00037056,ACCT003088,CUST003088,2024-12,Residential,SOLANO,Inactive Account,High,2025-01-03,2025-01-04,Resolved
EXC00003357,BILL00037059,ACCT003089,CUST003089,2024-03,Residential,CONTRA COSTA,Missing Meter Read,Medium,2024-04-03,2024-04-11,Resolved
EXC00003358,BILL00037078,ACCT003090,CUST003090,2024-10,Residential,SONOMA,Missing Meter Read,Medium,2024-11-03,2024-11-17,Resolved
EXC00003359,BILL00037100,ACCT003092,CUST003092,2024-08,Agriculture And Water Pumping,KERN,Invalid Meter Read,High,2024-09-03,2024-09-12,Resolved
EXC00003360,BILL00037141,ACCT003096,CUST003096,2024-01,Residential,SONOMA,Inactive Account,High,2024-02-03,,Open
EXC00003361,BILL00037142,ACCT003096,CUST003096,2024-02,Residential,SONOMA,Inactive Account,High,2024-03-03,,Open
EXC00003362,BILL00037143,ACCT003096,CUST003096,2024-03,Residential,SONOMA,Inactive Account,High,2024-04-03,2024-04-16,Resolved
EXC00003363,BILL00037144,ACCT003096,CUST003096,2024-04,Residential,SONOMA,Inactive Account,High,2024-05-03,2024-05-07,Resolved
EXC00003364,BILL00037145,ACCT003096,CUST003096,2024-05,Residential,SONOMA,Inactive Account,High,2024-06-03,2024-06-13,Resolved
EXC00003365,BILL00037146,ACCT003096,CUST003096,2024-06,Residential,SONOMA,Inactive Account,High,2024-07-03,,Open
EXC00003366,BILL00037147,ACCT003096,CUST003096,2024-07,Residential,SONOMA,Inactive Account,High,2024-08-03,,Open
EXC00003367,BILL00037148,ACCT003096,CUST003096,2024-08,Residential,SONOMA,Inactive Account,High,2024-09-03,,Open
EXC00003368,BILL00037149,ACCT003096,CUST003096,2024-09,Residential,SONOMA,Inactive Account,High,2024-10-03,,In Review
EXC00003369,BILL00037150,ACCT003096,CUST003096,2024-10,Residential,SONOMA,Inactive Account,High,2024-11-03,,Open
EXC00003370,BILL00037151,ACCT003096,CUST003096,2024-11,Residential,SONOMA,Inactive Account,High,2024-12-03,,In Review
EXC00003371,BILL00037152,ACCT003096,CUST003096,2024-12,Residential,SONOMA,Inactive Account,High,2025-01-03,2025-01-14,Resolved
EXC00003372,BILL00037261,ACCT003106,CUST003106,2024-01,Residential,SAN LUIS OBISPO,Missing Meter Read,Medium,2024-02-03,2024-02-14,Resolved
EXC00003373,BILL00037267,ACCT003106,CUST003106,2024-07,Residential,SAN LUIS OBISPO,Invalid Meter Read,High,2024-08-03,2024-08-14,Resolved
EXC00003374,BILL00037269,ACCT003106,CUST003106,2024-09,Residential,SAN LUIS OBISPO,Invalid Meter Read,High,2024-10-03,2024-10-08,Resolved
EXC00003375,BILL00037292,ACCT003108,CUST003108,2024-08,Residential,KERN,Missing Meter Read,Medium,2024-09-03,,Open
EXC00003376,BILL00037297,ACCT003109,CUST003109,2024-01,Residential,SOLANO,Inactive Account,High,2024-02-03,,In Review
EXC00003377,BILL00037298,ACCT003109,CUST003109,2024-02,Residential,SOLANO,Inactive Account,High,2024-03-03,2024-03-06,Resolved
EXC00003378,BILL00037299,ACCT003109,CUST003109,2024-03,Residential,SOLANO,Inactive Account,High,2024-04-03,2024-04-10,Resolved
EXC00003379,BILL00037300,ACCT003109,CUST003109,2024-04,Residential,SOLANO,Inactive Account,High,2024-05-03,2024-05-14,Resolved
EXC00003380,BILL00037301,ACCT003109,CUST003109,2024-05,Residential,SOLANO,Inactive Account,High,2024-06-03,,Open
EXC00003381,BILL00037302,ACCT003109,CUST003109,2024-06,Residential,SOLANO,Inactive Account,High,2024-07-03,,Open
EXC00003382,BILL00037303,ACCT003109,CUST003109,2024-07,Residential,SOLANO,Inactive Account,High,2024-08-03,2024-08-14,Resolved
EXC00003383,BILL00037304,ACCT003109,CUST003109,2024-08,Residential,SOLANO,Inactive Account,High,2024-09-03,,In Review
EXC00003384,BILL00037305,ACCT003109,CUST003109,2024-09,Residential,SOLANO,Inactive Account,High,2024-10-03,2024-10-10,Resolved
EXC00003385,BILL00037306,ACCT003109,CUST003109,2024-10,Residential,SOLANO,Inactive Account,High,2024-11-03,2024-11-07,Resolved
EXC00003386,BILL00037307,ACCT003109,CUST003109,2024-11,Residential,SOLANO,Inactive Account,High,2024-12-03,,Open
EXC00003387,BILL00037308,ACCT003109,CUST003109,2024-12,Residential,SOLANO,Inactive Account,High,2025-01-03,2025-01-11,Resolved
EXC00003388,BILL00037320,ACCT003110,CUST003110,2024-12,Residential,MERCED,Missing Meter Read,Medium,2025-01-03,,Open
EXC00003389,BILL00037321,ACCT003111,CUST003111,2024-01,Residential,KERN,Invalid Meter Read,High,2024-02-03,2024-02-12,Resolved
EXC00003390,BILL00037346,ACCT003113,CUST003113,2024-02,Residential,KINGS,Missing Meter Read,Medium,2024-03-03,,Open
EXC00003391,BILL00037391,ACCT003116,CUST003116,2024-11,Commercial,ALAMEDA,Invalid Meter Read,High,2024-12-03,,Open
EXC00003392,BILL00037401,ACCT003117,CUST003117,2024-09,Residential,SOLANO,Missing Meter Read,Medium,2024-10-03,2024-10-17,Resolved
EXC00003393,BILL00037404,ACCT003117,CUST003117,2024-12,Residential,SOLANO,Invalid Meter Read,High,2025-01-03,,Open
EXC00003394,BILL00037417,ACCT003119,CUST003119,2024-01,Residential,SANTA CLARA,Inactive Account,High,2024-02-03,2024-02-11,Resolved
EXC00003395,BILL00037418,ACCT003119,CUST003119,2024-02,Residential,SANTA CLARA,Inactive Account,High,2024-03-03,,Open
EXC00003396,BILL00037419,ACCT003119,CUST003119,2024-03,Residential,SANTA CLARA,Inactive Account,High,2024-04-03,,In Review
EXC00003397,BILL00037420,ACCT003119,CUST003119,2024-04,Residential,SANTA CLARA,Inactive Account,High,2024-05-03,2024-05-10,Resolved
EXC00003398,BILL00037421,ACCT003119,CUST003119,2024-05,Residential,SANTA CLARA,Inactive Account,High,2024-06-03,2024-06-05,Resolved
EXC00003399,BILL00037422,ACCT003119,CUST003119,2024-06,Residential,SANTA CLARA,Inactive Account,High,2024-07-03,2024-07-12,Resolved
EXC00003400,BILL00037423,ACCT003119,CUST003119,2024-07,Residential,SANTA CLARA,Inactive Account,High,2024-08-03,2024-08-04,Resolved
EXC00003401,BILL00037424,ACCT003119,CUST003119,2024-08,Residential,SANTA CLARA,Inactive Account,High,2024-09-03,,Open
EXC00003402,BILL00037425,ACCT003119,CUST003119,2024-09,Residential,SANTA CLARA,Inactive Account,High,2024-10-03,,Open
EXC00003403,BILL00037426,ACCT003119,CUST003119,2024-10,Residential,SANTA CLARA,Inactive Account,High,2024-11-03,,In Review
EXC00003404,BILL00037427,ACCT003119,CUST003119,2024-11,Residential,SANTA CLARA,Inactive Account,High,2024-12-03,2024-12-13,Resolved
EXC00003405,BILL00037428,ACCT003119,CUST003119,2024-12,Residential,SANTA CLARA,Inactive Account,High,2025-01-03,,Open
EXC00003406,BILL00037508,ACCT003126,CUST003126,2024-08,Residential,CONTRA COSTA,Missing Meter Read,Medium,2024-09-03,2024-09-17,Resolved
EXC00003407,BILL00037577,ACCT003132,CUST003132,2024-05,Commercial,EL DORADO,Missing Meter Read,Medium,2024-06-03,2024-06-08,Resolved
EXC00003408,BILL00037621,ACCT003136,CUST003136,2024-01,Residential,CONTRA COSTA,Inactive Account,High,2024-02-03,,Open
EXC00003409,BILL00037622,ACCT003136,CUST003136,2024-02,Residential,CONTRA COSTA,Inactive Account,High,2024-03-03,,In Review
EXC00003410,BILL00037623,ACCT003136,CUST003136,2024-03,Residential,CONTRA COSTA,Inactive Account,High,2024-04-03,2024-04-06,Resolved
EXC00003411,BILL00037624,ACCT003136,CUST003136,2024-04,Residential,CONTRA COSTA,Inactive Account,High,2024-05-03,2024-05-09,Resolved
EXC00003412,BILL00037625,ACCT003136,CUST003136,2024-05,Residential,CONTRA COSTA,Inactive Account,High,2024-06-03,2024-06-06,Resolved
EXC00003413,BILL00037626,ACCT003136,CUST003136,2024-06,Residential,CONTRA COSTA,Inactive Account,High,2024-07-03,,In Review
EXC00003414,BILL00037627,ACCT003136,CUST003136,2024-07,Residential,CONTRA COSTA,Inactive Account,High,2024-08-03,,Open
EXC00003415,BILL00037628,ACCT003136,CUST003136,2024-08,Residential,CONTRA COSTA,Inactive Account,High,2024-09-03,2024-09-10,Resolved
EXC00003416,BILL00037629,ACCT003136,CUST003136,2024-09,Residential,CONTRA COSTA,Inactive Account,High,2024-10-03,2024-10-05,Resolved
EXC00003417,BILL00037630,ACCT003136,CUST003136,2024-10,Residential,CONTRA COSTA,Inactive Account,High,2024-11-03,2024-11-15,Resolved
EXC00003418,BILL00037631,ACCT003136,CUST003136,2024-11,Residential,CONTRA COSTA,Inactive Account,High,2024-12-03,2024-12-17,Resolved
EXC00003419,BILL00037632,ACCT003136,CUST003136,2024-12,Residential,CONTRA COSTA,Inactive Account,High,2025-01-03,2025-01-14,Resolved
EXC00003420,BILL00037660,ACCT003139,CUST003139,2024-04,Residential,PLACER,Missing Meter Read,Medium,2024-05-03,2024-05-04,Resolved
EXC00003421,BILL00037667,ACCT003139,CUST003139,2024-11,Residential,PLACER,Missing Meter Read,Medium,2024-12-03,,Open
EXC00003422,BILL00037681,ACCT003141,CUST003141,2024-01,Residential,SANTA CLARA,Inactive Account,High,2024-02-03,,Open
EXC00003423,BILL00037682,ACCT003141,CUST003141,2024-02,Residential,SANTA CLARA,Inactive Account,High,2024-03-03,,Open
EXC00003424,BILL00037683,ACCT003141,CUST003141,2024-03,Residential,SANTA CLARA,Inactive Account,High,2024-04-03,2024-04-10,Resolved
EXC00003425,BILL00037684,ACCT003141,CUST003141,2024-04,Residential,SANTA CLARA,Inactive Account,High,2024-05-03,,Open
EXC00003426,BILL00037685,ACCT003141,CUST003141,2024-05,Residential,SANTA CLARA,Inactive Account,High,2024-06-03,,Open
EXC00003427,BILL00037686,ACCT003141,CUST003141,2024-06,Residential,SANTA CLARA,Inactive Account,High,2024-07-03,,Open
EXC00003428,BILL00037687,ACCT003141,CUST003141,2024-07,Residential,SANTA CLARA,Inactive Account,High,2024-08-03,,Open
EXC00003429,BILL00037688,ACCT003141,CUST003141,2024-08,Residential,SANTA CLARA,Inactive Account,High,2024-09-03,2024-09-06,Resolved
EXC00003430,BILL00037689,ACCT003141,CUST003141,2024-09,Residential,SANTA CLARA,Inactive Account,High,2024-10-03,2024-10-05,Resolved
EXC00003431,BILL00037690,ACCT003141,CUST003141,2024-10,Residential,SANTA CLARA,Inactive Account,High,2024-11-03,,In Review
EXC00003432,BILL00037691,ACCT003141,CUST003141,2024-11,Residential,SANTA CLARA,Inactive Account,High,2024-12-03,2024-12-13,Resolved
EXC00003433,BILL00037692,ACCT003141,CUST003141,2024-12,Residential,SANTA CLARA,Inactive Account,High,2025-01-03,2025-01-04,Resolved
EXC00003434,BILL00037715,ACCT003143,CUST003143,2024-11,Residential,SANTA BARBARA,Invalid Meter Read,High,2024-12-03,2024-12-04,Resolved
EXC00003435,BILL00037718,ACCT003144,CUST003144,2024-02,Residential,MARIN,Invalid Meter Read,High,2024-03-03,2024-03-05,Resolved
EXC00003436,BILL00037749,ACCT003146,CUST003146,2024-09,Residential,CONTRA COSTA,Missing Meter Read,Medium,2024-10-03,2024-10-06,Resolved
EXC00003437,BILL00037753,ACCT003147,CUST003147,2024-01,Commercial,ALAMEDA,Inactive Account,High,2024-02-03,,Open
EXC00003438,BILL00037754,ACCT003147,CUST003147,2024-02,Commercial,ALAMEDA,Inactive Account,High,2024-03-03,,In Review
EXC00003439,BILL00037755,ACCT003147,CUST003147,2024-03,Commercial,ALAMEDA,Inactive Account,High,2024-04-03,,In Review
EXC00003440,BILL00037756,ACCT003147,CUST003147,2024-04,Commercial,ALAMEDA,Inactive Account,High,2024-05-03,,Open
EXC00003441,BILL00037757,ACCT003147,CUST003147,2024-05,Commercial,ALAMEDA,Inactive Account,High,2024-06-03,,Open
EXC00003442,BILL00037758,ACCT003147,CUST003147,2024-06,Commercial,ALAMEDA,Inactive Account,High,2024-07-03,2024-07-04,Resolved
EXC00003443,BILL00037759,ACCT003147,CUST003147,2024-07,Commercial,ALAMEDA,Inactive Account,High,2024-08-03,,In Review
EXC00003444,BILL00037760,ACCT003147,CUST003147,2024-08,Commercial,ALAMEDA,Inactive Account,High,2024-09-03,2024-09-05,Resolved
EXC00003445,BILL00037761,ACCT003147,CUST003147,2024-09,Commercial,ALAMEDA,Inactive Account,High,2024-10-03,2024-10-13,Resolved
EXC00003446,BILL00037762,ACCT003147,CUST003147,2024-10,Commercial,ALAMEDA,Inactive Account,High,2024-11-03,2024-11-06,Resolved
EXC00003447,BILL00037763,ACCT003147,CUST003147,2024-11,Commercial,ALAMEDA,Inactive Account,High,2024-12-03,2024-12-06,Resolved
EXC00003448,BILL00037764,ACCT003147,CUST003147,2024-12,Commercial,ALAMEDA,Inactive Account,High,2025-01-03,,Open
EXC00003449,BILL00037769,ACCT003148,CUST003148,2024-05,Residential,YOLO,Missing Meter Read,Medium,2024-06-03,2024-06-05,Resolved
EXC00003450,BILL00037887,ACCT003158,CUST003158,2024-03,Residential,KERN,Missing Meter Read,Medium,2024-04-03,2024-04-13,Resolved
EXC00003451,BILL00037910,ACCT003160,CUST003160,2024-02,Residential,MERCED,Invalid Meter Read,High,2024-03-03,,Open
EXC00003452,BILL00037921,ACCT003161,CUST003161,2024-01,Residential,KINGS,Invalid Meter Read,High,2024-02-03,,Open
EXC00003453,BILL00037957,ACCT003164,CUST003164,2024-01,Residential,KERN,Missing Meter Read,Medium,2024-02-03,2024-02-06,Resolved
EXC00003454,BILL00037967,ACCT003164,CUST003164,2024-11,Residential,KERN,Invalid Meter Read,High,2024-12-03,,In Review
EXC00003455,BILL00037969,ACCT003165,CUST003165,2024-01,Residential,MARIN,Missing Meter Read,Medium,2024-02-03,,Open
EXC00003456,BILL00037970,ACCT003165,CUST003165,2024-02,Residential,MARIN,Missing Meter Read,Medium,2024-03-03,,Open
EXC00003457,BILL00037992,ACCT003166,CUST003166,2024-12,Residential,SAN MATEO,Invalid Meter Read,High,2025-01-03,2025-01-14,Resolved
EXC00003458,BILL00038033,ACCT003170,CUST003170,2024-05,Residential,SANTA CLARA,Invalid Meter Read,High,2024-06-03,2024-06-07,Resolved
EXC00003459,BILL00038039,ACCT003170,CUST003170,2024-11,Residential,SANTA CLARA,Invalid Meter Read,High,2024-12-03,2024-12-13,Resolved
EXC00003460,BILL00038070,ACCT003173,CUST003173,2024-06,Residential,KERN,Missing Meter Read,Medium,2024-07-03,,Open
EXC00003461,BILL00038076,ACCT003173,CUST003173,2024-12,Residential,KERN,Invalid Meter Read,High,2025-01-03,,Open
EXC00003462,BILL00038152,ACCT003180,CUST003180,2024-04,Residential,SANTA CLARA,Missing Meter Read,Medium,2024-05-03,2024-05-12,Resolved
EXC00003463,BILL00038241,ACCT003187,CUST003187,2024-09,Residential,ALAMEDA,Missing Meter Read,Medium,2024-10-03,2024-10-12,Resolved
EXC00003464,BILL00038249,ACCT003188,CUST003188,2024-05,Residential,AMADOR,Missing Meter Read,Medium,2024-06-03,2024-06-12,Resolved
EXC00003465,BILL00038252,ACCT003188,CUST003188,2024-08,Residential,AMADOR,Invalid Meter Read,High,2024-09-03,2024-09-10,Resolved
EXC00003466,BILL00038257,ACCT003189,CUST003189,2024-01,Commercial,PLACER,Inactive Account,High,2024-02-03,2024-02-14,Resolved
EXC00003467,BILL00038258,ACCT003189,CUST003189,2024-02,Commercial,PLACER,Inactive Account,High,2024-03-03,2024-03-15,Resolved
EXC00003468,BILL00038259,ACCT003189,CUST003189,2024-03,Commercial,PLACER,Inactive Account,High,2024-04-03,2024-04-12,Resolved
EXC00003469,BILL00038260,ACCT003189,CUST003189,2024-04,Commercial,PLACER,Inactive Account,High,2024-05-03,,In Review
EXC00003470,BILL00038261,ACCT003189,CUST003189,2024-05,Commercial,PLACER,Inactive Account,High,2024-06-03,2024-06-04,Resolved
EXC00003471,BILL00038262,ACCT003189,CUST003189,2024-06,Commercial,PLACER,Inactive Account,High,2024-07-03,2024-07-09,Resolved
EXC00003472,BILL00038263,ACCT003189,CUST003189,2024-07,Commercial,PLACER,Inactive Account,High,2024-08-03,,Open
EXC00003473,BILL00038264,ACCT003189,CUST003189,2024-08,Commercial,PLACER,Inactive Account,High,2024-09-03,2024-09-14,Resolved
EXC00003474,BILL00038265,ACCT003189,CUST003189,2024-09,Commercial,PLACER,Inactive Account,High,2024-10-03,,Open
EXC00003475,BILL00038266,ACCT003189,CUST003189,2024-10,Commercial,PLACER,Inactive Account,High,2024-11-03,,Open
EXC00003476,BILL00038267,ACCT003189,CUST003189,2024-11,Commercial,PLACER,Inactive Account,High,2024-12-03,,Open
EXC00003477,BILL00038268,ACCT003189,CUST003189,2024-12,Commercial,PLACER,Inactive Account,High,2025-01-03,2025-01-09,Resolved
EXC00003478,BILL00038269,ACCT003190,CUST003190,2024-01,Residential,SAN MATEO,Inactive Account,High,2024-02-03,2024-02-13,Resolved
EXC00003479,BILL00038270,ACCT003190,CUST003190,2024-02,Residential,SAN MATEO,Inactive Account,High,2024-03-03,,Open
EXC00003480,BILL00038271,ACCT003190,CUST003190,2024-03,Residential,SAN MATEO,Inactive Account,High,2024-04-03,,Open
EXC00003481,BILL00038272,ACCT003190,CUST003190,2024-04,Residential,SAN MATEO,Inactive Account,High,2024-05-03,2024-05-08,Resolved
EXC00003482,BILL00038273,ACCT003190,CUST003190,2024-05,Residential,SAN MATEO,Inactive Account,High,2024-06-03,2024-06-11,Resolved
EXC00003483,BILL00038274,ACCT003190,CUST003190,2024-06,Residential,SAN MATEO,Inactive Account,High,2024-07-03,2024-07-13,Resolved
EXC00003484,BILL00038275,ACCT003190,CUST003190,2024-07,Residential,SAN MATEO,Inactive Account,High,2024-08-03,,Open
EXC00003485,BILL00038276,ACCT003190,CUST003190,2024-08,Residential,SAN MATEO,Inactive Account,High,2024-09-03,2024-09-08,Resolved
EXC00003486,BILL00038277,ACCT003190,CUST003190,2024-09,Residential,SAN MATEO,Inactive Account,High,2024-10-03,,In Review
EXC00003487,BILL00038278,ACCT003190,CUST003190,2024-10,Residential,SAN MATEO,Inactive Account,High,2024-11-03,,Open
EXC00003488,BILL00038279,ACCT003190,CUST003190,2024-11,Residential,SAN MATEO,Inactive Account,High,2024-12-03,,Open
EXC00003489,BILL00038280,ACCT003190,CUST003190,2024-12,Residential,SAN MATEO,Inactive Account,High,2025-01-03,2025-01-05,Resolved
EXC00003490,BILL00038331,ACCT003195,CUST003195,2024-03,Residential,MARIN,Invalid Meter Read,High,2024-04-03,2024-04-15,Resolved
EXC00003491,BILL00038353,ACCT003197,CUST003197,2024-01,Industrial,FRESNO,Inactive Account,High,2024-02-03,2024-02-15,Resolved
EXC00003492,BILL00038354,ACCT003197,CUST003197,2024-02,Industrial,FRESNO,Inactive Account,High,2024-03-03,,Open
EXC00003493,BILL00038355,ACCT003197,CUST003197,2024-03,Industrial,FRESNO,Inactive Account,High,2024-04-03,2024-04-13,Resolved
EXC00003494,BILL00038356,ACCT003197,CUST003197,2024-04,Industrial,FRESNO,Inactive Account,High,2024-05-03,,Open
EXC00003495,BILL00038357,ACCT003197,CUST003197,2024-05,Industrial,FRESNO,Inactive Account,High,2024-06-03,2024-06-07,Resolved
EXC00003496,BILL00038358,ACCT003197,CUST003197,2024-06,Industrial,FRESNO,Inactive Account,High,2024-07-03,,Open
EXC00003497,BILL00038359,ACCT003197,CUST003197,2024-07,Industrial,FRESNO,Inactive Account,High,2024-08-03,2024-08-17,Resolved
EXC00003498,BILL00038360,ACCT003197,CUST003197,2024-08,Industrial,FRESNO,Inactive Account,High,2024-09-03,2024-09-06,Resolved
EXC00003499,BILL00038361,ACCT003197,CUST003197,2024-09,Industrial,FRESNO,Inactive Account,High,2024-10-03,2024-10-14,Resolved
EXC00003500,BILL00038362,ACCT003197,CUST003197,2024-10,Industrial,FRESNO,Inactive Account,High,2024-11-03,2024-11-11,Resolved
EXC00003501,BILL00038363,ACCT003197,CUST003197,2024-11,Industrial,FRESNO,Inactive Account,High,2024-12-03,,In Review
EXC00003502,BILL00038364,ACCT003197,CUST003197,2024-12,Industrial,FRESNO,Inactive Account,High,2025-01-03,2025-01-14,Resolved
EXC00003503,BILL00038377,ACCT003199,CUST003199,2024-01,Residential,SAN FRANCISCO,Missing Meter Read,Medium,2024-02-03,2024-02-12,Resolved
EXC00003504,BILL00038513,ACCT003210,CUST003210,2024-05,Residential,SANTA CLARA,Missing Meter Read,Medium,2024-06-03,2024-06-06,Resolved
EXC00003505,BILL00038641,ACCT003221,CUST003221,2024-01,Residential,MONTEREY,Missing Meter Read,Medium,2024-02-03,2024-02-05,Resolved
EXC00003506,BILL00038653,ACCT003222,CUST003222,2024-01,Residential,SANTA CLARA,Inactive Account,High,2024-02-03,2024-02-15,Resolved
EXC00003507,BILL00038654,ACCT003222,CUST003222,2024-02,Residential,SANTA CLARA,Inactive Account,High,2024-03-03,2024-03-06,Resolved
EXC00003508,BILL00038655,ACCT003222,CUST003222,2024-03,Residential,SANTA CLARA,Inactive Account,High,2024-04-03,2024-04-15,Resolved
EXC00003509,BILL00038656,ACCT003222,CUST003222,2024-04,Residential,SANTA CLARA,Inactive Account,High,2024-05-03,2024-05-04,Resolved
EXC00003510,BILL00038657,ACCT003222,CUST003222,2024-05,Residential,SANTA CLARA,Inactive Account,High,2024-06-03,,Open
EXC00003511,BILL00038658,ACCT003222,CUST003222,2024-06,Residential,SANTA CLARA,Inactive Account,High,2024-07-03,2024-07-08,Resolved
EXC00003512,BILL00038659,ACCT003222,CUST003222,2024-07,Residential,SANTA CLARA,Inactive Account,High,2024-08-03,,Open
EXC00003513,BILL00038660,ACCT003222,CUST003222,2024-08,Residential,SANTA CLARA,Inactive Account,High,2024-09-03,2024-09-14,Resolved
EXC00003514,BILL00038661,ACCT003222,CUST003222,2024-09,Residential,SANTA CLARA,Inactive Account,High,2024-10-03,,Open
EXC00003515,BILL00038662,ACCT003222,CUST003222,2024-10,Residential,SANTA CLARA,Inactive Account,High,2024-11-03,2024-11-08,Resolved
EXC00003516,BILL00038663,ACCT003222,CUST003222,2024-11,Residential,SANTA CLARA,Inactive Account,High,2024-12-03,2024-12-15,Resolved
EXC00003517,BILL00038664,ACCT003222,CUST003222,2024-12,Residential,SANTA CLARA,Inactive Account,High,2025-01-03,,Open
EXC00003518,BILL00038679,ACCT003224,CUST003224,2024-03,Residential,SONOMA,Missing Meter Read,Medium,2024-04-03,,In Review
EXC00003519,BILL00038684,ACCT003224,CUST003224,2024-08,Residential,SONOMA,Invalid Meter Read,High,2024-09-03,,Open
EXC00003520,BILL00038695,ACCT003225,CUST003225,2024-07,Residential,SAN MATEO,Invalid Meter Read,High,2024-08-03,,Open
EXC00003521,BILL00038723,ACCT003227,CUST003227,2024-11,Residential,SAN MATEO,Invalid Meter Read,High,2024-12-03,2024-12-16,Resolved
EXC00003522,BILL00038754,ACCT003230,CUST003230,2024-06,Residential,PLACER,Missing Meter Read,Medium,2024-07-03,,Open
EXC00003523,BILL00038770,ACCT003231,CUST003231,2024-10,Residential,SANTA CLARA,Missing Meter Read,Medium,2024-11-03,,In Review
EXC00003524,BILL00038830,ACCT003236,CUST003236,2024-10,Residential,SAN FRANCISCO,Invalid Meter Read,High,2024-11-03,,In Review
EXC00003525,BILL00038857,ACCT003239,CUST003239,2024-01,Residential,COLUSA,Inactive Account,High,2024-02-03,,Open
EXC00003526,BILL00038858,ACCT003239,CUST003239,2024-02,Residential,COLUSA,Inactive Account,High,2024-03-03,2024-03-17,Resolved
EXC00003527,BILL00038859,ACCT003239,CUST003239,2024-03,Residential,COLUSA,Inactive Account,High,2024-04-03,2024-04-04,Resolved
EXC00003528,BILL00038860,ACCT003239,CUST003239,2024-04,Residential,COLUSA,Inactive Account,High,2024-05-03,2024-05-04,Resolved
EXC00003529,BILL00038861,ACCT003239,CUST003239,2024-05,Residential,COLUSA,Inactive Account,High,2024-06-03,2024-06-08,Resolved
EXC00003530,BILL00038862,ACCT003239,CUST003239,2024-06,Residential,COLUSA,Inactive Account,High,2024-07-03,2024-07-13,Resolved
EXC00003531,BILL00038863,ACCT003239,CUST003239,2024-07,Residential,COLUSA,Inactive Account,High,2024-08-03,2024-08-10,Resolved
EXC00003532,BILL00038864,ACCT003239,CUST003239,2024-08,Residential,COLUSA,Inactive Account,High,2024-09-03,,Open
EXC00003533,BILL00038865,ACCT003239,CUST003239,2024-09,Residential,COLUSA,Inactive Account,High,2024-10-03,2024-10-06,Resolved
EXC00003534,BILL00038866,ACCT003239,CUST003239,2024-10,Residential,COLUSA,Inactive Account,High,2024-11-03,2024-11-05,Resolved
EXC00003535,BILL00038867,ACCT003239,CUST003239,2024-11,Residential,COLUSA,Inactive Account,High,2024-12-03,2024-12-09,Resolved
EXC00003536,BILL00038868,ACCT003239,CUST003239,2024-12,Residential,COLUSA,Inactive Account,High,2025-01-03,,In Review
EXC00003537,BILL00038869,ACCT003240,CUST003240,2024-01,Residential,SANTA CLARA,Inactive Account,High,2024-02-03,2024-02-14,Resolved
EXC00003538,BILL00038870,ACCT003240,CUST003240,2024-02,Residential,SANTA CLARA,Inactive Account,High,2024-03-03,2024-03-07,Resolved
EXC00003539,BILL00038871,ACCT003240,CUST003240,2024-03,Residential,SANTA CLARA,Inactive Account,High,2024-04-03,2024-04-10,Resolved
EXC00003540,BILL00038872,ACCT003240,CUST003240,2024-04,Residential,SANTA CLARA,Inactive Account,High,2024-05-03,2024-05-17,Resolved
EXC00003541,BILL00038873,ACCT003240,CUST003240,2024-05,Residential,SANTA CLARA,Inactive Account,High,2024-06-03,2024-06-14,Resolved
EXC00003542,BILL00038874,ACCT003240,CUST003240,2024-06,Residential,SANTA CLARA,Inactive Account,High,2024-07-03,,In Review
EXC00003543,BILL00038875,ACCT003240,CUST003240,2024-07,Residential,SANTA CLARA,Inactive Account,High,2024-08-03,2024-08-13,Resolved
EXC00003544,BILL00038876,ACCT003240,CUST003240,2024-08,Residential,SANTA CLARA,Inactive Account,High,2024-09-03,2024-09-12,Resolved
EXC00003545,BILL00038877,ACCT003240,CUST003240,2024-09,Residential,SANTA CLARA,Inactive Account,High,2024-10-03,2024-10-08,Resolved
EXC00003546,BILL00038878,ACCT003240,CUST003240,2024-10,Residential,SANTA CLARA,Inactive Account,High,2024-11-03,,In Review
EXC00003547,BILL00038879,ACCT003240,CUST003240,2024-11,Residential,SANTA CLARA,Inactive Account,High,2024-12-03,2024-12-16,Resolved
EXC00003548,BILL00038880,ACCT003240,CUST003240,2024-12,Residential,SANTA CLARA,Inactive Account,High,2025-01-03,2025-01-05,Resolved
EXC00003549,BILL00038934,ACCT003245,CUST003245,2024-06,Residential,SAN MATEO,Missing Meter Read,Medium,2024-07-03,2024-07-11,Resolved
EXC00003550,BILL00038983,ACCT003249,CUST003249,2024-07,Commercial,YOLO,Invalid Meter Read,High,2024-08-03,2024-08-17,Resolved
EXC00003551,BILL00038999,ACCT003250,CUST003250,2024-11,Residential,SAN JOAQUIN,Missing Meter Read,Medium,2024-12-03,,In Review
EXC00003552,BILL00039075,ACCT003257,CUST003257,2024-03,Residential,ALAMEDA,Missing Meter Read,Medium,2024-04-03,2024-04-10,Resolved
EXC00003553,BILL00039112,ACCT003260,CUST003260,2024-04,Commercial,MERCED,Invalid Meter Read,High,2024-05-03,,Open
EXC00003554,BILL00039171,ACCT003265,CUST003265,2024-03,Residential,SAN JOAQUIN,Missing Meter Read,Medium,2024-04-03,2024-04-11,Resolved
EXC00003555,BILL00039181,ACCT003266,CUST003266,2024-01,Residential,CONTRA COSTA,Inactive Account,High,2024-02-03,2024-02-07,Resolved
EXC00003556,BILL00039182,ACCT003266,CUST003266,2024-02,Residential,CONTRA COSTA,Inactive Account,High,2024-03-03,,In Review
EXC00003557,BILL00039183,ACCT003266,CUST003266,2024-03,Residential,CONTRA COSTA,Inactive Account,High,2024-04-03,2024-04-11,Resolved
EXC00003558,BILL00039184,ACCT003266,CUST003266,2024-04,Residential,CONTRA COSTA,Inactive Account,High,2024-05-03,,Open
EXC00003559,BILL00039185,ACCT003266,CUST003266,2024-05,Residential,CONTRA COSTA,Inactive Account,High,2024-06-03,,Open
EXC00003560,BILL00039186,ACCT003266,CUST003266,2024-06,Residential,CONTRA COSTA,Inactive Account,High,2024-07-03,2024-07-08,Resolved
EXC00003561,BILL00039187,ACCT003266,CUST003266,2024-07,Residential,CONTRA COSTA,Inactive Account,High,2024-08-03,2024-08-14,Resolved
EXC00003562,BILL00039188,ACCT003266,CUST003266,2024-08,Residential,CONTRA COSTA,Inactive Account,High,2024-09-03,2024-09-10,Resolved
EXC00003563,BILL00039189,ACCT003266,CUST003266,2024-09,Residential,CONTRA COSTA,Inactive Account,High,2024-10-03,2024-10-08,Resolved
EXC00003564,BILL00039190,ACCT003266,CUST003266,2024-10,Residential,CONTRA COSTA,Inactive Account,High,2024-11-03,,Open
EXC00003565,BILL00039191,ACCT003266,CUST003266,2024-11,Residential,CONTRA COSTA,Inactive Account,High,2024-12-03,2024-12-04,Resolved
EXC00003566,BILL00039192,ACCT003266,CUST003266,2024-12,Residential,CONTRA COSTA,Inactive Account,High,2025-01-03,2025-01-12,Resolved
EXC00003567,BILL00039217,ACCT003269,CUST003269,2024-01,Residential,EL DORADO,Inactive Account,High,2024-02-03,2024-02-09,Resolved
EXC00003568,BILL00039218,ACCT003269,CUST003269,2024-02,Residential,EL DORADO,Inactive Account,High,2024-03-03,2024-03-17,Resolved
EXC00003569,BILL00039219,ACCT003269,CUST003269,2024-03,Residential,EL DORADO,Inactive Account,High,2024-04-03,,Open
EXC00003570,BILL00039220,ACCT003269,CUST003269,2024-04,Residential,EL DORADO,Inactive Account,High,2024-05-03,,In Review
EXC00003571,BILL00039221,ACCT003269,CUST003269,2024-05,Residential,EL DORADO,Inactive Account,High,2024-06-03,2024-06-10,Resolved
EXC00003572,BILL00039222,ACCT003269,CUST003269,2024-06,Residential,EL DORADO,Inactive Account,High,2024-07-03,,Open
EXC00003573,BILL00039223,ACCT003269,CUST003269,2024-07,Residential,EL DORADO,Inactive Account,High,2024-08-03,2024-08-11,Resolved
EXC00003574,BILL00039224,ACCT003269,CUST003269,2024-08,Residential,EL DORADO,Inactive Account,High,2024-09-03,2024-09-11,Resolved
EXC00003575,BILL00039225,ACCT003269,CUST003269,2024-09,Residential,EL DORADO,Inactive Account,High,2024-10-03,2024-10-04,Resolved
EXC00003576,BILL00039226,ACCT003269,CUST003269,2024-10,Residential,EL DORADO,Inactive Account,High,2024-11-03,,Open
EXC00003577,BILL00039227,ACCT003269,CUST003269,2024-11,Residential,EL DORADO,Inactive Account,High,2024-12-03,2024-12-12,Resolved
EXC00003578,BILL00039228,ACCT003269,CUST003269,2024-12,Residential,EL DORADO,Inactive Account,High,2025-01-03,2025-01-06,Resolved
EXC00003579,BILL00039250,ACCT003271,CUST003271,2024-10,Residential,SAN MATEO,Invalid Meter Read,High,2024-11-03,2024-11-10,Resolved
EXC00003580,BILL00039262,ACCT003272,CUST003272,2024-10,Residential,SANTA CLARA,Missing Meter Read,Medium,2024-11-03,2024-11-12,Resolved
EXC00003581,BILL00039299,ACCT003275,CUST003275,2024-11,Commercial,PLACER,Missing Meter Read,Medium,2024-12-03,,Open
EXC00003582,BILL00039322,ACCT003277,CUST003277,2024-10,Commercial,KERN,Missing Meter Read,Medium,2024-11-03,,In Review
EXC00003583,BILL00039352,ACCT003280,CUST003280,2024-04,Residential,CONTRA COSTA,Invalid Meter Read,High,2024-05-03,2024-05-11,Resolved
EXC00003584,BILL00039361,ACCT003281,CUST003281,2024-01,Residential,SAN MATEO,Missing Meter Read,Medium,2024-02-03,2024-02-07,Resolved
EXC00003585,BILL00039374,ACCT003282,CUST003282,2024-02,Residential,HUMBOLDT,Missing Meter Read,Medium,2024-03-03,,Open
EXC00003586,BILL00039421,ACCT003286,CUST003286,2024-01,Residential,SAN JOAQUIN,Inactive Account,High,2024-02-03,2024-02-10,Resolved
EXC00003587,BILL00039422,ACCT003286,CUST003286,2024-02,Residential,SAN JOAQUIN,Inactive Account,High,2024-03-03,2024-03-06,Resolved
EXC00003588,BILL00039423,ACCT003286,CUST003286,2024-03,Residential,SAN JOAQUIN,Inactive Account,High,2024-04-03,,Open
EXC00003589,BILL00039424,ACCT003286,CUST003286,2024-04,Residential,SAN JOAQUIN,Inactive Account,High,2024-05-03,2024-05-12,Resolved
EXC00003590,BILL00039425,ACCT003286,CUST003286,2024-05,Residential,SAN JOAQUIN,Inactive Account,High,2024-06-03,,Open
EXC00003591,BILL00039426,ACCT003286,CUST003286,2024-06,Residential,SAN JOAQUIN,Inactive Account,High,2024-07-03,,In Review
EXC00003592,BILL00039427,ACCT003286,CUST003286,2024-07,Residential,SAN JOAQUIN,Inactive Account,High,2024-08-03,2024-08-05,Resolved
EXC00003593,BILL00039428,ACCT003286,CUST003286,2024-08,Residential,SAN JOAQUIN,Inactive Account,High,2024-09-03,2024-09-15,Resolved
EXC00003594,BILL00039429,ACCT003286,CUST003286,2024-09,Residential,SAN JOAQUIN,Inactive Account,High,2024-10-03,,In Review
EXC00003595,BILL00039430,ACCT003286,CUST003286,2024-10,Residential,SAN JOAQUIN,Inactive Account,High,2024-11-03,2024-11-06,Resolved
EXC00003596,BILL00039431,ACCT003286,CUST003286,2024-11,Residential,SAN JOAQUIN,Inactive Account,High,2024-12-03,2024-12-14,Resolved
EXC00003597,BILL00039432,ACCT003286,CUST003286,2024-12,Residential,SAN JOAQUIN,Inactive Account,High,2025-01-03,2025-01-17,Resolved
EXC00003598,BILL00039445,ACCT003288,CUST003288,2024-01,Commercial,CONTRA COSTA,Invalid Meter Read,High,2024-02-03,,Open
EXC00003599,BILL00039463,ACCT003289,CUST003289,2024-07,Commercial,GLENN,Missing Meter Read,Medium,2024-08-03,2024-08-06,Resolved
EXC00003600,BILL00039469,ACCT003290,CUST003290,2024-01,Residential,KERN,Invalid Meter Read,High,2024-02-03,2024-02-06,Resolved
EXC00003601,BILL00039485,ACCT003291,CUST003291,2024-05,Residential,KINGS,Invalid Meter Read,High,2024-06-03,2024-06-07,Resolved
EXC00003602,BILL00039506,ACCT003293,CUST003293,2024-02,Residential,CONTRA COSTA,Missing Meter Read,Medium,2024-03-03,2024-03-07,Resolved
EXC00003603,BILL00039519,ACCT003294,CUST003294,2024-03,Residential,SANTA CLARA,Invalid Meter Read,High,2024-04-03,,Open
EXC00003604,BILL00039526,ACCT003294,CUST003294,2024-10,Residential,SANTA CLARA,Missing Meter Read,Medium,2024-11-03,2024-11-12,Resolved
EXC00003605,BILL00039553,ACCT003297,CUST003297,2024-01,Residential,EL DORADO,Inactive Account,High,2024-02-03,2024-02-10,Resolved
EXC00003606,BILL00039554,ACCT003297,CUST003297,2024-02,Residential,EL DORADO,Inactive Account,High,2024-03-03,,Open
EXC00003607,BILL00039555,ACCT003297,CUST003297,2024-03,Residential,EL DORADO,Inactive Account,High,2024-04-03,,In Review
EXC00003608,BILL00039556,ACCT003297,CUST003297,2024-04,Residential,EL DORADO,Inactive Account,High,2024-05-03,,In Review
EXC00003609,BILL00039557,ACCT003297,CUST003297,2024-05,Residential,EL DORADO,Inactive Account,High,2024-06-03,2024-06-09,Resolved
EXC00003610,BILL00039558,ACCT003297,CUST003297,2024-06,Residential,EL DORADO,Inactive Account,High,2024-07-03,2024-07-11,Resolved
EXC00003611,BILL00039559,ACCT003297,CUST003297,2024-07,Residential,EL DORADO,Inactive Account,High,2024-08-03,2024-08-16,Resolved
EXC00003612,BILL00039560,ACCT003297,CUST003297,2024-08,Residential,EL DORADO,Inactive Account,High,2024-09-03,2024-09-11,Resolved
EXC00003613,BILL00039561,ACCT003297,CUST003297,2024-09,Residential,EL DORADO,Inactive Account,High,2024-10-03,2024-10-07,Resolved
EXC00003614,BILL00039562,ACCT003297,CUST003297,2024-10,Residential,EL DORADO,Inactive Account,High,2024-11-03,,Open
EXC00003615,BILL00039563,ACCT003297,CUST003297,2024-11,Residential,EL DORADO,Inactive Account,High,2024-12-03,2024-12-10,Resolved
EXC00003616,BILL00039564,ACCT003297,CUST003297,2024-12,Residential,EL DORADO,Inactive Account,High,2025-01-03,2025-01-14,Resolved
EXC00003617,BILL00039577,ACCT003299,CUST003299,2024-01,Residential,CONTRA COSTA,Missing Meter Read,Medium,2024-02-03,,Open
EXC00003618,BILL00039579,ACCT003299,CUST003299,2024-03,Residential,CONTRA COSTA,Invalid Meter Read,High,2024-04-03,2024-04-12,Resolved
EXC00003619,BILL00039606,ACCT003301,CUST003301,2024-06,Residential,MERCED,Invalid Meter Read,High,2024-07-03,2024-07-09,Resolved
EXC00003620,BILL00039619,ACCT003302,CUST003302,2024-07,Streetlighting,ALAMEDA,Missing Meter Read,Medium,2024-08-03,,Open
EXC00003621,BILL00039642,ACCT003304,CUST003304,2024-06,Residential,SANTA CLARA,Missing Meter Read,Medium,2024-07-03,2024-07-08,Resolved
EXC00003622,BILL00039676,ACCT003307,CUST003307,2024-04,Residential,SANTA CLARA,Missing Meter Read,Medium,2024-05-03,,In Review
EXC00003623,BILL00039705,ACCT003309,CUST003309,2024-09,Residential,KERN,Invalid Meter Read,High,2024-10-03,,Open
EXC00003624,BILL00039821,ACCT003319,CUST003319,2024-05,Commercial,BUTTE,Missing Meter Read,Medium,2024-06-03,2024-06-08,Resolved
EXC00003625,BILL00039890,ACCT003325,CUST003325,2024-02,Residential,CONTRA COSTA,Missing Meter Read,Medium,2024-03-03,,In Review
EXC00003626,BILL00039910,ACCT003326,CUST003326,2024-10,Residential,SAN JOAQUIN,Missing Meter Read,Medium,2024-11-03,,Open
EXC00003627,BILL00039923,ACCT003327,CUST003327,2024-11,Commercial,SANTA CLARA,Missing Meter Read,Medium,2024-12-03,,In Review
EXC00003628,BILL00039938,ACCT003329,CUST003329,2024-02,Residential,MONTEREY,Missing Meter Read,Medium,2024-03-03,2024-03-11,Resolved
EXC00003629,BILL00039949,ACCT003330,CUST003330,2024-01,Residential,KERN,Inactive Account,High,2024-02-03,2024-02-04,Resolved
EXC00003630,BILL00039950,ACCT003330,CUST003330,2024-02,Residential,KERN,Inactive Account,High,2024-03-03,2024-03-17,Resolved
EXC00003631,BILL00039951,ACCT003330,CUST003330,2024-03,Residential,KERN,Inactive Account,High,2024-04-03,2024-04-14,Resolved
EXC00003632,BILL00039952,ACCT003330,CUST003330,2024-04,Residential,KERN,Inactive Account,High,2024-05-03,,In Review
EXC00003633,BILL00039953,ACCT003330,CUST003330,2024-05,Residential,KERN,Inactive Account,High,2024-06-03,2024-06-12,Resolved
EXC00003634,BILL00039954,ACCT003330,CUST003330,2024-06,Residential,KERN,Inactive Account,High,2024-07-03,2024-07-05,Resolved
EXC00003635,BILL00039955,ACCT003330,CUST003330,2024-07,Residential,KERN,Inactive Account,High,2024-08-03,,In Review
EXC00003636,BILL00039956,ACCT003330,CUST003330,2024-08,Residential,KERN,Inactive Account,High,2024-09-03,2024-09-11,Resolved
EXC00003637,BILL00039957,ACCT003330,CUST003330,2024-09,Residential,KERN,Inactive Account,High,2024-10-03,,Open
EXC00003638,BILL00039958,ACCT003330,CUST003330,2024-10,Residential,KERN,Inactive Account,High,2024-11-03,,Open
EXC00003639,BILL00039959,ACCT003330,CUST003330,2024-11,Residential,KERN,Inactive Account,High,2024-12-03,,Open
EXC00003640,BILL00039960,ACCT003330,CUST003330,2024-12,Residential,KERN,Inactive Account,High,2025-01-03,,Open
EXC00003641,BILL00039962,ACCT003331,CUST003331,2024-02,Residential,SOLANO,Missing Meter Read,Medium,2024-03-03,2024-03-13,Resolved
EXC00003642,BILL00039966,ACCT003331,CUST003331,2024-06,Residential,SOLANO,Missing Meter Read,Medium,2024-07-03,2024-07-09,Resolved
EXC00003643,BILL00039975,ACCT003332,CUST003332,2024-03,Residential,SANTA CRUZ,Missing Meter Read,Medium,2024-04-03,,In Review
EXC00003644,BILL00039984,ACCT003332,CUST003332,2024-12,Residential,SANTA CRUZ,Invalid Meter Read,High,2025-01-03,2025-01-10,Resolved
EXC00003645,BILL00040008,ACCT003334,CUST003334,2024-12,Residential,KERN,Invalid Meter Read,High,2025-01-03,2025-01-12,Resolved
EXC00003646,BILL00040058,ACCT003339,CUST003339,2024-02,Residential,KERN,Invalid Meter Read,High,2024-03-03,,In Review
EXC00003647,BILL00040069,ACCT003340,CUST003340,2024-01,Residential,MERCED,Missing Meter Read,Medium,2024-02-03,2024-02-13,Resolved
EXC00003648,BILL00040123,ACCT003344,CUST003344,2024-07,Residential,KERN,Missing Meter Read,Medium,2024-08-03,2024-08-14,Resolved
EXC00003649,BILL00040158,ACCT003347,CUST003347,2024-06,Residential,SAN JOAQUIN,Missing Meter Read,Medium,2024-07-03,2024-07-08,Resolved
EXC00003650,BILL00040176,ACCT003348,CUST003348,2024-12,Residential,CONTRA COSTA,Invalid Meter Read,High,2025-01-03,,Open
EXC00003651,BILL00040222,ACCT003352,CUST003352,2024-10,Residential,CONTRA COSTA,Missing Meter Read,Medium,2024-11-03,,Open
EXC00003652,BILL00040266,ACCT003356,CUST003356,2024-06,Residential,ALAMEDA,Invalid Meter Read,High,2024-07-03,,In Review
EXC00003653,BILL00040285,ACCT003358,CUST003358,2024-01,Residential,PLACER,Inactive Account,High,2024-02-03,2024-02-12,Resolved
EXC00003654,BILL00040286,ACCT003358,CUST003358,2024-02,Residential,PLACER,Inactive Account,High,2024-03-03,2024-03-07,Resolved
EXC00003655,BILL00040287,ACCT003358,CUST003358,2024-03,Residential,PLACER,Inactive Account,High,2024-04-03,,In Review
EXC00003656,BILL00040288,ACCT003358,CUST003358,2024-04,Residential,PLACER,Inactive Account,High,2024-05-03,2024-05-10,Resolved
EXC00003657,BILL00040289,ACCT003358,CUST003358,2024-05,Residential,PLACER,Inactive Account,High,2024-06-03,2024-06-04,Resolved
EXC00003658,BILL00040290,ACCT003358,CUST003358,2024-06,Residential,PLACER,Inactive Account,High,2024-07-03,2024-07-14,Resolved
EXC00003659,BILL00040291,ACCT003358,CUST003358,2024-07,Residential,PLACER,Inactive Account,High,2024-08-03,2024-08-13,Resolved
EXC00003660,BILL00040292,ACCT003358,CUST003358,2024-08,Residential,PLACER,Inactive Account,High,2024-09-03,2024-09-08,Resolved
EXC00003661,BILL00040293,ACCT003358,CUST003358,2024-09,Residential,PLACER,Inactive Account,High,2024-10-03,,In Review
EXC00003662,BILL00040294,ACCT003358,CUST003358,2024-10,Residential,PLACER,Inactive Account,High,2024-11-03,2024-11-17,Resolved
EXC00003663,BILL00040295,ACCT003358,CUST003358,2024-11,Residential,PLACER,Inactive Account,High,2024-12-03,,Open
EXC00003664,BILL00040296,ACCT003358,CUST003358,2024-12,Residential,PLACER,Inactive Account,High,2025-01-03,,In Review
EXC00003665,BILL00040312,ACCT003360,CUST003360,2024-04,Residential,SANTA CLARA,Invalid Meter Read,High,2024-05-03,,In Review
EXC00003666,BILL00040313,ACCT003360,CUST003360,2024-05,Residential,SANTA CLARA,Invalid Meter Read,High,2024-06-03,,Open
EXC00003667,BILL00040325,ACCT003361,CUST003361,2024-05,Commercial,SAN JOAQUIN,Invalid Meter Read,High,2024-06-03,,In Review
EXC00003668,BILL00040354,ACCT003363,CUST003363,2024-10,Residential,ALAMEDA,Invalid Meter Read,High,2024-11-03,,In Review
EXC00003669,BILL00040387,ACCT003366,CUST003366,2024-07,Residential,MADERA,Invalid Meter Read,High,2024-08-03,,Open
EXC00003670,BILL00040469,ACCT003373,CUST003373,2024-05,Residential,KERN,Invalid Meter Read,High,2024-06-03,,In Review
EXC00003671,BILL00040477,ACCT003374,CUST003374,2024-01,Residential,SOLANO,Missing Meter Read,Medium,2024-02-03,2024-02-10,Resolved
EXC00003672,BILL00040525,ACCT003378,CUST003378,2024-01,Residential,SANTA CLARA,Inactive Account,High,2024-02-03,,Open
EXC00003673,BILL00040526,ACCT003378,CUST003378,2024-02,Residential,SANTA CLARA,Inactive Account,High,2024-03-03,2024-03-16,Resolved
EXC00003674,BILL00040527,ACCT003378,CUST003378,2024-03,Residential,SANTA CLARA,Inactive Account,High,2024-04-03,2024-04-06,Resolved
EXC00003675,BILL00040528,ACCT003378,CUST003378,2024-04,Residential,SANTA CLARA,Inactive Account,High,2024-05-03,2024-05-10,Resolved
EXC00003676,BILL00040529,ACCT003378,CUST003378,2024-05,Residential,SANTA CLARA,Inactive Account,High,2024-06-03,,Open
EXC00003677,BILL00040530,ACCT003378,CUST003378,2024-06,Residential,SANTA CLARA,Inactive Account,High,2024-07-03,2024-07-17,Resolved
EXC00003678,BILL00040531,ACCT003378,CUST003378,2024-07,Residential,SANTA CLARA,Inactive Account,High,2024-08-03,2024-08-12,Resolved
EXC00003679,BILL00040532,ACCT003378,CUST003378,2024-08,Residential,SANTA CLARA,Inactive Account,High,2024-09-03,2024-09-16,Resolved
EXC00003680,BILL00040533,ACCT003378,CUST003378,2024-09,Residential,SANTA CLARA,Inactive Account,High,2024-10-03,,Open
EXC00003681,BILL00040534,ACCT003378,CUST003378,2024-10,Residential,SANTA CLARA,Inactive Account,High,2024-11-03,2024-11-12,Resolved
EXC00003682,BILL00040535,ACCT003378,CUST003378,2024-11,Residential,SANTA CLARA,Inactive Account,High,2024-12-03,,In Review
EXC00003683,BILL00040536,ACCT003378,CUST003378,2024-12,Residential,SANTA CLARA,Inactive Account,High,2025-01-03,,Open
EXC00003684,BILL00040603,ACCT003384,CUST003384,2024-07,Residential,BUTTE,Missing Meter Read,Medium,2024-08-03,,Open
EXC00003685,BILL00040613,ACCT003385,CUST003385,2024-05,Residential,ALAMEDA,Missing Meter Read,Medium,2024-06-03,,In Review
EXC00003686,BILL00040665,ACCT003389,CUST003389,2024-09,Residential,SAN LUIS OBISPO,Missing Meter Read,Medium,2024-10-03,2024-10-16,Resolved
EXC00003687,BILL00040686,ACCT003391,CUST003391,2024-06,Residential,SAN LUIS OBISPO,Missing Meter Read,Medium,2024-07-03,,Open
EXC00003688,BILL00040745,ACCT003396,CUST003396,2024-05,Streetlighting,FRESNO,Missing Meter Read,Medium,2024-06-03,2024-06-15,Resolved
EXC00003689,BILL00040778,ACCT003399,CUST003399,2024-02,Residential,BUTTE,Missing Meter Read,Medium,2024-03-03,,Open
EXC00003690,BILL00040801,ACCT003401,CUST003401,2024-01,Residential,KERN,Inactive Account,High,2024-02-03,,In Review
EXC00003691,BILL00040802,ACCT003401,CUST003401,2024-02,Residential,KERN,Inactive Account,High,2024-03-03,,In Review
EXC00003692,BILL00040803,ACCT003401,CUST003401,2024-03,Residential,KERN,Inactive Account,High,2024-04-03,,In Review
EXC00003693,BILL00040804,ACCT003401,CUST003401,2024-04,Residential,KERN,Inactive Account,High,2024-05-03,,Open
EXC00003694,BILL00040805,ACCT003401,CUST003401,2024-05,Residential,KERN,Inactive Account,High,2024-06-03,,In Review
EXC00003695,BILL00040806,ACCT003401,CUST003401,2024-06,Residential,KERN,Inactive Account,High,2024-07-03,2024-07-15,Resolved
EXC00003696,BILL00040807,ACCT003401,CUST003401,2024-07,Residential,KERN,Inactive Account,High,2024-08-03,2024-08-06,Resolved
EXC00003697,BILL00040808,ACCT003401,CUST003401,2024-08,Residential,KERN,Inactive Account,High,2024-09-03,2024-09-16,Resolved
EXC00003698,BILL00040809,ACCT003401,CUST003401,2024-09,Residential,KERN,Inactive Account,High,2024-10-03,,Open
EXC00003699,BILL00040810,ACCT003401,CUST003401,2024-10,Residential,KERN,Inactive Account,High,2024-11-03,2024-11-04,Resolved
EXC00003700,BILL00040811,ACCT003401,CUST003401,2024-11,Residential,KERN,Inactive Account,High,2024-12-03,2024-12-17,Resolved
EXC00003701,BILL00040812,ACCT003401,CUST003401,2024-12,Residential,KERN,Inactive Account,High,2025-01-03,2025-01-11,Resolved
EXC00003702,BILL00040815,ACCT003402,CUST003402,2024-03,Residential,MENDOCINO,Missing Meter Read,Medium,2024-04-03,2024-04-16,Resolved
EXC00003703,BILL00040827,ACCT003403,CUST003403,2024-03,Streetlighting,SAN FRANCISCO,Missing Meter Read,Medium,2024-04-03,2024-04-16,Resolved
EXC00003704,BILL00040862,ACCT003406,CUST003406,2024-02,Commercial,SANTA CLARA,Invalid Meter Read,High,2024-03-03,,Open
EXC00003705,BILL00040922,ACCT003411,CUST003411,2024-02,Residential,KERN,Missing Meter Read,Medium,2024-03-03,,Open
EXC00003706,BILL00040943,ACCT003412,CUST003412,2024-11,Residential,HUMBOLDT,Missing Meter Read,Medium,2024-12-03,,Open
EXC00003707,BILL00040956,ACCT003413,CUST003413,2024-12,Residential,SAN MATEO,Missing Meter Read,Medium,2025-01-03,,In Review
EXC00003708,BILL00040960,ACCT003414,CUST003414,2024-04,Residential,KERN,Missing Meter Read,Medium,2024-05-03,2024-05-05,Resolved
EXC00003709,BILL00040994,ACCT003417,CUST003417,2024-02,Residential,MERCED,Missing Meter Read,Medium,2024-03-03,2024-03-12,Resolved
EXC00003710,BILL00041005,ACCT003418,CUST003418,2024-01,Residential,SAN FRANCISCO,Inactive Account,High,2024-02-03,,Open
EXC00003711,BILL00041006,ACCT003418,CUST003418,2024-02,Residential,SAN FRANCISCO,Inactive Account,High,2024-03-03,2024-03-08,Resolved
EXC00003712,BILL00041007,ACCT003418,CUST003418,2024-03,Residential,SAN FRANCISCO,Inactive Account,High,2024-04-03,2024-04-09,Resolved
EXC00003713,BILL00041008,ACCT003418,CUST003418,2024-04,Residential,SAN FRANCISCO,Inactive Account,High,2024-05-03,,Open
EXC00003714,BILL00041009,ACCT003418,CUST003418,2024-05,Residential,SAN FRANCISCO,Inactive Account,High,2024-06-03,,In Review
EXC00003715,BILL00041010,ACCT003418,CUST003418,2024-06,Residential,SAN FRANCISCO,Inactive Account,High,2024-07-03,2024-07-09,Resolved
EXC00003716,BILL00041011,ACCT003418,CUST003418,2024-07,Residential,SAN FRANCISCO,Inactive Account,High,2024-08-03,,In Review
EXC00003717,BILL00041012,ACCT003418,CUST003418,2024-08,Residential,SAN FRANCISCO,Inactive Account,High,2024-09-03,2024-09-05,Resolved
EXC00003718,BILL00041013,ACCT003418,CUST003418,2024-09,Residential,SAN FRANCISCO,Inactive Account,High,2024-10-03,2024-10-13,Resolved
EXC00003719,BILL00041014,ACCT003418,CUST003418,2024-10,Residential,SAN FRANCISCO,Inactive Account,High,2024-11-03,2024-11-10,Resolved
EXC00003720,BILL00041015,ACCT003418,CUST003418,2024-11,Residential,SAN FRANCISCO,Inactive Account,High,2024-12-03,,Open
EXC00003721,BILL00041016,ACCT003418,CUST003418,2024-12,Residential,SAN FRANCISCO,Inactive Account,High,2025-01-03,,In Review
EXC00003722,BILL00041033,ACCT003420,CUST003420,2024-05,Residential,SANTA CLARA,Missing Meter Read,Medium,2024-06-03,2024-06-06,Resolved
EXC00003723,BILL00041041,ACCT003421,CUST003421,2024-01,Residential,SAN FRANCISCO,Invalid Meter Read,High,2024-02-03,,Open
EXC00003724,BILL00041080,ACCT003424,CUST003424,2024-04,Residential,CONTRA COSTA,Missing Meter Read,Medium,2024-05-03,2024-05-15,Resolved
EXC00003725,BILL00041089,ACCT003425,CUST003425,2024-01,Commercial,SANTA CLARA,Invalid Meter Read,High,2024-02-03,,In Review
EXC00003726,BILL00041105,ACCT003426,CUST003426,2024-05,Residential,ALAMEDA,Missing Meter Read,Medium,2024-06-03,2024-06-07,Resolved
EXC00003727,BILL00041114,ACCT003427,CUST003427,2024-02,Residential,SANTA CLARA,Missing Meter Read,Medium,2024-03-03,2024-03-08,Resolved
EXC00003728,BILL00041117,ACCT003427,CUST003427,2024-05,Residential,SANTA CLARA,Missing Meter Read,Medium,2024-06-03,,Open
EXC00003729,BILL00041166,ACCT003431,CUST003431,2024-06,Residential,SANTA CLARA,Invalid Meter Read,High,2024-07-03,,Open
EXC00003730,BILL00041206,ACCT003434,CUST003434,2024-10,Residential,MONTEREY,Missing Meter Read,Medium,2024-11-03,,Open
EXC00003731,BILL00041209,ACCT003435,CUST003435,2024-01,Residential,KINGS,Invalid Meter Read,High,2024-02-03,2024-02-04,Resolved
EXC00003732,BILL00041221,ACCT003436,CUST003436,2024-01,Residential,ALAMEDA,Inactive Account,High,2024-02-03,2024-02-12,Resolved
EXC00003733,BILL00041222,ACCT003436,CUST003436,2024-02,Residential,ALAMEDA,Inactive Account,High,2024-03-03,,Open
EXC00003734,BILL00041223,ACCT003436,CUST003436,2024-03,Residential,ALAMEDA,Inactive Account,High,2024-04-03,,In Review
EXC00003735,BILL00041224,ACCT003436,CUST003436,2024-04,Residential,ALAMEDA,Inactive Account,High,2024-05-03,2024-05-14,Resolved
EXC00003736,BILL00041225,ACCT003436,CUST003436,2024-05,Residential,ALAMEDA,Inactive Account,High,2024-06-03,2024-06-15,Resolved
EXC00003737,BILL00041226,ACCT003436,CUST003436,2024-06,Residential,ALAMEDA,Inactive Account,High,2024-07-03,,Open
EXC00003738,BILL00041227,ACCT003436,CUST003436,2024-07,Residential,ALAMEDA,Inactive Account,High,2024-08-03,,Open
EXC00003739,BILL00041228,ACCT003436,CUST003436,2024-08,Residential,ALAMEDA,Inactive Account,High,2024-09-03,2024-09-11,Resolved
EXC00003740,BILL00041229,ACCT003436,CUST003436,2024-09,Residential,ALAMEDA,Inactive Account,High,2024-10-03,,In Review
EXC00003741,BILL00041230,ACCT003436,CUST003436,2024-10,Residential,ALAMEDA,Inactive Account,High,2024-11-03,,Open
EXC00003742,BILL00041231,ACCT003436,CUST003436,2024-11,Residential,ALAMEDA,Inactive Account,High,2024-12-03,,Open
EXC00003743,BILL00041232,ACCT003436,CUST003436,2024-12,Residential,ALAMEDA,Inactive Account,High,2025-01-03,2025-01-05,Resolved
EXC00003744,BILL00041381,ACCT003449,CUST003449,2024-05,Residential,SANTA CLARA,Invalid Meter Read,High,2024-06-03,2024-06-12,Resolved
EXC00003745,BILL00041486,ACCT003458,CUST003458,2024-02,Residential,KERN,Missing Meter Read,Medium,2024-03-03,2024-03-17,Resolved
EXC00003746,BILL00041497,ACCT003459,CUST003459,2024-01,Residential,LAKE,Inactive Account,High,2024-02-03,2024-02-11,Resolved
EXC00003747,BILL00041498,ACCT003459,CUST003459,2024-02,Residential,LAKE,Inactive Account,High,2024-03-03,2024-03-04,Resolved
EXC00003748,BILL00041499,ACCT003459,CUST003459,2024-03,Residential,LAKE,Inactive Account,High,2024-04-03,2024-04-07,Resolved
EXC00003749,BILL00041500,ACCT003459,CUST003459,2024-04,Residential,LAKE,Inactive Account,High,2024-05-03,2024-05-16,Resolved
EXC00003750,BILL00041501,ACCT003459,CUST003459,2024-05,Residential,LAKE,Inactive Account,High,2024-06-03,,In Review
EXC00003751,BILL00041502,ACCT003459,CUST003459,2024-06,Residential,LAKE,Inactive Account,High,2024-07-03,2024-07-12,Resolved
EXC00003752,BILL00041503,ACCT003459,CUST003459,2024-07,Residential,LAKE,Inactive Account,High,2024-08-03,,Open
EXC00003753,BILL00041504,ACCT003459,CUST003459,2024-08,Residential,LAKE,Inactive Account,High,2024-09-03,,Open
EXC00003754,BILL00041505,ACCT003459,CUST003459,2024-09,Residential,LAKE,Inactive Account,High,2024-10-03,2024-10-09,Resolved
EXC00003755,BILL00041506,ACCT003459,CUST003459,2024-10,Residential,LAKE,Inactive Account,High,2024-11-03,,Open
EXC00003756,BILL00041507,ACCT003459,CUST003459,2024-11,Residential,LAKE,Inactive Account,High,2024-12-03,2024-12-16,Resolved
EXC00003757,BILL00041508,ACCT003459,CUST003459,2024-12,Residential,LAKE,Inactive Account,High,2025-01-03,2025-01-05,Resolved
EXC00003758,BILL00041521,ACCT003461,CUST003461,2024-01,Residential,KINGS,Inactive Account,High,2024-02-03,,Open
EXC00003759,BILL00041522,ACCT003461,CUST003461,2024-02,Residential,KINGS,Inactive Account,High,2024-03-03,2024-03-08,Resolved
EXC00003760,BILL00041523,ACCT003461,CUST003461,2024-03,Residential,KINGS,Inactive Account,High,2024-04-03,2024-04-11,Resolved
EXC00003761,BILL00041524,ACCT003461,CUST003461,2024-04,Residential,KINGS,Inactive Account,High,2024-05-03,,Open
EXC00003762,BILL00041525,ACCT003461,CUST003461,2024-05,Residential,KINGS,Inactive Account,High,2024-06-03,,Open
EXC00003763,BILL00041526,ACCT003461,CUST003461,2024-06,Residential,KINGS,Inactive Account,High,2024-07-03,2024-07-15,Resolved
EXC00003764,BILL00041527,ACCT003461,CUST003461,2024-07,Residential,KINGS,Inactive Account,High,2024-08-03,2024-08-17,Resolved
EXC00003765,BILL00041528,ACCT003461,CUST003461,2024-08,Residential,KINGS,Inactive Account,High,2024-09-03,2024-09-12,Resolved
EXC00003766,BILL00041529,ACCT003461,CUST003461,2024-09,Residential,KINGS,Inactive Account,High,2024-10-03,2024-10-15,Resolved
EXC00003767,BILL00041530,ACCT003461,CUST003461,2024-10,Residential,KINGS,Inactive Account,High,2024-11-03,,In Review
EXC00003768,BILL00041531,ACCT003461,CUST003461,2024-11,Residential,KINGS,Inactive Account,High,2024-12-03,2024-12-05,Resolved
EXC00003769,BILL00041532,ACCT003461,CUST003461,2024-12,Residential,KINGS,Inactive Account,High,2025-01-03,2025-01-13,Resolved
EXC00003770,BILL00041548,ACCT003463,CUST003463,2024-04,Residential,ALAMEDA,Missing Meter Read,Medium,2024-05-03,,Open
EXC00003771,BILL00041629,ACCT003470,CUST003470,2024-01,Residential,CONTRA COSTA,Missing Meter Read,Medium,2024-02-03,2024-02-13,Resolved
EXC00003772,BILL00041818,ACCT003485,CUST003485,2024-10,Residential,FRESNO,Invalid Meter Read,High,2024-11-03,2024-11-06,Resolved
EXC00003773,BILL00041821,ACCT003486,CUST003486,2024-01,Residential,MERCED,Inactive Account,High,2024-02-03,2024-02-16,Resolved
EXC00003774,BILL00041822,ACCT003486,CUST003486,2024-02,Residential,MERCED,Inactive Account,High,2024-03-03,,Open
EXC00003775,BILL00041823,ACCT003486,CUST003486,2024-03,Residential,MERCED,Inactive Account,High,2024-04-03,,Open
EXC00003776,BILL00041824,ACCT003486,CUST003486,2024-04,Residential,MERCED,Inactive Account,High,2024-05-03,,In Review
EXC00003777,BILL00041825,ACCT003486,CUST003486,2024-05,Residential,MERCED,Inactive Account,High,2024-06-03,2024-06-08,Resolved
EXC00003778,BILL00041826,ACCT003486,CUST003486,2024-06,Residential,MERCED,Inactive Account,High,2024-07-03,,In Review
EXC00003779,BILL00041827,ACCT003486,CUST003486,2024-07,Residential,MERCED,Inactive Account,High,2024-08-03,,In Review
EXC00003780,BILL00041828,ACCT003486,CUST003486,2024-08,Residential,MERCED,Inactive Account,High,2024-09-03,,Open
EXC00003781,BILL00041829,ACCT003486,CUST003486,2024-09,Residential,MERCED,Inactive Account,High,2024-10-03,,In Review
EXC00003782,BILL00041830,ACCT003486,CUST003486,2024-10,Residential,MERCED,Inactive Account,High,2024-11-03,2024-11-06,Resolved
EXC00003783,BILL00041831,ACCT003486,CUST003486,2024-11,Residential,MERCED,Inactive Account,High,2024-12-03,2024-12-09,Resolved
EXC00003784,BILL00041832,ACCT003486,CUST003486,2024-12,Residential,MERCED,Inactive Account,High,2025-01-03,2025-01-13,Resolved
EXC00003785,BILL00041853,ACCT003488,CUST003488,2024-09,Residential,PLACER,Invalid Meter Read,High,2024-10-03,2024-10-15,Resolved
EXC00003786,BILL00041881,ACCT003491,CUST003491,2024-01,Residential,SAN JOAQUIN,Missing Meter Read,Medium,2024-02-03,,Open
EXC00003787,BILL00041989,ACCT003500,CUST003500,2024-01,Residential,ALAMEDA,Missing Meter Read,Medium,2024-02-03,,Open
EXC00003788,BILL00042133,ACCT003512,CUST003512,2024-01,Residential,SANTA BARBARA,Inactive Account,High,2024-02-03,2024-02-12,Resolved
EXC00003789,BILL00042134,ACCT003512,CUST003512,2024-02,Residential,SANTA BARBARA,Inactive Account,High,2024-03-03,2024-03-05,Resolved
EXC00003790,BILL00042135,ACCT003512,CUST003512,2024-03,Residential,SANTA BARBARA,Inactive Account,High,2024-04-03,2024-04-13,Resolved
EXC00003791,BILL00042136,ACCT003512,CUST003512,2024-04,Residential,SANTA BARBARA,Inactive Account,High,2024-05-03,2024-05-12,Resolved
EXC00003792,BILL00042137,ACCT003512,CUST003512,2024-05,Residential,SANTA BARBARA,Inactive Account,High,2024-06-03,2024-06-09,Resolved
EXC00003793,BILL00042138,ACCT003512,CUST003512,2024-06,Residential,SANTA BARBARA,Inactive Account,High,2024-07-03,2024-07-16,Resolved
EXC00003794,BILL00042139,ACCT003512,CUST003512,2024-07,Residential,SANTA BARBARA,Inactive Account,High,2024-08-03,2024-08-04,Resolved
EXC00003795,BILL00042140,ACCT003512,CUST003512,2024-08,Residential,SANTA BARBARA,Inactive Account,High,2024-09-03,2024-09-16,Resolved
EXC00003796,BILL00042141,ACCT003512,CUST003512,2024-09,Residential,SANTA BARBARA,Inactive Account,High,2024-10-03,,In Review
EXC00003797,BILL00042142,ACCT003512,CUST003512,2024-10,Residential,SANTA BARBARA,Inactive Account,High,2024-11-03,,In Review
EXC00003798,BILL00042143,ACCT003512,CUST003512,2024-11,Residential,SANTA BARBARA,Inactive Account,High,2024-12-03,,Open
EXC00003799,BILL00042144,ACCT003512,CUST003512,2024-12,Residential,SANTA BARBARA,Inactive Account,High,2025-01-03,,Open
EXC00003800,BILL00042152,ACCT003513,CUST003513,2024-08,"Transportation, Communications, & Utilities",FRESNO,Missing Meter Read,Medium,2024-09-03,2024-09-09,Resolved
EXC00003801,BILL00042208,ACCT003518,CUST003518,2024-04,Residential,YOLO,Missing Meter Read,Medium,2024-05-03,,Open
EXC00003802,BILL00042251,ACCT003521,CUST003521,2024-11,Residential,KERN,Missing Meter Read,Medium,2024-12-03,,Open
EXC00003803,BILL00042270,ACCT003523,CUST003523,2024-06,Residential,SANTA CLARA,Missing Meter Read,Medium,2024-07-03,,Open
EXC00003804,BILL00042326,ACCT003528,CUST003528,2024-02,Residential,MERCED,Missing Meter Read,Medium,2024-03-03,,Open
EXC00003805,BILL00042329,ACCT003528,CUST003528,2024-05,Residential,MERCED,Missing Meter Read,Medium,2024-06-03,2024-06-07,Resolved
EXC00003806,BILL00042364,ACCT003531,CUST003531,2024-04,Residential,CALAVERAS,Missing Meter Read,Medium,2024-05-03,2024-05-06,Resolved
EXC00003807,BILL00042378,ACCT003532,CUST003532,2024-06,Commercial,CONTRA COSTA,Missing Meter Read,Medium,2024-07-03,,In Review
EXC00003808,BILL00042388,ACCT003533,CUST003533,2024-04,Residential,SAN FRANCISCO,Missing Meter Read,Medium,2024-05-03,,In Review
EXC00003809,BILL00042410,ACCT003535,CUST003535,2024-02,Residential,SAN FRANCISCO,Invalid Meter Read,High,2024-03-03,2024-03-13,Resolved
EXC00003810,BILL00042476,ACCT003540,CUST003540,2024-08,Residential,MONTEREY,Missing Meter Read,Medium,2024-09-03,,Open
EXC00003811,BILL00042531,ACCT003545,CUST003545,2024-03,Commercial,KERN,Missing Meter Read,Medium,2024-04-03,,Open
EXC00003812,BILL00042594,ACCT003550,CUST003550,2024-06,Residential,SANTA CLARA,Invalid Meter Read,High,2024-07-03,2024-07-06,Resolved
EXC00003813,BILL00042664,ACCT003556,CUST003556,2024-04,Residential,FRESNO,Missing Meter Read,Medium,2024-05-03,2024-05-06,Resolved
EXC00003814,BILL00042666,ACCT003556,CUST003556,2024-06,Residential,FRESNO,Invalid Meter Read,High,2024-07-03,,In Review
EXC00003815,BILL00042713,ACCT003560,CUST003560,2024-05,Residential,SAN JOAQUIN,Missing Meter Read,Medium,2024-06-03,,Open
EXC00003816,BILL00042751,ACCT003563,CUST003563,2024-07,Residential,FRESNO,Missing Meter Read,Medium,2024-08-03,2024-08-07,Resolved
EXC00003817,BILL00042798,ACCT003567,CUST003567,2024-06,Residential,YOLO,Missing Meter Read,Medium,2024-07-03,,In Review
EXC00003818,BILL00042817,ACCT003569,CUST003569,2024-01,Residential,KERN,Inactive Account,High,2024-02-03,2024-02-09,Resolved
EXC00003819,BILL00042818,ACCT003569,CUST003569,2024-02,Residential,KERN,Inactive Account,High,2024-03-03,,In Review
EXC00003820,BILL00042819,ACCT003569,CUST003569,2024-03,Residential,KERN,Inactive Account,High,2024-04-03,,In Review
EXC00003821,BILL00042820,ACCT003569,CUST003569,2024-04,Residential,KERN,Inactive Account,High,2024-05-03,,Open
EXC00003822,BILL00042821,ACCT003569,CUST003569,2024-05,Residential,KERN,Inactive Account,High,2024-06-03,2024-06-10,Resolved
EXC00003823,BILL00042822,ACCT003569,CUST003569,2024-06,Residential,KERN,Inactive Account,High,2024-07-03,2024-07-08,Resolved
EXC00003824,BILL00042823,ACCT003569,CUST003569,2024-07,Residential,KERN,Inactive Account,High,2024-08-03,2024-08-10,Resolved
EXC00003825,BILL00042824,ACCT003569,CUST003569,2024-08,Residential,KERN,Inactive Account,High,2024-09-03,2024-09-06,Resolved
EXC00003826,BILL00042825,ACCT003569,CUST003569,2024-09,Residential,KERN,Inactive Account,High,2024-10-03,,In Review
EXC00003827,BILL00042826,ACCT003569,CUST003569,2024-10,Residential,KERN,Inactive Account,High,2024-11-03,2024-11-16,Resolved
EXC00003828,BILL00042827,ACCT003569,CUST003569,2024-11,Residential,KERN,Inactive Account,High,2024-12-03,2024-12-11,Resolved
EXC00003829,BILL00042828,ACCT003569,CUST003569,2024-12,Residential,KERN,Inactive Account,High,2025-01-03,2025-01-16,Resolved
EXC00003830,BILL00042848,ACCT003571,CUST003571,2024-08,Residential,KERN,Invalid Meter Read,High,2024-09-03,,Open
EXC00003831,BILL00042854,ACCT003572,CUST003572,2024-02,Residential,KERN,Invalid Meter Read,High,2024-03-03,,In Review
EXC00003832,BILL00042871,ACCT003573,CUST003573,2024-07,Commercial,ALAMEDA,Missing Meter Read,Medium,2024-08-03,,In Review
EXC00003833,BILL00042882,ACCT003574,CUST003574,2024-06,"Transportation, Communications, & Utilities",ALAMEDA,Invalid Meter Read,High,2024-07-03,2024-07-04,Resolved
EXC00003834,BILL00042896,ACCT003575,CUST003575,2024-08,Commercial,BUTTE,Invalid Meter Read,High,2024-09-03,2024-09-12,Resolved
EXC00003835,BILL00042937,ACCT003579,CUST003579,2024-01,Residential,SAN MATEO,Inactive Account,High,2024-02-03,,Open
EXC00003836,BILL00042938,ACCT003579,CUST003579,2024-02,Residential,SAN MATEO,Inactive Account,High,2024-03-03,2024-03-07,Resolved
EXC00003837,BILL00042939,ACCT003579,CUST003579,2024-03,Residential,SAN MATEO,Inactive Account,High,2024-04-03,,Open
EXC00003838,BILL00042940,ACCT003579,CUST003579,2024-04,Residential,SAN MATEO,Inactive Account,High,2024-05-03,,Open
EXC00003839,BILL00042941,ACCT003579,CUST003579,2024-05,Residential,SAN MATEO,Inactive Account,High,2024-06-03,2024-06-07,Resolved
EXC00003840,BILL00042942,ACCT003579,CUST003579,2024-06,Residential,SAN MATEO,Inactive Account,High,2024-07-03,2024-07-05,Resolved
EXC00003841,BILL00042943,ACCT003579,CUST003579,2024-07,Residential,SAN MATEO,Inactive Account,High,2024-08-03,,Open
EXC00003842,BILL00042944,ACCT003579,CUST003579,2024-08,Residential,SAN MATEO,Inactive Account,High,2024-09-03,2024-09-16,Resolved
EXC00003843,BILL00042945,ACCT003579,CUST003579,2024-09,Residential,SAN MATEO,Inactive Account,High,2024-10-03,2024-10-15,Resolved
EXC00003844,BILL00042946,ACCT003579,CUST003579,2024-10,Residential,SAN MATEO,Inactive Account,High,2024-11-03,2024-11-09,Resolved
EXC00003845,BILL00042947,ACCT003579,CUST003579,2024-11,Residential,SAN MATEO,Inactive Account,High,2024-12-03,2024-12-17,Resolved
EXC00003846,BILL00042948,ACCT003579,CUST003579,2024-12,Residential,SAN MATEO,Inactive Account,High,2025-01-03,,In Review
EXC00003847,BILL00042954,ACCT003580,CUST003580,2024-06,Residential,CONTRA COSTA,Invalid Meter Read,High,2024-07-03,2024-07-16,Resolved
EXC00003848,BILL00042974,ACCT003582,CUST003582,2024-02,Commercial,MERCED,Missing Meter Read,Medium,2024-03-03,2024-03-08,Resolved
EXC00003849,BILL00043009,ACCT003585,CUST003585,2024-01,Residential,KERN,Invalid Meter Read,High,2024-02-03,,In Review
EXC00003850,BILL00043033,ACCT003587,CUST003587,2024-01,Residential,MONTEREY,Inactive Account,High,2024-02-03,2024-02-11,Resolved
EXC00003851,BILL00043034,ACCT003587,CUST003587,2024-02,Residential,MONTEREY,Inactive Account,High,2024-03-03,2024-03-04,Resolved
EXC00003852,BILL00043035,ACCT003587,CUST003587,2024-03,Residential,MONTEREY,Inactive Account,High,2024-04-03,2024-04-05,Resolved
EXC00003853,BILL00043036,ACCT003587,CUST003587,2024-04,Residential,MONTEREY,Inactive Account,High,2024-05-03,,Open
EXC00003854,BILL00043037,ACCT003587,CUST003587,2024-05,Residential,MONTEREY,Inactive Account,High,2024-06-03,2024-06-13,Resolved
EXC00003855,BILL00043038,ACCT003587,CUST003587,2024-06,Residential,MONTEREY,Inactive Account,High,2024-07-03,,In Review
EXC00003856,BILL00043039,ACCT003587,CUST003587,2024-07,Residential,MONTEREY,Inactive Account,High,2024-08-03,,Open
EXC00003857,BILL00043040,ACCT003587,CUST003587,2024-08,Residential,MONTEREY,Inactive Account,High,2024-09-03,,Open
EXC00003858,BILL00043041,ACCT003587,CUST003587,2024-09,Residential,MONTEREY,Inactive Account,High,2024-10-03,2024-10-05,Resolved
EXC00003859,BILL00043042,ACCT003587,CUST003587,2024-10,Residential,MONTEREY,Inactive Account,High,2024-11-03,2024-11-07,Resolved
EXC00003860,BILL00043043,ACCT003587,CUST003587,2024-11,Residential,MONTEREY,Inactive Account,High,2024-12-03,,In Review
EXC00003861,BILL00043044,ACCT003587,CUST003587,2024-12,Residential,MONTEREY,Inactive Account,High,2025-01-03,,In Review
EXC00003862,BILL00043082,ACCT003591,CUST003591,2024-02,Agriculture And Water Pumping,SAN JOAQUIN,Invalid Meter Read,High,2024-03-03,,Open
EXC00003863,BILL00043089,ACCT003591,CUST003591,2024-09,Agriculture And Water Pumping,SAN JOAQUIN,Missing Meter Read,Medium,2024-10-03,,Open
EXC00003864,BILL00043094,ACCT003592,CUST003592,2024-02,Residential,CONTRA COSTA,Missing Meter Read,Medium,2024-03-03,2024-03-12,Resolved
EXC00003865,BILL00043098,ACCT003592,CUST003592,2024-06,Residential,CONTRA COSTA,Missing Meter Read,Medium,2024-07-03,,Open
EXC00003866,BILL00043131,ACCT003595,CUST003595,2024-03,Residential,SOLANO,Missing Meter Read,Medium,2024-04-03,,In Review
EXC00003867,BILL00043138,ACCT003595,CUST003595,2024-10,Residential,SOLANO,Invalid Meter Read,High,2024-11-03,,Open
EXC00003868,BILL00043141,ACCT003596,CUST003596,2024-01,Residential,SAN FRANCISCO,Missing Meter Read,Medium,2024-02-03,,Open
EXC00003869,BILL00043163,ACCT003597,CUST003597,2024-11,Residential,PLACER,Missing Meter Read,Medium,2024-12-03,,Open
EXC00003870,BILL00043177,ACCT003599,CUST003599,2024-01,Residential,PLACER,Missing Meter Read,Medium,2024-02-03,,In Review
EXC00003871,BILL00043204,ACCT003601,CUST003601,2024-04,Residential,KERN,Invalid Meter Read,High,2024-05-03,2024-05-16,Resolved
EXC00003872,BILL00043277,ACCT003607,CUST003607,2024-05,Commercial,FRESNO,Invalid Meter Read,High,2024-06-03,2024-06-09,Resolved
EXC00003873,BILL00043288,ACCT003608,CUST003608,2024-04,Residential,ALAMEDA,Missing Meter Read,Medium,2024-05-03,2024-05-17,Resolved
EXC00003874,BILL00043308,ACCT003609,CUST003609,2024-12,Industrial,SANTA BARBARA,Invalid Meter Read,High,2025-01-03,,Open
EXC00003875,BILL00043380,ACCT003615,CUST003615,2024-12,Residential,ALAMEDA,Invalid Meter Read,High,2025-01-03,,In Review
EXC00003876,BILL00043395,ACCT003617,CUST003617,2024-03,Residential,LAKE,Missing Meter Read,Medium,2024-04-03,2024-04-12,Resolved
EXC00003877,BILL00043456,ACCT003622,CUST003622,2024-04,Residential,SANTA CLARA,Missing Meter Read,Medium,2024-05-03,2024-05-07,Resolved
EXC00003878,BILL00043523,ACCT003627,CUST003627,2024-11,Residential,ALAMEDA,Invalid Meter Read,High,2024-12-03,,Open
EXC00003879,BILL00043529,ACCT003628,CUST003628,2024-05,Commercial,MONTEREY,Missing Meter Read,Medium,2024-06-03,2024-06-06,Resolved
EXC00003880,BILL00043530,ACCT003628,CUST003628,2024-06,Commercial,MONTEREY,Missing Meter Read,Medium,2024-07-03,2024-07-15,Resolved
EXC00003881,BILL00043549,ACCT003630,CUST003630,2024-01,Residential,FRESNO,Inactive Account,High,2024-02-03,2024-02-14,Resolved
EXC00003882,BILL00043550,ACCT003630,CUST003630,2024-02,Residential,FRESNO,Inactive Account,High,2024-03-03,,In Review
EXC00003883,BILL00043551,ACCT003630,CUST003630,2024-03,Residential,FRESNO,Inactive Account,High,2024-04-03,2024-04-05,Resolved
EXC00003884,BILL00043552,ACCT003630,CUST003630,2024-04,Residential,FRESNO,Inactive Account,High,2024-05-03,2024-05-16,Resolved
EXC00003885,BILL00043553,ACCT003630,CUST003630,2024-05,Residential,FRESNO,Inactive Account,High,2024-06-03,2024-06-10,Resolved
EXC00003886,BILL00043554,ACCT003630,CUST003630,2024-06,Residential,FRESNO,Inactive Account,High,2024-07-03,,Open
EXC00003887,BILL00043555,ACCT003630,CUST003630,2024-07,Residential,FRESNO,Inactive Account,High,2024-08-03,2024-08-08,Resolved
EXC00003888,BILL00043556,ACCT003630,CUST003630,2024-08,Residential,FRESNO,Inactive Account,High,2024-09-03,,Open
EXC00003889,BILL00043557,ACCT003630,CUST003630,2024-09,Residential,FRESNO,Inactive Account,High,2024-10-03,2024-10-05,Resolved
EXC00003890,BILL00043558,ACCT003630,CUST003630,2024-10,Residential,FRESNO,Inactive Account,High,2024-11-03,2024-11-14,Resolved
EXC00003891,BILL00043559,ACCT003630,CUST003630,2024-11,Residential,FRESNO,Inactive Account,High,2024-12-03,2024-12-10,Resolved
EXC00003892,BILL00043560,ACCT003630,CUST003630,2024-12,Residential,FRESNO,Inactive Account,High,2025-01-03,,Open
EXC00003893,BILL00043562,ACCT003631,CUST003631,2024-02,Residential,FRESNO,Invalid Meter Read,High,2024-03-03,2024-03-10,Resolved
EXC00003894,BILL00043681,ACCT003641,CUST003641,2024-01,Residential,SAN JOAQUIN,Missing Meter Read,Medium,2024-02-03,2024-02-07,Resolved
EXC00003895,BILL00043766,ACCT003648,CUST003648,2024-02,Residential,SANTA CLARA,Missing Meter Read,Medium,2024-03-03,2024-03-09,Resolved
EXC00003896,BILL00043810,ACCT003651,CUST003651,2024-10,Residential,SANTA CLARA,Missing Meter Read,Medium,2024-11-03,,Open
EXC00003897,BILL00043816,ACCT003652,CUST003652,2024-04,Residential,KERN,Missing Meter Read,Medium,2024-05-03,,Open
EXC00003898,BILL00043838,ACCT003654,CUST003654,2024-02,Residential,SAN FRANCISCO,Missing Meter Read,Medium,2024-03-03,2024-03-13,Resolved
EXC00003899,BILL00043860,ACCT003655,CUST003655,2024-12,Residential,MARIN,Invalid Meter Read,High,2025-01-03,,In Review
EXC00003900,BILL00043861,ACCT003656,CUST003656,2024-01,Residential,KERN,Inactive Account,High,2024-02-03,2024-02-16,Resolved
EXC00003901,BILL00043862,ACCT003656,CUST003656,2024-02,Residential,KERN,Inactive Account,High,2024-03-03,2024-03-08,Resolved
EXC00003902,BILL00043863,ACCT003656,CUST003656,2024-03,Residential,KERN,Inactive Account,High,2024-04-03,2024-04-06,Resolved
EXC00003903,BILL00043864,ACCT003656,CUST003656,2024-04,Residential,KERN,Inactive Account,High,2024-05-03,2024-05-04,Resolved
EXC00003904,BILL00043865,ACCT003656,CUST003656,2024-05,Residential,KERN,Inactive Account,High,2024-06-03,2024-06-16,Resolved
EXC00003905,BILL00043866,ACCT003656,CUST003656,2024-06,Residential,KERN,Inactive Account,High,2024-07-03,2024-07-06,Resolved
EXC00003906,BILL00043867,ACCT003656,CUST003656,2024-07,Residential,KERN,Inactive Account,High,2024-08-03,,In Review
EXC00003907,BILL00043868,ACCT003656,CUST003656,2024-08,Residential,KERN,Inactive Account,High,2024-09-03,2024-09-17,Resolved
EXC00003908,BILL00043869,ACCT003656,CUST003656,2024-09,Residential,KERN,Inactive Account,High,2024-10-03,2024-10-17,Resolved
EXC00003909,BILL00043870,ACCT003656,CUST003656,2024-10,Residential,KERN,Inactive Account,High,2024-11-03,2024-11-17,Resolved
EXC00003910,BILL00043871,ACCT003656,CUST003656,2024-11,Residential,KERN,Inactive Account,High,2024-12-03,2024-12-08,Resolved
EXC00003911,BILL00043872,ACCT003656,CUST003656,2024-12,Residential,KERN,Inactive Account,High,2025-01-03,2025-01-12,Resolved
EXC00003912,BILL00043881,ACCT003657,CUST003657,2024-09,Residential,PLACER,Missing Meter Read,Medium,2024-10-03,,In Review
EXC00003913,BILL00043885,ACCT003658,CUST003658,2024-01,Residential,SANTA CLARA,Missing Meter Read,Medium,2024-02-03,2024-02-16,Resolved
EXC00003914,BILL00043909,ACCT003660,CUST003660,2024-01,Commercial,MONTEREY,Missing Meter Read,Medium,2024-02-03,2024-02-13,Resolved
EXC00003915,BILL00043915,ACCT003660,CUST003660,2024-07,Commercial,MONTEREY,Missing Meter Read,Medium,2024-08-03,2024-08-09,Resolved
EXC00003916,BILL00043933,ACCT003662,CUST003662,2024-01,Residential,KERN,Invalid Meter Read,High,2024-02-03,2024-02-15,Resolved
EXC00003917,BILL00043934,ACCT003662,CUST003662,2024-02,Residential,KERN,Missing Meter Read,Medium,2024-03-03,2024-03-04,Resolved
EXC00003918,BILL00043991,ACCT003666,CUST003666,2024-11,Residential,SAN FRANCISCO,Invalid Meter Read,High,2024-12-03,,In Review
EXC00003919,BILL00043993,ACCT003667,CUST003667,2024-01,Commercial,FRESNO,Missing Meter Read,Medium,2024-02-03,,Open
EXC00003920,BILL00044046,ACCT003671,CUST003671,2024-06,Residential,NAPA,Invalid Meter Read,High,2024-07-03,2024-07-06,Resolved
EXC00003921,BILL00044075,ACCT003673,CUST003673,2024-11,Residential,KERN,Missing Meter Read,Medium,2024-12-03,,Open
EXC00003922,BILL00044089,ACCT003675,CUST003675,2024-01,Residential,CONTRA COSTA,Inactive Account,High,2024-02-03,2024-02-11,Resolved
EXC00003923,BILL00044090,ACCT003675,CUST003675,2024-02,Residential,CONTRA COSTA,Inactive Account,High,2024-03-03,2024-03-04,Resolved
EXC00003924,BILL00044091,ACCT003675,CUST003675,2024-03,Residential,CONTRA COSTA,Inactive Account,High,2024-04-03,,In Review
EXC00003925,BILL00044092,ACCT003675,CUST003675,2024-04,Residential,CONTRA COSTA,Inactive Account,High,2024-05-03,2024-05-06,Resolved
EXC00003926,BILL00044093,ACCT003675,CUST003675,2024-05,Residential,CONTRA COSTA,Inactive Account,High,2024-06-03,2024-06-10,Resolved
EXC00003927,BILL00044094,ACCT003675,CUST003675,2024-06,Residential,CONTRA COSTA,Inactive Account,High,2024-07-03,2024-07-16,Resolved
EXC00003928,BILL00044095,ACCT003675,CUST003675,2024-07,Residential,CONTRA COSTA,Inactive Account,High,2024-08-03,2024-08-16,Resolved
EXC00003929,BILL00044096,ACCT003675,CUST003675,2024-08,Residential,CONTRA COSTA,Inactive Account,High,2024-09-03,2024-09-10,Resolved
EXC00003930,BILL00044097,ACCT003675,CUST003675,2024-09,Residential,CONTRA COSTA,Inactive Account,High,2024-10-03,2024-10-16,Resolved
EXC00003931,BILL00044098,ACCT003675,CUST003675,2024-10,Residential,CONTRA COSTA,Inactive Account,High,2024-11-03,,Open
EXC00003932,BILL00044099,ACCT003675,CUST003675,2024-11,Residential,CONTRA COSTA,Inactive Account,High,2024-12-03,,Open
EXC00003933,BILL00044100,ACCT003675,CUST003675,2024-12,Residential,CONTRA COSTA,Inactive Account,High,2025-01-03,,In Review
EXC00003934,BILL00044145,ACCT003679,CUST003679,2024-09,Commercial,PLACER,Invalid Meter Read,High,2024-10-03,2024-10-04,Resolved
EXC00003935,BILL00044161,ACCT003681,CUST003681,2024-01,Residential,CONTRA COSTA,Inactive Account,High,2024-02-03,2024-02-11,Resolved
EXC00003936,BILL00044162,ACCT003681,CUST003681,2024-02,Residential,CONTRA COSTA,Inactive Account,High,2024-03-03,,In Review
EXC00003937,BILL00044163,ACCT003681,CUST003681,2024-03,Residential,CONTRA COSTA,Inactive Account,High,2024-04-03,2024-04-13,Resolved
EXC00003938,BILL00044164,ACCT003681,CUST003681,2024-04,Residential,CONTRA COSTA,Inactive Account,High,2024-05-03,2024-05-05,Resolved
EXC00003939,BILL00044165,ACCT003681,CUST003681,2024-05,Residential,CONTRA COSTA,Inactive Account,High,2024-06-03,2024-06-04,Resolved
EXC00003940,BILL00044166,ACCT003681,CUST003681,2024-06,Residential,CONTRA COSTA,Inactive Account,High,2024-07-03,,Open
EXC00003941,BILL00044167,ACCT003681,CUST003681,2024-07,Residential,CONTRA COSTA,Inactive Account,High,2024-08-03,,Open
EXC00003942,BILL00044168,ACCT003681,CUST003681,2024-08,Residential,CONTRA COSTA,Inactive Account,High,2024-09-03,2024-09-14,Resolved
EXC00003943,BILL00044169,ACCT003681,CUST003681,2024-09,Residential,CONTRA COSTA,Inactive Account,High,2024-10-03,2024-10-08,Resolved
EXC00003944,BILL00044170,ACCT003681,CUST003681,2024-10,Residential,CONTRA COSTA,Inactive Account,High,2024-11-03,2024-11-06,Resolved
EXC00003945,BILL00044171,ACCT003681,CUST003681,2024-11,Residential,CONTRA COSTA,Inactive Account,High,2024-12-03,,Open
EXC00003946,BILL00044172,ACCT003681,CUST003681,2024-12,Residential,CONTRA COSTA,Inactive Account,High,2025-01-03,2025-01-07,Resolved
EXC00003947,BILL00044178,ACCT003682,CUST003682,2024-06,Residential,SAN JOAQUIN,Invalid Meter Read,High,2024-07-03,2024-07-10,Resolved
EXC00003948,BILL00044193,ACCT003683,CUST003683,2024-09,Residential,SANTA CLARA,Missing Meter Read,Medium,2024-10-03,,Open
EXC00003949,BILL00044195,ACCT003683,CUST003683,2024-11,Residential,SANTA CLARA,Missing Meter Read,Medium,2024-12-03,,Open
EXC00003950,BILL00044207,ACCT003684,CUST003684,2024-11,Residential,SAN LUIS OBISPO,Missing Meter Read,Medium,2024-12-03,,Open
EXC00003951,BILL00044230,ACCT003686,CUST003686,2024-10,Residential,SAN FRANCISCO,Missing Meter Read,Medium,2024-11-03,2024-11-11,Resolved
EXC00003952,BILL00044245,ACCT003688,CUST003688,2024-01,Residential,SANTA CLARA,Inactive Account,High,2024-02-03,,Open
EXC00003953,BILL00044246,ACCT003688,CUST003688,2024-02,Residential,SANTA CLARA,Inactive Account,High,2024-03-03,,Open
EXC00003954,BILL00044247,ACCT003688,CUST003688,2024-03,Residential,SANTA CLARA,Inactive Account,High,2024-04-03,,In Review
EXC00003955,BILL00044248,ACCT003688,CUST003688,2024-04,Residential,SANTA CLARA,Inactive Account,High,2024-05-03,2024-05-17,Resolved
EXC00003956,BILL00044249,ACCT003688,CUST003688,2024-05,Residential,SANTA CLARA,Inactive Account,High,2024-06-03,,Open
EXC00003957,BILL00044250,ACCT003688,CUST003688,2024-06,Residential,SANTA CLARA,Inactive Account,High,2024-07-03,2024-07-06,Resolved
EXC00003958,BILL00044251,ACCT003688,CUST003688,2024-07,Residential,SANTA CLARA,Inactive Account,High,2024-08-03,,Open
EXC00003959,BILL00044252,ACCT003688,CUST003688,2024-08,Residential,SANTA CLARA,Inactive Account,High,2024-09-03,2024-09-08,Resolved
EXC00003960,BILL00044253,ACCT003688,CUST003688,2024-09,Residential,SANTA CLARA,Inactive Account,High,2024-10-03,,Open
EXC00003961,BILL00044254,ACCT003688,CUST003688,2024-10,Residential,SANTA CLARA,Inactive Account,High,2024-11-03,,In Review
EXC00003962,BILL00044255,ACCT003688,CUST003688,2024-11,Residential,SANTA CLARA,Inactive Account,High,2024-12-03,2024-12-05,Resolved
EXC00003963,BILL00044256,ACCT003688,CUST003688,2024-12,Residential,SANTA CLARA,Inactive Account,High,2025-01-03,,Open
EXC00003964,BILL00044262,ACCT003689,CUST003689,2024-06,Residential,SANTA CLARA,Missing Meter Read,Medium,2024-07-03,,Open
EXC00003965,BILL00044270,ACCT003690,CUST003690,2024-02,Residential,SANTA CLARA,Invalid Meter Read,High,2024-03-03,,In Review
EXC00003966,BILL00044281,ACCT003691,CUST003691,2024-01,Commercial,KERN,Invalid Meter Read,High,2024-02-03,,In Review
EXC00003967,BILL00044287,ACCT003691,CUST003691,2024-07,Commercial,KERN,Missing Meter Read,Medium,2024-08-03,,Open
EXC00003968,BILL00044317,ACCT003694,CUST003694,2024-01,Residential,CONTRA COSTA,Missing Meter Read,Medium,2024-02-03,2024-02-09,Resolved
EXC00003969,BILL00044342,ACCT003696,CUST003696,2024-02,Residential,SAN LUIS OBISPO,Missing Meter Read,Medium,2024-03-03,,Open
EXC00003970,BILL00044353,ACCT003697,CUST003697,2024-01,Agriculture And Water Pumping,KINGS,Inactive Account,High,2024-02-03,,In Review
EXC00003971,BILL00044354,ACCT003697,CUST003697,2024-02,Agriculture And Water Pumping,KINGS,Inactive Account,High,2024-03-03,,Open
EXC00003972,BILL00044355,ACCT003697,CUST003697,2024-03,Agriculture And Water Pumping,KINGS,Inactive Account,High,2024-04-03,,Open
EXC00003973,BILL00044356,ACCT003697,CUST003697,2024-04,Agriculture And Water Pumping,KINGS,Inactive Account,High,2024-05-03,,Open
EXC00003974,BILL00044357,ACCT003697,CUST003697,2024-05,Agriculture And Water Pumping,KINGS,Inactive Account,High,2024-06-03,2024-06-04,Resolved
EXC00003975,BILL00044358,ACCT003697,CUST003697,2024-06,Agriculture And Water Pumping,KINGS,Inactive Account,High,2024-07-03,2024-07-05,Resolved
EXC00003976,BILL00044359,ACCT003697,CUST003697,2024-07,Agriculture And Water Pumping,KINGS,Inactive Account,High,2024-08-03,2024-08-17,Resolved
EXC00003977,BILL00044360,ACCT003697,CUST003697,2024-08,Agriculture And Water Pumping,KINGS,Inactive Account,High,2024-09-03,2024-09-04,Resolved
EXC00003978,BILL00044361,ACCT003697,CUST003697,2024-09,Agriculture And Water Pumping,KINGS,Inactive Account,High,2024-10-03,,In Review
EXC00003979,BILL00044362,ACCT003697,CUST003697,2024-10,Agriculture And Water Pumping,KINGS,Inactive Account,High,2024-11-03,,Open
EXC00003980,BILL00044363,ACCT003697,CUST003697,2024-11,Agriculture And Water Pumping,KINGS,Inactive Account,High,2024-12-03,2024-12-09,Resolved
EXC00003981,BILL00044364,ACCT003697,CUST003697,2024-12,Agriculture And Water Pumping,KINGS,Inactive Account,High,2025-01-03,,Open
EXC00003982,BILL00044386,ACCT003699,CUST003699,2024-10,Industrial,KERN,Missing Meter Read,Medium,2024-11-03,,Open
EXC00003983,BILL00044401,ACCT003701,CUST003701,2024-01,Residential,MENDOCINO,Inactive Account,High,2024-02-03,,Open
EXC00003984,BILL00044402,ACCT003701,CUST003701,2024-02,Residential,MENDOCINO,Inactive Account,High,2024-03-03,,Open
EXC00003985,BILL00044403,ACCT003701,CUST003701,2024-03,Residential,MENDOCINO,Inactive Account,High,2024-04-03,2024-04-09,Resolved
EXC00003986,BILL00044404,ACCT003701,CUST003701,2024-04,Residential,MENDOCINO,Inactive Account,High,2024-05-03,2024-05-07,Resolved
EXC00003987,BILL00044405,ACCT003701,CUST003701,2024-05,Residential,MENDOCINO,Inactive Account,High,2024-06-03,2024-06-16,Resolved
EXC00003988,BILL00044406,ACCT003701,CUST003701,2024-06,Residential,MENDOCINO,Inactive Account,High,2024-07-03,2024-07-09,Resolved
EXC00003989,BILL00044407,ACCT003701,CUST003701,2024-07,Residential,MENDOCINO,Inactive Account,High,2024-08-03,,Open
EXC00003990,BILL00044408,ACCT003701,CUST003701,2024-08,Residential,MENDOCINO,Inactive Account,High,2024-09-03,2024-09-12,Resolved
EXC00003991,BILL00044409,ACCT003701,CUST003701,2024-09,Residential,MENDOCINO,Inactive Account,High,2024-10-03,,Open
EXC00003992,BILL00044410,ACCT003701,CUST003701,2024-10,Residential,MENDOCINO,Inactive Account,High,2024-11-03,2024-11-11,Resolved
EXC00003993,BILL00044411,ACCT003701,CUST003701,2024-11,Residential,MENDOCINO,Inactive Account,High,2024-12-03,2024-12-04,Resolved
EXC00003994,BILL00044412,ACCT003701,CUST003701,2024-12,Residential,MENDOCINO,Inactive Account,High,2025-01-03,2025-01-08,Resolved
EXC00003995,BILL00044497,ACCT003709,CUST003709,2024-01,Residential,CONTRA COSTA,Inactive Account,High,2024-02-03,2024-02-06,Resolved
EXC00003996,BILL00044498,ACCT003709,CUST003709,2024-02,Residential,CONTRA COSTA,Inactive Account,High,2024-03-03,,Open
EXC00003997,BILL00044499,ACCT003709,CUST003709,2024-03,Residential,CONTRA COSTA,Inactive Account,High,2024-04-03,,Open
EXC00003998,BILL00044500,ACCT003709,CUST003709,2024-04,Residential,CONTRA COSTA,Inactive Account,High,2024-05-03,2024-05-06,Resolved
EXC00003999,BILL00044501,ACCT003709,CUST003709,2024-05,Residential,CONTRA COSTA,Inactive Account,High,2024-06-03,2024-06-12,Resolved
EXC00004000,BILL00044502,ACCT003709,CUST003709,2024-06,Residential,CONTRA COSTA,Inactive Account,High,2024-07-03,2024-07-12,Resolved
EXC00004001,BILL00044503,ACCT003709,CUST003709,2024-07,Residential,CONTRA COSTA,Inactive Account,High,2024-08-03,,In Review
EXC00004002,BILL00044504,ACCT003709,CUST003709,2024-08,Residential,CONTRA COSTA,Inactive Account,High,2024-09-03,2024-09-10,Resolved
EXC00004003,BILL00044505,ACCT003709,CUST003709,2024-09,Residential,CONTRA COSTA,Inactive Account,High,2024-10-03,,Open
EXC00004004,BILL00044506,ACCT003709,CUST003709,2024-10,Residential,CONTRA COSTA,Inactive Account,High,2024-11-03,2024-11-16,Resolved
EXC00004005,BILL00044507,ACCT003709,CUST003709,2024-11,Residential,CONTRA COSTA,Inactive Account,High,2024-12-03,2024-12-16,Resolved
EXC00004006,BILL00044508,ACCT003709,CUST003709,2024-12,Residential,CONTRA COSTA,Inactive Account,High,2025-01-03,2025-01-12,Resolved
EXC00004007,BILL00044542,ACCT003712,CUST003712,2024-10,Residential,ALAMEDA,Invalid Meter Read,High,2024-11-03,2024-11-09,Resolved
EXC00004008,BILL00044564,ACCT003714,CUST003714,2024-08,Residential,KERN,Missing Meter Read,Medium,2024-09-03,,In Review
EXC00004009,BILL00044597,ACCT003717,CUST003717,2024-05,Residential,PLACER,Invalid Meter Read,High,2024-06-03,2024-06-06,Resolved
EXC00004010,BILL00044652,ACCT003721,CUST003721,2024-12,Residential,ALAMEDA,Missing Meter Read,Medium,2025-01-03,2025-01-06,Resolved
EXC00004011,BILL00044673,ACCT003723,CUST003723,2024-09,Industrial,SANTA CLARA,Missing Meter Read,Medium,2024-10-03,2024-10-17,Resolved
EXC00004012,BILL00044689,ACCT003725,CUST003725,2024-01,Residential,MONTEREY,Inactive Account,High,2024-02-03,,In Review
EXC00004013,BILL00044690,ACCT003725,CUST003725,2024-02,Residential,MONTEREY,Inactive Account,High,2024-03-03,,In Review
EXC00004014,BILL00044691,ACCT003725,CUST003725,2024-03,Residential,MONTEREY,Inactive Account,High,2024-04-03,2024-04-13,Resolved
EXC00004015,BILL00044692,ACCT003725,CUST003725,2024-04,Residential,MONTEREY,Inactive Account,High,2024-05-03,2024-05-08,Resolved
EXC00004016,BILL00044693,ACCT003725,CUST003725,2024-05,Residential,MONTEREY,Inactive Account,High,2024-06-03,,In Review
EXC00004017,BILL00044694,ACCT003725,CUST003725,2024-06,Residential,MONTEREY,Inactive Account,High,2024-07-03,,Open
EXC00004018,BILL00044695,ACCT003725,CUST003725,2024-07,Residential,MONTEREY,Inactive Account,High,2024-08-03,,In Review
EXC00004019,BILL00044696,ACCT003725,CUST003725,2024-08,Residential,MONTEREY,Inactive Account,High,2024-09-03,,Open
EXC00004020,BILL00044697,ACCT003725,CUST003725,2024-09,Residential,MONTEREY,Inactive Account,High,2024-10-03,2024-10-17,Resolved
EXC00004021,BILL00044698,ACCT003725,CUST003725,2024-10,Residential,MONTEREY,Inactive Account,High,2024-11-03,,Open
EXC00004022,BILL00044699,ACCT003725,CUST003725,2024-11,Residential,MONTEREY,Inactive Account,High,2024-12-03,2024-12-08,Resolved
EXC00004023,BILL00044700,ACCT003725,CUST003725,2024-12,Residential,MONTEREY,Inactive Account,High,2025-01-03,,Open
EXC00004024,BILL00044701,ACCT003726,CUST003726,2024-01,Industrial,SOLANO,Inactive Account,High,2024-02-03,,In Review
EXC00004025,BILL00044702,ACCT003726,CUST003726,2024-02,Industrial,SOLANO,Inactive Account,High,2024-03-03,2024-03-06,Resolved
EXC00004026,BILL00044703,ACCT003726,CUST003726,2024-03,Industrial,SOLANO,Inactive Account,High,2024-04-03,2024-04-15,Resolved
EXC00004027,BILL00044704,ACCT003726,CUST003726,2024-04,Industrial,SOLANO,Inactive Account,High,2024-05-03,2024-05-09,Resolved
EXC00004028,BILL00044705,ACCT003726,CUST003726,2024-05,Industrial,SOLANO,Inactive Account,High,2024-06-03,,Open
EXC00004029,BILL00044706,ACCT003726,CUST003726,2024-06,Industrial,SOLANO,Inactive Account,High,2024-07-03,2024-07-12,Resolved
EXC00004030,BILL00044707,ACCT003726,CUST003726,2024-07,Industrial,SOLANO,Inactive Account,High,2024-08-03,2024-08-17,Resolved
EXC00004031,BILL00044708,ACCT003726,CUST003726,2024-08,Industrial,SOLANO,Inactive Account,High,2024-09-03,2024-09-06,Resolved
EXC00004032,BILL00044709,ACCT003726,CUST003726,2024-09,Industrial,SOLANO,Inactive Account,High,2024-10-03,2024-10-14,Resolved
EXC00004033,BILL00044710,ACCT003726,CUST003726,2024-10,Industrial,SOLANO,Inactive Account,High,2024-11-03,,In Review
EXC00004034,BILL00044711,ACCT003726,CUST003726,2024-11,Industrial,SOLANO,Inactive Account,High,2024-12-03,2024-12-12,Resolved
EXC00004035,BILL00044712,ACCT003726,CUST003726,2024-12,Industrial,SOLANO,Inactive Account,High,2025-01-03,,In Review
EXC00004036,BILL00044713,ACCT003727,CUST003727,2024-01,Residential,KERN,Inactive Account,High,2024-02-03,,Open
EXC00004037,BILL00044714,ACCT003727,CUST003727,2024-02,Residential,KERN,Inactive Account,High,2024-03-03,2024-03-12,Resolved
EXC00004038,BILL00044715,ACCT003727,CUST003727,2024-03,Residential,KERN,Inactive Account,High,2024-04-03,,In Review
EXC00004039,BILL00044716,ACCT003727,CUST003727,2024-04,Residential,KERN,Inactive Account,High,2024-05-03,2024-05-08,Resolved
EXC00004040,BILL00044717,ACCT003727,CUST003727,2024-05,Residential,KERN,Inactive Account,High,2024-06-03,,Open
EXC00004041,BILL00044718,ACCT003727,CUST003727,2024-06,Residential,KERN,Inactive Account,High,2024-07-03,,Open
EXC00004042,BILL00044719,ACCT003727,CUST003727,2024-07,Residential,KERN,Inactive Account,High,2024-08-03,,In Review
EXC00004043,BILL00044720,ACCT003727,CUST003727,2024-08,Residential,KERN,Inactive Account,High,2024-09-03,,In Review
EXC00004044,BILL00044721,ACCT003727,CUST003727,2024-09,Residential,KERN,Inactive Account,High,2024-10-03,,Open
EXC00004045,BILL00044722,ACCT003727,CUST003727,2024-10,Residential,KERN,Inactive Account,High,2024-11-03,2024-11-05,Resolved
EXC00004046,BILL00044723,ACCT003727,CUST003727,2024-11,Residential,KERN,Inactive Account,High,2024-12-03,,Open
EXC00004047,BILL00044724,ACCT003727,CUST003727,2024-12,Residential,KERN,Inactive Account,High,2025-01-03,,Open
EXC00004048,BILL00044744,ACCT003729,CUST003729,2024-08,Residential,SAN MATEO,Missing Meter Read,Medium,2024-09-03,2024-09-12,Resolved
EXC00004049,BILL00044771,ACCT003731,CUST003731,2024-11,Residential,SANTA CLARA,Missing Meter Read,Medium,2024-12-03,2024-12-05,Resolved
EXC00004050,BILL00044785,ACCT003733,CUST003733,2024-01,Residential,ALAMEDA,Inactive Account,High,2024-02-03,2024-02-10,Resolved
EXC00004051,BILL00044786,ACCT003733,CUST003733,2024-02,Residential,ALAMEDA,Inactive Account,High,2024-03-03,,Open
EXC00004052,BILL00044787,ACCT003733,CUST003733,2024-03,Residential,ALAMEDA,Inactive Account,High,2024-04-03,2024-04-13,Resolved
EXC00004053,BILL00044788,ACCT003733,CUST003733,2024-04,Residential,ALAMEDA,Inactive Account,High,2024-05-03,2024-05-07,Resolved
EXC00004054,BILL00044789,ACCT003733,CUST003733,2024-05,Residential,ALAMEDA,Inactive Account,High,2024-06-03,2024-06-13,Resolved
EXC00004055,BILL00044790,ACCT003733,CUST003733,2024-06,Residential,ALAMEDA,Inactive Account,High,2024-07-03,2024-07-13,Resolved
EXC00004056,BILL00044791,ACCT003733,CUST003733,2024-07,Residential,ALAMEDA,Inactive Account,High,2024-08-03,2024-08-14,Resolved
EXC00004057,BILL00044792,ACCT003733,CUST003733,2024-08,Residential,ALAMEDA,Inactive Account,High,2024-09-03,2024-09-05,Resolved
EXC00004058,BILL00044793,ACCT003733,CUST003733,2024-09,Residential,ALAMEDA,Inactive Account,High,2024-10-03,2024-10-14,Resolved
EXC00004059,BILL00044794,ACCT003733,CUST003733,2024-10,Residential,ALAMEDA,Inactive Account,High,2024-11-03,2024-11-14,Resolved
EXC00004060,BILL00044795,ACCT003733,CUST003733,2024-11,Residential,ALAMEDA,Inactive Account,High,2024-12-03,,Open
EXC00004061,BILL00044796,ACCT003733,CUST003733,2024-12,Residential,ALAMEDA,Inactive Account,High,2025-01-03,,Open
EXC00004062,BILL00044880,ACCT003740,CUST003740,2024-12,Residential,NEVADA,Missing Meter Read,Medium,2025-01-03,2025-01-17,Resolved
EXC00004063,BILL00044885,ACCT003741,CUST003741,2024-05,Commercial,SAN LUIS OBISPO,Missing Meter Read,Medium,2024-06-03,2024-06-17,Resolved
EXC00004064,BILL00044898,ACCT003742,CUST003742,2024-06,Commercial,KERN,Missing Meter Read,Medium,2024-07-03,,In Review
EXC00004065,BILL00044949,ACCT003746,CUST003746,2024-09,Residential,KERN,Missing Meter Read,Medium,2024-10-03,,Open
EXC00004066,BILL00044950,ACCT003746,CUST003746,2024-10,Residential,KERN,Missing Meter Read,Medium,2024-11-03,2024-11-13,Resolved
EXC00004067,BILL00044953,ACCT003747,CUST003747,2024-01,Residential,SANTA CLARA,Inactive Account,High,2024-02-03,2024-02-06,Resolved
EXC00004068,BILL00044954,ACCT003747,CUST003747,2024-02,Residential,SANTA CLARA,Inactive Account,High,2024-03-03,,Open
EXC00004069,BILL00044955,ACCT003747,CUST003747,2024-03,Residential,SANTA CLARA,Inactive Account,High,2024-04-03,,Open
EXC00004070,BILL00044956,ACCT003747,CUST003747,2024-04,Residential,SANTA CLARA,Inactive Account,High,2024-05-03,,Open
EXC00004071,BILL00044957,ACCT003747,CUST003747,2024-05,Residential,SANTA CLARA,Inactive Account,High,2024-06-03,2024-06-09,Resolved
EXC00004072,BILL00044958,ACCT003747,CUST003747,2024-06,Residential,SANTA CLARA,Inactive Account,High,2024-07-03,,In Review
EXC00004073,BILL00044959,ACCT003747,CUST003747,2024-07,Residential,SANTA CLARA,Inactive Account,High,2024-08-03,2024-08-14,Resolved
EXC00004074,BILL00044960,ACCT003747,CUST003747,2024-08,Residential,SANTA CLARA,Inactive Account,High,2024-09-03,2024-09-15,Resolved
EXC00004075,BILL00044961,ACCT003747,CUST003747,2024-09,Residential,SANTA CLARA,Inactive Account,High,2024-10-03,2024-10-13,Resolved
EXC00004076,BILL00044962,ACCT003747,CUST003747,2024-10,Residential,SANTA CLARA,Inactive Account,High,2024-11-03,,In Review
EXC00004077,BILL00044963,ACCT003747,CUST003747,2024-11,Residential,SANTA CLARA,Inactive Account,High,2024-12-03,2024-12-04,Resolved
EXC00004078,BILL00044964,ACCT003747,CUST003747,2024-12,Residential,SANTA CLARA,Inactive Account,High,2025-01-03,2025-01-10,Resolved
EXC00004079,BILL00044990,ACCT003750,CUST003750,2024-02,Commercial,SANTA CLARA,Missing Meter Read,Medium,2024-03-03,,Open
EXC00004080,BILL00045005,ACCT003751,CUST003751,2024-05,Commercial,EL DORADO,Missing Meter Read,Medium,2024-06-03,2024-06-14,Resolved
EXC00004081,BILL00045007,ACCT003751,CUST003751,2024-07,Commercial,EL DORADO,Missing Meter Read,Medium,2024-08-03,2024-08-16,Resolved
EXC00004082,BILL00045042,ACCT003754,CUST003754,2024-06,Residential,SANTA CLARA,Invalid Meter Read,High,2024-07-03,2024-07-14,Resolved
EXC00004083,BILL00045049,ACCT003755,CUST003755,2024-01,Residential,LAKE,Invalid Meter Read,High,2024-02-03,,Open
EXC00004084,BILL00045157,ACCT003764,CUST003764,2024-01,Residential,SONOMA,Inactive Account,High,2024-02-03,,Open
EXC00004085,BILL00045158,ACCT003764,CUST003764,2024-02,Residential,SONOMA,Inactive Account,High,2024-03-03,2024-03-17,Resolved
EXC00004086,BILL00045159,ACCT003764,CUST003764,2024-03,Residential,SONOMA,Inactive Account,High,2024-04-03,2024-04-04,Resolved
EXC00004087,BILL00045160,ACCT003764,CUST003764,2024-04,Residential,SONOMA,Inactive Account,High,2024-05-03,2024-05-14,Resolved
EXC00004088,BILL00045161,ACCT003764,CUST003764,2024-05,Residential,SONOMA,Inactive Account,High,2024-06-03,,Open
EXC00004089,BILL00045162,ACCT003764,CUST003764,2024-06,Residential,SONOMA,Inactive Account,High,2024-07-03,,Open
EXC00004090,BILL00045163,ACCT003764,CUST003764,2024-07,Residential,SONOMA,Inactive Account,High,2024-08-03,2024-08-04,Resolved
EXC00004091,BILL00045164,ACCT003764,CUST003764,2024-08,Residential,SONOMA,Inactive Account,High,2024-09-03,,Open
EXC00004092,BILL00045165,ACCT003764,CUST003764,2024-09,Residential,SONOMA,Inactive Account,High,2024-10-03,2024-10-12,Resolved
EXC00004093,BILL00045166,ACCT003764,CUST003764,2024-10,Residential,SONOMA,Inactive Account,High,2024-11-03,2024-11-10,Resolved
EXC00004094,BILL00045167,ACCT003764,CUST003764,2024-11,Residential,SONOMA,Inactive Account,High,2024-12-03,2024-12-05,Resolved
EXC00004095,BILL00045168,ACCT003764,CUST003764,2024-12,Residential,SONOMA,Inactive Account,High,2025-01-03,,Open
EXC00004096,BILL00045185,ACCT003766,CUST003766,2024-05,Residential,SAN JOAQUIN,Invalid Meter Read,High,2024-06-03,,In Review
EXC00004097,BILL00045212,ACCT003768,CUST003768,2024-08,Residential,SANTA CLARA,Missing Meter Read,Medium,2024-09-03,2024-09-10,Resolved
EXC00004098,BILL00045222,ACCT003769,CUST003769,2024-06,Residential,KERN,Missing Meter Read,Medium,2024-07-03,,Open
EXC00004099,BILL00045234,ACCT003770,CUST003770,2024-06,Residential,SANTA CLARA,Missing Meter Read,Medium,2024-07-03,2024-07-15,Resolved
EXC00004100,BILL00045246,ACCT003771,CUST003771,2024-06,Residential,ALAMEDA,Missing Meter Read,Medium,2024-07-03,,Open
EXC00004101,BILL00045262,ACCT003772,CUST003772,2024-10,Commercial,ALAMEDA,Invalid Meter Read,High,2024-11-03,,In Review
EXC00004102,BILL00045268,ACCT003773,CUST003773,2024-04,Residential,SAN FRANCISCO,Invalid Meter Read,High,2024-05-03,,Open
EXC00004103,BILL00045323,ACCT003777,CUST003777,2024-11,Commercial,KINGS,Missing Meter Read,Medium,2024-12-03,,Open
EXC00004104,BILL00045337,ACCT003779,CUST003779,2024-01,Residential,MERCED,Missing Meter Read,Medium,2024-02-03,2024-02-06,Resolved
EXC00004105,BILL00045343,ACCT003779,CUST003779,2024-07,Residential,MERCED,Missing Meter Read,Medium,2024-08-03,2024-08-09,Resolved
EXC00004106,BILL00045355,ACCT003780,CUST003780,2024-07,Commercial,SAN MATEO,Missing Meter Read,Medium,2024-08-03,,In Review
EXC00004107,BILL00045361,ACCT003781,CUST003781,2024-01,Residential,SANTA CLARA,Inactive Account,High,2024-02-03,,Open
EXC00004108,BILL00045362,ACCT003781,CUST003781,2024-02,Residential,SANTA CLARA,Inactive Account,High,2024-03-03,,Open
EXC00004109,BILL00045363,ACCT003781,CUST003781,2024-03,Residential,SANTA CLARA,Inactive Account,High,2024-04-03,2024-04-11,Resolved
EXC00004110,BILL00045364,ACCT003781,CUST003781,2024-04,Residential,SANTA CLARA,Inactive Account,High,2024-05-03,,In Review
EXC00004111,BILL00045365,ACCT003781,CUST003781,2024-05,Residential,SANTA CLARA,Inactive Account,High,2024-06-03,,Open
EXC00004112,BILL00045366,ACCT003781,CUST003781,2024-06,Residential,SANTA CLARA,Inactive Account,High,2024-07-03,2024-07-14,Resolved
EXC00004113,BILL00045367,ACCT003781,CUST003781,2024-07,Residential,SANTA CLARA,Inactive Account,High,2024-08-03,,In Review
EXC00004114,BILL00045368,ACCT003781,CUST003781,2024-08,Residential,SANTA CLARA,Inactive Account,High,2024-09-03,,In Review
EXC00004115,BILL00045369,ACCT003781,CUST003781,2024-09,Residential,SANTA CLARA,Inactive Account,High,2024-10-03,,Open
EXC00004116,BILL00045370,ACCT003781,CUST003781,2024-10,Residential,SANTA CLARA,Inactive Account,High,2024-11-03,,Open
EXC00004117,BILL00045371,ACCT003781,CUST003781,2024-11,Residential,SANTA CLARA,Inactive Account,High,2024-12-03,,Open
EXC00004118,BILL00045372,ACCT003781,CUST003781,2024-12,Residential,SANTA CLARA,Inactive Account,High,2025-01-03,2025-01-12,Resolved
EXC00004119,BILL00045553,ACCT003797,CUST003797,2024-01,Residential,SANTA CLARA,Inactive Account,High,2024-02-03,2024-02-15,Resolved
EXC00004120,BILL00045554,ACCT003797,CUST003797,2024-02,Residential,SANTA CLARA,Inactive Account,High,2024-03-03,2024-03-09,Resolved
EXC00004121,BILL00045555,ACCT003797,CUST003797,2024-03,Residential,SANTA CLARA,Inactive Account,High,2024-04-03,,In Review
EXC00004122,BILL00045556,ACCT003797,CUST003797,2024-04,Residential,SANTA CLARA,Inactive Account,High,2024-05-03,2024-05-04,Resolved
EXC00004123,BILL00045557,ACCT003797,CUST003797,2024-05,Residential,SANTA CLARA,Inactive Account,High,2024-06-03,2024-06-12,Resolved
EXC00004124,BILL00045558,ACCT003797,CUST003797,2024-06,Residential,SANTA CLARA,Inactive Account,High,2024-07-03,2024-07-17,Resolved
EXC00004125,BILL00045559,ACCT003797,CUST003797,2024-07,Residential,SANTA CLARA,Inactive Account,High,2024-08-03,,Open
EXC00004126,BILL00045560,ACCT003797,CUST003797,2024-08,Residential,SANTA CLARA,Inactive Account,High,2024-09-03,,In Review
EXC00004127,BILL00045561,ACCT003797,CUST003797,2024-09,Residential,SANTA CLARA,Inactive Account,High,2024-10-03,2024-10-09,Resolved
EXC00004128,BILL00045562,ACCT003797,CUST003797,2024-10,Residential,SANTA CLARA,Inactive Account,High,2024-11-03,2024-11-13,Resolved
EXC00004129,BILL00045563,ACCT003797,CUST003797,2024-11,Residential,SANTA CLARA,Inactive Account,High,2024-12-03,2024-12-13,Resolved
EXC00004130,BILL00045564,ACCT003797,CUST003797,2024-12,Residential,SANTA CLARA,Inactive Account,High,2025-01-03,2025-01-13,Resolved
EXC00004131,BILL00045565,ACCT003798,CUST003798,2024-01,Residential,KERN,Missing Meter Read,Medium,2024-02-03,2024-02-11,Resolved
EXC00004132,BILL00045576,ACCT003798,CUST003798,2024-12,Residential,KERN,Missing Meter Read,Medium,2025-01-03,,Open
EXC00004133,BILL00045585,ACCT003799,CUST003799,2024-09,Residential,SANTA CLARA,Missing Meter Read,Medium,2024-10-03,2024-10-16,Resolved
EXC00004134,BILL00045592,ACCT003800,CUST003800,2024-04,Residential,KERN,Missing Meter Read,Medium,2024-05-03,,Open
EXC00004135,BILL00045625,ACCT003803,CUST003803,2024-01,Commercial,KERN,Inactive Account,High,2024-02-03,,Open
EXC00004136,BILL00045626,ACCT003803,CUST003803,2024-02,Commercial,KERN,Inactive Account,High,2024-03-03,,Open
EXC00004137,BILL00045627,ACCT003803,CUST003803,2024-03,Commercial,KERN,Inactive Account,High,2024-04-03,,Open
EXC00004138,BILL00045628,ACCT003803,CUST003803,2024-04,Commercial,KERN,Inactive Account,High,2024-05-03,2024-05-14,Resolved
EXC00004139,BILL00045629,ACCT003803,CUST003803,2024-05,Commercial,KERN,Inactive Account,High,2024-06-03,,Open
EXC00004140,BILL00045630,ACCT003803,CUST003803,2024-06,Commercial,KERN,Inactive Account,High,2024-07-03,,Open
EXC00004141,BILL00045631,ACCT003803,CUST003803,2024-07,Commercial,KERN,Inactive Account,High,2024-08-03,,Open
EXC00004142,BILL00045632,ACCT003803,CUST003803,2024-08,Commercial,KERN,Inactive Account,High,2024-09-03,2024-09-12,Resolved
EXC00004143,BILL00045633,ACCT003803,CUST003803,2024-09,Commercial,KERN,Inactive Account,High,2024-10-03,,Open
EXC00004144,BILL00045634,ACCT003803,CUST003803,2024-10,Commercial,KERN,Inactive Account,High,2024-11-03,2024-11-13,Resolved
EXC00004145,BILL00045635,ACCT003803,CUST003803,2024-11,Commercial,KERN,Inactive Account,High,2024-12-03,,Open
EXC00004146,BILL00045636,ACCT003803,CUST003803,2024-12,Commercial,KERN,Inactive Account,High,2025-01-03,2025-01-10,Resolved
EXC00004147,BILL00045644,ACCT003804,CUST003804,2024-08,"Transportation, Communications, & Utilities",SHASTA,Missing Meter Read,Medium,2024-09-03,,Open
EXC00004148,BILL00045720,ACCT003810,CUST003810,2024-12,Residential,SANTA CLARA,Missing Meter Read,Medium,2025-01-03,,Open
EXC00004149,BILL00045731,ACCT003811,CUST003811,2024-11,Residential,SANTA CLARA,Missing Meter Read,Medium,2024-12-03,,Open
EXC00004150,BILL00045767,ACCT003814,CUST003814,2024-11,Residential,SAN MATEO,Missing Meter Read,Medium,2024-12-03,,Open
EXC00004151,BILL00045781,ACCT003816,CUST003816,2024-01,Residential,FRESNO,Invalid Meter Read,High,2024-02-03,,Open
EXC00004152,BILL00045787,ACCT003816,CUST003816,2024-07,Residential,FRESNO,Missing Meter Read,Medium,2024-08-03,2024-08-06,Resolved
EXC00004153,BILL00045819,ACCT003819,CUST003819,2024-03,Commercial,SAN FRANCISCO,Missing Meter Read,Medium,2024-04-03,2024-04-05,Resolved
EXC00004154,BILL00045865,ACCT003823,CUST003823,2024-01,Commercial,SANTA CLARA,Inactive Account,High,2024-02-03,2024-02-17,Resolved
EXC00004155,BILL00045866,ACCT003823,CUST003823,2024-02,Commercial,SANTA CLARA,Inactive Account,High,2024-03-03,,Open
EXC00004156,BILL00045867,ACCT003823,CUST003823,2024-03,Commercial,SANTA CLARA,Inactive Account,High,2024-04-03,,Open
EXC00004157,BILL00045868,ACCT003823,CUST003823,2024-04,Commercial,SANTA CLARA,Inactive Account,High,2024-05-03,2024-05-07,Resolved
EXC00004158,BILL00045869,ACCT003823,CUST003823,2024-05,Commercial,SANTA CLARA,Inactive Account,High,2024-06-03,2024-06-05,Resolved
EXC00004159,BILL00045870,ACCT003823,CUST003823,2024-06,Commercial,SANTA CLARA,Inactive Account,High,2024-07-03,2024-07-08,Resolved
EXC00004160,BILL00045871,ACCT003823,CUST003823,2024-07,Commercial,SANTA CLARA,Inactive Account,High,2024-08-03,2024-08-15,Resolved
EXC00004161,BILL00045872,ACCT003823,CUST003823,2024-08,Commercial,SANTA CLARA,Inactive Account,High,2024-09-03,2024-09-13,Resolved
EXC00004162,BILL00045873,ACCT003823,CUST003823,2024-09,Commercial,SANTA CLARA,Inactive Account,High,2024-10-03,2024-10-09,Resolved
EXC00004163,BILL00045874,ACCT003823,CUST003823,2024-10,Commercial,SANTA CLARA,Inactive Account,High,2024-11-03,,In Review
EXC00004164,BILL00045875,ACCT003823,CUST003823,2024-11,Commercial,SANTA CLARA,Inactive Account,High,2024-12-03,,In Review
EXC00004165,BILL00045876,ACCT003823,CUST003823,2024-12,Commercial,SANTA CLARA,Inactive Account,High,2025-01-03,2025-01-15,Resolved
EXC00004166,BILL00045881,ACCT003824,CUST003824,2024-05,Residential,CONTRA COSTA,Invalid Meter Read,High,2024-06-03,,Open
EXC00004167,BILL00045884,ACCT003824,CUST003824,2024-08,Residential,CONTRA COSTA,Missing Meter Read,Medium,2024-09-03,,In Review
EXC00004168,BILL00045888,ACCT003824,CUST003824,2024-12,Residential,CONTRA COSTA,Invalid Meter Read,High,2025-01-03,,Open
EXC00004169,BILL00045889,ACCT003825,CUST003825,2024-01,Residential,MONTEREY,Invalid Meter Read,High,2024-02-03,2024-02-09,Resolved
EXC00004170,BILL00045919,ACCT003827,CUST003827,2024-07,Residential,SANTA BARBARA,Invalid Meter Read,High,2024-08-03,,Open
EXC00004171,BILL00045949,ACCT003830,CUST003830,2024-01,Residential,ALAMEDA,Missing Meter Read,Medium,2024-02-03,2024-02-12,Resolved
EXC00004172,BILL00045997,ACCT003834,CUST003834,2024-01,Residential,KERN,Inactive Account,High,2024-02-03,,In Review
EXC00004173,BILL00045998,ACCT003834,CUST003834,2024-02,Residential,KERN,Inactive Account,High,2024-03-03,2024-03-06,Resolved
EXC00004174,BILL00045999,ACCT003834,CUST003834,2024-03,Residential,KERN,Inactive Account,High,2024-04-03,2024-04-05,Resolved
EXC00004175,BILL00046000,ACCT003834,CUST003834,2024-04,Residential,KERN,Inactive Account,High,2024-05-03,,Open
EXC00004176,BILL00046001,ACCT003834,CUST003834,2024-05,Residential,KERN,Inactive Account,High,2024-06-03,,In Review
EXC00004177,BILL00046002,ACCT003834,CUST003834,2024-06,Residential,KERN,Inactive Account,High,2024-07-03,2024-07-07,Resolved
EXC00004178,BILL00046003,ACCT003834,CUST003834,2024-07,Residential,KERN,Inactive Account,High,2024-08-03,,In Review
EXC00004179,BILL00046004,ACCT003834,CUST003834,2024-08,Residential,KERN,Inactive Account,High,2024-09-03,2024-09-05,Resolved
EXC00004180,BILL00046005,ACCT003834,CUST003834,2024-09,Residential,KERN,Inactive Account,High,2024-10-03,,Open
EXC00004181,BILL00046006,ACCT003834,CUST003834,2024-10,Residential,KERN,Inactive Account,High,2024-11-03,,Open
EXC00004182,BILL00046007,ACCT003834,CUST003834,2024-11,Residential,KERN,Inactive Account,High,2024-12-03,2024-12-05,Resolved
EXC00004183,BILL00046008,ACCT003834,CUST003834,2024-12,Residential,KERN,Inactive Account,High,2025-01-03,2025-01-11,Resolved
EXC00004184,BILL00046017,ACCT003835,CUST003835,2024-09,Residential,SUTTER,Missing Meter Read,Medium,2024-10-03,,Open
EXC00004185,BILL00046033,ACCT003837,CUST003837,2024-01,Industrial,KERN,Inactive Account,High,2024-02-03,2024-02-10,Resolved
EXC00004186,BILL00046034,ACCT003837,CUST003837,2024-02,Industrial,KERN,Inactive Account,High,2024-03-03,,Open
EXC00004187,BILL00046035,ACCT003837,CUST003837,2024-03,Industrial,KERN,Inactive Account,High,2024-04-03,,Open
EXC00004188,BILL00046036,ACCT003837,CUST003837,2024-04,Industrial,KERN,Inactive Account,High,2024-05-03,,Open
EXC00004189,BILL00046037,ACCT003837,CUST003837,2024-05,Industrial,KERN,Inactive Account,High,2024-06-03,2024-06-15,Resolved
EXC00004190,BILL00046038,ACCT003837,CUST003837,2024-06,Industrial,KERN,Inactive Account,High,2024-07-03,2024-07-16,Resolved
EXC00004191,BILL00046039,ACCT003837,CUST003837,2024-07,Industrial,KERN,Inactive Account,High,2024-08-03,,Open
EXC00004192,BILL00046040,ACCT003837,CUST003837,2024-08,Industrial,KERN,Inactive Account,High,2024-09-03,2024-09-08,Resolved
EXC00004193,BILL00046041,ACCT003837,CUST003837,2024-09,Industrial,KERN,Inactive Account,High,2024-10-03,,Open
EXC00004194,BILL00046042,ACCT003837,CUST003837,2024-10,Industrial,KERN,Inactive Account,High,2024-11-03,2024-11-07,Resolved
EXC00004195,BILL00046043,ACCT003837,CUST003837,2024-11,Industrial,KERN,Inactive Account,High,2024-12-03,2024-12-10,Resolved
EXC00004196,BILL00046044,ACCT003837,CUST003837,2024-12,Industrial,KERN,Inactive Account,High,2025-01-03,2025-01-09,Resolved
EXC00004197,BILL00046058,ACCT003839,CUST003839,2024-02,Industrial,YOLO,Invalid Meter Read,High,2024-03-03,,In Review
EXC00004198,BILL00046136,ACCT003845,CUST003845,2024-08,Residential,CONTRA COSTA,Missing Meter Read,Medium,2024-09-03,2024-09-05,Resolved
EXC00004199,BILL00046143,ACCT003846,CUST003846,2024-03,Residential,SOLANO,Missing Meter Read,Medium,2024-04-03,,Open
EXC00004200,BILL00046161,ACCT003847,CUST003847,2024-09,Agriculture And Water Pumping,TUOLUMNE,Missing Meter Read,Medium,2024-10-03,2024-10-05,Resolved
EXC00004201,BILL00046225,ACCT003853,CUST003853,2024-01,Residential,CONTRA COSTA,Inactive Account,High,2024-02-03,,In Review
EXC00004202,BILL00046226,ACCT003853,CUST003853,2024-02,Residential,CONTRA COSTA,Inactive Account,High,2024-03-03,2024-03-14,Resolved
EXC00004203,BILL00046227,ACCT003853,CUST003853,2024-03,Residential,CONTRA COSTA,Inactive Account,High,2024-04-03,2024-04-05,Resolved
EXC00004204,BILL00046228,ACCT003853,CUST003853,2024-04,Residential,CONTRA COSTA,Inactive Account,High,2024-05-03,2024-05-17,Resolved
EXC00004205,BILL00046229,ACCT003853,CUST003853,2024-05,Residential,CONTRA COSTA,Inactive Account,High,2024-06-03,,In Review
EXC00004206,BILL00046230,ACCT003853,CUST003853,2024-06,Residential,CONTRA COSTA,Inactive Account,High,2024-07-03,2024-07-06,Resolved
EXC00004207,BILL00046231,ACCT003853,CUST003853,2024-07,Residential,CONTRA COSTA,Inactive Account,High,2024-08-03,2024-08-04,Resolved
EXC00004208,BILL00046232,ACCT003853,CUST003853,2024-08,Residential,CONTRA COSTA,Inactive Account,High,2024-09-03,2024-09-06,Resolved
EXC00004209,BILL00046233,ACCT003853,CUST003853,2024-09,Residential,CONTRA COSTA,Inactive Account,High,2024-10-03,,Open
EXC00004210,BILL00046234,ACCT003853,CUST003853,2024-10,Residential,CONTRA COSTA,Inactive Account,High,2024-11-03,2024-11-04,Resolved
EXC00004211,BILL00046235,ACCT003853,CUST003853,2024-11,Residential,CONTRA COSTA,Inactive Account,High,2024-12-03,2024-12-11,Resolved
EXC00004212,BILL00046236,ACCT003853,CUST003853,2024-12,Residential,CONTRA COSTA,Inactive Account,High,2025-01-03,2025-01-14,Resolved
EXC00004213,BILL00046258,ACCT003855,CUST003855,2024-10,Residential,KERN,Missing Meter Read,Medium,2024-11-03,2024-11-06,Resolved
EXC00004214,BILL00046271,ACCT003856,CUST003856,2024-11,Residential,SANTA CLARA,Missing Meter Read,Medium,2024-12-03,,In Review
EXC00004215,BILL00046304,ACCT003859,CUST003859,2024-08,Residential,SAN FRANCISCO,Missing Meter Read,Medium,2024-09-03,2024-09-14,Resolved
EXC00004216,BILL00046387,ACCT003866,CUST003866,2024-07,Residential,FRESNO,Missing Meter Read,Medium,2024-08-03,2024-08-11,Resolved
EXC00004217,BILL00046482,ACCT003874,CUST003874,2024-06,Commercial,CONTRA COSTA,Missing Meter Read,Medium,2024-07-03,,Open
EXC00004218,BILL00046549,ACCT003880,CUST003880,2024-01,Residential,SANTA CLARA,Inactive Account,High,2024-02-03,,In Review
EXC00004219,BILL00046550,ACCT003880,CUST003880,2024-02,Residential,SANTA CLARA,Inactive Account,High,2024-03-03,2024-03-06,Resolved
EXC00004220,BILL00046551,ACCT003880,CUST003880,2024-03,Residential,SANTA CLARA,Inactive Account,High,2024-04-03,2024-04-16,Resolved
EXC00004221,BILL00046552,ACCT003880,CUST003880,2024-04,Residential,SANTA CLARA,Inactive Account,High,2024-05-03,2024-05-11,Resolved
EXC00004222,BILL00046553,ACCT003880,CUST003880,2024-05,Residential,SANTA CLARA,Inactive Account,High,2024-06-03,2024-06-13,Resolved
EXC00004223,BILL00046554,ACCT003880,CUST003880,2024-06,Residential,SANTA CLARA,Inactive Account,High,2024-07-03,2024-07-07,Resolved
EXC00004224,BILL00046555,ACCT003880,CUST003880,2024-07,Residential,SANTA CLARA,Inactive Account,High,2024-08-03,2024-08-04,Resolved
EXC00004225,BILL00046556,ACCT003880,CUST003880,2024-08,Residential,SANTA CLARA,Inactive Account,High,2024-09-03,2024-09-05,Resolved
EXC00004226,BILL00046557,ACCT003880,CUST003880,2024-09,Residential,SANTA CLARA,Inactive Account,High,2024-10-03,,Open
EXC00004227,BILL00046558,ACCT003880,CUST003880,2024-10,Residential,SANTA CLARA,Inactive Account,High,2024-11-03,,In Review
EXC00004228,BILL00046559,ACCT003880,CUST003880,2024-11,Residential,SANTA CLARA,Inactive Account,High,2024-12-03,,Open
EXC00004229,BILL00046560,ACCT003880,CUST003880,2024-12,Residential,SANTA CLARA,Inactive Account,High,2025-01-03,2025-01-04,Resolved
EXC00004230,BILL00046564,ACCT003881,CUST003881,2024-04,Residential,SAN FRANCISCO,Missing Meter Read,Medium,2024-05-03,2024-05-17,Resolved
EXC00004231,BILL00046580,ACCT003882,CUST003882,2024-08,Residential,KERN,Invalid Meter Read,High,2024-09-03,,Open
EXC00004232,BILL00046609,ACCT003885,CUST003885,2024-01,Commercial,SAN JOAQUIN,Invalid Meter Read,High,2024-02-03,2024-02-15,Resolved
EXC00004233,BILL00046683,ACCT003891,CUST003891,2024-03,Residential,ALAMEDA,Missing Meter Read,Medium,2024-04-03,2024-04-09,Resolved
EXC00004234,BILL00046702,ACCT003892,CUST003892,2024-10,Residential,SAN JOAQUIN,Invalid Meter Read,High,2024-11-03,2024-11-07,Resolved
EXC00004235,BILL00046718,ACCT003894,CUST003894,2024-02,Residential,KERN,Missing Meter Read,Medium,2024-03-03,,Open
EXC00004236,BILL00046727,ACCT003894,CUST003894,2024-11,Residential,KERN,Missing Meter Read,Medium,2024-12-03,2024-12-15,Resolved
EXC00004237,BILL00046777,ACCT003899,CUST003899,2024-01,Residential,GLENN,Inactive Account,High,2024-02-03,2024-02-17,Resolved
EXC00004238,BILL00046778,ACCT003899,CUST003899,2024-02,Residential,GLENN,Inactive Account,High,2024-03-03,,In Review
EXC00004239,BILL00046779,ACCT003899,CUST003899,2024-03,Residential,GLENN,Inactive Account,High,2024-04-03,2024-04-09,Resolved
EXC00004240,BILL00046780,ACCT003899,CUST003899,2024-04,Residential,GLENN,Inactive Account,High,2024-05-03,,In Review
EXC00004241,BILL00046781,ACCT003899,CUST003899,2024-05,Residential,GLENN,Inactive Account,High,2024-06-03,2024-06-12,Resolved
EXC00004242,BILL00046782,ACCT003899,CUST003899,2024-06,Residential,GLENN,Inactive Account,High,2024-07-03,,Open
EXC00004243,BILL00046783,ACCT003899,CUST003899,2024-07,Residential,GLENN,Inactive Account,High,2024-08-03,2024-08-07,Resolved
EXC00004244,BILL00046784,ACCT003899,CUST003899,2024-08,Residential,GLENN,Inactive Account,High,2024-09-03,,In Review
EXC00004245,BILL00046785,ACCT003899,CUST003899,2024-09,Residential,GLENN,Inactive Account,High,2024-10-03,2024-10-06,Resolved
EXC00004246,BILL00046786,ACCT003899,CUST003899,2024-10,Residential,GLENN,Inactive Account,High,2024-11-03,,Open
EXC00004247,BILL00046787,ACCT003899,CUST003899,2024-11,Residential,GLENN,Inactive Account,High,2024-12-03,2024-12-15,Resolved
EXC00004248,BILL00046788,ACCT003899,CUST003899,2024-12,Residential,GLENN,Inactive Account,High,2025-01-03,2025-01-15,Resolved
EXC00004249,BILL00046830,ACCT003903,CUST003903,2024-06,Commercial,MERCED,Invalid Meter Read,High,2024-07-03,2024-07-12,Resolved
EXC00004250,BILL00046855,ACCT003905,CUST003905,2024-07,Commercial,SAN LUIS OBISPO,Invalid Meter Read,High,2024-08-03,2024-08-06,Resolved
EXC00004251,BILL00046942,ACCT003912,CUST003912,2024-10,Residential,MERCED,Missing Meter Read,Medium,2024-11-03,,Open
EXC00004252,BILL00047019,ACCT003919,CUST003919,2024-03,Residential,KERN,Missing Meter Read,Medium,2024-04-03,,Open
EXC00004253,BILL00047046,ACCT003921,CUST003921,2024-06,Industrial,PLACER,Missing Meter Read,Medium,2024-07-03,,In Review
EXC00004254,BILL00047057,ACCT003922,CUST003922,2024-05,Residential,CONTRA COSTA,Invalid Meter Read,High,2024-06-03,2024-06-06,Resolved
EXC00004255,BILL00047123,ACCT003927,CUST003927,2024-11,Residential,SAN LUIS OBISPO,Missing Meter Read,Medium,2024-12-03,,Open
EXC00004256,BILL00047133,ACCT003928,CUST003928,2024-09,Residential,SANTA CLARA,Missing Meter Read,Medium,2024-10-03,2024-10-16,Resolved
EXC00004257,BILL00047135,ACCT003928,CUST003928,2024-11,Residential,SANTA CLARA,Invalid Meter Read,High,2024-12-03,,Open
EXC00004258,BILL00047176,ACCT003932,CUST003932,2024-04,Residential,SANTA CLARA,Invalid Meter Read,High,2024-05-03,,In Review
EXC00004259,BILL00047197,ACCT003934,CUST003934,2024-01,Residential,FRESNO,Inactive Account,High,2024-02-03,2024-02-08,Resolved
EXC00004260,BILL00047198,ACCT003934,CUST003934,2024-02,Residential,FRESNO,Inactive Account,High,2024-03-03,,Open
EXC00004261,BILL00047199,ACCT003934,CUST003934,2024-03,Residential,FRESNO,Inactive Account,High,2024-04-03,2024-04-16,Resolved
EXC00004262,BILL00047200,ACCT003934,CUST003934,2024-04,Residential,FRESNO,Inactive Account,High,2024-05-03,2024-05-07,Resolved
EXC00004263,BILL00047201,ACCT003934,CUST003934,2024-05,Residential,FRESNO,Inactive Account,High,2024-06-03,2024-06-05,Resolved
EXC00004264,BILL00047202,ACCT003934,CUST003934,2024-06,Residential,FRESNO,Inactive Account,High,2024-07-03,,Open
EXC00004265,BILL00047203,ACCT003934,CUST003934,2024-07,Residential,FRESNO,Inactive Account,High,2024-08-03,2024-08-14,Resolved
EXC00004266,BILL00047204,ACCT003934,CUST003934,2024-08,Residential,FRESNO,Inactive Account,High,2024-09-03,2024-09-15,Resolved
EXC00004267,BILL00047205,ACCT003934,CUST003934,2024-09,Residential,FRESNO,Inactive Account,High,2024-10-03,,Open
EXC00004268,BILL00047206,ACCT003934,CUST003934,2024-10,Residential,FRESNO,Inactive Account,High,2024-11-03,2024-11-06,Resolved
EXC00004269,BILL00047207,ACCT003934,CUST003934,2024-11,Residential,FRESNO,Inactive Account,High,2024-12-03,2024-12-04,Resolved
EXC00004270,BILL00047208,ACCT003934,CUST003934,2024-12,Residential,FRESNO,Inactive Account,High,2025-01-03,2025-01-05,Resolved
EXC00004271,BILL00047269,ACCT003940,CUST003940,2024-01,Residential,ALAMEDA,Missing Meter Read,Medium,2024-02-03,2024-02-13,Resolved
EXC00004272,BILL00047396,ACCT003950,CUST003950,2024-08,Residential,SAN FRANCISCO,Missing Meter Read,Medium,2024-09-03,2024-09-16,Resolved
EXC00004273,BILL00047401,ACCT003951,CUST003951,2024-01,Residential,ALAMEDA,Inactive Account,High,2024-02-03,,Open
EXC00004274,BILL00047402,ACCT003951,CUST003951,2024-02,Residential,ALAMEDA,Inactive Account,High,2024-03-03,,Open
EXC00004275,BILL00047403,ACCT003951,CUST003951,2024-03,Residential,ALAMEDA,Inactive Account,High,2024-04-03,,Open
EXC00004276,BILL00047404,ACCT003951,CUST003951,2024-04,Residential,ALAMEDA,Inactive Account,High,2024-05-03,,Open
EXC00004277,BILL00047405,ACCT003951,CUST003951,2024-05,Residential,ALAMEDA,Inactive Account,High,2024-06-03,2024-06-08,Resolved
EXC00004278,BILL00047406,ACCT003951,CUST003951,2024-06,Residential,ALAMEDA,Inactive Account,High,2024-07-03,,In Review
EXC00004279,BILL00047407,ACCT003951,CUST003951,2024-07,Residential,ALAMEDA,Inactive Account,High,2024-08-03,,Open
EXC00004280,BILL00047408,ACCT003951,CUST003951,2024-08,Residential,ALAMEDA,Inactive Account,High,2024-09-03,2024-09-17,Resolved
EXC00004281,BILL00047409,ACCT003951,CUST003951,2024-09,Residential,ALAMEDA,Inactive Account,High,2024-10-03,,Open
EXC00004282,BILL00047410,ACCT003951,CUST003951,2024-10,Residential,ALAMEDA,Inactive Account,High,2024-11-03,2024-11-12,Resolved
EXC00004283,BILL00047411,ACCT003951,CUST003951,2024-11,Residential,ALAMEDA,Inactive Account,High,2024-12-03,,In Review
EXC00004284,BILL00047412,ACCT003951,CUST003951,2024-12,Residential,ALAMEDA,Inactive Account,High,2025-01-03,,Open
EXC00004285,BILL00047425,ACCT003953,CUST003953,2024-01,Agriculture And Water Pumping,CONTRA COSTA,Inactive Account,High,2024-02-03,2024-02-08,Resolved
EXC00004286,BILL00047426,ACCT003953,CUST003953,2024-02,Agriculture And Water Pumping,CONTRA COSTA,Inactive Account,High,2024-03-03,,Open
EXC00004287,BILL00047427,ACCT003953,CUST003953,2024-03,Agriculture And Water Pumping,CONTRA COSTA,Inactive Account,High,2024-04-03,2024-04-12,Resolved
EXC00004288,BILL00047428,ACCT003953,CUST003953,2024-04,Agriculture And Water Pumping,CONTRA COSTA,Inactive Account,High,2024-05-03,2024-05-09,Resolved
EXC00004289,BILL00047429,ACCT003953,CUST003953,2024-05,Agriculture And Water Pumping,CONTRA COSTA,Inactive Account,High,2024-06-03,,In Review
EXC00004290,BILL00047430,ACCT003953,CUST003953,2024-06,Agriculture And Water Pumping,CONTRA COSTA,Inactive Account,High,2024-07-03,2024-07-16,Resolved
EXC00004291,BILL00047431,ACCT003953,CUST003953,2024-07,Agriculture And Water Pumping,CONTRA COSTA,Inactive Account,High,2024-08-03,2024-08-17,Resolved
EXC00004292,BILL00047432,ACCT003953,CUST003953,2024-08,Agriculture And Water Pumping,CONTRA COSTA,Inactive Account,High,2024-09-03,2024-09-11,Resolved
EXC00004293,BILL00047433,ACCT003953,CUST003953,2024-09,Agriculture And Water Pumping,CONTRA COSTA,Inactive Account,High,2024-10-03,,Open
EXC00004294,BILL00047434,ACCT003953,CUST003953,2024-10,Agriculture And Water Pumping,CONTRA COSTA,Inactive Account,High,2024-11-03,2024-11-04,Resolved
EXC00004295,BILL00047435,ACCT003953,CUST003953,2024-11,Agriculture And Water Pumping,CONTRA COSTA,Inactive Account,High,2024-12-03,,In Review
EXC00004296,BILL00047436,ACCT003953,CUST003953,2024-12,Agriculture And Water Pumping,CONTRA COSTA,Inactive Account,High,2025-01-03,2025-01-07,Resolved
EXC00004297,BILL00047449,ACCT003955,CUST003955,2024-01,Residential,SAN MATEO,Inactive Account,High,2024-02-03,,Open
EXC00004298,BILL00047450,ACCT003955,CUST003955,2024-02,Residential,SAN MATEO,Inactive Account,High,2024-03-03,,In Review
EXC00004299,BILL00047451,ACCT003955,CUST003955,2024-03,Residential,SAN MATEO,Inactive Account,High,2024-04-03,2024-04-05,Resolved
EXC00004300,BILL00047452,ACCT003955,CUST003955,2024-04,Residential,SAN MATEO,Inactive Account,High,2024-05-03,,Open
EXC00004301,BILL00047453,ACCT003955,CUST003955,2024-05,Residential,SAN MATEO,Inactive Account,High,2024-06-03,2024-06-15,Resolved
EXC00004302,BILL00047454,ACCT003955,CUST003955,2024-06,Residential,SAN MATEO,Inactive Account,High,2024-07-03,,In Review
EXC00004303,BILL00047455,ACCT003955,CUST003955,2024-07,Residential,SAN MATEO,Inactive Account,High,2024-08-03,,In Review
EXC00004304,BILL00047456,ACCT003955,CUST003955,2024-08,Residential,SAN MATEO,Inactive Account,High,2024-09-03,2024-09-10,Resolved
EXC00004305,BILL00047457,ACCT003955,CUST003955,2024-09,Residential,SAN MATEO,Inactive Account,High,2024-10-03,,In Review
EXC00004306,BILL00047458,ACCT003955,CUST003955,2024-10,Residential,SAN MATEO,Inactive Account,High,2024-11-03,2024-11-09,Resolved
EXC00004307,BILL00047459,ACCT003955,CUST003955,2024-11,Residential,SAN MATEO,Inactive Account,High,2024-12-03,,In Review
EXC00004308,BILL00047460,ACCT003955,CUST003955,2024-12,Residential,SAN MATEO,Inactive Account,High,2025-01-03,2025-01-13,Resolved
EXC00004309,BILL00047469,ACCT003956,CUST003956,2024-09,Commercial,ALAMEDA,Invalid Meter Read,High,2024-10-03,,In Review
EXC00004310,BILL00047497,ACCT003959,CUST003959,2024-01,Residential,EL DORADO,Missing Meter Read,Medium,2024-02-03,2024-02-04,Resolved
EXC00004311,BILL00047534,ACCT003962,CUST003962,2024-02,Residential,PLACER,Missing Meter Read,Medium,2024-03-03,,Open
EXC00004312,BILL00047558,ACCT003964,CUST003964,2024-02,Residential,CONTRA COSTA,Missing Meter Read,Medium,2024-03-03,,Open
EXC00004313,BILL00047593,ACCT003967,CUST003967,2024-01,Residential,NEVADA,Inactive Account,High,2024-02-03,,Open
EXC00004314,BILL00047594,ACCT003967,CUST003967,2024-02,Residential,NEVADA,Inactive Account,High,2024-03-03,2024-03-04,Resolved
EXC00004315,BILL00047595,ACCT003967,CUST003967,2024-03,Residential,NEVADA,Inactive Account,High,2024-04-03,2024-04-05,Resolved
EXC00004316,BILL00047596,ACCT003967,CUST003967,2024-04,Residential,NEVADA,Inactive Account,High,2024-05-03,2024-05-12,Resolved
EXC00004317,BILL00047597,ACCT003967,CUST003967,2024-05,Residential,NEVADA,Inactive Account,High,2024-06-03,,In Review
EXC00004318,BILL00047598,ACCT003967,CUST003967,2024-06,Residential,NEVADA,Inactive Account,High,2024-07-03,,In Review
EXC00004319,BILL00047599,ACCT003967,CUST003967,2024-07,Residential,NEVADA,Inactive Account,High,2024-08-03,2024-08-14,Resolved
EXC00004320,BILL00047600,ACCT003967,CUST003967,2024-08,Residential,NEVADA,Inactive Account,High,2024-09-03,,Open
EXC00004321,BILL00047601,ACCT003967,CUST003967,2024-09,Residential,NEVADA,Inactive Account,High,2024-10-03,2024-10-13,Resolved
EXC00004322,BILL00047602,ACCT003967,CUST003967,2024-10,Residential,NEVADA,Inactive Account,High,2024-11-03,,In Review
EXC00004323,BILL00047603,ACCT003967,CUST003967,2024-11,Residential,NEVADA,Inactive Account,High,2024-12-03,,Open
EXC00004324,BILL00047604,ACCT003967,CUST003967,2024-12,Residential,NEVADA,Inactive Account,High,2025-01-03,,In Review
EXC00004325,BILL00047638,ACCT003970,CUST003970,2024-10,Residential,CONTRA COSTA,Invalid Meter Read,High,2024-11-03,,In Review
EXC00004326,BILL00047668,ACCT003973,CUST003973,2024-04,Residential,ALAMEDA,Missing Meter Read,Medium,2024-05-03,2024-05-07,Resolved
EXC00004327,BILL00047671,ACCT003973,CUST003973,2024-07,Residential,ALAMEDA,Missing Meter Read,Medium,2024-08-03,2024-08-07,Resolved
EXC00004328,BILL00047768,ACCT003981,CUST003981,2024-08,Commercial,MADERA,Missing Meter Read,Medium,2024-09-03,2024-09-06,Resolved
EXC00004329,BILL00047775,ACCT003982,CUST003982,2024-03,Commercial,SANTA BARBARA,Missing Meter Read,Medium,2024-04-03,,In Review
EXC00004330,BILL00047802,ACCT003984,CUST003984,2024-06,Residential,SAN FRANCISCO,Invalid Meter Read,High,2024-07-03,2024-07-10,Resolved
EXC00004331,BILL00047809,ACCT003985,CUST003985,2024-01,Commercial,CONTRA COSTA,Inactive Account,High,2024-02-03,,In Review
EXC00004332,BILL00047810,ACCT003985,CUST003985,2024-02,Commercial,CONTRA COSTA,Inactive Account,High,2024-03-03,,Open
EXC00004333,BILL00047811,ACCT003985,CUST003985,2024-03,Commercial,CONTRA COSTA,Inactive Account,High,2024-04-03,2024-04-14,Resolved
EXC00004334,BILL00047812,ACCT003985,CUST003985,2024-04,Commercial,CONTRA COSTA,Inactive Account,High,2024-05-03,2024-05-06,Resolved
EXC00004335,BILL00047813,ACCT003985,CUST003985,2024-05,Commercial,CONTRA COSTA,Inactive Account,High,2024-06-03,,In Review
EXC00004336,BILL00047814,ACCT003985,CUST003985,2024-06,Commercial,CONTRA COSTA,Inactive Account,High,2024-07-03,2024-07-11,Resolved
EXC00004337,BILL00047815,ACCT003985,CUST003985,2024-07,Commercial,CONTRA COSTA,Inactive Account,High,2024-08-03,2024-08-12,Resolved
EXC00004338,BILL00047816,ACCT003985,CUST003985,2024-08,Commercial,CONTRA COSTA,Inactive Account,High,2024-09-03,2024-09-04,Resolved
EXC00004339,BILL00047817,ACCT003985,CUST003985,2024-09,Commercial,CONTRA COSTA,Inactive Account,High,2024-10-03,2024-10-06,Resolved
EXC00004340,BILL00047818,ACCT003985,CUST003985,2024-10,Commercial,CONTRA COSTA,Inactive Account,High,2024-11-03,2024-11-09,Resolved
EXC00004341,BILL00047819,ACCT003985,CUST003985,2024-11,Commercial,CONTRA COSTA,Inactive Account,High,2024-12-03,2024-12-17,Resolved
EXC00004342,BILL00047820,ACCT003985,CUST003985,2024-12,Commercial,CONTRA COSTA,Inactive Account,High,2025-01-03,2025-01-05,Resolved
EXC00004343,BILL00048109,ACCT004010,CUST004010,2024-01,Residential,SAN FRANCISCO,Inactive Account,High,2024-02-03,,Open
EXC00004344,BILL00048110,ACCT004010,CUST004010,2024-02,Residential,SAN FRANCISCO,Inactive Account,High,2024-03-03,,In Review
EXC00004345,BILL00048111,ACCT004010,CUST004010,2024-03,Residential,SAN FRANCISCO,Inactive Account,High,2024-04-03,2024-04-08,Resolved
EXC00004346,BILL00048112,ACCT004010,CUST004010,2024-04,Residential,SAN FRANCISCO,Inactive Account,High,2024-05-03,,In Review
EXC00004347,BILL00048113,ACCT004010,CUST004010,2024-05,Residential,SAN FRANCISCO,Inactive Account,High,2024-06-03,,In Review
EXC00004348,BILL00048114,ACCT004010,CUST004010,2024-06,Residential,SAN FRANCISCO,Inactive Account,High,2024-07-03,,In Review
EXC00004349,BILL00048115,ACCT004010,CUST004010,2024-07,Residential,SAN FRANCISCO,Inactive Account,High,2024-08-03,2024-08-16,Resolved
EXC00004350,BILL00048116,ACCT004010,CUST004010,2024-08,Residential,SAN FRANCISCO,Inactive Account,High,2024-09-03,2024-09-12,Resolved
EXC00004351,BILL00048117,ACCT004010,CUST004010,2024-09,Residential,SAN FRANCISCO,Inactive Account,High,2024-10-03,,Open
EXC00004352,BILL00048118,ACCT004010,CUST004010,2024-10,Residential,SAN FRANCISCO,Inactive Account,High,2024-11-03,2024-11-11,Resolved
EXC00004353,BILL00048119,ACCT004010,CUST004010,2024-11,Residential,SAN FRANCISCO,Inactive Account,High,2024-12-03,2024-12-13,Resolved
EXC00004354,BILL00048120,ACCT004010,CUST004010,2024-12,Residential,SAN FRANCISCO,Inactive Account,High,2025-01-03,,Open
EXC00004355,BILL00048145,ACCT004013,CUST004013,2024-01,Residential,SANTA CLARA,Missing Meter Read,Medium,2024-02-03,2024-02-06,Resolved
EXC00004356,BILL00048154,ACCT004013,CUST004013,2024-10,Residential,SANTA CLARA,Invalid Meter Read,High,2024-11-03,,Open
EXC00004357,BILL00048193,ACCT004017,CUST004017,2024-01,Commercial,SANTA CLARA,Inactive Account,High,2024-02-03,2024-02-08,Resolved
EXC00004358,BILL00048194,ACCT004017,CUST004017,2024-02,Commercial,SANTA CLARA,Inactive Account,High,2024-03-03,2024-03-17,Resolved
EXC00004359,BILL00048195,ACCT004017,CUST004017,2024-03,Commercial,SANTA CLARA,Inactive Account,High,2024-04-03,2024-04-17,Resolved
EXC00004360,BILL00048196,ACCT004017,CUST004017,2024-04,Commercial,SANTA CLARA,Inactive Account,High,2024-05-03,2024-05-14,Resolved
EXC00004361,BILL00048197,ACCT004017,CUST004017,2024-05,Commercial,SANTA CLARA,Inactive Account,High,2024-06-03,2024-06-08,Resolved
EXC00004362,BILL00048198,ACCT004017,CUST004017,2024-06,Commercial,SANTA CLARA,Inactive Account,High,2024-07-03,2024-07-16,Resolved
EXC00004363,BILL00048199,ACCT004017,CUST004017,2024-07,Commercial,SANTA CLARA,Inactive Account,High,2024-08-03,2024-08-12,Resolved
EXC00004364,BILL00048200,ACCT004017,CUST004017,2024-08,Commercial,SANTA CLARA,Inactive Account,High,2024-09-03,,In Review
EXC00004365,BILL00048201,ACCT004017,CUST004017,2024-09,Commercial,SANTA CLARA,Inactive Account,High,2024-10-03,2024-10-06,Resolved
EXC00004366,BILL00048202,ACCT004017,CUST004017,2024-10,Commercial,SANTA CLARA,Inactive Account,High,2024-11-03,,Open
EXC00004367,BILL00048203,ACCT004017,CUST004017,2024-11,Commercial,SANTA CLARA,Inactive Account,High,2024-12-03,2024-12-12,Resolved
EXC00004368,BILL00048204,ACCT004017,CUST004017,2024-12,Commercial,SANTA CLARA,Inactive Account,High,2025-01-03,,Open
EXC00004369,BILL00048217,ACCT004019,CUST004019,2024-01,Residential,CONTRA COSTA,Inactive Account,High,2024-02-03,2024-02-10,Resolved
EXC00004370,BILL00048218,ACCT004019,CUST004019,2024-02,Residential,CONTRA COSTA,Inactive Account,High,2024-03-03,2024-03-17,Resolved
EXC00004371,BILL00048219,ACCT004019,CUST004019,2024-03,Residential,CONTRA COSTA,Inactive Account,High,2024-04-03,2024-04-17,Resolved
EXC00004372,BILL00048220,ACCT004019,CUST004019,2024-04,Residential,CONTRA COSTA,Inactive Account,High,2024-05-03,2024-05-12,Resolved
EXC00004373,BILL00048221,ACCT004019,CUST004019,2024-05,Residential,CONTRA COSTA,Inactive Account,High,2024-06-03,2024-06-14,Resolved
EXC00004374,BILL00048222,ACCT004019,CUST004019,2024-06,Residential,CONTRA COSTA,Inactive Account,High,2024-07-03,2024-07-06,Resolved
EXC00004375,BILL00048223,ACCT004019,CUST004019,2024-07,Residential,CONTRA COSTA,Inactive Account,High,2024-08-03,,In Review
EXC00004376,BILL00048224,ACCT004019,CUST004019,2024-08,Residential,CONTRA COSTA,Inactive Account,High,2024-09-03,,In Review
EXC00004377,BILL00048225,ACCT004019,CUST004019,2024-09,Residential,CONTRA COSTA,Inactive Account,High,2024-10-03,,In Review
EXC00004378,BILL00048226,ACCT004019,CUST004019,2024-10,Residential,CONTRA COSTA,Inactive Account,High,2024-11-03,2024-11-04,Resolved
EXC00004379,BILL00048227,ACCT004019,CUST004019,2024-11,Residential,CONTRA COSTA,Inactive Account,High,2024-12-03,,Open
EXC00004380,BILL00048228,ACCT004019,CUST004019,2024-12,Residential,CONTRA COSTA,Inactive Account,High,2025-01-03,,In Review
EXC00004381,BILL00048239,ACCT004020,CUST004020,2024-11,Residential,FRESNO,Invalid Meter Read,High,2024-12-03,2024-12-14,Resolved
EXC00004382,BILL00048243,ACCT004021,CUST004021,2024-03,Residential,ALAMEDA,Missing Meter Read,Medium,2024-04-03,2024-04-15,Resolved
EXC00004383,BILL00048246,ACCT004021,CUST004021,2024-06,Residential,ALAMEDA,Invalid Meter Read,High,2024-07-03,,Open
EXC00004384,BILL00048271,ACCT004023,CUST004023,2024-07,Residential,KERN,Missing Meter Read,Medium,2024-08-03,2024-08-05,Resolved
EXC00004385,BILL00048304,ACCT004026,CUST004026,2024-04,Commercial,KERN,Missing Meter Read,Medium,2024-05-03,2024-05-10,Resolved
EXC00004386,BILL00048363,ACCT004031,CUST004031,2024-03,Residential,SAN MATEO,Invalid Meter Read,High,2024-04-03,,In Review
EXC00004387,BILL00048386,ACCT004033,CUST004033,2024-02,Residential,SAN MATEO,Missing Meter Read,Medium,2024-03-03,,Open
EXC00004388,BILL00048399,ACCT004034,CUST004034,2024-03,Mining,SAN JOAQUIN,Invalid Meter Read,High,2024-04-03,2024-04-04,Resolved
EXC00004389,BILL00048475,ACCT004040,CUST004040,2024-07,Residential,SANTA CLARA,Invalid Meter Read,High,2024-08-03,,In Review
EXC00004390,BILL00048496,ACCT004042,CUST004042,2024-04,Residential,ALAMEDA,Missing Meter Read,Medium,2024-05-03,,Open
EXC00004391,BILL00048564,ACCT004047,CUST004047,2024-12,Residential,KERN,Missing Meter Read,Medium,2025-01-03,2025-01-13,Resolved
EXC00004392,BILL00048578,ACCT004049,CUST004049,2024-02,Commercial,NAPA,Invalid Meter Read,High,2024-03-03,2024-03-11,Resolved
EXC00004393,BILL00048579,ACCT004049,CUST004049,2024-03,Commercial,NAPA,Missing Meter Read,Medium,2024-04-03,,Open
EXC00004394,BILL00048659,ACCT004055,CUST004055,2024-11,Residential,SAN FRANCISCO,Invalid Meter Read,High,2024-12-03,2024-12-06,Resolved
EXC00004395,BILL00048709,ACCT004060,CUST004060,2024-01,Mining,SANTA CLARA,Inactive Account,High,2024-02-03,2024-02-06,Resolved
EXC00004396,BILL00048710,ACCT004060,CUST004060,2024-02,Mining,SANTA CLARA,Inactive Account,High,2024-03-03,2024-03-13,Resolved
EXC00004397,BILL00048711,ACCT004060,CUST004060,2024-03,Mining,SANTA CLARA,Inactive Account,High,2024-04-03,2024-04-11,Resolved
EXC00004398,BILL00048712,ACCT004060,CUST004060,2024-04,Mining,SANTA CLARA,Inactive Account,High,2024-05-03,2024-05-07,Resolved
EXC00004399,BILL00048713,ACCT004060,CUST004060,2024-05,Mining,SANTA CLARA,Inactive Account,High,2024-06-03,,Open
EXC00004400,BILL00048714,ACCT004060,CUST004060,2024-06,Mining,SANTA CLARA,Inactive Account,High,2024-07-03,,In Review
EXC00004401,BILL00048715,ACCT004060,CUST004060,2024-07,Mining,SANTA CLARA,Inactive Account,High,2024-08-03,,In Review
EXC00004402,BILL00048716,ACCT004060,CUST004060,2024-08,Mining,SANTA CLARA,Inactive Account,High,2024-09-03,,Open
EXC00004403,BILL00048717,ACCT004060,CUST004060,2024-09,Mining,SANTA CLARA,Inactive Account,High,2024-10-03,2024-10-15,Resolved
EXC00004404,BILL00048718,ACCT004060,CUST004060,2024-10,Mining,SANTA CLARA,Inactive Account,High,2024-11-03,2024-11-08,Resolved
EXC00004405,BILL00048719,ACCT004060,CUST004060,2024-11,Mining,SANTA CLARA,Inactive Account,High,2024-12-03,2024-12-14,Resolved
EXC00004406,BILL00048720,ACCT004060,CUST004060,2024-12,Mining,SANTA CLARA,Inactive Account,High,2025-01-03,,Open
EXC00004407,BILL00048733,ACCT004062,CUST004062,2024-01,Residential,BUTTE,Inactive Account,High,2024-02-03,2024-02-17,Resolved
EXC00004408,BILL00048734,ACCT004062,CUST004062,2024-02,Residential,BUTTE,Inactive Account,High,2024-03-03,2024-03-16,Resolved
EXC00004409,BILL00048735,ACCT004062,CUST004062,2024-03,Residential,BUTTE,Inactive Account,High,2024-04-03,2024-04-16,Resolved
EXC00004410,BILL00048736,ACCT004062,CUST004062,2024-04,Residential,BUTTE,Inactive Account,High,2024-05-03,,Open
EXC00004411,BILL00048737,ACCT004062,CUST004062,2024-05,Residential,BUTTE,Inactive Account,High,2024-06-03,2024-06-04,Resolved
EXC00004412,BILL00048738,ACCT004062,CUST004062,2024-06,Residential,BUTTE,Inactive Account,High,2024-07-03,,In Review
EXC00004413,BILL00048739,ACCT004062,CUST004062,2024-07,Residential,BUTTE,Inactive Account,High,2024-08-03,2024-08-05,Resolved
EXC00004414,BILL00048740,ACCT004062,CUST004062,2024-08,Residential,BUTTE,Inactive Account,High,2024-09-03,2024-09-10,Resolved
EXC00004415,BILL00048741,ACCT004062,CUST004062,2024-09,Residential,BUTTE,Inactive Account,High,2024-10-03,2024-10-16,Resolved
EXC00004416,BILL00048742,ACCT004062,CUST004062,2024-10,Residential,BUTTE,Inactive Account,High,2024-11-03,,Open
EXC00004417,BILL00048743,ACCT004062,CUST004062,2024-11,Residential,BUTTE,Inactive Account,High,2024-12-03,,Open
EXC00004418,BILL00048744,ACCT004062,CUST004062,2024-12,Residential,BUTTE,Inactive Account,High,2025-01-03,,Open
EXC00004419,BILL00048793,ACCT004067,CUST004067,2024-01,Residential,ALAMEDA,Inactive Account,High,2024-02-03,2024-02-13,Resolved
EXC00004420,BILL00048794,ACCT004067,CUST004067,2024-02,Residential,ALAMEDA,Inactive Account,High,2024-03-03,,Open
EXC00004421,BILL00048795,ACCT004067,CUST004067,2024-03,Residential,ALAMEDA,Inactive Account,High,2024-04-03,,Open
EXC00004422,BILL00048796,ACCT004067,CUST004067,2024-04,Residential,ALAMEDA,Inactive Account,High,2024-05-03,,Open
EXC00004423,BILL00048797,ACCT004067,CUST004067,2024-05,Residential,ALAMEDA,Inactive Account,High,2024-06-03,2024-06-06,Resolved
EXC00004424,BILL00048798,ACCT004067,CUST004067,2024-06,Residential,ALAMEDA,Inactive Account,High,2024-07-03,2024-07-04,Resolved
EXC00004425,BILL00048799,ACCT004067,CUST004067,2024-07,Residential,ALAMEDA,Inactive Account,High,2024-08-03,,In Review
EXC00004426,BILL00048800,ACCT004067,CUST004067,2024-08,Residential,ALAMEDA,Inactive Account,High,2024-09-03,,Open
EXC00004427,BILL00048801,ACCT004067,CUST004067,2024-09,Residential,ALAMEDA,Inactive Account,High,2024-10-03,2024-10-10,Resolved
EXC00004428,BILL00048802,ACCT004067,CUST004067,2024-10,Residential,ALAMEDA,Inactive Account,High,2024-11-03,2024-11-14,Resolved
EXC00004429,BILL00048803,ACCT004067,CUST004067,2024-11,Residential,ALAMEDA,Inactive Account,High,2024-12-03,,In Review
EXC00004430,BILL00048804,ACCT004067,CUST004067,2024-12,Residential,ALAMEDA,Inactive Account,High,2025-01-03,2025-01-13,Resolved
EXC00004431,BILL00048806,ACCT004068,CUST004068,2024-02,"Transportation, Communications, & Utilities",KERN,Invalid Meter Read,High,2024-03-03,2024-03-07,Resolved
EXC00004432,BILL00048813,ACCT004068,CUST004068,2024-09,"Transportation, Communications, & Utilities",KERN,Missing Meter Read,Medium,2024-10-03,2024-10-16,Resolved
EXC00004433,BILL00048815,ACCT004068,CUST004068,2024-11,"Transportation, Communications, & Utilities",KERN,Missing Meter Read,Medium,2024-12-03,2024-12-13,Resolved
EXC00004434,BILL00048882,ACCT004074,CUST004074,2024-06,Residential,PLACER,Missing Meter Read,Medium,2024-07-03,,Open
EXC00004435,BILL00048930,ACCT004078,CUST004078,2024-06,Residential,MADERA,Missing Meter Read,Medium,2024-07-03,2024-07-16,Resolved
EXC00004436,BILL00048956,ACCT004080,CUST004080,2024-08,Residential,SANTA CLARA,Missing Meter Read,Medium,2024-09-03,,Open
EXC00004437,BILL00048977,ACCT004082,CUST004082,2024-05,Residential,KERN,Invalid Meter Read,High,2024-06-03,,Open
EXC00004438,BILL00048985,ACCT004083,CUST004083,2024-01,Residential,ALAMEDA,Inactive Account,High,2024-02-03,2024-02-04,Resolved
EXC00004439,BILL00048986,ACCT004083,CUST004083,2024-02,Residential,ALAMEDA,Inactive Account,High,2024-03-03,,Open
EXC00004440,BILL00048987,ACCT004083,CUST004083,2024-03,Residential,ALAMEDA,Inactive Account,High,2024-04-03,2024-04-15,Resolved
EXC00004441,BILL00048988,ACCT004083,CUST004083,2024-04,Residential,ALAMEDA,Inactive Account,High,2024-05-03,,Open
EXC00004442,BILL00048989,ACCT004083,CUST004083,2024-05,Residential,ALAMEDA,Inactive Account,High,2024-06-03,,Open
EXC00004443,BILL00048990,ACCT004083,CUST004083,2024-06,Residential,ALAMEDA,Inactive Account,High,2024-07-03,2024-07-05,Resolved
EXC00004444,BILL00048991,ACCT004083,CUST004083,2024-07,Residential,ALAMEDA,Inactive Account,High,2024-08-03,2024-08-17,Resolved
EXC00004445,BILL00048992,ACCT004083,CUST004083,2024-08,Residential,ALAMEDA,Inactive Account,High,2024-09-03,,Open
EXC00004446,BILL00048993,ACCT004083,CUST004083,2024-09,Residential,ALAMEDA,Inactive Account,High,2024-10-03,,Open
EXC00004447,BILL00048994,ACCT004083,CUST004083,2024-10,Residential,ALAMEDA,Inactive Account,High,2024-11-03,2024-11-10,Resolved
EXC00004448,BILL00048995,ACCT004083,CUST004083,2024-11,Residential,ALAMEDA,Inactive Account,High,2024-12-03,,Open
EXC00004449,BILL00048996,ACCT004083,CUST004083,2024-12,Residential,ALAMEDA,Inactive Account,High,2025-01-03,2025-01-14,Resolved
EXC00004450,BILL00049044,ACCT004087,CUST004087,2024-12,Residential,KERN,Missing Meter Read,Medium,2025-01-03,,Open
EXC00004451,BILL00049081,ACCT004091,CUST004091,2024-01,Residential,KERN,Inactive Account,High,2024-02-03,,Open
EXC00004452,BILL00049082,ACCT004091,CUST004091,2024-02,Residential,KERN,Inactive Account,High,2024-03-03,,Open
EXC00004453,BILL00049083,ACCT004091,CUST004091,2024-03,Residential,KERN,Inactive Account,High,2024-04-03,2024-04-14,Resolved
EXC00004454,BILL00049084,ACCT004091,CUST004091,2024-04,Residential,KERN,Inactive Account,High,2024-05-03,2024-05-13,Resolved
EXC00004455,BILL00049085,ACCT004091,CUST004091,2024-05,Residential,KERN,Inactive Account,High,2024-06-03,,Open
EXC00004456,BILL00049086,ACCT004091,CUST004091,2024-06,Residential,KERN,Inactive Account,High,2024-07-03,2024-07-13,Resolved
EXC00004457,BILL00049087,ACCT004091,CUST004091,2024-07,Residential,KERN,Inactive Account,High,2024-08-03,,In Review
EXC00004458,BILL00049088,ACCT004091,CUST004091,2024-08,Residential,KERN,Inactive Account,High,2024-09-03,2024-09-05,Resolved
EXC00004459,BILL00049089,ACCT004091,CUST004091,2024-09,Residential,KERN,Inactive Account,High,2024-10-03,,Open
EXC00004460,BILL00049090,ACCT004091,CUST004091,2024-10,Residential,KERN,Inactive Account,High,2024-11-03,2024-11-11,Resolved
EXC00004461,BILL00049091,ACCT004091,CUST004091,2024-11,Residential,KERN,Inactive Account,High,2024-12-03,2024-12-06,Resolved
EXC00004462,BILL00049092,ACCT004091,CUST004091,2024-12,Residential,KERN,Inactive Account,High,2025-01-03,,Open
EXC00004463,BILL00049113,ACCT004093,CUST004093,2024-09,Residential,KERN,Invalid Meter Read,High,2024-10-03,,In Review
EXC00004464,BILL00049117,ACCT004094,CUST004094,2024-01,Industrial,FRESNO,Inactive Account,High,2024-02-03,2024-02-10,Resolved
EXC00004465,BILL00049118,ACCT004094,CUST004094,2024-02,Industrial,FRESNO,Inactive Account,High,2024-03-03,,Open
EXC00004466,BILL00049119,ACCT004094,CUST004094,2024-03,Industrial,FRESNO,Inactive Account,High,2024-04-03,2024-04-09,Resolved
EXC00004467,BILL00049120,ACCT004094,CUST004094,2024-04,Industrial,FRESNO,Inactive Account,High,2024-05-03,2024-05-17,Resolved
EXC00004468,BILL00049121,ACCT004094,CUST004094,2024-05,Industrial,FRESNO,Inactive Account,High,2024-06-03,,In Review
EXC00004469,BILL00049122,ACCT004094,CUST004094,2024-06,Industrial,FRESNO,Inactive Account,High,2024-07-03,,In Review
EXC00004470,BILL00049123,ACCT004094,CUST004094,2024-07,Industrial,FRESNO,Inactive Account,High,2024-08-03,2024-08-11,Resolved
EXC00004471,BILL00049124,ACCT004094,CUST004094,2024-08,Industrial,FRESNO,Inactive Account,High,2024-09-03,2024-09-12,Resolved
EXC00004472,BILL00049125,ACCT004094,CUST004094,2024-09,Industrial,FRESNO,Inactive Account,High,2024-10-03,2024-10-04,Resolved
EXC00004473,BILL00049126,ACCT004094,CUST004094,2024-10,Industrial,FRESNO,Inactive Account,High,2024-11-03,,Open
EXC00004474,BILL00049127,ACCT004094,CUST004094,2024-11,Industrial,FRESNO,Inactive Account,High,2024-12-03,,Open
EXC00004475,BILL00049128,ACCT004094,CUST004094,2024-12,Industrial,FRESNO,Inactive Account,High,2025-01-03,,In Review
EXC00004476,BILL00049132,ACCT004095,CUST004095,2024-04,Residential,KERN,Missing Meter Read,Medium,2024-05-03,2024-05-12,Resolved
EXC00004477,BILL00049165,ACCT004098,CUST004098,2024-01,Residential,SANTA CLARA,Inactive Account,High,2024-02-03,,In Review
EXC00004478,BILL00049166,ACCT004098,CUST004098,2024-02,Residential,SANTA CLARA,Inactive Account,High,2024-03-03,,Open
EXC00004479,BILL00049167,ACCT004098,CUST004098,2024-03,Residential,SANTA CLARA,Inactive Account,High,2024-04-03,2024-04-07,Resolved
EXC00004480,BILL00049168,ACCT004098,CUST004098,2024-04,Residential,SANTA CLARA,Inactive Account,High,2024-05-03,2024-05-08,Resolved
EXC00004481,BILL00049169,ACCT004098,CUST004098,2024-05,Residential,SANTA CLARA,Inactive Account,High,2024-06-03,,In Review
EXC00004482,BILL00049170,ACCT004098,CUST004098,2024-06,Residential,SANTA CLARA,Inactive Account,High,2024-07-03,2024-07-14,Resolved
EXC00004483,BILL00049171,ACCT004098,CUST004098,2024-07,Residential,SANTA CLARA,Inactive Account,High,2024-08-03,,In Review
EXC00004484,BILL00049172,ACCT004098,CUST004098,2024-08,Residential,SANTA CLARA,Inactive Account,High,2024-09-03,,In Review
EXC00004485,BILL00049173,ACCT004098,CUST004098,2024-09,Residential,SANTA CLARA,Inactive Account,High,2024-10-03,2024-10-06,Resolved
EXC00004486,BILL00049174,ACCT004098,CUST004098,2024-10,Residential,SANTA CLARA,Inactive Account,High,2024-11-03,,Open
EXC00004487,BILL00049175,ACCT004098,CUST004098,2024-11,Residential,SANTA CLARA,Inactive Account,High,2024-12-03,,Open
EXC00004488,BILL00049176,ACCT004098,CUST004098,2024-12,Residential,SANTA CLARA,Inactive Account,High,2025-01-03,,Open
EXC00004489,BILL00049207,ACCT004101,CUST004101,2024-07,Residential,SAN FRANCISCO,Missing Meter Read,Medium,2024-08-03,,Open
EXC00004490,BILL00049227,ACCT004103,CUST004103,2024-03,Residential,ALAMEDA,Missing Meter Read,Medium,2024-04-03,2024-04-08,Resolved
EXC00004491,BILL00049244,ACCT004104,CUST004104,2024-08,Residential,FRESNO,Missing Meter Read,Medium,2024-09-03,,In Review
EXC00004492,BILL00049276,ACCT004107,CUST004107,2024-04,Agriculture And Water Pumping,SANTA CLARA,Missing Meter Read,Medium,2024-05-03,,Open
EXC00004493,BILL00049279,ACCT004107,CUST004107,2024-07,Agriculture And Water Pumping,SANTA CLARA,Invalid Meter Read,High,2024-08-03,2024-08-04,Resolved
EXC00004494,BILL00049316,ACCT004110,CUST004110,2024-08,Residential,FRESNO,Invalid Meter Read,High,2024-09-03,2024-09-06,Resolved
EXC00004495,BILL00049320,ACCT004110,CUST004110,2024-12,Residential,FRESNO,Missing Meter Read,Medium,2025-01-03,2025-01-08,Resolved
EXC00004496,BILL00049334,ACCT004112,CUST004112,2024-02,Residential,PLACER,Missing Meter Read,Medium,2024-03-03,,Open
EXC00004497,BILL00049390,ACCT004116,CUST004116,2024-10,Residential,KERN,Missing Meter Read,Medium,2024-11-03,,Open
EXC00004498,BILL00049404,ACCT004117,CUST004117,2024-12,Commercial,SAN LUIS OBISPO,Missing Meter Read,Medium,2025-01-03,2025-01-14,Resolved
EXC00004499,BILL00049412,ACCT004118,CUST004118,2024-08,Residential,SHASTA,Missing Meter Read,Medium,2024-09-03,,In Review
EXC00004500,BILL00049417,ACCT004119,CUST004119,2024-01,Residential,AMADOR,Inactive Account,High,2024-02-03,2024-02-17,Resolved
EXC00004501,BILL00049418,ACCT004119,CUST004119,2024-02,Residential,AMADOR,Inactive Account,High,2024-03-03,,Open
EXC00004502,BILL00049419,ACCT004119,CUST004119,2024-03,Residential,AMADOR,Inactive Account,High,2024-04-03,2024-04-15,Resolved
EXC00004503,BILL00049420,ACCT004119,CUST004119,2024-04,Residential,AMADOR,Inactive Account,High,2024-05-03,2024-05-10,Resolved
EXC00004504,BILL00049421,ACCT004119,CUST004119,2024-05,Residential,AMADOR,Inactive Account,High,2024-06-03,2024-06-05,Resolved
EXC00004505,BILL00049422,ACCT004119,CUST004119,2024-06,Residential,AMADOR,Inactive Account,High,2024-07-03,2024-07-04,Resolved
EXC00004506,BILL00049423,ACCT004119,CUST004119,2024-07,Residential,AMADOR,Inactive Account,High,2024-08-03,2024-08-13,Resolved
EXC00004507,BILL00049424,ACCT004119,CUST004119,2024-08,Residential,AMADOR,Inactive Account,High,2024-09-03,2024-09-11,Resolved
EXC00004508,BILL00049425,ACCT004119,CUST004119,2024-09,Residential,AMADOR,Inactive Account,High,2024-10-03,2024-10-07,Resolved
EXC00004509,BILL00049426,ACCT004119,CUST004119,2024-10,Residential,AMADOR,Inactive Account,High,2024-11-03,2024-11-09,Resolved
EXC00004510,BILL00049427,ACCT004119,CUST004119,2024-11,Residential,AMADOR,Inactive Account,High,2024-12-03,,In Review
EXC00004511,BILL00049428,ACCT004119,CUST004119,2024-12,Residential,AMADOR,Inactive Account,High,2025-01-03,,Open
EXC00004512,BILL00049475,ACCT004123,CUST004123,2024-11,Residential,FRESNO,Missing Meter Read,Medium,2024-12-03,2024-12-15,Resolved
EXC00004513,BILL00049505,ACCT004126,CUST004126,2024-05,Residential,KINGS,Missing Meter Read,Medium,2024-06-03,2024-06-14,Resolved
EXC00004514,BILL00049555,ACCT004130,CUST004130,2024-07,Residential,NAPA,Missing Meter Read,Medium,2024-08-03,,In Review
EXC00004515,BILL00049590,ACCT004133,CUST004133,2024-06,Residential,PLACER,Invalid Meter Read,High,2024-07-03,,Open
EXC00004516,BILL00049646,ACCT004138,CUST004138,2024-02,Residential,ALAMEDA,Missing Meter Read,Medium,2024-03-03,2024-03-16,Resolved
EXC00004517,BILL00049666,ACCT004139,CUST004139,2024-10,Residential,KERN,Missing Meter Read,Medium,2024-11-03,,In Review
EXC00004518,BILL00049672,ACCT004140,CUST004140,2024-04,Residential,EL DORADO,Missing Meter Read,Medium,2024-05-03,,Open
EXC00004519,BILL00049682,ACCT004141,CUST004141,2024-02,Residential,KERN,Invalid Meter Read,High,2024-03-03,,Open
EXC00004520,BILL00049694,ACCT004142,CUST004142,2024-02,Residential,SANTA CLARA,Missing Meter Read,Medium,2024-03-03,,In Review
EXC00004521,BILL00049743,ACCT004146,CUST004146,2024-03,Residential,KERN,Missing Meter Read,Medium,2024-04-03,2024-04-12,Resolved
EXC00004522,BILL00049761,ACCT004147,CUST004147,2024-09,Residential,SAN MATEO,Missing Meter Read,Medium,2024-10-03,,Open
EXC00004523,BILL00049772,ACCT004148,CUST004148,2024-08,Residential,KERN,Missing Meter Read,Medium,2024-09-03,,Open
EXC00004524,BILL00049902,ACCT004159,CUST004159,2024-06,Agriculture And Water Pumping,FRESNO,Missing Meter Read,Medium,2024-07-03,,Open
EXC00004525,BILL00049930,ACCT004161,CUST004161,2024-10,Residential,CALAVERAS,Invalid Meter Read,High,2024-11-03,,Open
EXC00004526,BILL00049945,ACCT004163,CUST004163,2024-01,Residential,MERCED,Missing Meter Read,Medium,2024-02-03,2024-02-17,Resolved
EXC00004527,BILL00049949,ACCT004163,CUST004163,2024-05,Residential,MERCED,Invalid Meter Read,High,2024-06-03,2024-06-09,Resolved
EXC00004528,BILL00049957,ACCT004164,CUST004164,2024-01,Residential,SAN MATEO,Missing Meter Read,Medium,2024-02-03,2024-02-15,Resolved
EXC00004529,BILL00050052,ACCT004171,CUST004171,2024-12,Residential,ALAMEDA,Missing Meter Read,Medium,2025-01-03,2025-01-05,Resolved
EXC00004530,BILL00050063,ACCT004172,CUST004172,2024-11,"Transportation, Communications, & Utilities",BUTTE,Missing Meter Read,Medium,2024-12-03,2024-12-12,Resolved
EXC00004531,BILL00050092,ACCT004175,CUST004175,2024-04,Commercial,ALAMEDA,Missing Meter Read,Medium,2024-05-03,,Open
EXC00004532,BILL00050128,ACCT004178,CUST004178,2024-04,Commercial,SAN JOAQUIN,Missing Meter Read,Medium,2024-05-03,,In Review
EXC00004533,BILL00050172,ACCT004181,CUST004181,2024-12,Residential,KERN,Invalid Meter Read,High,2025-01-03,2025-01-10,Resolved
EXC00004534,BILL00050181,ACCT004182,CUST004182,2024-09,Residential,KERN,Missing Meter Read,Medium,2024-10-03,2024-10-14,Resolved
EXC00004535,BILL00050186,ACCT004183,CUST004183,2024-02,Residential,SANTA CLARA,Invalid Meter Read,High,2024-03-03,,In Review
EXC00004536,BILL00050212,ACCT004185,CUST004185,2024-04,Residential,FRESNO,Missing Meter Read,Medium,2024-05-03,2024-05-09,Resolved
EXC00004537,BILL00050245,ACCT004188,CUST004188,2024-01,Residential,CONTRA COSTA,Inactive Account,High,2024-02-03,2024-02-16,Resolved
EXC00004538,BILL00050246,ACCT004188,CUST004188,2024-02,Residential,CONTRA COSTA,Inactive Account,High,2024-03-03,2024-03-09,Resolved
EXC00004539,BILL00050247,ACCT004188,CUST004188,2024-03,Residential,CONTRA COSTA,Inactive Account,High,2024-04-03,2024-04-11,Resolved
EXC00004540,BILL00050248,ACCT004188,CUST004188,2024-04,Residential,CONTRA COSTA,Inactive Account,High,2024-05-03,2024-05-13,Resolved
EXC00004541,BILL00050249,ACCT004188,CUST004188,2024-05,Residential,CONTRA COSTA,Inactive Account,High,2024-06-03,,Open
EXC00004542,BILL00050250,ACCT004188,CUST004188,2024-06,Residential,CONTRA COSTA,Inactive Account,High,2024-07-03,2024-07-09,Resolved
EXC00004543,BILL00050251,ACCT004188,CUST004188,2024-07,Residential,CONTRA COSTA,Inactive Account,High,2024-08-03,2024-08-14,Resolved
EXC00004544,BILL00050252,ACCT004188,CUST004188,2024-08,Residential,CONTRA COSTA,Inactive Account,High,2024-09-03,,In Review
EXC00004545,BILL00050253,ACCT004188,CUST004188,2024-09,Residential,CONTRA COSTA,Inactive Account,High,2024-10-03,2024-10-04,Resolved
EXC00004546,BILL00050254,ACCT004188,CUST004188,2024-10,Residential,CONTRA COSTA,Inactive Account,High,2024-11-03,2024-11-05,Resolved
EXC00004547,BILL00050255,ACCT004188,CUST004188,2024-11,Residential,CONTRA COSTA,Inactive Account,High,2024-12-03,2024-12-17,Resolved
EXC00004548,BILL00050256,ACCT004188,CUST004188,2024-12,Residential,CONTRA COSTA,Inactive Account,High,2025-01-03,2025-01-17,Resolved
EXC00004549,BILL00050276,ACCT004190,CUST004190,2024-08,Residential,SAN JOAQUIN,Missing Meter Read,Medium,2024-09-03,2024-09-13,Resolved
EXC00004550,BILL00050392,ACCT004200,CUST004200,2024-04,Residential,SAN FRANCISCO,Invalid Meter Read,High,2024-05-03,2024-05-06,Resolved
EXC00004551,BILL00050394,ACCT004200,CUST004200,2024-06,Residential,SAN FRANCISCO,Missing Meter Read,Medium,2024-07-03,,In Review
EXC00004552,BILL00050411,ACCT004201,CUST004201,2024-11,Commercial,PLUMAS,Missing Meter Read,Medium,2024-12-03,2024-12-08,Resolved
EXC00004553,BILL00050470,ACCT004206,CUST004206,2024-10,Residential,GLENN,Missing Meter Read,Medium,2024-11-03,,Open
EXC00004554,BILL00050530,ACCT004211,CUST004211,2024-10,Residential,CALAVERAS,Missing Meter Read,Medium,2024-11-03,2024-11-11,Resolved
EXC00004555,BILL00050533,ACCT004212,CUST004212,2024-01,Residential,SUTTER,Inactive Account,High,2024-02-03,2024-02-13,Resolved
EXC00004556,BILL00050534,ACCT004212,CUST004212,2024-02,Residential,SUTTER,Inactive Account,High,2024-03-03,2024-03-06,Resolved
EXC00004557,BILL00050535,ACCT004212,CUST004212,2024-03,Residential,SUTTER,Inactive Account,High,2024-04-03,,In Review
EXC00004558,BILL00050536,ACCT004212,CUST004212,2024-04,Residential,SUTTER,Inactive Account,High,2024-05-03,,Open
EXC00004559,BILL00050537,ACCT004212,CUST004212,2024-05,Residential,SUTTER,Inactive Account,High,2024-06-03,2024-06-07,Resolved
EXC00004560,BILL00050538,ACCT004212,CUST004212,2024-06,Residential,SUTTER,Inactive Account,High,2024-07-03,,Open
EXC00004561,BILL00050539,ACCT004212,CUST004212,2024-07,Residential,SUTTER,Inactive Account,High,2024-08-03,2024-08-05,Resolved
EXC00004562,BILL00050540,ACCT004212,CUST004212,2024-08,Residential,SUTTER,Inactive Account,High,2024-09-03,,In Review
EXC00004563,BILL00050541,ACCT004212,CUST004212,2024-09,Residential,SUTTER,Inactive Account,High,2024-10-03,2024-10-06,Resolved
EXC00004564,BILL00050542,ACCT004212,CUST004212,2024-10,Residential,SUTTER,Inactive Account,High,2024-11-03,2024-11-04,Resolved
EXC00004565,BILL00050543,ACCT004212,CUST004212,2024-11,Residential,SUTTER,Inactive Account,High,2024-12-03,,In Review
EXC00004566,BILL00050544,ACCT004212,CUST004212,2024-12,Residential,SUTTER,Inactive Account,High,2025-01-03,2025-01-06,Resolved
EXC00004567,BILL00050590,ACCT004216,CUST004216,2024-10,Commercial,ALAMEDA,Invalid Meter Read,High,2024-11-03,,Open
EXC00004568,BILL00050653,ACCT004222,CUST004222,2024-01,Residential,NEVADA,Inactive Account,High,2024-02-03,,Open
EXC00004569,BILL00050654,ACCT004222,CUST004222,2024-02,Residential,NEVADA,Inactive Account,High,2024-03-03,2024-03-04,Resolved
EXC00004570,BILL00050655,ACCT004222,CUST004222,2024-03,Residential,NEVADA,Inactive Account,High,2024-04-03,2024-04-05,Resolved
EXC00004571,BILL00050656,ACCT004222,CUST004222,2024-04,Residential,NEVADA,Inactive Account,High,2024-05-03,,Open
EXC00004572,BILL00050657,ACCT004222,CUST004222,2024-05,Residential,NEVADA,Inactive Account,High,2024-06-03,,Open
EXC00004573,BILL00050658,ACCT004222,CUST004222,2024-06,Residential,NEVADA,Inactive Account,High,2024-07-03,,In Review
EXC00004574,BILL00050659,ACCT004222,CUST004222,2024-07,Residential,NEVADA,Inactive Account,High,2024-08-03,,Open
EXC00004575,BILL00050660,ACCT004222,CUST004222,2024-08,Residential,NEVADA,Inactive Account,High,2024-09-03,2024-09-08,Resolved
EXC00004576,BILL00050661,ACCT004222,CUST004222,2024-09,Residential,NEVADA,Inactive Account,High,2024-10-03,,Open
EXC00004577,BILL00050662,ACCT004222,CUST004222,2024-10,Residential,NEVADA,Inactive Account,High,2024-11-03,,Open
EXC00004578,BILL00050663,ACCT004222,CUST004222,2024-11,Residential,NEVADA,Inactive Account,High,2024-12-03,2024-12-10,Resolved
EXC00004579,BILL00050664,ACCT004222,CUST004222,2024-12,Residential,NEVADA,Inactive Account,High,2025-01-03,,Open
EXC00004580,BILL00050670,ACCT004223,CUST004223,2024-06,Commercial,PLACER,Missing Meter Read,Medium,2024-07-03,2024-07-09,Resolved
EXC00004581,BILL00050688,ACCT004224,CUST004224,2024-12,Commercial,ALAMEDA,Missing Meter Read,Medium,2025-01-03,,Open
EXC00004582,BILL00050749,ACCT004230,CUST004230,2024-01,Residential,SOLANO,Missing Meter Read,Medium,2024-02-03,,Open
EXC00004583,BILL00050757,ACCT004230,CUST004230,2024-09,Residential,SOLANO,Missing Meter Read,Medium,2024-10-03,,Open
EXC00004584,BILL00050821,ACCT004236,CUST004236,2024-01,Residential,SAN MATEO,Inactive Account,High,2024-02-03,2024-02-12,Resolved
EXC00004585,BILL00050822,ACCT004236,CUST004236,2024-02,Residential,SAN MATEO,Inactive Account,High,2024-03-03,2024-03-04,Resolved
EXC00004586,BILL00050823,ACCT004236,CUST004236,2024-03,Residential,SAN MATEO,Inactive Account,High,2024-04-03,2024-04-15,Resolved
EXC00004587,BILL00050824,ACCT004236,CUST004236,2024-04,Residential,SAN MATEO,Inactive Account,High,2024-05-03,2024-05-10,Resolved
EXC00004588,BILL00050825,ACCT004236,CUST004236,2024-05,Residential,SAN MATEO,Inactive Account,High,2024-06-03,2024-06-11,Resolved
EXC00004589,BILL00050826,ACCT004236,CUST004236,2024-06,Residential,SAN MATEO,Inactive Account,High,2024-07-03,,Open
EXC00004590,BILL00050827,ACCT004236,CUST004236,2024-07,Residential,SAN MATEO,Inactive Account,High,2024-08-03,,Open
EXC00004591,BILL00050828,ACCT004236,CUST004236,2024-08,Residential,SAN MATEO,Inactive Account,High,2024-09-03,,In Review
EXC00004592,BILL00050829,ACCT004236,CUST004236,2024-09,Residential,SAN MATEO,Inactive Account,High,2024-10-03,,Open
EXC00004593,BILL00050830,ACCT004236,CUST004236,2024-10,Residential,SAN MATEO,Inactive Account,High,2024-11-03,,In Review
EXC00004594,BILL00050831,ACCT004236,CUST004236,2024-11,Residential,SAN MATEO,Inactive Account,High,2024-12-03,,Open
EXC00004595,BILL00050832,ACCT004236,CUST004236,2024-12,Residential,SAN MATEO,Inactive Account,High,2025-01-03,2025-01-15,Resolved
EXC00004596,BILL00050971,ACCT004248,CUST004248,2024-07,Residential,KERN,Missing Meter Read,Medium,2024-08-03,,Open
EXC00004597,BILL00050989,ACCT004250,CUST004250,2024-01,Agriculture And Water Pumping,ALAMEDA,Inactive Account,High,2024-02-03,,Open
EXC00004598,BILL00050990,ACCT004250,CUST004250,2024-02,Agriculture And Water Pumping,ALAMEDA,Inactive Account,High,2024-03-03,,Open
EXC00004599,BILL00050991,ACCT004250,CUST004250,2024-03,Agriculture And Water Pumping,ALAMEDA,Inactive Account,High,2024-04-03,2024-04-04,Resolved
EXC00004600,BILL00050992,ACCT004250,CUST004250,2024-04,Agriculture And Water Pumping,ALAMEDA,Inactive Account,High,2024-05-03,,Open
EXC00004601,BILL00050993,ACCT004250,CUST004250,2024-05,Agriculture And Water Pumping,ALAMEDA,Inactive Account,High,2024-06-03,2024-06-13,Resolved
EXC00004602,BILL00050994,ACCT004250,CUST004250,2024-06,Agriculture And Water Pumping,ALAMEDA,Inactive Account,High,2024-07-03,,Open
EXC00004603,BILL00050995,ACCT004250,CUST004250,2024-07,Agriculture And Water Pumping,ALAMEDA,Inactive Account,High,2024-08-03,2024-08-09,Resolved
EXC00004604,BILL00050996,ACCT004250,CUST004250,2024-08,Agriculture And Water Pumping,ALAMEDA,Inactive Account,High,2024-09-03,2024-09-08,Resolved
EXC00004605,BILL00050997,ACCT004250,CUST004250,2024-09,Agriculture And Water Pumping,ALAMEDA,Inactive Account,High,2024-10-03,,Open
EXC00004606,BILL00050998,ACCT004250,CUST004250,2024-10,Agriculture And Water Pumping,ALAMEDA,Inactive Account,High,2024-11-03,,In Review
EXC00004607,BILL00050999,ACCT004250,CUST004250,2024-11,Agriculture And Water Pumping,ALAMEDA,Inactive Account,High,2024-12-03,,Open
EXC00004608,BILL00051000,ACCT004250,CUST004250,2024-12,Agriculture And Water Pumping,ALAMEDA,Inactive Account,High,2025-01-03,,Open
EXC00004609,BILL00051009,ACCT004251,CUST004251,2024-09,Residential,CONTRA COSTA,Missing Meter Read,Medium,2024-10-03,,Open
EXC00004610,BILL00051016,ACCT004252,CUST004252,2024-04,Residential,SANTA BARBARA,Missing Meter Read,Medium,2024-05-03,,Open
EXC00004611,BILL00051035,ACCT004253,CUST004253,2024-11,Residential,ALAMEDA,Missing Meter Read,Medium,2024-12-03,2024-12-14,Resolved
EXC00004612,BILL00051066,ACCT004256,CUST004256,2024-06,Residential,ALAMEDA,Missing Meter Read,Medium,2024-07-03,2024-07-04,Resolved
EXC00004613,BILL00051085,ACCT004258,CUST004258,2024-01,Residential,SANTA CLARA,Inactive Account,High,2024-02-03,2024-02-09,Resolved
EXC00004614,BILL00051086,ACCT004258,CUST004258,2024-02,Residential,SANTA CLARA,Inactive Account,High,2024-03-03,,Open
EXC00004615,BILL00051087,ACCT004258,CUST004258,2024-03,Residential,SANTA CLARA,Inactive Account,High,2024-04-03,,Open
EXC00004616,BILL00051088,ACCT004258,CUST004258,2024-04,Residential,SANTA CLARA,Inactive Account,High,2024-05-03,2024-05-08,Resolved
EXC00004617,BILL00051089,ACCT004258,CUST004258,2024-05,Residential,SANTA CLARA,Inactive Account,High,2024-06-03,,In Review
EXC00004618,BILL00051090,ACCT004258,CUST004258,2024-06,Residential,SANTA CLARA,Inactive Account,High,2024-07-03,,In Review
EXC00004619,BILL00051091,ACCT004258,CUST004258,2024-07,Residential,SANTA CLARA,Inactive Account,High,2024-08-03,2024-08-06,Resolved
EXC00004620,BILL00051092,ACCT004258,CUST004258,2024-08,Residential,SANTA CLARA,Inactive Account,High,2024-09-03,,Open
EXC00004621,BILL00051093,ACCT004258,CUST004258,2024-09,Residential,SANTA CLARA,Inactive Account,High,2024-10-03,,In Review
EXC00004622,BILL00051094,ACCT004258,CUST004258,2024-10,Residential,SANTA CLARA,Inactive Account,High,2024-11-03,,In Review
EXC00004623,BILL00051095,ACCT004258,CUST004258,2024-11,Residential,SANTA CLARA,Inactive Account,High,2024-12-03,2024-12-13,Resolved
EXC00004624,BILL00051096,ACCT004258,CUST004258,2024-12,Residential,SANTA CLARA,Inactive Account,High,2025-01-03,,Open
EXC00004625,BILL00051112,ACCT004260,CUST004260,2024-04,Residential,SANTA CLARA,Missing Meter Read,Medium,2024-05-03,2024-05-17,Resolved
EXC00004626,BILL00051121,ACCT004261,CUST004261,2024-01,Residential,KERN,Missing Meter Read,Medium,2024-02-03,2024-02-13,Resolved
EXC00004627,BILL00051151,ACCT004263,CUST004263,2024-07,Residential,FRESNO,Invalid Meter Read,High,2024-08-03,2024-08-05,Resolved
EXC00004628,BILL00051193,ACCT004267,CUST004267,2024-01,Residential,ALAMEDA,Inactive Account,High,2024-02-03,,Open
EXC00004629,BILL00051194,ACCT004267,CUST004267,2024-02,Residential,ALAMEDA,Inactive Account,High,2024-03-03,,Open
EXC00004630,BILL00051195,ACCT004267,CUST004267,2024-03,Residential,ALAMEDA,Inactive Account,High,2024-04-03,,Open
EXC00004631,BILL00051196,ACCT004267,CUST004267,2024-04,Residential,ALAMEDA,Inactive Account,High,2024-05-03,,In Review
EXC00004632,BILL00051197,ACCT004267,CUST004267,2024-05,Residential,ALAMEDA,Inactive Account,High,2024-06-03,2024-06-10,Resolved
EXC00004633,BILL00051198,ACCT004267,CUST004267,2024-06,Residential,ALAMEDA,Inactive Account,High,2024-07-03,2024-07-15,Resolved
EXC00004634,BILL00051199,ACCT004267,CUST004267,2024-07,Residential,ALAMEDA,Inactive Account,High,2024-08-03,2024-08-17,Resolved
EXC00004635,BILL00051200,ACCT004267,CUST004267,2024-08,Residential,ALAMEDA,Inactive Account,High,2024-09-03,,Open
EXC00004636,BILL00051201,ACCT004267,CUST004267,2024-09,Residential,ALAMEDA,Inactive Account,High,2024-10-03,2024-10-17,Resolved
EXC00004637,BILL00051202,ACCT004267,CUST004267,2024-10,Residential,ALAMEDA,Inactive Account,High,2024-11-03,2024-11-05,Resolved
EXC00004638,BILL00051203,ACCT004267,CUST004267,2024-11,Residential,ALAMEDA,Inactive Account,High,2024-12-03,,In Review
EXC00004639,BILL00051204,ACCT004267,CUST004267,2024-12,Residential,ALAMEDA,Inactive Account,High,2025-01-03,,In Review
EXC00004640,BILL00051213,ACCT004268,CUST004268,2024-09,Residential,ALAMEDA,Missing Meter Read,Medium,2024-10-03,,Open
EXC00004641,BILL00051248,ACCT004271,CUST004271,2024-08,Residential,ALAMEDA,Invalid Meter Read,High,2024-09-03,2024-09-16,Resolved
EXC00004642,BILL00051258,ACCT004272,CUST004272,2024-06,Agriculture And Water Pumping,PLACER,Invalid Meter Read,High,2024-07-03,,Open
EXC00004643,BILL00051261,ACCT004272,CUST004272,2024-09,Agriculture And Water Pumping,PLACER,Missing Meter Read,Medium,2024-10-03,,Open
EXC00004644,BILL00051301,ACCT004276,CUST004276,2024-01,Residential,SAN MATEO,Missing Meter Read,Medium,2024-02-03,,Open
EXC00004645,BILL00051397,ACCT004284,CUST004284,2024-01,Residential,SANTA CLARA,Missing Meter Read,Medium,2024-02-03,2024-02-05,Resolved
EXC00004646,BILL00051399,ACCT004284,CUST004284,2024-03,Residential,SANTA CLARA,Missing Meter Read,Medium,2024-04-03,,Open
EXC00004647,BILL00051473,ACCT004290,CUST004290,2024-05,Commercial,SANTA CLARA,Missing Meter Read,Medium,2024-06-03,,In Review
EXC00004648,BILL00051498,ACCT004292,CUST004292,2024-06,Residential,SAN FRANCISCO,Invalid Meter Read,High,2024-07-03,2024-07-08,Resolved
EXC00004649,BILL00051585,ACCT004299,CUST004299,2024-09,Residential,SUTTER,Missing Meter Read,Medium,2024-10-03,2024-10-15,Resolved
EXC00004650,BILL00051655,ACCT004305,CUST004305,2024-07,Commercial,SOLANO,Missing Meter Read,Medium,2024-08-03,,In Review
EXC00004651,BILL00051661,ACCT004306,CUST004306,2024-01,Residential,SANTA CLARA,Invalid Meter Read,High,2024-02-03,2024-02-13,Resolved
EXC00004652,BILL00051701,ACCT004309,CUST004309,2024-05,Commercial,SANTA CLARA,Invalid Meter Read,High,2024-06-03,2024-06-06,Resolved
EXC00004653,BILL00051715,ACCT004310,CUST004310,2024-07,Residential,SAN MATEO,Missing Meter Read,Medium,2024-08-03,,Open
EXC00004654,BILL00051719,ACCT004310,CUST004310,2024-11,Residential,SAN MATEO,Invalid Meter Read,High,2024-12-03,2024-12-05,Resolved
EXC00004655,BILL00051737,ACCT004312,CUST004312,2024-05,Industrial,SAN MATEO,Invalid Meter Read,High,2024-06-03,2024-06-10,Resolved
EXC00004656,BILL00051762,ACCT004314,CUST004314,2024-06,Commercial,SAN MATEO,Missing Meter Read,Medium,2024-07-03,2024-07-05,Resolved
EXC00004657,BILL00051764,ACCT004314,CUST004314,2024-08,Commercial,SAN MATEO,Missing Meter Read,Medium,2024-09-03,,Open
EXC00004658,BILL00051804,ACCT004317,CUST004317,2024-12,Residential,SAN JOAQUIN,Missing Meter Read,Medium,2025-01-03,,Open
EXC00004659,BILL00051837,ACCT004320,CUST004320,2024-09,Residential,SOLANO,Missing Meter Read,Medium,2024-10-03,2024-10-04,Resolved
EXC00004660,BILL00051869,ACCT004323,CUST004323,2024-05,Residential,EL DORADO,Missing Meter Read,Medium,2024-06-03,,Open
EXC00004661,BILL00051889,ACCT004325,CUST004325,2024-01,Commercial,SANTA CLARA,Inactive Account,High,2024-02-03,,In Review
EXC00004662,BILL00051890,ACCT004325,CUST004325,2024-02,Commercial,SANTA CLARA,Inactive Account,High,2024-03-03,,In Review
EXC00004663,BILL00051891,ACCT004325,CUST004325,2024-03,Commercial,SANTA CLARA,Inactive Account,High,2024-04-03,,In Review
EXC00004664,BILL00051892,ACCT004325,CUST004325,2024-04,Commercial,SANTA CLARA,Inactive Account,High,2024-05-03,,Open
EXC00004665,BILL00051893,ACCT004325,CUST004325,2024-05,Commercial,SANTA CLARA,Inactive Account,High,2024-06-03,2024-06-15,Resolved
EXC00004666,BILL00051894,ACCT004325,CUST004325,2024-06,Commercial,SANTA CLARA,Inactive Account,High,2024-07-03,2024-07-05,Resolved
EXC00004667,BILL00051895,ACCT004325,CUST004325,2024-07,Commercial,SANTA CLARA,Inactive Account,High,2024-08-03,2024-08-06,Resolved
EXC00004668,BILL00051896,ACCT004325,CUST004325,2024-08,Commercial,SANTA CLARA,Inactive Account,High,2024-09-03,2024-09-13,Resolved
EXC00004669,BILL00051897,ACCT004325,CUST004325,2024-09,Commercial,SANTA CLARA,Inactive Account,High,2024-10-03,2024-10-08,Resolved
EXC00004670,BILL00051898,ACCT004325,CUST004325,2024-10,Commercial,SANTA CLARA,Inactive Account,High,2024-11-03,,Open
EXC00004671,BILL00051899,ACCT004325,CUST004325,2024-11,Commercial,SANTA CLARA,Inactive Account,High,2024-12-03,,In Review
EXC00004672,BILL00051900,ACCT004325,CUST004325,2024-12,Commercial,SANTA CLARA,Inactive Account,High,2025-01-03,2025-01-09,Resolved
EXC00004673,BILL00051914,ACCT004327,CUST004327,2024-02,Residential,MADERA,Missing Meter Read,Medium,2024-03-03,2024-03-08,Resolved
EXC00004674,BILL00051935,ACCT004328,CUST004328,2024-11,"Transportation, Communications, & Utilities",SANTA CLARA,Missing Meter Read,Medium,2024-12-03,,Open
EXC00004675,BILL00051941,ACCT004329,CUST004329,2024-05,Residential,SAN MATEO,Missing Meter Read,Medium,2024-06-03,2024-06-08,Resolved
EXC00004676,BILL00051952,ACCT004330,CUST004330,2024-04,Commercial,SAN JOAQUIN,Missing Meter Read,Medium,2024-05-03,,In Review
EXC00004677,BILL00052006,ACCT004334,CUST004334,2024-10,Residential,FRESNO,Invalid Meter Read,High,2024-11-03,2024-11-14,Resolved
EXC00004678,BILL00052020,ACCT004335,CUST004335,2024-12,Residential,KERN,Invalid Meter Read,High,2025-01-03,,In Review
EXC00004679,BILL00052021,ACCT004336,CUST004336,2024-01,Residential,SANTA CLARA,Inactive Account,High,2024-02-03,,In Review
EXC00004680,BILL00052022,ACCT004336,CUST004336,2024-02,Residential,SANTA CLARA,Inactive Account,High,2024-03-03,,Open
EXC00004681,BILL00052023,ACCT004336,CUST004336,2024-03,Residential,SANTA CLARA,Inactive Account,High,2024-04-03,2024-04-05,Resolved
EXC00004682,BILL00052024,ACCT004336,CUST004336,2024-04,Residential,SANTA CLARA,Inactive Account,High,2024-05-03,2024-05-07,Resolved
EXC00004683,BILL00052025,ACCT004336,CUST004336,2024-05,Residential,SANTA CLARA,Inactive Account,High,2024-06-03,2024-06-15,Resolved
EXC00004684,BILL00052026,ACCT004336,CUST004336,2024-06,Residential,SANTA CLARA,Inactive Account,High,2024-07-03,2024-07-10,Resolved
EXC00004685,BILL00052027,ACCT004336,CUST004336,2024-07,Residential,SANTA CLARA,Inactive Account,High,2024-08-03,,In Review
EXC00004686,BILL00052028,ACCT004336,CUST004336,2024-08,Residential,SANTA CLARA,Inactive Account,High,2024-09-03,2024-09-17,Resolved
EXC00004687,BILL00052029,ACCT004336,CUST004336,2024-09,Residential,SANTA CLARA,Inactive Account,High,2024-10-03,2024-10-04,Resolved
EXC00004688,BILL00052030,ACCT004336,CUST004336,2024-10,Residential,SANTA CLARA,Inactive Account,High,2024-11-03,2024-11-05,Resolved
EXC00004689,BILL00052031,ACCT004336,CUST004336,2024-11,Residential,SANTA CLARA,Inactive Account,High,2024-12-03,2024-12-07,Resolved
EXC00004690,BILL00052032,ACCT004336,CUST004336,2024-12,Residential,SANTA CLARA,Inactive Account,High,2025-01-03,,Open
EXC00004691,BILL00052039,ACCT004337,CUST004337,2024-07,Residential,SANTA BARBARA,Missing Meter Read,Medium,2024-08-03,2024-08-09,Resolved
EXC00004692,BILL00052045,ACCT004338,CUST004338,2024-01,Commercial,HUMBOLDT,Inactive Account,High,2024-02-03,2024-02-07,Resolved
EXC00004693,BILL00052046,ACCT004338,CUST004338,2024-02,Commercial,HUMBOLDT,Inactive Account,High,2024-03-03,,In Review
EXC00004694,BILL00052047,ACCT004338,CUST004338,2024-03,Commercial,HUMBOLDT,Inactive Account,High,2024-04-03,,Open
EXC00004695,BILL00052048,ACCT004338,CUST004338,2024-04,Commercial,HUMBOLDT,Inactive Account,High,2024-05-03,2024-05-11,Resolved
EXC00004696,BILL00052049,ACCT004338,CUST004338,2024-05,Commercial,HUMBOLDT,Inactive Account,High,2024-06-03,,Open
EXC00004697,BILL00052050,ACCT004338,CUST004338,2024-06,Commercial,HUMBOLDT,Inactive Account,High,2024-07-03,2024-07-05,Resolved
EXC00004698,BILL00052051,ACCT004338,CUST004338,2024-07,Commercial,HUMBOLDT,Inactive Account,High,2024-08-03,,In Review
EXC00004699,BILL00052052,ACCT004338,CUST004338,2024-08,Commercial,HUMBOLDT,Inactive Account,High,2024-09-03,2024-09-15,Resolved
EXC00004700,BILL00052053,ACCT004338,CUST004338,2024-09,Commercial,HUMBOLDT,Inactive Account,High,2024-10-03,,In Review
EXC00004701,BILL00052054,ACCT004338,CUST004338,2024-10,Commercial,HUMBOLDT,Inactive Account,High,2024-11-03,2024-11-10,Resolved
EXC00004702,BILL00052055,ACCT004338,CUST004338,2024-11,Commercial,HUMBOLDT,Inactive Account,High,2024-12-03,2024-12-15,Resolved
EXC00004703,BILL00052056,ACCT004338,CUST004338,2024-12,Commercial,HUMBOLDT,Inactive Account,High,2025-01-03,,Open
EXC00004704,BILL00052093,ACCT004342,CUST004342,2024-01,Residential,SAN FRANCISCO,Missing Meter Read,Medium,2024-02-03,,Open
EXC00004705,BILL00052117,ACCT004344,CUST004344,2024-01,Commercial,MADERA,Inactive Account,High,2024-02-03,2024-02-17,Resolved
EXC00004706,BILL00052118,ACCT004344,CUST004344,2024-02,Commercial,MADERA,Inactive Account,High,2024-03-03,2024-03-08,Resolved
EXC00004707,BILL00052119,ACCT004344,CUST004344,2024-03,Commercial,MADERA,Inactive Account,High,2024-04-03,,Open
EXC00004708,BILL00052120,ACCT004344,CUST004344,2024-04,Commercial,MADERA,Inactive Account,High,2024-05-03,2024-05-14,Resolved
EXC00004709,BILL00052121,ACCT004344,CUST004344,2024-05,Commercial,MADERA,Inactive Account,High,2024-06-03,2024-06-05,Resolved
EXC00004710,BILL00052122,ACCT004344,CUST004344,2024-06,Commercial,MADERA,Inactive Account,High,2024-07-03,2024-07-06,Resolved
EXC00004711,BILL00052123,ACCT004344,CUST004344,2024-07,Commercial,MADERA,Inactive Account,High,2024-08-03,2024-08-13,Resolved
EXC00004712,BILL00052124,ACCT004344,CUST004344,2024-08,Commercial,MADERA,Inactive Account,High,2024-09-03,2024-09-14,Resolved
EXC00004713,BILL00052125,ACCT004344,CUST004344,2024-09,Commercial,MADERA,Inactive Account,High,2024-10-03,,Open
EXC00004714,BILL00052126,ACCT004344,CUST004344,2024-10,Commercial,MADERA,Inactive Account,High,2024-11-03,,Open
EXC00004715,BILL00052127,ACCT004344,CUST004344,2024-11,Commercial,MADERA,Inactive Account,High,2024-12-03,2024-12-10,Resolved
EXC00004716,BILL00052128,ACCT004344,CUST004344,2024-12,Commercial,MADERA,Inactive Account,High,2025-01-03,,In Review
EXC00004717,BILL00052129,ACCT004345,CUST004345,2024-01,Residential,CONTRA COSTA,Inactive Account,High,2024-02-03,,In Review
EXC00004718,BILL00052130,ACCT004345,CUST004345,2024-02,Residential,CONTRA COSTA,Inactive Account,High,2024-03-03,2024-03-08,Resolved
EXC00004719,BILL00052131,ACCT004345,CUST004345,2024-03,Residential,CONTRA COSTA,Inactive Account,High,2024-04-03,2024-04-13,Resolved
EXC00004720,BILL00052132,ACCT004345,CUST004345,2024-04,Residential,CONTRA COSTA,Inactive Account,High,2024-05-03,2024-05-16,Resolved
EXC00004721,BILL00052133,ACCT004345,CUST004345,2024-05,Residential,CONTRA COSTA,Inactive Account,High,2024-06-03,2024-06-04,Resolved
EXC00004722,BILL00052134,ACCT004345,CUST004345,2024-06,Residential,CONTRA COSTA,Inactive Account,High,2024-07-03,2024-07-11,Resolved
EXC00004723,BILL00052135,ACCT004345,CUST004345,2024-07,Residential,CONTRA COSTA,Inactive Account,High,2024-08-03,,Open
EXC00004724,BILL00052136,ACCT004345,CUST004345,2024-08,Residential,CONTRA COSTA,Inactive Account,High,2024-09-03,2024-09-06,Resolved
EXC00004725,BILL00052137,ACCT004345,CUST004345,2024-09,Residential,CONTRA COSTA,Inactive Account,High,2024-10-03,,Open
EXC00004726,BILL00052138,ACCT004345,CUST004345,2024-10,Residential,CONTRA COSTA,Inactive Account,High,2024-11-03,2024-11-11,Resolved
EXC00004727,BILL00052139,ACCT004345,CUST004345,2024-11,Residential,CONTRA COSTA,Inactive Account,High,2024-12-03,,In Review
EXC00004728,BILL00052140,ACCT004345,CUST004345,2024-12,Residential,CONTRA COSTA,Inactive Account,High,2025-01-03,,In Review
EXC00004729,BILL00052153,ACCT004347,CUST004347,2024-01,Commercial,MADERA,Missing Meter Read,Medium,2024-02-03,,In Review
EXC00004730,BILL00052180,ACCT004349,CUST004349,2024-04,Commercial,SANTA BARBARA,Missing Meter Read,Medium,2024-05-03,,Open
EXC00004731,BILL00052182,ACCT004349,CUST004349,2024-06,Commercial,SANTA BARBARA,Missing Meter Read,Medium,2024-07-03,,Open
EXC00004732,BILL00052185,ACCT004349,CUST004349,2024-09,Commercial,SANTA BARBARA,Missing Meter Read,Medium,2024-10-03,,Open
EXC00004733,BILL00052229,ACCT004353,CUST004353,2024-05,Residential,MONTEREY,Missing Meter Read,Medium,2024-06-03,2024-06-11,Resolved
EXC00004734,BILL00052230,ACCT004353,CUST004353,2024-06,Residential,MONTEREY,Invalid Meter Read,High,2024-07-03,2024-07-04,Resolved
EXC00004735,BILL00052231,ACCT004353,CUST004353,2024-07,Residential,MONTEREY,Invalid Meter Read,High,2024-08-03,,In Review
EXC00004736,BILL00052273,ACCT004357,CUST004357,2024-01,Residential,SAN JOAQUIN,Inactive Account,High,2024-02-03,2024-02-08,Resolved
EXC00004737,BILL00052274,ACCT004357,CUST004357,2024-02,Residential,SAN JOAQUIN,Inactive Account,High,2024-03-03,2024-03-05,Resolved
EXC00004738,BILL00052275,ACCT004357,CUST004357,2024-03,Residential,SAN JOAQUIN,Inactive Account,High,2024-04-03,2024-04-05,Resolved
EXC00004739,BILL00052276,ACCT004357,CUST004357,2024-04,Residential,SAN JOAQUIN,Inactive Account,High,2024-05-03,2024-05-15,Resolved
EXC00004740,BILL00052277,ACCT004357,CUST004357,2024-05,Residential,SAN JOAQUIN,Inactive Account,High,2024-06-03,2024-06-16,Resolved
EXC00004741,BILL00052278,ACCT004357,CUST004357,2024-06,Residential,SAN JOAQUIN,Inactive Account,High,2024-07-03,2024-07-16,Resolved
EXC00004742,BILL00052279,ACCT004357,CUST004357,2024-07,Residential,SAN JOAQUIN,Inactive Account,High,2024-08-03,,In Review
EXC00004743,BILL00052280,ACCT004357,CUST004357,2024-08,Residential,SAN JOAQUIN,Inactive Account,High,2024-09-03,2024-09-15,Resolved
EXC00004744,BILL00052281,ACCT004357,CUST004357,2024-09,Residential,SAN JOAQUIN,Inactive Account,High,2024-10-03,2024-10-09,Resolved
EXC00004745,BILL00052282,ACCT004357,CUST004357,2024-10,Residential,SAN JOAQUIN,Inactive Account,High,2024-11-03,2024-11-04,Resolved
EXC00004746,BILL00052283,ACCT004357,CUST004357,2024-11,Residential,SAN JOAQUIN,Inactive Account,High,2024-12-03,2024-12-08,Resolved
EXC00004747,BILL00052284,ACCT004357,CUST004357,2024-12,Residential,SAN JOAQUIN,Inactive Account,High,2025-01-03,,In Review
EXC00004748,BILL00052321,ACCT004361,CUST004361,2024-01,Residential,PLACER,Inactive Account,High,2024-02-03,,Open
EXC00004749,BILL00052322,ACCT004361,CUST004361,2024-02,Residential,PLACER,Inactive Account,High,2024-03-03,2024-03-16,Resolved
EXC00004750,BILL00052323,ACCT004361,CUST004361,2024-03,Residential,PLACER,Inactive Account,High,2024-04-03,,Open
EXC00004751,BILL00052324,ACCT004361,CUST004361,2024-04,Residential,PLACER,Inactive Account,High,2024-05-03,2024-05-16,Resolved
EXC00004752,BILL00052325,ACCT004361,CUST004361,2024-05,Residential,PLACER,Inactive Account,High,2024-06-03,,Open
EXC00004753,BILL00052326,ACCT004361,CUST004361,2024-06,Residential,PLACER,Inactive Account,High,2024-07-03,2024-07-07,Resolved
EXC00004754,BILL00052327,ACCT004361,CUST004361,2024-07,Residential,PLACER,Inactive Account,High,2024-08-03,2024-08-14,Resolved
EXC00004755,BILL00052328,ACCT004361,CUST004361,2024-08,Residential,PLACER,Inactive Account,High,2024-09-03,,Open
EXC00004756,BILL00052329,ACCT004361,CUST004361,2024-09,Residential,PLACER,Inactive Account,High,2024-10-03,2024-10-08,Resolved
EXC00004757,BILL00052330,ACCT004361,CUST004361,2024-10,Residential,PLACER,Inactive Account,High,2024-11-03,2024-11-14,Resolved
EXC00004758,BILL00052331,ACCT004361,CUST004361,2024-11,Residential,PLACER,Inactive Account,High,2024-12-03,2024-12-09,Resolved
EXC00004759,BILL00052332,ACCT004361,CUST004361,2024-12,Residential,PLACER,Inactive Account,High,2025-01-03,2025-01-09,Resolved
EXC00004760,BILL00052341,ACCT004362,CUST004362,2024-09,Residential,SAN JOAQUIN,Invalid Meter Read,High,2024-10-03,,Open
EXC00004761,BILL00052343,ACCT004362,CUST004362,2024-11,Residential,SAN JOAQUIN,Missing Meter Read,Medium,2024-12-03,,In Review
EXC00004762,BILL00052349,ACCT004363,CUST004363,2024-05,Residential,KERN,Missing Meter Read,Medium,2024-06-03,2024-06-04,Resolved
EXC00004763,BILL00052376,ACCT004365,CUST004365,2024-08,Residential,ALAMEDA,Missing Meter Read,Medium,2024-09-03,,Open
EXC00004764,BILL00052393,ACCT004367,CUST004367,2024-01,Residential,PLACER,Inactive Account,High,2024-02-03,,Open
EXC00004765,BILL00052394,ACCT004367,CUST004367,2024-02,Residential,PLACER,Inactive Account,High,2024-03-03,2024-03-06,Resolved
EXC00004766,BILL00052395,ACCT004367,CUST004367,2024-03,Residential,PLACER,Inactive Account,High,2024-04-03,2024-04-09,Resolved
EXC00004767,BILL00052396,ACCT004367,CUST004367,2024-04,Residential,PLACER,Inactive Account,High,2024-05-03,2024-05-14,Resolved
EXC00004768,BILL00052397,ACCT004367,CUST004367,2024-05,Residential,PLACER,Inactive Account,High,2024-06-03,,Open
EXC00004769,BILL00052398,ACCT004367,CUST004367,2024-06,Residential,PLACER,Inactive Account,High,2024-07-03,,In Review
EXC00004770,BILL00052399,ACCT004367,CUST004367,2024-07,Residential,PLACER,Inactive Account,High,2024-08-03,2024-08-05,Resolved
EXC00004771,BILL00052400,ACCT004367,CUST004367,2024-08,Residential,PLACER,Inactive Account,High,2024-09-03,2024-09-11,Resolved
EXC00004772,BILL00052401,ACCT004367,CUST004367,2024-09,Residential,PLACER,Inactive Account,High,2024-10-03,2024-10-12,Resolved
EXC00004773,BILL00052402,ACCT004367,CUST004367,2024-10,Residential,PLACER,Inactive Account,High,2024-11-03,,In Review
EXC00004774,BILL00052403,ACCT004367,CUST004367,2024-11,Residential,PLACER,Inactive Account,High,2024-12-03,2024-12-13,Resolved
EXC00004775,BILL00052404,ACCT004367,CUST004367,2024-12,Residential,PLACER,Inactive Account,High,2025-01-03,2025-01-16,Resolved
EXC00004776,BILL00052417,ACCT004369,CUST004369,2024-01,Residential,MERCED,Inactive Account,High,2024-02-03,2024-02-14,Resolved
EXC00004777,BILL00052418,ACCT004369,CUST004369,2024-02,Residential,MERCED,Inactive Account,High,2024-03-03,2024-03-11,Resolved
EXC00004778,BILL00052419,ACCT004369,CUST004369,2024-03,Residential,MERCED,Inactive Account,High,2024-04-03,2024-04-05,Resolved
EXC00004779,BILL00052420,ACCT004369,CUST004369,2024-04,Residential,MERCED,Inactive Account,High,2024-05-03,,Open
EXC00004780,BILL00052421,ACCT004369,CUST004369,2024-05,Residential,MERCED,Inactive Account,High,2024-06-03,2024-06-15,Resolved
EXC00004781,BILL00052422,ACCT004369,CUST004369,2024-06,Residential,MERCED,Inactive Account,High,2024-07-03,2024-07-12,Resolved
EXC00004782,BILL00052423,ACCT004369,CUST004369,2024-07,Residential,MERCED,Inactive Account,High,2024-08-03,2024-08-08,Resolved
EXC00004783,BILL00052424,ACCT004369,CUST004369,2024-08,Residential,MERCED,Inactive Account,High,2024-09-03,2024-09-08,Resolved
EXC00004784,BILL00052425,ACCT004369,CUST004369,2024-09,Residential,MERCED,Inactive Account,High,2024-10-03,2024-10-12,Resolved
EXC00004785,BILL00052426,ACCT004369,CUST004369,2024-10,Residential,MERCED,Inactive Account,High,2024-11-03,2024-11-10,Resolved
EXC00004786,BILL00052427,ACCT004369,CUST004369,2024-11,Residential,MERCED,Inactive Account,High,2024-12-03,2024-12-14,Resolved
EXC00004787,BILL00052428,ACCT004369,CUST004369,2024-12,Residential,MERCED,Inactive Account,High,2025-01-03,2025-01-16,Resolved
EXC00004788,BILL00052461,ACCT004372,CUST004372,2024-09,Residential,SANTA CLARA,Invalid Meter Read,High,2024-10-03,2024-10-12,Resolved
EXC00004789,BILL00052464,ACCT004372,CUST004372,2024-12,Residential,SANTA CLARA,Missing Meter Read,Medium,2025-01-03,2025-01-04,Resolved
EXC00004790,BILL00052483,ACCT004374,CUST004374,2024-07,Residential,MONTEREY,Invalid Meter Read,High,2024-08-03,2024-08-08,Resolved
EXC00004791,BILL00052516,ACCT004377,CUST004377,2024-04,Residential,FRESNO,Missing Meter Read,Medium,2024-05-03,2024-05-07,Resolved
EXC00004792,BILL00052544,ACCT004379,CUST004379,2024-08,Residential,MONTEREY,Missing Meter Read,Medium,2024-09-03,2024-09-14,Resolved
EXC00004793,BILL00052554,ACCT004380,CUST004380,2024-06,Residential,ALAMEDA,Missing Meter Read,Medium,2024-07-03,2024-07-04,Resolved
EXC00004794,BILL00052558,ACCT004380,CUST004380,2024-10,Residential,ALAMEDA,Missing Meter Read,Medium,2024-11-03,2024-11-12,Resolved
EXC00004795,BILL00052590,ACCT004383,CUST004383,2024-06,Residential,SAN FRANCISCO,Missing Meter Read,Medium,2024-07-03,,Open
EXC00004796,BILL00052625,ACCT004386,CUST004386,2024-05,Residential,MONTEREY,Missing Meter Read,Medium,2024-06-03,2024-06-13,Resolved
EXC00004797,BILL00052680,ACCT004390,CUST004390,2024-12,Residential,SAN FRANCISCO,Invalid Meter Read,High,2025-01-03,2025-01-08,Resolved
EXC00004798,BILL00052694,ACCT004392,CUST004392,2024-02,Residential,YUBA,Invalid Meter Read,High,2024-03-03,,Open
EXC00004799,BILL00052702,ACCT004392,CUST004392,2024-10,Residential,YUBA,Invalid Meter Read,High,2024-11-03,2024-11-14,Resolved
EXC00004800,BILL00052739,ACCT004395,CUST004395,2024-11,Industrial,MARIN,Missing Meter Read,Medium,2024-12-03,,Open
EXC00004801,BILL00052795,ACCT004400,CUST004400,2024-07,Residential,CONTRA COSTA,Missing Meter Read,Medium,2024-08-03,2024-08-11,Resolved
EXC00004802,BILL00052841,ACCT004404,CUST004404,2024-05,Residential,ALAMEDA,Missing Meter Read,Medium,2024-06-03,2024-06-08,Resolved
EXC00004803,BILL00052853,ACCT004405,CUST004405,2024-05,"Transportation, Communications, & Utilities",SANTA CLARA,Missing Meter Read,Medium,2024-06-03,,In Review
EXC00004804,BILL00052944,ACCT004412,CUST004412,2024-12,Residential,FRESNO,Missing Meter Read,Medium,2025-01-03,2025-01-11,Resolved
EXC00004805,BILL00052991,ACCT004416,CUST004416,2024-11,Residential,CONTRA COSTA,Missing Meter Read,Medium,2024-12-03,,Open
EXC00004806,BILL00052998,ACCT004417,CUST004417,2024-06,Residential,SAN LUIS OBISPO,Invalid Meter Read,High,2024-07-03,,Open
EXC00004807,BILL00053005,ACCT004418,CUST004418,2024-01,Residential,ALAMEDA,Missing Meter Read,Medium,2024-02-03,2024-02-07,Resolved
EXC00004808,BILL00053017,ACCT004419,CUST004419,2024-01,Residential,PLACER,Inactive Account,High,2024-02-03,,Open
EXC00004809,BILL00053018,ACCT004419,CUST004419,2024-02,Residential,PLACER,Inactive Account,High,2024-03-03,2024-03-10,Resolved
EXC00004810,BILL00053019,ACCT004419,CUST004419,2024-03,Residential,PLACER,Inactive Account,High,2024-04-03,2024-04-16,Resolved
EXC00004811,BILL00053020,ACCT004419,CUST004419,2024-04,Residential,PLACER,Inactive Account,High,2024-05-03,2024-05-16,Resolved
EXC00004812,BILL00053021,ACCT004419,CUST004419,2024-05,Residential,PLACER,Inactive Account,High,2024-06-03,,Open
EXC00004813,BILL00053022,ACCT004419,CUST004419,2024-06,Residential,PLACER,Inactive Account,High,2024-07-03,2024-07-07,Resolved
EXC00004814,BILL00053023,ACCT004419,CUST004419,2024-07,Residential,PLACER,Inactive Account,High,2024-08-03,2024-08-17,Resolved
EXC00004815,BILL00053024,ACCT004419,CUST004419,2024-08,Residential,PLACER,Inactive Account,High,2024-09-03,,In Review
EXC00004816,BILL00053025,ACCT004419,CUST004419,2024-09,Residential,PLACER,Inactive Account,High,2024-10-03,,In Review
EXC00004817,BILL00053026,ACCT004419,CUST004419,2024-10,Residential,PLACER,Inactive Account,High,2024-11-03,,In Review
EXC00004818,BILL00053027,ACCT004419,CUST004419,2024-11,Residential,PLACER,Inactive Account,High,2024-12-03,2024-12-08,Resolved
EXC00004819,BILL00053028,ACCT004419,CUST004419,2024-12,Residential,PLACER,Inactive Account,High,2025-01-03,2025-01-17,Resolved
EXC00004820,BILL00053041,ACCT004421,CUST004421,2024-01,Residential,YOLO,Inactive Account,High,2024-02-03,2024-02-12,Resolved
EXC00004821,BILL00053042,ACCT004421,CUST004421,2024-02,Residential,YOLO,Inactive Account,High,2024-03-03,2024-03-07,Resolved
EXC00004822,BILL00053043,ACCT004421,CUST004421,2024-03,Residential,YOLO,Inactive Account,High,2024-04-03,,Open
EXC00004823,BILL00053044,ACCT004421,CUST004421,2024-04,Residential,YOLO,Inactive Account,High,2024-05-03,2024-05-11,Resolved
EXC00004824,BILL00053045,ACCT004421,CUST004421,2024-05,Residential,YOLO,Inactive Account,High,2024-06-03,2024-06-04,Resolved
EXC00004825,BILL00053046,ACCT004421,CUST004421,2024-06,Residential,YOLO,Inactive Account,High,2024-07-03,,In Review
EXC00004826,BILL00053047,ACCT004421,CUST004421,2024-07,Residential,YOLO,Inactive Account,High,2024-08-03,,Open
EXC00004827,BILL00053048,ACCT004421,CUST004421,2024-08,Residential,YOLO,Inactive Account,High,2024-09-03,2024-09-10,Resolved
EXC00004828,BILL00053049,ACCT004421,CUST004421,2024-09,Residential,YOLO,Inactive Account,High,2024-10-03,2024-10-12,Resolved
EXC00004829,BILL00053050,ACCT004421,CUST004421,2024-10,Residential,YOLO,Inactive Account,High,2024-11-03,2024-11-14,Resolved
EXC00004830,BILL00053051,ACCT004421,CUST004421,2024-11,Residential,YOLO,Inactive Account,High,2024-12-03,,Open
EXC00004831,BILL00053052,ACCT004421,CUST004421,2024-12,Residential,YOLO,Inactive Account,High,2025-01-03,,Open
EXC00004832,BILL00053113,ACCT004427,CUST004427,2024-01,Residential,ALAMEDA,Missing Meter Read,Medium,2024-02-03,,In Review
EXC00004833,BILL00053124,ACCT004427,CUST004427,2024-12,Residential,ALAMEDA,Invalid Meter Read,High,2025-01-03,2025-01-09,Resolved
EXC00004834,BILL00053161,ACCT004431,CUST004431,2024-01,Residential,SAN JOAQUIN,Inactive Account,High,2024-02-03,,In Review
EXC00004835,BILL00053162,ACCT004431,CUST004431,2024-02,Residential,SAN JOAQUIN,Inactive Account,High,2024-03-03,2024-03-12,Resolved
EXC00004836,BILL00053163,ACCT004431,CUST004431,2024-03,Residential,SAN JOAQUIN,Inactive Account,High,2024-04-03,,In Review
EXC00004837,BILL00053164,ACCT004431,CUST004431,2024-04,Residential,SAN JOAQUIN,Inactive Account,High,2024-05-03,,Open
EXC00004838,BILL00053165,ACCT004431,CUST004431,2024-05,Residential,SAN JOAQUIN,Inactive Account,High,2024-06-03,,In Review
EXC00004839,BILL00053166,ACCT004431,CUST004431,2024-06,Residential,SAN JOAQUIN,Inactive Account,High,2024-07-03,2024-07-12,Resolved
EXC00004840,BILL00053167,ACCT004431,CUST004431,2024-07,Residential,SAN JOAQUIN,Inactive Account,High,2024-08-03,,In Review
EXC00004841,BILL00053168,ACCT004431,CUST004431,2024-08,Residential,SAN JOAQUIN,Inactive Account,High,2024-09-03,,In Review
EXC00004842,BILL00053169,ACCT004431,CUST004431,2024-09,Residential,SAN JOAQUIN,Inactive Account,High,2024-10-03,2024-10-13,Resolved
EXC00004843,BILL00053170,ACCT004431,CUST004431,2024-10,Residential,SAN JOAQUIN,Inactive Account,High,2024-11-03,2024-11-07,Resolved
EXC00004844,BILL00053171,ACCT004431,CUST004431,2024-11,Residential,SAN JOAQUIN,Inactive Account,High,2024-12-03,2024-12-16,Resolved
EXC00004845,BILL00053172,ACCT004431,CUST004431,2024-12,Residential,SAN JOAQUIN,Inactive Account,High,2025-01-03,2025-01-12,Resolved
EXC00004846,BILL00053177,ACCT004432,CUST004432,2024-05,Residential,SANTA CLARA,Invalid Meter Read,High,2024-06-03,,Open
EXC00004847,BILL00053192,ACCT004433,CUST004433,2024-08,Residential,FRESNO,Missing Meter Read,Medium,2024-09-03,2024-09-11,Resolved
EXC00004848,BILL00053273,ACCT004440,CUST004440,2024-05,Residential,FRESNO,Missing Meter Read,Medium,2024-06-03,,Open
EXC00004849,BILL00053337,ACCT004445,CUST004445,2024-09,Residential,KERN,Invalid Meter Read,High,2024-10-03,,Open
EXC00004850,BILL00053389,ACCT004450,CUST004450,2024-01,Residential,ALAMEDA,Inactive Account,High,2024-02-03,2024-02-17,Resolved
EXC00004851,BILL00053390,ACCT004450,CUST004450,2024-02,Residential,ALAMEDA,Inactive Account,High,2024-03-03,2024-03-16,Resolved
EXC00004852,BILL00053391,ACCT004450,CUST004450,2024-03,Residential,ALAMEDA,Inactive Account,High,2024-04-03,2024-04-16,Resolved
EXC00004853,BILL00053392,ACCT004450,CUST004450,2024-04,Residential,ALAMEDA,Inactive Account,High,2024-05-03,,Open
EXC00004854,BILL00053393,ACCT004450,CUST004450,2024-05,Residential,ALAMEDA,Inactive Account,High,2024-06-03,2024-06-11,Resolved
EXC00004855,BILL00053394,ACCT004450,CUST004450,2024-06,Residential,ALAMEDA,Inactive Account,High,2024-07-03,2024-07-10,Resolved
EXC00004856,BILL00053395,ACCT004450,CUST004450,2024-07,Residential,ALAMEDA,Inactive Account,High,2024-08-03,2024-08-12,Resolved
EXC00004857,BILL00053396,ACCT004450,CUST004450,2024-08,Residential,ALAMEDA,Inactive Account,High,2024-09-03,,Open
EXC00004858,BILL00053397,ACCT004450,CUST004450,2024-09,Residential,ALAMEDA,Inactive Account,High,2024-10-03,,Open
EXC00004859,BILL00053398,ACCT004450,CUST004450,2024-10,Residential,ALAMEDA,Inactive Account,High,2024-11-03,2024-11-17,Resolved
EXC00004860,BILL00053399,ACCT004450,CUST004450,2024-11,Residential,ALAMEDA,Inactive Account,High,2024-12-03,,Open
EXC00004861,BILL00053400,ACCT004450,CUST004450,2024-12,Residential,ALAMEDA,Inactive Account,High,2025-01-03,2025-01-06,Resolved
EXC00004862,BILL00053402,ACCT004451,CUST004451,2024-02,Residential,KERN,Missing Meter Read,Medium,2024-03-03,,Open
EXC00004863,BILL00053437,ACCT004454,CUST004454,2024-01,Commercial,SANTA CLARA,Inactive Account,High,2024-02-03,,Open
EXC00004864,BILL00053438,ACCT004454,CUST004454,2024-02,Commercial,SANTA CLARA,Inactive Account,High,2024-03-03,2024-03-06,Resolved
EXC00004865,BILL00053439,ACCT004454,CUST004454,2024-03,Commercial,SANTA CLARA,Inactive Account,High,2024-04-03,,Open
EXC00004866,BILL00053440,ACCT004454,CUST004454,2024-04,Commercial,SANTA CLARA,Inactive Account,High,2024-05-03,,Open
EXC00004867,BILL00053441,ACCT004454,CUST004454,2024-05,Commercial,SANTA CLARA,Inactive Account,High,2024-06-03,,In Review
EXC00004868,BILL00053442,ACCT004454,CUST004454,2024-06,Commercial,SANTA CLARA,Inactive Account,High,2024-07-03,,Open
EXC00004869,BILL00053443,ACCT004454,CUST004454,2024-07,Commercial,SANTA CLARA,Inactive Account,High,2024-08-03,,In Review
EXC00004870,BILL00053444,ACCT004454,CUST004454,2024-08,Commercial,SANTA CLARA,Inactive Account,High,2024-09-03,,Open
EXC00004871,BILL00053445,ACCT004454,CUST004454,2024-09,Commercial,SANTA CLARA,Inactive Account,High,2024-10-03,,Open
EXC00004872,BILL00053446,ACCT004454,CUST004454,2024-10,Commercial,SANTA CLARA,Inactive Account,High,2024-11-03,,Open
EXC00004873,BILL00053447,ACCT004454,CUST004454,2024-11,Commercial,SANTA CLARA,Inactive Account,High,2024-12-03,,Open
EXC00004874,BILL00053448,ACCT004454,CUST004454,2024-12,Commercial,SANTA CLARA,Inactive Account,High,2025-01-03,2025-01-09,Resolved
EXC00004875,BILL00053521,ACCT004461,CUST004461,2024-01,Residential,FRESNO,Inactive Account,High,2024-02-03,2024-02-09,Resolved
EXC00004876,BILL00053522,ACCT004461,CUST004461,2024-02,Residential,FRESNO,Inactive Account,High,2024-03-03,,Open
EXC00004877,BILL00053523,ACCT004461,CUST004461,2024-03,Residential,FRESNO,Inactive Account,High,2024-04-03,,Open
EXC00004878,BILL00053524,ACCT004461,CUST004461,2024-04,Residential,FRESNO,Inactive Account,High,2024-05-03,,Open
EXC00004879,BILL00053525,ACCT004461,CUST004461,2024-05,Residential,FRESNO,Inactive Account,High,2024-06-03,2024-06-12,Resolved
EXC00004880,BILL00053526,ACCT004461,CUST004461,2024-06,Residential,FRESNO,Inactive Account,High,2024-07-03,2024-07-05,Resolved
EXC00004881,BILL00053527,ACCT004461,CUST004461,2024-07,Residential,FRESNO,Inactive Account,High,2024-08-03,2024-08-10,Resolved
EXC00004882,BILL00053528,ACCT004461,CUST004461,2024-08,Residential,FRESNO,Inactive Account,High,2024-09-03,2024-09-13,Resolved
EXC00004883,BILL00053529,ACCT004461,CUST004461,2024-09,Residential,FRESNO,Inactive Account,High,2024-10-03,2024-10-08,Resolved
EXC00004884,BILL00053530,ACCT004461,CUST004461,2024-10,Residential,FRESNO,Inactive Account,High,2024-11-03,2024-11-08,Resolved
EXC00004885,BILL00053531,ACCT004461,CUST004461,2024-11,Residential,FRESNO,Inactive Account,High,2024-12-03,2024-12-08,Resolved
EXC00004886,BILL00053532,ACCT004461,CUST004461,2024-12,Residential,FRESNO,Inactive Account,High,2025-01-03,,Open
EXC00004887,BILL00053553,ACCT004463,CUST004463,2024-09,Streetlighting,SOLANO,Invalid Meter Read,High,2024-10-03,,In Review
EXC00004888,BILL00053561,ACCT004464,CUST004464,2024-05,Residential,KERN,Missing Meter Read,Medium,2024-06-03,2024-06-14,Resolved
EXC00004889,BILL00053569,ACCT004465,CUST004465,2024-01,Residential,SAN JOAQUIN,Inactive Account,High,2024-02-03,,Open
EXC00004890,BILL00053570,ACCT004465,CUST004465,2024-02,Residential,SAN JOAQUIN,Inactive Account,High,2024-03-03,2024-03-10,Resolved
EXC00004891,BILL00053571,ACCT004465,CUST004465,2024-03,Residential,SAN JOAQUIN,Inactive Account,High,2024-04-03,,Open
EXC00004892,BILL00053572,ACCT004465,CUST004465,2024-04,Residential,SAN JOAQUIN,Inactive Account,High,2024-05-03,,In Review
EXC00004893,BILL00053573,ACCT004465,CUST004465,2024-05,Residential,SAN JOAQUIN,Inactive Account,High,2024-06-03,2024-06-07,Resolved
EXC00004894,BILL00053574,ACCT004465,CUST004465,2024-06,Residential,SAN JOAQUIN,Inactive Account,High,2024-07-03,2024-07-04,Resolved
EXC00004895,BILL00053575,ACCT004465,CUST004465,2024-07,Residential,SAN JOAQUIN,Inactive Account,High,2024-08-03,,In Review
EXC00004896,BILL00053576,ACCT004465,CUST004465,2024-08,Residential,SAN JOAQUIN,Inactive Account,High,2024-09-03,2024-09-08,Resolved
EXC00004897,BILL00053577,ACCT004465,CUST004465,2024-09,Residential,SAN JOAQUIN,Inactive Account,High,2024-10-03,,In Review
EXC00004898,BILL00053578,ACCT004465,CUST004465,2024-10,Residential,SAN JOAQUIN,Inactive Account,High,2024-11-03,,Open
EXC00004899,BILL00053579,ACCT004465,CUST004465,2024-11,Residential,SAN JOAQUIN,Inactive Account,High,2024-12-03,,Open
EXC00004900,BILL00053580,ACCT004465,CUST004465,2024-12,Residential,SAN JOAQUIN,Inactive Account,High,2025-01-03,2025-01-11,Resolved
EXC00004901,BILL00053587,ACCT004466,CUST004466,2024-07,Residential,NAPA,Invalid Meter Read,High,2024-08-03,,Open
EXC00004902,BILL00053611,ACCT004468,CUST004468,2024-07,Residential,CALAVERAS,Missing Meter Read,Medium,2024-08-03,,In Review
EXC00004903,BILL00053626,ACCT004469,CUST004469,2024-10,Industrial,KERN,Invalid Meter Read,High,2024-11-03,2024-11-15,Resolved
EXC00004904,BILL00053646,ACCT004471,CUST004471,2024-06,Commercial,KERN,Missing Meter Read,Medium,2024-07-03,2024-07-13,Resolved
EXC00004905,BILL00053653,ACCT004472,CUST004472,2024-01,Mining,FRESNO,Inactive Account,High,2024-02-03,2024-02-14,Resolved
EXC00004906,BILL00053654,ACCT004472,CUST004472,2024-02,Mining,FRESNO,Inactive Account,High,2024-03-03,,In Review
EXC00004907,BILL00053655,ACCT004472,CUST004472,2024-03,Mining,FRESNO,Inactive Account,High,2024-04-03,2024-04-10,Resolved
EXC00004908,BILL00053656,ACCT004472,CUST004472,2024-04,Mining,FRESNO,Inactive Account,High,2024-05-03,2024-05-10,Resolved
EXC00004909,BILL00053657,ACCT004472,CUST004472,2024-05,Mining,FRESNO,Inactive Account,High,2024-06-03,2024-06-05,Resolved
EXC00004910,BILL00053658,ACCT004472,CUST004472,2024-06,Mining,FRESNO,Inactive Account,High,2024-07-03,2024-07-08,Resolved
EXC00004911,BILL00053659,ACCT004472,CUST004472,2024-07,Mining,FRESNO,Inactive Account,High,2024-08-03,2024-08-14,Resolved
EXC00004912,BILL00053660,ACCT004472,CUST004472,2024-08,Mining,FRESNO,Inactive Account,High,2024-09-03,2024-09-13,Resolved
EXC00004913,BILL00053661,ACCT004472,CUST004472,2024-09,Mining,FRESNO,Inactive Account,High,2024-10-03,,In Review
EXC00004914,BILL00053662,ACCT004472,CUST004472,2024-10,Mining,FRESNO,Inactive Account,High,2024-11-03,2024-11-14,Resolved
EXC00004915,BILL00053663,ACCT004472,CUST004472,2024-11,Mining,FRESNO,Inactive Account,High,2024-12-03,2024-12-09,Resolved
EXC00004916,BILL00053664,ACCT004472,CUST004472,2024-12,Mining,FRESNO,Inactive Account,High,2025-01-03,2025-01-13,Resolved
EXC00004917,BILL00053725,ACCT004478,CUST004478,2024-01,Residential,MONTEREY,Inactive Account,High,2024-02-03,,Open
EXC00004918,BILL00053726,ACCT004478,CUST004478,2024-02,Residential,MONTEREY,Inactive Account,High,2024-03-03,,Open
EXC00004919,BILL00053727,ACCT004478,CUST004478,2024-03,Residential,MONTEREY,Inactive Account,High,2024-04-03,,Open
EXC00004920,BILL00053728,ACCT004478,CUST004478,2024-04,Residential,MONTEREY,Inactive Account,High,2024-05-03,2024-05-15,Resolved
EXC00004921,BILL00053729,ACCT004478,CUST004478,2024-05,Residential,MONTEREY,Inactive Account,High,2024-06-03,,Open
EXC00004922,BILL00053730,ACCT004478,CUST004478,2024-06,Residential,MONTEREY,Inactive Account,High,2024-07-03,,Open
EXC00004923,BILL00053731,ACCT004478,CUST004478,2024-07,Residential,MONTEREY,Inactive Account,High,2024-08-03,2024-08-05,Resolved
EXC00004924,BILL00053732,ACCT004478,CUST004478,2024-08,Residential,MONTEREY,Inactive Account,High,2024-09-03,2024-09-15,Resolved
EXC00004925,BILL00053733,ACCT004478,CUST004478,2024-09,Residential,MONTEREY,Inactive Account,High,2024-10-03,2024-10-06,Resolved
EXC00004926,BILL00053734,ACCT004478,CUST004478,2024-10,Residential,MONTEREY,Inactive Account,High,2024-11-03,2024-11-05,Resolved
EXC00004927,BILL00053735,ACCT004478,CUST004478,2024-11,Residential,MONTEREY,Inactive Account,High,2024-12-03,2024-12-09,Resolved
EXC00004928,BILL00053736,ACCT004478,CUST004478,2024-12,Residential,MONTEREY,Inactive Account,High,2025-01-03,,Open
EXC00004929,BILL00053779,ACCT004482,CUST004482,2024-07,Residential,ALAMEDA,Missing Meter Read,Medium,2024-08-03,2024-08-10,Resolved
EXC00004930,BILL00053840,ACCT004487,CUST004487,2024-08,Residential,CONTRA COSTA,Missing Meter Read,Medium,2024-09-03,2024-09-13,Resolved
EXC00004931,BILL00053941,ACCT004496,CUST004496,2024-01,Residential,KERN,Missing Meter Read,Medium,2024-02-03,2024-02-08,Resolved
EXC00004932,BILL00053955,ACCT004497,CUST004497,2024-03,Residential,KERN,Invalid Meter Read,High,2024-04-03,2024-04-05,Resolved
EXC00004933,BILL00053964,ACCT004497,CUST004497,2024-12,Residential,KERN,Invalid Meter Read,High,2025-01-03,2025-01-11,Resolved
EXC00004934,BILL00053972,ACCT004498,CUST004498,2024-08,Residential,KERN,Missing Meter Read,Medium,2024-09-03,,Open
EXC00004935,BILL00054080,ACCT004507,CUST004507,2024-08,Residential,SANTA CLARA,Missing Meter Read,Medium,2024-09-03,2024-09-15,Resolved
EXC00004936,BILL00054089,ACCT004508,CUST004508,2024-05,Residential,EL DORADO,Missing Meter Read,Medium,2024-06-03,,Open
EXC00004937,BILL00054133,ACCT004512,CUST004512,2024-01,Residential,PLACER,Missing Meter Read,Medium,2024-02-03,2024-02-15,Resolved
EXC00004938,BILL00054188,ACCT004516,CUST004516,2024-08,Residential,SANTA CLARA,Missing Meter Read,Medium,2024-09-03,2024-09-14,Resolved
EXC00004939,BILL00054217,ACCT004519,CUST004519,2024-01,Residential,PLACER,Inactive Account,High,2024-02-03,2024-02-05,Resolved
EXC00004940,BILL00054218,ACCT004519,CUST004519,2024-02,Residential,PLACER,Inactive Account,High,2024-03-03,,Open
EXC00004941,BILL00054219,ACCT004519,CUST004519,2024-03,Residential,PLACER,Inactive Account,High,2024-04-03,,In Review
EXC00004942,BILL00054220,ACCT004519,CUST004519,2024-04,Residential,PLACER,Inactive Account,High,2024-05-03,2024-05-11,Resolved
EXC00004943,BILL00054221,ACCT004519,CUST004519,2024-05,Residential,PLACER,Inactive Account,High,2024-06-03,,Open
EXC00004944,BILL00054222,ACCT004519,CUST004519,2024-06,Residential,PLACER,Inactive Account,High,2024-07-03,,In Review
EXC00004945,BILL00054223,ACCT004519,CUST004519,2024-07,Residential,PLACER,Inactive Account,High,2024-08-03,,Open
EXC00004946,BILL00054224,ACCT004519,CUST004519,2024-08,Residential,PLACER,Inactive Account,High,2024-09-03,,Open
EXC00004947,BILL00054225,ACCT004519,CUST004519,2024-09,Residential,PLACER,Inactive Account,High,2024-10-03,2024-10-06,Resolved
EXC00004948,BILL00054226,ACCT004519,CUST004519,2024-10,Residential,PLACER,Inactive Account,High,2024-11-03,,Open
EXC00004949,BILL00054227,ACCT004519,CUST004519,2024-11,Residential,PLACER,Inactive Account,High,2024-12-03,2024-12-12,Resolved
EXC00004950,BILL00054228,ACCT004519,CUST004519,2024-12,Residential,PLACER,Inactive Account,High,2025-01-03,2025-01-12,Resolved
EXC00004951,BILL00054244,ACCT004521,CUST004521,2024-04,Commercial,ALAMEDA,Missing Meter Read,Medium,2024-05-03,2024-05-15,Resolved
EXC00004952,BILL00054249,ACCT004521,CUST004521,2024-09,Commercial,ALAMEDA,Invalid Meter Read,High,2024-10-03,2024-10-07,Resolved
EXC00004953,BILL00054253,ACCT004522,CUST004522,2024-01,Residential,EL DORADO,Inactive Account,High,2024-02-03,2024-02-07,Resolved
EXC00004954,BILL00054254,ACCT004522,CUST004522,2024-02,Residential,EL DORADO,Inactive Account,High,2024-03-03,,Open
EXC00004955,BILL00054255,ACCT004522,CUST004522,2024-03,Residential,EL DORADO,Inactive Account,High,2024-04-03,2024-04-10,Resolved
EXC00004956,BILL00054256,ACCT004522,CUST004522,2024-04,Residential,EL DORADO,Inactive Account,High,2024-05-03,2024-05-16,Resolved
EXC00004957,BILL00054257,ACCT004522,CUST004522,2024-05,Residential,EL DORADO,Inactive Account,High,2024-06-03,,Open
EXC00004958,BILL00054258,ACCT004522,CUST004522,2024-06,Residential,EL DORADO,Inactive Account,High,2024-07-03,,Open
EXC00004959,BILL00054259,ACCT004522,CUST004522,2024-07,Residential,EL DORADO,Inactive Account,High,2024-08-03,,Open
EXC00004960,BILL00054260,ACCT004522,CUST004522,2024-08,Residential,EL DORADO,Inactive Account,High,2024-09-03,2024-09-13,Resolved
EXC00004961,BILL00054261,ACCT004522,CUST004522,2024-09,Residential,EL DORADO,Inactive Account,High,2024-10-03,,Open
EXC00004962,BILL00054262,ACCT004522,CUST004522,2024-10,Residential,EL DORADO,Inactive Account,High,2024-11-03,,Open
EXC00004963,BILL00054263,ACCT004522,CUST004522,2024-11,Residential,EL DORADO,Inactive Account,High,2024-12-03,,Open
EXC00004964,BILL00054264,ACCT004522,CUST004522,2024-12,Residential,EL DORADO,Inactive Account,High,2025-01-03,2025-01-05,Resolved
EXC00004965,BILL00054280,ACCT004524,CUST004524,2024-04,Residential,FRESNO,Missing Meter Read,Medium,2024-05-03,2024-05-16,Resolved
EXC00004966,BILL00054282,ACCT004524,CUST004524,2024-06,Residential,FRESNO,Missing Meter Read,Medium,2024-07-03,2024-07-04,Resolved
EXC00004967,BILL00054285,ACCT004524,CUST004524,2024-09,Residential,FRESNO,Missing Meter Read,Medium,2024-10-03,,Open
EXC00004968,BILL00054286,ACCT004524,CUST004524,2024-10,Residential,FRESNO,Missing Meter Read,Medium,2024-11-03,2024-11-10,Resolved
EXC00004969,BILL00054290,ACCT004525,CUST004525,2024-02,Commercial,GLENN,Missing Meter Read,Medium,2024-03-03,2024-03-14,Resolved
EXC00004970,BILL00054341,ACCT004529,CUST004529,2024-05,Residential,SHASTA,Invalid Meter Read,High,2024-06-03,,Open
EXC00004971,BILL00054373,ACCT004532,CUST004532,2024-01,Residential,TUOLUMNE,Inactive Account,High,2024-02-03,2024-02-13,Resolved
EXC00004972,BILL00054374,ACCT004532,CUST004532,2024-02,Residential,TUOLUMNE,Inactive Account,High,2024-03-03,2024-03-04,Resolved
EXC00004973,BILL00054375,ACCT004532,CUST004532,2024-03,Residential,TUOLUMNE,Inactive Account,High,2024-04-03,,Open
EXC00004974,BILL00054376,ACCT004532,CUST004532,2024-04,Residential,TUOLUMNE,Inactive Account,High,2024-05-03,,Open
EXC00004975,BILL00054377,ACCT004532,CUST004532,2024-05,Residential,TUOLUMNE,Inactive Account,High,2024-06-03,,In Review
EXC00004976,BILL00054378,ACCT004532,CUST004532,2024-06,Residential,TUOLUMNE,Inactive Account,High,2024-07-03,,In Review
EXC00004977,BILL00054379,ACCT004532,CUST004532,2024-07,Residential,TUOLUMNE,Inactive Account,High,2024-08-03,,In Review
EXC00004978,BILL00054380,ACCT004532,CUST004532,2024-08,Residential,TUOLUMNE,Inactive Account,High,2024-09-03,,Open
EXC00004979,BILL00054381,ACCT004532,CUST004532,2024-09,Residential,TUOLUMNE,Inactive Account,High,2024-10-03,2024-10-15,Resolved
EXC00004980,BILL00054382,ACCT004532,CUST004532,2024-10,Residential,TUOLUMNE,Inactive Account,High,2024-11-03,2024-11-08,Resolved
EXC00004981,BILL00054383,ACCT004532,CUST004532,2024-11,Residential,TUOLUMNE,Inactive Account,High,2024-12-03,,In Review
EXC00004982,BILL00054384,ACCT004532,CUST004532,2024-12,Residential,TUOLUMNE,Inactive Account,High,2025-01-03,,Open
EXC00004983,BILL00054427,ACCT004536,CUST004536,2024-07,Residential,KERN,Missing Meter Read,Medium,2024-08-03,,In Review
EXC00004984,BILL00054459,ACCT004539,CUST004539,2024-03,Residential,CONTRA COSTA,Invalid Meter Read,High,2024-04-03,,Open
EXC00004985,BILL00054550,ACCT004546,CUST004546,2024-10,Commercial,SANTA CLARA,Invalid Meter Read,High,2024-11-03,2024-11-07,Resolved
EXC00004986,BILL00054581,ACCT004549,CUST004549,2024-05,Residential,KERN,Missing Meter Read,Medium,2024-06-03,,Open
EXC00004987,BILL00054754,ACCT004563,CUST004563,2024-10,Commercial,FRESNO,Missing Meter Read,Medium,2024-11-03,,In Review
EXC00004988,BILL00054772,ACCT004565,CUST004565,2024-04,Residential,MARIN,Invalid Meter Read,High,2024-05-03,2024-05-15,Resolved
EXC00004989,BILL00054787,ACCT004566,CUST004566,2024-07,Commercial,SAN MATEO,Missing Meter Read,Medium,2024-08-03,2024-08-15,Resolved
EXC00004990,BILL00054793,ACCT004567,CUST004567,2024-01,Residential,SANTA CRUZ,Inactive Account,High,2024-02-03,,Open
EXC00004991,BILL00054794,ACCT004567,CUST004567,2024-02,Residential,SANTA CRUZ,Inactive Account,High,2024-03-03,,Open
EXC00004992,BILL00054795,ACCT004567,CUST004567,2024-03,Residential,SANTA CRUZ,Inactive Account,High,2024-04-03,,In Review
EXC00004993,BILL00054796,ACCT004567,CUST004567,2024-04,Residential,SANTA CRUZ,Inactive Account,High,2024-05-03,2024-05-14,Resolved
EXC00004994,BILL00054797,ACCT004567,CUST004567,2024-05,Residential,SANTA CRUZ,Inactive Account,High,2024-06-03,2024-06-10,Resolved
EXC00004995,BILL00054798,ACCT004567,CUST004567,2024-06,Residential,SANTA CRUZ,Inactive Account,High,2024-07-03,,Open
EXC00004996,BILL00054799,ACCT004567,CUST004567,2024-07,Residential,SANTA CRUZ,Inactive Account,High,2024-08-03,,In Review
EXC00004997,BILL00054800,ACCT004567,CUST004567,2024-08,Residential,SANTA CRUZ,Inactive Account,High,2024-09-03,2024-09-13,Resolved
EXC00004998,BILL00054801,ACCT004567,CUST004567,2024-09,Residential,SANTA CRUZ,Inactive Account,High,2024-10-03,,In Review
EXC00004999,BILL00054802,ACCT004567,CUST004567,2024-10,Residential,SANTA CRUZ,Inactive Account,High,2024-11-03,2024-11-16,Resolved
EXC00005000,BILL00054803,ACCT004567,CUST004567,2024-11,Residential,SANTA CRUZ,Inactive Account,High,2024-12-03,2024-12-14,Resolved
EXC00005001,BILL00054804,ACCT004567,CUST004567,2024-12,Residential,SANTA CRUZ,Inactive Account,High,2025-01-03,2025-01-10,Resolved
EXC00005002,BILL00054818,ACCT004569,CUST004569,2024-02,Residential,KERN,Invalid Meter Read,High,2024-03-03,2024-03-05,Resolved
EXC00005003,BILL00054825,ACCT004569,CUST004569,2024-09,Residential,KERN,Missing Meter Read,Medium,2024-10-03,2024-10-04,Resolved
EXC00005004,BILL00054827,ACCT004569,CUST004569,2024-11,Residential,KERN,Invalid Meter Read,High,2024-12-03,2024-12-07,Resolved
EXC00005005,BILL00054846,ACCT004571,CUST004571,2024-06,Residential,KERN,Missing Meter Read,Medium,2024-07-03,,In Review
EXC00005006,BILL00054851,ACCT004571,CUST004571,2024-11,Residential,KERN,Missing Meter Read,Medium,2024-12-03,2024-12-11,Resolved
EXC00005007,BILL00054852,ACCT004571,CUST004571,2024-12,Residential,KERN,Invalid Meter Read,High,2025-01-03,2025-01-04,Resolved
EXC00005008,BILL00054853,ACCT004572,CUST004572,2024-01,Residential,SANTA CLARA,Inactive Account,High,2024-02-03,,Open
EXC00005009,BILL00054854,ACCT004572,CUST004572,2024-02,Residential,SANTA CLARA,Inactive Account,High,2024-03-03,,Open
EXC00005010,BILL00054855,ACCT004572,CUST004572,2024-03,Residential,SANTA CLARA,Inactive Account,High,2024-04-03,,In Review
EXC00005011,BILL00054856,ACCT004572,CUST004572,2024-04,Residential,SANTA CLARA,Inactive Account,High,2024-05-03,2024-05-11,Resolved
EXC00005012,BILL00054857,ACCT004572,CUST004572,2024-05,Residential,SANTA CLARA,Inactive Account,High,2024-06-03,,Open
EXC00005013,BILL00054858,ACCT004572,CUST004572,2024-06,Residential,SANTA CLARA,Inactive Account,High,2024-07-03,,Open
EXC00005014,BILL00054859,ACCT004572,CUST004572,2024-07,Residential,SANTA CLARA,Inactive Account,High,2024-08-03,2024-08-17,Resolved
EXC00005015,BILL00054860,ACCT004572,CUST004572,2024-08,Residential,SANTA CLARA,Inactive Account,High,2024-09-03,2024-09-16,Resolved
EXC00005016,BILL00054861,ACCT004572,CUST004572,2024-09,Residential,SANTA CLARA,Inactive Account,High,2024-10-03,2024-10-13,Resolved
EXC00005017,BILL00054862,ACCT004572,CUST004572,2024-10,Residential,SANTA CLARA,Inactive Account,High,2024-11-03,2024-11-04,Resolved
EXC00005018,BILL00054863,ACCT004572,CUST004572,2024-11,Residential,SANTA CLARA,Inactive Account,High,2024-12-03,,Open
EXC00005019,BILL00054864,ACCT004572,CUST004572,2024-12,Residential,SANTA CLARA,Inactive Account,High,2025-01-03,2025-01-07,Resolved
EXC00005020,BILL00054913,ACCT004577,CUST004577,2024-01,Residential,FRESNO,Inactive Account,High,2024-02-03,2024-02-13,Resolved
EXC00005021,BILL00054914,ACCT004577,CUST004577,2024-02,Residential,FRESNO,Inactive Account,High,2024-03-03,2024-03-12,Resolved
EXC00005022,BILL00054915,ACCT004577,CUST004577,2024-03,Residential,FRESNO,Inactive Account,High,2024-04-03,2024-04-14,Resolved
EXC00005023,BILL00054916,ACCT004577,CUST004577,2024-04,Residential,FRESNO,Inactive Account,High,2024-05-03,,Open
EXC00005024,BILL00054917,ACCT004577,CUST004577,2024-05,Residential,FRESNO,Inactive Account,High,2024-06-03,,Open
EXC00005025,BILL00054918,ACCT004577,CUST004577,2024-06,Residential,FRESNO,Inactive Account,High,2024-07-03,2024-07-07,Resolved
EXC00005026,BILL00054919,ACCT004577,CUST004577,2024-07,Residential,FRESNO,Inactive Account,High,2024-08-03,2024-08-14,Resolved
EXC00005027,BILL00054920,ACCT004577,CUST004577,2024-08,Residential,FRESNO,Inactive Account,High,2024-09-03,2024-09-17,Resolved
EXC00005028,BILL00054921,ACCT004577,CUST004577,2024-09,Residential,FRESNO,Inactive Account,High,2024-10-03,,Open
EXC00005029,BILL00054922,ACCT004577,CUST004577,2024-10,Residential,FRESNO,Inactive Account,High,2024-11-03,,Open
EXC00005030,BILL00054923,ACCT004577,CUST004577,2024-11,Residential,FRESNO,Inactive Account,High,2024-12-03,2024-12-04,Resolved
EXC00005031,BILL00054924,ACCT004577,CUST004577,2024-12,Residential,FRESNO,Inactive Account,High,2025-01-03,,Open
EXC00005032,BILL00054984,ACCT004582,CUST004582,2024-12,Residential,SAN FRANCISCO,Invalid Meter Read,High,2025-01-03,2025-01-08,Resolved
EXC00005033,BILL00055007,ACCT004584,CUST004584,2024-11,Residential,SANTA CLARA,Missing Meter Read,Medium,2024-12-03,,In Review
EXC00005034,BILL00055021,ACCT004586,CUST004586,2024-01,Agriculture And Water Pumping,SAN JOAQUIN,Invalid Meter Read,High,2024-02-03,2024-02-04,Resolved
EXC00005035,BILL00055024,ACCT004586,CUST004586,2024-04,Agriculture And Water Pumping,SAN JOAQUIN,Invalid Meter Read,High,2024-05-03,2024-05-07,Resolved
EXC00005036,BILL00055033,ACCT004587,CUST004587,2024-01,Residential,SANTA CLARA,Inactive Account,High,2024-02-03,,Open
EXC00005037,BILL00055034,ACCT004587,CUST004587,2024-02,Residential,SANTA CLARA,Inactive Account,High,2024-03-03,2024-03-12,Resolved
EXC00005038,BILL00055035,ACCT004587,CUST004587,2024-03,Residential,SANTA CLARA,Inactive Account,High,2024-04-03,,Open
EXC00005039,BILL00055036,ACCT004587,CUST004587,2024-04,Residential,SANTA CLARA,Inactive Account,High,2024-05-03,2024-05-16,Resolved
EXC00005040,BILL00055037,ACCT004587,CUST004587,2024-05,Residential,SANTA CLARA,Inactive Account,High,2024-06-03,,Open
EXC00005041,BILL00055038,ACCT004587,CUST004587,2024-06,Residential,SANTA CLARA,Inactive Account,High,2024-07-03,2024-07-13,Resolved
EXC00005042,BILL00055039,ACCT004587,CUST004587,2024-07,Residential,SANTA CLARA,Inactive Account,High,2024-08-03,2024-08-13,Resolved
EXC00005043,BILL00055040,ACCT004587,CUST004587,2024-08,Residential,SANTA CLARA,Inactive Account,High,2024-09-03,,In Review
EXC00005044,BILL00055041,ACCT004587,CUST004587,2024-09,Residential,SANTA CLARA,Inactive Account,High,2024-10-03,2024-10-07,Resolved
EXC00005045,BILL00055042,ACCT004587,CUST004587,2024-10,Residential,SANTA CLARA,Inactive Account,High,2024-11-03,,Open
EXC00005046,BILL00055043,ACCT004587,CUST004587,2024-11,Residential,SANTA CLARA,Inactive Account,High,2024-12-03,,In Review
EXC00005047,BILL00055044,ACCT004587,CUST004587,2024-12,Residential,SANTA CLARA,Inactive Account,High,2025-01-03,2025-01-10,Resolved
EXC00005048,BILL00055093,ACCT004592,CUST004592,2024-01,Residential,SANTA CLARA,Inactive Account,High,2024-02-03,2024-02-08,Resolved
EXC00005049,BILL00055094,ACCT004592,CUST004592,2024-02,Residential,SANTA CLARA,Inactive Account,High,2024-03-03,2024-03-16,Resolved
EXC00005050,BILL00055095,ACCT004592,CUST004592,2024-03,Residential,SANTA CLARA,Inactive Account,High,2024-04-03,,Open
EXC00005051,BILL00055096,ACCT004592,CUST004592,2024-04,Residential,SANTA CLARA,Inactive Account,High,2024-05-03,2024-05-08,Resolved
EXC00005052,BILL00055097,ACCT004592,CUST004592,2024-05,Residential,SANTA CLARA,Inactive Account,High,2024-06-03,2024-06-15,Resolved
EXC00005053,BILL00055098,ACCT004592,CUST004592,2024-06,Residential,SANTA CLARA,Inactive Account,High,2024-07-03,,Open
EXC00005054,BILL00055099,ACCT004592,CUST004592,2024-07,Residential,SANTA CLARA,Inactive Account,High,2024-08-03,2024-08-13,Resolved
EXC00005055,BILL00055100,ACCT004592,CUST004592,2024-08,Residential,SANTA CLARA,Inactive Account,High,2024-09-03,2024-09-10,Resolved
EXC00005056,BILL00055101,ACCT004592,CUST004592,2024-09,Residential,SANTA CLARA,Inactive Account,High,2024-10-03,,Open
EXC00005057,BILL00055102,ACCT004592,CUST004592,2024-10,Residential,SANTA CLARA,Inactive Account,High,2024-11-03,,Open
EXC00005058,BILL00055103,ACCT004592,CUST004592,2024-11,Residential,SANTA CLARA,Inactive Account,High,2024-12-03,2024-12-11,Resolved
EXC00005059,BILL00055104,ACCT004592,CUST004592,2024-12,Residential,SANTA CLARA,Inactive Account,High,2025-01-03,,Open
EXC00005060,BILL00055130,ACCT004595,CUST004595,2024-02,Residential,ALAMEDA,Missing Meter Read,Medium,2024-03-03,2024-03-13,Resolved
EXC00005061,BILL00055162,ACCT004597,CUST004597,2024-10,Residential,KERN,Missing Meter Read,Medium,2024-11-03,,In Review
EXC00005062,BILL00055165,ACCT004598,CUST004598,2024-01,Residential,SAN MATEO,Inactive Account,High,2024-02-03,2024-02-11,Resolved
EXC00005063,BILL00055166,ACCT004598,CUST004598,2024-02,Residential,SAN MATEO,Inactive Account,High,2024-03-03,2024-03-09,Resolved
EXC00005064,BILL00055167,ACCT004598,CUST004598,2024-03,Residential,SAN MATEO,Inactive Account,High,2024-04-03,,Open
EXC00005065,BILL00055168,ACCT004598,CUST004598,2024-04,Residential,SAN MATEO,Inactive Account,High,2024-05-03,2024-05-07,Resolved
EXC00005066,BILL00055169,ACCT004598,CUST004598,2024-05,Residential,SAN MATEO,Inactive Account,High,2024-06-03,,Open
EXC00005067,BILL00055170,ACCT004598,CUST004598,2024-06,Residential,SAN MATEO,Inactive Account,High,2024-07-03,,Open
EXC00005068,BILL00055171,ACCT004598,CUST004598,2024-07,Residential,SAN MATEO,Inactive Account,High,2024-08-03,,In Review
EXC00005069,BILL00055172,ACCT004598,CUST004598,2024-08,Residential,SAN MATEO,Inactive Account,High,2024-09-03,,In Review
EXC00005070,BILL00055173,ACCT004598,CUST004598,2024-09,Residential,SAN MATEO,Inactive Account,High,2024-10-03,2024-10-08,Resolved
EXC00005071,BILL00055174,ACCT004598,CUST004598,2024-10,Residential,SAN MATEO,Inactive Account,High,2024-11-03,,In Review
EXC00005072,BILL00055175,ACCT004598,CUST004598,2024-11,Residential,SAN MATEO,Inactive Account,High,2024-12-03,2024-12-05,Resolved
EXC00005073,BILL00055176,ACCT004598,CUST004598,2024-12,Residential,SAN MATEO,Inactive Account,High,2025-01-03,2025-01-15,Resolved
EXC00005074,BILL00055189,ACCT004600,CUST004600,2024-01,Residential,KERN,Inactive Account,High,2024-02-03,2024-02-15,Resolved
EXC00005075,BILL00055190,ACCT004600,CUST004600,2024-02,Residential,KERN,Inactive Account,High,2024-03-03,2024-03-09,Resolved
EXC00005076,BILL00055191,ACCT004600,CUST004600,2024-03,Residential,KERN,Inactive Account,High,2024-04-03,,Open
EXC00005077,BILL00055192,ACCT004600,CUST004600,2024-04,Residential,KERN,Inactive Account,High,2024-05-03,,Open
EXC00005078,BILL00055193,ACCT004600,CUST004600,2024-05,Residential,KERN,Inactive Account,High,2024-06-03,2024-06-05,Resolved
EXC00005079,BILL00055194,ACCT004600,CUST004600,2024-06,Residential,KERN,Inactive Account,High,2024-07-03,2024-07-17,Resolved
EXC00005080,BILL00055195,ACCT004600,CUST004600,2024-07,Residential,KERN,Inactive Account,High,2024-08-03,,In Review
EXC00005081,BILL00055196,ACCT004600,CUST004600,2024-08,Residential,KERN,Inactive Account,High,2024-09-03,2024-09-06,Resolved
EXC00005082,BILL00055197,ACCT004600,CUST004600,2024-09,Residential,KERN,Inactive Account,High,2024-10-03,2024-10-10,Resolved
EXC00005083,BILL00055198,ACCT004600,CUST004600,2024-10,Residential,KERN,Inactive Account,High,2024-11-03,2024-11-10,Resolved
EXC00005084,BILL00055199,ACCT004600,CUST004600,2024-11,Residential,KERN,Inactive Account,High,2024-12-03,2024-12-17,Resolved
EXC00005085,BILL00055200,ACCT004600,CUST004600,2024-12,Residential,KERN,Inactive Account,High,2025-01-03,2025-01-05,Resolved
EXC00005086,BILL00055324,ACCT004611,CUST004611,2024-04,Residential,FRESNO,Missing Meter Read,Medium,2024-05-03,2024-05-05,Resolved
EXC00005087,BILL00055383,ACCT004616,CUST004616,2024-03,Residential,BUTTE,Invalid Meter Read,High,2024-04-03,2024-04-16,Resolved
EXC00005088,BILL00055409,ACCT004618,CUST004618,2024-05,Commercial,SUTTER,Invalid Meter Read,High,2024-06-03,2024-06-17,Resolved
EXC00005089,BILL00055414,ACCT004618,CUST004618,2024-10,Commercial,SUTTER,Missing Meter Read,Medium,2024-11-03,2024-11-15,Resolved
EXC00005090,BILL00055425,ACCT004619,CUST004619,2024-09,Residential,FRESNO,Invalid Meter Read,High,2024-10-03,2024-10-14,Resolved
EXC00005091,BILL00055437,ACCT004620,CUST004620,2024-09,Commercial,SANTA CLARA,Invalid Meter Read,High,2024-10-03,,In Review
EXC00005092,BILL00055439,ACCT004620,CUST004620,2024-11,Commercial,SANTA CLARA,Missing Meter Read,Medium,2024-12-03,2024-12-11,Resolved
EXC00005093,BILL00055482,ACCT004624,CUST004624,2024-06,Residential,SOLANO,Missing Meter Read,Medium,2024-07-03,2024-07-12,Resolved
EXC00005094,BILL00055483,ACCT004624,CUST004624,2024-07,Residential,SOLANO,Missing Meter Read,Medium,2024-08-03,2024-08-15,Resolved
EXC00005095,BILL00055524,ACCT004627,CUST004627,2024-12,Residential,SAN LUIS OBISPO,Missing Meter Read,Medium,2025-01-03,2025-01-04,Resolved
EXC00005096,BILL00055539,ACCT004629,CUST004629,2024-03,Residential,CONTRA COSTA,Invalid Meter Read,High,2024-04-03,,Open
EXC00005097,BILL00055569,ACCT004631,CUST004631,2024-09,Residential,SANTA CLARA,Missing Meter Read,Medium,2024-10-03,,Open
EXC00005098,BILL00055572,ACCT004631,CUST004631,2024-12,Residential,SANTA CLARA,Missing Meter Read,Medium,2025-01-03,2025-01-08,Resolved
EXC00005099,BILL00055619,ACCT004635,CUST004635,2024-11,Residential,ALAMEDA,Invalid Meter Read,High,2024-12-03,2024-12-12,Resolved
EXC00005100,BILL00055665,ACCT004639,CUST004639,2024-09,Residential,KERN,Invalid Meter Read,High,2024-10-03,2024-10-09,Resolved
EXC00005101,BILL00055689,ACCT004641,CUST004641,2024-09,Industrial,KERN,Invalid Meter Read,High,2024-10-03,,Open
EXC00005102,BILL00055693,ACCT004642,CUST004642,2024-01,Residential,KERN,Invalid Meter Read,High,2024-02-03,,Open
EXC00005103,BILL00055709,ACCT004643,CUST004643,2024-05,Commercial,ALAMEDA,Missing Meter Read,Medium,2024-06-03,,Open
EXC00005104,BILL00055818,ACCT004652,CUST004652,2024-06,Residential,SANTA CLARA,Invalid Meter Read,High,2024-07-03,,Open
EXC00005105,BILL00055828,ACCT004653,CUST004653,2024-04,Residential,ALAMEDA,Missing Meter Read,Medium,2024-05-03,,In Review
EXC00005106,BILL00055844,ACCT004654,CUST004654,2024-08,Commercial,SANTA CLARA,Missing Meter Read,Medium,2024-09-03,,Open
EXC00005107,BILL00055878,ACCT004657,CUST004657,2024-06,Commercial,PLUMAS,Missing Meter Read,Medium,2024-07-03,,Open
EXC00005108,BILL00055885,ACCT004658,CUST004658,2024-01,Residential,SANTA CLARA,Missing Meter Read,Medium,2024-02-03,2024-02-16,Resolved
EXC00005109,BILL00055909,ACCT004660,CUST004660,2024-01,Residential,SAN JOAQUIN,Inactive Account,High,2024-02-03,2024-02-16,Resolved
EXC00005110,BILL00055910,ACCT004660,CUST004660,2024-02,Residential,SAN JOAQUIN,Inactive Account,High,2024-03-03,,In Review
EXC00005111,BILL00055911,ACCT004660,CUST004660,2024-03,Residential,SAN JOAQUIN,Inactive Account,High,2024-04-03,2024-04-16,Resolved
EXC00005112,BILL00055912,ACCT004660,CUST004660,2024-04,Residential,SAN JOAQUIN,Inactive Account,High,2024-05-03,2024-05-16,Resolved
EXC00005113,BILL00055913,ACCT004660,CUST004660,2024-05,Residential,SAN JOAQUIN,Inactive Account,High,2024-06-03,2024-06-06,Resolved
EXC00005114,BILL00055914,ACCT004660,CUST004660,2024-06,Residential,SAN JOAQUIN,Inactive Account,High,2024-07-03,2024-07-08,Resolved
EXC00005115,BILL00055915,ACCT004660,CUST004660,2024-07,Residential,SAN JOAQUIN,Inactive Account,High,2024-08-03,,Open
EXC00005116,BILL00055916,ACCT004660,CUST004660,2024-08,Residential,SAN JOAQUIN,Inactive Account,High,2024-09-03,2024-09-06,Resolved
EXC00005117,BILL00055917,ACCT004660,CUST004660,2024-09,Residential,SAN JOAQUIN,Inactive Account,High,2024-10-03,,Open
EXC00005118,BILL00055918,ACCT004660,CUST004660,2024-10,Residential,SAN JOAQUIN,Inactive Account,High,2024-11-03,2024-11-09,Resolved
EXC00005119,BILL00055919,ACCT004660,CUST004660,2024-11,Residential,SAN JOAQUIN,Inactive Account,High,2024-12-03,,Open
EXC00005120,BILL00055920,ACCT004660,CUST004660,2024-12,Residential,SAN JOAQUIN,Inactive Account,High,2025-01-03,2025-01-16,Resolved
EXC00005121,BILL00055978,ACCT004665,CUST004665,2024-10,Commercial,ALAMEDA,Missing Meter Read,Medium,2024-11-03,2024-11-09,Resolved
EXC00005122,BILL00056047,ACCT004671,CUST004671,2024-07,Residential,KERN,Missing Meter Read,Medium,2024-08-03,2024-08-16,Resolved
EXC00005123,BILL00056053,ACCT004672,CUST004672,2024-01,Commercial,FRESNO,Invalid Meter Read,High,2024-02-03,2024-02-05,Resolved
EXC00005124,BILL00056075,ACCT004673,CUST004673,2024-11,Residential,KERN,Missing Meter Read,Medium,2024-12-03,2024-12-10,Resolved
EXC00005125,BILL00056105,ACCT004676,CUST004676,2024-05,Commercial,SAN FRANCISCO,Missing Meter Read,Medium,2024-06-03,2024-06-07,Resolved
EXC00005126,BILL00056114,ACCT004677,CUST004677,2024-02,Residential,NAPA,Missing Meter Read,Medium,2024-03-03,2024-03-06,Resolved
EXC00005127,BILL00056131,ACCT004678,CUST004678,2024-07,Agriculture And Water Pumping,CONTRA COSTA,Missing Meter Read,Medium,2024-08-03,2024-08-11,Resolved
EXC00005128,BILL00056183,ACCT004682,CUST004682,2024-11,Residential,CONTRA COSTA,Missing Meter Read,Medium,2024-12-03,,Open
EXC00005129,BILL00056196,ACCT004683,CUST004683,2024-12,Industrial,ALAMEDA,Missing Meter Read,Medium,2025-01-03,,In Review
EXC00005130,BILL00056198,ACCT004684,CUST004684,2024-02,Residential,SAN JOAQUIN,Missing Meter Read,Medium,2024-03-03,,In Review
EXC00005131,BILL00056257,ACCT004689,CUST004689,2024-01,Residential,KERN,Inactive Account,High,2024-02-03,,Open
EXC00005132,BILL00056258,ACCT004689,CUST004689,2024-02,Residential,KERN,Inactive Account,High,2024-03-03,,Open
EXC00005133,BILL00056259,ACCT004689,CUST004689,2024-03,Residential,KERN,Inactive Account,High,2024-04-03,,Open
EXC00005134,BILL00056260,ACCT004689,CUST004689,2024-04,Residential,KERN,Inactive Account,High,2024-05-03,,Open
EXC00005135,BILL00056261,ACCT004689,CUST004689,2024-05,Residential,KERN,Inactive Account,High,2024-06-03,2024-06-10,Resolved
EXC00005136,BILL00056262,ACCT004689,CUST004689,2024-06,Residential,KERN,Inactive Account,High,2024-07-03,2024-07-04,Resolved
EXC00005137,BILL00056263,ACCT004689,CUST004689,2024-07,Residential,KERN,Inactive Account,High,2024-08-03,,Open
EXC00005138,BILL00056264,ACCT004689,CUST004689,2024-08,Residential,KERN,Inactive Account,High,2024-09-03,2024-09-09,Resolved
EXC00005139,BILL00056265,ACCT004689,CUST004689,2024-09,Residential,KERN,Inactive Account,High,2024-10-03,,In Review
EXC00005140,BILL00056266,ACCT004689,CUST004689,2024-10,Residential,KERN,Inactive Account,High,2024-11-03,2024-11-04,Resolved
EXC00005141,BILL00056267,ACCT004689,CUST004689,2024-11,Residential,KERN,Inactive Account,High,2024-12-03,,Open
EXC00005142,BILL00056268,ACCT004689,CUST004689,2024-12,Residential,KERN,Inactive Account,High,2025-01-03,2025-01-15,Resolved
EXC00005143,BILL00056275,ACCT004690,CUST004690,2024-07,"Transportation, Communications, & Utilities",SAN JOAQUIN,Invalid Meter Read,High,2024-08-03,2024-08-05,Resolved
EXC00005144,BILL00056310,ACCT004693,CUST004693,2024-06,Residential,KERN,Missing Meter Read,Medium,2024-07-03,2024-07-11,Resolved
EXC00005145,BILL00056363,ACCT004697,CUST004697,2024-11,Residential,SANTA CLARA,Invalid Meter Read,High,2024-12-03,,In Review
EXC00005146,BILL00056401,ACCT004701,CUST004701,2024-01,Residential,MERCED,Inactive Account,High,2024-02-03,2024-02-06,Resolved
EXC00005147,BILL00056402,ACCT004701,CUST004701,2024-02,Residential,MERCED,Inactive Account,High,2024-03-03,2024-03-14,Resolved
EXC00005148,BILL00056403,ACCT004701,CUST004701,2024-03,Residential,MERCED,Inactive Account,High,2024-04-03,2024-04-09,Resolved
EXC00005149,BILL00056404,ACCT004701,CUST004701,2024-04,Residential,MERCED,Inactive Account,High,2024-05-03,2024-05-13,Resolved
EXC00005150,BILL00056405,ACCT004701,CUST004701,2024-05,Residential,MERCED,Inactive Account,High,2024-06-03,,Open
EXC00005151,BILL00056406,ACCT004701,CUST004701,2024-06,Residential,MERCED,Inactive Account,High,2024-07-03,,Open
EXC00005152,BILL00056407,ACCT004701,CUST004701,2024-07,Residential,MERCED,Inactive Account,High,2024-08-03,2024-08-11,Resolved
EXC00005153,BILL00056408,ACCT004701,CUST004701,2024-08,Residential,MERCED,Inactive Account,High,2024-09-03,2024-09-04,Resolved
EXC00005154,BILL00056409,ACCT004701,CUST004701,2024-09,Residential,MERCED,Inactive Account,High,2024-10-03,2024-10-14,Resolved
EXC00005155,BILL00056410,ACCT004701,CUST004701,2024-10,Residential,MERCED,Inactive Account,High,2024-11-03,2024-11-11,Resolved
EXC00005156,BILL00056411,ACCT004701,CUST004701,2024-11,Residential,MERCED,Inactive Account,High,2024-12-03,2024-12-06,Resolved
EXC00005157,BILL00056412,ACCT004701,CUST004701,2024-12,Residential,MERCED,Inactive Account,High,2025-01-03,2025-01-09,Resolved
EXC00005158,BILL00056427,ACCT004703,CUST004703,2024-03,Residential,FRESNO,Missing Meter Read,Medium,2024-04-03,,Open
EXC00005159,BILL00056466,ACCT004706,CUST004706,2024-06,Residential,SANTA CLARA,Missing Meter Read,Medium,2024-07-03,,Open
EXC00005160,BILL00056556,ACCT004713,CUST004713,2024-12,Residential,ALAMEDA,Missing Meter Read,Medium,2025-01-03,,Open
EXC00005161,BILL00056672,ACCT004723,CUST004723,2024-08,Residential,FRESNO,Missing Meter Read,Medium,2024-09-03,,In Review
EXC00005162,BILL00056714,ACCT004727,CUST004727,2024-02,Commercial,SAN JOAQUIN,Missing Meter Read,Medium,2024-03-03,,Open
EXC00005163,BILL00056738,ACCT004729,CUST004729,2024-02,Residential,SANTA CLARA,Invalid Meter Read,High,2024-03-03,,Open
EXC00005164,BILL00056740,ACCT004729,CUST004729,2024-04,Residential,SANTA CLARA,Missing Meter Read,Medium,2024-05-03,2024-05-04,Resolved
EXC00005165,BILL00056761,ACCT004731,CUST004731,2024-01,Residential,SANTA CLARA,Inactive Account,High,2024-02-03,2024-02-07,Resolved
EXC00005166,BILL00056762,ACCT004731,CUST004731,2024-02,Residential,SANTA CLARA,Inactive Account,High,2024-03-03,2024-03-06,Resolved
EXC00005167,BILL00056763,ACCT004731,CUST004731,2024-03,Residential,SANTA CLARA,Inactive Account,High,2024-04-03,2024-04-12,Resolved
EXC00005168,BILL00056764,ACCT004731,CUST004731,2024-04,Residential,SANTA CLARA,Inactive Account,High,2024-05-03,,Open
EXC00005169,BILL00056765,ACCT004731,CUST004731,2024-05,Residential,SANTA CLARA,Inactive Account,High,2024-06-03,,Open
EXC00005170,BILL00056766,ACCT004731,CUST004731,2024-06,Residential,SANTA CLARA,Inactive Account,High,2024-07-03,2024-07-06,Resolved
EXC00005171,BILL00056767,ACCT004731,CUST004731,2024-07,Residential,SANTA CLARA,Inactive Account,High,2024-08-03,2024-08-08,Resolved
EXC00005172,BILL00056768,ACCT004731,CUST004731,2024-08,Residential,SANTA CLARA,Inactive Account,High,2024-09-03,2024-09-07,Resolved
EXC00005173,BILL00056769,ACCT004731,CUST004731,2024-09,Residential,SANTA CLARA,Inactive Account,High,2024-10-03,2024-10-11,Resolved
EXC00005174,BILL00056770,ACCT004731,CUST004731,2024-10,Residential,SANTA CLARA,Inactive Account,High,2024-11-03,2024-11-15,Resolved
EXC00005175,BILL00056771,ACCT004731,CUST004731,2024-11,Residential,SANTA CLARA,Inactive Account,High,2024-12-03,,Open
EXC00005176,BILL00056772,ACCT004731,CUST004731,2024-12,Residential,SANTA CLARA,Inactive Account,High,2025-01-03,,In Review
EXC00005177,BILL00056773,ACCT004732,CUST004732,2024-01,Residential,SOLANO,Missing Meter Read,Medium,2024-02-03,,In Review
EXC00005178,BILL00056842,ACCT004737,CUST004737,2024-10,Residential,FRESNO,Invalid Meter Read,High,2024-11-03,,Open
EXC00005179,BILL00056870,ACCT004740,CUST004740,2024-02,Residential,SANTA BARBARA,Missing Meter Read,Medium,2024-03-03,2024-03-13,Resolved
EXC00005180,BILL00056882,ACCT004741,CUST004741,2024-02,Residential,CONTRA COSTA,Missing Meter Read,Medium,2024-03-03,,Open
EXC00005181,BILL00056888,ACCT004741,CUST004741,2024-08,Residential,CONTRA COSTA,Missing Meter Read,Medium,2024-09-03,2024-09-16,Resolved
EXC00005182,BILL00056901,ACCT004742,CUST004742,2024-09,Residential,CONTRA COSTA,Invalid Meter Read,High,2024-10-03,2024-10-15,Resolved
EXC00005183,BILL00056969,ACCT004748,CUST004748,2024-05,Residential,ALAMEDA,Missing Meter Read,Medium,2024-06-03,2024-06-12,Resolved
EXC00005184,BILL00056989,ACCT004750,CUST004750,2024-01,Commercial,TUOLUMNE,Inactive Account,High,2024-02-03,,Open
EXC00005185,BILL00056990,ACCT004750,CUST004750,2024-02,Commercial,TUOLUMNE,Inactive Account,High,2024-03-03,,In Review
EXC00005186,BILL00056991,ACCT004750,CUST004750,2024-03,Commercial,TUOLUMNE,Inactive Account,High,2024-04-03,2024-04-07,Resolved
EXC00005187,BILL00056992,ACCT004750,CUST004750,2024-04,Commercial,TUOLUMNE,Inactive Account,High,2024-05-03,,Open
EXC00005188,BILL00056993,ACCT004750,CUST004750,2024-05,Commercial,TUOLUMNE,Inactive Account,High,2024-06-03,2024-06-08,Resolved
EXC00005189,BILL00056994,ACCT004750,CUST004750,2024-06,Commercial,TUOLUMNE,Inactive Account,High,2024-07-03,2024-07-04,Resolved
EXC00005190,BILL00056995,ACCT004750,CUST004750,2024-07,Commercial,TUOLUMNE,Inactive Account,High,2024-08-03,,In Review
EXC00005191,BILL00056996,ACCT004750,CUST004750,2024-08,Commercial,TUOLUMNE,Inactive Account,High,2024-09-03,,In Review
EXC00005192,BILL00056997,ACCT004750,CUST004750,2024-09,Commercial,TUOLUMNE,Inactive Account,High,2024-10-03,,In Review
EXC00005193,BILL00056998,ACCT004750,CUST004750,2024-10,Commercial,TUOLUMNE,Inactive Account,High,2024-11-03,,Open
EXC00005194,BILL00056999,ACCT004750,CUST004750,2024-11,Commercial,TUOLUMNE,Inactive Account,High,2024-12-03,2024-12-05,Resolved
EXC00005195,BILL00057000,ACCT004750,CUST004750,2024-12,Commercial,TUOLUMNE,Inactive Account,High,2025-01-03,,In Review
EXC00005196,BILL00057017,ACCT004752,CUST004752,2024-05,Residential,SANTA CLARA,Invalid Meter Read,High,2024-06-03,2024-06-13,Resolved
EXC00005197,BILL00057052,ACCT004755,CUST004755,2024-04,Commercial,SANTA CLARA,Invalid Meter Read,High,2024-05-03,,Open
EXC00005198,BILL00057132,ACCT004761,CUST004761,2024-12,Residential,YOLO,Invalid Meter Read,High,2025-01-03,2025-01-17,Resolved
EXC00005199,BILL00057192,ACCT004766,CUST004766,2024-12,Mining,SANTA CLARA,Invalid Meter Read,High,2025-01-03,2025-01-14,Resolved
EXC00005200,BILL00057205,ACCT004768,CUST004768,2024-01,Residential,MADERA,Inactive Account,High,2024-02-03,2024-02-17,Resolved
EXC00005201,BILL00057206,ACCT004768,CUST004768,2024-02,Residential,MADERA,Inactive Account,High,2024-03-03,,Open
EXC00005202,BILL00057207,ACCT004768,CUST004768,2024-03,Residential,MADERA,Inactive Account,High,2024-04-03,2024-04-13,Resolved
EXC00005203,BILL00057208,ACCT004768,CUST004768,2024-04,Residential,MADERA,Inactive Account,High,2024-05-03,2024-05-12,Resolved
EXC00005204,BILL00057209,ACCT004768,CUST004768,2024-05,Residential,MADERA,Inactive Account,High,2024-06-03,2024-06-08,Resolved
EXC00005205,BILL00057210,ACCT004768,CUST004768,2024-06,Residential,MADERA,Inactive Account,High,2024-07-03,,Open
EXC00005206,BILL00057211,ACCT004768,CUST004768,2024-07,Residential,MADERA,Inactive Account,High,2024-08-03,,Open
EXC00005207,BILL00057212,ACCT004768,CUST004768,2024-08,Residential,MADERA,Inactive Account,High,2024-09-03,2024-09-10,Resolved
EXC00005208,BILL00057213,ACCT004768,CUST004768,2024-09,Residential,MADERA,Inactive Account,High,2024-10-03,2024-10-15,Resolved
EXC00005209,BILL00057214,ACCT004768,CUST004768,2024-10,Residential,MADERA,Inactive Account,High,2024-11-03,2024-11-10,Resolved
EXC00005210,BILL00057215,ACCT004768,CUST004768,2024-11,Residential,MADERA,Inactive Account,High,2024-12-03,2024-12-15,Resolved
EXC00005211,BILL00057216,ACCT004768,CUST004768,2024-12,Residential,MADERA,Inactive Account,High,2025-01-03,2025-01-06,Resolved
EXC00005212,BILL00057217,ACCT004769,CUST004769,2024-01,Residential,SHASTA,Invalid Meter Read,High,2024-02-03,2024-02-12,Resolved
EXC00005213,BILL00057224,ACCT004769,CUST004769,2024-08,Residential,SHASTA,Missing Meter Read,Medium,2024-09-03,,Open
EXC00005214,BILL00057291,ACCT004775,CUST004775,2024-03,Residential,MERCED,Invalid Meter Read,High,2024-04-03,2024-04-15,Resolved
EXC00005215,BILL00057319,ACCT004777,CUST004777,2024-07,Residential,PLACER,Invalid Meter Read,High,2024-08-03,2024-08-10,Resolved
EXC00005216,BILL00057349,ACCT004780,CUST004780,2024-01,Residential,EL DORADO,Missing Meter Read,Medium,2024-02-03,2024-02-11,Resolved
EXC00005217,BILL00057359,ACCT004780,CUST004780,2024-11,Residential,EL DORADO,Invalid Meter Read,High,2024-12-03,2024-12-14,Resolved
EXC00005218,BILL00057373,ACCT004782,CUST004782,2024-01,Residential,KERN,Inactive Account,High,2024-02-03,,In Review
EXC00005219,BILL00057374,ACCT004782,CUST004782,2024-02,Residential,KERN,Inactive Account,High,2024-03-03,,In Review
EXC00005220,BILL00057375,ACCT004782,CUST004782,2024-03,Residential,KERN,Inactive Account,High,2024-04-03,2024-04-04,Resolved
EXC00005221,BILL00057376,ACCT004782,CUST004782,2024-04,Residential,KERN,Inactive Account,High,2024-05-03,2024-05-14,Resolved
EXC00005222,BILL00057377,ACCT004782,CUST004782,2024-05,Residential,KERN,Inactive Account,High,2024-06-03,2024-06-08,Resolved
EXC00005223,BILL00057378,ACCT004782,CUST004782,2024-06,Residential,KERN,Inactive Account,High,2024-07-03,2024-07-10,Resolved
EXC00005224,BILL00057379,ACCT004782,CUST004782,2024-07,Residential,KERN,Inactive Account,High,2024-08-03,2024-08-09,Resolved
EXC00005225,BILL00057380,ACCT004782,CUST004782,2024-08,Residential,KERN,Inactive Account,High,2024-09-03,2024-09-05,Resolved
EXC00005226,BILL00057381,ACCT004782,CUST004782,2024-09,Residential,KERN,Inactive Account,High,2024-10-03,,In Review
EXC00005227,BILL00057382,ACCT004782,CUST004782,2024-10,Residential,KERN,Inactive Account,High,2024-11-03,2024-11-14,Resolved
EXC00005228,BILL00057383,ACCT004782,CUST004782,2024-11,Residential,KERN,Inactive Account,High,2024-12-03,,Open
EXC00005229,BILL00057384,ACCT004782,CUST004782,2024-12,Residential,KERN,Inactive Account,High,2025-01-03,,Open
EXC00005230,BILL00057439,ACCT004787,CUST004787,2024-07,Commercial,SANTA CLARA,Missing Meter Read,Medium,2024-08-03,2024-08-10,Resolved
EXC00005231,BILL00057455,ACCT004788,CUST004788,2024-11,Commercial,SANTA CLARA,Missing Meter Read,Medium,2024-12-03,,In Review
EXC00005232,BILL00057514,ACCT004793,CUST004793,2024-10,Residential,CONTRA COSTA,Invalid Meter Read,High,2024-11-03,2024-11-08,Resolved
EXC00005233,BILL00057520,ACCT004794,CUST004794,2024-04,Residential,ALAMEDA,Missing Meter Read,Medium,2024-05-03,2024-05-14,Resolved
EXC00005234,BILL00057522,ACCT004794,CUST004794,2024-06,Residential,ALAMEDA,Missing Meter Read,Medium,2024-07-03,,Open
EXC00005235,BILL00057601,ACCT004801,CUST004801,2024-01,Residential,MERCED,Inactive Account,High,2024-02-03,2024-02-05,Resolved
EXC00005236,BILL00057602,ACCT004801,CUST004801,2024-02,Residential,MERCED,Inactive Account,High,2024-03-03,,In Review
EXC00005237,BILL00057603,ACCT004801,CUST004801,2024-03,Residential,MERCED,Inactive Account,High,2024-04-03,2024-04-11,Resolved
EXC00005238,BILL00057604,ACCT004801,CUST004801,2024-04,Residential,MERCED,Inactive Account,High,2024-05-03,2024-05-14,Resolved
EXC00005239,BILL00057605,ACCT004801,CUST004801,2024-05,Residential,MERCED,Inactive Account,High,2024-06-03,,Open
EXC00005240,BILL00057606,ACCT004801,CUST004801,2024-06,Residential,MERCED,Inactive Account,High,2024-07-03,,In Review
EXC00005241,BILL00057607,ACCT004801,CUST004801,2024-07,Residential,MERCED,Inactive Account,High,2024-08-03,2024-08-13,Resolved
EXC00005242,BILL00057608,ACCT004801,CUST004801,2024-08,Residential,MERCED,Inactive Account,High,2024-09-03,,Open
EXC00005243,BILL00057609,ACCT004801,CUST004801,2024-09,Residential,MERCED,Inactive Account,High,2024-10-03,2024-10-09,Resolved
EXC00005244,BILL00057610,ACCT004801,CUST004801,2024-10,Residential,MERCED,Inactive Account,High,2024-11-03,,Open
EXC00005245,BILL00057611,ACCT004801,CUST004801,2024-11,Residential,MERCED,Inactive Account,High,2024-12-03,,In Review
EXC00005246,BILL00057612,ACCT004801,CUST004801,2024-12,Residential,MERCED,Inactive Account,High,2025-01-03,2025-01-04,Resolved
EXC00005247,BILL00057625,ACCT004803,CUST004803,2024-01,Commercial,SANTA CLARA,Inactive Account,High,2024-02-03,2024-02-07,Resolved
EXC00005248,BILL00057626,ACCT004803,CUST004803,2024-02,Commercial,SANTA CLARA,Inactive Account,High,2024-03-03,2024-03-12,Resolved
EXC00005249,BILL00057627,ACCT004803,CUST004803,2024-03,Commercial,SANTA CLARA,Inactive Account,High,2024-04-03,,Open
EXC00005250,BILL00057628,ACCT004803,CUST004803,2024-04,Commercial,SANTA CLARA,Inactive Account,High,2024-05-03,,Open
EXC00005251,BILL00057629,ACCT004803,CUST004803,2024-05,Commercial,SANTA CLARA,Inactive Account,High,2024-06-03,,In Review
EXC00005252,BILL00057630,ACCT004803,CUST004803,2024-06,Commercial,SANTA CLARA,Inactive Account,High,2024-07-03,2024-07-14,Resolved
EXC00005253,BILL00057631,ACCT004803,CUST004803,2024-07,Commercial,SANTA CLARA,Inactive Account,High,2024-08-03,,In Review
EXC00005254,BILL00057632,ACCT004803,CUST004803,2024-08,Commercial,SANTA CLARA,Inactive Account,High,2024-09-03,,In Review
EXC00005255,BILL00057633,ACCT004803,CUST004803,2024-09,Commercial,SANTA CLARA,Inactive Account,High,2024-10-03,2024-10-05,Resolved
EXC00005256,BILL00057634,ACCT004803,CUST004803,2024-10,Commercial,SANTA CLARA,Inactive Account,High,2024-11-03,,Open
EXC00005257,BILL00057635,ACCT004803,CUST004803,2024-11,Commercial,SANTA CLARA,Inactive Account,High,2024-12-03,2024-12-07,Resolved
EXC00005258,BILL00057636,ACCT004803,CUST004803,2024-12,Commercial,SANTA CLARA,Inactive Account,High,2025-01-03,,In Review
EXC00005259,BILL00057699,ACCT004809,CUST004809,2024-03,Residential,SHASTA,Missing Meter Read,Medium,2024-04-03,2024-04-16,Resolved
EXC00005260,BILL00057709,ACCT004810,CUST004810,2024-01,Commercial,PLACER,Inactive Account,High,2024-02-03,,In Review
EXC00005261,BILL00057710,ACCT004810,CUST004810,2024-02,Commercial,PLACER,Inactive Account,High,2024-03-03,2024-03-16,Resolved
EXC00005262,BILL00057711,ACCT004810,CUST004810,2024-03,Commercial,PLACER,Inactive Account,High,2024-04-03,2024-04-14,Resolved
EXC00005263,BILL00057712,ACCT004810,CUST004810,2024-04,Commercial,PLACER,Inactive Account,High,2024-05-03,,Open
EXC00005264,BILL00057713,ACCT004810,CUST004810,2024-05,Commercial,PLACER,Inactive Account,High,2024-06-03,2024-06-13,Resolved
EXC00005265,BILL00057714,ACCT004810,CUST004810,2024-06,Commercial,PLACER,Inactive Account,High,2024-07-03,2024-07-04,Resolved
EXC00005266,BILL00057715,ACCT004810,CUST004810,2024-07,Commercial,PLACER,Inactive Account,High,2024-08-03,2024-08-07,Resolved
EXC00005267,BILL00057716,ACCT004810,CUST004810,2024-08,Commercial,PLACER,Inactive Account,High,2024-09-03,2024-09-14,Resolved
EXC00005268,BILL00057717,ACCT004810,CUST004810,2024-09,Commercial,PLACER,Inactive Account,High,2024-10-03,,Open
EXC00005269,BILL00057718,ACCT004810,CUST004810,2024-10,Commercial,PLACER,Inactive Account,High,2024-11-03,2024-11-06,Resolved
EXC00005270,BILL00057719,ACCT004810,CUST004810,2024-11,Commercial,PLACER,Inactive Account,High,2024-12-03,,Open
EXC00005271,BILL00057720,ACCT004810,CUST004810,2024-12,Commercial,PLACER,Inactive Account,High,2025-01-03,2025-01-12,Resolved
EXC00005272,BILL00057742,ACCT004812,CUST004812,2024-10,Commercial,SAN JOAQUIN,Missing Meter Read,Medium,2024-11-03,,Open
EXC00005273,BILL00057770,ACCT004815,CUST004815,2024-02,Residential,LAKE,Missing Meter Read,Medium,2024-03-03,2024-03-06,Resolved
EXC00005274,BILL00057810,ACCT004818,CUST004818,2024-06,Commercial,KERN,Missing Meter Read,Medium,2024-07-03,2024-07-10,Resolved
EXC00005275,BILL00057814,ACCT004818,CUST004818,2024-10,Commercial,KERN,Invalid Meter Read,High,2024-11-03,,Open
EXC00005276,BILL00057839,ACCT004820,CUST004820,2024-11,Residential,SAN MATEO,Missing Meter Read,Medium,2024-12-03,2024-12-08,Resolved
EXC00005277,BILL00057843,ACCT004821,CUST004821,2024-03,Residential,SANTA BARBARA,Missing Meter Read,Medium,2024-04-03,2024-04-11,Resolved
EXC00005278,BILL00057895,ACCT004825,CUST004825,2024-07,Residential,KERN,Invalid Meter Read,High,2024-08-03,2024-08-09,Resolved
EXC00005279,BILL00057933,ACCT004828,CUST004828,2024-09,Residential,PLACER,Missing Meter Read,Medium,2024-10-03,2024-10-04,Resolved
EXC00005280,BILL00057952,ACCT004830,CUST004830,2024-04,Residential,FRESNO,Missing Meter Read,Medium,2024-05-03,2024-05-12,Resolved
EXC00005281,BILL00058065,ACCT004839,CUST004839,2024-09,Residential,SOLANO,Missing Meter Read,Medium,2024-10-03,,In Review
EXC00005282,BILL00058090,ACCT004841,CUST004841,2024-10,Agriculture And Water Pumping,BUTTE,Missing Meter Read,Medium,2024-11-03,2024-11-12,Resolved
EXC00005283,BILL00058111,ACCT004843,CUST004843,2024-07,Residential,ALAMEDA,Missing Meter Read,Medium,2024-08-03,,Open
EXC00005284,BILL00058116,ACCT004843,CUST004843,2024-12,Residential,ALAMEDA,Missing Meter Read,Medium,2025-01-03,,Open
EXC00005285,BILL00058163,ACCT004847,CUST004847,2024-11,Industrial,SAN JOAQUIN,Missing Meter Read,Medium,2024-12-03,,Open
EXC00005286,BILL00058165,ACCT004848,CUST004848,2024-01,Residential,SAN MATEO,Inactive Account,High,2024-02-03,,Open
EXC00005287,BILL00058166,ACCT004848,CUST004848,2024-02,Residential,SAN MATEO,Inactive Account,High,2024-03-03,,In Review
EXC00005288,BILL00058167,ACCT004848,CUST004848,2024-03,Residential,SAN MATEO,Inactive Account,High,2024-04-03,2024-04-09,Resolved
EXC00005289,BILL00058168,ACCT004848,CUST004848,2024-04,Residential,SAN MATEO,Inactive Account,High,2024-05-03,,Open
EXC00005290,BILL00058169,ACCT004848,CUST004848,2024-05,Residential,SAN MATEO,Inactive Account,High,2024-06-03,,Open
EXC00005291,BILL00058170,ACCT004848,CUST004848,2024-06,Residential,SAN MATEO,Inactive Account,High,2024-07-03,2024-07-10,Resolved
EXC00005292,BILL00058171,ACCT004848,CUST004848,2024-07,Residential,SAN MATEO,Inactive Account,High,2024-08-03,,Open
EXC00005293,BILL00058172,ACCT004848,CUST004848,2024-08,Residential,SAN MATEO,Inactive Account,High,2024-09-03,2024-09-10,Resolved
EXC00005294,BILL00058173,ACCT004848,CUST004848,2024-09,Residential,SAN MATEO,Inactive Account,High,2024-10-03,,Open
EXC00005295,BILL00058174,ACCT004848,CUST004848,2024-10,Residential,SAN MATEO,Inactive Account,High,2024-11-03,2024-11-13,Resolved
EXC00005296,BILL00058175,ACCT004848,CUST004848,2024-11,Residential,SAN MATEO,Inactive Account,High,2024-12-03,,In Review
EXC00005297,BILL00058176,ACCT004848,CUST004848,2024-12,Residential,SAN MATEO,Inactive Account,High,2025-01-03,,In Review
EXC00005298,BILL00058196,ACCT004850,CUST004850,2024-08,Residential,KERN,Invalid Meter Read,High,2024-09-03,,Open
EXC00005299,BILL00058243,ACCT004854,CUST004854,2024-07,Residential,SAN FRANCISCO,Invalid Meter Read,High,2024-08-03,,Open
EXC00005300,BILL00058310,ACCT004860,CUST004860,2024-02,Commercial,SANTA CLARA,Invalid Meter Read,High,2024-03-03,2024-03-12,Resolved
EXC00005301,BILL00058411,ACCT004868,CUST004868,2024-07,Residential,SANTA CLARA,Missing Meter Read,Medium,2024-08-03,2024-08-11,Resolved
EXC00005302,BILL00058412,ACCT004868,CUST004868,2024-08,Residential,SANTA CLARA,Missing Meter Read,Medium,2024-09-03,2024-09-12,Resolved
EXC00005303,BILL00058438,ACCT004870,CUST004870,2024-10,Commercial,SANTA CLARA,Invalid Meter Read,High,2024-11-03,,In Review
EXC00005304,BILL00058466,ACCT004873,CUST004873,2024-02,Residential,ALAMEDA,Invalid Meter Read,High,2024-03-03,,Open
EXC00005305,BILL00058480,ACCT004874,CUST004874,2024-04,Residential,SANTA CLARA,Missing Meter Read,Medium,2024-05-03,2024-05-10,Resolved
EXC00005306,BILL00058630,ACCT004886,CUST004886,2024-10,Commercial,FRESNO,Invalid Meter Read,High,2024-11-03,2024-11-07,Resolved
EXC00005307,BILL00058657,ACCT004889,CUST004889,2024-01,Residential,SANTA CLARA,Inactive Account,High,2024-02-03,2024-02-14,Resolved
EXC00005308,BILL00058658,ACCT004889,CUST004889,2024-02,Residential,SANTA CLARA,Inactive Account,High,2024-03-03,,In Review
EXC00005309,BILL00058659,ACCT004889,CUST004889,2024-03,Residential,SANTA CLARA,Inactive Account,High,2024-04-03,2024-04-11,Resolved
EXC00005310,BILL00058660,ACCT004889,CUST004889,2024-04,Residential,SANTA CLARA,Inactive Account,High,2024-05-03,,Open
EXC00005311,BILL00058661,ACCT004889,CUST004889,2024-05,Residential,SANTA CLARA,Inactive Account,High,2024-06-03,,Open
EXC00005312,BILL00058662,ACCT004889,CUST004889,2024-06,Residential,SANTA CLARA,Inactive Account,High,2024-07-03,2024-07-15,Resolved
EXC00005313,BILL00058663,ACCT004889,CUST004889,2024-07,Residential,SANTA CLARA,Inactive Account,High,2024-08-03,2024-08-13,Resolved
EXC00005314,BILL00058664,ACCT004889,CUST004889,2024-08,Residential,SANTA CLARA,Inactive Account,High,2024-09-03,2024-09-11,Resolved
EXC00005315,BILL00058665,ACCT004889,CUST004889,2024-09,Residential,SANTA CLARA,Inactive Account,High,2024-10-03,,Open
EXC00005316,BILL00058666,ACCT004889,CUST004889,2024-10,Residential,SANTA CLARA,Inactive Account,High,2024-11-03,,In Review
EXC00005317,BILL00058667,ACCT004889,CUST004889,2024-11,Residential,SANTA CLARA,Inactive Account,High,2024-12-03,,Open
EXC00005318,BILL00058668,ACCT004889,CUST004889,2024-12,Residential,SANTA CLARA,Inactive Account,High,2025-01-03,2025-01-09,Resolved
EXC00005319,BILL00058680,ACCT004890,CUST004890,2024-12,Residential,ALAMEDA,Missing Meter Read,Medium,2025-01-03,2025-01-13,Resolved
EXC00005320,BILL00058695,ACCT004892,CUST004892,2024-03,Residential,SANTA CLARA,Missing Meter Read,Medium,2024-04-03,2024-04-12,Resolved
EXC00005321,BILL00058702,ACCT004892,CUST004892,2024-10,Residential,SANTA CLARA,Invalid Meter Read,High,2024-11-03,2024-11-15,Resolved
EXC00005322,BILL00058714,ACCT004893,CUST004893,2024-10,Residential,SAN JOAQUIN,Missing Meter Read,Medium,2024-11-03,2024-11-15,Resolved
EXC00005323,BILL00058794,ACCT004900,CUST004900,2024-06,Commercial,CONTRA COSTA,Missing Meter Read,Medium,2024-07-03,2024-07-15,Resolved
EXC00005324,BILL00058855,ACCT004905,CUST004905,2024-07,Industrial,YOLO,Invalid Meter Read,High,2024-08-03,,In Review
EXC00005325,BILL00058882,ACCT004907,CUST004907,2024-10,Agriculture And Water Pumping,SAN JOAQUIN,Invalid Meter Read,High,2024-11-03,2024-11-11,Resolved
EXC00005326,BILL00059074,ACCT004923,CUST004923,2024-10,Residential,SAN LUIS OBISPO,Missing Meter Read,Medium,2024-11-03,2024-11-13,Resolved
EXC00005327,BILL00059075,ACCT004923,CUST004923,2024-11,Residential,SAN LUIS OBISPO,Missing Meter Read,Medium,2024-12-03,2024-12-04,Resolved
EXC00005328,BILL00059077,ACCT004924,CUST004924,2024-01,Commercial,EL DORADO,Invalid Meter Read,High,2024-02-03,2024-02-14,Resolved
EXC00005329,BILL00059163,ACCT004931,CUST004931,2024-03,Residential,SAN JOAQUIN,Missing Meter Read,Medium,2024-04-03,2024-04-14,Resolved
EXC00005330,BILL00059180,ACCT004932,CUST004932,2024-08,Residential,SANTA CLARA,Missing Meter Read,Medium,2024-09-03,2024-09-04,Resolved
EXC00005331,BILL00059184,ACCT004932,CUST004932,2024-12,Residential,SANTA CLARA,Invalid Meter Read,High,2025-01-03,,Open
EXC00005332,BILL00059204,ACCT004934,CUST004934,2024-08,Residential,CONTRA COSTA,Missing Meter Read,Medium,2024-09-03,2024-09-14,Resolved
EXC00005333,BILL00059221,ACCT004936,CUST004936,2024-01,Residential,SANTA CLARA,Inactive Account,High,2024-02-03,2024-02-08,Resolved
EXC00005334,BILL00059222,ACCT004936,CUST004936,2024-02,Residential,SANTA CLARA,Inactive Account,High,2024-03-03,,Open
EXC00005335,BILL00059223,ACCT004936,CUST004936,2024-03,Residential,SANTA CLARA,Inactive Account,High,2024-04-03,2024-04-12,Resolved
EXC00005336,BILL00059224,ACCT004936,CUST004936,2024-04,Residential,SANTA CLARA,Inactive Account,High,2024-05-03,,In Review
EXC00005337,BILL00059225,ACCT004936,CUST004936,2024-05,Residential,SANTA CLARA,Inactive Account,High,2024-06-03,,Open
EXC00005338,BILL00059226,ACCT004936,CUST004936,2024-06,Residential,SANTA CLARA,Inactive Account,High,2024-07-03,2024-07-07,Resolved
EXC00005339,BILL00059227,ACCT004936,CUST004936,2024-07,Residential,SANTA CLARA,Inactive Account,High,2024-08-03,2024-08-05,Resolved
EXC00005340,BILL00059228,ACCT004936,CUST004936,2024-08,Residential,SANTA CLARA,Inactive Account,High,2024-09-03,2024-09-16,Resolved
EXC00005341,BILL00059229,ACCT004936,CUST004936,2024-09,Residential,SANTA CLARA,Inactive Account,High,2024-10-03,2024-10-06,Resolved
EXC00005342,BILL00059230,ACCT004936,CUST004936,2024-10,Residential,SANTA CLARA,Inactive Account,High,2024-11-03,,Open
EXC00005343,BILL00059231,ACCT004936,CUST004936,2024-11,Residential,SANTA CLARA,Inactive Account,High,2024-12-03,,In Review
EXC00005344,BILL00059232,ACCT004936,CUST004936,2024-12,Residential,SANTA CLARA,Inactive Account,High,2025-01-03,2025-01-17,Resolved
EXC00005345,BILL00059261,ACCT004939,CUST004939,2024-05,Residential,MONTEREY,Missing Meter Read,Medium,2024-06-03,,Open
EXC00005346,BILL00059262,ACCT004939,CUST004939,2024-06,Residential,MONTEREY,Invalid Meter Read,High,2024-07-03,,Open
EXC00005347,BILL00059265,ACCT004939,CUST004939,2024-09,Residential,MONTEREY,Missing Meter Read,Medium,2024-10-03,2024-10-17,Resolved
EXC00005348,BILL00059335,ACCT004945,CUST004945,2024-07,Residential,ALAMEDA,Missing Meter Read,Medium,2024-08-03,,Open
EXC00005349,BILL00059341,ACCT004946,CUST004946,2024-01,Industrial,ALAMEDA,Inactive Account,High,2024-02-03,2024-02-04,Resolved
EXC00005350,BILL00059342,ACCT004946,CUST004946,2024-02,Industrial,ALAMEDA,Inactive Account,High,2024-03-03,,In Review
EXC00005351,BILL00059343,ACCT004946,CUST004946,2024-03,Industrial,ALAMEDA,Inactive Account,High,2024-04-03,,In Review
EXC00005352,BILL00059344,ACCT004946,CUST004946,2024-04,Industrial,ALAMEDA,Inactive Account,High,2024-05-03,2024-05-15,Resolved
EXC00005353,BILL00059345,ACCT004946,CUST004946,2024-05,Industrial,ALAMEDA,Inactive Account,High,2024-06-03,2024-06-11,Resolved
EXC00005354,BILL00059346,ACCT004946,CUST004946,2024-06,Industrial,ALAMEDA,Inactive Account,High,2024-07-03,,Open
EXC00005355,BILL00059347,ACCT004946,CUST004946,2024-07,Industrial,ALAMEDA,Inactive Account,High,2024-08-03,2024-08-11,Resolved
EXC00005356,BILL00059348,ACCT004946,CUST004946,2024-08,Industrial,ALAMEDA,Inactive Account,High,2024-09-03,2024-09-13,Resolved
EXC00005357,BILL00059349,ACCT004946,CUST004946,2024-09,Industrial,ALAMEDA,Inactive Account,High,2024-10-03,,Open
EXC00005358,BILL00059350,ACCT004946,CUST004946,2024-10,Industrial,ALAMEDA,Inactive Account,High,2024-11-03,,In Review
EXC00005359,BILL00059351,ACCT004946,CUST004946,2024-11,Industrial,ALAMEDA,Inactive Account,High,2024-12-03,,Open
EXC00005360,BILL00059352,ACCT004946,CUST004946,2024-12,Industrial,ALAMEDA,Inactive Account,High,2025-01-03,,In Review
EXC00005361,BILL00059369,ACCT004948,CUST004948,2024-05,Residential,ALAMEDA,Missing Meter Read,Medium,2024-06-03,,Open
EXC00005362,BILL00059396,ACCT004950,CUST004950,2024-08,Commercial,KERN,Invalid Meter Read,High,2024-09-03,,Open
EXC00005363,BILL00059454,ACCT004955,CUST004955,2024-06,Residential,SANTA CLARA,Missing Meter Read,Medium,2024-07-03,,Open
EXC00005364,BILL00059481,ACCT004957,CUST004957,2024-09,Residential,SOLANO,Invalid Meter Read,High,2024-10-03,2024-10-11,Resolved
EXC00005365,BILL00059494,ACCT004958,CUST004958,2024-10,Residential,MADERA,Missing Meter Read,Medium,2024-11-03,2024-11-08,Resolved
EXC00005366,BILL00059524,ACCT004961,CUST004961,2024-04,Residential,NEVADA,Missing Meter Read,Medium,2024-05-03,2024-05-15,Resolved
EXC00005367,BILL00059545,ACCT004963,CUST004963,2024-01,Residential,KERN,Missing Meter Read,Medium,2024-02-03,2024-02-09,Resolved
EXC00005368,BILL00059577,ACCT004965,CUST004965,2024-09,Residential,KERN,Missing Meter Read,Medium,2024-10-03,,Open
EXC00005369,BILL00059598,ACCT004967,CUST004967,2024-06,Agriculture And Water Pumping,FRESNO,Missing Meter Read,Medium,2024-07-03,,Open
EXC00005370,BILL00059601,ACCT004967,CUST004967,2024-09,Agriculture And Water Pumping,FRESNO,Missing Meter Read,Medium,2024-10-03,2024-10-12,Resolved
EXC00005371,BILL00059603,ACCT004967,CUST004967,2024-11,Agriculture And Water Pumping,FRESNO,Invalid Meter Read,High,2024-12-03,2024-12-06,Resolved
EXC00005372,BILL00059620,ACCT004969,CUST004969,2024-04,Agriculture And Water Pumping,SOLANO,Missing Meter Read,Medium,2024-05-03,,In Review
EXC00005373,BILL00059629,ACCT004970,CUST004970,2024-01,Residential,SANTA CLARA,Invalid Meter Read,High,2024-02-03,,In Review
EXC00005374,BILL00059641,ACCT004971,CUST004971,2024-01,Residential,CONTRA COSTA,Inactive Account,High,2024-02-03,,Open
EXC00005375,BILL00059642,ACCT004971,CUST004971,2024-02,Residential,CONTRA COSTA,Inactive Account,High,2024-03-03,2024-03-06,Resolved
EXC00005376,BILL00059643,ACCT004971,CUST004971,2024-03,Residential,CONTRA COSTA,Inactive Account,High,2024-04-03,2024-04-04,Resolved
EXC00005377,BILL00059644,ACCT004971,CUST004971,2024-04,Residential,CONTRA COSTA,Inactive Account,High,2024-05-03,,Open
EXC00005378,BILL00059645,ACCT004971,CUST004971,2024-05,Residential,CONTRA COSTA,Inactive Account,High,2024-06-03,,In Review
EXC00005379,BILL00059646,ACCT004971,CUST004971,2024-06,Residential,CONTRA COSTA,Inactive Account,High,2024-07-03,,In Review
EXC00005380,BILL00059647,ACCT004971,CUST004971,2024-07,Residential,CONTRA COSTA,Inactive Account,High,2024-08-03,,Open
EXC00005381,BILL00059648,ACCT004971,CUST004971,2024-08,Residential,CONTRA COSTA,Inactive Account,High,2024-09-03,,In Review
EXC00005382,BILL00059649,ACCT004971,CUST004971,2024-09,Residential,CONTRA COSTA,Inactive Account,High,2024-10-03,2024-10-15,Resolved
EXC00005383,BILL00059650,ACCT004971,CUST004971,2024-10,Residential,CONTRA COSTA,Inactive Account,High,2024-11-03,2024-11-16,Resolved
EXC00005384,BILL00059651,ACCT004971,CUST004971,2024-11,Residential,CONTRA COSTA,Inactive Account,High,2024-12-03,2024-12-07,Resolved
EXC00005385,BILL00059652,ACCT004971,CUST004971,2024-12,Residential,CONTRA COSTA,Inactive Account,High,2025-01-03,2025-01-04,Resolved
EXC00005386,BILL00059663,ACCT004972,CUST004972,2024-11,Commercial,HUMBOLDT,Invalid Meter Read,High,2024-12-03,,In Review
EXC00005387,BILL00059695,ACCT004975,CUST004975,2024-07,Residential,KERN,Missing Meter Read,Medium,2024-08-03,2024-08-07,Resolved
EXC00005388,BILL00059699,ACCT004975,CUST004975,2024-11,Residential,KERN,Missing Meter Read,Medium,2024-12-03,2024-12-13,Resolved
EXC00005389,BILL00059785,ACCT004983,CUST004983,2024-01,Residential,ALAMEDA,Inactive Account,High,2024-02-03,,Open
EXC00005390,BILL00059786,ACCT004983,CUST004983,2024-02,Residential,ALAMEDA,Inactive Account,High,2024-03-03,2024-03-14,Resolved
EXC00005391,BILL00059787,ACCT004983,CUST004983,2024-03,Residential,ALAMEDA,Inactive Account,High,2024-04-03,2024-04-04,Resolved
EXC00005392,BILL00059788,ACCT004983,CUST004983,2024-04,Residential,ALAMEDA,Inactive Account,High,2024-05-03,,In Review
EXC00005393,BILL00059789,ACCT004983,CUST004983,2024-05,Residential,ALAMEDA,Inactive Account,High,2024-06-03,2024-06-15,Resolved
EXC00005394,BILL00059790,ACCT004983,CUST004983,2024-06,Residential,ALAMEDA,Inactive Account,High,2024-07-03,,Open
EXC00005395,BILL00059791,ACCT004983,CUST004983,2024-07,Residential,ALAMEDA,Inactive Account,High,2024-08-03,,Open
EXC00005396,BILL00059792,ACCT004983,CUST004983,2024-08,Residential,ALAMEDA,Inactive Account,High,2024-09-03,,In Review
EXC00005397,BILL00059793,ACCT004983,CUST004983,2024-09,Residential,ALAMEDA,Inactive Account,High,2024-10-03,2024-10-06,Resolved
EXC00005398,BILL00059794,ACCT004983,CUST004983,2024-10,Residential,ALAMEDA,Inactive Account,High,2024-11-03,2024-11-16,Resolved
EXC00005399,BILL00059795,ACCT004983,CUST004983,2024-11,Residential,ALAMEDA,Inactive Account,High,2024-12-03,,Open
EXC00005400,BILL00059796,ACCT004983,CUST004983,2024-12,Residential,ALAMEDA,Inactive Account,High,2025-01-03,2025-01-11,Resolved
EXC00005401,BILL00059840,ACCT004987,CUST004987,2024-08,Residential,ALAMEDA,Missing Meter Read,Medium,2024-09-03,,Open
EXC00005402,BILL00059900,ACCT004992,CUST004992,2024-08,Residential,ALAMEDA,Missing Meter Read,Medium,2024-09-03,2024-09-08,Resolved
EXC00005403,BILL00059906,ACCT004993,CUST004993,2024-02,Residential,KERN,Missing Meter Read,Medium,2024-03-03,,In Review
