meter_id,account_id,meter_type,install_date,meter_status
MTR000001,ACCT000001,Smart Meter,2014-11-16,Active
MTR000002,ACCT000002,Smart Meter,2014-08-08,Active
MTR000003,ACCT000003,Smart Meter,2015-11-30,Active
MTR000004,ACCT000004,Smart Meter,2017-12-08,Active
MTR000005,ACCT000005,Smart Meter,2014-02-01,Active
MTR000006,ACCT000006,Smart Meter,2015-12-16,Active
MTR000007,ACCT000007,Smart Meter,2024-07-26,Active
MTR000008,ACCT000008,Smart Meter,2021-09-02,Active
MTR000009,ACCT000009,Smart Meter,2016-11-05,Active
MTR000010,ACCT000010,Smart Meter,2015-02-13,Active
MTR000011,ACCT000011,Smart Meter,2021-11-15,Active
MTR000012,ACCT000012,Smart Meter,2020-01-30,Active
MTR000013,ACCT000013,Smart Meter,2024-03-09,Active
MTR000014,ACCT000014,Smart Meter,2022-11-25,Active
MTR000015,ACCT000015,Smart Meter,2024-10-17,Active
MTR000016,ACCT000016,Legacy Meter,2023-12-24,Active
MTR000017,ACCT000017,Smart Meter,2023-10-09,Active
MTR000018,ACCT000018,Smart Meter,2016-07-24,Active
MTR000019,ACCT000019,Smart Meter,2017-02-01,Active
MTR000020,ACCT000020,Smart Meter,2017-09-02,Active
MTR000021,ACCT000021,Smart Meter,2015-12-08,Active
MTR000022,ACCT000022,Smart Meter,2024-07-06,Active
MTR000023,ACCT000023,Smart Meter,2022-04-12,Active
MTR000024,ACCT000024,Smart Meter,2024-01-08,Active
MTR000025,ACCT000025,Smart Meter,2016-02-22,Active
MTR000026,ACCT000026,Smart Meter,2017-04-19,Active
MTR000027,ACCT000027,Smart Meter,2019-12-20,Active
MTR000028,ACCT000028,Smart Meter,2021-06-03,Active
MTR000029,ACCT000029,Smart Meter,2017-03-24,Active
MTR000030,ACCT000030,Smart Meter,2020-08-03,Active
MTR000031,ACCT000031,Legacy Meter,2017-06-12,Active
MTR000032,ACCT000032,Smart Meter,2021-09-08,Inactive
MTR000033,ACCT000033,Smart Meter,2014-06-14,Active
MTR000034,ACCT000034,Smart Meter,2021-07-27,Active
MTR000035,ACCT000035,Smart Meter,2020-10-10,Active
MTR000036,ACCT000036,Smart Meter,2021-06-17,Active
MTR000037,ACCT000037,Smart Meter,2020-12-10,Active
MTR000038,ACCT000038,Smart Meter,2014-08-01,Active
MTR000039,ACCT000039,Smart Meter,2019-05-03,Active
MTR000040,ACCT000040,Smart Meter,2016-02-05,Active
MTR000041,ACCT000041,Smart Meter,2020-01-14,Active
MTR000042,ACCT000042,Smart Meter,2024-04-18,Active
MTR000043,ACCT000043,Smart Meter,2022-08-13,Active
MTR000044,ACCT000044,Smart Meter,2020-10-18,Active
MTR000045,ACCT000045,Smart Meter,2017-04-16,Active
MTR000046,ACCT000046,Legacy Meter,2018-12-25,Active
MTR000047,ACCT000047,Smart Meter,2021-11-29,Active
MTR000048,ACCT000048,Smart Meter,2015-10-07,Active
MTR000049,ACCT000049,Smart Meter,2018-07-19,Active
MTR000050,ACCT000050,Smart Meter,2020-06-17,Removed
MTR000051,ACCT000051,Smart Meter,2019-01-30,Active
MTR000052,ACCT000052,Smart Meter,2014-05-07,Active
MTR000053,ACCT000053,Smart Meter,2015-01-12,Active
MTR000054,ACCT000054,Smart Meter,2023-05-10,Active
MTR000055,ACCT000055,Smart Meter,2014-08-13,Active
MTR000056,ACCT000056,Smart Meter,2022-06-16,Active
MTR000057,ACCT000057,Legacy Meter,2015-05-12,Active
MTR000058,ACCT000058,Smart Meter,2019-07-10,Active
MTR000059,ACCT000059,Smart Meter,2015-04-18,Active
MTR000060,ACCT000060,Smart Meter,2019-03-04,Active
MTR000061,ACCT000061,Smart Meter,2023-04-06,Active
MTR000062,ACCT000062,Smart Meter,2024-06-26,Active
MTR000063,ACCT000063,Legacy Meter,2017-03-06,Active
MTR000064,ACCT000064,Smart Meter,2020-11-27,Active
MTR000065,ACCT000065,Smart Meter,2014-08-05,Active
MTR000066,ACCT000066,Legacy Meter,2014-07-15,Active
MTR000067,ACCT000067,Smart Meter,2020-02-27,Active
MTR000068,ACCT000068,Smart Meter,2015-01-01,Active
MTR000069,ACCT000069,Smart Meter,2021-07-29,Active
MTR000070,ACCT000070,Smart Meter,2018-04-01,Active
MTR000071,ACCT000071,Smart Meter,2020-09-13,Active
MTR000072,ACCT000072,Smart Meter,2018-03-29,Active
MTR000073,ACCT000073,Smart Meter,2021-03-22,Active
MTR000074,ACCT000074,Smart Meter,2014-08-02,Active
MTR000075,ACCT000075,Smart Meter,2020-07-16,Inactive
MTR000076,ACCT000076,Smart Meter,2023-04-24,Active
MTR000077,ACCT000077,Smart Meter,2022-03-26,Active
MTR000078,ACCT000078,Smart Meter,2014-04-29,Active
MTR000079,ACCT000079,Smart Meter,2023-07-29,Active
MTR000080,ACCT000080,Smart Meter,2018-09-13,Removed
MTR000081,ACCT000081,Smart Meter,2021-11-23,Active
MTR000082,ACCT000082,Smart Meter,2016-04-21,Active
MTR000083,ACCT000083,Smart Meter,2021-12-24,Active
MTR000084,ACCT000084,Smart Meter,2023-06-07,Active
MTR000085,ACCT000085,Smart Meter,2018-07-31,Active
MTR000086,ACCT000086,Legacy Meter,2017-04-17,Active
MTR000087,ACCT000087,Smart Meter,2017-12-26,Active
MTR000088,ACCT000088,Smart Meter,2018-10-10,Active
MTR000089,ACCT000089,Smart Meter,2016-08-02,Active
MTR000090,ACCT000090,Smart Meter,2020-09-15,Active
MTR000091,ACCT000091,Smart Meter,2023-06-28,Active
MTR000092,ACCT000092,Smart Meter,2022-01-09,Active
MTR000093,ACCT000093,Smart Meter,2015-07-20,Active
MTR000094,ACCT000094,Smart Meter,2022-08-17,Active
MTR000095,ACCT000095,Smart Meter,2024-07-21,Active
MTR000096,ACCT000096,Smart Meter,2024-11-22,Active
MTR000097,ACCT000097,Legacy Meter,2020-10-07,Active
MTR000098,ACCT000098,Smart Meter,2014-04-28,Active
MTR000099,ACCT000099,Legacy Meter,2015-01-03,Active
MTR000100,ACCT000100,Smart Meter,2017-02-03,Active
MTR000101,ACCT000101,Smart Meter,2022-09-12,Inactive
MTR000102,ACCT000102,Smart Meter,2023-03-29,Active
MTR000103,ACCT000103,Smart Meter,2021-05-01,Inactive
MTR000104,ACCT000104,Smart Meter,2019-04-02,Active
MTR000105,ACCT000105,Smart Meter,2024-06-09,Active
MTR000106,ACCT000106,Smart Meter,2020-01-05,Active
MTR000107,ACCT000107,Smart Meter,2019-03-05,Active
MTR000108,ACCT000108,Smart Meter,2020-01-07,Active
MTR000109,ACCT000109,Smart Meter,2016-03-26,Active
MTR000110,ACCT000110,Smart Meter,2020-04-22,Active
MTR000111,ACCT000111,Legacy Meter,2019-10-31,Active
MTR000112,ACCT000112,Smart Meter,2019-08-26,Active
MTR000113,ACCT000113,Smart Meter,2016-06-19,Active
MTR000114,ACCT000114,Legacy Meter,2014-07-12,Active
MTR000115,ACCT000115,Smart Meter,2021-08-02,Active
MTR000116,ACCT000116,Smart Meter,2017-01-02,Active
MTR000117,ACCT000117,Smart Meter,2023-03-03,Active
MTR000118,ACCT000118,Smart Meter,2016-12-20,Active
MTR000119,ACCT000119,Smart Meter,2022-04-09,Active
MTR000120,ACCT000120,Smart Meter,2016-08-08,Active
MTR000121,ACCT000121,Smart Meter,2021-01-27,Active
MTR000122,ACCT000122,Smart Meter,2023-11-16,Active
MTR000123,ACCT000123,Smart Meter,2020-07-18,Active
MTR000124,ACCT000124,Smart Meter,2020-09-08,Active
MTR000125,ACCT000125,Smart Meter,2016-07-31,Active
MTR000126,ACCT000126,Smart Meter,2014-09-15,Active
MTR000127,ACCT000127,Smart Meter,2017-05-06,Active
MTR000128,ACCT000128,Smart Meter,2019-10-02,Active
MTR000129,ACCT000129,Smart Meter,2015-10-13,Active
MTR000130,ACCT000130,Smart Meter,2020-05-07,Active
MTR000131,ACCT000131,Smart Meter,2020-02-27,Inactive
MTR000132,ACCT000132,Smart Meter,2015-01-31,Active
MTR000133,ACCT000133,Smart Meter,2020-08-22,Active
MTR000134,ACCT000134,Smart Meter,2019-03-30,Active
MTR000135,ACCT000135,Smart Meter,2021-06-16,Active
MTR000136,ACCT000136,Smart Meter,2024-01-24,Active
MTR000137,ACCT000137,Smart Meter,2021-01-26,Active
MTR000138,ACCT000138,Smart Meter,2016-07-11,Active
MTR000139,ACCT000139,Smart Meter,2022-08-26,Active
MTR000140,ACCT000140,Smart Meter,2015-02-02,Active
MTR000141,ACCT000141,Smart Meter,2017-04-20,Active
MTR000142,ACCT000142,Smart Meter,2021-12-24,Active
MTR000143,ACCT000143,Smart Meter,2017-07-30,Active
MTR000144,ACCT000144,Smart Meter,2023-11-14,Active
MTR000145,ACCT000145,Smart Meter,2015-07-15,Active
MTR000146,ACCT000146,Smart Meter,2014-07-09,Active
MTR000147,ACCT000147,Smart Meter,2014-07-24,Active
MTR000148,ACCT000148,Smart Meter,2022-04-04,Active
MTR000149,ACCT000149,Smart Meter,2014-02-13,Active
MTR000150,ACCT000150,Smart Meter,2016-09-30,Active
MTR000151,ACCT000151,Legacy Meter,2023-03-26,Active
MTR000152,ACCT000152,Smart Meter,2022-05-25,Active
MTR000153,ACCT000153,Legacy Meter,2021-05-11,Active
MTR000154,ACCT000154,Smart Meter,2022-04-30,Active
MTR000155,ACCT000155,Smart Meter,2021-07-11,Active
MTR000156,ACCT000156,Smart Meter,2018-09-02,Active
MTR000157,ACCT000157,Smart Meter,2017-07-26,Active
MTR000158,ACCT000158,Smart Meter,2015-12-14,Active
MTR000159,ACCT000159,Smart Meter,2023-06-19,Active
MTR000160,ACCT000160,Legacy Meter,2021-05-08,Active
MTR000161,ACCT000161,Smart Meter,2021-10-22,Active
MTR000162,ACCT000162,Smart Meter,2014-11-07,Active
MTR000163,ACCT000163,Smart Meter,2016-05-27,Active
MTR000164,ACCT000164,Smart Meter,2023-11-09,Active
MTR000165,ACCT000165,Smart Meter,2016-05-06,Active
MTR000166,ACCT000166,Smart Meter,2020-05-10,Active
MTR000167,ACCT000167,Smart Meter,2023-09-24,Active
MTR000168,ACCT000168,Smart Meter,2024-08-13,Active
MTR000169,ACCT000169,Smart Meter,2023-08-24,Active
MTR000170,ACCT000170,Smart Meter,2018-04-05,Active
MTR000171,ACCT000171,Legacy Meter,2015-06-15,Active
MTR000172,ACCT000172,Smart Meter,2023-11-06,Active
MTR000173,ACCT000173,Smart Meter,2014-01-17,Active
MTR000174,ACCT000174,Smart Meter,2021-07-28,Active
MTR000175,ACCT000175,Smart Meter,2022-06-29,Active
MTR000176,ACCT000176,Smart Meter,2015-04-15,Active
MTR000177,ACCT000177,Smart Meter,2016-03-21,Active
MTR000178,ACCT000178,Smart Meter,2017-08-20,Active
MTR000179,ACCT000179,Smart Meter,2015-07-09,Active
MTR000180,ACCT000180,Smart Meter,2019-11-11,Active
MTR000181,ACCT000181,Smart Meter,2016-05-31,Active
MTR000182,ACCT000182,Smart Meter,2021-03-10,Active
MTR000183,ACCT000183,Smart Meter,2021-05-02,Active
MTR000184,ACCT000184,Smart Meter,2016-03-31,Active
MTR000185,ACCT000185,Smart Meter,2015-08-07,Active
MTR000186,ACCT000186,Smart Meter,2016-04-25,Active
MTR000187,ACCT000187,Smart Meter,2022-11-08,Active
MTR000188,ACCT000188,Smart Meter,2019-06-20,Active
MTR000189,ACCT000189,Smart Meter,2016-04-21,Active
MTR000190,ACCT000190,Smart Meter,2020-07-03,Active
MTR000191,ACCT000191,Smart Meter,2018-12-10,Active
MTR000192,ACCT000192,Smart Meter,2015-12-31,Active
MTR000193,ACCT000193,Smart Meter,2014-09-11,Active
MTR000194,ACCT000194,Smart Meter,2018-01-03,Active
MTR000195,ACCT000195,Smart Meter,2021-03-03,Active
MTR000196,ACCT000196,Smart Meter,2021-02-04,Active
MTR000197,ACCT000197,Smart Meter,2016-04-30,Active
MTR000198,ACCT000198,Smart Meter,2019-12-08,Active
MTR000199,ACCT000199,Legacy Meter,2022-04-11,Active
MTR000200,ACCT000200,Smart Meter,2016-04-01,Active
MTR000201,ACCT000201,Smart Meter,2021-01-05,Active
MTR000202,ACCT000202,Smart Meter,2024-02-19,Active
MTR000203,ACCT000203,Smart Meter,2018-04-22,Active
MTR000204,ACCT000204,Smart Meter,2016-09-05,Active
MTR000205,ACCT000205,Smart Meter,2019-11-15,Active
MTR000206,ACCT000206,Smart Meter,2016-05-20,Active
MTR000207,ACCT000207,Legacy Meter,2017-10-25,Active
MTR000208,ACCT000208,Smart Meter,2023-07-21,Active
MTR000209,ACCT000209,Legacy Meter,2014-09-14,Active
MTR000210,ACCT000210,Smart Meter,2014-05-08,Active
MTR000211,ACCT000211,Smart Meter,2017-10-14,Removed
MTR000212,ACCT000212,Smart Meter,2017-03-25,Active
MTR000213,ACCT000213,Smart Meter,2024-03-17,Active
MTR000214,ACCT000214,Smart Meter,2019-10-06,Active
MTR000215,ACCT000215,Smart Meter,2021-03-14,Active
MTR000216,ACCT000216,Smart Meter,2019-05-26,Active
MTR000217,ACCT000217,Smart Meter,2015-07-10,Active
MTR000218,ACCT000218,Smart Meter,2021-08-03,Active
MTR000219,ACCT000219,Smart Meter,2024-04-16,Active
MTR000220,ACCT000220,Legacy Meter,2021-05-24,Active
MTR000221,ACCT000221,Smart Meter,2022-08-14,Active
MTR000222,ACCT000222,Smart Meter,2020-01-15,Active
MTR000223,ACCT000223,Smart Meter,2014-03-26,Removed
MTR000224,ACCT000224,Smart Meter,2014-11-18,Active
MTR000225,ACCT000225,Smart Meter,2020-06-14,Active
MTR000226,ACCT000226,Smart Meter,2018-04-03,Active
MTR000227,ACCT000227,Legacy Meter,2014-10-11,Active
MTR000228,ACCT000228,Smart Meter,2024-11-15,Active
MTR000229,ACCT000229,Legacy Meter,2022-07-11,Active
MTR000230,ACCT000230,Smart Meter,2022-05-09,Active
MTR000231,ACCT000231,Smart Meter,2019-04-02,Active
MTR000232,ACCT000232,Smart Meter,2024-10-31,Active
MTR000233,ACCT000233,Smart Meter,2019-12-22,Active
MTR000234,ACCT000234,Smart Meter,2015-09-06,Active
MTR000235,ACCT000235,Smart Meter,2021-05-20,Active
MTR000236,ACCT000236,Smart Meter,2017-11-28,Active
MTR000237,ACCT000237,Smart Meter,2018-02-25,Active
MTR000238,ACCT000238,Smart Meter,2023-01-07,Active
MTR000239,ACCT000239,Smart Meter,2014-08-17,Active
MTR000240,ACCT000240,Smart Meter,2019-01-04,Active
MTR000241,ACCT000241,Smart Meter,2023-08-25,Active
MTR000242,ACCT000242,Smart Meter,2022-05-04,Active
MTR000243,ACCT000243,Smart Meter,2017-08-22,Active
MTR000244,ACCT000244,Smart Meter,2024-09-04,Active
MTR000245,ACCT000245,Smart Meter,2019-04-17,Active
MTR000246,ACCT000246,Legacy Meter,2014-04-29,Inactive
MTR000247,ACCT000247,Legacy Meter,2024-01-31,Active
MTR000248,ACCT000248,Smart Meter,2024-10-08,Active
MTR000249,ACCT000249,Smart Meter,2022-03-05,Inactive
MTR000250,ACCT000250,Smart Meter,2020-06-29,Active
MTR000251,ACCT000251,Legacy Meter,2016-07-09,Active
MTR000252,ACCT000252,Smart Meter,2020-01-16,Active
MTR000253,ACCT000253,Smart Meter,2020-04-05,Active
MTR000254,ACCT000254,Smart Meter,2020-09-09,Active
MTR000255,ACCT000255,Smart Meter,2014-11-16,Active
MTR000256,ACCT000256,Smart Meter,2024-09-23,Active
MTR000257,ACCT000257,Smart Meter,2022-12-05,Active
MTR000258,ACCT000258,Smart Meter,2020-06-14,Active
MTR000259,ACCT000259,Smart Meter,2020-04-15,Active
MTR000260,ACCT000260,Smart Meter,2021-01-29,Active
MTR000261,ACCT000261,Smart Meter,2015-12-02,Active
MTR000262,ACCT000262,Smart Meter,2023-10-18,Active
MTR000263,ACCT000263,Smart Meter,2020-09-07,Active
MTR000264,ACCT000264,Smart Meter,2021-05-23,Removed
MTR000265,ACCT000265,Smart Meter,2016-10-14,Active
MTR000266,ACCT000266,Smart Meter,2015-02-10,Active
MTR000267,ACCT000267,Legacy Meter,2022-05-06,Active
MTR000268,ACCT000268,Smart Meter,2017-04-19,Active
MTR000269,ACCT000269,Smart Meter,2019-08-31,Active
MTR000270,ACCT000270,Smart Meter,2018-08-26,Active
MTR000271,ACCT000271,Smart Meter,2018-05-26,Active
MTR000272,ACCT000272,Smart Meter,2024-01-14,Active
MTR000273,ACCT000273,Legacy Meter,2014-06-04,Inactive
MTR000274,ACCT000274,Smart Meter,2019-01-26,Active
MTR000275,ACCT000275,Smart Meter,2016-05-16,Active
MTR000276,ACCT000276,Smart Meter,2015-07-13,Active
MTR000277,ACCT000277,Smart Meter,2014-07-13,Active
MTR000278,ACCT000278,Smart Meter,2023-01-09,Active
MTR000279,ACCT000279,Smart Meter,2020-09-12,Active
MTR000280,ACCT000280,Smart Meter,2024-06-17,Active
MTR000281,ACCT000281,Legacy Meter,2020-05-16,Active
MTR000282,ACCT000282,Smart Meter,2022-04-16,Active
MTR000283,ACCT000283,Smart Meter,2016-10-30,Active
MTR000284,ACCT000284,Smart Meter,2017-10-31,Active
MTR000285,ACCT000285,Smart Meter,2020-11-24,Active
MTR000286,ACCT000286,Legacy Meter,2020-01-09,Active
MTR000287,ACCT000287,Smart Meter,2024-10-02,Active
MTR000288,ACCT000288,Smart Meter,2024-02-05,Active
MTR000289,ACCT000289,Smart Meter,2022-10-01,Active
MTR000290,ACCT000290,Smart Meter,2024-04-26,Active
MTR000291,ACCT000291,Smart Meter,2019-07-25,Active
MTR000292,ACCT000292,Smart Meter,2016-03-12,Active
MTR000293,ACCT000293,Smart Meter,2015-07-07,Active
MTR000294,ACCT000294,Legacy Meter,2017-12-18,Active
MTR000295,ACCT000295,Smart Meter,2018-03-27,Active
MTR000296,ACCT000296,Smart Meter,2015-12-31,Inactive
MTR000297,ACCT000297,Legacy Meter,2021-01-04,Active
MTR000298,ACCT000298,Legacy Meter,2024-12-11,Active
MTR000299,ACCT000299,Smart Meter,2016-10-09,Active
MTR000300,ACCT000300,Smart Meter,2014-06-20,Active
MTR000301,ACCT000301,Smart Meter,2016-04-29,Active
MTR000302,ACCT000302,Smart Meter,2016-03-04,Active
MTR000303,ACCT000303,Smart Meter,2018-05-08,Active
MTR000304,ACCT000304,Smart Meter,2014-05-05,Inactive
MTR000305,ACCT000305,Smart Meter,2014-06-24,Active
MTR000306,ACCT000306,Smart Meter,2020-12-26,Active
MTR000307,ACCT000307,Smart Meter,2024-07-15,Active
MTR000308,ACCT000308,Smart Meter,2018-12-06,Active
MTR000309,ACCT000309,Smart Meter,2023-06-19,Active
MTR000310,ACCT000310,Smart Meter,2021-07-21,Active
MTR000311,ACCT000311,Smart Meter,2024-07-06,Inactive
MTR000312,ACCT000312,Smart Meter,2024-04-13,Active
MTR000313,ACCT000313,Smart Meter,2023-12-22,Inactive
MTR000314,ACCT000314,Smart Meter,2014-04-16,Active
MTR000315,ACCT000315,Smart Meter,2019-05-25,Active
MTR000316,ACCT000316,Smart Meter,2018-07-19,Active
MTR000317,ACCT000317,Smart Meter,2021-01-19,Active
MTR000318,ACCT000318,Smart Meter,2014-02-07,Active
MTR000319,ACCT000319,Smart Meter,2015-01-30,Active
MTR000320,ACCT000320,Smart Meter,2024-06-23,Active
MTR000321,ACCT000321,Smart Meter,2016-07-09,Active
MTR000322,ACCT000322,Smart Meter,2020-11-29,Active
MTR000323,ACCT000323,Smart Meter,2018-01-30,Removed
MTR000324,ACCT000324,Smart Meter,2015-12-23,Active
MTR000325,ACCT000325,Smart Meter,2023-10-17,Active
MTR000326,ACCT000326,Smart Meter,2019-07-24,Active
MTR000327,ACCT000327,Legacy Meter,2020-06-20,Active
MTR000328,ACCT000328,Smart Meter,2017-08-01,Active
MTR000329,ACCT000329,Smart Meter,2023-09-06,Active
MTR000330,ACCT000330,Smart Meter,2019-07-23,Active
MTR000331,ACCT000331,Smart Meter,2018-08-31,Active
MTR000332,ACCT000332,Smart Meter,2023-02-18,Active
MTR000333,ACCT000333,Smart Meter,2018-06-22,Active
MTR000334,ACCT000334,Smart Meter,2024-03-06,Active
MTR000335,ACCT000335,Smart Meter,2017-12-23,Active
MTR000336,ACCT000336,Smart Meter,2014-12-31,Active
MTR000337,ACCT000337,Smart Meter,2020-02-07,Active
MTR000338,ACCT000338,Smart Meter,2016-01-04,Active
MTR000339,ACCT000339,Smart Meter,2022-01-02,Active
MTR000340,ACCT000340,Smart Meter,2022-04-30,Active
MTR000341,ACCT000341,Legacy Meter,2021-06-01,Active
MTR000342,ACCT000342,Legacy Meter,2014-09-01,Active
MTR000343,ACCT000343,Smart Meter,2014-11-09,Active
MTR000344,ACCT000344,Smart Meter,2014-03-17,Active
MTR000345,ACCT000345,Smart Meter,2024-10-27,Active
MTR000346,ACCT000346,Smart Meter,2020-04-28,Active
MTR000347,ACCT000347,Smart Meter,2014-08-19,Active
MTR000348,ACCT000348,Smart Meter,2021-07-13,Active
MTR000349,ACCT000349,Smart Meter,2023-06-14,Active
MTR000350,ACCT000350,Smart Meter,2021-05-17,Active
MTR000351,ACCT000351,Smart Meter,2023-04-04,Active
MTR000352,ACCT000352,Smart Meter,2024-07-02,Active
MTR000353,ACCT000353,Smart Meter,2017-11-12,Active
MTR000354,ACCT000354,Smart Meter,2021-09-05,Active
MTR000355,ACCT000355,Smart Meter,2024-07-15,Active
MTR000356,ACCT000356,Smart Meter,2017-09-10,Active
MTR000357,ACCT000357,Smart Meter,2016-04-21,Active
MTR000358,ACCT000358,Legacy Meter,2022-01-05,Active
MTR000359,ACCT000359,Smart Meter,2018-01-19,Active
MTR000360,ACCT000360,Smart Meter,2023-10-24,Active
MTR000361,ACCT000361,Smart Meter,2023-05-08,Active
MTR000362,ACCT000362,Smart Meter,2015-05-31,Active
MTR000363,ACCT000363,Smart Meter,2020-10-25,Removed
MTR000364,ACCT000364,Smart Meter,2018-04-22,Active
MTR000365,ACCT000365,Smart Meter,2021-03-15,Active
MTR000366,ACCT000366,Smart Meter,2020-04-28,Active
MTR000367,ACCT000367,Smart Meter,2021-08-28,Active
MTR000368,ACCT000368,Smart Meter,2016-03-29,Active
MTR000369,ACCT000369,Legacy Meter,2022-05-08,Active
MTR000370,ACCT000370,Legacy Meter,2023-09-05,Active
MTR000371,ACCT000371,Smart Meter,2021-12-24,Active
MTR000372,ACCT000372,Smart Meter,2024-04-19,Active
MTR000373,ACCT000373,Smart Meter,2015-08-31,Active
MTR000374,ACCT000374,Smart Meter,2022-02-05,Active
MTR000375,ACCT000375,Smart Meter,2023-01-12,Inactive
MTR000376,ACCT000376,Smart Meter,2015-06-07,Active
MTR000377,ACCT000377,Smart Meter,2018-12-07,Active
MTR000378,ACCT000378,Smart Meter,2017-04-27,Active
MTR000379,ACCT000379,Smart Meter,2022-12-25,Active
MTR000380,ACCT000380,Smart Meter,2016-11-02,Active
MTR000381,ACCT000381,Smart Meter,2024-11-04,Active
MTR000382,ACCT000382,Smart Meter,2014-06-11,Active
MTR000383,ACCT000383,Smart Meter,2023-12-23,Active
MTR000384,ACCT000384,Smart Meter,2018-02-25,Active
MTR000385,ACCT000385,Smart Meter,2023-08-08,Active
MTR000386,ACCT000386,Smart Meter,2019-08-15,Active
MTR000387,ACCT000387,Legacy Meter,2019-07-25,Active
MTR000388,ACCT000388,Smart Meter,2014-07-21,Inactive
MTR000389,ACCT000389,Smart Meter,2020-09-29,Active
MTR000390,ACCT000390,Smart Meter,2016-11-01,Active
MTR000391,ACCT000391,Smart Meter,2016-08-05,Active
MTR000392,ACCT000392,Smart Meter,2017-11-21,Active
MTR000393,ACCT000393,Smart Meter,2017-09-26,Active
MTR000394,ACCT000394,Smart Meter,2016-01-22,Active
MTR000395,ACCT000395,Smart Meter,2016-08-07,Active
MTR000396,ACCT000396,Smart Meter,2020-08-17,Active
MTR000397,ACCT000397,Legacy Meter,2023-06-12,Active
MTR000398,ACCT000398,Smart Meter,2017-06-02,Active
MTR000399,ACCT000399,Smart Meter,2017-04-20,Active
MTR000400,ACCT000400,Smart Meter,2017-08-13,Active
MTR000401,ACCT000401,Smart Meter,2024-08-23,Active
MTR000402,ACCT000402,Legacy Meter,2017-08-23,Active
MTR000403,ACCT000403,Smart Meter,2015-03-07,Active
MTR000404,ACCT000404,Smart Meter,2021-06-30,Active
MTR000405,ACCT000405,Smart Meter,2019-12-06,Removed
MTR000406,ACCT000406,Smart Meter,2023-05-17,Active
MTR000407,ACCT000407,Smart Meter,2015-08-11,Active
MTR000408,ACCT000408,Smart Meter,2022-07-15,Active
MTR000409,ACCT000409,Smart Meter,2020-03-24,Active
MTR000410,ACCT000410,Smart Meter,2023-05-21,Active
MTR000411,ACCT000411,Smart Meter,2023-03-20,Active
MTR000412,ACCT000412,Smart Meter,2017-06-17,Active
MTR000413,ACCT000413,Smart Meter,2020-07-23,Active
MTR000414,ACCT000414,Smart Meter,2014-05-21,Active
MTR000415,ACCT000415,Smart Meter,2014-07-23,Active
MTR000416,ACCT000416,Smart Meter,2024-03-22,Active
MTR000417,ACCT000417,Smart Meter,2016-09-30,Active
MTR000418,ACCT000418,Smart Meter,2018-07-24,Active
MTR000419,ACCT000419,Smart Meter,2016-05-10,Active
MTR000420,ACCT000420,Smart Meter,2016-04-24,Active
MTR000421,ACCT000421,Smart Meter,2022-05-01,Active
MTR000422,ACCT000422,Smart Meter,2023-02-23,Active
MTR000423,ACCT000423,Smart Meter,2020-06-18,Active
MTR000424,ACCT000424,Smart Meter,2023-07-22,Active
MTR000425,ACCT000425,Smart Meter,2019-04-23,Active
MTR000426,ACCT000426,Smart Meter,2014-05-17,Active
MTR000427,ACCT000427,Smart Meter,2018-07-10,Active
MTR000428,ACCT000428,Smart Meter,2020-07-26,Active
MTR000429,ACCT000429,Smart Meter,2022-11-07,Active
MTR000430,ACCT000430,Smart Meter,2018-08-18,Active
MTR000431,ACCT000431,Smart Meter,2020-01-30,Active
MTR000432,ACCT000432,Smart Meter,2017-02-27,Active
MTR000433,ACCT000433,Smart Meter,2014-03-20,Active
MTR000434,ACCT000434,Smart Meter,2016-09-05,Active
MTR000435,ACCT000435,Legacy Meter,2015-07-23,Active
MTR000436,ACCT000436,Smart Meter,2021-12-20,Active
MTR000437,ACCT000437,Smart Meter,2019-10-06,Active
MTR000438,ACCT000438,Smart Meter,2023-07-04,Active
MTR000439,ACCT000439,Smart Meter,2020-08-07,Active
MTR000440,ACCT000440,Smart Meter,2023-04-30,Active
MTR000441,ACCT000441,Smart Meter,2014-05-14,Active
MTR000442,ACCT000442,Smart Meter,2019-08-24,Active
MTR000443,ACCT000443,Legacy Meter,2014-10-10,Active
MTR000444,ACCT000444,Smart Meter,2021-10-24,Inactive
MTR000445,ACCT000445,Smart Meter,2024-03-19,Active
MTR000446,ACCT000446,Smart Meter,2023-07-25,Active
MTR000447,ACCT000447,Legacy Meter,2014-05-07,Active
MTR000448,ACCT000448,Smart Meter,2019-07-20,Active
MTR000449,ACCT000449,Smart Meter,2018-12-01,Active
MTR000450,ACCT000450,Smart Meter,2019-01-24,Inactive
MTR000451,ACCT000451,Smart Meter,2014-08-06,Active
MTR000452,ACCT000452,Smart Meter,2024-11-20,Inactive
MTR000453,ACCT000453,Smart Meter,2016-01-15,Active
MTR000454,ACCT000454,Legacy Meter,2024-10-27,Active
MTR000455,ACCT000455,Smart Meter,2021-06-20,Active
MTR000456,ACCT000456,Smart Meter,2024-03-15,Active
MTR000457,ACCT000457,Smart Meter,2023-10-01,Active
MTR000458,ACCT000458,Smart Meter,2022-05-03,Active
MTR000459,ACCT000459,Smart Meter,2014-09-17,Active
MTR000460,ACCT000460,Smart Meter,2017-05-26,Active
MTR000461,ACCT000461,Smart Meter,2019-01-18,Active
MTR000462,ACCT000462,Smart Meter,2018-08-09,Active
MTR000463,ACCT000463,Smart Meter,2018-02-21,Inactive
MTR000464,ACCT000464,Legacy Meter,2018-01-06,Active
MTR000465,ACCT000465,Smart Meter,2014-04-09,Active
MTR000466,ACCT000466,Smart Meter,2014-07-01,Active
MTR000467,ACCT000467,Smart Meter,2020-01-26,Active
MTR000468,ACCT000468,Smart Meter,2020-03-30,Active
MTR000469,ACCT000469,Smart Meter,2016-08-13,Active
MTR000470,ACCT000470,Smart Meter,2017-01-21,Active
MTR000471,ACCT000471,Legacy Meter,2024-02-18,Active
MTR000472,ACCT000472,Smart Meter,2015-04-17,Active
MTR000473,ACCT000473,Smart Meter,2018-03-20,Active
MTR000474,ACCT000474,Smart Meter,2017-01-13,Active
MTR000475,ACCT000475,Smart Meter,2015-11-10,Active
MTR000476,ACCT000476,Smart Meter,2018-03-23,Active
MTR000477,ACCT000477,Smart Meter,2015-01-16,Active
MTR000478,ACCT000478,Smart Meter,2023-07-11,Active
MTR000479,ACCT000479,Smart Meter,2017-06-09,Active
MTR000480,ACCT000480,Smart Meter,2020-04-17,Active
MTR000481,ACCT000481,Smart Meter,2022-08-23,Active
MTR000482,ACCT000482,Smart Meter,2020-06-24,Active
MTR000483,ACCT000483,Legacy Meter,2020-02-19,Active
MTR000484,ACCT000484,Smart Meter,2018-07-17,Active
MTR000485,ACCT000485,Smart Meter,2022-03-04,Active
MTR000486,ACCT000486,Smart Meter,2021-04-02,Active
MTR000487,ACCT000487,Smart Meter,2021-04-08,Active
MTR000488,ACCT000488,Smart Meter,2024-11-02,Active
MTR000489,ACCT000489,Smart Meter,2023-03-26,Active
MTR000490,ACCT000490,Smart Meter,2023-05-23,Active
MTR000491,ACCT000491,Smart Meter,2018-04-30,Active
MTR000492,ACCT000492,Smart Meter,2016-02-04,Active
MTR000493,ACCT000493,Smart Meter,2023-08-26,Active
MTR000494,ACCT000494,Smart Meter,2022-01-11,Active
MTR000495,ACCT000495,Smart Meter,2016-09-17,Active
MTR000496,ACCT000496,Smart Meter,2018-05-06,Active
MTR000497,ACCT000497,Smart Meter,2020-12-28,Active
MTR000498,ACCT000498,Smart Meter,2019-10-14,Active
MTR000499,ACCT000499,Smart Meter,2023-12-17,Active
MTR000500,ACCT000500,Smart Meter,2020-03-19,Active
MTR000501,ACCT000501,Smart Meter,2015-04-11,Active
MTR000502,ACCT000502,Smart Meter,2019-10-21,Active
MTR000503,ACCT000503,Smart Meter,2016-06-06,Active
MTR000504,ACCT000504,Smart Meter,2020-11-26,Active
MTR000505,ACCT000505,Smart Meter,2024-04-09,Active
MTR000506,ACCT000506,Smart Meter,2024-04-27,Active
MTR000507,ACCT000507,Smart Meter,2021-05-26,Active
MTR000508,ACCT000508,Smart Meter,2014-01-19,Active
MTR000509,ACCT000509,Smart Meter,2021-01-13,Active
MTR000510,ACCT000510,Smart Meter,2016-02-23,Active
MTR000511,ACCT000511,Smart Meter,2018-09-03,Active
MTR000512,ACCT000512,Smart Meter,2015-02-19,Active
MTR000513,ACCT000513,Smart Meter,2014-12-30,Active
MTR000514,ACCT000514,Smart Meter,2021-01-19,Active
MTR000515,ACCT000515,Smart Meter,2017-01-08,Active
MTR000516,ACCT000516,Smart Meter,2016-03-06,Active
MTR000517,ACCT000517,Smart Meter,2017-04-28,Active
MTR000518,ACCT000518,Smart Meter,2017-03-17,Active
MTR000519,ACCT000519,Smart Meter,2018-08-26,Active
MTR000520,ACCT000520,Smart Meter,2015-03-19,Active
MTR000521,ACCT000521,Smart Meter,2020-05-01,Active
MTR000522,ACCT000522,Smart Meter,2024-10-18,Active
MTR000523,ACCT000523,Smart Meter,2015-10-12,Active
MTR000524,ACCT000524,Smart Meter,2015-05-24,Active
MTR000525,ACCT000525,Smart Meter,2023-03-27,Active
MTR000526,ACCT000526,Smart Meter,2015-04-11,Active
MTR000527,ACCT000527,Smart Meter,2020-08-09,Active
MTR000528,ACCT000528,Smart Meter,2017-11-23,Active
MTR000529,ACCT000529,Smart Meter,2020-12-15,Active
MTR000530,ACCT000530,Smart Meter,2021-02-02,Active
MTR000531,ACCT000531,Smart Meter,2019-01-14,Active
MTR000532,ACCT000532,Smart Meter,2018-02-12,Active
MTR000533,ACCT000533,Smart Meter,2022-11-14,Inactive
MTR000534,ACCT000534,Smart Meter,2018-06-15,Active
MTR000535,ACCT000535,Smart Meter,2017-01-19,Active
MTR000536,ACCT000536,Smart Meter,2015-12-24,Active
MTR000537,ACCT000537,Smart Meter,2016-04-21,Active
MTR000538,ACCT000538,Legacy Meter,2020-06-05,Active
MTR000539,ACCT000539,Smart Meter,2020-01-31,Active
MTR000540,ACCT000540,Legacy Meter,2015-10-08,Active
MTR000541,ACCT000541,Smart Meter,2023-06-07,Active
MTR000542,ACCT000542,Smart Meter,2014-01-24,Active
MTR000543,ACCT000543,Smart Meter,2022-12-17,Active
MTR000544,ACCT000544,Smart Meter,2016-01-01,Active
MTR000545,ACCT000545,Smart Meter,2014-01-07,Active
MTR000546,ACCT000546,Smart Meter,2022-06-05,Active
MTR000547,ACCT000547,Legacy Meter,2024-02-19,Inactive
MTR000548,ACCT000548,Smart Meter,2022-11-07,Active
MTR000549,ACCT000549,Smart Meter,2018-06-09,Active
MTR000550,ACCT000550,Smart Meter,2022-01-04,Active
MTR000551,ACCT000551,Smart Meter,2017-06-25,Active
MTR000552,ACCT000552,Smart Meter,2014-06-15,Active
MTR000553,ACCT000553,Smart Meter,2015-03-04,Active
MTR000554,ACCT000554,Smart Meter,2020-01-02,Active
MTR000555,ACCT000555,Smart Meter,2018-03-15,Active
MTR000556,ACCT000556,Smart Meter,2023-11-24,Active
MTR000557,ACCT000557,Smart Meter,2016-07-21,Active
MTR000558,ACCT000558,Smart Meter,2020-12-31,Active
MTR000559,ACCT000559,Smart Meter,2022-02-02,Active
MTR000560,ACCT000560,Legacy Meter,2023-01-05,Inactive
MTR000561,ACCT000561,Smart Meter,2021-05-16,Active
MTR000562,ACCT000562,Smart Meter,2018-05-19,Inactive
MTR000563,ACCT000563,Smart Meter,2019-10-25,Active
MTR000564,ACCT000564,Smart Meter,2018-07-25,Active
MTR000565,ACCT000565,Smart Meter,2016-04-03,Active
MTR000566,ACCT000566,Smart Meter,2017-09-04,Active
MTR000567,ACCT000567,Smart Meter,2024-10-19,Active
MTR000568,ACCT000568,Smart Meter,2016-11-27,Active
MTR000569,ACCT000569,Smart Meter,2015-07-20,Active
MTR000570,ACCT000570,Smart Meter,2018-07-24,Active
MTR000571,ACCT000571,Smart Meter,2024-05-29,Active
MTR000572,ACCT000572,Smart Meter,2018-03-18,Active
MTR000573,ACCT000573,Smart Meter,2023-01-31,Active
MTR000574,ACCT000574,Smart Meter,2017-03-09,Active
MTR000575,ACCT000575,Smart Meter,2024-08-15,Active
MTR000576,ACCT000576,Smart Meter,2017-07-05,Active
MTR000577,ACCT000577,Smart Meter,2021-04-18,Removed
MTR000578,ACCT000578,Smart Meter,2020-08-25,Active
MTR000579,ACCT000579,Legacy Meter,2021-12-05,Active
MTR000580,ACCT000580,Smart Meter,2023-09-20,Active
MTR000581,ACCT000581,Smart Meter,2017-04-23,Active
MTR000582,ACCT000582,Smart Meter,2014-10-30,Inactive
MTR000583,ACCT000583,Smart Meter,2018-02-26,Active
MTR000584,ACCT000584,Smart Meter,2016-01-26,Active
MTR000585,ACCT000585,Smart Meter,2014-06-13,Active
MTR000586,ACCT000586,Smart Meter,2018-07-26,Active
MTR000587,ACCT000587,Smart Meter,2017-05-11,Active
MTR000588,ACCT000588,Smart Meter,2023-07-12,Active
MTR000589,ACCT000589,Smart Meter,2017-05-18,Active
MTR000590,ACCT000590,Smart Meter,2019-02-26,Active
MTR000591,ACCT000591,Smart Meter,2019-11-19,Active
MTR000592,ACCT000592,Smart Meter,2023-08-19,Active
MTR000593,ACCT000593,Smart Meter,2016-06-16,Active
MTR000594,ACCT000594,Legacy Meter,2016-02-22,Active
MTR000595,ACCT000595,Smart Meter,2019-06-18,Active
MTR000596,ACCT000596,Smart Meter,2018-05-04,Active
MTR000597,ACCT000597,Smart Meter,2020-08-12,Active
MTR000598,ACCT000598,Smart Meter,2023-01-24,Active
MTR000599,ACCT000599,Smart Meter,2015-12-28,Active
MTR000600,ACCT000600,Smart Meter,2023-03-17,Active
MTR000601,ACCT000601,Smart Meter,2020-08-16,Active
MTR000602,ACCT000602,Smart Meter,2021-12-19,Active
MTR000603,ACCT000603,Smart Meter,2017-12-25,Active
MTR000604,ACCT000604,Smart Meter,2020-05-16,Active
MTR000605,ACCT000605,Smart Meter,2023-09-09,Active
MTR000606,ACCT000606,Smart Meter,2020-06-21,Active
MTR000607,ACCT000607,Smart Meter,2019-07-06,Active
MTR000608,ACCT000608,Smart Meter,2017-01-05,Active
MTR000609,ACCT000609,Smart Meter,2016-03-26,Active
MTR000610,ACCT000610,Smart Meter,2014-05-31,Active
MTR000611,ACCT000611,Smart Meter,2023-06-30,Active
MTR000612,ACCT000612,Smart Meter,2016-10-05,Active
MTR000613,ACCT000613,Smart Meter,2018-02-28,Active
MTR000614,ACCT000614,Smart Meter,2017-08-13,Active
MTR000615,ACCT000615,Smart Meter,2015-10-31,Active
MTR000616,ACCT000616,Smart Meter,2024-05-09,Active
MTR000617,ACCT000617,Smart Meter,2024-11-11,Active
MTR000618,ACCT000618,Smart Meter,2015-02-11,Active
MTR000619,ACCT000619,Smart Meter,2020-05-23,Active
MTR000620,ACCT000620,Smart Meter,2023-10-05,Active
MTR000621,ACCT000621,Smart Meter,2022-02-12,Active
MTR000622,ACCT000622,Smart Meter,2023-11-17,Active
MTR000623,ACCT000623,Smart Meter,2023-08-29,Active
MTR000624,ACCT000624,Smart Meter,2015-05-07,Active
MTR000625,ACCT000625,Smart Meter,2016-10-29,Inactive
MTR000626,ACCT000626,Smart Meter,2019-04-26,Active
MTR000627,ACCT000627,Smart Meter,2017-03-01,Active
MTR000628,ACCT000628,Smart Meter,2017-01-05,Active
MTR000629,ACCT000629,Smart Meter,2021-08-17,Active
MTR000630,ACCT000630,Smart Meter,2019-12-19,Active
MTR000631,ACCT000631,Smart Meter,2016-09-23,Active
MTR000632,ACCT000632,Smart Meter,2019-03-27,Active
MTR000633,ACCT000633,Smart Meter,2017-12-06,Active
MTR000634,ACCT000634,Smart Meter,2017-01-18,Active
MTR000635,ACCT000635,Smart Meter,2020-12-20,Active
MTR000636,ACCT000636,Smart Meter,2024-02-18,Removed
MTR000637,ACCT000637,Smart Meter,2021-04-23,Active
MTR000638,ACCT000638,Smart Meter,2016-06-07,Active
MTR000639,ACCT000639,Smart Meter,2014-12-20,Active
MTR000640,ACCT000640,Smart Meter,2020-05-07,Active
MTR000641,ACCT000641,Smart Meter,2017-11-16,Active
MTR000642,ACCT000642,Smart Meter,2015-03-08,Active
MTR000643,ACCT000643,Smart Meter,2016-01-09,Active
MTR000644,ACCT000644,Smart Meter,2020-11-24,Removed
MTR000645,ACCT000645,Smart Meter,2018-11-15,Active
MTR000646,ACCT000646,Smart Meter,2017-08-24,Active
MTR000647,ACCT000647,Smart Meter,2015-05-23,Active
MTR000648,ACCT000648,Smart Meter,2014-02-24,Active
MTR000649,ACCT000649,Smart Meter,2019-09-16,Inactive
MTR000650,ACCT000650,Smart Meter,2016-06-18,Active
MTR000651,ACCT000651,Smart Meter,2019-10-04,Active
MTR000652,ACCT000652,Smart Meter,2015-06-08,Active
MTR000653,ACCT000653,Smart Meter,2022-02-10,Active
MTR000654,ACCT000654,Smart Meter,2015-04-08,Active
MTR000655,ACCT000655,Smart Meter,2015-11-28,Active
MTR000656,ACCT000656,Smart Meter,2018-02-10,Active
MTR000657,ACCT000657,Smart Meter,2018-11-08,Active
MTR000658,ACCT000658,Smart Meter,2024-08-12,Active
MTR000659,ACCT000659,Legacy Meter,2015-12-17,Active
MTR000660,ACCT000660,Smart Meter,2017-05-19,Active
MTR000661,ACCT000661,Legacy Meter,2023-01-11,Active
MTR000662,ACCT000662,Smart Meter,2022-06-06,Active
MTR000663,ACCT000663,Smart Meter,2021-08-11,Active
MTR000664,ACCT000664,Smart Meter,2019-01-21,Active
MTR000665,ACCT000665,Smart Meter,2023-11-21,Active
MTR000666,ACCT000666,Legacy Meter,2016-09-15,Active
MTR000667,ACCT000667,Smart Meter,2019-01-03,Active
MTR000668,ACCT000668,Smart Meter,2014-07-31,Active
MTR000669,ACCT000669,Legacy Meter,2022-12-05,Active
MTR000670,ACCT000670,Legacy Meter,2022-08-13,Active
MTR000671,ACCT000671,Smart Meter,2016-01-24,Active
MTR000672,ACCT000672,Smart Meter,2022-09-21,Active
MTR000673,ACCT000673,Smart Meter,2024-04-08,Active
MTR000674,ACCT000674,Legacy Meter,2024-02-07,Active
MTR000675,ACCT000675,Smart Meter,2022-10-28,Active
MTR000676,ACCT000676,Smart Meter,2015-03-12,Active
MTR000677,ACCT000677,Smart Meter,2019-03-17,Active
MTR000678,ACCT000678,Smart Meter,2014-03-25,Active
MTR000679,ACCT000679,Legacy Meter,2017-05-20,Active
MTR000680,ACCT000680,Smart Meter,2016-02-18,Active
MTR000681,ACCT000681,Smart Meter,2016-04-13,Active
MTR000682,ACCT000682,Smart Meter,2024-07-19,Inactive
MTR000683,ACCT000683,Smart Meter,2020-11-13,Active
MTR000684,ACCT000684,Smart Meter,2019-05-15,Active
MTR000685,ACCT000685,Legacy Meter,2014-06-26,Active
MTR000686,ACCT000686,Smart Meter,2018-12-12,Active
MTR000687,ACCT000687,Smart Meter,2020-06-17,Active
MTR000688,ACCT000688,Smart Meter,2018-09-14,Active
MTR000689,ACCT000689,Smart Meter,2022-11-05,Active
MTR000690,ACCT000690,Smart Meter,2018-09-21,Active
MTR000691,ACCT000691,Smart Meter,2014-07-05,Active
MTR000692,ACCT000692,Smart Meter,2018-02-03,Active
MTR000693,ACCT000693,Smart Meter,2019-06-03,Inactive
MTR000694,ACCT000694,Legacy Meter,2017-08-25,Active
MTR000695,ACCT000695,Smart Meter,2014-09-03,Active
MTR000696,ACCT000696,Smart Meter,2019-01-27,Active
MTR000697,ACCT000697,Smart Meter,2022-05-23,Removed
MTR000698,ACCT000698,Smart Meter,2015-01-19,Active
MTR000699,ACCT000699,Smart Meter,2022-07-11,Active
MTR000700,ACCT000700,Smart Meter,2014-10-12,Active
MTR000701,ACCT000701,Smart Meter,2022-04-16,Active
MTR000702,ACCT000702,Legacy Meter,2016-09-14,Active
MTR000703,ACCT000703,Smart Meter,2024-12-08,Active
MTR000704,ACCT000704,Smart Meter,2014-10-27,Removed
MTR000705,ACCT000705,Smart Meter,2016-06-19,Active
MTR000706,ACCT000706,Smart Meter,2017-12-30,Active
MTR000707,ACCT000707,Smart Meter,2017-10-24,Active
MTR000708,ACCT000708,Smart Meter,2021-12-31,Active
MTR000709,ACCT000709,Smart Meter,2020-12-08,Active
MTR000710,ACCT000710,Legacy Meter,2020-10-19,Active
MTR000711,ACCT000711,Smart Meter,2016-03-16,Active
MTR000712,ACCT000712,Smart Meter,2023-08-01,Active
MTR000713,ACCT000713,Smart Meter,2020-02-07,Removed
MTR000714,ACCT000714,Smart Meter,2022-01-09,Active
MTR000715,ACCT000715,Smart Meter,2019-04-06,Inactive
MTR000716,ACCT000716,Smart Meter,2016-05-26,Active
MTR000717,ACCT000717,Smart Meter,2015-11-25,Active
MTR000718,ACCT000718,Smart Meter,2020-07-15,Active
MTR000719,ACCT000719,Legacy Meter,2020-12-13,Active
MTR000720,ACCT000720,Smart Meter,2020-12-17,Active
MTR000721,ACCT000721,Smart Meter,2019-06-20,Active
MTR000722,ACCT000722,Smart Meter,2015-12-31,Active
MTR000723,ACCT000723,Smart Meter,2017-04-01,Active
MTR000724,ACCT000724,Smart Meter,2018-05-01,Active
MTR000725,ACCT000725,Smart Meter,2020-11-08,Active
MTR000726,ACCT000726,Smart Meter,2022-08-30,Active
MTR000727,ACCT000727,Smart Meter,2014-04-15,Active
MTR000728,ACCT000728,Smart Meter,2021-07-29,Active
MTR000729,ACCT000729,Smart Meter,2015-03-15,Active
MTR000730,ACCT000730,Smart Meter,2018-03-02,Active
MTR000731,ACCT000731,Smart Meter,2017-09-13,Active
MTR000732,ACCT000732,Smart Meter,2021-05-22,Active
MTR000733,ACCT000733,Smart Meter,2023-11-22,Active
MTR000734,ACCT000734,Legacy Meter,2015-05-24,Active
MTR000735,ACCT000735,Smart Meter,2014-09-08,Active
MTR000736,ACCT000736,Smart Meter,2022-04-01,Active
MTR000737,ACCT000737,Legacy Meter,2017-04-29,Active
MTR000738,ACCT000738,Smart Meter,2019-09-26,Active
MTR000739,ACCT000739,Smart Meter,2016-05-28,Active
MTR000740,ACCT000740,Smart Meter,2017-06-28,Active
MTR000741,ACCT000741,Legacy Meter,2016-10-14,Active
MTR000742,ACCT000742,Smart Meter,2021-09-23,Active
MTR000743,ACCT000743,Smart Meter,2022-01-11,Active
MTR000744,ACCT000744,Smart Meter,2014-03-05,Active
MTR000745,ACCT000745,Smart Meter,2024-09-26,Active
MTR000746,ACCT000746,Smart Meter,2014-11-16,Active
MTR000747,ACCT000747,Smart Meter,2016-05-09,Active
MTR000748,ACCT000748,Smart Meter,2021-09-28,Active
MTR000749,ACCT000749,Legacy Meter,2018-03-28,Active
MTR000750,ACCT000750,Smart Meter,2023-03-18,Active
MTR000751,ACCT000751,Smart Meter,2019-09-08,Active
MTR000752,ACCT000752,Smart Meter,2018-08-02,Active
MTR000753,ACCT000753,Smart Meter,2015-03-13,Active
MTR000754,ACCT000754,Smart Meter,2019-06-13,Active
MTR000755,ACCT000755,Smart Meter,2018-06-09,Active
MTR000756,ACCT000756,Smart Meter,2024-01-06,Active
MTR000757,ACCT000757,Smart Meter,2016-02-02,Active
MTR000758,ACCT000758,Smart Meter,2016-01-06,Active
MTR000759,ACCT000759,Smart Meter,2022-07-16,Active
MTR000760,ACCT000760,Smart Meter,2023-07-21,Active
MTR000761,ACCT000761,Legacy Meter,2024-01-13,Active
MTR000762,ACCT000762,Smart Meter,2020-11-03,Active
MTR000763,ACCT000763,Smart Meter,2015-09-25,Active
MTR000764,ACCT000764,Smart Meter,2018-04-28,Active
MTR000765,ACCT000765,Smart Meter,2024-03-18,Active
MTR000766,ACCT000766,Smart Meter,2022-08-12,Active
MTR000767,ACCT000767,Smart Meter,2016-12-12,Active
MTR000768,ACCT000768,Smart Meter,2020-03-30,Active
MTR000769,ACCT000769,Smart Meter,2019-01-05,Active
MTR000770,ACCT000770,Smart Meter,2019-03-14,Active
MTR000771,ACCT000771,Smart Meter,2014-07-19,Active
MTR000772,ACCT000772,Smart Meter,2015-11-05,Active
MTR000773,ACCT000773,Smart Meter,2015-07-03,Active
MTR000774,ACCT000774,Smart Meter,2016-07-25,Active
MTR000775,ACCT000775,Smart Meter,2019-11-15,Active
MTR000776,ACCT000776,Smart Meter,2014-02-18,Active
MTR000777,ACCT000777,Smart Meter,2016-06-14,Active
MTR000778,ACCT000778,Smart Meter,2021-01-13,Active
MTR000779,ACCT000779,Smart Meter,2019-09-19,Active
MTR000780,ACCT000780,Smart Meter,2016-07-02,Active
MTR000781,ACCT000781,Smart Meter,2017-03-22,Inactive
MTR000782,ACCT000782,Smart Meter,2022-09-13,Active
MTR000783,ACCT000783,Smart Meter,2021-02-13,Active
MTR000784,ACCT000784,Smart Meter,2015-11-07,Active
MTR000785,ACCT000785,Smart Meter,2016-02-09,Active
MTR000786,ACCT000786,Smart Meter,2014-07-30,Active
MTR000787,ACCT000787,Smart Meter,2022-12-18,Active
MTR000788,ACCT000788,Smart Meter,2020-10-16,Active
MTR000789,ACCT000789,Smart Meter,2021-07-17,Active
MTR000790,ACCT000790,Smart Meter,2021-02-25,Active
MTR000791,ACCT000791,Smart Meter,2014-05-27,Active
MTR000792,ACCT000792,Smart Meter,2018-03-03,Active
MTR000793,ACCT000793,Smart Meter,2020-05-18,Active
MTR000794,ACCT000794,Legacy Meter,2023-04-05,Active
MTR000795,ACCT000795,Smart Meter,2021-09-03,Active
MTR000796,ACCT000796,Smart Meter,2022-07-20,Active
MTR000797,ACCT000797,Smart Meter,2015-05-10,Active
MTR000798,ACCT000798,Smart Meter,2020-09-22,Active
MTR000799,ACCT000799,Smart Meter,2018-07-08,Active
MTR000800,ACCT000800,Smart Meter,2020-05-09,Active
MTR000801,ACCT000801,Smart Meter,2020-11-10,Active
MTR000802,ACCT000802,Smart Meter,2017-02-17,Active
MTR000803,ACCT000803,Smart Meter,2024-04-30,Active
MTR000804,ACCT000804,Smart Meter,2014-02-15,Inactive
MTR000805,ACCT000805,Smart Meter,2023-01-28,Inactive
MTR000806,ACCT000806,Smart Meter,2014-11-07,Active
MTR000807,ACCT000807,Smart Meter,2021-02-22,Active
MTR000808,ACCT000808,Smart Meter,2014-11-27,Active
MTR000809,ACCT000809,Smart Meter,2014-01-11,Active
MTR000810,ACCT000810,Smart Meter,2016-06-26,Active
MTR000811,ACCT000811,Smart Meter,2023-07-28,Active
MTR000812,ACCT000812,Smart Meter,2022-07-17,Active
MTR000813,ACCT000813,Smart Meter,2017-11-01,Active
MTR000814,ACCT000814,Smart Meter,2018-05-11,Active
MTR000815,ACCT000815,Smart Meter,2014-01-08,Active
MTR000816,ACCT000816,Smart Meter,2016-09-10,Active
MTR000817,ACCT000817,Smart Meter,2023-11-07,Active
MTR000818,ACCT000818,Smart Meter,2018-10-17,Active
MTR000819,ACCT000819,Smart Meter,2017-10-25,Active
MTR000820,ACCT000820,Smart Meter,2023-08-13,Active
MTR000821,ACCT000821,Legacy Meter,2024-06-25,Active
MTR000822,ACCT000822,Smart Meter,2015-07-20,Active
MTR000823,ACCT000823,Smart Meter,2023-09-26,Inactive
MTR000824,ACCT000824,Smart Meter,2020-05-09,Active
MTR000825,ACCT000825,Smart Meter,2022-03-08,Active
MTR000826,ACCT000826,Smart Meter,2016-06-19,Active
MTR000827,ACCT000827,Smart Meter,2019-12-19,Active
MTR000828,ACCT000828,Smart Meter,2023-11-02,Active
MTR000829,ACCT000829,Smart Meter,2021-08-03,Active
MTR000830,ACCT000830,Smart Meter,2021-05-05,Active
MTR000831,ACCT000831,Smart Meter,2014-04-24,Active
MTR000832,ACCT000832,Smart Meter,2015-06-16,Active
MTR000833,ACCT000833,Smart Meter,2018-03-03,Active
MTR000834,ACCT000834,Smart Meter,2023-05-04,Active
MTR000835,ACCT000835,Smart Meter,2016-11-10,Active
MTR000836,ACCT000836,Smart Meter,2018-10-10,Removed
MTR000837,ACCT000837,Smart Meter,2014-02-02,Active
MTR000838,ACCT000838,Smart Meter,2014-05-13,Active
MTR000839,ACCT000839,Smart Meter,2022-02-15,Active
MTR000840,ACCT000840,Smart Meter,2018-09-23,Active
MTR000841,ACCT000841,Smart Meter,2016-09-01,Active
MTR000842,ACCT000842,Smart Meter,2014-01-26,Active
MTR000843,ACCT000843,Smart Meter,2023-05-29,Active
MTR000844,ACCT000844,Smart Meter,2021-04-02,Active
MTR000845,ACCT000845,Smart Meter,2022-08-30,Active
MTR000846,ACCT000846,Smart Meter,2015-06-29,Active
MTR000847,ACCT000847,Smart Meter,2017-06-15,Active
MTR000848,ACCT000848,Smart Meter,2019-08-28,Active
MTR000849,ACCT000849,Smart Meter,2023-02-28,Active
MTR000850,ACCT000850,Smart Meter,2016-07-22,Active
MTR000851,ACCT000851,Smart Meter,2020-05-25,Active
MTR000852,ACCT000852,Smart Meter,2016-11-16,Active
MTR000853,ACCT000853,Smart Meter,2016-03-27,Active
MTR000854,ACCT000854,Smart Meter,2023-08-07,Active
MTR000855,ACCT000855,Smart Meter,2019-04-19,Active
MTR000856,ACCT000856,Smart Meter,2014-04-18,Active
MTR000857,ACCT000857,Smart Meter,2022-04-09,Active
MTR000858,ACCT000858,Smart Meter,2016-08-05,Active
MTR000859,ACCT000859,Smart Meter,2016-01-08,Active
MTR000860,ACCT000860,Smart Meter,2020-06-29,Active
MTR000861,ACCT000861,Smart Meter,2021-12-24,Removed
MTR000862,ACCT000862,Smart Meter,2023-11-12,Active
MTR000863,ACCT000863,Smart Meter,2021-08-14,Active
MTR000864,ACCT000864,Smart Meter,2016-03-03,Active
MTR000865,ACCT000865,Smart Meter,2022-09-11,Active
MTR000866,ACCT000866,Smart Meter,2019-02-11,Removed
MTR000867,ACCT000867,Smart Meter,2017-09-17,Active
MTR000868,ACCT000868,Smart Meter,2017-10-17,Active
MTR000869,ACCT000869,Smart Meter,2024-12-06,Active
MTR000870,ACCT000870,Smart Meter,2014-10-16,Active
MTR000871,ACCT000871,Smart Meter,2018-01-07,Active
MTR000872,ACCT000872,Smart Meter,2016-11-26,Active
MTR000873,ACCT000873,Smart Meter,2017-10-03,Active
MTR000874,ACCT000874,Smart Meter,2022-01-18,Active
MTR000875,ACCT000875,Smart Meter,2024-06-24,Active
MTR000876,ACCT000876,Smart Meter,2014-02-12,Active
MTR000877,ACCT000877,Smart Meter,2017-02-23,Active
MTR000878,ACCT000878,Smart Meter,2019-08-19,Active
MTR000879,ACCT000879,Smart Meter,2023-11-07,Active
MTR000880,ACCT000880,Smart Meter,2022-10-08,Active
MTR000881,ACCT000881,Smart Meter,2023-04-20,Active
MTR000882,ACCT000882,Smart Meter,2020-02-10,Active
MTR000883,ACCT000883,Smart Meter,2023-03-08,Active
MTR000884,ACCT000884,Smart Meter,2022-01-21,Active
MTR000885,ACCT000885,Smart Meter,2016-12-12,Active
MTR000886,ACCT000886,Smart Meter,2023-12-04,Active
MTR000887,ACCT000887,Legacy Meter,2019-02-17,Active
MTR000888,ACCT000888,Smart Meter,2021-12-27,Active
MTR000889,ACCT000889,Legacy Meter,2015-06-17,Active
MTR000890,ACCT000890,Smart Meter,2023-06-11,Active
MTR000891,ACCT000891,Smart Meter,2017-08-11,Active
MTR000892,ACCT000892,Smart Meter,2017-05-16,Active
MTR000893,ACCT000893,Legacy Meter,2022-05-06,Active
MTR000894,ACCT000894,Smart Meter,2021-06-03,Active
MTR000895,ACCT000895,Smart Meter,2018-02-09,Active
MTR000896,ACCT000896,Smart Meter,2019-06-17,Active
MTR000897,ACCT000897,Smart Meter,2016-08-11,Active
MTR000898,ACCT000898,Smart Meter,2014-03-10,Active
MTR000899,ACCT000899,Smart Meter,2019-02-10,Active
MTR000900,ACCT000900,Smart Meter,2019-05-03,Active
MTR000901,ACCT000901,Smart Meter,2024-09-06,Active
MTR000902,ACCT000902,Smart Meter,2023-08-10,Active
MTR000903,ACCT000903,Smart Meter,2014-10-28,Active
MTR000904,ACCT000904,Smart Meter,2014-01-27,Active
MTR000905,ACCT000905,Smart Meter,2024-02-17,Active
MTR000906,ACCT000906,Smart Meter,2022-02-25,Active
MTR000907,ACCT000907,Smart Meter,2021-05-25,Active
MTR000908,ACCT000908,Smart Meter,2021-02-13,Active
MTR000909,ACCT000909,Smart Meter,2019-11-24,Active
MTR000910,ACCT000910,Smart Meter,2015-08-09,Active
MTR000911,ACCT000911,Smart Meter,2021-03-04,Active
MTR000912,ACCT000912,Smart Meter,2016-03-20,Active
MTR000913,ACCT000913,Smart Meter,2015-09-26,Active
MTR000914,ACCT000914,Smart Meter,2018-10-05,Active
MTR000915,ACCT000915,Smart Meter,2022-06-10,Active
MTR000916,ACCT000916,Smart Meter,2022-02-26,Active
MTR000917,ACCT000917,Legacy Meter,2015-10-21,Active
MTR000918,ACCT000918,Legacy Meter,2017-05-24,Active
MTR000919,ACCT000919,Smart Meter,2022-01-12,Active
MTR000920,ACCT000920,Smart Meter,2020-06-26,Active
MTR000921,ACCT000921,Smart Meter,2015-04-05,Active
MTR000922,ACCT000922,Smart Meter,2024-08-22,Active
MTR000923,ACCT000923,Smart Meter,2023-11-07,Active
MTR000924,ACCT000924,Smart Meter,2021-03-11,Active
MTR000925,ACCT000925,Smart Meter,2024-04-21,Active
MTR000926,ACCT000926,Smart Meter,2022-01-03,Active
MTR000927,ACCT000927,Smart Meter,2021-09-02,Active
MTR000928,ACCT000928,Smart Meter,2014-06-09,Active
MTR000929,ACCT000929,Smart Meter,2015-04-09,Active
MTR000930,ACCT000930,Smart Meter,2016-09-24,Active
MTR000931,ACCT000931,Smart Meter,2018-03-26,Active
MTR000932,ACCT000932,Smart Meter,2024-02-25,Active
MTR000933,ACCT000933,Smart Meter,2023-02-27,Active
MTR000934,ACCT000934,Smart Meter,2020-04-07,Active
MTR000935,ACCT000935,Smart Meter,2016-07-24,Active
MTR000936,ACCT000936,Smart Meter,2022-03-31,Active
MTR000937,ACCT000937,Smart Meter,2022-03-26,Active
MTR000938,ACCT000938,Smart Meter,2018-08-06,Active
MTR000939,ACCT000939,Legacy Meter,2016-05-14,Active
MTR000940,ACCT000940,Smart Meter,2017-04-05,Active
MTR000941,ACCT000941,Smart Meter,2023-12-20,Active
MTR000942,ACCT000942,Smart Meter,2021-05-21,Active
MTR000943,ACCT000943,Smart Meter,2020-07-02,Active
MTR000944,ACCT000944,Smart Meter,2016-05-14,Active
MTR000945,ACCT000945,Legacy Meter,2021-01-20,Active
MTR000946,ACCT000946,Smart Meter,2024-09-20,Active
MTR000947,ACCT000947,Smart Meter,2017-07-20,Active
MTR000948,ACCT000948,Smart Meter,2022-01-05,Active
MTR000949,ACCT000949,Smart Meter,2023-06-10,Active
MTR000950,ACCT000950,Smart Meter,2019-04-20,Inactive
MTR000951,ACCT000951,Smart Meter,2023-06-09,Active
MTR000952,ACCT000952,Smart Meter,2014-11-30,Active
MTR000953,ACCT000953,Smart Meter,2022-06-02,Active
MTR000954,ACCT000954,Smart Meter,2023-01-28,Active
MTR000955,ACCT000955,Legacy Meter,2018-07-02,Active
MTR000956,ACCT000956,Smart Meter,2022-07-20,Active
MTR000957,ACCT000957,Smart Meter,2022-01-08,Active
MTR000958,ACCT000958,Smart Meter,2020-07-25,Active
MTR000959,ACCT000959,Smart Meter,2020-01-31,Active
MTR000960,ACCT000960,Smart Meter,2019-12-04,Active
MTR000961,ACCT000961,Smart Meter,2018-09-15,Active
MTR000962,ACCT000962,Smart Meter,2020-08-05,Active
MTR000963,ACCT000963,Smart Meter,2023-05-20,Active
MTR000964,ACCT000964,Smart Meter,2018-08-17,Active
MTR000965,ACCT000965,Smart Meter,2018-11-18,Active
MTR000966,ACCT000966,Smart Meter,2019-10-25,Active
MTR000967,ACCT000967,Smart Meter,2024-12-12,Active
MTR000968,ACCT000968,Legacy Meter,2021-09-04,Active
MTR000969,ACCT000969,Smart Meter,2017-01-09,Active
MTR000970,ACCT000970,Smart Meter,2023-01-14,Active
MTR000971,ACCT000971,Smart Meter,2014-03-13,Active
MTR000972,ACCT000972,Smart Meter,2023-07-07,Removed
MTR000973,ACCT000973,Smart Meter,2023-01-03,Active
MTR000974,ACCT000974,Smart Meter,2015-03-28,Active
MTR000975,ACCT000975,Smart Meter,2022-02-06,Active
MTR000976,ACCT000976,Legacy Meter,2018-11-14,Active
MTR000977,ACCT000977,Smart Meter,2020-08-11,Active
MTR000978,ACCT000978,Smart Meter,2016-04-05,Active
MTR000979,ACCT000979,Smart Meter,2024-01-10,Active
MTR000980,ACCT000980,Smart Meter,2021-06-10,Active
MTR000981,ACCT000981,Smart Meter,2023-12-11,Active
MTR000982,ACCT000982,Smart Meter,2017-08-28,Active
MTR000983,ACCT000983,Smart Meter,2023-03-24,Active
MTR000984,ACCT000984,Smart Meter,2022-06-23,Active
MTR000985,ACCT000985,Smart Meter,2019-11-28,Active
MTR000986,ACCT000986,Smart Meter,2014-02-21,Active
MTR000987,ACCT000987,Smart Meter,2019-05-17,Active
MTR000988,ACCT000988,Smart Meter,2023-03-16,Active
MTR000989,ACCT000989,Smart Meter,2023-08-17,Active
MTR000990,ACCT000990,Smart Meter,2015-04-12,Active
MTR000991,ACCT000991,Smart Meter,2023-02-13,Active
MTR000992,ACCT000992,Smart Meter,2023-04-19,Active
MTR000993,ACCT000993,Smart Meter,2018-08-02,Active
MTR000994,ACCT000994,Smart Meter,2019-04-17,Active
MTR000995,ACCT000995,Smart Meter,2021-11-05,Active
MTR000996,ACCT000996,Smart Meter,2017-09-23,Active
MTR000997,ACCT000997,Smart Meter,2016-02-26,Active
MTR000998,ACCT000998,Smart Meter,2015-07-10,Active
MTR000999,ACCT000999,Smart Meter,2022-02-24,Active
MTR001000,ACCT001000,Smart Meter,2019-08-02,Active
MTR001001,ACCT001001,Smart Meter,2023-07-26,Active
MTR001002,ACCT001002,Smart Meter,2020-04-25,Active
MTR001003,ACCT001003,Smart Meter,2024-02-14,Active
MTR001004,ACCT001004,Smart Meter,2018-10-29,Active
MTR001005,ACCT001005,Smart Meter,2019-10-14,Active
MTR001006,ACCT001006,Smart Meter,2020-01-20,Inactive
MTR001007,ACCT001007,Smart Meter,2022-11-10,Active
MTR001008,ACCT001008,Smart Meter,2018-08-29,Active
MTR001009,ACCT001009,Smart Meter,2019-09-18,Active
MTR001010,ACCT001010,Smart Meter,2021-06-05,Active
MTR001011,ACCT001011,Smart Meter,2020-06-25,Active
MTR001012,ACCT001012,Smart Meter,2020-08-04,Active
MTR001013,ACCT001013,Smart Meter,2020-05-05,Removed
MTR001014,ACCT001014,Smart Meter,2020-06-29,Active
MTR001015,ACCT001015,Smart Meter,2020-07-01,Active
MTR001016,ACCT001016,Smart Meter,2018-05-30,Active
MTR001017,ACCT001017,Smart Meter,2014-09-14,Active
MTR001018,ACCT001018,Smart Meter,2020-02-26,Active
MTR001019,ACCT001019,Smart Meter,2023-08-11,Active
MTR001020,ACCT001020,Smart Meter,2015-09-02,Inactive
MTR001021,ACCT001021,Smart Meter,2017-02-01,Active
MTR001022,ACCT001022,Legacy Meter,2017-10-27,Active
MTR001023,ACCT001023,Smart Meter,2016-06-23,Active
MTR001024,ACCT001024,Legacy Meter,2014-06-13,Active
MTR001025,ACCT001025,Smart Meter,2017-02-10,Active
MTR001026,ACCT001026,Smart Meter,2015-09-07,Active
MTR001027,ACCT001027,Smart Meter,2019-07-19,Active
MTR001028,ACCT001028,Smart Meter,2023-11-30,Active
MTR001029,ACCT001029,Smart Meter,2014-04-16,Active
MTR001030,ACCT001030,Smart Meter,2015-11-30,Active
MTR001031,ACCT001031,Smart Meter,2014-12-30,Active
MTR001032,ACCT001032,Smart Meter,2022-06-20,Active
MTR001033,ACCT001033,Smart Meter,2021-05-31,Active
MTR001034,ACCT001034,Smart Meter,2019-07-15,Active
MTR001035,ACCT001035,Smart Meter,2017-02-26,Active
MTR001036,ACCT001036,Smart Meter,2023-09-25,Removed
MTR001037,ACCT001037,Smart Meter,2015-11-30,Active
MTR001038,ACCT001038,Smart Meter,2024-08-03,Active
MTR001039,ACCT001039,Smart Meter,2022-12-15,Active
MTR001040,ACCT001040,Smart Meter,2016-01-17,Active
MTR001041,ACCT001041,Smart Meter,2019-05-30,Active
MTR001042,ACCT001042,Smart Meter,2018-07-02,Active
MTR001043,ACCT001043,Smart Meter,2023-11-02,Active
MTR001044,ACCT001044,Smart Meter,2016-08-18,Active
MTR001045,ACCT001045,Smart Meter,2023-07-24,Active
MTR001046,ACCT001046,Smart Meter,2023-01-11,Active
MTR001047,ACCT001047,Smart Meter,2022-02-25,Active
MTR001048,ACCT001048,Smart Meter,2014-07-28,Active
MTR001049,ACCT001049,Smart Meter,2023-01-30,Active
MTR001050,ACCT001050,Smart Meter,2017-08-04,Active
MTR001051,ACCT001051,Smart Meter,2022-08-04,Active
MTR001052,ACCT001052,Smart Meter,2019-03-07,Active
MTR001053,ACCT001053,Smart Meter,2017-03-22,Active
MTR001054,ACCT001054,Smart Meter,2020-12-13,Active
MTR001055,ACCT001055,Smart Meter,2023-08-08,Inactive
MTR001056,ACCT001056,Smart Meter,2021-07-13,Active
MTR001057,ACCT001057,Smart Meter,2019-08-02,Active
MTR001058,ACCT001058,Smart Meter,2023-01-03,Active
MTR001059,ACCT001059,Smart Meter,2017-12-23,Active
MTR001060,ACCT001060,Smart Meter,2020-12-24,Active
MTR001061,ACCT001061,Smart Meter,2015-10-28,Active
MTR001062,ACCT001062,Legacy Meter,2024-07-27,Active
MTR001063,ACCT001063,Smart Meter,2018-06-06,Active
MTR001064,ACCT001064,Smart Meter,2020-03-18,Active
MTR001065,ACCT001065,Smart Meter,2015-03-11,Active
MTR001066,ACCT001066,Legacy Meter,2020-05-16,Active
MTR001067,ACCT001067,Smart Meter,2018-07-05,Active
MTR001068,ACCT001068,Smart Meter,2022-08-30,Active
MTR001069,ACCT001069,Smart Meter,2021-01-15,Active
MTR001070,ACCT001070,Smart Meter,2019-08-03,Active
MTR001071,ACCT001071,Smart Meter,2017-03-08,Active
MTR001072,ACCT001072,Smart Meter,2015-10-29,Active
MTR001073,ACCT001073,Smart Meter,2022-06-22,Active
MTR001074,ACCT001074,Smart Meter,2017-12-11,Active
MTR001075,ACCT001075,Smart Meter,2019-06-23,Active
MTR001076,ACCT001076,Smart Meter,2021-08-11,Active
MTR001077,ACCT001077,Smart Meter,2014-12-14,Active
MTR001078,ACCT001078,Smart Meter,2023-01-22,Active
MTR001079,ACCT001079,Smart Meter,2016-02-04,Active
MTR001080,ACCT001080,Smart Meter,2016-07-22,Active
MTR001081,ACCT001081,Smart Meter,2014-07-02,Inactive
MTR001082,ACCT001082,Smart Meter,2020-12-30,Active
MTR001083,ACCT001083,Smart Meter,2020-02-24,Active
MTR001084,ACCT001084,Smart Meter,2018-09-02,Active
MTR001085,ACCT001085,Smart Meter,2017-02-20,Active
MTR001086,ACCT001086,Smart Meter,2024-12-10,Active
MTR001087,ACCT001087,Smart Meter,2023-11-27,Active
MTR001088,ACCT001088,Smart Meter,2015-01-16,Active
MTR001089,ACCT001089,Smart Meter,2016-04-04,Active
MTR001090,ACCT001090,Smart Meter,2018-03-19,Active
MTR001091,ACCT001091,Smart Meter,2022-06-05,Inactive
MTR001092,ACCT001092,Smart Meter,2023-03-30,Active
MTR001093,ACCT001093,Smart Meter,2018-06-26,Active
MTR001094,ACCT001094,Smart Meter,2014-07-11,Active
MTR001095,ACCT001095,Smart Meter,2023-06-10,Active
MTR001096,ACCT001096,Smart Meter,2015-06-09,Active
MTR001097,ACCT001097,Smart Meter,2022-07-05,Active
MTR001098,ACCT001098,Smart Meter,2016-12-29,Active
MTR001099,ACCT001099,Smart Meter,2020-05-25,Active
MTR001100,ACCT001100,Smart Meter,2014-04-15,Inactive
MTR001101,ACCT001101,Smart Meter,2018-10-06,Active
MTR001102,ACCT001102,Smart Meter,2020-06-18,Active
MTR001103,ACCT001103,Smart Meter,2022-07-24,Active
MTR001104,ACCT001104,Smart Meter,2022-09-14,Active
MTR001105,ACCT001105,Smart Meter,2018-08-04,Active
MTR001106,ACCT001106,Smart Meter,2024-06-05,Active
MTR001107,ACCT001107,Smart Meter,2020-06-12,Active
MTR001108,ACCT001108,Smart Meter,2024-10-06,Active
MTR001109,ACCT001109,Legacy Meter,2016-03-31,Active
MTR001110,ACCT001110,Smart Meter,2014-02-05,Active
MTR001111,ACCT001111,Smart Meter,2022-10-10,Active
MTR001112,ACCT001112,Smart Meter,2022-01-13,Active
MTR001113,ACCT001113,Smart Meter,2016-11-14,Active
MTR001114,ACCT001114,Smart Meter,2019-02-16,Active
MTR001115,ACCT001115,Smart Meter,2016-11-26,Active
MTR001116,ACCT001116,Smart Meter,2016-11-08,Active
MTR001117,ACCT001117,Smart Meter,2019-09-14,Active
MTR001118,ACCT001118,Smart Meter,2023-05-28,Active
MTR001119,ACCT001119,Smart Meter,2017-12-12,Active
MTR001120,ACCT001120,Smart Meter,2019-01-20,Active
MTR001121,ACCT001121,Smart Meter,2023-08-03,Active
MTR001122,ACCT001122,Smart Meter,2018-03-22,Active
MTR001123,ACCT001123,Smart Meter,2015-04-12,Active
MTR001124,ACCT001124,Smart Meter,2022-01-23,Active
MTR001125,ACCT001125,Smart Meter,2014-07-18,Active
MTR001126,ACCT001126,Smart Meter,2023-11-27,Active
MTR001127,ACCT001127,Smart Meter,2018-05-11,Active
MTR001128,ACCT001128,Smart Meter,2021-09-16,Active
MTR001129,ACCT001129,Smart Meter,2017-05-19,Active
MTR001130,ACCT001130,Smart Meter,2024-01-29,Active
MTR001131,ACCT001131,Smart Meter,2024-08-01,Active
MTR001132,ACCT001132,Smart Meter,2023-10-13,Active
MTR001133,ACCT001133,Smart Meter,2014-08-29,Active
MTR001134,ACCT001134,Smart Meter,2017-04-08,Active
MTR001135,ACCT001135,Smart Meter,2019-02-26,Active
MTR001136,ACCT001136,Smart Meter,2014-10-21,Active
MTR001137,ACCT001137,Smart Meter,2016-07-10,Active
MTR001138,ACCT001138,Smart Meter,2018-10-29,Active
MTR001139,ACCT001139,Smart Meter,2017-08-31,Active
MTR001140,ACCT001140,Smart Meter,2022-10-04,Removed
MTR001141,ACCT001141,Smart Meter,2015-04-13,Active
MTR001142,ACCT001142,Smart Meter,2024-07-30,Inactive
MTR001143,ACCT001143,Smart Meter,2020-08-11,Active
MTR001144,ACCT001144,Smart Meter,2022-06-20,Active
MTR001145,ACCT001145,Smart Meter,2020-06-21,Active
MTR001146,ACCT001146,Smart Meter,2016-01-28,Active
MTR001147,ACCT001147,Smart Meter,2017-01-18,Active
MTR001148,ACCT001148,Legacy Meter,2023-07-08,Active
MTR001149,ACCT001149,Smart Meter,2018-03-22,Active
MTR001150,ACCT001150,Smart Meter,2020-11-03,Active
MTR001151,ACCT001151,Smart Meter,2021-09-26,Active
MTR001152,ACCT001152,Smart Meter,2016-06-26,Active
MTR001153,ACCT001153,Smart Meter,2018-06-21,Active
MTR001154,ACCT001154,Smart Meter,2022-10-27,Active
MTR001155,ACCT001155,Smart Meter,2020-10-29,Active
MTR001156,ACCT001156,Smart Meter,2016-08-14,Active
MTR001157,ACCT001157,Smart Meter,2019-10-29,Inactive
MTR001158,ACCT001158,Smart Meter,2022-06-16,Active
MTR001159,ACCT001159,Smart Meter,2019-12-26,Active
MTR001160,ACCT001160,Smart Meter,2021-05-23,Active
MTR001161,ACCT001161,Smart Meter,2021-12-08,Active
MTR001162,ACCT001162,Smart Meter,2018-03-12,Active
MTR001163,ACCT001163,Smart Meter,2015-07-06,Active
MTR001164,ACCT001164,Smart Meter,2024-12-04,Active
MTR001165,ACCT001165,Smart Meter,2024-04-09,Active
MTR001166,ACCT001166,Smart Meter,2019-10-23,Active
MTR001167,ACCT001167,Smart Meter,2022-08-12,Active
MTR001168,ACCT001168,Smart Meter,2019-09-29,Active
MTR001169,ACCT001169,Smart Meter,2022-06-09,Active
MTR001170,ACCT001170,Smart Meter,2022-09-10,Active
MTR001171,ACCT001171,Smart Meter,2024-10-08,Active
MTR001172,ACCT001172,Smart Meter,2015-01-23,Active
MTR001173,ACCT001173,Legacy Meter,2020-08-29,Inactive
MTR001174,ACCT001174,Smart Meter,2014-10-26,Active
MTR001175,ACCT001175,Smart Meter,2014-12-05,Inactive
MTR001176,ACCT001176,Smart Meter,2023-06-23,Active
MTR001177,ACCT001177,Smart Meter,2015-04-19,Active
MTR001178,ACCT001178,Smart Meter,2015-09-08,Inactive
MTR001179,ACCT001179,Smart Meter,2024-08-09,Active
MTR001180,ACCT001180,Smart Meter,2016-08-19,Active
MTR001181,ACCT001181,Smart Meter,2016-03-02,Active
MTR001182,ACCT001182,Smart Meter,2022-10-19,Active
MTR001183,ACCT001183,Smart Meter,2024-08-16,Active
MTR001184,ACCT001184,Smart Meter,2017-04-08,Active
MTR001185,ACCT001185,Smart Meter,2014-01-13,Active
MTR001186,ACCT001186,Smart Meter,2024-03-29,Removed
MTR001187,ACCT001187,Smart Meter,2015-03-25,Active
MTR001188,ACCT001188,Smart Meter,2020-01-31,Active
MTR001189,ACCT001189,Smart Meter,2018-08-25,Active
MTR001190,ACCT001190,Smart Meter,2019-06-06,Active
MTR001191,ACCT001191,Legacy Meter,2017-03-01,Active
MTR001192,ACCT001192,Smart Meter,2023-11-21,Active
MTR001193,ACCT001193,Smart Meter,2021-03-27,Active
MTR001194,ACCT001194,Smart Meter,2019-04-05,Active
MTR001195,ACCT001195,Smart Meter,2022-02-27,Active
MTR001196,ACCT001196,Legacy Meter,2019-03-14,Active
MTR001197,ACCT001197,Smart Meter,2020-05-05,Active
MTR001198,ACCT001198,Smart Meter,2017-06-28,Active
MTR001199,ACCT001199,Smart Meter,2017-10-25,Active
MTR001200,ACCT001200,Smart Meter,2021-04-19,Inactive
MTR001201,ACCT001201,Smart Meter,2016-02-12,Active
MTR001202,ACCT001202,Smart Meter,2021-12-22,Active
MTR001203,ACCT001203,Smart Meter,2021-01-17,Active
MTR001204,ACCT001204,Smart Meter,2018-06-04,Active
MTR001205,ACCT001205,Smart Meter,2016-06-06,Active
MTR001206,ACCT001206,Smart Meter,2023-10-18,Active
MTR001207,ACCT001207,Smart Meter,2021-06-12,Active
MTR001208,ACCT001208,Smart Meter,2020-02-04,Active
MTR001209,ACCT001209,Smart Meter,2024-03-27,Active
MTR001210,ACCT001210,Smart Meter,2023-11-28,Active
MTR001211,ACCT001211,Smart Meter,2020-04-25,Active
MTR001212,ACCT001212,Smart Meter,2014-09-17,Active
MTR001213,ACCT001213,Smart Meter,2022-10-12,Active
MTR001214,ACCT001214,Smart Meter,2023-09-03,Active
MTR001215,ACCT001215,Smart Meter,2018-02-21,Active
MTR001216,ACCT001216,Smart Meter,2015-10-05,Active
MTR001217,ACCT001217,Smart Meter,2019-10-30,Active
MTR001218,ACCT001218,Legacy Meter,2023-06-01,Active
MTR001219,ACCT001219,Smart Meter,2016-12-18,Active
MTR001220,ACCT001220,Smart Meter,2022-08-12,Active
MTR001221,ACCT001221,Smart Meter,2017-06-16,Active
MTR001222,ACCT001222,Smart Meter,2019-12-17,Active
MTR001223,ACCT001223,Smart Meter,2015-02-16,Active
MTR001224,ACCT001224,Smart Meter,2020-06-20,Active
MTR001225,ACCT001225,Smart Meter,2023-06-08,Active
MTR001226,ACCT001226,Smart Meter,2023-08-10,Active
MTR001227,ACCT001227,Smart Meter,2022-10-15,Active
MTR001228,ACCT001228,Legacy Meter,2020-11-07,Inactive
MTR001229,ACCT001229,Smart Meter,2015-09-07,Active
MTR001230,ACCT001230,Smart Meter,2016-06-17,Active
MTR001231,ACCT001231,Smart Meter,2022-01-29,Active
MTR001232,ACCT001232,Smart Meter,2022-06-08,Active
MTR001233,ACCT001233,Smart Meter,2014-08-20,Active
MTR001234,ACCT001234,Legacy Meter,2021-04-12,Active
MTR001235,ACCT001235,Smart Meter,2015-12-31,Active
MTR001236,ACCT001236,Smart Meter,2022-04-01,Active
MTR001237,ACCT001237,Smart Meter,2017-11-21,Active
MTR001238,ACCT001238,Smart Meter,2018-11-08,Active
MTR001239,ACCT001239,Smart Meter,2024-06-02,Active
MTR001240,ACCT001240,Smart Meter,2018-08-31,Active
MTR001241,ACCT001241,Smart Meter,2022-01-08,Active
MTR001242,ACCT001242,Smart Meter,2018-05-17,Active
MTR001243,ACCT001243,Legacy Meter,2014-11-14,Active
MTR001244,ACCT001244,Smart Meter,2018-03-11,Active
MTR001245,ACCT001245,Legacy Meter,2021-01-13,Active
MTR001246,ACCT001246,Smart Meter,2024-06-14,Active
MTR001247,ACCT001247,Smart Meter,2017-01-15,Active
MTR001248,ACCT001248,Smart Meter,2024-07-17,Active
MTR001249,ACCT001249,Legacy Meter,2015-12-17,Active
MTR001250,ACCT001250,Legacy Meter,2017-09-03,Active
MTR001251,ACCT001251,Legacy Meter,2023-04-28,Active
MTR001252,ACCT001252,Legacy Meter,2023-05-25,Active
MTR001253,ACCT001253,Smart Meter,2023-01-26,Active
MTR001254,ACCT001254,Smart Meter,2022-07-25,Active
MTR001255,ACCT001255,Smart Meter,2017-02-07,Active
MTR001256,ACCT001256,Smart Meter,2022-07-18,Inactive
MTR001257,ACCT001257,Legacy Meter,2018-11-14,Active
MTR001258,ACCT001258,Smart Meter,2022-06-15,Active
MTR001259,ACCT001259,Smart Meter,2017-01-01,Active
MTR001260,ACCT001260,Smart Meter,2022-01-10,Active
MTR001261,ACCT001261,Smart Meter,2014-07-21,Active
MTR001262,ACCT001262,Smart Meter,2019-11-11,Active
MTR001263,ACCT001263,Smart Meter,2018-07-31,Active
MTR001264,ACCT001264,Smart Meter,2016-11-22,Active
MTR001265,ACCT001265,Smart Meter,2024-01-20,Active
MTR001266,ACCT001266,Smart Meter,2015-02-23,Active
MTR001267,ACCT001267,Smart Meter,2022-12-19,Active
MTR001268,ACCT001268,Legacy Meter,2021-02-11,Active
MTR001269,ACCT001269,Smart Meter,2015-09-18,Active
MTR001270,ACCT001270,Smart Meter,2016-04-24,Active
MTR001271,ACCT001271,Smart Meter,2024-06-27,Active
MTR001272,ACCT001272,Smart Meter,2019-02-22,Active
MTR001273,ACCT001273,Smart Meter,2019-04-29,Active
MTR001274,ACCT001274,Smart Meter,2022-01-08,Active
MTR001275,ACCT001275,Smart Meter,2021-07-30,Active
MTR001276,ACCT001276,Smart Meter,2023-04-07,Active
MTR001277,ACCT001277,Smart Meter,2022-03-11,Active
MTR001278,ACCT001278,Smart Meter,2023-09-11,Active
MTR001279,ACCT001279,Smart Meter,2015-01-29,Active
MTR001280,ACCT001280,Legacy Meter,2021-10-27,Active
MTR001281,ACCT001281,Smart Meter,2021-12-29,Active
MTR001282,ACCT001282,Smart Meter,2022-12-27,Active
MTR001283,ACCT001283,Smart Meter,2021-12-24,Removed
MTR001284,ACCT001284,Smart Meter,2021-03-03,Active
MTR001285,ACCT001285,Legacy Meter,2022-11-02,Active
MTR001286,ACCT001286,Smart Meter,2021-05-05,Active
MTR001287,ACCT001287,Smart Meter,2015-09-24,Removed
MTR001288,ACCT001288,Smart Meter,2021-10-27,Active
MTR001289,ACCT001289,Smart Meter,2014-11-18,Active
MTR001290,ACCT001290,Smart Meter,2023-08-08,Active
MTR001291,ACCT001291,Smart Meter,2015-07-28,Active
MTR001292,ACCT001292,Smart Meter,2018-08-21,Active
MTR001293,ACCT001293,Smart Meter,2016-11-29,Active
MTR001294,ACCT001294,Smart Meter,2024-06-22,Active
MTR001295,ACCT001295,Smart Meter,2022-07-09,Active
MTR001296,ACCT001296,Smart Meter,2018-01-16,Active
MTR001297,ACCT001297,Smart Meter,2021-12-27,Active
MTR001298,ACCT001298,Smart Meter,2022-12-06,Active
MTR001299,ACCT001299,Smart Meter,2021-08-25,Active
MTR001300,ACCT001300,Smart Meter,2022-06-14,Active
MTR001301,ACCT001301,Legacy Meter,2017-02-21,Active
MTR001302,ACCT001302,Smart Meter,2024-06-08,Active
MTR001303,ACCT001303,Smart Meter,2024-11-14,Active
MTR001304,ACCT001304,Smart Meter,2023-03-06,Active
MTR001305,ACCT001305,Smart Meter,2022-03-04,Active
MTR001306,ACCT001306,Legacy Meter,2016-08-16,Active
MTR001307,ACCT001307,Smart Meter,2014-02-17,Inactive
MTR001308,ACCT001308,Smart Meter,2020-02-15,Active
MTR001309,ACCT001309,Legacy Meter,2020-06-09,Active
MTR001310,ACCT001310,Smart Meter,2018-05-02,Active
MTR001311,ACCT001311,Smart Meter,2024-04-25,Active
MTR001312,ACCT001312,Smart Meter,2022-09-12,Active
MTR001313,ACCT001313,Legacy Meter,2020-08-13,Active
MTR001314,ACCT001314,Smart Meter,2023-10-13,Inactive
MTR001315,ACCT001315,Smart Meter,2015-04-05,Removed
MTR001316,ACCT001316,Smart Meter,2020-04-13,Active
MTR001317,ACCT001317,Smart Meter,2020-04-30,Active
MTR001318,ACCT001318,Smart Meter,2017-05-14,Active
MTR001319,ACCT001319,Smart Meter,2018-03-11,Active
MTR001320,ACCT001320,Smart Meter,2015-06-14,Inactive
MTR001321,ACCT001321,Smart Meter,2017-10-19,Active
MTR001322,ACCT001322,Smart Meter,2024-07-01,Active
MTR001323,ACCT001323,Smart Meter,2021-08-29,Active
MTR001324,ACCT001324,Smart Meter,2017-09-25,Active
MTR001325,ACCT001325,Smart Meter,2015-02-11,Inactive
MTR001326,ACCT001326,Smart Meter,2015-03-29,Active
MTR001327,ACCT001327,Smart Meter,2024-09-09,Active
MTR001328,ACCT001328,Smart Meter,2019-03-16,Active
MTR001329,ACCT001329,Smart Meter,2016-03-24,Active
MTR001330,ACCT001330,Smart Meter,2015-08-01,Active
MTR001331,ACCT001331,Smart Meter,2024-09-24,Active
MTR001332,ACCT001332,Smart Meter,2022-04-01,Active
MTR001333,ACCT001333,Smart Meter,2022-10-27,Active
MTR001334,ACCT001334,Smart Meter,2022-12-09,Active
MTR001335,ACCT001335,Smart Meter,2019-04-16,Active
MTR001336,ACCT001336,Smart Meter,2014-05-27,Active
MTR001337,ACCT001337,Legacy Meter,2015-02-10,Active
MTR001338,ACCT001338,Smart Meter,2014-07-02,Active
MTR001339,ACCT001339,Smart Meter,2022-09-13,Active
MTR001340,ACCT001340,Smart Meter,2014-08-24,Active
MTR001341,ACCT001341,Smart Meter,2015-09-30,Active
MTR001342,ACCT001342,Smart Meter,2022-03-25,Active
MTR001343,ACCT001343,Smart Meter,2014-06-28,Active
MTR001344,ACCT001344,Legacy Meter,2020-10-15,Active
MTR001345,ACCT001345,Smart Meter,2023-07-05,Active
MTR001346,ACCT001346,Smart Meter,2015-06-09,Inactive
MTR001347,ACCT001347,Smart Meter,2021-08-22,Removed
MTR001348,ACCT001348,Legacy Meter,2018-04-13,Active
MTR001349,ACCT001349,Smart Meter,2019-03-30,Active
MTR001350,ACCT001350,Legacy Meter,2020-06-28,Active
MTR001351,ACCT001351,Smart Meter,2017-07-08,Active
MTR001352,ACCT001352,Smart Meter,2018-06-24,Active
MTR001353,ACCT001353,Smart Meter,2018-09-20,Active
MTR001354,ACCT001354,Smart Meter,2020-09-12,Active
MTR001355,ACCT001355,Smart Meter,2014-12-03,Active
MTR001356,ACCT001356,Smart Meter,2023-03-26,Active
MTR001357,ACCT001357,Smart Meter,2014-04-29,Active
MTR001358,ACCT001358,Smart Meter,2018-05-01,Active
MTR001359,ACCT001359,Smart Meter,2020-09-26,Active
MTR001360,ACCT001360,Smart Meter,2015-08-03,Active
MTR001361,ACCT001361,Smart Meter,2023-06-18,Active
MTR001362,ACCT001362,Smart Meter,2023-09-22,Active
MTR001363,ACCT001363,Smart Meter,2020-06-10,Active
MTR001364,ACCT001364,Smart Meter,2024-04-12,Active
MTR001365,ACCT001365,Smart Meter,2024-10-16,Active
MTR001366,ACCT001366,Smart Meter,2014-07-15,Active
MTR001367,ACCT001367,Smart Meter,2014-11-29,Active
MTR001368,ACCT001368,Smart Meter,2022-06-19,Inactive
MTR001369,ACCT001369,Smart Meter,2015-09-15,Active
MTR001370,ACCT001370,Smart Meter,2015-10-20,Active
MTR001371,ACCT001371,Smart Meter,2015-12-05,Active
MTR001372,ACCT001372,Legacy Meter,2017-12-27,Active
MTR001373,ACCT001373,Smart Meter,2016-06-01,Active
MTR001374,ACCT001374,Smart Meter,2017-12-20,Active
MTR001375,ACCT001375,Smart Meter,2017-06-06,Active
MTR001376,ACCT001376,Smart Meter,2015-06-08,Active
MTR001377,ACCT001377,Smart Meter,2020-03-14,Active
MTR001378,ACCT001378,Smart Meter,2016-09-16,Active
MTR001379,ACCT001379,Smart Meter,2024-01-11,Active
MTR001380,ACCT001380,Smart Meter,2020-08-19,Active
MTR001381,ACCT001381,Smart Meter,2014-02-05,Active
MTR001382,ACCT001382,Smart Meter,2016-02-15,Active
MTR001383,ACCT001383,Smart Meter,2014-01-28,Active
MTR001384,ACCT001384,Smart Meter,2023-06-06,Active
MTR001385,ACCT001385,Smart Meter,2014-03-27,Active
MTR001386,ACCT001386,Smart Meter,2020-02-14,Active
MTR001387,ACCT001387,Smart Meter,2020-06-10,Active
MTR001388,ACCT001388,Smart Meter,2021-09-14,Active
MTR001389,ACCT001389,Smart Meter,2023-07-26,Inactive
MTR001390,ACCT001390,Smart Meter,2019-10-29,Active
MTR001391,ACCT001391,Smart Meter,2014-07-05,Active
MTR001392,ACCT001392,Smart Meter,2016-10-25,Active
MTR001393,ACCT001393,Smart Meter,2015-07-12,Active
MTR001394,ACCT001394,Smart Meter,2024-10-12,Active
MTR001395,ACCT001395,Smart Meter,2023-10-09,Active
MTR001396,ACCT001396,Smart Meter,2020-12-31,Active
MTR001397,ACCT001397,Smart Meter,2018-06-26,Active
MTR001398,ACCT001398,Smart Meter,2016-08-28,Active
MTR001399,ACCT001399,Smart Meter,2016-10-22,Active
MTR001400,ACCT001400,Smart Meter,2014-08-05,Active
MTR001401,ACCT001401,Legacy Meter,2023-11-18,Active
MTR001402,ACCT001402,Smart Meter,2014-09-14,Active
MTR001403,ACCT001403,Smart Meter,2024-06-03,Active
MTR001404,ACCT001404,Smart Meter,2018-01-16,Active
MTR001405,ACCT001405,Smart Meter,2017-12-18,Active
MTR001406,ACCT001406,Smart Meter,2014-11-20,Active
MTR001407,ACCT001407,Smart Meter,2023-10-11,Active
MTR001408,ACCT001408,Smart Meter,2018-05-24,Active
MTR001409,ACCT001409,Smart Meter,2020-02-23,Active
MTR001410,ACCT001410,Smart Meter,2015-05-19,Active
MTR001411,ACCT001411,Smart Meter,2023-02-26,Active
MTR001412,ACCT001412,Smart Meter,2015-11-25,Active
MTR001413,ACCT001413,Smart Meter,2016-08-16,Active
MTR001414,ACCT001414,Smart Meter,2019-08-28,Active
MTR001415,ACCT001415,Smart Meter,2019-11-25,Active
MTR001416,ACCT001416,Smart Meter,2023-11-10,Active
MTR001417,ACCT001417,Smart Meter,2014-05-05,Active
MTR001418,ACCT001418,Smart Meter,2015-04-28,Active
MTR001419,ACCT001419,Smart Meter,2024-01-14,Active
MTR001420,ACCT001420,Smart Meter,2022-06-03,Active
MTR001421,ACCT001421,Smart Meter,2021-04-28,Active
MTR001422,ACCT001422,Smart Meter,2020-07-26,Active
MTR001423,ACCT001423,Smart Meter,2014-12-17,Inactive
MTR001424,ACCT001424,Smart Meter,2015-10-11,Active
MTR001425,ACCT001425,Smart Meter,2024-08-06,Active
MTR001426,ACCT001426,Smart Meter,2022-01-27,Active
MTR001427,ACCT001427,Smart Meter,2014-08-16,Active
MTR001428,ACCT001428,Smart Meter,2019-08-26,Active
MTR001429,ACCT001429,Smart Meter,2019-01-08,Active
MTR001430,ACCT001430,Smart Meter,2015-03-01,Active
MTR001431,ACCT001431,Legacy Meter,2020-11-16,Active
MTR001432,ACCT001432,Smart Meter,2015-12-25,Active
MTR001433,ACCT001433,Smart Meter,2023-01-31,Inactive
MTR001434,ACCT001434,Smart Meter,2018-12-27,Active
MTR001435,ACCT001435,Smart Meter,2016-03-04,Active
MTR001436,ACCT001436,Legacy Meter,2014-06-26,Active
MTR001437,ACCT001437,Smart Meter,2021-02-03,Active
MTR001438,ACCT001438,Legacy Meter,2020-12-31,Active
MTR001439,ACCT001439,Smart Meter,2018-05-05,Active
MTR001440,ACCT001440,Smart Meter,2018-08-06,Active
MTR001441,ACCT001441,Smart Meter,2015-07-18,Active
MTR001442,ACCT001442,Smart Meter,2020-03-30,Active
MTR001443,ACCT001443,Smart Meter,2024-04-07,Active
MTR001444,ACCT001444,Smart Meter,2022-07-07,Active
MTR001445,ACCT001445,Smart Meter,2020-12-13,Active
MTR001446,ACCT001446,Smart Meter,2016-10-13,Active
MTR001447,ACCT001447,Smart Meter,2015-03-20,Active
MTR001448,ACCT001448,Legacy Meter,2019-08-30,Active
MTR001449,ACCT001449,Smart Meter,2024-01-31,Active
MTR001450,ACCT001450,Smart Meter,2024-05-26,Active
MTR001451,ACCT001451,Smart Meter,2023-12-07,Active
MTR001452,ACCT001452,Smart Meter,2014-04-21,Active
MTR001453,ACCT001453,Smart Meter,2020-12-09,Active
MTR001454,ACCT001454,Smart Meter,2014-03-30,Active
MTR001455,ACCT001455,Smart Meter,2023-04-14,Inactive
MTR001456,ACCT001456,Smart Meter,2017-02-15,Active
MTR001457,ACCT001457,Smart Meter,2020-10-17,Active
MTR001458,ACCT001458,Smart Meter,2019-04-26,Active
MTR001459,ACCT001459,Smart Meter,2023-01-24,Active
MTR001460,ACCT001460,Smart Meter,2014-03-13,Active
MTR001461,ACCT001461,Smart Meter,2016-04-01,Active
MTR001462,ACCT001462,Smart Meter,2024-11-20,Active
MTR001463,ACCT001463,Smart Meter,2023-07-03,Active
MTR001464,ACCT001464,Smart Meter,2016-03-26,Active
MTR001465,ACCT001465,Smart Meter,2015-02-08,Active
MTR001466,ACCT001466,Smart Meter,2018-08-26,Active
MTR001467,ACCT001467,Smart Meter,2014-09-08,Active
MTR001468,ACCT001468,Smart Meter,2021-12-26,Active
MTR001469,ACCT001469,Smart Meter,2022-12-11,Active
MTR001470,ACCT001470,Smart Meter,2019-08-05,Active
MTR001471,ACCT001471,Smart Meter,2018-05-15,Active
MTR001472,ACCT001472,Smart Meter,2018-06-22,Active
MTR001473,ACCT001473,Smart Meter,2019-05-08,Inactive
MTR001474,ACCT001474,Legacy Meter,2016-05-17,Active
MTR001475,ACCT001475,Smart Meter,2019-03-06,Active
MTR001476,ACCT001476,Smart Meter,2024-01-05,Active
MTR001477,ACCT001477,Smart Meter,2023-01-07,Active
MTR001478,ACCT001478,Smart Meter,2024-02-20,Active
MTR001479,ACCT001479,Smart Meter,2022-11-28,Active
MTR001480,ACCT001480,Smart Meter,2016-06-14,Active
MTR001481,ACCT001481,Smart Meter,2024-05-29,Active
MTR001482,ACCT001482,Smart Meter,2014-09-13,Active
MTR001483,ACCT001483,Smart Meter,2019-04-16,Active
MTR001484,ACCT001484,Smart Meter,2017-01-16,Active
MTR001485,ACCT001485,Smart Meter,2016-05-22,Active
MTR001486,ACCT001486,Smart Meter,2024-07-25,Active
MTR001487,ACCT001487,Smart Meter,2015-05-07,Active
MTR001488,ACCT001488,Smart Meter,2020-07-11,Active
MTR001489,ACCT001489,Smart Meter,2018-04-11,Active
MTR001490,ACCT001490,Smart Meter,2017-12-01,Active
MTR001491,ACCT001491,Smart Meter,2015-09-25,Removed
MTR001492,ACCT001492,Smart Meter,2017-08-05,Active
MTR001493,ACCT001493,Smart Meter,2014-12-28,Active
MTR001494,ACCT001494,Legacy Meter,2018-01-04,Active
MTR001495,ACCT001495,Smart Meter,2022-06-29,Active
MTR001496,ACCT001496,Smart Meter,2016-07-07,Active
MTR001497,ACCT001497,Smart Meter,2024-05-13,Active
MTR001498,ACCT001498,Smart Meter,2016-06-12,Active
MTR001499,ACCT001499,Smart Meter,2023-11-29,Active
MTR001500,ACCT001500,Smart Meter,2021-05-08,Inactive
MTR001501,ACCT001501,Smart Meter,2017-05-31,Active
MTR001502,ACCT001502,Smart Meter,2016-01-17,Active
MTR001503,ACCT001503,Smart Meter,2017-02-21,Active
MTR001504,ACCT001504,Smart Meter,2021-06-23,Active
MTR001505,ACCT001505,Smart Meter,2016-09-29,Active
MTR001506,ACCT001506,Smart Meter,2019-07-15,Active
MTR001507,ACCT001507,Smart Meter,2016-10-03,Active
MTR001508,ACCT001508,Smart Meter,2021-07-03,Active
MTR001509,ACCT001509,Smart Meter,2014-08-03,Active
MTR001510,ACCT001510,Legacy Meter,2019-12-06,Active
MTR001511,ACCT001511,Legacy Meter,2014-08-15,Active
MTR001512,ACCT001512,Smart Meter,2016-06-09,Active
MTR001513,ACCT001513,Smart Meter,2020-10-27,Active
MTR001514,ACCT001514,Smart Meter,2021-02-09,Active
MTR001515,ACCT001515,Smart Meter,2021-11-16,Active
MTR001516,ACCT001516,Legacy Meter,2018-06-20,Active
MTR001517,ACCT001517,Smart Meter,2024-02-21,Active
MTR001518,ACCT001518,Smart Meter,2019-07-20,Active
MTR001519,ACCT001519,Smart Meter,2017-12-31,Active
MTR001520,ACCT001520,Smart Meter,2014-01-12,Active
MTR001521,ACCT001521,Smart Meter,2017-02-19,Active
MTR001522,ACCT001522,Smart Meter,2023-11-28,Active
MTR001523,ACCT001523,Smart Meter,2020-12-11,Active
MTR001524,ACCT001524,Smart Meter,2023-02-05,Active
MTR001525,ACCT001525,Smart Meter,2021-03-11,Active
MTR001526,ACCT001526,Smart Meter,2023-09-24,Active
MTR001527,ACCT001527,Smart Meter,2018-04-23,Active
MTR001528,ACCT001528,Smart Meter,2017-07-27,Active
MTR001529,ACCT001529,Smart Meter,2016-01-12,Active
MTR001530,ACCT001530,Smart Meter,2017-09-22,Active
MTR001531,ACCT001531,Smart Meter,2020-01-25,Inactive
MTR001532,ACCT001532,Smart Meter,2022-03-28,Active
MTR001533,ACCT001533,Smart Meter,2019-05-31,Active
MTR001534,ACCT001534,Smart Meter,2023-04-23,Active
MTR001535,ACCT001535,Smart Meter,2023-01-31,Active
MTR001536,ACCT001536,Smart Meter,2024-01-11,Active
MTR001537,ACCT001537,Smart Meter,2024-02-15,Active
MTR001538,ACCT001538,Smart Meter,2017-08-17,Active
MTR001539,ACCT001539,Smart Meter,2024-05-28,Active
MTR001540,ACCT001540,Smart Meter,2020-02-26,Active
MTR001541,ACCT001541,Smart Meter,2019-04-01,Active
MTR001542,ACCT001542,Smart Meter,2023-10-12,Active
MTR001543,ACCT001543,Smart Meter,2021-12-21,Active
MTR001544,ACCT001544,Smart Meter,2021-09-02,Active
MTR001545,ACCT001545,Smart Meter,2022-06-12,Active
MTR001546,ACCT001546,Smart Meter,2017-10-21,Active
MTR001547,ACCT001547,Legacy Meter,2018-10-09,Active
MTR001548,ACCT001548,Smart Meter,2016-02-13,Inactive
MTR001549,ACCT001549,Smart Meter,2019-11-15,Active
MTR001550,ACCT001550,Smart Meter,2019-10-20,Inactive
MTR001551,ACCT001551,Smart Meter,2016-09-19,Active
MTR001552,ACCT001552,Smart Meter,2019-01-13,Active
MTR001553,ACCT001553,Smart Meter,2019-02-28,Active
MTR001554,ACCT001554,Smart Meter,2024-06-10,Active
MTR001555,ACCT001555,Smart Meter,2020-08-01,Active
MTR001556,ACCT001556,Smart Meter,2016-03-22,Active
MTR001557,ACCT001557,Smart Meter,2021-02-04,Active
MTR001558,ACCT001558,Smart Meter,2023-02-04,Active
MTR001559,ACCT001559,Smart Meter,2020-04-20,Active
MTR001560,ACCT001560,Legacy Meter,2024-07-09,Active
MTR001561,ACCT001561,Smart Meter,2022-11-28,Active
MTR001562,ACCT001562,Smart Meter,2019-02-19,Active
MTR001563,ACCT001563,Smart Meter,2022-04-24,Active
MTR001564,ACCT001564,Smart Meter,2022-11-12,Active
MTR001565,ACCT001565,Smart Meter,2014-01-04,Active
MTR001566,ACCT001566,Smart Meter,2018-01-26,Active
MTR001567,ACCT001567,Smart Meter,2020-01-02,Active
MTR001568,ACCT001568,Smart Meter,2014-06-14,Active
MTR001569,ACCT001569,Smart Meter,2014-12-10,Active
MTR001570,ACCT001570,Smart Meter,2019-03-13,Active
MTR001571,ACCT001571,Smart Meter,2017-02-02,Active
MTR001572,ACCT001572,Smart Meter,2023-11-29,Active
MTR001573,ACCT001573,Smart Meter,2017-08-30,Active
MTR001574,ACCT001574,Smart Meter,2022-11-15,Active
MTR001575,ACCT001575,Smart Meter,2021-01-11,Active
MTR001576,ACCT001576,Smart Meter,2022-02-21,Active
MTR001577,ACCT001577,Smart Meter,2018-06-10,Active
MTR001578,ACCT001578,Smart Meter,2023-08-09,Active
MTR001579,ACCT001579,Smart Meter,2021-04-10,Active
MTR001580,ACCT001580,Smart Meter,2021-01-03,Active
MTR001581,ACCT001581,Smart Meter,2020-09-22,Active
MTR001582,ACCT001582,Smart Meter,2020-10-19,Active
MTR001583,ACCT001583,Smart Meter,2017-08-31,Active
MTR001584,ACCT001584,Smart Meter,2015-06-26,Active
MTR001585,ACCT001585,Smart Meter,2015-09-05,Active
MTR001586,ACCT001586,Smart Meter,2023-12-30,Active
MTR001587,ACCT001587,Smart Meter,2016-06-18,Active
MTR001588,ACCT001588,Smart Meter,2019-02-28,Active
MTR001589,ACCT001589,Legacy Meter,2022-08-01,Active
MTR001590,ACCT001590,Smart Meter,2016-11-21,Active
MTR001591,ACCT001591,Smart Meter,2018-06-11,Active
MTR001592,ACCT001592,Smart Meter,2022-12-27,Active
MTR001593,ACCT001593,Smart Meter,2018-01-26,Active
MTR001594,ACCT001594,Smart Meter,2021-02-23,Active
MTR001595,ACCT001595,Smart Meter,2021-03-07,Active
MTR001596,ACCT001596,Smart Meter,2022-08-18,Active
MTR001597,ACCT001597,Smart Meter,2022-05-28,Active
MTR001598,ACCT001598,Smart Meter,2020-07-18,Active
MTR001599,ACCT001599,Smart Meter,2017-06-09,Active
MTR001600,ACCT001600,Smart Meter,2024-10-24,Active
MTR001601,ACCT001601,Smart Meter,2021-04-14,Active
MTR001602,ACCT001602,Smart Meter,2014-05-09,Active
MTR001603,ACCT001603,Smart Meter,2016-11-08,Inactive
MTR001604,ACCT001604,Smart Meter,2014-12-23,Active
MTR001605,ACCT001605,Smart Meter,2017-12-13,Active
MTR001606,ACCT001606,Smart Meter,2022-03-26,Active
MTR001607,ACCT001607,Smart Meter,2024-01-26,Active
MTR001608,ACCT001608,Smart Meter,2014-03-22,Active
MTR001609,ACCT001609,Smart Meter,2024-02-04,Active
MTR001610,ACCT001610,Smart Meter,2019-03-20,Active
MTR001611,ACCT001611,Smart Meter,2021-06-06,Active
MTR001612,ACCT001612,Smart Meter,2021-09-29,Active
MTR001613,ACCT001613,Smart Meter,2017-02-15,Active
MTR001614,ACCT001614,Smart Meter,2019-02-21,Removed
MTR001615,ACCT001615,Smart Meter,2023-10-06,Active
MTR001616,ACCT001616,Smart Meter,2016-03-01,Active
MTR001617,ACCT001617,Smart Meter,2020-12-14,Active
MTR001618,ACCT001618,Smart Meter,2019-03-14,Active
MTR001619,ACCT001619,Smart Meter,2014-08-13,Active
MTR001620,ACCT001620,Smart Meter,2022-04-23,Active
MTR001621,ACCT001621,Legacy Meter,2020-10-02,Active
MTR001622,ACCT001622,Legacy Meter,2016-02-19,Active
MTR001623,ACCT001623,Smart Meter,2014-05-17,Active
MTR001624,ACCT001624,Smart Meter,2014-08-14,Active
MTR001625,ACCT001625,Smart Meter,2023-04-29,Active
MTR001626,ACCT001626,Smart Meter,2017-06-06,Active
MTR001627,ACCT001627,Smart Meter,2020-06-28,Active
MTR001628,ACCT001628,Smart Meter,2022-09-15,Active
MTR001629,ACCT001629,Smart Meter,2016-03-22,Active
MTR001630,ACCT001630,Smart Meter,2020-10-28,Active
MTR001631,ACCT001631,Smart Meter,2019-04-25,Active
MTR001632,ACCT001632,Smart Meter,2014-01-07,Active
MTR001633,ACCT001633,Smart Meter,2014-05-08,Active
MTR001634,ACCT001634,Legacy Meter,2023-05-18,Active
MTR001635,ACCT001635,Legacy Meter,2014-09-24,Active
MTR001636,ACCT001636,Smart Meter,2021-06-25,Active
MTR001637,ACCT001637,Smart Meter,2016-07-16,Active
MTR001638,ACCT001638,Smart Meter,2014-08-02,Active
MTR001639,ACCT001639,Smart Meter,2014-09-04,Active
MTR001640,ACCT001640,Smart Meter,2018-06-30,Active
MTR001641,ACCT001641,Smart Meter,2018-06-07,Inactive
MTR001642,ACCT001642,Smart Meter,2019-01-02,Active
MTR001643,ACCT001643,Smart Meter,2023-06-08,Active
MTR001644,ACCT001644,Legacy Meter,2015-02-25,Active
MTR001645,ACCT001645,Smart Meter,2018-10-05,Active
MTR001646,ACCT001646,Smart Meter,2016-11-30,Active
MTR001647,ACCT001647,Smart Meter,2021-07-27,Active
MTR001648,ACCT001648,Smart Meter,2017-10-03,Active
MTR001649,ACCT001649,Smart Meter,2023-12-12,Active
MTR001650,ACCT001650,Smart Meter,2014-05-23,Active
MTR001651,ACCT001651,Smart Meter,2019-12-29,Active
MTR001652,ACCT001652,Smart Meter,2021-02-25,Active
MTR001653,ACCT001653,Smart Meter,2019-11-25,Active
MTR001654,ACCT001654,Smart Meter,2019-09-12,Active
MTR001655,ACCT001655,Smart Meter,2022-12-16,Active
MTR001656,ACCT001656,Smart Meter,2019-12-07,Active
MTR001657,ACCT001657,Smart Meter,2018-12-29,Inactive
MTR001658,ACCT001658,Smart Meter,2014-08-17,Inactive
MTR001659,ACCT001659,Smart Meter,2024-02-19,Active
MTR001660,ACCT001660,Legacy Meter,2021-06-28,Active
MTR001661,ACCT001661,Smart Meter,2019-06-11,Active
MTR001662,ACCT001662,Smart Meter,2022-12-01,Removed
MTR001663,ACCT001663,Smart Meter,2016-04-09,Active
MTR001664,ACCT001664,Smart Meter,2022-05-17,Active
MTR001665,ACCT001665,Smart Meter,2016-04-29,Active
MTR001666,ACCT001666,Smart Meter,2017-05-23,Active
MTR001667,ACCT001667,Smart Meter,2021-08-12,Active
MTR001668,ACCT001668,Smart Meter,2017-02-27,Active
MTR001669,ACCT001669,Smart Meter,2016-04-24,Active
MTR001670,ACCT001670,Smart Meter,2020-05-08,Active
MTR001671,ACCT001671,Smart Meter,2024-06-26,Active
MTR001672,ACCT001672,Smart Meter,2021-05-06,Active
MTR001673,ACCT001673,Smart Meter,2022-06-07,Active
MTR001674,ACCT001674,Legacy Meter,2015-02-07,Active
MTR001675,ACCT001675,Smart Meter,2022-02-23,Active
MTR001676,ACCT001676,Smart Meter,2018-05-22,Active
MTR001677,ACCT001677,Smart Meter,2015-09-19,Active
MTR001678,ACCT001678,Smart Meter,2023-06-03,Active
MTR001679,ACCT001679,Smart Meter,2018-12-29,Active
MTR001680,ACCT001680,Smart Meter,2021-04-18,Active
MTR001681,ACCT001681,Legacy Meter,2016-09-07,Active
MTR001682,ACCT001682,Smart Meter,2021-01-28,Active
MTR001683,ACCT001683,Smart Meter,2016-12-12,Active
MTR001684,ACCT001684,Smart Meter,2020-04-13,Active
MTR001685,ACCT001685,Smart Meter,2020-07-12,Removed
MTR001686,ACCT001686,Legacy Meter,2023-03-07,Active
MTR001687,ACCT001687,Smart Meter,2014-02-02,Active
MTR001688,ACCT001688,Smart Meter,2016-03-09,Active
MTR001689,ACCT001689,Smart Meter,2021-02-08,Active
MTR001690,ACCT001690,Smart Meter,2017-09-28,Active
MTR001691,ACCT001691,Smart Meter,2022-01-17,Active
MTR001692,ACCT001692,Smart Meter,2017-06-16,Active
MTR001693,ACCT001693,Smart Meter,2023-10-04,Active
MTR001694,ACCT001694,Smart Meter,2021-08-08,Active
MTR001695,ACCT001695,Smart Meter,2022-11-23,Active
MTR001696,ACCT001696,Smart Meter,2019-09-23,Active
MTR001697,ACCT001697,Smart Meter,2014-10-31,Active
MTR001698,ACCT001698,Smart Meter,2018-08-21,Active
MTR001699,ACCT001699,Smart Meter,2020-05-05,Active
MTR001700,ACCT001700,Smart Meter,2021-06-23,Active
MTR001701,ACCT001701,Smart Meter,2019-07-24,Active
MTR001702,ACCT001702,Smart Meter,2018-10-23,Active
MTR001703,ACCT001703,Legacy Meter,2015-02-04,Active
MTR001704,ACCT001704,Smart Meter,2024-06-10,Active
MTR001705,ACCT001705,Smart Meter,2021-04-04,Active
MTR001706,ACCT001706,Smart Meter,2016-07-10,Active
MTR001707,ACCT001707,Legacy Meter,2022-04-07,Removed
MTR001708,ACCT001708,Smart Meter,2020-10-14,Inactive
MTR001709,ACCT001709,Smart Meter,2015-02-25,Active
MTR001710,ACCT001710,Smart Meter,2019-12-19,Active
MTR001711,ACCT001711,Smart Meter,2017-12-04,Active
MTR001712,ACCT001712,Smart Meter,2024-06-06,Active
MTR001713,ACCT001713,Smart Meter,2017-06-02,Active
MTR001714,ACCT001714,Smart Meter,2017-03-12,Active
MTR001715,ACCT001715,Smart Meter,2015-08-01,Active
MTR001716,ACCT001716,Smart Meter,2015-06-24,Active
MTR001717,ACCT001717,Smart Meter,2019-12-13,Active
MTR001718,ACCT001718,Smart Meter,2017-05-20,Active
MTR001719,ACCT001719,Smart Meter,2016-07-22,Active
MTR001720,ACCT001720,Smart Meter,2023-08-01,Active
MTR001721,ACCT001721,Smart Meter,2017-12-31,Active
MTR001722,ACCT001722,Legacy Meter,2015-08-15,Active
MTR001723,ACCT001723,Smart Meter,2017-06-15,Active
MTR001724,ACCT001724,Smart Meter,2015-10-06,Active
MTR001725,ACCT001725,Smart Meter,2014-11-24,Active
MTR001726,ACCT001726,Smart Meter,2021-10-30,Active
MTR001727,ACCT001727,Smart Meter,2017-02-16,Active
MTR001728,ACCT001728,Smart Meter,2019-09-25,Active
MTR001729,ACCT001729,Smart Meter,2019-11-02,Active
MTR001730,ACCT001730,Smart Meter,2021-10-12,Active
MTR001731,ACCT001731,Smart Meter,2014-12-18,Active
MTR001732,ACCT001732,Smart Meter,2016-11-02,Active
MTR001733,ACCT001733,Legacy Meter,2015-09-29,Active
MTR001734,ACCT001734,Smart Meter,2024-09-13,Active
MTR001735,ACCT001735,Smart Meter,2017-04-10,Active
MTR001736,ACCT001736,Legacy Meter,2014-08-22,Active
MTR001737,ACCT001737,Smart Meter,2022-11-27,Active
MTR001738,ACCT001738,Smart Meter,2022-07-20,Active
MTR001739,ACCT001739,Smart Meter,2016-02-20,Active
MTR001740,ACCT001740,Smart Meter,2021-06-21,Active
MTR001741,ACCT001741,Smart Meter,2017-11-19,Active
MTR001742,ACCT001742,Smart Meter,2016-07-21,Active
MTR001743,ACCT001743,Smart Meter,2024-09-04,Active
MTR001744,ACCT001744,Smart Meter,2018-12-29,Inactive
MTR001745,ACCT001745,Smart Meter,2023-08-02,Active
MTR001746,ACCT001746,Smart Meter,2023-02-28,Active
MTR001747,ACCT001747,Smart Meter,2016-05-10,Active
MTR001748,ACCT001748,Smart Meter,2017-05-15,Active
MTR001749,ACCT001749,Smart Meter,2020-01-05,Active
MTR001750,ACCT001750,Smart Meter,2014-10-27,Active
MTR001751,ACCT001751,Smart Meter,2019-05-10,Active
MTR001752,ACCT001752,Smart Meter,2018-01-16,Active
MTR001753,ACCT001753,Smart Meter,2019-07-17,Active
MTR001754,ACCT001754,Smart Meter,2021-02-09,Active
MTR001755,ACCT001755,Smart Meter,2024-04-02,Active
MTR001756,ACCT001756,Smart Meter,2022-04-14,Active
MTR001757,ACCT001757,Smart Meter,2020-08-27,Active
MTR001758,ACCT001758,Smart Meter,2024-07-25,Active
MTR001759,ACCT001759,Smart Meter,2019-05-25,Active
MTR001760,ACCT001760,Smart Meter,2021-10-18,Active
MTR001761,ACCT001761,Legacy Meter,2024-02-07,Active
MTR001762,ACCT001762,Legacy Meter,2015-06-18,Active
MTR001763,ACCT001763,Smart Meter,2017-06-10,Active
MTR001764,ACCT001764,Smart Meter,2018-07-16,Active
MTR001765,ACCT001765,Smart Meter,2017-02-26,Active
MTR001766,ACCT001766,Smart Meter,2024-08-29,Active
MTR001767,ACCT001767,Smart Meter,2018-10-19,Active
MTR001768,ACCT001768,Smart Meter,2018-08-11,Active
MTR001769,ACCT001769,Smart Meter,2021-03-02,Active
MTR001770,ACCT001770,Smart Meter,2022-02-26,Active
MTR001771,ACCT001771,Smart Meter,2014-08-25,Active
MTR001772,ACCT001772,Legacy Meter,2024-01-02,Active
MTR001773,ACCT001773,Smart Meter,2022-04-02,Active
MTR001774,ACCT001774,Smart Meter,2015-12-02,Active
MTR001775,ACCT001775,Smart Meter,2021-09-02,Inactive
MTR001776,ACCT001776,Smart Meter,2015-07-29,Active
MTR001777,ACCT001777,Smart Meter,2023-09-27,Active
MTR001778,ACCT001778,Smart Meter,2023-01-26,Active
MTR001779,ACCT001779,Smart Meter,2022-03-24,Active
MTR001780,ACCT001780,Smart Meter,2022-05-23,Active
MTR001781,ACCT001781,Smart Meter,2018-09-17,Active
MTR001782,ACCT001782,Smart Meter,2016-02-10,Active
MTR001783,ACCT001783,Smart Meter,2018-10-31,Active
MTR001784,ACCT001784,Smart Meter,2014-08-11,Active
MTR001785,ACCT001785,Smart Meter,2017-01-27,Active
MTR001786,ACCT001786,Smart Meter,2024-06-27,Active
MTR001787,ACCT001787,Smart Meter,2021-02-17,Active
MTR001788,ACCT001788,Smart Meter,2022-02-06,Active
MTR001789,ACCT001789,Smart Meter,2020-05-09,Active
MTR001790,ACCT001790,Smart Meter,2017-11-23,Active
MTR001791,ACCT001791,Smart Meter,2018-03-21,Active
MTR001792,ACCT001792,Smart Meter,2019-06-29,Active
MTR001793,ACCT001793,Smart Meter,2015-03-06,Removed
MTR001794,ACCT001794,Smart Meter,2015-06-07,Active
MTR001795,ACCT001795,Smart Meter,2022-03-27,Active
MTR001796,ACCT001796,Smart Meter,2017-10-03,Active
MTR001797,ACCT001797,Smart Meter,2022-02-05,Active
MTR001798,ACCT001798,Smart Meter,2018-04-24,Active
MTR001799,ACCT001799,Smart Meter,2020-11-03,Active
MTR001800,ACCT001800,Smart Meter,2019-05-29,Active
MTR001801,ACCT001801,Smart Meter,2022-05-18,Active
MTR001802,ACCT001802,Smart Meter,2019-09-21,Active
MTR001803,ACCT001803,Smart Meter,2018-10-05,Active
MTR001804,ACCT001804,Smart Meter,2014-04-04,Removed
MTR001805,ACCT001805,Legacy Meter,2020-12-08,Inactive
MTR001806,ACCT001806,Smart Meter,2021-01-08,Active
MTR001807,ACCT001807,Smart Meter,2023-12-15,Active
MTR001808,ACCT001808,Smart Meter,2017-03-19,Active
MTR001809,ACCT001809,Smart Meter,2021-07-27,Active
MTR001810,ACCT001810,Legacy Meter,2024-08-19,Active
MTR001811,ACCT001811,Smart Meter,2015-05-14,Removed
MTR001812,ACCT001812,Smart Meter,2020-08-15,Inactive
MTR001813,ACCT001813,Smart Meter,2016-09-07,Active
MTR001814,ACCT001814,Smart Meter,2021-07-09,Active
MTR001815,ACCT001815,Smart Meter,2015-04-30,Active
MTR001816,ACCT001816,Legacy Meter,2015-10-27,Active
MTR001817,ACCT001817,Smart Meter,2023-06-17,Active
MTR001818,ACCT001818,Smart Meter,2015-09-20,Active
MTR001819,ACCT001819,Smart Meter,2018-08-12,Active
MTR001820,ACCT001820,Smart Meter,2016-01-02,Active
MTR001821,ACCT001821,Smart Meter,2014-07-11,Active
MTR001822,ACCT001822,Smart Meter,2018-11-04,Active
MTR001823,ACCT001823,Smart Meter,2021-11-23,Active
MTR001824,ACCT001824,Smart Meter,2017-05-29,Active
MTR001825,ACCT001825,Smart Meter,2016-12-06,Active
MTR001826,ACCT001826,Smart Meter,2019-12-15,Active
MTR001827,ACCT001827,Smart Meter,2024-08-10,Active
MTR001828,ACCT001828,Smart Meter,2021-08-06,Active
MTR001829,ACCT001829,Smart Meter,2022-06-06,Active
MTR001830,ACCT001830,Smart Meter,2015-11-27,Active
MTR001831,ACCT001831,Legacy Meter,2017-02-13,Active
MTR001832,ACCT001832,Smart Meter,2015-07-18,Active
MTR001833,ACCT001833,Smart Meter,2020-08-10,Active
MTR001834,ACCT001834,Smart Meter,2022-07-15,Active
MTR001835,ACCT001835,Legacy Meter,2020-09-06,Active
MTR001836,ACCT001836,Smart Meter,2022-03-21,Active
MTR001837,ACCT001837,Smart Meter,2014-01-23,Active
MTR001838,ACCT001838,Smart Meter,2022-10-08,Active
MTR001839,ACCT001839,Smart Meter,2022-10-04,Active
MTR001840,ACCT001840,Smart Meter,2015-03-21,Active
MTR001841,ACCT001841,Legacy Meter,2016-02-16,Active
MTR001842,ACCT001842,Smart Meter,2019-08-07,Active
MTR001843,ACCT001843,Smart Meter,2023-04-04,Active
MTR001844,ACCT001844,Smart Meter,2015-12-09,Active
MTR001845,ACCT001845,Smart Meter,2015-03-09,Inactive
MTR001846,ACCT001846,Smart Meter,2015-04-18,Active
MTR001847,ACCT001847,Smart Meter,2014-02-17,Active
MTR001848,ACCT001848,Smart Meter,2019-03-30,Active
MTR001849,ACCT001849,Smart Meter,2017-01-10,Active
MTR001850,ACCT001850,Smart Meter,2022-09-16,Inactive
MTR001851,ACCT001851,Smart Meter,2020-04-29,Active
MTR001852,ACCT001852,Smart Meter,2019-03-06,Active
MTR001853,ACCT001853,Smart Meter,2022-06-30,Active
MTR001854,ACCT001854,Smart Meter,2014-12-24,Active
MTR001855,ACCT001855,Smart Meter,2015-07-22,Active
MTR001856,ACCT001856,Legacy Meter,2015-04-25,Active
MTR001857,ACCT001857,Smart Meter,2016-05-16,Active
MTR001858,ACCT001858,Smart Meter,2022-12-05,Active
MTR001859,ACCT001859,Smart Meter,2016-10-25,Active
MTR001860,ACCT001860,Smart Meter,2023-03-12,Active
MTR001861,ACCT001861,Smart Meter,2018-12-19,Active
MTR001862,ACCT001862,Smart Meter,2024-03-17,Active
MTR001863,ACCT001863,Smart Meter,2017-11-18,Active
MTR001864,ACCT001864,Smart Meter,2023-08-28,Active
MTR001865,ACCT001865,Smart Meter,2015-12-09,Active
MTR001866,ACCT001866,Smart Meter,2020-10-09,Active
MTR001867,ACCT001867,Smart Meter,2016-11-16,Active
MTR001868,ACCT001868,Smart Meter,2014-05-07,Active
MTR001869,ACCT001869,Smart Meter,2019-12-23,Active
MTR001870,ACCT001870,Smart Meter,2023-11-16,Active
MTR001871,ACCT001871,Smart Meter,2020-07-06,Inactive
MTR001872,ACCT001872,Smart Meter,2018-07-11,Active
MTR001873,ACCT001873,Smart Meter,2020-09-05,Active
MTR001874,ACCT001874,Smart Meter,2014-01-08,Active
MTR001875,ACCT001875,Smart Meter,2015-09-05,Active
MTR001876,ACCT001876,Smart Meter,2017-07-08,Active
MTR001877,ACCT001877,Smart Meter,2017-05-07,Active
MTR001878,ACCT001878,Smart Meter,2015-08-21,Active
MTR001879,ACCT001879,Smart Meter,2018-10-30,Active
MTR001880,ACCT001880,Smart Meter,2015-01-21,Active
MTR001881,ACCT001881,Smart Meter,2020-11-24,Active
MTR001882,ACCT001882,Smart Meter,2014-06-28,Active
MTR001883,ACCT001883,Smart Meter,2020-11-02,Active
MTR001884,ACCT001884,Smart Meter,2023-01-25,Active
MTR001885,ACCT001885,Smart Meter,2023-11-05,Active
MTR001886,ACCT001886,Smart Meter,2016-03-25,Active
MTR001887,ACCT001887,Smart Meter,2024-06-14,Active
MTR001888,ACCT001888,Smart Meter,2022-11-29,Active
MTR001889,ACCT001889,Smart Meter,2018-12-23,Active
MTR001890,ACCT001890,Smart Meter,2014-12-24,Active
MTR001891,ACCT001891,Smart Meter,2020-08-20,Active
MTR001892,ACCT001892,Smart Meter,2024-12-26,Active
MTR001893,ACCT001893,Legacy Meter,2015-12-03,Active
MTR001894,ACCT001894,Legacy Meter,2021-11-25,Active
MTR001895,ACCT001895,Smart Meter,2018-10-17,Active
MTR001896,ACCT001896,Legacy Meter,2024-07-08,Active
MTR001897,ACCT001897,Legacy Meter,2021-01-29,Active
MTR001898,ACCT001898,Smart Meter,2016-02-21,Active
MTR001899,ACCT001899,Legacy Meter,2014-03-23,Active
MTR001900,ACCT001900,Smart Meter,2023-05-23,Active
MTR001901,ACCT001901,Smart Meter,2014-07-04,Active
MTR001902,ACCT001902,Smart Meter,2020-05-24,Inactive
MTR001903,ACCT001903,Smart Meter,2022-07-31,Active
MTR001904,ACCT001904,Smart Meter,2016-06-01,Active
MTR001905,ACCT001905,Smart Meter,2015-05-22,Active
MTR001906,ACCT001906,Smart Meter,2019-08-04,Active
MTR001907,ACCT001907,Smart Meter,2018-01-25,Active
MTR001908,ACCT001908,Smart Meter,2014-01-30,Active
MTR001909,ACCT001909,Smart Meter,2019-04-17,Active
MTR001910,ACCT001910,Smart Meter,2022-03-03,Active
MTR001911,ACCT001911,Smart Meter,2019-09-10,Active
MTR001912,ACCT001912,Smart Meter,2017-08-09,Active
MTR001913,ACCT001913,Smart Meter,2017-04-11,Active
MTR001914,ACCT001914,Smart Meter,2024-02-03,Active
MTR001915,ACCT001915,Smart Meter,2017-02-25,Active
MTR001916,ACCT001916,Smart Meter,2014-03-27,Inactive
MTR001917,ACCT001917,Legacy Meter,2017-08-31,Active
MTR001918,ACCT001918,Smart Meter,2019-09-07,Removed
MTR001919,ACCT001919,Smart Meter,2019-12-10,Active
MTR001920,ACCT001920,Smart Meter,2017-06-28,Active
MTR001921,ACCT001921,Smart Meter,2021-03-05,Active
MTR001922,ACCT001922,Smart Meter,2020-09-16,Active
MTR001923,ACCT001923,Smart Meter,2015-11-14,Active
MTR001924,ACCT001924,Smart Meter,2023-08-16,Inactive
MTR001925,ACCT001925,Smart Meter,2014-09-29,Active
MTR001926,ACCT001926,Smart Meter,2021-11-24,Active
MTR001927,ACCT001927,Smart Meter,2019-01-10,Active
MTR001928,ACCT001928,Smart Meter,2019-12-01,Active
MTR001929,ACCT001929,Legacy Meter,2018-09-26,Active
MTR001930,ACCT001930,Smart Meter,2017-11-18,Active
MTR001931,ACCT001931,Smart Meter,2024-12-28,Active
MTR001932,ACCT001932,Smart Meter,2014-01-19,Active
MTR001933,ACCT001933,Smart Meter,2019-02-19,Active
MTR001934,ACCT001934,Smart Meter,2021-04-06,Active
MTR001935,ACCT001935,Smart Meter,2024-05-28,Active
MTR001936,ACCT001936,Smart Meter,2015-04-10,Active
MTR001937,ACCT001937,Smart Meter,2015-11-22,Active
MTR001938,ACCT001938,Smart Meter,2016-10-07,Active
MTR001939,ACCT001939,Smart Meter,2024-11-24,Active
MTR001940,ACCT001940,Smart Meter,2017-04-29,Active
MTR001941,ACCT001941,Smart Meter,2018-02-25,Active
MTR001942,ACCT001942,Smart Meter,2024-11-27,Active
MTR001943,ACCT001943,Smart Meter,2022-05-20,Active
MTR001944,ACCT001944,Smart Meter,2014-06-12,Active
MTR001945,ACCT001945,Smart Meter,2018-06-24,Active
MTR001946,ACCT001946,Smart Meter,2021-07-09,Active
MTR001947,ACCT001947,Smart Meter,2014-10-22,Active
MTR001948,ACCT001948,Smart Meter,2015-08-02,Active
MTR001949,ACCT001949,Smart Meter,2022-08-11,Active
MTR001950,ACCT001950,Smart Meter,2018-11-03,Active
MTR001951,ACCT001951,Smart Meter,2021-07-11,Inactive
MTR001952,ACCT001952,Smart Meter,2018-05-05,Active
MTR001953,ACCT001953,Legacy Meter,2023-04-04,Active
MTR001954,ACCT001954,Smart Meter,2020-06-07,Active
MTR001955,ACCT001955,Smart Meter,2017-08-24,Active
MTR001956,ACCT001956,Smart Meter,2019-12-12,Active
MTR001957,ACCT001957,Smart Meter,2021-06-09,Active
MTR001958,ACCT001958,Smart Meter,2023-02-15,Inactive
MTR001959,ACCT001959,Smart Meter,2014-07-14,Active
MTR001960,ACCT001960,Smart Meter,2016-04-21,Active
MTR001961,ACCT001961,Smart Meter,2020-07-26,Removed
MTR001962,ACCT001962,Smart Meter,2019-02-10,Active
MTR001963,ACCT001963,Smart Meter,2018-11-27,Active
MTR001964,ACCT001964,Smart Meter,2024-12-21,Active
MTR001965,ACCT001965,Smart Meter,2015-05-04,Active
MTR001966,ACCT001966,Smart Meter,2020-02-26,Active
MTR001967,ACCT001967,Smart Meter,2022-01-10,Active
MTR001968,ACCT001968,Smart Meter,2020-12-30,Active
MTR001969,ACCT001969,Smart Meter,2022-01-24,Active
MTR001970,ACCT001970,Smart Meter,2018-05-23,Active
MTR001971,ACCT001971,Smart Meter,2015-03-22,Active
MTR001972,ACCT001972,Smart Meter,2014-03-21,Active
MTR001973,ACCT001973,Smart Meter,2016-01-15,Active
MTR001974,ACCT001974,Smart Meter,2021-07-08,Active
MTR001975,ACCT001975,Smart Meter,2024-02-06,Active
MTR001976,ACCT001976,Smart Meter,2023-09-11,Active
MTR001977,ACCT001977,Smart Meter,2019-02-04,Active
MTR001978,ACCT001978,Smart Meter,2018-01-05,Active
MTR001979,ACCT001979,Smart Meter,2016-07-19,Active
MTR001980,ACCT001980,Smart Meter,2021-05-25,Active
MTR001981,ACCT001981,Smart Meter,2019-04-19,Active
MTR001982,ACCT001982,Smart Meter,2022-01-28,Active
MTR001983,ACCT001983,Smart Meter,2014-09-29,Active
MTR001984,ACCT001984,Smart Meter,2017-09-28,Active
MTR001985,ACCT001985,Smart Meter,2019-12-12,Active
MTR001986,ACCT001986,Smart Meter,2023-01-08,Active
MTR001987,ACCT001987,Smart Meter,2018-02-22,Active
MTR001988,ACCT001988,Smart Meter,2015-11-17,Active
MTR001989,ACCT001989,Smart Meter,2018-09-23,Active
MTR001990,ACCT001990,Smart Meter,2015-10-14,Inactive
MTR001991,ACCT001991,Smart Meter,2014-10-24,Active
MTR001992,ACCT001992,Smart Meter,2017-02-16,Active
MTR001993,ACCT001993,Smart Meter,2021-10-05,Inactive
MTR001994,ACCT001994,Smart Meter,2022-08-14,Active
MTR001995,ACCT001995,Smart Meter,2015-09-13,Inactive
MTR001996,ACCT001996,Smart Meter,2018-07-13,Active
MTR001997,ACCT001997,Smart Meter,2022-04-09,Active
MTR001998,ACCT001998,Smart Meter,2022-01-07,Active
MTR001999,ACCT001999,Smart Meter,2023-02-12,Active
MTR002000,ACCT002000,Smart Meter,2023-11-13,Active
MTR002001,ACCT002001,Smart Meter,2018-07-13,Active
MTR002002,ACCT002002,Smart Meter,2020-07-26,Active
MTR002003,ACCT002003,Smart Meter,2018-07-31,Active
MTR002004,ACCT002004,Smart Meter,2023-03-03,Active
MTR002005,ACCT002005,Smart Meter,2014-09-12,Active
MTR002006,ACCT002006,Smart Meter,2017-07-11,Active
MTR002007,ACCT002007,Smart Meter,2021-06-19,Active
MTR002008,ACCT002008,Smart Meter,2024-04-06,Active
MTR002009,ACCT002009,Smart Meter,2014-01-29,Active
MTR002010,ACCT002010,Smart Meter,2020-11-19,Removed
MTR002011,ACCT002011,Smart Meter,2016-11-24,Inactive
MTR002012,ACCT002012,Smart Meter,2016-01-19,Active
MTR002013,ACCT002013,Legacy Meter,2017-08-10,Active
MTR002014,ACCT002014,Smart Meter,2015-08-25,Active
MTR002015,ACCT002015,Smart Meter,2022-12-19,Active
MTR002016,ACCT002016,Smart Meter,2021-08-19,Active
MTR002017,ACCT002017,Smart Meter,2022-02-26,Active
MTR002018,ACCT002018,Smart Meter,2016-12-27,Active
MTR002019,ACCT002019,Smart Meter,2014-05-11,Active
MTR002020,ACCT002020,Smart Meter,2024-10-23,Active
MTR002021,ACCT002021,Smart Meter,2014-04-21,Active
MTR002022,ACCT002022,Smart Meter,2021-01-15,Active
MTR002023,ACCT002023,Smart Meter,2023-03-14,Active
MTR002024,ACCT002024,Smart Meter,2021-06-27,Removed
MTR002025,ACCT002025,Smart Meter,2016-04-10,Active
MTR002026,ACCT002026,Smart Meter,2015-10-28,Active
MTR002027,ACCT002027,Smart Meter,2016-12-02,Active
MTR002028,ACCT002028,Smart Meter,2016-05-24,Active
MTR002029,ACCT002029,Smart Meter,2024-05-16,Active
MTR002030,ACCT002030,Legacy Meter,2024-04-13,Active
MTR002031,ACCT002031,Smart Meter,2017-08-10,Active
MTR002032,ACCT002032,Smart Meter,2014-10-12,Active
MTR002033,ACCT002033,Smart Meter,2021-11-10,Active
MTR002034,ACCT002034,Smart Meter,2015-07-18,Active
MTR002035,ACCT002035,Smart Meter,2024-02-16,Active
MTR002036,ACCT002036,Smart Meter,2014-01-19,Active
MTR002037,ACCT002037,Legacy Meter,2023-10-19,Active
MTR002038,ACCT002038,Smart Meter,2015-07-01,Active
MTR002039,ACCT002039,Smart Meter,2014-02-17,Active
MTR002040,ACCT002040,Smart Meter,2018-11-04,Active
MTR002041,ACCT002041,Smart Meter,2019-08-05,Active
MTR002042,ACCT002042,Smart Meter,2014-08-07,Active
MTR002043,ACCT002043,Smart Meter,2024-02-11,Active
MTR002044,ACCT002044,Smart Meter,2016-02-05,Active
MTR002045,ACCT002045,Smart Meter,2022-12-04,Active
MTR002046,ACCT002046,Smart Meter,2019-09-10,Active
MTR002047,ACCT002047,Smart Meter,2020-04-25,Active
MTR002048,ACCT002048,Smart Meter,2024-04-04,Removed
MTR002049,ACCT002049,Smart Meter,2023-05-09,Active
MTR002050,ACCT002050,Smart Meter,2014-11-04,Active
MTR002051,ACCT002051,Legacy Meter,2022-08-09,Active
MTR002052,ACCT002052,Smart Meter,2020-06-12,Active
MTR002053,ACCT002053,Smart Meter,2015-07-22,Active
MTR002054,ACCT002054,Smart Meter,2017-01-27,Active
MTR002055,ACCT002055,Smart Meter,2019-08-31,Active
MTR002056,ACCT002056,Smart Meter,2024-11-12,Active
MTR002057,ACCT002057,Smart Meter,2024-02-09,Active
MTR002058,ACCT002058,Smart Meter,2023-12-16,Active
MTR002059,ACCT002059,Smart Meter,2022-06-05,Active
MTR002060,ACCT002060,Smart Meter,2014-08-19,Active
MTR002061,ACCT002061,Smart Meter,2014-03-23,Inactive
MTR002062,ACCT002062,Smart Meter,2022-03-25,Active
MTR002063,ACCT002063,Smart Meter,2014-08-05,Active
MTR002064,ACCT002064,Smart Meter,2014-12-01,Active
MTR002065,ACCT002065,Smart Meter,2015-07-13,Active
MTR002066,ACCT002066,Smart Meter,2021-12-21,Active
MTR002067,ACCT002067,Smart Meter,2016-05-23,Active
MTR002068,ACCT002068,Smart Meter,2016-01-23,Inactive
MTR002069,ACCT002069,Smart Meter,2024-04-19,Active
MTR002070,ACCT002070,Smart Meter,2015-08-17,Active
MTR002071,ACCT002071,Smart Meter,2018-12-28,Active
MTR002072,ACCT002072,Smart Meter,2021-07-14,Active
MTR002073,ACCT002073,Smart Meter,2022-02-20,Active
MTR002074,ACCT002074,Smart Meter,2018-08-06,Inactive
MTR002075,ACCT002075,Smart Meter,2024-09-02,Active
MTR002076,ACCT002076,Smart Meter,2024-07-29,Active
MTR002077,ACCT002077,Smart Meter,2024-12-19,Active
MTR002078,ACCT002078,Smart Meter,2015-07-07,Active
MTR002079,ACCT002079,Smart Meter,2018-01-22,Active
MTR002080,ACCT002080,Smart Meter,2016-02-22,Active
MTR002081,ACCT002081,Smart Meter,2019-11-05,Active
MTR002082,ACCT002082,Legacy Meter,2023-10-27,Active
MTR002083,ACCT002083,Smart Meter,2024-05-22,Active
MTR002084,ACCT002084,Smart Meter,2015-05-28,Active
MTR002085,ACCT002085,Smart Meter,2016-09-10,Active
MTR002086,ACCT002086,Smart Meter,2022-05-15,Active
MTR002087,ACCT002087,Legacy Meter,2015-08-10,Active
MTR002088,ACCT002088,Smart Meter,2018-02-10,Active
MTR002089,ACCT002089,Smart Meter,2020-12-20,Active
MTR002090,ACCT002090,Smart Meter,2022-02-02,Active
MTR002091,ACCT002091,Smart Meter,2016-08-13,Active
MTR002092,ACCT002092,Smart Meter,2016-01-13,Active
MTR002093,ACCT002093,Smart Meter,2015-03-25,Active
MTR002094,ACCT002094,Smart Meter,2015-08-11,Active
MTR002095,ACCT002095,Smart Meter,2014-09-17,Active
MTR002096,ACCT002096,Smart Meter,2023-11-18,Active
MTR002097,ACCT002097,Smart Meter,2022-12-16,Active
MTR002098,ACCT002098,Smart Meter,2020-11-15,Active
MTR002099,ACCT002099,Smart Meter,2024-12-24,Active
MTR002100,ACCT002100,Smart Meter,2014-04-04,Active
MTR002101,ACCT002101,Smart Meter,2016-10-17,Active
MTR002102,ACCT002102,Smart Meter,2019-05-14,Active
MTR002103,ACCT002103,Smart Meter,2017-10-07,Inactive
MTR002104,ACCT002104,Smart Meter,2017-02-05,Active
MTR002105,ACCT002105,Smart Meter,2020-07-30,Active
MTR002106,ACCT002106,Smart Meter,2020-11-21,Active
MTR002107,ACCT002107,Smart Meter,2019-11-13,Active
MTR002108,ACCT002108,Legacy Meter,2016-05-17,Active
MTR002109,ACCT002109,Smart Meter,2014-04-01,Active
MTR002110,ACCT002110,Smart Meter,2022-07-13,Active
MTR002111,ACCT002111,Smart Meter,2018-01-19,Active
MTR002112,ACCT002112,Smart Meter,2016-08-12,Active
MTR002113,ACCT002113,Smart Meter,2020-08-28,Active
MTR002114,ACCT002114,Legacy Meter,2014-01-23,Active
MTR002115,ACCT002115,Smart Meter,2018-09-22,Removed
MTR002116,ACCT002116,Smart Meter,2014-01-23,Active
MTR002117,ACCT002117,Smart Meter,2023-01-19,Active
MTR002118,ACCT002118,Smart Meter,2018-09-18,Active
MTR002119,ACCT002119,Smart Meter,2020-06-16,Active
MTR002120,ACCT002120,Smart Meter,2017-12-11,Active
MTR002121,ACCT002121,Smart Meter,2017-09-18,Active
MTR002122,ACCT002122,Smart Meter,2015-07-29,Active
MTR002123,ACCT002123,Smart Meter,2019-11-21,Active
MTR002124,ACCT002124,Smart Meter,2020-12-22,Removed
MTR002125,ACCT002125,Smart Meter,2016-04-07,Active
MTR002126,ACCT002126,Smart Meter,2023-09-25,Active
MTR002127,ACCT002127,Legacy Meter,2014-07-08,Active
MTR002128,ACCT002128,Smart Meter,2024-09-24,Inactive
MTR002129,ACCT002129,Smart Meter,2015-04-05,Active
MTR002130,ACCT002130,Smart Meter,2020-02-15,Active
MTR002131,ACCT002131,Smart Meter,2014-12-17,Active
MTR002132,ACCT002132,Smart Meter,2015-08-04,Active
MTR002133,ACCT002133,Smart Meter,2019-12-02,Active
MTR002134,ACCT002134,Smart Meter,2019-11-22,Active
MTR002135,ACCT002135,Smart Meter,2015-09-12,Active
MTR002136,ACCT002136,Smart Meter,2018-03-12,Active
MTR002137,ACCT002137,Smart Meter,2017-09-30,Active
MTR002138,ACCT002138,Smart Meter,2022-06-20,Active
MTR002139,ACCT002139,Smart Meter,2020-08-31,Active
MTR002140,ACCT002140,Smart Meter,2022-03-11,Active
MTR002141,ACCT002141,Smart Meter,2018-12-07,Active
MTR002142,ACCT002142,Smart Meter,2021-12-12,Inactive
MTR002143,ACCT002143,Smart Meter,2017-05-17,Active
MTR002144,ACCT002144,Smart Meter,2024-04-11,Active
MTR002145,ACCT002145,Legacy Meter,2020-12-05,Active
MTR002146,ACCT002146,Smart Meter,2015-04-18,Active
MTR002147,ACCT002147,Smart Meter,2024-05-05,Active
MTR002148,ACCT002148,Smart Meter,2016-05-08,Active
MTR002149,ACCT002149,Smart Meter,2022-03-09,Active
MTR002150,ACCT002150,Smart Meter,2020-09-06,Active
MTR002151,ACCT002151,Smart Meter,2024-02-24,Active
MTR002152,ACCT002152,Smart Meter,2018-09-09,Active
MTR002153,ACCT002153,Smart Meter,2015-05-31,Active
MTR002154,ACCT002154,Smart Meter,2022-12-04,Active
MTR002155,ACCT002155,Smart Meter,2020-07-21,Active
MTR002156,ACCT002156,Smart Meter,2017-10-07,Active
MTR002157,ACCT002157,Smart Meter,2021-02-01,Active
MTR002158,ACCT002158,Smart Meter,2024-01-18,Active
MTR002159,ACCT002159,Smart Meter,2019-09-26,Active
MTR002160,ACCT002160,Smart Meter,2022-08-15,Active
MTR002161,ACCT002161,Smart Meter,2020-07-18,Active
MTR002162,ACCT002162,Legacy Meter,2022-12-07,Active
MTR002163,ACCT002163,Smart Meter,2015-06-27,Active
MTR002164,ACCT002164,Smart Meter,2021-11-06,Active
MTR002165,ACCT002165,Smart Meter,2024-04-10,Active
MTR002166,ACCT002166,Smart Meter,2016-11-25,Active
MTR002167,ACCT002167,Smart Meter,2016-01-27,Active
MTR002168,ACCT002168,Legacy Meter,2023-07-28,Active
MTR002169,ACCT002169,Smart Meter,2020-07-26,Active
MTR002170,ACCT002170,Smart Meter,2014-07-07,Active
MTR002171,ACCT002171,Smart Meter,2023-11-08,Active
MTR002172,ACCT002172,Legacy Meter,2020-07-09,Active
MTR002173,ACCT002173,Smart Meter,2015-04-28,Active
MTR002174,ACCT002174,Smart Meter,2017-05-24,Removed
MTR002175,ACCT002175,Smart Meter,2017-03-27,Active
MTR002176,ACCT002176,Smart Meter,2024-12-11,Active
MTR002177,ACCT002177,Smart Meter,2021-06-07,Active
MTR002178,ACCT002178,Smart Meter,2023-01-26,Active
MTR002179,ACCT002179,Legacy Meter,2014-10-23,Active
MTR002180,ACCT002180,Smart Meter,2023-09-04,Active
MTR002181,ACCT002181,Smart Meter,2014-02-14,Active
MTR002182,ACCT002182,Smart Meter,2020-12-17,Active
MTR002183,ACCT002183,Smart Meter,2019-08-05,Active
MTR002184,ACCT002184,Smart Meter,2014-06-24,Active
MTR002185,ACCT002185,Smart Meter,2022-05-10,Active
MTR002186,ACCT002186,Smart Meter,2017-10-01,Active
MTR002187,ACCT002187,Smart Meter,2019-10-05,Active
MTR002188,ACCT002188,Smart Meter,2023-12-17,Active
MTR002189,ACCT002189,Smart Meter,2020-07-16,Active
MTR002190,ACCT002190,Legacy Meter,2018-12-06,Active
MTR002191,ACCT002191,Smart Meter,2019-03-25,Active
MTR002192,ACCT002192,Smart Meter,2018-11-10,Active
MTR002193,ACCT002193,Smart Meter,2024-09-09,Inactive
MTR002194,ACCT002194,Smart Meter,2022-09-15,Active
MTR002195,ACCT002195,Smart Meter,2024-05-09,Active
MTR002196,ACCT002196,Smart Meter,2019-04-05,Active
MTR002197,ACCT002197,Smart Meter,2020-03-11,Active
MTR002198,ACCT002198,Smart Meter,2018-03-03,Active
MTR002199,ACCT002199,Smart Meter,2016-01-28,Active
MTR002200,ACCT002200,Legacy Meter,2017-11-21,Active
MTR002201,ACCT002201,Smart Meter,2021-02-10,Active
MTR002202,ACCT002202,Smart Meter,2015-05-12,Active
MTR002203,ACCT002203,Legacy Meter,2020-01-30,Active
MTR002204,ACCT002204,Smart Meter,2014-04-15,Active
MTR002205,ACCT002205,Smart Meter,2023-12-03,Active
MTR002206,ACCT002206,Smart Meter,2015-04-24,Active
MTR002207,ACCT002207,Smart Meter,2017-11-23,Active
MTR002208,ACCT002208,Smart Meter,2020-10-17,Active
MTR002209,ACCT002209,Smart Meter,2021-05-13,Active
MTR002210,ACCT002210,Smart Meter,2015-11-24,Active
MTR002211,ACCT002211,Smart Meter,2022-04-27,Active
MTR002212,ACCT002212,Smart Meter,2022-02-17,Active
MTR002213,ACCT002213,Smart Meter,2014-07-13,Inactive
MTR002214,ACCT002214,Smart Meter,2021-11-30,Inactive
MTR002215,ACCT002215,Smart Meter,2021-10-19,Active
MTR002216,ACCT002216,Smart Meter,2018-01-29,Active
MTR002217,ACCT002217,Smart Meter,2023-05-06,Active
MTR002218,ACCT002218,Smart Meter,2014-02-28,Active
MTR002219,ACCT002219,Smart Meter,2019-03-02,Active
MTR002220,ACCT002220,Smart Meter,2023-11-19,Active
MTR002221,ACCT002221,Smart Meter,2015-04-23,Active
MTR002222,ACCT002222,Smart Meter,2017-01-31,Active
MTR002223,ACCT002223,Legacy Meter,2021-01-24,Active
MTR002224,ACCT002224,Smart Meter,2019-05-23,Active
MTR002225,ACCT002225,Legacy Meter,2015-08-15,Active
MTR002226,ACCT002226,Smart Meter,2016-04-18,Active
MTR002227,ACCT002227,Smart Meter,2024-05-10,Active
MTR002228,ACCT002228,Smart Meter,2017-09-07,Active
MTR002229,ACCT002229,Smart Meter,2015-07-03,Active
MTR002230,ACCT002230,Smart Meter,2022-06-13,Active
MTR002231,ACCT002231,Smart Meter,2023-08-29,Active
MTR002232,ACCT002232,Smart Meter,2014-08-09,Removed
MTR002233,ACCT002233,Smart Meter,2016-05-25,Active
MTR002234,ACCT002234,Smart Meter,2023-06-25,Active
MTR002235,ACCT002235,Smart Meter,2021-06-18,Active
MTR002236,ACCT002236,Smart Meter,2017-04-11,Removed
MTR002237,ACCT002237,Smart Meter,2021-06-02,Active
MTR002238,ACCT002238,Smart Meter,2021-06-24,Active
MTR002239,ACCT002239,Smart Meter,2022-08-19,Active
MTR002240,ACCT002240,Smart Meter,2014-12-02,Removed
MTR002241,ACCT002241,Smart Meter,2014-08-13,Active
MTR002242,ACCT002242,Smart Meter,2021-12-28,Active
MTR002243,ACCT002243,Smart Meter,2019-09-14,Active
MTR002244,ACCT002244,Smart Meter,2024-10-16,Active
MTR002245,ACCT002245,Legacy Meter,2014-07-07,Active
MTR002246,ACCT002246,Smart Meter,2017-06-01,Active
MTR002247,ACCT002247,Smart Meter,2021-05-14,Active
MTR002248,ACCT002248,Smart Meter,2024-11-01,Active
MTR002249,ACCT002249,Smart Meter,2016-08-20,Active
MTR002250,ACCT002250,Smart Meter,2022-04-04,Inactive
MTR002251,ACCT002251,Smart Meter,2015-05-09,Active
MTR002252,ACCT002252,Smart Meter,2019-03-02,Active
MTR002253,ACCT002253,Smart Meter,2014-11-07,Active
MTR002254,ACCT002254,Smart Meter,2021-01-12,Active
MTR002255,ACCT002255,Smart Meter,2018-05-24,Active
MTR002256,ACCT002256,Legacy Meter,2018-04-13,Active
MTR002257,ACCT002257,Smart Meter,2024-11-26,Active
MTR002258,ACCT002258,Smart Meter,2015-01-04,Active
MTR002259,ACCT002259,Smart Meter,2023-09-17,Active
MTR002260,ACCT002260,Smart Meter,2016-01-16,Active
MTR002261,ACCT002261,Legacy Meter,2019-09-10,Inactive
MTR002262,ACCT002262,Smart Meter,2024-09-03,Active
MTR002263,ACCT002263,Smart Meter,2017-06-09,Active
MTR002264,ACCT002264,Smart Meter,2024-09-26,Active
MTR002265,ACCT002265,Smart Meter,2016-09-24,Active
MTR002266,ACCT002266,Smart Meter,2015-05-12,Active
MTR002267,ACCT002267,Smart Meter,2018-05-09,Active
MTR002268,ACCT002268,Legacy Meter,2016-08-21,Active
MTR002269,ACCT002269,Smart Meter,2019-06-28,Active
MTR002270,ACCT002270,Smart Meter,2017-04-13,Active
MTR002271,ACCT002271,Smart Meter,2020-06-03,Active
MTR002272,ACCT002272,Smart Meter,2018-12-20,Active
MTR002273,ACCT002273,Smart Meter,2017-10-20,Active
MTR002274,ACCT002274,Smart Meter,2017-01-14,Active
MTR002275,ACCT002275,Smart Meter,2015-07-31,Active
MTR002276,ACCT002276,Smart Meter,2022-08-27,Active
MTR002277,ACCT002277,Smart Meter,2014-02-23,Active
MTR002278,ACCT002278,Smart Meter,2024-02-19,Active
MTR002279,ACCT002279,Smart Meter,2023-05-26,Active
MTR002280,ACCT002280,Smart Meter,2023-09-18,Active
MTR002281,ACCT002281,Smart Meter,2014-08-17,Active
MTR002282,ACCT002282,Smart Meter,2016-02-18,Inactive
MTR002283,ACCT002283,Smart Meter,2024-09-07,Active
MTR002284,ACCT002284,Smart Meter,2018-04-07,Active
MTR002285,ACCT002285,Legacy Meter,2024-06-27,Active
MTR002286,ACCT002286,Smart Meter,2016-09-11,Active
MTR002287,ACCT002287,Smart Meter,2015-01-08,Active
MTR002288,ACCT002288,Smart Meter,2015-04-14,Active
MTR002289,ACCT002289,Smart Meter,2020-10-03,Active
MTR002290,ACCT002290,Smart Meter,2019-01-24,Active
MTR002291,ACCT002291,Smart Meter,2015-06-16,Active
MTR002292,ACCT002292,Smart Meter,2017-11-24,Active
MTR002293,ACCT002293,Smart Meter,2022-04-24,Inactive
MTR002294,ACCT002294,Legacy Meter,2017-04-22,Active
MTR002295,ACCT002295,Legacy Meter,2024-10-07,Active
MTR002296,ACCT002296,Smart Meter,2015-07-16,Active
MTR002297,ACCT002297,Smart Meter,2014-03-31,Active
MTR002298,ACCT002298,Smart Meter,2018-06-28,Active
MTR002299,ACCT002299,Smart Meter,2024-05-05,Active
MTR002300,ACCT002300,Smart Meter,2017-11-07,Active
MTR002301,ACCT002301,Legacy Meter,2015-01-04,Inactive
MTR002302,ACCT002302,Smart Meter,2022-08-12,Active
MTR002303,ACCT002303,Smart Meter,2017-07-16,Active
MTR002304,ACCT002304,Smart Meter,2014-01-15,Active
MTR002305,ACCT002305,Smart Meter,2023-04-24,Active
MTR002306,ACCT002306,Smart Meter,2024-08-02,Active
MTR002307,ACCT002307,Smart Meter,2023-06-26,Active
MTR002308,ACCT002308,Smart Meter,2024-05-09,Inactive
MTR002309,ACCT002309,Smart Meter,2023-08-07,Active
MTR002310,ACCT002310,Smart Meter,2020-07-19,Active
MTR002311,ACCT002311,Smart Meter,2017-05-03,Active
MTR002312,ACCT002312,Smart Meter,2019-04-30,Active
MTR002313,ACCT002313,Legacy Meter,2016-11-25,Active
MTR002314,ACCT002314,Smart Meter,2016-07-05,Active
MTR002315,ACCT002315,Smart Meter,2020-03-02,Active
MTR002316,ACCT002316,Smart Meter,2024-08-27,Active
MTR002317,ACCT002317,Legacy Meter,2018-08-02,Active
MTR002318,ACCT002318,Smart Meter,2016-02-15,Active
MTR002319,ACCT002319,Smart Meter,2016-12-16,Active
MTR002320,ACCT002320,Smart Meter,2017-02-07,Inactive
MTR002321,ACCT002321,Smart Meter,2015-11-17,Active
MTR002322,ACCT002322,Legacy Meter,2023-10-08,Inactive
MTR002323,ACCT002323,Smart Meter,2021-07-28,Active
MTR002324,ACCT002324,Smart Meter,2014-08-13,Active
MTR002325,ACCT002325,Smart Meter,2023-06-20,Active
MTR002326,ACCT002326,Smart Meter,2014-03-05,Active
MTR002327,ACCT002327,Smart Meter,2018-11-23,Active
MTR002328,ACCT002328,Smart Meter,2022-03-15,Active
MTR002329,ACCT002329,Smart Meter,2016-08-18,Active
MTR002330,ACCT002330,Smart Meter,2024-07-17,Active
MTR002331,ACCT002331,Smart Meter,2024-11-17,Active
MTR002332,ACCT002332,Legacy Meter,2017-10-07,Inactive
MTR002333,ACCT002333,Legacy Meter,2023-09-05,Active
MTR002334,ACCT002334,Smart Meter,2024-09-20,Inactive
MTR002335,ACCT002335,Smart Meter,2020-06-25,Active
MTR002336,ACCT002336,Smart Meter,2014-12-23,Active
MTR002337,ACCT002337,Smart Meter,2014-04-03,Active
MTR002338,ACCT002338,Smart Meter,2021-07-05,Active
MTR002339,ACCT002339,Smart Meter,2017-08-16,Active
MTR002340,ACCT002340,Legacy Meter,2024-05-25,Active
MTR002341,ACCT002341,Legacy Meter,2018-02-26,Active
MTR002342,ACCT002342,Smart Meter,2018-08-05,Active
MTR002343,ACCT002343,Smart Meter,2024-01-15,Active
MTR002344,ACCT002344,Legacy Meter,2017-11-13,Active
MTR002345,ACCT002345,Smart Meter,2018-06-23,Active
MTR002346,ACCT002346,Smart Meter,2024-07-31,Active
MTR002347,ACCT002347,Smart Meter,2020-10-17,Active
MTR002348,ACCT002348,Smart Meter,2017-01-30,Active
MTR002349,ACCT002349,Smart Meter,2016-04-20,Active
MTR002350,ACCT002350,Smart Meter,2017-11-02,Active
MTR002351,ACCT002351,Smart Meter,2018-05-26,Active
MTR002352,ACCT002352,Smart Meter,2024-10-31,Active
MTR002353,ACCT002353,Smart Meter,2023-05-03,Active
MTR002354,ACCT002354,Smart Meter,2022-05-30,Active
MTR002355,ACCT002355,Smart Meter,2016-06-16,Active
MTR002356,ACCT002356,Legacy Meter,2022-01-10,Active
MTR002357,ACCT002357,Smart Meter,2021-09-26,Active
MTR002358,ACCT002358,Smart Meter,2015-05-07,Active
MTR002359,ACCT002359,Legacy Meter,2024-03-02,Active
MTR002360,ACCT002360,Smart Meter,2022-07-29,Active
MTR002361,ACCT002361,Smart Meter,2021-10-31,Active
MTR002362,ACCT002362,Smart Meter,2018-03-13,Active
MTR002363,ACCT002363,Smart Meter,2020-09-05,Active
MTR002364,ACCT002364,Smart Meter,2019-06-01,Active
MTR002365,ACCT002365,Smart Meter,2022-09-26,Active
MTR002366,ACCT002366,Smart Meter,2018-12-04,Active
MTR002367,ACCT002367,Smart Meter,2018-02-03,Active
MTR002368,ACCT002368,Smart Meter,2017-09-13,Active
MTR002369,ACCT002369,Smart Meter,2019-08-31,Active
MTR002370,ACCT002370,Smart Meter,2017-01-25,Active
MTR002371,ACCT002371,Smart Meter,2019-01-13,Active
MTR002372,ACCT002372,Smart Meter,2021-01-04,Active
MTR002373,ACCT002373,Smart Meter,2022-02-03,Active
MTR002374,ACCT002374,Smart Meter,2021-07-25,Active
MTR002375,ACCT002375,Smart Meter,2022-03-11,Active
MTR002376,ACCT002376,Legacy Meter,2018-07-22,Active
MTR002377,ACCT002377,Smart Meter,2020-07-25,Active
MTR002378,ACCT002378,Smart Meter,2022-10-09,Active
MTR002379,ACCT002379,Smart Meter,2015-06-30,Active
MTR002380,ACCT002380,Smart Meter,2015-08-22,Active
MTR002381,ACCT002381,Smart Meter,2019-09-11,Active
MTR002382,ACCT002382,Smart Meter,2019-08-07,Active
MTR002383,ACCT002383,Smart Meter,2014-09-16,Active
MTR002384,ACCT002384,Smart Meter,2015-04-21,Active
MTR002385,ACCT002385,Smart Meter,2024-09-12,Active
MTR002386,ACCT002386,Smart Meter,2021-11-12,Active
MTR002387,ACCT002387,Smart Meter,2019-03-21,Active
MTR002388,ACCT002388,Smart Meter,2022-04-08,Active
MTR002389,ACCT002389,Smart Meter,2016-07-08,Removed
MTR002390,ACCT002390,Smart Meter,2019-09-12,Active
MTR002391,ACCT002391,Smart Meter,2022-01-25,Active
MTR002392,ACCT002392,Smart Meter,2015-01-23,Inactive
MTR002393,ACCT002393,Smart Meter,2024-08-05,Active
MTR002394,ACCT002394,Smart Meter,2019-02-05,Active
MTR002395,ACCT002395,Smart Meter,2023-12-12,Active
MTR002396,ACCT002396,Smart Meter,2016-03-08,Active
MTR002397,ACCT002397,Smart Meter,2020-11-08,Active
MTR002398,ACCT002398,Smart Meter,2018-06-06,Active
MTR002399,ACCT002399,Smart Meter,2022-10-21,Active
MTR002400,ACCT002400,Smart Meter,2019-04-10,Active
MTR002401,ACCT002401,Smart Meter,2018-12-21,Active
MTR002402,ACCT002402,Legacy Meter,2024-10-29,Active
MTR002403,ACCT002403,Smart Meter,2018-06-16,Active
MTR002404,ACCT002404,Smart Meter,2020-03-21,Active
MTR002405,ACCT002405,Smart Meter,2014-08-05,Inactive
MTR002406,ACCT002406,Smart Meter,2020-01-13,Active
MTR002407,ACCT002407,Smart Meter,2016-02-28,Active
MTR002408,ACCT002408,Smart Meter,2018-03-24,Active
MTR002409,ACCT002409,Smart Meter,2019-09-15,Inactive
MTR002410,ACCT002410,Smart Meter,2021-05-07,Inactive
MTR002411,ACCT002411,Smart Meter,2019-08-19,Active
MTR002412,ACCT002412,Smart Meter,2016-11-29,Active
MTR002413,ACCT002413,Smart Meter,2023-09-11,Active
MTR002414,ACCT002414,Smart Meter,2020-02-05,Inactive
MTR002415,ACCT002415,Smart Meter,2018-07-23,Active
MTR002416,ACCT002416,Smart Meter,2022-03-26,Active
MTR002417,ACCT002417,Smart Meter,2020-12-23,Active
MTR002418,ACCT002418,Smart Meter,2015-01-08,Active
MTR002419,ACCT002419,Smart Meter,2022-08-06,Active
MTR002420,ACCT002420,Smart Meter,2016-08-27,Active
MTR002421,ACCT002421,Smart Meter,2018-08-17,Inactive
MTR002422,ACCT002422,Smart Meter,2017-12-18,Active
MTR002423,ACCT002423,Smart Meter,2015-05-30,Active
MTR002424,ACCT002424,Smart Meter,2014-12-30,Active
MTR002425,ACCT002425,Smart Meter,2019-03-29,Active
MTR002426,ACCT002426,Smart Meter,2021-09-25,Active
MTR002427,ACCT002427,Smart Meter,2019-05-06,Active
MTR002428,ACCT002428,Smart Meter,2018-01-14,Active
MTR002429,ACCT002429,Smart Meter,2018-03-20,Active
MTR002430,ACCT002430,Smart Meter,2016-02-13,Active
MTR002431,ACCT002431,Smart Meter,2014-11-25,Inactive
MTR002432,ACCT002432,Smart Meter,2016-03-04,Active
MTR002433,ACCT002433,Smart Meter,2024-11-13,Active
MTR002434,ACCT002434,Smart Meter,2016-08-19,Active
MTR002435,ACCT002435,Smart Meter,2020-08-14,Active
MTR002436,ACCT002436,Smart Meter,2015-08-20,Inactive
MTR002437,ACCT002437,Smart Meter,2019-02-21,Active
MTR002438,ACCT002438,Smart Meter,2017-11-11,Active
MTR002439,ACCT002439,Smart Meter,2023-11-28,Active
MTR002440,ACCT002440,Smart Meter,2017-02-11,Active
MTR002441,ACCT002441,Smart Meter,2015-07-25,Active
MTR002442,ACCT002442,Legacy Meter,2016-11-27,Active
MTR002443,ACCT002443,Smart Meter,2018-04-18,Active
MTR002444,ACCT002444,Smart Meter,2015-01-12,Active
MTR002445,ACCT002445,Smart Meter,2023-07-03,Active
MTR002446,ACCT002446,Smart Meter,2022-12-19,Active
MTR002447,ACCT002447,Smart Meter,2022-12-18,Active
MTR002448,ACCT002448,Smart Meter,2019-11-18,Inactive
MTR002449,ACCT002449,Smart Meter,2023-07-02,Active
MTR002450,ACCT002450,Smart Meter,2023-08-23,Active
MTR002451,ACCT002451,Smart Meter,2019-01-11,Active
MTR002452,ACCT002452,Smart Meter,2021-11-03,Active
MTR002453,ACCT002453,Smart Meter,2019-05-18,Active
MTR002454,ACCT002454,Smart Meter,2019-12-06,Active
MTR002455,ACCT002455,Smart Meter,2020-10-04,Active
MTR002456,ACCT002456,Smart Meter,2017-06-20,Active
MTR002457,ACCT002457,Smart Meter,2015-06-25,Active
MTR002458,ACCT002458,Smart Meter,2017-06-04,Active
MTR002459,ACCT002459,Smart Meter,2023-10-13,Active
MTR002460,ACCT002460,Smart Meter,2019-02-19,Active
MTR002461,ACCT002461,Smart Meter,2017-05-21,Active
MTR002462,ACCT002462,Smart Meter,2022-02-25,Active
MTR002463,ACCT002463,Smart Meter,2021-07-09,Removed
MTR002464,ACCT002464,Smart Meter,2014-04-23,Active
MTR002465,ACCT002465,Smart Meter,2015-01-08,Active
MTR002466,ACCT002466,Legacy Meter,2020-06-04,Active
MTR002467,ACCT002467,Smart Meter,2018-08-24,Active
MTR002468,ACCT002468,Smart Meter,2016-11-08,Active
MTR002469,ACCT002469,Smart Meter,2016-02-15,Active
MTR002470,ACCT002470,Smart Meter,2015-11-02,Active
MTR002471,ACCT002471,Smart Meter,2014-01-11,Active
MTR002472,ACCT002472,Smart Meter,2014-01-08,Active
MTR002473,ACCT002473,Smart Meter,2022-10-30,Active
MTR002474,ACCT002474,Smart Meter,2024-02-14,Active
MTR002475,ACCT002475,Smart Meter,2024-03-20,Active
MTR002476,ACCT002476,Smart Meter,2018-04-23,Active
MTR002477,ACCT002477,Smart Meter,2022-10-12,Active
MTR002478,ACCT002478,Smart Meter,2017-10-28,Active
MTR002479,ACCT002479,Smart Meter,2015-04-06,Active
MTR002480,ACCT002480,Smart Meter,2024-12-20,Active
MTR002481,ACCT002481,Smart Meter,2023-01-20,Active
MTR002482,ACCT002482,Smart Meter,2020-04-21,Active
MTR002483,ACCT002483,Smart Meter,2021-03-18,Active
MTR002484,ACCT002484,Smart Meter,2017-09-13,Active
MTR002485,ACCT002485,Smart Meter,2014-12-28,Active
MTR002486,ACCT002486,Smart Meter,2017-10-29,Active
MTR002487,ACCT002487,Smart Meter,2022-05-09,Active
MTR002488,ACCT002488,Smart Meter,2016-02-27,Active
MTR002489,ACCT002489,Smart Meter,2014-07-28,Active
MTR002490,ACCT002490,Smart Meter,2014-09-24,Active
MTR002491,ACCT002491,Smart Meter,2015-10-18,Active
MTR002492,ACCT002492,Smart Meter,2016-09-23,Active
MTR002493,ACCT002493,Smart Meter,2015-07-08,Active
MTR002494,ACCT002494,Smart Meter,2021-08-15,Active
MTR002495,ACCT002495,Smart Meter,2024-10-04,Active
MTR002496,ACCT002496,Smart Meter,2018-03-10,Inactive
MTR002497,ACCT002497,Smart Meter,2018-05-07,Active
MTR002498,ACCT002498,Smart Meter,2015-02-25,Active
MTR002499,ACCT002499,Smart Meter,2020-06-13,Active
MTR002500,ACCT002500,Smart Meter,2019-12-25,Active
MTR002501,ACCT002501,Smart Meter,2017-12-13,Active
MTR002502,ACCT002502,Smart Meter,2020-02-21,Active
MTR002503,ACCT002503,Smart Meter,2017-01-23,Active
MTR002504,ACCT002504,Smart Meter,2018-02-22,Active
MTR002505,ACCT002505,Legacy Meter,2019-04-11,Active
MTR002506,ACCT002506,Smart Meter,2023-02-12,Inactive
MTR002507,ACCT002507,Smart Meter,2016-11-14,Active
MTR002508,ACCT002508,Smart Meter,2017-06-09,Inactive
MTR002509,ACCT002509,Smart Meter,2023-04-27,Active
MTR002510,ACCT002510,Legacy Meter,2021-04-07,Active
MTR002511,ACCT002511,Smart Meter,2022-05-20,Active
MTR002512,ACCT002512,Smart Meter,2021-12-19,Removed
MTR002513,ACCT002513,Smart Meter,2014-08-09,Active
MTR002514,ACCT002514,Smart Meter,2020-06-02,Active
MTR002515,ACCT002515,Smart Meter,2017-05-11,Active
MTR002516,ACCT002516,Smart Meter,2022-05-17,Active
MTR002517,ACCT002517,Smart Meter,2019-05-26,Active
MTR002518,ACCT002518,Smart Meter,2014-12-09,Inactive
MTR002519,ACCT002519,Smart Meter,2015-08-16,Active
MTR002520,ACCT002520,Smart Meter,2017-05-13,Active
MTR002521,ACCT002521,Smart Meter,2019-06-08,Active
MTR002522,ACCT002522,Smart Meter,2016-06-10,Active
MTR002523,ACCT002523,Smart Meter,2019-10-26,Active
MTR002524,ACCT002524,Smart Meter,2018-04-23,Active
MTR002525,ACCT002525,Smart Meter,2015-12-08,Active
MTR002526,ACCT002526,Smart Meter,2019-06-23,Active
MTR002527,ACCT002527,Smart Meter,2016-12-01,Active
MTR002528,ACCT002528,Smart Meter,2023-08-28,Active
MTR002529,ACCT002529,Smart Meter,2017-04-20,Active
MTR002530,ACCT002530,Smart Meter,2016-01-27,Active
MTR002531,ACCT002531,Smart Meter,2017-05-03,Active
MTR002532,ACCT002532,Smart Meter,2021-03-22,Active
MTR002533,ACCT002533,Smart Meter,2019-01-30,Active
MTR002534,ACCT002534,Smart Meter,2019-06-23,Active
MTR002535,ACCT002535,Smart Meter,2020-09-01,Active
MTR002536,ACCT002536,Smart Meter,2022-02-22,Active
MTR002537,ACCT002537,Smart Meter,2021-05-08,Active
MTR002538,ACCT002538,Smart Meter,2019-12-29,Active
MTR002539,ACCT002539,Smart Meter,2022-06-26,Active
MTR002540,ACCT002540,Smart Meter,2023-04-10,Active
MTR002541,ACCT002541,Smart Meter,2017-09-06,Active
MTR002542,ACCT002542,Smart Meter,2015-03-24,Active
MTR002543,ACCT002543,Smart Meter,2018-12-22,Inactive
MTR002544,ACCT002544,Smart Meter,2020-05-29,Active
MTR002545,ACCT002545,Legacy Meter,2018-11-13,Active
MTR002546,ACCT002546,Smart Meter,2023-01-21,Active
MTR002547,ACCT002547,Smart Meter,2021-07-25,Active
MTR002548,ACCT002548,Smart Meter,2020-11-09,Active
MTR002549,ACCT002549,Smart Meter,2022-01-18,Active
MTR002550,ACCT002550,Smart Meter,2016-04-18,Active
MTR002551,ACCT002551,Smart Meter,2021-05-25,Active
MTR002552,ACCT002552,Smart Meter,2018-06-18,Active
MTR002553,ACCT002553,Legacy Meter,2015-10-26,Active
MTR002554,ACCT002554,Smart Meter,2016-02-04,Active
MTR002555,ACCT002555,Smart Meter,2022-08-05,Active
MTR002556,ACCT002556,Smart Meter,2014-06-25,Active
MTR002557,ACCT002557,Smart Meter,2015-05-25,Active
MTR002558,ACCT002558,Smart Meter,2024-02-04,Active
MTR002559,ACCT002559,Smart Meter,2022-08-29,Active
MTR002560,ACCT002560,Smart Meter,2021-07-15,Active
MTR002561,ACCT002561,Smart Meter,2017-04-04,Active
MTR002562,ACCT002562,Smart Meter,2015-08-25,Active
MTR002563,ACCT002563,Smart Meter,2016-04-17,Active
MTR002564,ACCT002564,Smart Meter,2024-09-03,Active
MTR002565,ACCT002565,Legacy Meter,2016-09-28,Active
MTR002566,ACCT002566,Smart Meter,2024-07-18,Active
MTR002567,ACCT002567,Smart Meter,2023-08-11,Active
MTR002568,ACCT002568,Smart Meter,2019-09-30,Active
MTR002569,ACCT002569,Legacy Meter,2024-04-07,Active
MTR002570,ACCT002570,Smart Meter,2021-06-26,Active
MTR002571,ACCT002571,Smart Meter,2024-06-07,Inactive
MTR002572,ACCT002572,Smart Meter,2020-05-02,Active
MTR002573,ACCT002573,Smart Meter,2023-11-02,Active
MTR002574,ACCT002574,Smart Meter,2017-01-15,Active
MTR002575,ACCT002575,Smart Meter,2021-04-07,Active
MTR002576,ACCT002576,Smart Meter,2019-08-07,Active
MTR002577,ACCT002577,Smart Meter,2022-07-21,Active
MTR002578,ACCT002578,Smart Meter,2022-11-25,Active
MTR002579,ACCT002579,Smart Meter,2023-03-04,Active
MTR002580,ACCT002580,Smart Meter,2023-01-24,Active
MTR002581,ACCT002581,Smart Meter,2015-08-08,Active
MTR002582,ACCT002582,Smart Meter,2020-07-14,Active
MTR002583,ACCT002583,Smart Meter,2016-12-31,Active
MTR002584,ACCT002584,Legacy Meter,2015-01-09,Active
MTR002585,ACCT002585,Smart Meter,2015-08-03,Active
MTR002586,ACCT002586,Smart Meter,2015-06-01,Active
MTR002587,ACCT002587,Smart Meter,2024-09-27,Active
MTR002588,ACCT002588,Smart Meter,2017-06-15,Active
MTR002589,ACCT002589,Smart Meter,2023-09-08,Inactive
MTR002590,ACCT002590,Smart Meter,2014-05-01,Active
MTR002591,ACCT002591,Smart Meter,2017-12-07,Active
MTR002592,ACCT002592,Smart Meter,2018-10-13,Active
MTR002593,ACCT002593,Smart Meter,2024-07-12,Active
MTR002594,ACCT002594,Smart Meter,2021-11-24,Active
MTR002595,ACCT002595,Smart Meter,2021-03-02,Active
MTR002596,ACCT002596,Smart Meter,2014-02-12,Active
MTR002597,ACCT002597,Smart Meter,2018-03-08,Active
MTR002598,ACCT002598,Smart Meter,2022-12-13,Active
MTR002599,ACCT002599,Smart Meter,2019-08-05,Active
MTR002600,ACCT002600,Smart Meter,2019-10-21,Active
MTR002601,ACCT002601,Smart Meter,2019-11-09,Active
MTR002602,ACCT002602,Smart Meter,2023-11-30,Active
MTR002603,ACCT002603,Smart Meter,2015-05-06,Active
MTR002604,ACCT002604,Smart Meter,2019-01-24,Active
MTR002605,ACCT002605,Smart Meter,2016-01-19,Active
MTR002606,ACCT002606,Legacy Meter,2022-05-04,Active
MTR002607,ACCT002607,Smart Meter,2015-01-18,Active
MTR002608,ACCT002608,Smart Meter,2016-03-15,Active
MTR002609,ACCT002609,Smart Meter,2018-01-29,Active
MTR002610,ACCT002610,Smart Meter,2017-03-23,Active
MTR002611,ACCT002611,Smart Meter,2020-01-27,Active
MTR002612,ACCT002612,Smart Meter,2017-07-19,Active
MTR002613,ACCT002613,Smart Meter,2016-07-06,Active
MTR002614,ACCT002614,Smart Meter,2022-09-17,Active
MTR002615,ACCT002615,Smart Meter,2014-05-31,Active
MTR002616,ACCT002616,Smart Meter,2015-03-07,Active
MTR002617,ACCT002617,Smart Meter,2020-11-03,Active
MTR002618,ACCT002618,Smart Meter,2021-05-14,Active
MTR002619,ACCT002619,Smart Meter,2021-09-28,Active
MTR002620,ACCT002620,Smart Meter,2019-09-02,Active
MTR002621,ACCT002621,Smart Meter,2020-08-11,Active
MTR002622,ACCT002622,Smart Meter,2015-10-13,Active
MTR002623,ACCT002623,Smart Meter,2016-03-30,Inactive
MTR002624,ACCT002624,Smart Meter,2020-04-05,Active
MTR002625,ACCT002625,Legacy Meter,2020-10-17,Active
MTR002626,ACCT002626,Smart Meter,2021-07-14,Active
MTR002627,ACCT002627,Smart Meter,2022-10-04,Active
MTR002628,ACCT002628,Smart Meter,2016-07-30,Active
MTR002629,ACCT002629,Smart Meter,2015-06-25,Active
MTR002630,ACCT002630,Smart Meter,2021-05-04,Active
MTR002631,ACCT002631,Smart Meter,2020-02-24,Active
MTR002632,ACCT002632,Smart Meter,2018-09-06,Active
MTR002633,ACCT002633,Smart Meter,2024-03-16,Active
MTR002634,ACCT002634,Smart Meter,2020-12-04,Active
MTR002635,ACCT002635,Smart Meter,2017-04-17,Active
MTR002636,ACCT002636,Smart Meter,2016-05-18,Active
MTR002637,ACCT002637,Smart Meter,2021-01-14,Active
MTR002638,ACCT002638,Smart Meter,2015-10-13,Active
MTR002639,ACCT002639,Smart Meter,2022-03-26,Active
MTR002640,ACCT002640,Smart Meter,2015-03-13,Active
MTR002641,ACCT002641,Smart Meter,2018-11-24,Active
MTR002642,ACCT002642,Smart Meter,2021-12-14,Active
MTR002643,ACCT002643,Smart Meter,2014-11-10,Active
MTR002644,ACCT002644,Smart Meter,2014-01-19,Removed
MTR002645,ACCT002645,Smart Meter,2017-03-29,Active
MTR002646,ACCT002646,Smart Meter,2016-03-28,Active
MTR002647,ACCT002647,Smart Meter,2014-05-02,Active
MTR002648,ACCT002648,Smart Meter,2019-10-21,Active
MTR002649,ACCT002649,Smart Meter,2016-12-14,Active
MTR002650,ACCT002650,Smart Meter,2020-11-12,Active
MTR002651,ACCT002651,Smart Meter,2014-06-18,Active
MTR002652,ACCT002652,Smart Meter,2024-01-31,Active
MTR002653,ACCT002653,Smart Meter,2021-03-14,Active
MTR002654,ACCT002654,Smart Meter,2017-03-18,Active
MTR002655,ACCT002655,Smart Meter,2015-09-21,Active
MTR002656,ACCT002656,Smart Meter,2014-01-26,Active
MTR002657,ACCT002657,Smart Meter,2017-06-25,Active
MTR002658,ACCT002658,Smart Meter,2024-11-12,Active
MTR002659,ACCT002659,Smart Meter,2021-07-31,Active
MTR002660,ACCT002660,Smart Meter,2023-01-12,Active
MTR002661,ACCT002661,Smart Meter,2019-05-01,Active
MTR002662,ACCT002662,Smart Meter,2024-12-31,Active
MTR002663,ACCT002663,Smart Meter,2024-02-15,Active
MTR002664,ACCT002664,Smart Meter,2018-09-26,Active
MTR002665,ACCT002665,Smart Meter,2023-09-26,Active
MTR002666,ACCT002666,Smart Meter,2019-01-31,Active
MTR002667,ACCT002667,Smart Meter,2016-10-30,Active
MTR002668,ACCT002668,Smart Meter,2017-01-23,Active
MTR002669,ACCT002669,Smart Meter,2019-12-09,Active
MTR002670,ACCT002670,Smart Meter,2014-05-06,Active
MTR002671,ACCT002671,Smart Meter,2021-02-09,Active
MTR002672,ACCT002672,Smart Meter,2016-12-28,Active
MTR002673,ACCT002673,Smart Meter,2020-06-02,Active
MTR002674,ACCT002674,Smart Meter,2015-11-17,Active
MTR002675,ACCT002675,Legacy Meter,2023-10-13,Active
MTR002676,ACCT002676,Smart Meter,2016-08-30,Active
MTR002677,ACCT002677,Smart Meter,2022-07-14,Active
MTR002678,ACCT002678,Smart Meter,2015-09-27,Active
MTR002679,ACCT002679,Smart Meter,2020-08-26,Active
MTR002680,ACCT002680,Smart Meter,2019-07-01,Active
MTR002681,ACCT002681,Smart Meter,2016-11-16,Active
MTR002682,ACCT002682,Smart Meter,2015-12-06,Active
MTR002683,ACCT002683,Smart Meter,2020-12-19,Active
MTR002684,ACCT002684,Smart Meter,2021-12-09,Active
MTR002685,ACCT002685,Smart Meter,2022-10-13,Active
MTR002686,ACCT002686,Smart Meter,2015-12-08,Active
MTR002687,ACCT002687,Smart Meter,2022-07-18,Active
MTR002688,ACCT002688,Smart Meter,2018-06-20,Active
MTR002689,ACCT002689,Smart Meter,2023-10-19,Active
MTR002690,ACCT002690,Smart Meter,2019-07-21,Active
MTR002691,ACCT002691,Smart Meter,2019-12-09,Active
MTR002692,ACCT002692,Smart Meter,2024-06-29,Active
MTR002693,ACCT002693,Legacy Meter,2019-07-02,Active
MTR002694,ACCT002694,Smart Meter,2023-01-02,Active
MTR002695,ACCT002695,Smart Meter,2015-09-18,Active
MTR002696,ACCT002696,Smart Meter,2015-06-10,Active
MTR002697,ACCT002697,Smart Meter,2018-05-17,Active
MTR002698,ACCT002698,Smart Meter,2016-12-02,Active
MTR002699,ACCT002699,Smart Meter,2019-05-01,Active
MTR002700,ACCT002700,Smart Meter,2021-08-31,Active
MTR002701,ACCT002701,Smart Meter,2014-04-06,Active
MTR002702,ACCT002702,Smart Meter,2019-09-06,Active
MTR002703,ACCT002703,Smart Meter,2016-04-15,Active
MTR002704,ACCT002704,Legacy Meter,2019-04-03,Active
MTR002705,ACCT002705,Smart Meter,2017-06-19,Active
MTR002706,ACCT002706,Smart Meter,2020-12-09,Active
MTR002707,ACCT002707,Legacy Meter,2019-06-18,Active
MTR002708,ACCT002708,Smart Meter,2014-08-28,Active
MTR002709,ACCT002709,Smart Meter,2017-08-20,Active
MTR002710,ACCT002710,Smart Meter,2019-10-16,Active
MTR002711,ACCT002711,Smart Meter,2023-03-07,Active
MTR002712,ACCT002712,Smart Meter,2022-12-08,Active
MTR002713,ACCT002713,Smart Meter,2017-02-16,Active
MTR002714,ACCT002714,Smart Meter,2022-10-29,Active
MTR002715,ACCT002715,Smart Meter,2024-07-15,Active
MTR002716,ACCT002716,Smart Meter,2017-11-16,Active
MTR002717,ACCT002717,Smart Meter,2020-03-28,Active
MTR002718,ACCT002718,Smart Meter,2020-07-26,Active
MTR002719,ACCT002719,Smart Meter,2016-01-31,Active
MTR002720,ACCT002720,Smart Meter,2023-12-22,Active
MTR002721,ACCT002721,Smart Meter,2018-04-02,Active
MTR002722,ACCT002722,Legacy Meter,2022-11-17,Active
MTR002723,ACCT002723,Smart Meter,2016-05-12,Active
MTR002724,ACCT002724,Smart Meter,2017-03-01,Active
MTR002725,ACCT002725,Legacy Meter,2014-12-23,Active
MTR002726,ACCT002726,Smart Meter,2018-07-30,Active
MTR002727,ACCT002727,Smart Meter,2022-07-11,Active
MTR002728,ACCT002728,Smart Meter,2017-08-21,Active
MTR002729,ACCT002729,Smart Meter,2016-10-26,Active
MTR002730,ACCT002730,Smart Meter,2020-07-04,Active
MTR002731,ACCT002731,Smart Meter,2022-11-16,Active
MTR002732,ACCT002732,Smart Meter,2019-06-15,Active
MTR002733,ACCT002733,Smart Meter,2024-08-07,Active
MTR002734,ACCT002734,Smart Meter,2022-02-06,Active
MTR002735,ACCT002735,Smart Meter,2020-07-13,Active
MTR002736,ACCT002736,Smart Meter,2024-05-26,Active
MTR002737,ACCT002737,Smart Meter,2022-08-07,Active
MTR002738,ACCT002738,Smart Meter,2016-05-31,Active
MTR002739,ACCT002739,Smart Meter,2015-06-23,Active
MTR002740,ACCT002740,Smart Meter,2016-01-07,Active
MTR002741,ACCT002741,Smart Meter,2019-02-01,Active
MTR002742,ACCT002742,Smart Meter,2018-03-11,Active
MTR002743,ACCT002743,Smart Meter,2018-11-05,Active
MTR002744,ACCT002744,Smart Meter,2023-09-28,Active
MTR002745,ACCT002745,Smart Meter,2015-03-19,Active
MTR002746,ACCT002746,Smart Meter,2016-07-12,Active
MTR002747,ACCT002747,Smart Meter,2022-02-15,Active
MTR002748,ACCT002748,Smart Meter,2019-09-30,Active
MTR002749,ACCT002749,Smart Meter,2020-01-06,Active
MTR002750,ACCT002750,Smart Meter,2019-05-05,Active
MTR002751,ACCT002751,Smart Meter,2018-05-30,Active
MTR002752,ACCT002752,Smart Meter,2019-01-16,Active
MTR002753,ACCT002753,Smart Meter,2022-08-30,Active
MTR002754,ACCT002754,Smart Meter,2015-01-03,Active
MTR002755,ACCT002755,Smart Meter,2024-12-21,Active
MTR002756,ACCT002756,Legacy Meter,2015-08-03,Active
MTR002757,ACCT002757,Smart Meter,2018-11-06,Active
MTR002758,ACCT002758,Smart Meter,2024-10-20,Active
MTR002759,ACCT002759,Smart Meter,2015-10-18,Active
MTR002760,ACCT002760,Smart Meter,2019-10-25,Active
MTR002761,ACCT002761,Smart Meter,2022-08-24,Active
MTR002762,ACCT002762,Legacy Meter,2014-08-15,Active
MTR002763,ACCT002763,Smart Meter,2023-05-28,Active
MTR002764,ACCT002764,Smart Meter,2016-08-16,Active
MTR002765,ACCT002765,Smart Meter,2023-12-19,Active
MTR002766,ACCT002766,Smart Meter,2015-08-15,Active
MTR002767,ACCT002767,Smart Meter,2014-01-24,Active
MTR002768,ACCT002768,Smart Meter,2018-10-29,Active
MTR002769,ACCT002769,Smart Meter,2019-09-07,Active
MTR002770,ACCT002770,Smart Meter,2019-12-09,Active
MTR002771,ACCT002771,Smart Meter,2018-02-22,Active
MTR002772,ACCT002772,Smart Meter,2024-01-25,Active
MTR002773,ACCT002773,Smart Meter,2016-05-02,Active
MTR002774,ACCT002774,Smart Meter,2021-04-25,Active
MTR002775,ACCT002775,Smart Meter,2022-01-16,Active
MTR002776,ACCT002776,Smart Meter,2017-09-30,Active
MTR002777,ACCT002777,Smart Meter,2019-07-16,Active
MTR002778,ACCT002778,Smart Meter,2019-09-10,Active
MTR002779,ACCT002779,Smart Meter,2018-08-06,Active
MTR002780,ACCT002780,Smart Meter,2024-10-25,Active
MTR002781,ACCT002781,Smart Meter,2024-08-17,Active
MTR002782,ACCT002782,Smart Meter,2023-01-12,Active
MTR002783,ACCT002783,Legacy Meter,2021-12-27,Active
MTR002784,ACCT002784,Smart Meter,2023-02-04,Active
MTR002785,ACCT002785,Smart Meter,2014-02-19,Active
MTR002786,ACCT002786,Smart Meter,2021-08-05,Active
MTR002787,ACCT002787,Smart Meter,2019-03-31,Active
MTR002788,ACCT002788,Smart Meter,2020-09-02,Inactive
MTR002789,ACCT002789,Smart Meter,2022-03-11,Active
MTR002790,ACCT002790,Smart Meter,2018-12-10,Active
MTR002791,ACCT002791,Smart Meter,2023-03-14,Active
MTR002792,ACCT002792,Smart Meter,2018-09-27,Active
MTR002793,ACCT002793,Smart Meter,2018-11-25,Active
MTR002794,ACCT002794,Smart Meter,2024-01-11,Inactive
MTR002795,ACCT002795,Smart Meter,2016-10-11,Active
MTR002796,ACCT002796,Smart Meter,2020-11-27,Removed
MTR002797,ACCT002797,Smart Meter,2021-09-04,Active
MTR002798,ACCT002798,Smart Meter,2021-04-04,Active
MTR002799,ACCT002799,Smart Meter,2022-02-21,Active
MTR002800,ACCT002800,Smart Meter,2016-10-26,Active
MTR002801,ACCT002801,Smart Meter,2021-10-11,Active
MTR002802,ACCT002802,Smart Meter,2015-02-16,Active
MTR002803,ACCT002803,Smart Meter,2019-06-05,Active
MTR002804,ACCT002804,Smart Meter,2015-10-24,Active
MTR002805,ACCT002805,Smart Meter,2017-09-09,Active
MTR002806,ACCT002806,Legacy Meter,2023-07-03,Active
MTR002807,ACCT002807,Smart Meter,2017-07-29,Active
MTR002808,ACCT002808,Smart Meter,2014-07-10,Active
MTR002809,ACCT002809,Smart Meter,2021-10-04,Active
MTR002810,ACCT002810,Smart Meter,2015-08-08,Active
MTR002811,ACCT002811,Smart Meter,2016-08-16,Active
MTR002812,ACCT002812,Smart Meter,2019-01-28,Active
MTR002813,ACCT002813,Smart Meter,2015-05-15,Active
MTR002814,ACCT002814,Smart Meter,2015-08-03,Active
MTR002815,ACCT002815,Legacy Meter,2016-03-26,Active
MTR002816,ACCT002816,Smart Meter,2023-08-07,Active
MTR002817,ACCT002817,Smart Meter,2022-08-01,Active
MTR002818,ACCT002818,Smart Meter,2018-01-16,Removed
MTR002819,ACCT002819,Smart Meter,2018-02-25,Active
MTR002820,ACCT002820,Smart Meter,2018-07-28,Active
MTR002821,ACCT002821,Smart Meter,2023-08-15,Active
MTR002822,ACCT002822,Smart Meter,2019-07-31,Active
MTR002823,ACCT002823,Smart Meter,2017-08-23,Active
MTR002824,ACCT002824,Smart Meter,2016-02-19,Active
MTR002825,ACCT002825,Smart Meter,2024-06-03,Active
MTR002826,ACCT002826,Smart Meter,2022-03-10,Active
MTR002827,ACCT002827,Smart Meter,2017-02-23,Active
MTR002828,ACCT002828,Legacy Meter,2020-05-01,Active
MTR002829,ACCT002829,Smart Meter,2014-01-07,Active
MTR002830,ACCT002830,Smart Meter,2017-12-07,Active
MTR002831,ACCT002831,Smart Meter,2022-12-22,Active
MTR002832,ACCT002832,Smart Meter,2022-11-25,Active
MTR002833,ACCT002833,Smart Meter,2023-09-10,Active
MTR002834,ACCT002834,Smart Meter,2023-10-08,Active
MTR002835,ACCT002835,Smart Meter,2015-11-26,Active
MTR002836,ACCT002836,Smart Meter,2016-09-18,Active
MTR002837,ACCT002837,Smart Meter,2018-01-06,Active
MTR002838,ACCT002838,Smart Meter,2019-05-30,Active
MTR002839,ACCT002839,Smart Meter,2022-02-13,Active
MTR002840,ACCT002840,Smart Meter,2023-01-13,Active
MTR002841,ACCT002841,Smart Meter,2016-01-18,Active
MTR002842,ACCT002842,Smart Meter,2014-05-26,Active
MTR002843,ACCT002843,Smart Meter,2023-12-21,Active
MTR002844,ACCT002844,Smart Meter,2023-03-22,Active
MTR002845,ACCT002845,Smart Meter,2020-04-07,Active
MTR002846,ACCT002846,Smart Meter,2016-05-06,Active
MTR002847,ACCT002847,Smart Meter,2014-10-14,Inactive
MTR002848,ACCT002848,Smart Meter,2016-08-09,Active
MTR002849,ACCT002849,Smart Meter,2024-04-04,Active
MTR002850,ACCT002850,Smart Meter,2014-01-26,Active
MTR002851,ACCT002851,Smart Meter,2015-03-28,Active
MTR002852,ACCT002852,Smart Meter,2019-11-24,Active
MTR002853,ACCT002853,Smart Meter,2014-08-28,Active
MTR002854,ACCT002854,Smart Meter,2024-09-28,Active
MTR002855,ACCT002855,Smart Meter,2023-07-22,Active
MTR002856,ACCT002856,Smart Meter,2014-11-28,Active
MTR002857,ACCT002857,Smart Meter,2022-02-07,Active
MTR002858,ACCT002858,Smart Meter,2019-03-30,Active
MTR002859,ACCT002859,Smart Meter,2016-12-01,Active
MTR002860,ACCT002860,Smart Meter,2015-10-07,Active
MTR002861,ACCT002861,Smart Meter,2019-01-27,Active
MTR002862,ACCT002862,Smart Meter,2023-12-07,Removed
MTR002863,ACCT002863,Legacy Meter,2014-02-04,Active
MTR002864,ACCT002864,Smart Meter,2022-01-02,Active
MTR002865,ACCT002865,Smart Meter,2023-05-12,Active
MTR002866,ACCT002866,Smart Meter,2020-08-28,Active
MTR002867,ACCT002867,Smart Meter,2023-10-25,Active
MTR002868,ACCT002868,Smart Meter,2024-06-06,Active
MTR002869,ACCT002869,Legacy Meter,2016-03-21,Active
MTR002870,ACCT002870,Smart Meter,2017-08-04,Active
MTR002871,ACCT002871,Smart Meter,2021-08-27,Active
MTR002872,ACCT002872,Smart Meter,2019-03-10,Active
MTR002873,ACCT002873,Smart Meter,2022-03-26,Active
MTR002874,ACCT002874,Smart Meter,2016-11-22,Active
MTR002875,ACCT002875,Smart Meter,2019-11-13,Inactive
MTR002876,ACCT002876,Smart Meter,2022-05-26,Active
MTR002877,ACCT002877,Smart Meter,2014-07-24,Active
MTR002878,ACCT002878,Smart Meter,2024-02-10,Active
MTR002879,ACCT002879,Smart Meter,2021-11-21,Active
MTR002880,ACCT002880,Smart Meter,2019-09-09,Active
MTR002881,ACCT002881,Smart Meter,2020-05-02,Active
MTR002882,ACCT002882,Smart Meter,2019-09-02,Active
MTR002883,ACCT002883,Smart Meter,2021-04-10,Active
MTR002884,ACCT002884,Smart Meter,2014-02-08,Active
MTR002885,ACCT002885,Smart Meter,2014-06-22,Active
MTR002886,ACCT002886,Smart Meter,2016-01-30,Active
MTR002887,ACCT002887,Legacy Meter,2019-03-30,Active
MTR002888,ACCT002888,Smart Meter,2023-07-17,Active
MTR002889,ACCT002889,Smart Meter,2015-02-18,Inactive
MTR002890,ACCT002890,Smart Meter,2024-04-03,Active
MTR002891,ACCT002891,Smart Meter,2015-11-23,Active
MTR002892,ACCT002892,Smart Meter,2021-04-16,Active
MTR002893,ACCT002893,Smart Meter,2020-03-06,Active
MTR002894,ACCT002894,Smart Meter,2014-01-22,Removed
MTR002895,ACCT002895,Smart Meter,2019-08-15,Active
MTR002896,ACCT002896,Legacy Meter,2021-05-22,Active
MTR002897,ACCT002897,Smart Meter,2014-08-02,Active
MTR002898,ACCT002898,Smart Meter,2018-08-23,Active
MTR002899,ACCT002899,Smart Meter,2016-07-08,Active
MTR002900,ACCT002900,Smart Meter,2016-06-25,Active
MTR002901,ACCT002901,Smart Meter,2022-10-16,Active
MTR002902,ACCT002902,Smart Meter,2024-03-17,Active
MTR002903,ACCT002903,Smart Meter,2021-06-12,Active
MTR002904,ACCT002904,Smart Meter,2024-01-15,Active
MTR002905,ACCT002905,Smart Meter,2021-06-07,Active
MTR002906,ACCT002906,Smart Meter,2016-03-10,Active
MTR002907,ACCT002907,Smart Meter,2020-06-22,Active
MTR002908,ACCT002908,Smart Meter,2016-03-03,Active
MTR002909,ACCT002909,Smart Meter,2015-07-30,Active
MTR002910,ACCT002910,Legacy Meter,2018-09-24,Active
MTR002911,ACCT002911,Smart Meter,2022-11-02,Active
MTR002912,ACCT002912,Smart Meter,2017-12-18,Inactive
MTR002913,ACCT002913,Smart Meter,2023-10-12,Inactive
MTR002914,ACCT002914,Smart Meter,2014-04-01,Active
MTR002915,ACCT002915,Smart Meter,2024-03-14,Active
MTR002916,ACCT002916,Smart Meter,2016-12-01,Active
MTR002917,ACCT002917,Legacy Meter,2016-01-31,Active
MTR002918,ACCT002918,Smart Meter,2023-03-21,Active
MTR002919,ACCT002919,Smart Meter,2016-02-09,Active
MTR002920,ACCT002920,Smart Meter,2017-09-22,Active
MTR002921,ACCT002921,Smart Meter,2019-08-11,Active
MTR002922,ACCT002922,Smart Meter,2019-11-27,Active
MTR002923,ACCT002923,Smart Meter,2022-02-23,Active
MTR002924,ACCT002924,Legacy Meter,2019-06-26,Active
MTR002925,ACCT002925,Smart Meter,2022-10-02,Active
MTR002926,ACCT002926,Smart Meter,2016-12-23,Active
MTR002927,ACCT002927,Smart Meter,2014-07-25,Active
MTR002928,ACCT002928,Smart Meter,2023-07-19,Active
MTR002929,ACCT002929,Smart Meter,2021-12-07,Active
MTR002930,ACCT002930,Smart Meter,2023-01-29,Active
MTR002931,ACCT002931,Smart Meter,2021-03-22,Active
MTR002932,ACCT002932,Smart Meter,2015-09-15,Active
MTR002933,ACCT002933,Smart Meter,2018-08-05,Active
MTR002934,ACCT002934,Smart Meter,2023-01-01,Active
MTR002935,ACCT002935,Smart Meter,2022-04-01,Active
MTR002936,ACCT002936,Legacy Meter,2018-04-01,Active
MTR002937,ACCT002937,Smart Meter,2022-04-01,Active
MTR002938,ACCT002938,Smart Meter,2023-12-17,Active
MTR002939,ACCT002939,Smart Meter,2021-05-24,Active
MTR002940,ACCT002940,Smart Meter,2023-06-14,Active
MTR002941,ACCT002941,Smart Meter,2019-02-15,Active
MTR002942,ACCT002942,Smart Meter,2014-03-20,Active
MTR002943,ACCT002943,Smart Meter,2020-09-28,Active
MTR002944,ACCT002944,Smart Meter,2018-01-16,Active
MTR002945,ACCT002945,Smart Meter,2017-03-18,Active
MTR002946,ACCT002946,Smart Meter,2015-10-01,Active
MTR002947,ACCT002947,Smart Meter,2018-08-21,Active
MTR002948,ACCT002948,Smart Meter,2021-10-09,Active
MTR002949,ACCT002949,Smart Meter,2016-11-27,Active
MTR002950,ACCT002950,Smart Meter,2022-11-03,Active
MTR002951,ACCT002951,Smart Meter,2020-07-08,Active
MTR002952,ACCT002952,Smart Meter,2020-05-24,Active
MTR002953,ACCT002953,Smart Meter,2022-09-19,Active
MTR002954,ACCT002954,Smart Meter,2018-09-22,Active
MTR002955,ACCT002955,Smart Meter,2018-06-30,Active
MTR002956,ACCT002956,Smart Meter,2017-01-19,Active
MTR002957,ACCT002957,Smart Meter,2019-03-05,Inactive
MTR002958,ACCT002958,Smart Meter,2024-08-20,Active
MTR002959,ACCT002959,Smart Meter,2022-07-18,Active
MTR002960,ACCT002960,Smart Meter,2014-06-10,Inactive
MTR002961,ACCT002961,Smart Meter,2023-10-28,Active
MTR002962,ACCT002962,Smart Meter,2017-11-26,Active
MTR002963,ACCT002963,Smart Meter,2018-09-30,Active
MTR002964,ACCT002964,Smart Meter,2014-11-16,Active
MTR002965,ACCT002965,Smart Meter,2022-02-19,Active
MTR002966,ACCT002966,Smart Meter,2020-08-08,Active
MTR002967,ACCT002967,Smart Meter,2024-11-04,Active
MTR002968,ACCT002968,Smart Meter,2023-08-15,Active
MTR002969,ACCT002969,Legacy Meter,2020-11-27,Active
MTR002970,ACCT002970,Smart Meter,2022-05-29,Active
MTR002971,ACCT002971,Smart Meter,2016-02-05,Active
MTR002972,ACCT002972,Smart Meter,2015-08-25,Active
MTR002973,ACCT002973,Smart Meter,2020-06-17,Active
MTR002974,ACCT002974,Smart Meter,2018-04-05,Active
MTR002975,ACCT002975,Smart Meter,2015-08-12,Inactive
MTR002976,ACCT002976,Smart Meter,2017-05-28,Active
MTR002977,ACCT002977,Legacy Meter,2018-08-25,Active
MTR002978,ACCT002978,Smart Meter,2018-03-01,Active
MTR002979,ACCT002979,Smart Meter,2020-07-18,Active
MTR002980,ACCT002980,Smart Meter,2016-06-24,Active
MTR002981,ACCT002981,Smart Meter,2018-07-09,Active
MTR002982,ACCT002982,Smart Meter,2017-01-22,Active
MTR002983,ACCT002983,Smart Meter,2024-12-03,Active
MTR002984,ACCT002984,Smart Meter,2022-10-10,Active
MTR002985,ACCT002985,Smart Meter,2018-03-05,Active
MTR002986,ACCT002986,Smart Meter,2014-06-21,Active
MTR002987,ACCT002987,Smart Meter,2015-09-18,Removed
MTR002988,ACCT002988,Smart Meter,2019-08-08,Active
MTR002989,ACCT002989,Smart Meter,2022-06-08,Active
MTR002990,ACCT002990,Smart Meter,2024-08-18,Active
MTR002991,ACCT002991,Smart Meter,2024-07-10,Active
MTR002992,ACCT002992,Smart Meter,2015-11-13,Active
MTR002993,ACCT002993,Smart Meter,2017-09-06,Active
MTR002994,ACCT002994,Smart Meter,2022-09-05,Active
MTR002995,ACCT002995,Smart Meter,2022-11-15,Active
MTR002996,ACCT002996,Smart Meter,2019-06-07,Removed
MTR002997,ACCT002997,Smart Meter,2014-11-07,Active
MTR002998,ACCT002998,Smart Meter,2024-05-29,Active
MTR002999,ACCT002999,Smart Meter,2022-02-09,Active
MTR003000,ACCT003000,Smart Meter,2019-04-20,Active
MTR003001,ACCT003001,Smart Meter,2023-05-08,Removed
MTR003002,ACCT003002,Smart Meter,2020-10-13,Active
MTR003003,ACCT003003,Smart Meter,2024-12-17,Inactive
MTR003004,ACCT003004,Smart Meter,2021-12-15,Active
MTR003005,ACCT003005,Smart Meter,2019-06-09,Active
MTR003006,ACCT003006,Smart Meter,2023-12-07,Active
MTR003007,ACCT003007,Smart Meter,2018-03-04,Removed
MTR003008,ACCT003008,Smart Meter,2024-07-11,Inactive
MTR003009,ACCT003009,Smart Meter,2014-10-12,Active
MTR003010,ACCT003010,Smart Meter,2024-02-27,Active
MTR003011,ACCT003011,Smart Meter,2017-07-07,Active
MTR003012,ACCT003012,Smart Meter,2020-12-17,Active
MTR003013,ACCT003013,Smart Meter,2014-12-21,Active
MTR003014,ACCT003014,Smart Meter,2020-03-11,Active
MTR003015,ACCT003015,Smart Meter,2021-11-04,Inactive
MTR003016,ACCT003016,Smart Meter,2014-07-19,Active
MTR003017,ACCT003017,Smart Meter,2023-01-21,Active
MTR003018,ACCT003018,Smart Meter,2021-12-10,Active
MTR003019,ACCT003019,Smart Meter,2019-12-24,Active
MTR003020,ACCT003020,Smart Meter,2019-03-29,Inactive
MTR003021,ACCT003021,Smart Meter,2016-08-05,Active
MTR003022,ACCT003022,Smart Meter,2021-04-29,Active
MTR003023,ACCT003023,Smart Meter,2016-07-05,Inactive
MTR003024,ACCT003024,Smart Meter,2024-03-27,Active
MTR003025,ACCT003025,Smart Meter,2023-07-26,Active
MTR003026,ACCT003026,Smart Meter,2024-11-16,Active
MTR003027,ACCT003027,Smart Meter,2017-09-26,Active
MTR003028,ACCT003028,Smart Meter,2019-01-27,Active
MTR003029,ACCT003029,Smart Meter,2024-11-19,Active
MTR003030,ACCT003030,Smart Meter,2014-12-08,Active
MTR003031,ACCT003031,Smart Meter,2023-11-11,Active
MTR003032,ACCT003032,Smart Meter,2015-01-23,Active
MTR003033,ACCT003033,Smart Meter,2014-01-04,Active
MTR003034,ACCT003034,Smart Meter,2015-11-08,Active
MTR003035,ACCT003035,Smart Meter,2018-07-21,Active
MTR003036,ACCT003036,Smart Meter,2020-09-12,Active
MTR003037,ACCT003037,Smart Meter,2023-07-26,Active
MTR003038,ACCT003038,Smart Meter,2020-09-24,Active
MTR003039,ACCT003039,Smart Meter,2014-08-01,Active
MTR003040,ACCT003040,Smart Meter,2015-07-14,Active
MTR003041,ACCT003041,Smart Meter,2015-07-12,Active
MTR003042,ACCT003042,Smart Meter,2021-02-18,Active
MTR003043,ACCT003043,Smart Meter,2022-07-17,Inactive
MTR003044,ACCT003044,Smart Meter,2022-12-03,Active
MTR003045,ACCT003045,Smart Meter,2020-12-24,Active
MTR003046,ACCT003046,Smart Meter,2024-02-21,Active
MTR003047,ACCT003047,Smart Meter,2021-05-15,Active
MTR003048,ACCT003048,Smart Meter,2019-06-18,Active
MTR003049,ACCT003049,Smart Meter,2021-01-22,Inactive
MTR003050,ACCT003050,Smart Meter,2016-08-10,Active
MTR003051,ACCT003051,Smart Meter,2021-10-05,Active
MTR003052,ACCT003052,Smart Meter,2015-04-20,Active
MTR003053,ACCT003053,Legacy Meter,2018-11-03,Removed
MTR003054,ACCT003054,Smart Meter,2014-02-11,Active
MTR003055,ACCT003055,Smart Meter,2021-04-05,Active
MTR003056,ACCT003056,Smart Meter,2023-02-15,Active
MTR003057,ACCT003057,Smart Meter,2019-09-27,Active
MTR003058,ACCT003058,Legacy Meter,2024-12-06,Active
MTR003059,ACCT003059,Smart Meter,2019-06-10,Active
MTR003060,ACCT003060,Legacy Meter,2024-08-01,Active
MTR003061,ACCT003061,Smart Meter,2024-01-06,Active
MTR003062,ACCT003062,Legacy Meter,2015-12-29,Active
MTR003063,ACCT003063,Smart Meter,2023-08-19,Active
MTR003064,ACCT003064,Smart Meter,2020-03-18,Inactive
MTR003065,ACCT003065,Legacy Meter,2018-07-03,Active
MTR003066,ACCT003066,Smart Meter,2024-03-07,Active
MTR003067,ACCT003067,Smart Meter,2016-07-28,Active
MTR003068,ACCT003068,Smart Meter,2014-12-09,Active
MTR003069,ACCT003069,Smart Meter,2023-01-23,Active
MTR003070,ACCT003070,Smart Meter,2020-01-12,Active
MTR003071,ACCT003071,Smart Meter,2022-03-05,Active
MTR003072,ACCT003072,Smart Meter,2016-04-20,Active
MTR003073,ACCT003073,Smart Meter,2019-07-21,Active
MTR003074,ACCT003074,Smart Meter,2022-07-25,Active
MTR003075,ACCT003075,Smart Meter,2020-08-31,Inactive
MTR003076,ACCT003076,Smart Meter,2016-06-12,Active
MTR003077,ACCT003077,Smart Meter,2019-04-17,Active
MTR003078,ACCT003078,Smart Meter,2024-05-09,Active
MTR003079,ACCT003079,Smart Meter,2017-08-31,Active
MTR003080,ACCT003080,Smart Meter,2014-02-07,Inactive
MTR003081,ACCT003081,Smart Meter,2017-09-26,Active
MTR003082,ACCT003082,Smart Meter,2016-04-30,Active
MTR003083,ACCT003083,Smart Meter,2021-08-08,Active
MTR003084,ACCT003084,Smart Meter,2014-08-19,Active
MTR003085,ACCT003085,Smart Meter,2020-11-04,Active
MTR003086,ACCT003086,Smart Meter,2017-09-27,Active
MTR003087,ACCT003087,Smart Meter,2023-08-26,Active
MTR003088,ACCT003088,Smart Meter,2020-04-23,Inactive
MTR003089,ACCT003089,Legacy Meter,2020-10-17,Active
MTR003090,ACCT003090,Smart Meter,2014-07-28,Active
MTR003091,ACCT003091,Smart Meter,2017-05-09,Active
MTR003092,ACCT003092,Smart Meter,2019-12-25,Active
MTR003093,ACCT003093,Smart Meter,2024-02-29,Active
MTR003094,ACCT003094,Smart Meter,2021-02-25,Active
MTR003095,ACCT003095,Smart Meter,2021-12-13,Active
MTR003096,ACCT003096,Smart Meter,2023-06-28,Inactive
MTR003097,ACCT003097,Smart Meter,2024-01-16,Active
MTR003098,ACCT003098,Smart Meter,2021-07-31,Active
MTR003099,ACCT003099,Smart Meter,2021-12-02,Active
MTR003100,ACCT003100,Smart Meter,2024-08-04,Active
MTR003101,ACCT003101,Smart Meter,2019-09-15,Active
MTR003102,ACCT003102,Smart Meter,2017-05-23,Active
MTR003103,ACCT003103,Smart Meter,2019-09-06,Active
MTR003104,ACCT003104,Legacy Meter,2024-03-18,Active
MTR003105,ACCT003105,Smart Meter,2019-08-28,Active
MTR003106,ACCT003106,Smart Meter,2015-09-22,Active
MTR003107,ACCT003107,Smart Meter,2022-10-14,Active
MTR003108,ACCT003108,Smart Meter,2015-08-02,Active
MTR003109,ACCT003109,Smart Meter,2016-06-21,Removed
MTR003110,ACCT003110,Smart Meter,2019-01-24,Active
MTR003111,ACCT003111,Smart Meter,2022-04-11,Active
MTR003112,ACCT003112,Smart Meter,2016-11-19,Active
MTR003113,ACCT003113,Smart Meter,2022-08-11,Active
MTR003114,ACCT003114,Smart Meter,2014-05-03,Active
MTR003115,ACCT003115,Smart Meter,2016-08-14,Active
MTR003116,ACCT003116,Smart Meter,2016-09-27,Active
MTR003117,ACCT003117,Smart Meter,2016-09-13,Active
MTR003118,ACCT003118,Smart Meter,2017-06-05,Active
MTR003119,ACCT003119,Smart Meter,2014-12-04,Inactive
MTR003120,ACCT003120,Smart Meter,2016-09-17,Active
MTR003121,ACCT003121,Smart Meter,2020-05-09,Active
MTR003122,ACCT003122,Legacy Meter,2024-06-26,Active
MTR003123,ACCT003123,Smart Meter,2017-12-31,Active
MTR003124,ACCT003124,Smart Meter,2016-06-20,Active
MTR003125,ACCT003125,Smart Meter,2019-09-18,Active
MTR003126,ACCT003126,Smart Meter,2024-12-06,Active
MTR003127,ACCT003127,Smart Meter,2021-06-22,Active
MTR003128,ACCT003128,Smart Meter,2015-03-02,Active
MTR003129,ACCT003129,Smart Meter,2020-06-20,Active
MTR003130,ACCT003130,Smart Meter,2015-09-06,Active
MTR003131,ACCT003131,Smart Meter,2024-08-13,Active
MTR003132,ACCT003132,Smart Meter,2023-10-21,Active
MTR003133,ACCT003133,Legacy Meter,2024-12-12,Active
MTR003134,ACCT003134,Smart Meter,2021-09-03,Active
MTR003135,ACCT003135,Smart Meter,2020-01-14,Active
MTR003136,ACCT003136,Smart Meter,2016-05-21,Inactive
MTR003137,ACCT003137,Smart Meter,2021-09-25,Active
MTR003138,ACCT003138,Smart Meter,2020-04-23,Active
MTR003139,ACCT003139,Smart Meter,2019-06-23,Active
MTR003140,ACCT003140,Smart Meter,2019-03-09,Active
MTR003141,ACCT003141,Smart Meter,2021-12-12,Inactive
MTR003142,ACCT003142,Legacy Meter,2015-09-27,Active
MTR003143,ACCT003143,Legacy Meter,2020-11-08,Active
MTR003144,ACCT003144,Smart Meter,2019-09-26,Active
MTR003145,ACCT003145,Legacy Meter,2023-04-27,Active
MTR003146,ACCT003146,Smart Meter,2019-08-20,Active
MTR003147,ACCT003147,Smart Meter,2020-01-01,Removed
MTR003148,ACCT003148,Smart Meter,2017-12-25,Active
MTR003149,ACCT003149,Smart Meter,2024-08-18,Active
MTR003150,ACCT003150,Smart Meter,2022-10-29,Active
MTR003151,ACCT003151,Legacy Meter,2015-05-02,Active
MTR003152,ACCT003152,Smart Meter,2022-10-13,Active
MTR003153,ACCT003153,Smart Meter,2024-01-07,Active
MTR003154,ACCT003154,Smart Meter,2019-03-12,Active
MTR003155,ACCT003155,Smart Meter,2022-06-25,Active
MTR003156,ACCT003156,Smart Meter,2022-06-06,Active
MTR003157,ACCT003157,Smart Meter,2021-03-23,Active
MTR003158,ACCT003158,Smart Meter,2022-06-14,Active
MTR003159,ACCT003159,Smart Meter,2017-12-26,Active
MTR003160,ACCT003160,Smart Meter,2022-01-25,Active
MTR003161,ACCT003161,Smart Meter,2023-07-04,Active
MTR003162,ACCT003162,Smart Meter,2014-07-26,Active
MTR003163,ACCT003163,Smart Meter,2018-06-13,Active
MTR003164,ACCT003164,Smart Meter,2024-01-29,Active
MTR003165,ACCT003165,Legacy Meter,2022-02-05,Active
MTR003166,ACCT003166,Smart Meter,2023-01-01,Active
MTR003167,ACCT003167,Smart Meter,2018-03-06,Active
MTR003168,ACCT003168,Legacy Meter,2018-01-22,Active
MTR003169,ACCT003169,Smart Meter,2014-09-16,Active
MTR003170,ACCT003170,Smart Meter,2017-09-14,Active
MTR003171,ACCT003171,Smart Meter,2015-03-30,Active
MTR003172,ACCT003172,Smart Meter,2016-03-09,Active
MTR003173,ACCT003173,Smart Meter,2015-01-10,Active
MTR003174,ACCT003174,Smart Meter,2020-11-16,Active
MTR003175,ACCT003175,Smart Meter,2014-03-16,Active
MTR003176,ACCT003176,Legacy Meter,2014-08-30,Active
MTR003177,ACCT003177,Smart Meter,2016-11-06,Active
MTR003178,ACCT003178,Smart Meter,2018-09-09,Active
MTR003179,ACCT003179,Smart Meter,2023-02-13,Active
MTR003180,ACCT003180,Smart Meter,2014-05-03,Active
MTR003181,ACCT003181,Smart Meter,2019-06-26,Active
MTR003182,ACCT003182,Smart Meter,2023-04-06,Active
MTR003183,ACCT003183,Smart Meter,2019-11-29,Active
MTR003184,ACCT003184,Smart Meter,2023-02-10,Active
MTR003185,ACCT003185,Smart Meter,2020-03-31,Active
MTR003186,ACCT003186,Smart Meter,2022-04-04,Active
MTR003187,ACCT003187,Smart Meter,2015-05-12,Active
MTR003188,ACCT003188,Smart Meter,2024-10-14,Active
MTR003189,ACCT003189,Smart Meter,2022-07-09,Inactive
MTR003190,ACCT003190,Smart Meter,2017-02-19,Inactive
MTR003191,ACCT003191,Smart Meter,2018-01-13,Active
MTR003192,ACCT003192,Smart Meter,2015-12-28,Active
MTR003193,ACCT003193,Smart Meter,2019-01-06,Active
MTR003194,ACCT003194,Smart Meter,2018-12-27,Active
MTR003195,ACCT003195,Smart Meter,2018-12-22,Active
MTR003196,ACCT003196,Smart Meter,2023-10-31,Active
MTR003197,ACCT003197,Smart Meter,2014-04-02,Inactive
MTR003198,ACCT003198,Smart Meter,2023-05-26,Active
MTR003199,ACCT003199,Smart Meter,2019-05-24,Active
MTR003200,ACCT003200,Smart Meter,2022-09-30,Active
MTR003201,ACCT003201,Smart Meter,2020-07-12,Active
MTR003202,ACCT003202,Smart Meter,2024-01-28,Active
MTR003203,ACCT003203,Smart Meter,2015-05-28,Active
MTR003204,ACCT003204,Smart Meter,2015-08-26,Active
MTR003205,ACCT003205,Smart Meter,2015-03-04,Active
MTR003206,ACCT003206,Smart Meter,2019-07-13,Active
MTR003207,ACCT003207,Smart Meter,2017-12-27,Active
MTR003208,ACCT003208,Smart Meter,2014-01-07,Active
MTR003209,ACCT003209,Smart Meter,2019-12-08,Active
MTR003210,ACCT003210,Smart Meter,2020-08-31,Active
MTR003211,ACCT003211,Smart Meter,2017-10-05,Active
MTR003212,ACCT003212,Smart Meter,2015-10-03,Active
MTR003213,ACCT003213,Smart Meter,2024-04-20,Active
MTR003214,ACCT003214,Smart Meter,2017-01-26,Active
MTR003215,ACCT003215,Smart Meter,2024-12-19,Active
MTR003216,ACCT003216,Smart Meter,2016-12-02,Active
MTR003217,ACCT003217,Smart Meter,2020-02-09,Active
MTR003218,ACCT003218,Smart Meter,2021-07-07,Active
MTR003219,ACCT003219,Smart Meter,2015-07-19,Active
MTR003220,ACCT003220,Smart Meter,2024-06-08,Active
MTR003221,ACCT003221,Smart Meter,2018-08-24,Active
MTR003222,ACCT003222,Legacy Meter,2023-01-20,Inactive
MTR003223,ACCT003223,Smart Meter,2015-03-22,Active
MTR003224,ACCT003224,Legacy Meter,2024-10-16,Active
MTR003225,ACCT003225,Smart Meter,2019-04-15,Active
MTR003226,ACCT003226,Smart Meter,2014-07-19,Active
MTR003227,ACCT003227,Smart Meter,2022-03-15,Active
MTR003228,ACCT003228,Smart Meter,2015-05-28,Active
MTR003229,ACCT003229,Smart Meter,2023-11-07,Active
MTR003230,ACCT003230,Smart Meter,2016-09-16,Active
MTR003231,ACCT003231,Smart Meter,2020-03-10,Active
MTR003232,ACCT003232,Smart Meter,2017-11-02,Active
MTR003233,ACCT003233,Smart Meter,2018-12-18,Active
MTR003234,ACCT003234,Smart Meter,2015-06-30,Active
MTR003235,ACCT003235,Legacy Meter,2020-12-08,Active
MTR003236,ACCT003236,Smart Meter,2019-07-03,Active
MTR003237,ACCT003237,Smart Meter,2023-05-26,Active
MTR003238,ACCT003238,Smart Meter,2018-12-11,Active
MTR003239,ACCT003239,Smart Meter,2020-01-25,Removed
MTR003240,ACCT003240,Smart Meter,2016-06-08,Removed
MTR003241,ACCT003241,Legacy Meter,2016-07-19,Active
MTR003242,ACCT003242,Smart Meter,2024-04-11,Active
MTR003243,ACCT003243,Smart Meter,2024-01-14,Active
MTR003244,ACCT003244,Smart Meter,2023-07-08,Active
MTR003245,ACCT003245,Smart Meter,2016-04-07,Active
MTR003246,ACCT003246,Legacy Meter,2019-12-25,Active
MTR003247,ACCT003247,Smart Meter,2023-01-18,Active
MTR003248,ACCT003248,Smart Meter,2019-12-03,Active
MTR003249,ACCT003249,Smart Meter,2017-06-29,Active
MTR003250,ACCT003250,Smart Meter,2018-02-25,Active
MTR003251,ACCT003251,Smart Meter,2017-08-05,Active
MTR003252,ACCT003252,Smart Meter,2016-12-08,Active
MTR003253,ACCT003253,Smart Meter,2023-08-25,Active
MTR003254,ACCT003254,Smart Meter,2015-05-31,Active
MTR003255,ACCT003255,Smart Meter,2019-03-30,Active
MTR003256,ACCT003256,Smart Meter,2015-11-19,Active
MTR003257,ACCT003257,Smart Meter,2016-10-16,Active
MTR003258,ACCT003258,Smart Meter,2017-07-19,Active
MTR003259,ACCT003259,Smart Meter,2023-08-04,Active
MTR003260,ACCT003260,Smart Meter,2016-11-15,Active
MTR003261,ACCT003261,Legacy Meter,2016-12-29,Active
MTR003262,ACCT003262,Smart Meter,2020-05-29,Active
MTR003263,ACCT003263,Smart Meter,2023-07-10,Active
MTR003264,ACCT003264,Smart Meter,2017-06-11,Active
MTR003265,ACCT003265,Legacy Meter,2020-03-28,Active
MTR003266,ACCT003266,Smart Meter,2023-02-17,Inactive
MTR003267,ACCT003267,Smart Meter,2022-03-05,Active
MTR003268,ACCT003268,Smart Meter,2024-08-05,Active
MTR003269,ACCT003269,Smart Meter,2018-05-29,Inactive
MTR003270,ACCT003270,Legacy Meter,2017-02-18,Active
MTR003271,ACCT003271,Smart Meter,2023-09-05,Active
MTR003272,ACCT003272,Smart Meter,2015-06-02,Active
MTR003273,ACCT003273,Smart Meter,2022-06-23,Active
MTR003274,ACCT003274,Smart Meter,2015-12-07,Active
MTR003275,ACCT003275,Smart Meter,2024-04-09,Active
MTR003276,ACCT003276,Smart Meter,2020-08-21,Active
MTR003277,ACCT003277,Smart Meter,2023-10-12,Active
MTR003278,ACCT003278,Smart Meter,2019-04-19,Active
MTR003279,ACCT003279,Smart Meter,2020-10-20,Active
MTR003280,ACCT003280,Smart Meter,2021-12-10,Active
MTR003281,ACCT003281,Legacy Meter,2018-10-12,Active
MTR003282,ACCT003282,Smart Meter,2018-07-27,Active
MTR003283,ACCT003283,Smart Meter,2024-10-03,Active
MTR003284,ACCT003284,Smart Meter,2024-08-11,Active
MTR003285,ACCT003285,Legacy Meter,2016-08-27,Active
MTR003286,ACCT003286,Smart Meter,2020-12-21,Inactive
MTR003287,ACCT003287,Smart Meter,2017-04-12,Active
MTR003288,ACCT003288,Smart Meter,2018-08-14,Active
MTR003289,ACCT003289,Smart Meter,2021-04-01,Active
MTR003290,ACCT003290,Smart Meter,2024-08-20,Active
MTR003291,ACCT003291,Smart Meter,2018-03-13,Active
MTR003292,ACCT003292,Smart Meter,2016-02-17,Active
MTR003293,ACCT003293,Smart Meter,2017-08-26,Active
MTR003294,ACCT003294,Smart Meter,2019-10-19,Active
MTR003295,ACCT003295,Smart Meter,2020-03-02,Active
MTR003296,ACCT003296,Smart Meter,2020-07-16,Active
MTR003297,ACCT003297,Smart Meter,2022-07-01,Inactive
MTR003298,ACCT003298,Smart Meter,2022-07-12,Active
MTR003299,ACCT003299,Smart Meter,2014-04-28,Active
MTR003300,ACCT003300,Smart Meter,2022-01-15,Active
MTR003301,ACCT003301,Smart Meter,2014-01-15,Active
MTR003302,ACCT003302,Smart Meter,2017-09-07,Active
MTR003303,ACCT003303,Smart Meter,2019-08-04,Active
MTR003304,ACCT003304,Smart Meter,2019-08-05,Active
MTR003305,ACCT003305,Smart Meter,2016-06-29,Active
MTR003306,ACCT003306,Smart Meter,2021-04-28,Active
MTR003307,ACCT003307,Smart Meter,2023-05-02,Active
MTR003308,ACCT003308,Legacy Meter,2018-04-05,Active
MTR003309,ACCT003309,Smart Meter,2015-11-21,Active
MTR003310,ACCT003310,Smart Meter,2016-02-13,Active
MTR003311,ACCT003311,Smart Meter,2018-06-03,Active
MTR003312,ACCT003312,Smart Meter,2023-06-15,Active
MTR003313,ACCT003313,Smart Meter,2018-03-15,Active
MTR003314,ACCT003314,Smart Meter,2022-02-08,Active
MTR003315,ACCT003315,Smart Meter,2014-04-30,Active
MTR003316,ACCT003316,Smart Meter,2019-09-05,Active
MTR003317,ACCT003317,Legacy Meter,2023-11-15,Active
MTR003318,ACCT003318,Smart Meter,2018-10-03,Active
MTR003319,ACCT003319,Smart Meter,2014-03-05,Active
MTR003320,ACCT003320,Smart Meter,2015-04-05,Active
MTR003321,ACCT003321,Smart Meter,2018-10-16,Active
MTR003322,ACCT003322,Smart Meter,2020-06-19,Active
MTR003323,ACCT003323,Smart Meter,2021-10-23,Active
MTR003324,ACCT003324,Smart Meter,2018-06-02,Active
MTR003325,ACCT003325,Smart Meter,2023-01-01,Active
MTR003326,ACCT003326,Smart Meter,2023-08-29,Active
MTR003327,ACCT003327,Smart Meter,2022-04-22,Active
MTR003328,ACCT003328,Smart Meter,2021-08-15,Active
MTR003329,ACCT003329,Smart Meter,2022-01-15,Active
MTR003330,ACCT003330,Smart Meter,2018-04-13,Inactive
MTR003331,ACCT003331,Smart Meter,2016-09-08,Active
MTR003332,ACCT003332,Smart Meter,2024-08-24,Active
MTR003333,ACCT003333,Smart Meter,2024-05-12,Active
MTR003334,ACCT003334,Legacy Meter,2021-03-11,Active
MTR003335,ACCT003335,Smart Meter,2023-09-15,Active
MTR003336,ACCT003336,Smart Meter,2023-05-24,Active
MTR003337,ACCT003337,Smart Meter,2017-02-23,Active
MTR003338,ACCT003338,Smart Meter,2016-08-29,Active
MTR003339,ACCT003339,Smart Meter,2021-12-18,Active
MTR003340,ACCT003340,Smart Meter,2015-12-08,Active
MTR003341,ACCT003341,Smart Meter,2024-12-22,Active
MTR003342,ACCT003342,Smart Meter,2018-09-06,Active
MTR003343,ACCT003343,Smart Meter,2022-08-25,Active
MTR003344,ACCT003344,Smart Meter,2017-09-28,Active
MTR003345,ACCT003345,Smart Meter,2019-01-21,Active
MTR003346,ACCT003346,Smart Meter,2015-01-30,Active
MTR003347,ACCT003347,Smart Meter,2015-04-29,Active
MTR003348,ACCT003348,Smart Meter,2015-10-28,Active
MTR003349,ACCT003349,Smart Meter,2015-04-01,Active
MTR003350,ACCT003350,Smart Meter,2023-09-18,Active
MTR003351,ACCT003351,Smart Meter,2014-07-29,Active
MTR003352,ACCT003352,Smart Meter,2015-06-09,Active
MTR003353,ACCT003353,Smart Meter,2015-11-07,Active
MTR003354,ACCT003354,Smart Meter,2016-09-28,Active
MTR003355,ACCT003355,Smart Meter,2024-07-05,Active
MTR003356,ACCT003356,Smart Meter,2016-06-14,Active
MTR003357,ACCT003357,Smart Meter,2016-09-30,Active
MTR003358,ACCT003358,Smart Meter,2018-05-19,Inactive
MTR003359,ACCT003359,Smart Meter,2020-06-12,Active
MTR003360,ACCT003360,Smart Meter,2022-08-14,Active
MTR003361,ACCT003361,Smart Meter,2022-06-21,Active
MTR003362,ACCT003362,Smart Meter,2014-03-01,Active
MTR003363,ACCT003363,Smart Meter,2015-01-21,Active
MTR003364,ACCT003364,Smart Meter,2019-10-05,Active
MTR003365,ACCT003365,Smart Meter,2020-01-25,Active
MTR003366,ACCT003366,Smart Meter,2017-12-06,Active
MTR003367,ACCT003367,Smart Meter,2021-07-27,Active
MTR003368,ACCT003368,Smart Meter,2021-12-22,Active
MTR003369,ACCT003369,Smart Meter,2018-11-30,Active
MTR003370,ACCT003370,Smart Meter,2022-12-07,Active
MTR003371,ACCT003371,Smart Meter,2020-12-04,Active
MTR003372,ACCT003372,Smart Meter,2019-04-27,Active
MTR003373,ACCT003373,Smart Meter,2018-05-10,Active
MTR003374,ACCT003374,Smart Meter,2023-07-20,Active
MTR003375,ACCT003375,Smart Meter,2020-07-15,Active
MTR003376,ACCT003376,Smart Meter,2016-03-06,Active
MTR003377,ACCT003377,Smart Meter,2016-06-10,Active
MTR003378,ACCT003378,Legacy Meter,2021-09-24,Inactive
MTR003379,ACCT003379,Smart Meter,2017-07-06,Active
MTR003380,ACCT003380,Smart Meter,2023-05-15,Active
MTR003381,ACCT003381,Smart Meter,2015-08-24,Active
MTR003382,ACCT003382,Smart Meter,2020-10-20,Active
MTR003383,ACCT003383,Smart Meter,2017-05-30,Active
MTR003384,ACCT003384,Smart Meter,2017-12-07,Active
MTR003385,ACCT003385,Smart Meter,2017-10-05,Active
MTR003386,ACCT003386,Smart Meter,2023-09-24,Active
MTR003387,ACCT003387,Smart Meter,2024-01-21,Active
MTR003388,ACCT003388,Smart Meter,2016-12-18,Active
MTR003389,ACCT003389,Smart Meter,2014-06-01,Active
MTR003390,ACCT003390,Smart Meter,2016-07-22,Active
MTR003391,ACCT003391,Legacy Meter,2021-01-31,Active
MTR003392,ACCT003392,Smart Meter,2020-03-22,Active
MTR003393,ACCT003393,Smart Meter,2017-09-03,Active
MTR003394,ACCT003394,Smart Meter,2021-02-23,Active
MTR003395,ACCT003395,Legacy Meter,2024-07-13,Active
MTR003396,ACCT003396,Smart Meter,2023-03-05,Active
MTR003397,ACCT003397,Smart Meter,2015-07-12,Active
MTR003398,ACCT003398,Legacy Meter,2018-02-06,Active
MTR003399,ACCT003399,Smart Meter,2019-02-13,Active
MTR003400,ACCT003400,Smart Meter,2015-09-10,Active
MTR003401,ACCT003401,Smart Meter,2018-12-25,Removed
MTR003402,ACCT003402,Smart Meter,2014-01-24,Active
MTR003403,ACCT003403,Smart Meter,2018-03-23,Active
MTR003404,ACCT003404,Smart Meter,2020-08-12,Active
MTR003405,ACCT003405,Smart Meter,2019-07-13,Active
MTR003406,ACCT003406,Smart Meter,2016-09-25,Active
MTR003407,ACCT003407,Smart Meter,2020-07-10,Active
MTR003408,ACCT003408,Smart Meter,2017-12-27,Active
MTR003409,ACCT003409,Smart Meter,2014-01-03,Active
MTR003410,ACCT003410,Smart Meter,2016-10-04,Active
MTR003411,ACCT003411,Smart Meter,2017-07-05,Active
MTR003412,ACCT003412,Smart Meter,2014-09-20,Active
MTR003413,ACCT003413,Smart Meter,2014-05-01,Active
MTR003414,ACCT003414,Smart Meter,2018-10-10,Active
MTR003415,ACCT003415,Smart Meter,2014-01-21,Active
MTR003416,ACCT003416,Smart Meter,2016-06-23,Active
MTR003417,ACCT003417,Legacy Meter,2014-05-20,Active
MTR003418,ACCT003418,Smart Meter,2023-09-19,Inactive
MTR003419,ACCT003419,Smart Meter,2018-12-21,Active
MTR003420,ACCT003420,Smart Meter,2017-08-05,Active
MTR003421,ACCT003421,Legacy Meter,2014-07-25,Active
MTR003422,ACCT003422,Smart Meter,2014-02-12,Active
MTR003423,ACCT003423,Smart Meter,2021-12-07,Active
MTR003424,ACCT003424,Smart Meter,2022-09-25,Active
MTR003425,ACCT003425,Smart Meter,2016-10-25,Active
MTR003426,ACCT003426,Smart Meter,2020-03-04,Active
MTR003427,ACCT003427,Smart Meter,2021-05-06,Active
MTR003428,ACCT003428,Smart Meter,2019-02-06,Active
MTR003429,ACCT003429,Smart Meter,2014-12-11,Active
MTR003430,ACCT003430,Smart Meter,2017-03-11,Active
MTR003431,ACCT003431,Smart Meter,2020-08-16,Active
MTR003432,ACCT003432,Smart Meter,2023-01-17,Active
MTR003433,ACCT003433,Smart Meter,2022-11-10,Active
MTR003434,ACCT003434,Smart Meter,2021-02-07,Active
MTR003435,ACCT003435,Smart Meter,2017-10-19,Active
MTR003436,ACCT003436,Smart Meter,2024-12-31,Inactive
MTR003437,ACCT003437,Smart Meter,2016-09-10,Active
MTR003438,ACCT003438,Smart Meter,2014-12-01,Active
MTR003439,ACCT003439,Smart Meter,2019-08-21,Active
MTR003440,ACCT003440,Smart Meter,2023-07-12,Active
MTR003441,ACCT003441,Smart Meter,2019-10-24,Active
MTR003442,ACCT003442,Smart Meter,2017-08-16,Active
MTR003443,ACCT003443,Smart Meter,2022-03-14,Active
MTR003444,ACCT003444,Smart Meter,2022-02-08,Active
MTR003445,ACCT003445,Smart Meter,2023-06-15,Active
MTR003446,ACCT003446,Smart Meter,2021-07-20,Active
MTR003447,ACCT003447,Smart Meter,2021-12-10,Active
MTR003448,ACCT003448,Legacy Meter,2016-02-15,Active
MTR003449,ACCT003449,Smart Meter,2024-09-23,Active
MTR003450,ACCT003450,Smart Meter,2016-06-04,Active
MTR003451,ACCT003451,Smart Meter,2019-07-29,Active
MTR003452,ACCT003452,Smart Meter,2016-01-06,Active
MTR003453,ACCT003453,Smart Meter,2021-05-05,Active
MTR003454,ACCT003454,Smart Meter,2024-01-06,Active
MTR003455,ACCT003455,Smart Meter,2016-11-17,Active
MTR003456,ACCT003456,Smart Meter,2018-01-26,Active
MTR003457,ACCT003457,Smart Meter,2015-01-31,Active
MTR003458,ACCT003458,Smart Meter,2015-11-14,Active
MTR003459,ACCT003459,Legacy Meter,2019-06-25,Removed
MTR003460,ACCT003460,Smart Meter,2023-06-10,Active
MTR003461,ACCT003461,Smart Meter,2020-10-04,Inactive
MTR003462,ACCT003462,Smart Meter,2014-12-30,Active
MTR003463,ACCT003463,Smart Meter,2024-11-10,Active
MTR003464,ACCT003464,Legacy Meter,2023-01-01,Active
MTR003465,ACCT003465,Smart Meter,2019-01-29,Active
MTR003466,ACCT003466,Smart Meter,2022-09-08,Active
MTR003467,ACCT003467,Smart Meter,2018-11-17,Active
MTR003468,ACCT003468,Smart Meter,2014-04-03,Active
MTR003469,ACCT003469,Smart Meter,2018-05-18,Active
MTR003470,ACCT003470,Smart Meter,2014-09-23,Active
MTR003471,ACCT003471,Smart Meter,2020-03-03,Active
MTR003472,ACCT003472,Smart Meter,2022-08-18,Active
MTR003473,ACCT003473,Smart Meter,2019-09-16,Active
MTR003474,ACCT003474,Smart Meter,2016-10-31,Active
MTR003475,ACCT003475,Smart Meter,2024-02-16,Active
MTR003476,ACCT003476,Smart Meter,2017-01-18,Active
MTR003477,ACCT003477,Smart Meter,2016-01-14,Active
MTR003478,ACCT003478,Smart Meter,2019-08-29,Active
MTR003479,ACCT003479,Smart Meter,2023-12-15,Active
MTR003480,ACCT003480,Smart Meter,2015-01-09,Active
MTR003481,ACCT003481,Smart Meter,2018-12-15,Active
MTR003482,ACCT003482,Smart Meter,2014-04-04,Active
MTR003483,ACCT003483,Smart Meter,2014-02-01,Active
MTR003484,ACCT003484,Smart Meter,2024-03-23,Active
MTR003485,ACCT003485,Smart Meter,2014-05-20,Active
MTR003486,ACCT003486,Smart Meter,2018-05-13,Removed
MTR003487,ACCT003487,Smart Meter,2022-04-09,Active
MTR003488,ACCT003488,Smart Meter,2022-06-20,Active
MTR003489,ACCT003489,Smart Meter,2022-10-26,Active
MTR003490,ACCT003490,Smart Meter,2023-01-06,Active
MTR003491,ACCT003491,Smart Meter,2021-08-12,Active
MTR003492,ACCT003492,Smart Meter,2021-09-02,Active
MTR003493,ACCT003493,Smart Meter,2017-05-27,Active
MTR003494,ACCT003494,Smart Meter,2018-04-14,Active
MTR003495,ACCT003495,Smart Meter,2018-05-02,Active
MTR003496,ACCT003496,Smart Meter,2019-04-16,Active
MTR003497,ACCT003497,Smart Meter,2014-02-27,Active
MTR003498,ACCT003498,Smart Meter,2023-07-29,Active
MTR003499,ACCT003499,Smart Meter,2017-07-22,Active
MTR003500,ACCT003500,Smart Meter,2019-12-28,Active
MTR003501,ACCT003501,Smart Meter,2016-11-12,Active
MTR003502,ACCT003502,Smart Meter,2022-01-27,Active
MTR003503,ACCT003503,Smart Meter,2015-01-13,Active
MTR003504,ACCT003504,Smart Meter,2016-07-10,Active
MTR003505,ACCT003505,Smart Meter,2015-01-08,Active
MTR003506,ACCT003506,Smart Meter,2022-08-01,Active
MTR003507,ACCT003507,Smart Meter,2018-05-07,Active
MTR003508,ACCT003508,Smart Meter,2016-02-17,Active
MTR003509,ACCT003509,Smart Meter,2017-09-27,Active
MTR003510,ACCT003510,Smart Meter,2014-06-16,Active
MTR003511,ACCT003511,Smart Meter,2022-10-28,Active
MTR003512,ACCT003512,Smart Meter,2021-01-14,Inactive
MTR003513,ACCT003513,Smart Meter,2019-07-05,Active
MTR003514,ACCT003514,Smart Meter,2024-01-27,Active
MTR003515,ACCT003515,Smart Meter,2015-08-07,Active
MTR003516,ACCT003516,Smart Meter,2020-12-23,Active
MTR003517,ACCT003517,Smart Meter,2022-01-22,Active
MTR003518,ACCT003518,Smart Meter,2016-09-25,Active
MTR003519,ACCT003519,Smart Meter,2015-07-14,Active
MTR003520,ACCT003520,Smart Meter,2023-05-13,Active
MTR003521,ACCT003521,Smart Meter,2023-02-26,Active
MTR003522,ACCT003522,Smart Meter,2023-08-03,Active
MTR003523,ACCT003523,Legacy Meter,2024-12-28,Active
MTR003524,ACCT003524,Smart Meter,2016-10-08,Active
MTR003525,ACCT003525,Legacy Meter,2024-01-27,Active
MTR003526,ACCT003526,Smart Meter,2014-08-21,Active
MTR003527,ACCT003527,Smart Meter,2015-07-14,Active
MTR003528,ACCT003528,Smart Meter,2017-05-16,Active
MTR003529,ACCT003529,Smart Meter,2023-08-26,Active
MTR003530,ACCT003530,Smart Meter,2018-10-29,Active
MTR003531,ACCT003531,Smart Meter,2018-03-05,Active
MTR003532,ACCT003532,Smart Meter,2016-07-09,Active
MTR003533,ACCT003533,Legacy Meter,2024-01-09,Active
MTR003534,ACCT003534,Smart Meter,2021-12-18,Active
MTR003535,ACCT003535,Smart Meter,2017-05-27,Active
MTR003536,ACCT003536,Smart Meter,2021-12-29,Active
MTR003537,ACCT003537,Smart Meter,2014-03-22,Active
MTR003538,ACCT003538,Smart Meter,2023-11-30,Active
MTR003539,ACCT003539,Smart Meter,2021-04-15,Active
MTR003540,ACCT003540,Smart Meter,2015-12-04,Active
MTR003541,ACCT003541,Smart Meter,2015-06-25,Active
MTR003542,ACCT003542,Smart Meter,2019-01-24,Active
MTR003543,ACCT003543,Smart Meter,2021-09-13,Active
MTR003544,ACCT003544,Smart Meter,2017-06-28,Active
MTR003545,ACCT003545,Smart Meter,2021-08-17,Active
MTR003546,ACCT003546,Smart Meter,2021-04-07,Active
MTR003547,ACCT003547,Smart Meter,2023-07-19,Active
MTR003548,ACCT003548,Smart Meter,2022-08-24,Active
MTR003549,ACCT003549,Smart Meter,2015-09-14,Active
MTR003550,ACCT003550,Smart Meter,2017-05-25,Active
MTR003551,ACCT003551,Smart Meter,2022-05-28,Active
MTR003552,ACCT003552,Smart Meter,2020-02-22,Active
MTR003553,ACCT003553,Smart Meter,2022-05-01,Active
MTR003554,ACCT003554,Smart Meter,2017-08-13,Active
MTR003555,ACCT003555,Smart Meter,2022-03-13,Active
MTR003556,ACCT003556,Smart Meter,2019-09-23,Active
MTR003557,ACCT003557,Smart Meter,2020-09-06,Active
MTR003558,ACCT003558,Smart Meter,2018-01-06,Active
MTR003559,ACCT003559,Smart Meter,2017-01-18,Active
MTR003560,ACCT003560,Smart Meter,2020-01-12,Active
MTR003561,ACCT003561,Smart Meter,2022-04-14,Active
MTR003562,ACCT003562,Smart Meter,2023-09-20,Active
MTR003563,ACCT003563,Legacy Meter,2018-07-03,Active
MTR003564,ACCT003564,Smart Meter,2014-02-28,Active
MTR003565,ACCT003565,Smart Meter,2019-11-28,Active
MTR003566,ACCT003566,Smart Meter,2015-04-24,Active
MTR003567,ACCT003567,Smart Meter,2021-04-19,Active
MTR003568,ACCT003568,Smart Meter,2019-04-07,Active
MTR003569,ACCT003569,Smart Meter,2018-10-23,Inactive
MTR003570,ACCT003570,Legacy Meter,2018-12-04,Active
MTR003571,ACCT003571,Smart Meter,2018-06-06,Active
MTR003572,ACCT003572,Smart Meter,2016-02-23,Active
MTR003573,ACCT003573,Smart Meter,2022-07-18,Active
MTR003574,ACCT003574,Smart Meter,2017-11-01,Active
MTR003575,ACCT003575,Smart Meter,2016-11-21,Active
MTR003576,ACCT003576,Smart Meter,2018-02-18,Active
MTR003577,ACCT003577,Smart Meter,2021-04-02,Active
MTR003578,ACCT003578,Smart Meter,2022-03-07,Active
MTR003579,ACCT003579,Smart Meter,2022-04-28,Inactive
MTR003580,ACCT003580,Smart Meter,2021-01-22,Active
MTR003581,ACCT003581,Smart Meter,2016-10-23,Active
MTR003582,ACCT003582,Smart Meter,2015-01-13,Active
MTR003583,ACCT003583,Smart Meter,2015-07-26,Active
MTR003584,ACCT003584,Smart Meter,2019-05-09,Active
MTR003585,ACCT003585,Smart Meter,2023-01-27,Active
MTR003586,ACCT003586,Smart Meter,2018-04-14,Active
MTR003587,ACCT003587,Smart Meter,2015-08-10,Inactive
MTR003588,ACCT003588,Smart Meter,2024-01-02,Active
MTR003589,ACCT003589,Smart Meter,2018-06-07,Active
MTR003590,ACCT003590,Smart Meter,2014-12-23,Active
MTR003591,ACCT003591,Smart Meter,2015-11-16,Active
MTR003592,ACCT003592,Smart Meter,2019-05-01,Active
MTR003593,ACCT003593,Smart Meter,2022-12-13,Active
MTR003594,ACCT003594,Smart Meter,2021-12-15,Active
MTR003595,ACCT003595,Smart Meter,2023-07-23,Active
MTR003596,ACCT003596,Legacy Meter,2015-10-21,Active
MTR003597,ACCT003597,Smart Meter,2017-07-20,Active
MTR003598,ACCT003598,Smart Meter,2018-03-06,Active
MTR003599,ACCT003599,Smart Meter,2019-09-14,Active
MTR003600,ACCT003600,Smart Meter,2022-05-13,Active
MTR003601,ACCT003601,Smart Meter,2024-02-14,Active
MTR003602,ACCT003602,Smart Meter,2020-11-13,Active
MTR003603,ACCT003603,Smart Meter,2021-07-28,Active
MTR003604,ACCT003604,Legacy Meter,2018-08-21,Active
MTR003605,ACCT003605,Smart Meter,2023-02-07,Active
MTR003606,ACCT003606,Legacy Meter,2018-07-16,Active
MTR003607,ACCT003607,Smart Meter,2015-05-27,Active
MTR003608,ACCT003608,Legacy Meter,2016-12-07,Active
MTR003609,ACCT003609,Smart Meter,2022-12-01,Active
MTR003610,ACCT003610,Legacy Meter,2020-12-13,Active
MTR003611,ACCT003611,Smart Meter,2020-05-09,Active
MTR003612,ACCT003612,Smart Meter,2018-06-25,Active
MTR003613,ACCT003613,Smart Meter,2016-10-09,Active
MTR003614,ACCT003614,Smart Meter,2021-01-18,Active
MTR003615,ACCT003615,Smart Meter,2017-02-25,Active
MTR003616,ACCT003616,Smart Meter,2014-07-29,Active
MTR003617,ACCT003617,Smart Meter,2015-09-16,Active
MTR003618,ACCT003618,Smart Meter,2018-12-11,Active
MTR003619,ACCT003619,Smart Meter,2017-03-11,Active
MTR003620,ACCT003620,Smart Meter,2014-06-22,Active
MTR003621,ACCT003621,Smart Meter,2019-03-04,Active
MTR003622,ACCT003622,Smart Meter,2024-04-07,Active
MTR003623,ACCT003623,Smart Meter,2015-03-23,Active
MTR003624,ACCT003624,Smart Meter,2022-09-26,Active
MTR003625,ACCT003625,Smart Meter,2024-05-14,Active
MTR003626,ACCT003626,Smart Meter,2014-01-11,Active
MTR003627,ACCT003627,Smart Meter,2016-01-31,Active
MTR003628,ACCT003628,Smart Meter,2017-08-20,Active
MTR003629,ACCT003629,Legacy Meter,2018-11-19,Active
MTR003630,ACCT003630,Smart Meter,2017-03-23,Inactive
MTR003631,ACCT003631,Smart Meter,2020-06-28,Active
MTR003632,ACCT003632,Smart Meter,2023-11-18,Active
MTR003633,ACCT003633,Smart Meter,2016-09-03,Active
MTR003634,ACCT003634,Smart Meter,2020-10-28,Active
MTR003635,ACCT003635,Smart Meter,2020-07-17,Active
MTR003636,ACCT003636,Smart Meter,2020-03-18,Active
MTR003637,ACCT003637,Smart Meter,2019-11-28,Active
MTR003638,ACCT003638,Smart Meter,2020-09-23,Active
MTR003639,ACCT003639,Smart Meter,2023-07-22,Active
MTR003640,ACCT003640,Smart Meter,2024-01-22,Active
MTR003641,ACCT003641,Smart Meter,2020-12-27,Active
MTR003642,ACCT003642,Smart Meter,2018-12-06,Active
MTR003643,ACCT003643,Smart Meter,2014-02-09,Active
MTR003644,ACCT003644,Smart Meter,2023-10-21,Active
MTR003645,ACCT003645,Smart Meter,2018-01-22,Active
MTR003646,ACCT003646,Smart Meter,2020-04-29,Active
MTR003647,ACCT003647,Smart Meter,2024-03-30,Active
MTR003648,ACCT003648,Legacy Meter,2022-09-25,Active
MTR003649,ACCT003649,Smart Meter,2023-08-23,Active
MTR003650,ACCT003650,Smart Meter,2024-07-06,Active
MTR003651,ACCT003651,Smart Meter,2023-07-18,Active
MTR003652,ACCT003652,Smart Meter,2021-07-18,Active
MTR003653,ACCT003653,Smart Meter,2019-01-24,Active
MTR003654,ACCT003654,Smart Meter,2016-04-02,Active
MTR003655,ACCT003655,Smart Meter,2023-11-07,Active
MTR003656,ACCT003656,Smart Meter,2015-04-06,Removed
MTR003657,ACCT003657,Smart Meter,2017-02-15,Active
MTR003658,ACCT003658,Smart Meter,2014-08-05,Active
MTR003659,ACCT003659,Smart Meter,2018-10-07,Active
MTR003660,ACCT003660,Smart Meter,2019-10-26,Active
MTR003661,ACCT003661,Smart Meter,2017-12-15,Active
MTR003662,ACCT003662,Smart Meter,2022-01-18,Active
MTR003663,ACCT003663,Legacy Meter,2017-04-10,Active
MTR003664,ACCT003664,Smart Meter,2020-09-03,Active
MTR003665,ACCT003665,Smart Meter,2022-06-25,Active
MTR003666,ACCT003666,Smart Meter,2017-02-25,Active
MTR003667,ACCT003667,Smart Meter,2015-01-09,Active
MTR003668,ACCT003668,Smart Meter,2015-10-16,Active
MTR003669,ACCT003669,Smart Meter,2016-06-22,Active
MTR003670,ACCT003670,Smart Meter,2022-06-23,Active
MTR003671,ACCT003671,Smart Meter,2023-09-12,Active
MTR003672,ACCT003672,Smart Meter,2016-01-14,Active
MTR003673,ACCT003673,Smart Meter,2020-10-06,Active
MTR003674,ACCT003674,Smart Meter,2022-11-23,Active
MTR003675,ACCT003675,Smart Meter,2016-05-02,Inactive
MTR003676,ACCT003676,Legacy Meter,2018-11-06,Active
MTR003677,ACCT003677,Smart Meter,2016-04-10,Active
MTR003678,ACCT003678,Smart Meter,2018-04-11,Active
MTR003679,ACCT003679,Legacy Meter,2023-02-20,Active
MTR003680,ACCT003680,Smart Meter,2016-08-30,Active
MTR003681,ACCT003681,Smart Meter,2024-10-20,Removed
MTR003682,ACCT003682,Smart Meter,2021-04-30,Active
MTR003683,ACCT003683,Smart Meter,2021-03-02,Active
MTR003684,ACCT003684,Legacy Meter,2017-07-17,Active
MTR003685,ACCT003685,Smart Meter,2017-09-14,Active
MTR003686,ACCT003686,Smart Meter,2023-08-28,Active
MTR003687,ACCT003687,Smart Meter,2017-08-11,Active
MTR003688,ACCT003688,Legacy Meter,2014-05-02,Removed
MTR003689,ACCT003689,Smart Meter,2014-06-08,Active
MTR003690,ACCT003690,Smart Meter,2022-11-24,Active
MTR003691,ACCT003691,Smart Meter,2024-03-16,Active
MTR003692,ACCT003692,Legacy Meter,2023-04-23,Active
MTR003693,ACCT003693,Smart Meter,2024-10-26,Active
MTR003694,ACCT003694,Smart Meter,2014-11-03,Active
MTR003695,ACCT003695,Smart Meter,2024-11-26,Active
MTR003696,ACCT003696,Smart Meter,2017-01-17,Active
MTR003697,ACCT003697,Smart Meter,2016-01-21,Inactive
MTR003698,ACCT003698,Smart Meter,2016-11-27,Active
MTR003699,ACCT003699,Smart Meter,2019-03-12,Active
MTR003700,ACCT003700,Smart Meter,2015-08-14,Active
MTR003701,ACCT003701,Smart Meter,2019-02-24,Inactive
MTR003702,ACCT003702,Smart Meter,2024-09-15,Active
MTR003703,ACCT003703,Smart Meter,2014-12-12,Active
MTR003704,ACCT003704,Smart Meter,2023-02-06,Active
MTR003705,ACCT003705,Smart Meter,2024-09-16,Active
MTR003706,ACCT003706,Smart Meter,2014-05-29,Active
MTR003707,ACCT003707,Smart Meter,2016-11-05,Active
MTR003708,ACCT003708,Smart Meter,2017-10-22,Active
MTR003709,ACCT003709,Smart Meter,2021-11-22,Inactive
MTR003710,ACCT003710,Smart Meter,2024-09-09,Active
MTR003711,ACCT003711,Smart Meter,2016-02-20,Active
MTR003712,ACCT003712,Smart Meter,2014-04-28,Active
MTR003713,ACCT003713,Smart Meter,2015-12-05,Active
MTR003714,ACCT003714,Smart Meter,2020-06-22,Active
MTR003715,ACCT003715,Smart Meter,2014-10-15,Active
MTR003716,ACCT003716,Smart Meter,2022-02-03,Active
MTR003717,ACCT003717,Smart Meter,2017-10-06,Active
MTR003718,ACCT003718,Smart Meter,2020-06-02,Active
MTR003719,ACCT003719,Smart Meter,2022-12-10,Active
MTR003720,ACCT003720,Smart Meter,2019-07-18,Active
MTR003721,ACCT003721,Legacy Meter,2023-06-26,Active
MTR003722,ACCT003722,Smart Meter,2015-03-19,Active
MTR003723,ACCT003723,Smart Meter,2023-03-07,Active
MTR003724,ACCT003724,Legacy Meter,2016-06-19,Active
MTR003725,ACCT003725,Smart Meter,2014-10-28,Inactive
MTR003726,ACCT003726,Smart Meter,2022-01-24,Inactive
MTR003727,ACCT003727,Smart Meter,2020-10-09,Inactive
MTR003728,ACCT003728,Smart Meter,2014-09-07,Active
MTR003729,ACCT003729,Smart Meter,2019-05-12,Active
MTR003730,ACCT003730,Smart Meter,2018-11-02,Active
MTR003731,ACCT003731,Smart Meter,2018-03-19,Active
MTR003732,ACCT003732,Smart Meter,2015-11-17,Active
MTR003733,ACCT003733,Smart Meter,2021-08-31,Inactive
MTR003734,ACCT003734,Smart Meter,2016-09-24,Active
MTR003735,ACCT003735,Smart Meter,2015-02-10,Active
MTR003736,ACCT003736,Smart Meter,2024-02-05,Active
MTR003737,ACCT003737,Smart Meter,2021-10-19,Active
MTR003738,ACCT003738,Smart Meter,2014-09-01,Active
MTR003739,ACCT003739,Smart Meter,2024-08-07,Active
MTR003740,ACCT003740,Smart Meter,2020-08-11,Active
MTR003741,ACCT003741,Smart Meter,2024-07-23,Active
MTR003742,ACCT003742,Legacy Meter,2019-12-08,Active
MTR003743,ACCT003743,Smart Meter,2021-12-07,Active
MTR003744,ACCT003744,Smart Meter,2023-08-13,Active
MTR003745,ACCT003745,Smart Meter,2024-07-09,Active
MTR003746,ACCT003746,Smart Meter,2023-10-16,Active
MTR003747,ACCT003747,Smart Meter,2018-05-25,Inactive
MTR003748,ACCT003748,Smart Meter,2015-03-09,Active
MTR003749,ACCT003749,Smart Meter,2014-07-02,Active
MTR003750,ACCT003750,Smart Meter,2018-01-24,Active
MTR003751,ACCT003751,Smart Meter,2021-09-07,Active
MTR003752,ACCT003752,Smart Meter,2017-02-15,Active
MTR003753,ACCT003753,Smart Meter,2014-01-31,Active
MTR003754,ACCT003754,Smart Meter,2022-04-13,Active
MTR003755,ACCT003755,Smart Meter,2017-03-18,Active
MTR003756,ACCT003756,Smart Meter,2021-01-19,Active
MTR003757,ACCT003757,Legacy Meter,2017-07-20,Active
MTR003758,ACCT003758,Legacy Meter,2021-12-21,Active
MTR003759,ACCT003759,Smart Meter,2023-06-19,Active
MTR003760,ACCT003760,Smart Meter,2019-03-19,Active
MTR003761,ACCT003761,Smart Meter,2014-04-12,Active
MTR003762,ACCT003762,Smart Meter,2016-12-31,Active
MTR003763,ACCT003763,Smart Meter,2018-09-25,Active
MTR003764,ACCT003764,Smart Meter,2024-09-10,Inactive
MTR003765,ACCT003765,Legacy Meter,2021-04-24,Active
MTR003766,ACCT003766,Smart Meter,2021-10-23,Active
MTR003767,ACCT003767,Smart Meter,2020-09-21,Active
MTR003768,ACCT003768,Smart Meter,2023-05-12,Active
MTR003769,ACCT003769,Smart Meter,2024-09-28,Active
MTR003770,ACCT003770,Smart Meter,2017-10-22,Active
MTR003771,ACCT003771,Smart Meter,2016-04-09,Active
MTR003772,ACCT003772,Smart Meter,2021-10-07,Active
MTR003773,ACCT003773,Smart Meter,2015-09-10,Active
MTR003774,ACCT003774,Smart Meter,2021-02-09,Active
MTR003775,ACCT003775,Smart Meter,2014-10-18,Active
MTR003776,ACCT003776,Smart Meter,2020-10-05,Active
MTR003777,ACCT003777,Legacy Meter,2014-06-30,Active
MTR003778,ACCT003778,Smart Meter,2021-05-26,Active
MTR003779,ACCT003779,Smart Meter,2019-12-02,Active
MTR003780,ACCT003780,Smart Meter,2017-06-15,Active
MTR003781,ACCT003781,Smart Meter,2024-12-23,Inactive
MTR003782,ACCT003782,Smart Meter,2022-09-01,Active
MTR003783,ACCT003783,Legacy Meter,2014-09-17,Active
MTR003784,ACCT003784,Smart Meter,2022-09-14,Active
MTR003785,ACCT003785,Legacy Meter,2020-04-10,Active
MTR003786,ACCT003786,Legacy Meter,2020-10-06,Active
MTR003787,ACCT003787,Smart Meter,2014-12-01,Active
MTR003788,ACCT003788,Smart Meter,2016-11-12,Active
MTR003789,ACCT003789,Smart Meter,2019-03-12,Active
MTR003790,ACCT003790,Smart Meter,2014-09-28,Active
MTR003791,ACCT003791,Smart Meter,2022-10-17,Active
MTR003792,ACCT003792,Smart Meter,2023-09-08,Active
MTR003793,ACCT003793,Smart Meter,2020-11-06,Active
MTR003794,ACCT003794,Smart Meter,2017-11-08,Active
MTR003795,ACCT003795,Smart Meter,2021-03-26,Active
MTR003796,ACCT003796,Smart Meter,2017-11-01,Active
MTR003797,ACCT003797,Smart Meter,2016-10-06,Inactive
MTR003798,ACCT003798,Smart Meter,2018-01-01,Active
MTR003799,ACCT003799,Smart Meter,2021-12-13,Active
MTR003800,ACCT003800,Smart Meter,2023-07-26,Active
MTR003801,ACCT003801,Smart Meter,2022-11-02,Active
MTR003802,ACCT003802,Smart Meter,2023-04-30,Active
MTR003803,ACCT003803,Smart Meter,2023-11-12,Inactive
MTR003804,ACCT003804,Smart Meter,2018-05-24,Active
MTR003805,ACCT003805,Smart Meter,2014-05-12,Active
MTR003806,ACCT003806,Smart Meter,2021-09-16,Active
MTR003807,ACCT003807,Smart Meter,2018-10-11,Active
MTR003808,ACCT003808,Smart Meter,2020-12-23,Active
MTR003809,ACCT003809,Legacy Meter,2018-03-26,Active
MTR003810,ACCT003810,Smart Meter,2022-10-17,Active
MTR003811,ACCT003811,Smart Meter,2014-05-15,Active
MTR003812,ACCT003812,Smart Meter,2016-02-06,Active
MTR003813,ACCT003813,Smart Meter,2021-10-30,Active
MTR003814,ACCT003814,Smart Meter,2023-07-11,Active
MTR003815,ACCT003815,Smart Meter,2016-02-09,Active
MTR003816,ACCT003816,Smart Meter,2019-11-12,Active
MTR003817,ACCT003817,Smart Meter,2019-03-23,Active
MTR003818,ACCT003818,Smart Meter,2017-06-18,Active
MTR003819,ACCT003819,Smart Meter,2018-11-08,Active
MTR003820,ACCT003820,Smart Meter,2014-06-14,Active
MTR003821,ACCT003821,Smart Meter,2014-11-21,Active
MTR003822,ACCT003822,Smart Meter,2024-03-20,Active
MTR003823,ACCT003823,Smart Meter,2023-01-03,Removed
MTR003824,ACCT003824,Smart Meter,2022-03-07,Active
MTR003825,ACCT003825,Smart Meter,2015-09-12,Active
MTR003826,ACCT003826,Smart Meter,2014-08-19,Active
MTR003827,ACCT003827,Smart Meter,2021-03-14,Active
MTR003828,ACCT003828,Smart Meter,2021-08-12,Active
MTR003829,ACCT003829,Smart Meter,2024-01-06,Active
MTR003830,ACCT003830,Smart Meter,2017-04-17,Active
MTR003831,ACCT003831,Smart Meter,2022-08-18,Active
MTR003832,ACCT003832,Smart Meter,2017-10-09,Active
MTR003833,ACCT003833,Smart Meter,2021-06-11,Active
MTR003834,ACCT003834,Smart Meter,2019-03-07,Inactive
MTR003835,ACCT003835,Smart Meter,2024-04-10,Active
MTR003836,ACCT003836,Smart Meter,2024-09-02,Active
MTR003837,ACCT003837,Smart Meter,2024-11-16,Inactive
MTR003838,ACCT003838,Smart Meter,2022-11-07,Active
MTR003839,ACCT003839,Legacy Meter,2023-07-31,Active
MTR003840,ACCT003840,Smart Meter,2015-02-07,Active
MTR003841,ACCT003841,Smart Meter,2022-07-01,Active
MTR003842,ACCT003842,Smart Meter,2019-12-09,Active
MTR003843,ACCT003843,Smart Meter,2021-08-06,Active
MTR003844,ACCT003844,Smart Meter,2023-10-27,Active
MTR003845,ACCT003845,Smart Meter,2015-01-20,Active
MTR003846,ACCT003846,Smart Meter,2018-10-30,Active
MTR003847,ACCT003847,Legacy Meter,2017-12-19,Active
MTR003848,ACCT003848,Smart Meter,2020-11-28,Active
MTR003849,ACCT003849,Smart Meter,2021-02-20,Active
MTR003850,ACCT003850,Smart Meter,2017-04-05,Active
MTR003851,ACCT003851,Smart Meter,2015-01-24,Active
MTR003852,ACCT003852,Smart Meter,2023-04-28,Active
MTR003853,ACCT003853,Smart Meter,2018-03-27,Removed
MTR003854,ACCT003854,Smart Meter,2018-11-09,Active
MTR003855,ACCT003855,Smart Meter,2016-02-29,Active
MTR003856,ACCT003856,Smart Meter,2021-09-01,Active
MTR003857,ACCT003857,Smart Meter,2018-02-03,Active
MTR003858,ACCT003858,Smart Meter,2021-07-14,Active
MTR003859,ACCT003859,Smart Meter,2018-03-28,Active
MTR003860,ACCT003860,Smart Meter,2019-10-02,Active
MTR003861,ACCT003861,Smart Meter,2021-02-27,Active
MTR003862,ACCT003862,Smart Meter,2016-03-31,Active
MTR003863,ACCT003863,Smart Meter,2016-11-10,Active
MTR003864,ACCT003864,Smart Meter,2016-11-08,Active
MTR003865,ACCT003865,Smart Meter,2019-02-23,Active
MTR003866,ACCT003866,Smart Meter,2016-05-11,Active
MTR003867,ACCT003867,Smart Meter,2018-01-19,Active
MTR003868,ACCT003868,Legacy Meter,2020-06-27,Active
MTR003869,ACCT003869,Smart Meter,2021-11-14,Active
MTR003870,ACCT003870,Legacy Meter,2020-10-16,Active
MTR003871,ACCT003871,Smart Meter,2022-07-28,Active
MTR003872,ACCT003872,Smart Meter,2022-10-28,Active
MTR003873,ACCT003873,Smart Meter,2018-11-30,Active
MTR003874,ACCT003874,Smart Meter,2018-01-03,Active
MTR003875,ACCT003875,Smart Meter,2019-03-23,Active
MTR003876,ACCT003876,Smart Meter,2019-10-07,Active
MTR003877,ACCT003877,Smart Meter,2022-05-24,Active
MTR003878,ACCT003878,Smart Meter,2024-05-27,Active
MTR003879,ACCT003879,Smart Meter,2023-12-25,Active
MTR003880,ACCT003880,Smart Meter,2024-03-18,Inactive
MTR003881,ACCT003881,Smart Meter,2024-11-09,Active
MTR003882,ACCT003882,Smart Meter,2016-01-21,Active
MTR003883,ACCT003883,Smart Meter,2017-08-09,Active
MTR003884,ACCT003884,Smart Meter,2014-07-01,Active
MTR003885,ACCT003885,Smart Meter,2019-03-20,Active
MTR003886,ACCT003886,Smart Meter,2021-04-08,Active
MTR003887,ACCT003887,Smart Meter,2022-08-16,Active
MTR003888,ACCT003888,Smart Meter,2016-08-18,Active
MTR003889,ACCT003889,Smart Meter,2024-03-14,Active
MTR003890,ACCT003890,Smart Meter,2014-04-15,Active
MTR003891,ACCT003891,Smart Meter,2017-07-08,Active
MTR003892,ACCT003892,Smart Meter,2021-04-08,Active
MTR003893,ACCT003893,Smart Meter,2023-01-08,Active
MTR003894,ACCT003894,Legacy Meter,2016-09-16,Active
MTR003895,ACCT003895,Smart Meter,2015-04-29,Active
MTR003896,ACCT003896,Smart Meter,2018-09-22,Active
MTR003897,ACCT003897,Smart Meter,2019-12-17,Active
MTR003898,ACCT003898,Smart Meter,2020-06-24,Active
MTR003899,ACCT003899,Smart Meter,2015-12-08,Inactive
MTR003900,ACCT003900,Smart Meter,2020-12-31,Active
MTR003901,ACCT003901,Smart Meter,2014-01-20,Active
MTR003902,ACCT003902,Smart Meter,2024-08-18,Active
MTR003903,ACCT003903,Smart Meter,2016-01-22,Active
MTR003904,ACCT003904,Smart Meter,2014-08-23,Active
MTR003905,ACCT003905,Smart Meter,2018-06-09,Active
MTR003906,ACCT003906,Smart Meter,2015-08-29,Active
MTR003907,ACCT003907,Smart Meter,2015-07-08,Active
MTR003908,ACCT003908,Smart Meter,2019-03-15,Active
MTR003909,ACCT003909,Smart Meter,2023-05-15,Active
MTR003910,ACCT003910,Smart Meter,2020-11-05,Active
MTR003911,ACCT003911,Smart Meter,2015-08-09,Active
MTR003912,ACCT003912,Smart Meter,2016-09-10,Active
MTR003913,ACCT003913,Smart Meter,2024-10-23,Active
MTR003914,ACCT003914,Smart Meter,2023-10-21,Active
MTR003915,ACCT003915,Smart Meter,2018-07-09,Active
MTR003916,ACCT003916,Smart Meter,2015-02-27,Active
MTR003917,ACCT003917,Smart Meter,2022-12-06,Active
MTR003918,ACCT003918,Legacy Meter,2024-12-29,Active
MTR003919,ACCT003919,Smart Meter,2022-10-02,Active
MTR003920,ACCT003920,Smart Meter,2019-08-16,Active
MTR003921,ACCT003921,Smart Meter,2015-04-03,Active
MTR003922,ACCT003922,Legacy Meter,2019-03-30,Active
MTR003923,ACCT003923,Smart Meter,2021-02-14,Active
MTR003924,ACCT003924,Smart Meter,2023-12-21,Active
MTR003925,ACCT003925,Smart Meter,2024-12-24,Active
MTR003926,ACCT003926,Smart Meter,2021-01-13,Active
MTR003927,ACCT003927,Smart Meter,2022-08-27,Active
MTR003928,ACCT003928,Legacy Meter,2016-04-25,Active
MTR003929,ACCT003929,Smart Meter,2022-09-18,Active
MTR003930,ACCT003930,Smart Meter,2015-07-05,Active
MTR003931,ACCT003931,Smart Meter,2017-11-21,Active
MTR003932,ACCT003932,Smart Meter,2019-06-18,Active
MTR003933,ACCT003933,Legacy Meter,2024-04-08,Active
MTR003934,ACCT003934,Smart Meter,2019-08-21,Inactive
MTR003935,ACCT003935,Smart Meter,2018-07-04,Active
MTR003936,ACCT003936,Smart Meter,2015-05-12,Active
MTR003937,ACCT003937,Smart Meter,2022-06-15,Active
MTR003938,ACCT003938,Smart Meter,2022-07-02,Active
MTR003939,ACCT003939,Smart Meter,2021-08-24,Active
MTR003940,ACCT003940,Smart Meter,2020-12-11,Active
MTR003941,ACCT003941,Smart Meter,2022-12-04,Active
MTR003942,ACCT003942,Smart Meter,2021-08-15,Active
MTR003943,ACCT003943,Smart Meter,2023-12-22,Active
MTR003944,ACCT003944,Smart Meter,2020-11-10,Active
MTR003945,ACCT003945,Smart Meter,2022-07-20,Active
MTR003946,ACCT003946,Smart Meter,2023-02-25,Active
MTR003947,ACCT003947,Smart Meter,2020-11-16,Active
MTR003948,ACCT003948,Smart Meter,2019-09-22,Active
MTR003949,ACCT003949,Smart Meter,2015-06-23,Active
MTR003950,ACCT003950,Smart Meter,2015-07-22,Active
MTR003951,ACCT003951,Smart Meter,2014-05-01,Inactive
MTR003952,ACCT003952,Smart Meter,2021-04-26,Active
MTR003953,ACCT003953,Smart Meter,2014-11-12,Inactive
MTR003954,ACCT003954,Legacy Meter,2022-05-28,Active
MTR003955,ACCT003955,Smart Meter,2017-02-12,Inactive
MTR003956,ACCT003956,Smart Meter,2015-09-13,Active
MTR003957,ACCT003957,Smart Meter,2015-03-30,Active
MTR003958,ACCT003958,Smart Meter,2021-06-27,Active
MTR003959,ACCT003959,Smart Meter,2021-04-25,Active
MTR003960,ACCT003960,Legacy Meter,2015-09-04,Active
MTR003961,ACCT003961,Smart Meter,2018-03-24,Active
MTR003962,ACCT003962,Smart Meter,2016-08-16,Active
MTR003963,ACCT003963,Smart Meter,2019-07-02,Active
MTR003964,ACCT003964,Smart Meter,2015-10-09,Active
MTR003965,ACCT003965,Smart Meter,2016-02-02,Active
MTR003966,ACCT003966,Smart Meter,2017-09-22,Active
MTR003967,ACCT003967,Smart Meter,2014-08-28,Inactive
MTR003968,ACCT003968,Smart Meter,2021-08-13,Active
MTR003969,ACCT003969,Smart Meter,2017-11-10,Active
MTR003970,ACCT003970,Smart Meter,2017-03-14,Active
MTR003971,ACCT003971,Smart Meter,2020-08-21,Active
MTR003972,ACCT003972,Legacy Meter,2019-08-14,Active
MTR003973,ACCT003973,Smart Meter,2021-10-12,Active
MTR003974,ACCT003974,Smart Meter,2021-12-03,Active
MTR003975,ACCT003975,Smart Meter,2023-04-23,Active
MTR003976,ACCT003976,Smart Meter,2014-07-16,Active
MTR003977,ACCT003977,Smart Meter,2020-09-02,Active
MTR003978,ACCT003978,Smart Meter,2024-02-29,Active
MTR003979,ACCT003979,Smart Meter,2014-09-18,Active
MTR003980,ACCT003980,Smart Meter,2021-04-04,Active
MTR003981,ACCT003981,Smart Meter,2024-09-13,Active
MTR003982,ACCT003982,Smart Meter,2018-11-30,Active
MTR003983,ACCT003983,Smart Meter,2019-05-12,Active
MTR003984,ACCT003984,Smart Meter,2014-04-04,Active
MTR003985,ACCT003985,Smart Meter,2017-07-04,Inactive
MTR003986,ACCT003986,Smart Meter,2014-05-16,Active
MTR003987,ACCT003987,Smart Meter,2021-01-16,Active
MTR003988,ACCT003988,Smart Meter,2019-06-27,Active
MTR003989,ACCT003989,Smart Meter,2024-05-09,Active
MTR003990,ACCT003990,Smart Meter,2020-12-20,Active
MTR003991,ACCT003991,Smart Meter,2017-04-16,Active
MTR003992,ACCT003992,Smart Meter,2019-11-30,Active
MTR003993,ACCT003993,Smart Meter,2017-07-11,Active
MTR003994,ACCT003994,Smart Meter,2023-07-18,Active
MTR003995,ACCT003995,Smart Meter,2015-01-04,Active
MTR003996,ACCT003996,Smart Meter,2016-07-24,Active
MTR003997,ACCT003997,Smart Meter,2024-01-11,Active
MTR003998,ACCT003998,Smart Meter,2023-06-12,Active
MTR003999,ACCT003999,Smart Meter,2016-02-07,Active
MTR004000,ACCT004000,Smart Meter,2021-03-18,Active
MTR004001,ACCT004001,Smart Meter,2023-06-17,Active
MTR004002,ACCT004002,Smart Meter,2015-11-04,Active
MTR004003,ACCT004003,Smart Meter,2015-05-26,Active
MTR004004,ACCT004004,Smart Meter,2015-12-14,Active
MTR004005,ACCT004005,Smart Meter,2024-10-27,Active
MTR004006,ACCT004006,Smart Meter,2016-03-30,Active
MTR004007,ACCT004007,Smart Meter,2020-08-21,Active
MTR004008,ACCT004008,Smart Meter,2015-06-29,Active
MTR004009,ACCT004009,Smart Meter,2019-10-22,Active
MTR004010,ACCT004010,Smart Meter,2022-04-10,Removed
MTR004011,ACCT004011,Smart Meter,2015-05-19,Active
MTR004012,ACCT004012,Smart Meter,2023-05-17,Active
MTR004013,ACCT004013,Smart Meter,2016-03-15,Active
MTR004014,ACCT004014,Smart Meter,2015-12-11,Active
MTR004015,ACCT004015,Smart Meter,2020-06-30,Active
MTR004016,ACCT004016,Smart Meter,2015-01-23,Active
MTR004017,ACCT004017,Smart Meter,2021-11-15,Inactive
MTR004018,ACCT004018,Smart Meter,2014-08-28,Active
MTR004019,ACCT004019,Smart Meter,2022-04-12,Inactive
MTR004020,ACCT004020,Smart Meter,2017-01-02,Active
MTR004021,ACCT004021,Smart Meter,2019-09-10,Active
MTR004022,ACCT004022,Smart Meter,2020-12-01,Active
MTR004023,ACCT004023,Smart Meter,2022-06-13,Active
MTR004024,ACCT004024,Smart Meter,2021-07-27,Active
MTR004025,ACCT004025,Smart Meter,2017-09-01,Active
MTR004026,ACCT004026,Smart Meter,2014-03-09,Active
MTR004027,ACCT004027,Smart Meter,2024-02-29,Active
MTR004028,ACCT004028,Smart Meter,2022-05-12,Active
MTR004029,ACCT004029,Smart Meter,2021-01-29,Active
MTR004030,ACCT004030,Legacy Meter,2019-04-28,Active
MTR004031,ACCT004031,Smart Meter,2018-09-16,Active
MTR004032,ACCT004032,Smart Meter,2018-07-31,Active
MTR004033,ACCT004033,Smart Meter,2014-10-18,Active
MTR004034,ACCT004034,Smart Meter,2024-02-07,Active
MTR004035,ACCT004035,Smart Meter,2016-09-01,Active
MTR004036,ACCT004036,Smart Meter,2019-09-03,Active
MTR004037,ACCT004037,Smart Meter,2015-02-19,Active
MTR004038,ACCT004038,Smart Meter,2016-04-30,Active
MTR004039,ACCT004039,Smart Meter,2022-03-29,Active
MTR004040,ACCT004040,Smart Meter,2024-05-05,Active
MTR004041,ACCT004041,Smart Meter,2021-06-21,Active
MTR004042,ACCT004042,Smart Meter,2022-07-05,Active
MTR004043,ACCT004043,Smart Meter,2019-11-19,Active
MTR004044,ACCT004044,Smart Meter,2015-06-30,Active
MTR004045,ACCT004045,Smart Meter,2024-11-04,Active
MTR004046,ACCT004046,Smart Meter,2019-09-18,Active
MTR004047,ACCT004047,Smart Meter,2020-03-08,Active
MTR004048,ACCT004048,Smart Meter,2016-01-12,Active
MTR004049,ACCT004049,Smart Meter,2018-12-20,Active
MTR004050,ACCT004050,Smart Meter,2015-08-15,Active
MTR004051,ACCT004051,Smart Meter,2016-01-20,Active
MTR004052,ACCT004052,Legacy Meter,2020-01-29,Active
MTR004053,ACCT004053,Smart Meter,2016-04-17,Active
MTR004054,ACCT004054,Smart Meter,2020-10-25,Active
MTR004055,ACCT004055,Smart Meter,2022-07-28,Active
MTR004056,ACCT004056,Smart Meter,2023-07-14,Active
MTR004057,ACCT004057,Smart Meter,2015-06-18,Active
MTR004058,ACCT004058,Smart Meter,2014-12-31,Active
MTR004059,ACCT004059,Smart Meter,2015-01-02,Active
MTR004060,ACCT004060,Smart Meter,2023-05-09,Inactive
MTR004061,ACCT004061,Smart Meter,2018-11-09,Active
MTR004062,ACCT004062,Smart Meter,2020-06-01,Inactive
MTR004063,ACCT004063,Smart Meter,2023-05-06,Active
MTR004064,ACCT004064,Smart Meter,2021-04-07,Active
MTR004065,ACCT004065,Smart Meter,2021-09-04,Active
MTR004066,ACCT004066,Smart Meter,2021-01-14,Active
MTR004067,ACCT004067,Smart Meter,2018-07-11,Removed
MTR004068,ACCT004068,Smart Meter,2014-09-22,Active
MTR004069,ACCT004069,Smart Meter,2023-11-05,Active
MTR004070,ACCT004070,Smart Meter,2024-03-26,Active
MTR004071,ACCT004071,Smart Meter,2016-11-27,Active
MTR004072,ACCT004072,Smart Meter,2019-07-28,Active
MTR004073,ACCT004073,Smart Meter,2022-10-08,Active
MTR004074,ACCT004074,Smart Meter,2015-01-17,Active
MTR004075,ACCT004075,Smart Meter,2023-01-10,Active
MTR004076,ACCT004076,Smart Meter,2017-03-12,Active
MTR004077,ACCT004077,Smart Meter,2020-10-14,Active
MTR004078,ACCT004078,Smart Meter,2015-01-24,Active
MTR004079,ACCT004079,Smart Meter,2019-10-03,Active
MTR004080,ACCT004080,Legacy Meter,2019-09-03,Active
MTR004081,ACCT004081,Smart Meter,2015-01-30,Active
MTR004082,ACCT004082,Legacy Meter,2021-05-04,Active
MTR004083,ACCT004083,Smart Meter,2019-12-07,Removed
MTR004084,ACCT004084,Smart Meter,2024-04-02,Active
MTR004085,ACCT004085,Smart Meter,2016-09-09,Active
MTR004086,ACCT004086,Smart Meter,2024-01-06,Active
MTR004087,ACCT004087,Smart Meter,2022-12-01,Active
MTR004088,ACCT004088,Smart Meter,2020-02-18,Active
MTR004089,ACCT004089,Smart Meter,2019-05-17,Active
MTR004090,ACCT004090,Legacy Meter,2024-05-31,Active
MTR004091,ACCT004091,Smart Meter,2020-12-09,Inactive
MTR004092,ACCT004092,Smart Meter,2021-05-04,Active
MTR004093,ACCT004093,Smart Meter,2015-12-22,Active
MTR004094,ACCT004094,Smart Meter,2020-08-28,Inactive
MTR004095,ACCT004095,Smart Meter,2021-10-30,Active
MTR004096,ACCT004096,Smart Meter,2020-07-21,Active
MTR004097,ACCT004097,Smart Meter,2015-04-18,Active
MTR004098,ACCT004098,Smart Meter,2021-06-16,Inactive
MTR004099,ACCT004099,Smart Meter,2018-12-09,Active
MTR004100,ACCT004100,Smart Meter,2019-05-30,Active
MTR004101,ACCT004101,Legacy Meter,2019-08-13,Active
MTR004102,ACCT004102,Smart Meter,2022-07-19,Active
MTR004103,ACCT004103,Smart Meter,2016-07-13,Active
MTR004104,ACCT004104,Smart Meter,2016-05-25,Active
MTR004105,ACCT004105,Smart Meter,2023-10-16,Active
MTR004106,ACCT004106,Smart Meter,2022-04-20,Active
MTR004107,ACCT004107,Smart Meter,2022-12-27,Active
MTR004108,ACCT004108,Legacy Meter,2016-08-30,Active
MTR004109,ACCT004109,Smart Meter,2023-11-09,Active
MTR004110,ACCT004110,Smart Meter,2024-04-09,Active
MTR004111,ACCT004111,Smart Meter,2023-03-09,Active
MTR004112,ACCT004112,Smart Meter,2015-01-14,Active
MTR004113,ACCT004113,Legacy Meter,2023-04-21,Active
MTR004114,ACCT004114,Smart Meter,2017-08-14,Active
MTR004115,ACCT004115,Smart Meter,2024-04-26,Active
MTR004116,ACCT004116,Smart Meter,2019-12-26,Active
MTR004117,ACCT004117,Smart Meter,2014-05-05,Active
MTR004118,ACCT004118,Smart Meter,2022-03-01,Active
MTR004119,ACCT004119,Smart Meter,2023-06-26,Inactive
MTR004120,ACCT004120,Smart Meter,2017-11-26,Active
MTR004121,ACCT004121,Smart Meter,2015-04-25,Active
MTR004122,ACCT004122,Smart Meter,2023-07-05,Active
MTR004123,ACCT004123,Smart Meter,2021-03-02,Active
MTR004124,ACCT004124,Legacy Meter,2017-10-17,Active
MTR004125,ACCT004125,Legacy Meter,2019-10-15,Active
MTR004126,ACCT004126,Smart Meter,2023-08-01,Active
MTR004127,ACCT004127,Legacy Meter,2021-12-09,Active
MTR004128,ACCT004128,Smart Meter,2024-05-13,Active
MTR004129,ACCT004129,Smart Meter,2023-11-02,Active
MTR004130,ACCT004130,Smart Meter,2015-03-08,Active
MTR004131,ACCT004131,Smart Meter,2019-05-13,Active
MTR004132,ACCT004132,Legacy Meter,2022-09-12,Active
MTR004133,ACCT004133,Smart Meter,2017-01-17,Active
MTR004134,ACCT004134,Smart Meter,2015-08-24,Active
MTR004135,ACCT004135,Smart Meter,2016-05-05,Active
MTR004136,ACCT004136,Smart Meter,2019-08-16,Active
MTR004137,ACCT004137,Smart Meter,2014-06-07,Active
MTR004138,ACCT004138,Legacy Meter,2023-06-13,Active
MTR004139,ACCT004139,Smart Meter,2020-07-05,Active
MTR004140,ACCT004140,Smart Meter,2017-01-31,Active
MTR004141,ACCT004141,Smart Meter,2014-08-11,Active
MTR004142,ACCT004142,Smart Meter,2020-09-15,Active
MTR004143,ACCT004143,Smart Meter,2018-09-03,Active
MTR004144,ACCT004144,Smart Meter,2015-06-29,Active
MTR004145,ACCT004145,Smart Meter,2020-12-31,Active
MTR004146,ACCT004146,Smart Meter,2024-04-22,Active
MTR004147,ACCT004147,Smart Meter,2020-02-10,Active
MTR004148,ACCT004148,Smart Meter,2022-02-10,Active
MTR004149,ACCT004149,Smart Meter,2022-08-25,Active
MTR004150,ACCT004150,Smart Meter,2021-03-13,Active
MTR004151,ACCT004151,Smart Meter,2023-06-14,Active
MTR004152,ACCT004152,Legacy Meter,2015-06-22,Active
MTR004153,ACCT004153,Smart Meter,2017-12-07,Active
MTR004154,ACCT004154,Smart Meter,2024-12-05,Active
MTR004155,ACCT004155,Smart Meter,2021-01-09,Active
MTR004156,ACCT004156,Smart Meter,2021-09-16,Active
MTR004157,ACCT004157,Smart Meter,2024-04-23,Active
MTR004158,ACCT004158,Smart Meter,2020-05-31,Active
MTR004159,ACCT004159,Smart Meter,2022-05-21,Active
MTR004160,ACCT004160,Smart Meter,2014-09-17,Active
MTR004161,ACCT004161,Smart Meter,2023-06-18,Active
MTR004162,ACCT004162,Smart Meter,2016-04-05,Active
MTR004163,ACCT004163,Smart Meter,2023-03-30,Active
MTR004164,ACCT004164,Smart Meter,2014-11-12,Active
MTR004165,ACCT004165,Legacy Meter,2016-01-16,Active
MTR004166,ACCT004166,Smart Meter,2024-08-01,Active
MTR004167,ACCT004167,Smart Meter,2015-12-20,Active
MTR004168,ACCT004168,Smart Meter,2017-01-05,Active
MTR004169,ACCT004169,Smart Meter,2021-06-20,Active
MTR004170,ACCT004170,Smart Meter,2021-12-11,Active
MTR004171,ACCT004171,Smart Meter,2023-06-13,Active
MTR004172,ACCT004172,Smart Meter,2015-04-06,Active
MTR004173,ACCT004173,Smart Meter,2022-07-25,Active
MTR004174,ACCT004174,Smart Meter,2021-10-25,Active
MTR004175,ACCT004175,Smart Meter,2017-01-09,Active
MTR004176,ACCT004176,Smart Meter,2018-08-30,Active
MTR004177,ACCT004177,Smart Meter,2022-11-22,Active
MTR004178,ACCT004178,Smart Meter,2021-10-11,Active
MTR004179,ACCT004179,Smart Meter,2022-02-25,Active
MTR004180,ACCT004180,Smart Meter,2017-11-07,Active
MTR004181,ACCT004181,Smart Meter,2020-01-06,Active
MTR004182,ACCT004182,Smart Meter,2021-09-16,Active
MTR004183,ACCT004183,Smart Meter,2023-03-07,Active
MTR004184,ACCT004184,Legacy Meter,2020-07-20,Active
MTR004185,ACCT004185,Smart Meter,2018-12-19,Active
MTR004186,ACCT004186,Smart Meter,2018-12-20,Active
MTR004187,ACCT004187,Smart Meter,2023-07-13,Active
MTR004188,ACCT004188,Smart Meter,2018-10-08,Removed
MTR004189,ACCT004189,Smart Meter,2016-08-31,Active
MTR004190,ACCT004190,Smart Meter,2016-07-10,Active
MTR004191,ACCT004191,Smart Meter,2014-01-30,Active
MTR004192,ACCT004192,Smart Meter,2021-08-09,Active
MTR004193,ACCT004193,Legacy Meter,2023-07-26,Active
MTR004194,ACCT004194,Smart Meter,2016-09-08,Active
MTR004195,ACCT004195,Smart Meter,2014-08-19,Active
MTR004196,ACCT004196,Smart Meter,2023-05-24,Active
MTR004197,ACCT004197,Smart Meter,2017-03-31,Active
MTR004198,ACCT004198,Smart Meter,2021-08-08,Active
MTR004199,ACCT004199,Smart Meter,2017-06-05,Active
MTR004200,ACCT004200,Smart Meter,2024-09-21,Active
MTR004201,ACCT004201,Smart Meter,2017-05-29,Active
MTR004202,ACCT004202,Smart Meter,2021-08-25,Active
MTR004203,ACCT004203,Smart Meter,2017-01-01,Active
MTR004204,ACCT004204,Smart Meter,2015-02-03,Active
MTR004205,ACCT004205,Smart Meter,2014-04-05,Active
MTR004206,ACCT004206,Smart Meter,2019-05-18,Active
MTR004207,ACCT004207,Smart Meter,2015-04-20,Active
MTR004208,ACCT004208,Legacy Meter,2022-09-02,Active
MTR004209,ACCT004209,Smart Meter,2019-04-14,Active
MTR004210,ACCT004210,Smart Meter,2018-11-14,Active
MTR004211,ACCT004211,Legacy Meter,2024-10-31,Active
MTR004212,ACCT004212,Smart Meter,2024-08-12,Inactive
MTR004213,ACCT004213,Smart Meter,2016-02-14,Active
MTR004214,ACCT004214,Smart Meter,2017-02-21,Active
MTR004215,ACCT004215,Smart Meter,2021-10-18,Active
MTR004216,ACCT004216,Smart Meter,2018-03-04,Active
MTR004217,ACCT004217,Smart Meter,2024-07-17,Active
MTR004218,ACCT004218,Smart Meter,2022-03-11,Active
MTR004219,ACCT004219,Smart Meter,2022-05-29,Active
MTR004220,ACCT004220,Smart Meter,2015-09-13,Active
MTR004221,ACCT004221,Smart Meter,2021-12-17,Active
MTR004222,ACCT004222,Smart Meter,2016-08-21,Inactive
MTR004223,ACCT004223,Legacy Meter,2022-07-17,Active
MTR004224,ACCT004224,Smart Meter,2021-10-31,Active
MTR004225,ACCT004225,Smart Meter,2019-11-13,Active
MTR004226,ACCT004226,Smart Meter,2018-02-09,Active
MTR004227,ACCT004227,Smart Meter,2019-09-12,Active
MTR004228,ACCT004228,Smart Meter,2022-09-25,Active
MTR004229,ACCT004229,Smart Meter,2024-03-04,Active
MTR004230,ACCT004230,Smart Meter,2023-02-05,Active
MTR004231,ACCT004231,Smart Meter,2017-08-19,Active
MTR004232,ACCT004232,Smart Meter,2014-05-02,Active
MTR004233,ACCT004233,Smart Meter,2014-08-06,Active
MTR004234,ACCT004234,Smart Meter,2016-12-12,Active
MTR004235,ACCT004235,Smart Meter,2022-10-03,Active
MTR004236,ACCT004236,Smart Meter,2017-03-28,Inactive
MTR004237,ACCT004237,Smart Meter,2018-08-22,Active
MTR004238,ACCT004238,Legacy Meter,2016-03-05,Active
MTR004239,ACCT004239,Legacy Meter,2018-06-13,Active
MTR004240,ACCT004240,Smart Meter,2014-06-25,Active
MTR004241,ACCT004241,Smart Meter,2014-10-19,Active
MTR004242,ACCT004242,Smart Meter,2024-12-30,Active
MTR004243,ACCT004243,Smart Meter,2022-11-05,Active
MTR004244,ACCT004244,Smart Meter,2015-05-06,Active
MTR004245,ACCT004245,Legacy Meter,2021-09-09,Active
MTR004246,ACCT004246,Legacy Meter,2023-05-22,Active
MTR004247,ACCT004247,Smart Meter,2015-09-26,Active
MTR004248,ACCT004248,Smart Meter,2017-06-14,Active
MTR004249,ACCT004249,Smart Meter,2023-08-01,Active
MTR004250,ACCT004250,Smart Meter,2019-12-13,Inactive
MTR004251,ACCT004251,Smart Meter,2023-04-10,Active
MTR004252,ACCT004252,Smart Meter,2023-03-05,Active
MTR004253,ACCT004253,Smart Meter,2019-03-06,Active
MTR004254,ACCT004254,Smart Meter,2024-09-12,Active
MTR004255,ACCT004255,Smart Meter,2015-08-27,Active
MTR004256,ACCT004256,Smart Meter,2022-03-05,Active
MTR004257,ACCT004257,Smart Meter,2017-02-02,Active
MTR004258,ACCT004258,Smart Meter,2016-12-01,Removed
MTR004259,ACCT004259,Smart Meter,2023-07-01,Active
MTR004260,ACCT004260,Smart Meter,2018-07-23,Active
MTR004261,ACCT004261,Smart Meter,2018-01-23,Active
MTR004262,ACCT004262,Smart Meter,2015-05-06,Active
MTR004263,ACCT004263,Smart Meter,2015-07-19,Active
MTR004264,ACCT004264,Smart Meter,2014-06-17,Active
MTR004265,ACCT004265,Smart Meter,2024-01-22,Active
MTR004266,ACCT004266,Smart Meter,2016-01-29,Active
MTR004267,ACCT004267,Smart Meter,2017-04-12,Inactive
MTR004268,ACCT004268,Legacy Meter,2023-06-06,Active
MTR004269,ACCT004269,Smart Meter,2024-01-19,Active
MTR004270,ACCT004270,Smart Meter,2019-03-20,Active
MTR004271,ACCT004271,Smart Meter,2017-03-19,Active
MTR004272,ACCT004272,Smart Meter,2020-04-15,Active
MTR004273,ACCT004273,Legacy Meter,2018-07-09,Active
MTR004274,ACCT004274,Smart Meter,2014-06-29,Active
MTR004275,ACCT004275,Smart Meter,2022-09-27,Active
MTR004276,ACCT004276,Legacy Meter,2014-01-28,Active
MTR004277,ACCT004277,Smart Meter,2019-01-19,Active
MTR004278,ACCT004278,Smart Meter,2019-12-05,Active
MTR004279,ACCT004279,Smart Meter,2021-07-13,Active
MTR004280,ACCT004280,Smart Meter,2021-05-28,Active
MTR004281,ACCT004281,Smart Meter,2021-11-19,Active
MTR004282,ACCT004282,Smart Meter,2014-09-19,Active
MTR004283,ACCT004283,Legacy Meter,2024-03-14,Active
MTR004284,ACCT004284,Smart Meter,2021-04-27,Active
MTR004285,ACCT004285,Smart Meter,2024-11-11,Active
MTR004286,ACCT004286,Smart Meter,2021-10-03,Active
MTR004287,ACCT004287,Smart Meter,2022-07-07,Active
MTR004288,ACCT004288,Smart Meter,2014-07-16,Active
MTR004289,ACCT004289,Smart Meter,2023-11-06,Active
MTR004290,ACCT004290,Smart Meter,2024-02-13,Active
MTR004291,ACCT004291,Smart Meter,2017-12-31,Active
MTR004292,ACCT004292,Smart Meter,2024-03-09,Active
MTR004293,ACCT004293,Legacy Meter,2021-06-24,Active
MTR004294,ACCT004294,Legacy Meter,2018-07-21,Active
MTR004295,ACCT004295,Smart Meter,2021-12-31,Active
MTR004296,ACCT004296,Legacy Meter,2017-12-04,Active
MTR004297,ACCT004297,Smart Meter,2014-11-29,Active
MTR004298,ACCT004298,Smart Meter,2023-11-12,Active
MTR004299,ACCT004299,Smart Meter,2024-12-29,Active
MTR004300,ACCT004300,Smart Meter,2023-09-07,Active
MTR004301,ACCT004301,Smart Meter,2021-07-30,Active
MTR004302,ACCT004302,Smart Meter,2017-03-27,Active
MTR004303,ACCT004303,Smart Meter,2022-11-06,Active
MTR004304,ACCT004304,Smart Meter,2023-04-29,Active
MTR004305,ACCT004305,Smart Meter,2018-11-11,Active
MTR004306,ACCT004306,Smart Meter,2023-06-10,Active
MTR004307,ACCT004307,Smart Meter,2014-03-20,Active
MTR004308,ACCT004308,Smart Meter,2019-02-11,Active
MTR004309,ACCT004309,Smart Meter,2019-03-08,Active
MTR004310,ACCT004310,Smart Meter,2024-09-19,Active
MTR004311,ACCT004311,Smart Meter,2014-07-16,Active
MTR004312,ACCT004312,Smart Meter,2022-09-27,Active
MTR004313,ACCT004313,Smart Meter,2018-11-19,Active
MTR004314,ACCT004314,Smart Meter,2024-03-11,Active
MTR004315,ACCT004315,Legacy Meter,2014-08-14,Active
MTR004316,ACCT004316,Smart Meter,2021-03-27,Active
MTR004317,ACCT004317,Smart Meter,2023-07-14,Active
MTR004318,ACCT004318,Smart Meter,2018-04-11,Active
MTR004319,ACCT004319,Smart Meter,2024-02-29,Active
MTR004320,ACCT004320,Smart Meter,2022-02-08,Active
MTR004321,ACCT004321,Smart Meter,2016-01-05,Active
MTR004322,ACCT004322,Smart Meter,2017-09-24,Active
MTR004323,ACCT004323,Smart Meter,2018-04-29,Active
MTR004324,ACCT004324,Smart Meter,2018-06-08,Active
MTR004325,ACCT004325,Smart Meter,2019-08-05,Inactive
MTR004326,ACCT004326,Smart Meter,2022-02-14,Active
MTR004327,ACCT004327,Smart Meter,2021-01-28,Active
MTR004328,ACCT004328,Smart Meter,2014-08-08,Active
MTR004329,ACCT004329,Smart Meter,2020-05-29,Active
MTR004330,ACCT004330,Smart Meter,2017-05-12,Active
MTR004331,ACCT004331,Smart Meter,2024-10-26,Active
MTR004332,ACCT004332,Smart Meter,2018-09-25,Active
MTR004333,ACCT004333,Smart Meter,2023-10-26,Active
MTR004334,ACCT004334,Smart Meter,2014-07-21,Active
MTR004335,ACCT004335,Legacy Meter,2019-03-05,Active
MTR004336,ACCT004336,Smart Meter,2019-09-11,Removed
MTR004337,ACCT004337,Smart Meter,2022-08-27,Active
MTR004338,ACCT004338,Smart Meter,2022-12-18,Inactive
MTR004339,ACCT004339,Smart Meter,2018-09-10,Active
MTR004340,ACCT004340,Smart Meter,2024-05-04,Active
MTR004341,ACCT004341,Smart Meter,2024-04-01,Active
MTR004342,ACCT004342,Smart Meter,2023-03-19,Active
MTR004343,ACCT004343,Smart Meter,2021-07-26,Active
MTR004344,ACCT004344,Smart Meter,2016-01-23,Inactive
MTR004345,ACCT004345,Smart Meter,2016-10-13,Inactive
MTR004346,ACCT004346,Smart Meter,2014-04-25,Active
MTR004347,ACCT004347,Smart Meter,2021-08-01,Active
MTR004348,ACCT004348,Smart Meter,2017-05-30,Active
MTR004349,ACCT004349,Smart Meter,2024-11-24,Active
MTR004350,ACCT004350,Smart Meter,2020-02-08,Active
MTR004351,ACCT004351,Smart Meter,2021-09-19,Active
MTR004352,ACCT004352,Smart Meter,2015-04-14,Active
MTR004353,ACCT004353,Smart Meter,2015-03-02,Active
MTR004354,ACCT004354,Smart Meter,2018-04-25,Active
MTR004355,ACCT004355,Smart Meter,2019-02-09,Active
MTR004356,ACCT004356,Smart Meter,2016-04-13,Active
MTR004357,ACCT004357,Smart Meter,2022-07-29,Inactive
MTR004358,ACCT004358,Smart Meter,2019-07-22,Active
MTR004359,ACCT004359,Smart Meter,2020-12-07,Active
MTR004360,ACCT004360,Smart Meter,2014-01-11,Active
MTR004361,ACCT004361,Smart Meter,2024-02-21,Inactive
MTR004362,ACCT004362,Smart Meter,2017-11-09,Active
MTR004363,ACCT004363,Legacy Meter,2023-07-14,Active
MTR004364,ACCT004364,Smart Meter,2019-09-21,Active
MTR004365,ACCT004365,Smart Meter,2018-09-22,Active
MTR004366,ACCT004366,Smart Meter,2019-12-11,Active
MTR004367,ACCT004367,Smart Meter,2021-07-11,Removed
MTR004368,ACCT004368,Smart Meter,2020-04-18,Active
MTR004369,ACCT004369,Smart Meter,2016-08-30,Inactive
MTR004370,ACCT004370,Smart Meter,2015-08-27,Active
MTR004371,ACCT004371,Smart Meter,2023-09-26,Active
MTR004372,ACCT004372,Smart Meter,2014-08-01,Active
MTR004373,ACCT004373,Smart Meter,2024-09-06,Active
MTR004374,ACCT004374,Smart Meter,2024-05-13,Active
MTR004375,ACCT004375,Smart Meter,2020-05-04,Active
MTR004376,ACCT004376,Smart Meter,2022-05-12,Active
MTR004377,ACCT004377,Smart Meter,2024-03-27,Active
MTR004378,ACCT004378,Smart Meter,2021-07-17,Active
MTR004379,ACCT004379,Smart Meter,2015-06-24,Active
MTR004380,ACCT004380,Smart Meter,2015-12-07,Active
MTR004381,ACCT004381,Legacy Meter,2024-12-09,Active
MTR004382,ACCT004382,Smart Meter,2022-05-17,Active
MTR004383,ACCT004383,Smart Meter,2018-10-25,Active
MTR004384,ACCT004384,Smart Meter,2021-04-20,Active
MTR004385,ACCT004385,Smart Meter,2018-08-12,Active
MTR004386,ACCT004386,Smart Meter,2017-03-04,Active
MTR004387,ACCT004387,Smart Meter,2015-05-13,Active
MTR004388,ACCT004388,Smart Meter,2022-05-27,Active
MTR004389,ACCT004389,Smart Meter,2024-01-27,Active
MTR004390,ACCT004390,Legacy Meter,2016-02-21,Active
MTR004391,ACCT004391,Smart Meter,2024-12-20,Active
MTR004392,ACCT004392,Smart Meter,2019-03-25,Active
MTR004393,ACCT004393,Smart Meter,2014-05-06,Active
MTR004394,ACCT004394,Smart Meter,2023-05-24,Active
MTR004395,ACCT004395,Smart Meter,2018-03-07,Active
MTR004396,ACCT004396,Smart Meter,2016-04-20,Active
MTR004397,ACCT004397,Smart Meter,2016-09-09,Active
MTR004398,ACCT004398,Smart Meter,2017-09-03,Active
MTR004399,ACCT004399,Smart Meter,2014-01-12,Active
MTR004400,ACCT004400,Smart Meter,2018-02-09,Active
MTR004401,ACCT004401,Smart Meter,2017-08-10,Active
MTR004402,ACCT004402,Smart Meter,2018-01-03,Active
MTR004403,ACCT004403,Smart Meter,2019-01-05,Active
MTR004404,ACCT004404,Smart Meter,2024-09-30,Active
MTR004405,ACCT004405,Smart Meter,2015-05-31,Active
MTR004406,ACCT004406,Smart Meter,2024-08-23,Active
MTR004407,ACCT004407,Smart Meter,2023-06-25,Active
MTR004408,ACCT004408,Smart Meter,2020-06-21,Active
MTR004409,ACCT004409,Smart Meter,2018-08-31,Active
MTR004410,ACCT004410,Smart Meter,2022-06-07,Active
MTR004411,ACCT004411,Legacy Meter,2023-10-20,Active
MTR004412,ACCT004412,Smart Meter,2017-02-21,Active
MTR004413,ACCT004413,Smart Meter,2023-06-06,Active
MTR004414,ACCT004414,Smart Meter,2020-06-19,Active
MTR004415,ACCT004415,Smart Meter,2022-12-01,Active
MTR004416,ACCT004416,Smart Meter,2021-02-07,Active
MTR004417,ACCT004417,Smart Meter,2024-01-05,Active
MTR004418,ACCT004418,Smart Meter,2024-10-29,Active
MTR004419,ACCT004419,Legacy Meter,2018-03-29,Inactive
MTR004420,ACCT004420,Smart Meter,2019-09-18,Active
MTR004421,ACCT004421,Smart Meter,2022-08-22,Removed
MTR004422,ACCT004422,Smart Meter,2022-06-20,Active
MTR004423,ACCT004423,Smart Meter,2020-04-19,Active
MTR004424,ACCT004424,Smart Meter,2020-06-08,Active
MTR004425,ACCT004425,Smart Meter,2016-09-05,Active
MTR004426,ACCT004426,Smart Meter,2020-04-24,Active
MTR004427,ACCT004427,Smart Meter,2024-08-19,Active
MTR004428,ACCT004428,Smart Meter,2022-05-06,Active
MTR004429,ACCT004429,Smart Meter,2021-02-02,Active
MTR004430,ACCT004430,Smart Meter,2019-06-30,Active
MTR004431,ACCT004431,Smart Meter,2021-05-11,Removed
MTR004432,ACCT004432,Smart Meter,2019-01-21,Active
MTR004433,ACCT004433,Smart Meter,2021-02-12,Active
MTR004434,ACCT004434,Smart Meter,2020-11-13,Active
MTR004435,ACCT004435,Smart Meter,2024-01-29,Active
MTR004436,ACCT004436,Smart Meter,2014-08-12,Active
MTR004437,ACCT004437,Smart Meter,2019-11-10,Active
MTR004438,ACCT004438,Smart Meter,2014-10-07,Active
MTR004439,ACCT004439,Smart Meter,2017-04-08,Active
MTR004440,ACCT004440,Smart Meter,2018-12-25,Active
MTR004441,ACCT004441,Smart Meter,2018-10-24,Active
MTR004442,ACCT004442,Smart Meter,2019-08-08,Active
MTR004443,ACCT004443,Smart Meter,2024-02-18,Active
MTR004444,ACCT004444,Smart Meter,2014-09-05,Active
MTR004445,ACCT004445,Smart Meter,2017-10-16,Active
MTR004446,ACCT004446,Smart Meter,2017-10-04,Active
MTR004447,ACCT004447,Smart Meter,2021-12-23,Active
MTR004448,ACCT004448,Smart Meter,2023-08-08,Active
MTR004449,ACCT004449,Smart Meter,2023-07-10,Active
MTR004450,ACCT004450,Smart Meter,2024-01-21,Removed
MTR004451,ACCT004451,Smart Meter,2019-10-27,Active
MTR004452,ACCT004452,Smart Meter,2020-11-10,Active
MTR004453,ACCT004453,Smart Meter,2021-03-18,Active
MTR004454,ACCT004454,Smart Meter,2023-06-26,Removed
MTR004455,ACCT004455,Smart Meter,2022-06-13,Active
MTR004456,ACCT004456,Legacy Meter,2014-02-14,Active
MTR004457,ACCT004457,Smart Meter,2019-09-17,Active
MTR004458,ACCT004458,Smart Meter,2015-02-20,Active
MTR004459,ACCT004459,Smart Meter,2020-04-11,Active
MTR004460,ACCT004460,Smart Meter,2022-07-31,Active
MTR004461,ACCT004461,Smart Meter,2020-12-15,Inactive
MTR004462,ACCT004462,Smart Meter,2024-01-28,Active
MTR004463,ACCT004463,Smart Meter,2020-06-28,Active
MTR004464,ACCT004464,Legacy Meter,2017-06-29,Active
MTR004465,ACCT004465,Legacy Meter,2020-11-20,Inactive
MTR004466,ACCT004466,Smart Meter,2016-12-20,Active
MTR004467,ACCT004467,Smart Meter,2024-07-19,Active
MTR004468,ACCT004468,Smart Meter,2017-02-16,Active
MTR004469,ACCT004469,Smart Meter,2014-03-28,Active
MTR004470,ACCT004470,Smart Meter,2024-01-15,Active
MTR004471,ACCT004471,Smart Meter,2019-10-29,Active
MTR004472,ACCT004472,Smart Meter,2014-08-16,Inactive
MTR004473,ACCT004473,Smart Meter,2020-12-05,Active
MTR004474,ACCT004474,Legacy Meter,2019-01-13,Active
MTR004475,ACCT004475,Smart Meter,2015-09-15,Active
MTR004476,ACCT004476,Smart Meter,2024-10-28,Active
MTR004477,ACCT004477,Smart Meter,2023-04-05,Active
MTR004478,ACCT004478,Smart Meter,2018-05-26,Inactive
MTR004479,ACCT004479,Smart Meter,2022-03-15,Active
MTR004480,ACCT004480,Smart Meter,2015-04-30,Active
MTR004481,ACCT004481,Smart Meter,2021-11-27,Active
MTR004482,ACCT004482,Legacy Meter,2014-01-25,Active
MTR004483,ACCT004483,Smart Meter,2018-12-20,Active
MTR004484,ACCT004484,Smart Meter,2017-05-10,Active
MTR004485,ACCT004485,Smart Meter,2024-12-11,Active
MTR004486,ACCT004486,Smart Meter,2017-06-02,Active
MTR004487,ACCT004487,Smart Meter,2016-02-18,Active
MTR004488,ACCT004488,Smart Meter,2023-10-22,Active
MTR004489,ACCT004489,Smart Meter,2016-07-19,Active
MTR004490,ACCT004490,Smart Meter,2021-10-13,Active
MTR004491,ACCT004491,Smart Meter,2024-02-18,Active
MTR004492,ACCT004492,Smart Meter,2018-05-22,Active
MTR004493,ACCT004493,Smart Meter,2018-05-02,Active
MTR004494,ACCT004494,Smart Meter,2016-01-23,Active
MTR004495,ACCT004495,Smart Meter,2018-09-10,Active
MTR004496,ACCT004496,Smart Meter,2023-11-01,Active
MTR004497,ACCT004497,Smart Meter,2022-11-29,Active
MTR004498,ACCT004498,Smart Meter,2017-01-05,Active
MTR004499,ACCT004499,Smart Meter,2015-03-02,Active
MTR004500,ACCT004500,Smart Meter,2022-08-05,Active
MTR004501,ACCT004501,Smart Meter,2015-10-22,Active
MTR004502,ACCT004502,Smart Meter,2018-02-26,Active
MTR004503,ACCT004503,Legacy Meter,2021-06-25,Active
MTR004504,ACCT004504,Smart Meter,2015-07-01,Active
MTR004505,ACCT004505,Smart Meter,2017-01-05,Active
MTR004506,ACCT004506,Smart Meter,2022-02-11,Active
MTR004507,ACCT004507,Smart Meter,2024-07-30,Active
MTR004508,ACCT004508,Smart Meter,2024-04-26,Active
MTR004509,ACCT004509,Smart Meter,2019-10-04,Active
MTR004510,ACCT004510,Smart Meter,2024-11-20,Active
MTR004511,ACCT004511,Smart Meter,2024-01-26,Active
MTR004512,ACCT004512,Smart Meter,2018-02-05,Active
MTR004513,ACCT004513,Smart Meter,2024-03-16,Active
MTR004514,ACCT004514,Smart Meter,2023-02-01,Active
MTR004515,ACCT004515,Smart Meter,2018-01-02,Active
MTR004516,ACCT004516,Legacy Meter,2018-10-02,Active
MTR004517,ACCT004517,Smart Meter,2018-11-07,Active
MTR004518,ACCT004518,Smart Meter,2020-06-19,Active
MTR004519,ACCT004519,Smart Meter,2017-09-05,Removed
MTR004520,ACCT004520,Smart Meter,2020-03-17,Active
MTR004521,ACCT004521,Smart Meter,2024-09-20,Active
MTR004522,ACCT004522,Smart Meter,2017-10-26,Removed
MTR004523,ACCT004523,Smart Meter,2017-05-24,Active
MTR004524,ACCT004524,Smart Meter,2014-02-18,Active
MTR004525,ACCT004525,Smart Meter,2018-12-26,Active
MTR004526,ACCT004526,Smart Meter,2020-11-15,Active
MTR004527,ACCT004527,Smart Meter,2019-12-06,Active
MTR004528,ACCT004528,Smart Meter,2019-10-31,Active
MTR004529,ACCT004529,Smart Meter,2023-02-17,Active
MTR004530,ACCT004530,Smart Meter,2024-01-09,Active
MTR004531,ACCT004531,Smart Meter,2018-10-13,Active
MTR004532,ACCT004532,Smart Meter,2015-05-11,Removed
MTR004533,ACCT004533,Smart Meter,2015-09-26,Active
MTR004534,ACCT004534,Smart Meter,2021-11-24,Active
MTR004535,ACCT004535,Smart Meter,2015-08-25,Active
MTR004536,ACCT004536,Smart Meter,2021-09-18,Active
MTR004537,ACCT004537,Smart Meter,2021-06-13,Active
MTR004538,ACCT004538,Smart Meter,2014-06-25,Active
MTR004539,ACCT004539,Smart Meter,2021-10-23,Active
MTR004540,ACCT004540,Smart Meter,2022-08-27,Active
MTR004541,ACCT004541,Smart Meter,2015-10-01,Active
MTR004542,ACCT004542,Smart Meter,2023-05-24,Active
MTR004543,ACCT004543,Smart Meter,2023-03-12,Active
MTR004544,ACCT004544,Smart Meter,2014-10-24,Active
MTR004545,ACCT004545,Smart Meter,2017-07-07,Active
MTR004546,ACCT004546,Smart Meter,2019-02-18,Active
MTR004547,ACCT004547,Smart Meter,2015-04-20,Active
MTR004548,ACCT004548,Smart Meter,2024-06-24,Active
MTR004549,ACCT004549,Smart Meter,2018-07-05,Active
MTR004550,ACCT004550,Smart Meter,2019-05-13,Active
MTR004551,ACCT004551,Smart Meter,2021-01-27,Active
MTR004552,ACCT004552,Smart Meter,2023-12-13,Active
MTR004553,ACCT004553,Smart Meter,2016-11-26,Active
MTR004554,ACCT004554,Smart Meter,2022-11-27,Active
MTR004555,ACCT004555,Smart Meter,2018-11-24,Active
MTR004556,ACCT004556,Smart Meter,2014-01-25,Active
MTR004557,ACCT004557,Smart Meter,2014-12-15,Active
MTR004558,ACCT004558,Smart Meter,2015-09-29,Active
MTR004559,ACCT004559,Smart Meter,2023-11-24,Active
MTR004560,ACCT004560,Smart Meter,2024-06-17,Active
MTR004561,ACCT004561,Smart Meter,2014-08-15,Active
MTR004562,ACCT004562,Smart Meter,2017-10-03,Active
MTR004563,ACCT004563,Smart Meter,2014-02-07,Active
MTR004564,ACCT004564,Smart Meter,2017-11-07,Active
MTR004565,ACCT004565,Legacy Meter,2021-03-02,Active
MTR004566,ACCT004566,Smart Meter,2020-04-02,Active
MTR004567,ACCT004567,Smart Meter,2017-04-19,Inactive
MTR004568,ACCT004568,Smart Meter,2019-12-02,Active
MTR004569,ACCT004569,Smart Meter,2020-06-11,Active
MTR004570,ACCT004570,Smart Meter,2019-12-20,Active
MTR004571,ACCT004571,Smart Meter,2014-12-14,Active
MTR004572,ACCT004572,Smart Meter,2017-04-18,Inactive
MTR004573,ACCT004573,Legacy Meter,2020-09-28,Active
MTR004574,ACCT004574,Smart Meter,2016-09-09,Active
MTR004575,ACCT004575,Smart Meter,2024-01-10,Active
MTR004576,ACCT004576,Smart Meter,2016-01-02,Active
MTR004577,ACCT004577,Smart Meter,2021-05-25,Inactive
MTR004578,ACCT004578,Smart Meter,2020-08-29,Active
MTR004579,ACCT004579,Smart Meter,2021-01-03,Active
MTR004580,ACCT004580,Smart Meter,2016-12-02,Active
MTR004581,ACCT004581,Smart Meter,2018-02-12,Active
MTR004582,ACCT004582,Smart Meter,2017-02-15,Active
MTR004583,ACCT004583,Smart Meter,2018-05-14,Active
MTR004584,ACCT004584,Legacy Meter,2019-10-10,Active
MTR004585,ACCT004585,Smart Meter,2021-02-13,Active
MTR004586,ACCT004586,Legacy Meter,2018-12-15,Active
MTR004587,ACCT004587,Smart Meter,2020-02-14,Removed
MTR004588,ACCT004588,Smart Meter,2015-03-29,Active
MTR004589,ACCT004589,Smart Meter,2021-12-04,Active
MTR004590,ACCT004590,Smart Meter,2020-02-13,Active
MTR004591,ACCT004591,Smart Meter,2022-03-05,Active
MTR004592,ACCT004592,Smart Meter,2023-09-06,Inactive
MTR004593,ACCT004593,Smart Meter,2018-10-30,Active
MTR004594,ACCT004594,Smart Meter,2014-06-13,Active
MTR004595,ACCT004595,Smart Meter,2017-12-18,Active
MTR004596,ACCT004596,Smart Meter,2024-08-05,Active
MTR004597,ACCT004597,Smart Meter,2014-04-12,Active
MTR004598,ACCT004598,Smart Meter,2023-02-21,Removed
MTR004599,ACCT004599,Smart Meter,2024-02-25,Active
MTR004600,ACCT004600,Smart Meter,2022-10-30,Inactive
MTR004601,ACCT004601,Smart Meter,2017-12-23,Active
MTR004602,ACCT004602,Smart Meter,2015-11-22,Active
MTR004603,ACCT004603,Smart Meter,2017-12-21,Active
MTR004604,ACCT004604,Smart Meter,2021-03-10,Active
MTR004605,ACCT004605,Smart Meter,2021-04-12,Active
MTR004606,ACCT004606,Smart Meter,2019-05-21,Active
MTR004607,ACCT004607,Smart Meter,2015-06-20,Active
MTR004608,ACCT004608,Smart Meter,2023-04-28,Active
MTR004609,ACCT004609,Smart Meter,2021-09-09,Active
MTR004610,ACCT004610,Smart Meter,2019-07-19,Active
MTR004611,ACCT004611,Smart Meter,2018-08-28,Active
MTR004612,ACCT004612,Legacy Meter,2022-01-22,Active
MTR004613,ACCT004613,Smart Meter,2018-01-03,Active
MTR004614,ACCT004614,Smart Meter,2018-06-18,Active
MTR004615,ACCT004615,Smart Meter,2022-04-07,Active
MTR004616,ACCT004616,Smart Meter,2019-02-22,Active
MTR004617,ACCT004617,Smart Meter,2014-05-04,Active
MTR004618,ACCT004618,Smart Meter,2023-03-28,Active
MTR004619,ACCT004619,Smart Meter,2021-06-08,Active
MTR004620,ACCT004620,Smart Meter,2020-07-24,Active
MTR004621,ACCT004621,Smart Meter,2014-09-06,Active
MTR004622,ACCT004622,Smart Meter,2019-05-26,Active
MTR004623,ACCT004623,Smart Meter,2017-07-18,Active
MTR004624,ACCT004624,Smart Meter,2017-12-23,Active
MTR004625,ACCT004625,Smart Meter,2018-05-13,Active
MTR004626,ACCT004626,Legacy Meter,2021-07-17,Active
MTR004627,ACCT004627,Smart Meter,2015-12-14,Active
MTR004628,ACCT004628,Smart Meter,2024-01-04,Active
MTR004629,ACCT004629,Smart Meter,2022-05-13,Active
MTR004630,ACCT004630,Smart Meter,2014-09-04,Active
MTR004631,ACCT004631,Legacy Meter,2015-04-26,Active
MTR004632,ACCT004632,Smart Meter,2019-11-16,Active
MTR004633,ACCT004633,Smart Meter,2020-07-04,Active
MTR004634,ACCT004634,Smart Meter,2024-01-13,Active
MTR004635,ACCT004635,Smart Meter,2017-12-19,Active
MTR004636,ACCT004636,Smart Meter,2023-12-28,Active
MTR004637,ACCT004637,Smart Meter,2023-07-28,Active
MTR004638,ACCT004638,Smart Meter,2016-10-25,Active
MTR004639,ACCT004639,Smart Meter,2019-07-07,Active
MTR004640,ACCT004640,Smart Meter,2015-04-04,Active
MTR004641,ACCT004641,Legacy Meter,2021-10-14,Active
MTR004642,ACCT004642,Smart Meter,2024-08-13,Active
MTR004643,ACCT004643,Smart Meter,2015-08-16,Active
MTR004644,ACCT004644,Smart Meter,2015-05-13,Active
MTR004645,ACCT004645,Smart Meter,2019-11-05,Active
MTR004646,ACCT004646,Smart Meter,2020-09-15,Active
MTR004647,ACCT004647,Smart Meter,2017-08-09,Active
MTR004648,ACCT004648,Smart Meter,2024-12-08,Active
MTR004649,ACCT004649,Smart Meter,2023-03-07,Active
MTR004650,ACCT004650,Smart Meter,2014-07-16,Active
MTR004651,ACCT004651,Smart Meter,2021-09-12,Active
MTR004652,ACCT004652,Smart Meter,2022-08-21,Active
MTR004653,ACCT004653,Smart Meter,2014-01-27,Active
MTR004654,ACCT004654,Smart Meter,2024-09-21,Active
MTR004655,ACCT004655,Smart Meter,2018-09-14,Active
MTR004656,ACCT004656,Smart Meter,2019-12-23,Active
MTR004657,ACCT004657,Smart Meter,2017-01-18,Active
MTR004658,ACCT004658,Smart Meter,2020-03-03,Active
MTR004659,ACCT004659,Smart Meter,2022-06-26,Active
MTR004660,ACCT004660,Smart Meter,2023-06-12,Inactive
MTR004661,ACCT004661,Smart Meter,2023-12-22,Active
MTR004662,ACCT004662,Smart Meter,2024-01-04,Active
MTR004663,ACCT004663,Smart Meter,2017-12-09,Active
MTR004664,ACCT004664,Smart Meter,2023-01-12,Active
MTR004665,ACCT004665,Smart Meter,2015-08-26,Active
MTR004666,ACCT004666,Smart Meter,2016-12-27,Active
MTR004667,ACCT004667,Smart Meter,2014-12-28,Active
MTR004668,ACCT004668,Smart Meter,2017-07-07,Active
MTR004669,ACCT004669,Legacy Meter,2021-05-29,Active
MTR004670,ACCT004670,Smart Meter,2016-12-22,Active
MTR004671,ACCT004671,Smart Meter,2024-10-01,Active
MTR004672,ACCT004672,Smart Meter,2019-07-09,Active
MTR004673,ACCT004673,Smart Meter,2016-08-29,Active
MTR004674,ACCT004674,Smart Meter,2018-09-12,Active
MTR004675,ACCT004675,Legacy Meter,2022-04-16,Active
MTR004676,ACCT004676,Smart Meter,2018-07-05,Active
MTR004677,ACCT004677,Legacy Meter,2018-09-23,Active
MTR004678,ACCT004678,Smart Meter,2022-03-08,Active
MTR004679,ACCT004679,Smart Meter,2016-06-26,Active
MTR004680,ACCT004680,Smart Meter,2023-06-26,Active
MTR004681,ACCT004681,Smart Meter,2014-09-03,Active
MTR004682,ACCT004682,Smart Meter,2020-05-14,Active
MTR004683,ACCT004683,Smart Meter,2014-12-13,Active
MTR004684,ACCT004684,Smart Meter,2019-05-15,Active
MTR004685,ACCT004685,Smart Meter,2015-01-07,Active
MTR004686,ACCT004686,Smart Meter,2016-03-19,Active
MTR004687,ACCT004687,Smart Meter,2021-12-06,Active
MTR004688,ACCT004688,Legacy Meter,2019-12-11,Active
MTR004689,ACCT004689,Smart Meter,2022-07-26,Removed
MTR004690,ACCT004690,Smart Meter,2014-06-09,Active
MTR004691,ACCT004691,Smart Meter,2017-02-24,Active
MTR004692,ACCT004692,Smart Meter,2021-08-16,Active
MTR004693,ACCT004693,Smart Meter,2024-01-27,Active
MTR004694,ACCT004694,Smart Meter,2017-08-27,Active
MTR004695,ACCT004695,Smart Meter,2015-06-02,Active
MTR004696,ACCT004696,Smart Meter,2022-03-02,Active
MTR004697,ACCT004697,Smart Meter,2017-07-12,Active
MTR004698,ACCT004698,Smart Meter,2016-01-16,Active
MTR004699,ACCT004699,Smart Meter,2020-05-24,Active
MTR004700,ACCT004700,Smart Meter,2015-02-24,Active
MTR004701,ACCT004701,Smart Meter,2024-11-11,Inactive
MTR004702,ACCT004702,Smart Meter,2018-04-01,Active
MTR004703,ACCT004703,Smart Meter,2014-05-20,Active
MTR004704,ACCT004704,Smart Meter,2019-01-07,Active
MTR004705,ACCT004705,Smart Meter,2015-12-08,Active
MTR004706,ACCT004706,Smart Meter,2015-11-29,Active
MTR004707,ACCT004707,Smart Meter,2022-04-23,Active
MTR004708,ACCT004708,Smart Meter,2015-04-20,Active
MTR004709,ACCT004709,Legacy Meter,2024-11-20,Active
MTR004710,ACCT004710,Smart Meter,2018-07-19,Active
MTR004711,ACCT004711,Legacy Meter,2023-11-10,Active
MTR004712,ACCT004712,Smart Meter,2019-03-17,Active
MTR004713,ACCT004713,Smart Meter,2020-09-02,Active
MTR004714,ACCT004714,Smart Meter,2015-05-26,Active
MTR004715,ACCT004715,Smart Meter,2015-06-22,Active
MTR004716,ACCT004716,Smart Meter,2020-03-10,Active
MTR004717,ACCT004717,Smart Meter,2022-01-23,Active
MTR004718,ACCT004718,Smart Meter,2018-03-17,Active
MTR004719,ACCT004719,Smart Meter,2024-08-10,Active
MTR004720,ACCT004720,Smart Meter,2017-07-12,Active
MTR004721,ACCT004721,Smart Meter,2017-09-28,Active
MTR004722,ACCT004722,Smart Meter,2016-11-27,Active
MTR004723,ACCT004723,Smart Meter,2014-08-21,Active
MTR004724,ACCT004724,Smart Meter,2020-04-26,Active
MTR004725,ACCT004725,Smart Meter,2014-11-04,Active
MTR004726,ACCT004726,Smart Meter,2015-02-07,Active
MTR004727,ACCT004727,Smart Meter,2016-09-23,Active
MTR004728,ACCT004728,Smart Meter,2017-07-08,Active
MTR004729,ACCT004729,Smart Meter,2018-02-08,Active
MTR004730,ACCT004730,Smart Meter,2016-01-20,Active
MTR004731,ACCT004731,Smart Meter,2017-02-03,Inactive
MTR004732,ACCT004732,Smart Meter,2023-02-01,Active
MTR004733,ACCT004733,Smart Meter,2014-10-31,Active
MTR004734,ACCT004734,Smart Meter,2020-07-18,Active
MTR004735,ACCT004735,Smart Meter,2018-01-10,Active
MTR004736,ACCT004736,Smart Meter,2016-11-27,Active
MTR004737,ACCT004737,Legacy Meter,2024-08-27,Active
MTR004738,ACCT004738,Smart Meter,2016-05-04,Active
MTR004739,ACCT004739,Smart Meter,2016-12-05,Active
MTR004740,ACCT004740,Legacy Meter,2018-10-12,Active
MTR004741,ACCT004741,Legacy Meter,2018-06-17,Active
MTR004742,ACCT004742,Smart Meter,2023-01-05,Active
MTR004743,ACCT004743,Smart Meter,2020-04-22,Active
MTR004744,ACCT004744,Smart Meter,2019-12-25,Active
MTR004745,ACCT004745,Smart Meter,2017-06-08,Active
MTR004746,ACCT004746,Legacy Meter,2016-03-28,Active
MTR004747,ACCT004747,Smart Meter,2018-10-04,Active
MTR004748,ACCT004748,Smart Meter,2023-12-29,Active
MTR004749,ACCT004749,Smart Meter,2016-08-30,Active
MTR004750,ACCT004750,Smart Meter,2014-02-07,Inactive
MTR004751,ACCT004751,Smart Meter,2017-03-24,Active
MTR004752,ACCT004752,Smart Meter,2023-10-15,Active
MTR004753,ACCT004753,Smart Meter,2014-04-15,Active
MTR004754,ACCT004754,Legacy Meter,2014-09-12,Active
MTR004755,ACCT004755,Smart Meter,2023-07-08,Active
MTR004756,ACCT004756,Smart Meter,2020-12-10,Active
MTR004757,ACCT004757,Smart Meter,2019-06-05,Active
MTR004758,ACCT004758,Legacy Meter,2020-11-10,Active
MTR004759,ACCT004759,Smart Meter,2021-01-19,Active
MTR004760,ACCT004760,Smart Meter,2015-08-14,Active
MTR004761,ACCT004761,Smart Meter,2015-06-09,Active
MTR004762,ACCT004762,Smart Meter,2015-01-05,Active
MTR004763,ACCT004763,Smart Meter,2014-04-12,Active
MTR004764,ACCT004764,Legacy Meter,2022-02-11,Active
MTR004765,ACCT004765,Smart Meter,2015-10-26,Active
MTR004766,ACCT004766,Smart Meter,2015-11-21,Active
MTR004767,ACCT004767,Smart Meter,2019-04-11,Active
MTR004768,ACCT004768,Legacy Meter,2021-03-31,Inactive
MTR004769,ACCT004769,Smart Meter,2021-04-01,Active
MTR004770,ACCT004770,Smart Meter,2021-02-01,Active
MTR004771,ACCT004771,Smart Meter,2018-03-16,Active
MTR004772,ACCT004772,Smart Meter,2020-09-02,Active
MTR004773,ACCT004773,Smart Meter,2020-08-07,Active
MTR004774,ACCT004774,Smart Meter,2019-07-22,Active
MTR004775,ACCT004775,Smart Meter,2016-07-19,Active
MTR004776,ACCT004776,Smart Meter,2019-01-31,Active
MTR004777,ACCT004777,Smart Meter,2021-04-13,Active
MTR004778,ACCT004778,Smart Meter,2022-09-22,Active
MTR004779,ACCT004779,Legacy Meter,2021-08-01,Active
MTR004780,ACCT004780,Legacy Meter,2019-06-13,Active
MTR004781,ACCT004781,Smart Meter,2020-07-18,Active
MTR004782,ACCT004782,Legacy Meter,2022-08-12,Removed
MTR004783,ACCT004783,Smart Meter,2019-12-23,Active
MTR004784,ACCT004784,Smart Meter,2022-03-07,Active
MTR004785,ACCT004785,Smart Meter,2024-07-19,Active
MTR004786,ACCT004786,Smart Meter,2019-03-01,Active
MTR004787,ACCT004787,Smart Meter,2016-09-04,Active
MTR004788,ACCT004788,Smart Meter,2024-01-10,Active
MTR004789,ACCT004789,Smart Meter,2019-06-18,Active
MTR004790,ACCT004790,Smart Meter,2015-01-15,Active
MTR004791,ACCT004791,Smart Meter,2018-02-22,Active
MTR004792,ACCT004792,Smart Meter,2017-02-22,Active
MTR004793,ACCT004793,Smart Meter,2019-09-17,Active
MTR004794,ACCT004794,Smart Meter,2016-02-20,Active
MTR004795,ACCT004795,Smart Meter,2014-11-06,Active
MTR004796,ACCT004796,Smart Meter,2019-11-24,Active
MTR004797,ACCT004797,Smart Meter,2015-07-10,Active
MTR004798,ACCT004798,Smart Meter,2023-01-10,Active
MTR004799,ACCT004799,Smart Meter,2023-01-27,Active
MTR004800,ACCT004800,Smart Meter,2015-02-01,Active
MTR004801,ACCT004801,Legacy Meter,2020-01-10,Inactive
MTR004802,ACCT004802,Smart Meter,2021-01-27,Active
MTR004803,ACCT004803,Smart Meter,2024-02-25,Removed
MTR004804,ACCT004804,Smart Meter,2024-08-04,Active
MTR004805,ACCT004805,Smart Meter,2022-05-02,Active
MTR004806,ACCT004806,Legacy Meter,2022-04-02,Active
MTR004807,ACCT004807,Smart Meter,2023-07-06,Active
MTR004808,ACCT004808,Smart Meter,2019-02-27,Active
MTR004809,ACCT004809,Smart Meter,2024-07-11,Active
MTR004810,ACCT004810,Smart Meter,2017-03-15,Removed
MTR004811,ACCT004811,Smart Meter,2022-12-07,Active
MTR004812,ACCT004812,Smart Meter,2022-01-19,Active
MTR004813,ACCT004813,Smart Meter,2024-04-06,Active
MTR004814,ACCT004814,Smart Meter,2021-03-15,Active
MTR004815,ACCT004815,Smart Meter,2014-07-20,Active
MTR004816,ACCT004816,Smart Meter,2019-03-06,Active
MTR004817,ACCT004817,Smart Meter,2014-01-12,Active
MTR004818,ACCT004818,Smart Meter,2016-12-11,Active
MTR004819,ACCT004819,Smart Meter,2019-05-31,Active
MTR004820,ACCT004820,Smart Meter,2021-09-16,Active
MTR004821,ACCT004821,Smart Meter,2017-08-18,Active
MTR004822,ACCT004822,Smart Meter,2019-03-11,Active
MTR004823,ACCT004823,Smart Meter,2023-03-26,Active
MTR004824,ACCT004824,Smart Meter,2016-07-08,Active
MTR004825,ACCT004825,Smart Meter,2021-01-12,Active
MTR004826,ACCT004826,Smart Meter,2022-10-17,Active
MTR004827,ACCT004827,Smart Meter,2019-11-18,Active
MTR004828,ACCT004828,Smart Meter,2023-09-27,Active
MTR004829,ACCT004829,Smart Meter,2022-10-14,Active
MTR004830,ACCT004830,Smart Meter,2016-05-20,Active
MTR004831,ACCT004831,Smart Meter,2015-01-01,Active
MTR004832,ACCT004832,Smart Meter,2024-10-30,Active
MTR004833,ACCT004833,Smart Meter,2023-11-15,Active
MTR004834,ACCT004834,Smart Meter,2023-10-19,Active
MTR004835,ACCT004835,Smart Meter,2015-10-19,Active
MTR004836,ACCT004836,Smart Meter,2014-06-10,Active
MTR004837,ACCT004837,Smart Meter,2021-09-09,Active
MTR004838,ACCT004838,Smart Meter,2014-06-24,Active
MTR004839,ACCT004839,Smart Meter,2022-08-26,Active
MTR004840,ACCT004840,Legacy Meter,2023-07-03,Active
MTR004841,ACCT004841,Smart Meter,2018-02-12,Active
MTR004842,ACCT004842,Legacy Meter,2015-06-29,Active
MTR004843,ACCT004843,Smart Meter,2020-11-29,Active
MTR004844,ACCT004844,Smart Meter,2024-07-21,Active
MTR004845,ACCT004845,Smart Meter,2020-05-19,Active
MTR004846,ACCT004846,Smart Meter,2018-10-28,Active
MTR004847,ACCT004847,Smart Meter,2016-08-14,Active
MTR004848,ACCT004848,Smart Meter,2015-03-28,Removed
MTR004849,ACCT004849,Smart Meter,2024-02-13,Active
MTR004850,ACCT004850,Smart Meter,2014-03-23,Active
MTR004851,ACCT004851,Smart Meter,2017-05-21,Active
MTR004852,ACCT004852,Legacy Meter,2016-03-26,Active
MTR004853,ACCT004853,Legacy Meter,2021-01-11,Active
MTR004854,ACCT004854,Legacy Meter,2019-12-22,Active
MTR004855,ACCT004855,Smart Meter,2015-03-23,Active
MTR004856,ACCT004856,Smart Meter,2019-12-06,Active
MTR004857,ACCT004857,Smart Meter,2018-06-08,Active
MTR004858,ACCT004858,Smart Meter,2018-11-29,Active
MTR004859,ACCT004859,Legacy Meter,2023-01-28,Active
MTR004860,ACCT004860,Smart Meter,2016-01-19,Active
MTR004861,ACCT004861,Smart Meter,2017-03-19,Active
MTR004862,ACCT004862,Smart Meter,2019-03-25,Active
MTR004863,ACCT004863,Smart Meter,2018-04-06,Active
MTR004864,ACCT004864,Smart Meter,2015-10-08,Active
MTR004865,ACCT004865,Smart Meter,2015-01-14,Active
MTR004866,ACCT004866,Smart Meter,2021-04-09,Active
MTR004867,ACCT004867,Smart Meter,2022-04-02,Active
MTR004868,ACCT004868,Smart Meter,2021-01-16,Active
MTR004869,ACCT004869,Smart Meter,2023-10-25,Active
MTR004870,ACCT004870,Smart Meter,2024-03-22,Active
MTR004871,ACCT004871,Smart Meter,2017-02-14,Active
MTR004872,ACCT004872,Smart Meter,2024-03-24,Active
MTR004873,ACCT004873,Smart Meter,2021-03-08,Active
MTR004874,ACCT004874,Smart Meter,2016-07-25,Active
MTR004875,ACCT004875,Smart Meter,2019-07-07,Active
MTR004876,ACCT004876,Smart Meter,2015-10-24,Active
MTR004877,ACCT004877,Smart Meter,2017-09-02,Active
MTR004878,ACCT004878,Smart Meter,2016-05-25,Active
MTR004879,ACCT004879,Smart Meter,2014-01-12,Active
MTR004880,ACCT004880,Smart Meter,2017-01-18,Active
MTR004881,ACCT004881,Smart Meter,2015-01-23,Active
MTR004882,ACCT004882,Smart Meter,2019-11-01,Active
MTR004883,ACCT004883,Smart Meter,2022-04-12,Active
MTR004884,ACCT004884,Smart Meter,2024-06-30,Active
MTR004885,ACCT004885,Smart Meter,2019-04-04,Active
MTR004886,ACCT004886,Smart Meter,2015-01-31,Active
MTR004887,ACCT004887,Smart Meter,2021-02-05,Active
MTR004888,ACCT004888,Smart Meter,2021-06-01,Active
MTR004889,ACCT004889,Smart Meter,2015-10-02,Inactive
MTR004890,ACCT004890,Smart Meter,2014-04-10,Active
MTR004891,ACCT004891,Smart Meter,2015-04-02,Active
MTR004892,ACCT004892,Smart Meter,2019-07-16,Active
MTR004893,ACCT004893,Smart Meter,2021-12-31,Active
MTR004894,ACCT004894,Legacy Meter,2020-07-03,Active
MTR004895,ACCT004895,Smart Meter,2021-08-03,Active
MTR004896,ACCT004896,Smart Meter,2014-03-15,Active
MTR004897,ACCT004897,Smart Meter,2022-09-03,Active
MTR004898,ACCT004898,Smart Meter,2019-11-10,Active
MTR004899,ACCT004899,Smart Meter,2020-07-05,Active
MTR004900,ACCT004900,Smart Meter,2019-02-07,Active
MTR004901,ACCT004901,Smart Meter,2014-06-24,Active
MTR004902,ACCT004902,Smart Meter,2018-10-27,Active
MTR004903,ACCT004903,Smart Meter,2020-06-20,Active
MTR004904,ACCT004904,Smart Meter,2024-04-16,Active
MTR004905,ACCT004905,Smart Meter,2023-12-19,Active
MTR004906,ACCT004906,Smart Meter,2015-05-12,Active
MTR004907,ACCT004907,Smart Meter,2017-07-16,Active
MTR004908,ACCT004908,Smart Meter,2015-03-04,Active
MTR004909,ACCT004909,Smart Meter,2014-02-04,Active
MTR004910,ACCT004910,Smart Meter,2019-12-07,Active
MTR004911,ACCT004911,Smart Meter,2017-10-26,Active
MTR004912,ACCT004912,Smart Meter,2022-02-20,Active
MTR004913,ACCT004913,Smart Meter,2023-12-19,Active
MTR004914,ACCT004914,Smart Meter,2024-11-16,Active
MTR004915,ACCT004915,Smart Meter,2023-08-24,Active
MTR004916,ACCT004916,Smart Meter,2023-04-04,Active
MTR004917,ACCT004917,Smart Meter,2017-10-12,Active
MTR004918,ACCT004918,Smart Meter,2023-06-10,Active
MTR004919,ACCT004919,Smart Meter,2021-11-15,Active
MTR004920,ACCT004920,Legacy Meter,2022-09-12,Active
MTR004921,ACCT004921,Smart Meter,2020-09-03,Active
MTR004922,ACCT004922,Smart Meter,2014-06-25,Active
MTR004923,ACCT004923,Smart Meter,2019-11-24,Active
MTR004924,ACCT004924,Smart Meter,2015-08-15,Active
MTR004925,ACCT004925,Legacy Meter,2017-04-01,Active
MTR004926,ACCT004926,Smart Meter,2016-07-02,Active
MTR004927,ACCT004927,Smart Meter,2017-07-14,Active
MTR004928,ACCT004928,Smart Meter,2018-05-06,Active
MTR004929,ACCT004929,Smart Meter,2024-11-04,Active
MTR004930,ACCT004930,Smart Meter,2017-07-26,Active
MTR004931,ACCT004931,Smart Meter,2017-08-19,Active
MTR004932,ACCT004932,Smart Meter,2024-01-07,Active
MTR004933,ACCT004933,Smart Meter,2022-03-22,Active
MTR004934,ACCT004934,Smart Meter,2016-08-10,Active
MTR004935,ACCT004935,Smart Meter,2016-05-10,Active
MTR004936,ACCT004936,Smart Meter,2019-12-15,Inactive
MTR004937,ACCT004937,Smart Meter,2017-06-23,Active
MTR004938,ACCT004938,Smart Meter,2021-11-11,Active
MTR004939,ACCT004939,Smart Meter,2014-08-22,Active
MTR004940,ACCT004940,Smart Meter,2021-06-07,Active
MTR004941,ACCT004941,Smart Meter,2024-01-05,Active
MTR004942,ACCT004942,Smart Meter,2022-02-26,Active
MTR004943,ACCT004943,Legacy Meter,2018-01-02,Active
MTR004944,ACCT004944,Legacy Meter,2019-12-25,Active
MTR004945,ACCT004945,Smart Meter,2018-12-15,Active
MTR004946,ACCT004946,Smart Meter,2021-02-16,Inactive
MTR004947,ACCT004947,Smart Meter,2021-09-07,Active
MTR004948,ACCT004948,Smart Meter,2017-03-18,Active
MTR004949,ACCT004949,Smart Meter,2014-02-25,Active
MTR004950,ACCT004950,Smart Meter,2024-04-17,Active
MTR004951,ACCT004951,Smart Meter,2020-07-31,Active
MTR004952,ACCT004952,Smart Meter,2023-02-11,Active
MTR004953,ACCT004953,Legacy Meter,2022-02-18,Active
MTR004954,ACCT004954,Legacy Meter,2016-03-23,Active
MTR004955,ACCT004955,Smart Meter,2022-08-01,Active
MTR004956,ACCT004956,Smart Meter,2019-01-24,Active
MTR004957,ACCT004957,Smart Meter,2019-05-14,Active
MTR004958,ACCT004958,Smart Meter,2016-12-22,Active
MTR004959,ACCT004959,Smart Meter,2016-03-16,Active
MTR004960,ACCT004960,Smart Meter,2022-06-28,Active
MTR004961,ACCT004961,Legacy Meter,2018-04-25,Active
MTR004962,ACCT004962,Smart Meter,2024-03-19,Active
MTR004963,ACCT004963,Smart Meter,2015-08-23,Active
MTR004964,ACCT004964,Smart Meter,2021-02-28,Active
MTR004965,ACCT004965,Smart Meter,2023-03-26,Active
MTR004966,ACCT004966,Smart Meter,2021-07-15,Active
MTR004967,ACCT004967,Smart Meter,2015-09-04,Active
MTR004968,ACCT004968,Smart Meter,2017-05-23,Active
MTR004969,ACCT004969,Smart Meter,2019-12-29,Active
MTR004970,ACCT004970,Smart Meter,2019-05-04,Active
MTR004971,ACCT004971,Smart Meter,2018-03-11,Inactive
MTR004972,ACCT004972,Smart Meter,2015-07-15,Active
MTR004973,ACCT004973,Legacy Meter,2020-12-21,Active
MTR004974,ACCT004974,Smart Meter,2015-09-19,Active
MTR004975,ACCT004975,Smart Meter,2020-12-24,Active
MTR004976,ACCT004976,Smart Meter,2021-08-20,Active
MTR004977,ACCT004977,Smart Meter,2021-09-12,Active
MTR004978,ACCT004978,Smart Meter,2018-05-30,Active
MTR004979,ACCT004979,Smart Meter,2022-12-07,Active
MTR004980,ACCT004980,Smart Meter,2024-05-10,Active
MTR004981,ACCT004981,Legacy Meter,2015-11-06,Active
MTR004982,ACCT004982,Smart Meter,2024-03-11,Active
MTR004983,ACCT004983,Smart Meter,2014-02-18,Inactive
MTR004984,ACCT004984,Smart Meter,2017-10-18,Active
MTR004985,ACCT004985,Smart Meter,2019-03-18,Active
MTR004986,ACCT004986,Smart Meter,2015-09-19,Active
MTR004987,ACCT004987,Smart Meter,2021-06-20,Active
MTR004988,ACCT004988,Smart Meter,2023-10-08,Active
MTR004989,ACCT004989,Smart Meter,2014-10-04,Active
MTR004990,ACCT004990,Smart Meter,2019-09-26,Active
MTR004991,ACCT004991,Smart Meter,2024-07-09,Active
MTR004992,ACCT004992,Smart Meter,2022-02-21,Active
MTR004993,ACCT004993,Smart Meter,2014-08-04,Active
MTR004994,ACCT004994,Smart Meter,2014-08-18,Active
MTR004995,ACCT004995,Smart Meter,2024-02-28,Active
MTR004996,ACCT004996,Smart Meter,2020-06-28,Active
MTR004997,ACCT004997,Smart Meter,2024-09-06,Active
MTR004998,ACCT004998,Smart Meter,2023-07-25,Active
MTR004999,ACCT004999,Smart Meter,2020-03-22,Active
MTR005000,ACCT005000,Smart Meter,2018-08-13,Active
