account_id,customer_id,premise_id,service_type,customer_segment,county,account_status,rate_plan_id
ACCT000001,CUST000001,PREM000001,Electric,Residential,KERN,Active,R-RES-TOU
ACCT000002,CUST000002,PREM000002,Electric,Agriculture And Water Pumping,KERN,Active,R-AGR-PUMP
ACCT000003,CUST000003,PREM000003,Electric,Residential,BUTTE,Active,R-RES-TOU
ACCT000004,CUST000004,PREM000004,Electric,Residential,SAN MATEO,Active,R-RES-TOU
ACCT000005,CUST000005,PREM000005,Electric,Residential,MONTEREY,Active,R-RES-TOU
ACCT000006,CUST000006,PREM000006,Electric,Residential,SANTA CLARA,Active,R-RES-TOU
ACCT000007,CUST000007,PREM000007,Electric,Residential,MERCED,Active,R-RES-TOU
ACCT000008,CUST000008,PREM000008,Electric,Commercial,SAN JOAQUIN,Active,R-COM-GEN
ACCT000009,CUST000009,PREM000009,Electric,Residential,SANTA CLARA,Active,R-RES-TOU
ACCT000010,CUST000010,PREM000010,Electric,Residential,KERN,Active,R-RES-TOU
ACCT000011,CUST000011,PREM000011,Electric,Residential,SANTA CLARA,Active,R-RES-TOU
ACCT000012,CUST000012,PREM000012,Electric,Agriculture And Water Pumping,FRESNO,Active,R-AGR-PUMP
ACCT000013,CUST000013,PREM000013,Electric,Commercial,PLACER,Active,R-COM-GEN
ACCT000014,CUST000014,PREM000014,Electric,Residential,SANTA BARBARA,Active,R-RES-TOU
ACCT000015,CUST000015,PREM000015,Electric,Residential,SANTA CLARA,Active,R-RES-TOU
ACCT000016,CUST000016,PREM000016,Electric,Residential,SANTA CLARA,Active,R-RES-TOU
ACCT000017,CUST000017,PREM000017,Electric,Residential,CONTRA COSTA,Active,R-RES-TOU
ACCT000018,CUST000018,PREM000018,Electric,Residential,ALAMEDA,Active,R-RES-TOU
ACCT000019,CUST000019,PREM000019,Electric,Residential,SAN FRANCISCO,Active,R-RES-TOU
ACCT000020,CUST000020,PREM000020,Electric,Residential,BUTTE,Active,R-RES-TOU
ACCT000021,CUST000021,PREM000021,Electric,Residential,FRESNO,Active,R-RES-TOU
ACCT000022,CUST000022,PREM000022,Electric,Residential,KERN,Active,R-RES-TOU
ACCT000023,CUST000023,PREM000023,Electric,Residential,NAPA,Active,R-RES-TOU
ACCT000024,CUST000024,PREM000024,Electric,Residential,FRESNO,Active,R-RES-TOU
ACCT000025,CUST000025,PREM000025,Electric,Residential,MENDOCINO,Active,R-RES-TOU
ACCT000026,CUST000026,PREM000026,Electric,Residential,PLACER,Active,R-RES-TOU
ACCT000027,CUST000027,PREM000027,Electric,Residential,ALAMEDA,Active,R-RES-TOU
ACCT000028,CUST000028,PREM000028,Electric,Residential,CONTRA COSTA,Active,R-RES-TOU
ACCT000029,CUST000029,PREM000029,Electric,Residential,SOLANO,Active,R-RES-TOU
ACCT000030,CUST000030,PREM000030,Electric,Residential,SANTA CLARA,Active,R-RES-TOU
ACCT000031,CUST000031,PREM000031,Electric,Residential,ALAMEDA,Active,R-RES-TOU
ACCT000032,CUST000032,PREM000032,Electric,Residential,PLACER,Pending Close,R-RES-TOU
ACCT000033,CUST000033,PREM000033,Electric,Residential,SAN FRANCISCO,Active,R-RES-TOU
ACCT000034,CUST000034,PREM000034,Electric,Industrial,SAN LUIS OBISPO,Active,R-IND-GEN
ACCT000035,CUST000035,PREM000035,Electric,Agriculture And Water Pumping,SANTA CLARA,Active,R-AGR-PUMP
ACCT000036,CUST000036,PREM000036,Electric,Commercial,MARIN,Active,R-COM-GEN
ACCT000037,CUST000037,PREM000037,Electric,Residential,EL DORADO,Active,R-RES-TOU
ACCT000038,CUST000038,PREM000038,Electric,Residential,KINGS,Active,R-RES-TOU
ACCT000039,CUST000039,PREM000039,Electric,Residential,SOLANO,Active,R-RES-TOU
ACCT000040,CUST000040,PREM000040,Electric,Residential,YOLO,Active,R-RES-TOU
ACCT000041,CUST000041,PREM000041,Electric,Residential,MADERA,Active,R-RES-TOU
ACCT000042,CUST000042,PREM000042,Electric,Residential,NEVADA,Active,R-RES-TOU
ACCT000043,CUST000043,PREM000043,Electric,Residential,SANTA CLARA,Active,R-RES-TOU
ACCT000044,CUST000044,PREM000044,Electric,Commercial,FRESNO,Active,R-COM-GEN
ACCT000045,CUST000045,PREM000045,Electric,Residential,SANTA CRUZ,Active,R-RES-TOU
ACCT000046,CUST000046,PREM000046,Electric,Residential,SAN LUIS OBISPO,Active,R-RES-TOU
ACCT000047,CUST000047,PREM000047,Electric,Residential,KERN,Active,R-RES-TOU
ACCT000048,CUST000048,PREM000048,Electric,Residential,PLACER,Active,R-RES-TOU
ACCT000049,CUST000049,PREM000049,Electric,Residential,SAN MATEO,Active,R-RES-TOU
ACCT000050,CUST000050,PREM000050,Electric,Residential,PLACER,Pending Close,R-RES-TOU
ACCT000051,CUST000051,PREM000051,Electric,Agriculture And Water Pumping,SANTA CLARA,Active,R-AGR-PUMP
ACCT000052,CUST000052,PREM000052,Electric,Residential,SAN JOAQUIN,Active,R-RES-TOU
ACCT000053,CUST000053,PREM000053,Electric,Industrial,SANTA CLARA,Active,R-IND-GEN
ACCT000054,CUST000054,PREM000054,Electric,Commercial,SANTA CLARA,Active,R-COM-GEN
ACCT000055,CUST000055,PREM000055,Electric,Residential,KERN,Active,R-RES-TOU
ACCT000056,CUST000056,PREM000056,Electric,Commercial,FRESNO,Active,R-COM-GEN
ACCT000057,CUST000057,PREM000057,Electric,Residential,KERN,Active,R-RES-TOU
ACCT000058,CUST000058,PREM000058,Electric,Residential,ALAMEDA,Active,R-RES-TOU
ACCT000059,CUST000059,PREM000059,Electric,Residential,SAN FRANCISCO,Active,R-RES-TOU
ACCT000060,CUST000060,PREM000060,Electric,Residential,SAN MATEO,Active,R-RES-TOU
ACCT000061,CUST000061,PREM000061,Electric,Residential,TUOLUMNE,Active,R-RES-TOU
ACCT000062,CUST000062,PREM000062,Electric,Residential,YOLO,Active,R-RES-TOU
ACCT000063,CUST000063,PREM000063,Electric,Commercial,KERN,Active,R-COM-GEN
ACCT000064,CUST000064,PREM000064,Electric,Residential,ALAMEDA,Active,R-RES-TOU
ACCT000065,CUST000065,PREM000065,Electric,Residential,SOLANO,Active,R-RES-TOU
ACCT000066,CUST000066,PREM000066,Electric,Residential,CONTRA COSTA,Active,R-RES-TOU
ACCT000067,CUST000067,PREM000067,Electric,Residential,KERN,Active,R-RES-TOU
ACCT000068,CUST000068,PREM000068,Electric,Commercial,SAN MATEO,Active,R-COM-GEN
ACCT000069,CUST000069,PREM000069,Electric,Residential,YOLO,Active,R-RES-TOU
ACCT000070,CUST000070,PREM000070,Electric,"Transportation, Communications, & Utilities",CONTRA COSTA,Active,R-TCU-GEN
ACCT000071,CUST000071,PREM000071,Electric,Residential,SAN FRANCISCO,Active,R-RES-TOU
ACCT000072,CUST000072,PREM000072,Electric,Residential,SOLANO,Active,R-RES-TOU
ACCT000073,CUST000073,PREM000073,Electric,Residential,KERN,Active,R-RES-TOU
ACCT000074,CUST000074,PREM000074,Electric,Commercial,SANTA CLARA,Active,R-COM-GEN
ACCT000075,CUST000075,PREM000075,Electric,Residential,KINGS,Pending Close,R-RES-TOU
ACCT000076,CUST000076,PREM000076,Electric,Residential,PLACER,Active,R-RES-TOU
ACCT000077,CUST000077,PREM000077,Electric,Residential,EL DORADO,Active,R-RES-TOU
ACCT000078,CUST000078,PREM000078,Electric,Residential,ALAMEDA,Active,R-RES-TOU
ACCT000079,CUST000079,PREM000079,Electric,Residential,KERN,Active,R-RES-TOU
ACCT000080,CUST000080,PREM000080,Electric,Residential,KERN,Inactive,R-RES-TOU
ACCT000081,CUST000081,PREM000081,Electric,Commercial,GLENN,Active,R-COM-GEN
ACCT000082,CUST000082,PREM000082,Electric,Residential,SANTA CLARA,Active,R-RES-TOU
ACCT000083,CUST000083,PREM000083,Electric,Residential,SAN JOAQUIN,Active,R-RES-TOU
ACCT000084,CUST000084,PREM000084,Electric,Residential,ALAMEDA,Active,R-RES-TOU
ACCT000085,CUST000085,PREM000085,Electric,Residential,SANTA CLARA,Active,R-RES-TOU
ACCT000086,CUST000086,PREM000086,Electric,Residential,KERN,Active,R-RES-TOU
ACCT000087,CUST000087,PREM000087,Electric,Residential,MERCED,Active,R-RES-TOU
ACCT000088,CUST000088,PREM000088,Electric,Residential,CONTRA COSTA,Active,R-RES-TOU
ACCT000089,CUST000089,PREM000089,Electric,Commercial,SAN FRANCISCO,Active,R-COM-GEN
ACCT000090,CUST000090,PREM000090,Electric,Residential,SANTA CLARA,Active,R-RES-TOU
ACCT000091,CUST000091,PREM000091,Electric,Residential,CONTRA COSTA,Active,R-RES-TOU
ACCT000092,CUST000092,PREM000092,Electric,Residential,CONTRA COSTA,Active,R-RES-TOU
ACCT000093,CUST000093,PREM000093,Electric,Residential,SAN JOAQUIN,Active,R-RES-TOU
ACCT000094,CUST000094,PREM000094,Electric,Residential,SANTA CLARA,Active,R-RES-TOU
ACCT000095,CUST000095,PREM000095,Electric,Residential,CONTRA COSTA,Active,R-RES-TOU
ACCT000096,CUST000096,PREM000096,Electric,Residential,KERN,Active,R-RES-TOU
ACCT000097,CUST000097,PREM000097,Electric,Residential,SAN JOAQUIN,Active,R-RES-TOU
ACCT000098,CUST000098,PREM000098,Electric,Residential,ALAMEDA,Active,R-RES-TOU
ACCT000099,CUST000099,PREM000099,Electric,Residential,KERN,Active,R-RES-TOU
ACCT000100,CUST000100,PREM000100,Electric,Residential,CONTRA COSTA,Active,R-RES-TOU
ACCT000101,CUST000101,PREM000101,Electric,Residential,KERN,Inactive,R-RES-TOU
ACCT000102,CUST000102,PREM000102,Electric,Residential,SAN FRANCISCO,Active,R-RES-TOU
ACCT000103,CUST000103,PREM000103,Electric,Residential,SAN FRANCISCO,Pending Close,R-RES-TOU
ACCT000104,CUST000104,PREM000104,Electric,Residential,ALAMEDA,Active,R-RES-TOU
ACCT000105,CUST000105,PREM000105,Electric,Commercial,ALAMEDA,Active,R-COM-GEN
ACCT000106,CUST000106,PREM000106,Electric,Residential,SANTA CLARA,Active,R-RES-TOU
ACCT000107,CUST000107,PREM000107,Electric,Residential,SAN MATEO,Active,R-RES-TOU
ACCT000108,CUST000108,PREM000108,Electric,Residential,SANTA CLARA,Active,R-RES-TOU
ACCT000109,CUST000109,PREM000109,Electric,Residential,MERCED,Active,R-RES-TOU
ACCT000110,CUST000110,PREM000110,Electric,Residential,KINGS,Active,R-RES-TOU
ACCT000111,CUST000111,PREM000111,Electric,Residential,KINGS,Active,R-RES-TOU
ACCT000112,CUST000112,PREM000112,Electric,Residential,MONTEREY,Active,R-RES-TOU
ACCT000113,CUST000113,PREM000113,Electric,Industrial,SAN LUIS OBISPO,Active,R-IND-GEN
ACCT000114,CUST000114,PREM000114,Electric,Commercial,FRESNO,Active,R-COM-GEN
ACCT000115,CUST000115,PREM000115,Electric,Residential,ALAMEDA,Active,R-RES-TOU
ACCT000116,CUST000116,PREM000116,Electric,Commercial,COLUSA,Active,R-COM-GEN
ACCT000117,CUST000117,PREM000117,Electric,Commercial,KERN,Active,R-COM-GEN
ACCT000118,CUST000118,PREM000118,Electric,Residential,KERN,Active,R-RES-TOU
ACCT000119,CUST000119,PREM000119,Electric,Commercial,MADERA,Active,R-COM-GEN
ACCT000120,CUST000120,PREM000120,Electric,Residential,ALAMEDA,Active,R-RES-TOU
ACCT000121,CUST000121,PREM000121,Electric,Commercial,ALAMEDA,Active,R-COM-GEN
ACCT000122,CUST000122,PREM000122,Electric,Commercial,YOLO,Active,R-COM-GEN
ACCT000123,CUST000123,PREM000123,Electric,Residential,CONTRA COSTA,Active,R-RES-TOU
ACCT000124,CUST000124,PREM000124,Electric,Residential,KERN,Active,R-RES-TOU
ACCT000125,CUST000125,PREM000125,Electric,Residential,YOLO,Active,R-RES-TOU
ACCT000126,CUST000126,PREM000126,Electric,Residential,EL DORADO,Active,R-RES-TOU
ACCT000127,CUST000127,PREM000127,Electric,Commercial,SAN FRANCISCO,Active,R-COM-GEN
ACCT000128,CUST000128,PREM000128,Electric,Commercial,ALAMEDA,Active,R-COM-GEN
ACCT000129,CUST000129,PREM000129,Electric,Residential,SAN MATEO,Active,R-RES-TOU
ACCT000130,CUST000130,PREM000130,Electric,Residential,BUTTE,Active,R-RES-TOU
ACCT000131,CUST000131,PREM000131,Electric,Residential,SAN FRANCISCO,Pending Close,R-RES-TOU
ACCT000132,CUST000132,PREM000132,Electric,Residential,PLACER,Active,R-RES-TOU
ACCT000133,CUST000133,PREM000133,Electric,Residential,SANTA CLARA,Active,R-RES-TOU
ACCT000134,CUST000134,PREM000134,Electric,Residential,CONTRA COSTA,Active,R-RES-TOU
ACCT000135,CUST000135,PREM000135,Electric,Industrial,KINGS,Active,R-IND-GEN
ACCT000136,CUST000136,PREM000136,Electric,Residential,MARIN,Active,R-RES-TOU
ACCT000137,CUST000137,PREM000137,Electric,Residential,SAN LUIS OBISPO,Active,R-RES-TOU
ACCT000138,CUST000138,PREM000138,Electric,Residential,SANTA CLARA,Active,R-RES-TOU
ACCT000139,CUST000139,PREM000139,Electric,Residential,FRESNO,Active,R-RES-TOU
ACCT000140,CUST000140,PREM000140,Electric,Agriculture And Water Pumping,TUOLUMNE,Active,R-AGR-PUMP
ACCT000141,CUST000141,PREM000141,Electric,Agriculture And Water Pumping,SAN FRANCISCO,Active,R-AGR-PUMP
ACCT000142,CUST000142,PREM000142,Electric,Residential,SANTA CLARA,Active,R-RES-TOU
ACCT000143,CUST000143,PREM000143,Electric,Residential,SAN FRANCISCO,Active,R-RES-TOU
ACCT000144,CUST000144,PREM000144,Electric,Residential,MERCED,Active,R-RES-TOU
ACCT000145,CUST000145,PREM000145,Electric,Residential,KERN,Active,R-RES-TOU
ACCT000146,CUST000146,PREM000146,Electric,Residential,MONTEREY,Active,R-RES-TOU
ACCT000147,CUST000147,PREM000147,Electric,Residential,SANTA BARBARA,Active,R-RES-TOU
ACCT000148,CUST000148,PREM000148,Electric,Residential,SONOMA,Active,R-RES-TOU
ACCT000149,CUST000149,PREM000149,Electric,Residential,SANTA CRUZ,Active,R-RES-TOU
ACCT000150,CUST000150,PREM000150,Electric,Residential,SANTA CLARA,Active,R-RES-TOU
ACCT000151,CUST000151,PREM000151,Electric,Commercial,ALAMEDA,Active,R-COM-GEN
ACCT000152,CUST000152,PREM000152,Electric,Residential,SANTA CLARA,Active,R-RES-TOU
ACCT000153,CUST000153,PREM000153,Electric,Residential,CALAVERAS,Active,R-RES-TOU
ACCT000154,CUST000154,PREM000154,Electric,Residential,MADERA,Active,R-RES-TOU
ACCT000155,CUST000155,PREM000155,Electric,"Transportation, Communications, & Utilities",FRESNO,Active,R-TCU-GEN
ACCT000156,CUST000156,PREM000156,Electric,Residential,ALAMEDA,Active,R-RES-TOU
ACCT000157,CUST000157,PREM000157,Electric,Residential,SANTA CLARA,Active,R-RES-TOU
ACCT000158,CUST000158,PREM000158,Electric,Residential,MADERA,Active,R-RES-TOU
ACCT000159,CUST000159,PREM000159,Electric,Residential,KERN,Active,R-RES-TOU
ACCT000160,CUST000160,PREM000160,Electric,Residential,SANTA CLARA,Active,R-RES-TOU
ACCT000161,CUST000161,PREM000161,Electric,Residential,EL DORADO,Active,R-RES-TOU
ACCT000162,CUST000162,PREM000162,Electric,Residential,CONTRA COSTA,Active,R-RES-TOU
ACCT000163,CUST000163,PREM000163,Electric,Residential,ALAMEDA,Active,R-RES-TOU
ACCT000164,CUST000164,PREM000164,Electric,Residential,KERN,Active,R-RES-TOU
ACCT000165,CUST000165,PREM000165,Electric,Residential,SANTA CLARA,Active,R-RES-TOU
ACCT000166,CUST000166,PREM000166,Electric,Commercial,SHASTA,Active,R-COM-GEN
ACCT000167,CUST000167,PREM000167,Electric,Residential,SANTA CLARA,Active,R-RES-TOU
ACCT000168,CUST000168,PREM000168,Electric,Residential,SANTA CLARA,Active,R-RES-TOU
ACCT000169,CUST000169,PREM000169,Electric,Residential,SANTA CLARA,Active,R-RES-TOU
ACCT000170,CUST000170,PREM000170,Electric,Residential,MERCED,Active,R-RES-TOU
ACCT000171,CUST000171,PREM000171,Electric,Residential,KERN,Active,R-RES-TOU
ACCT000172,CUST000172,PREM000172,Electric,Residential,SAN FRANCISCO,Active,R-RES-TOU
ACCT000173,CUST000173,PREM000173,Electric,Residential,CONTRA COSTA,Active,R-RES-TOU
ACCT000174,CUST000174,PREM000174,Electric,Residential,CONTRA COSTA,Active,R-RES-TOU
ACCT000175,CUST000175,PREM000175,Electric,Residential,KERN,Active,R-RES-TOU
ACCT000176,CUST000176,PREM000176,Electric,Residential,SAN JOAQUIN,Active,R-RES-TOU
ACCT000177,CUST000177,PREM000177,Electric,Residential,SONOMA,Active,R-RES-TOU
ACCT000178,CUST000178,PREM000178,Electric,Residential,SANTA CLARA,Active,R-RES-TOU
ACCT000179,CUST000179,PREM000179,Electric,Industrial,PLACER,Active,R-IND-GEN
ACCT000180,CUST000180,PREM000180,Electric,Residential,YOLO,Active,R-RES-TOU
ACCT000181,CUST000181,PREM000181,Electric,Residential,KERN,Active,R-RES-TOU
ACCT000182,CUST000182,PREM000182,Electric,Residential,SAN JOAQUIN,Active,R-RES-TOU
ACCT000183,CUST000183,PREM000183,Electric,Commercial,SANTA CLARA,Active,R-COM-GEN
ACCT000184,CUST000184,PREM000184,Electric,Commercial,TUOLUMNE,Active,R-COM-GEN
ACCT000185,CUST000185,PREM000185,Electric,Residential,MADERA,Active,R-RES-TOU
ACCT000186,CUST000186,PREM000186,Electric,Residential,SUTTER,Active,R-RES-TOU
ACCT000187,CUST000187,PREM000187,Electric,Commercial,FRESNO,Active,R-COM-GEN
ACCT000188,CUST000188,PREM000188,Electric,Residential,SAN MATEO,Active,R-RES-TOU
ACCT000189,CUST000189,PREM000189,Electric,Residential,AMADOR,Active,R-RES-TOU
ACCT000190,CUST000190,PREM000190,Electric,Residential,ALAMEDA,Active,R-RES-TOU
ACCT000191,CUST000191,PREM000191,Electric,Residential,ALAMEDA,Active,R-RES-TOU
ACCT000192,CUST000192,PREM000192,Electric,Commercial,FRESNO,Active,R-COM-GEN
ACCT000193,CUST000193,PREM000193,Electric,Commercial,MADERA,Active,R-COM-GEN
ACCT000194,CUST000194,PREM000194,Electric,Residential,MENDOCINO,Active,R-RES-TOU
ACCT000195,CUST000195,PREM000195,Electric,Residential,SANTA CLARA,Active,R-RES-TOU
ACCT000196,CUST000196,PREM000196,Electric,Residential,SAN JOAQUIN,Active,R-RES-TOU
ACCT000197,CUST000197,PREM000197,Electric,Residential,SOLANO,Active,R-RES-TOU
ACCT000198,CUST000198,PREM000198,Electric,Commercial,CONTRA COSTA,Active,R-COM-GEN
ACCT000199,CUST000199,PREM000199,Electric,Commercial,KERN,Active,R-COM-GEN
ACCT000200,CUST000200,PREM000200,Electric,Residential,ALAMEDA,Active,R-RES-TOU
ACCT000201,CUST000201,PREM000201,Electric,Residential,ALAMEDA,Active,R-RES-TOU
ACCT000202,CUST000202,PREM000202,Electric,Residential,SHASTA,Active,R-RES-TOU
ACCT000203,CUST000203,PREM000203,Electric,Residential,SANTA BARBARA,Active,R-RES-TOU
ACCT000204,CUST000204,PREM000204,Electric,Commercial,FRESNO,Active,R-COM-GEN
ACCT000205,CUST000205,PREM000205,Electric,Residential,HUMBOLDT,Active,R-RES-TOU
ACCT000206,CUST000206,PREM000206,Electric,Residential,MARIN,Active,R-RES-TOU
ACCT000207,CUST000207,PREM000207,Electric,Residential,SAN JOAQUIN,Active,R-RES-TOU
ACCT000208,CUST000208,PREM000208,Electric,Residential,KERN,Active,R-RES-TOU
ACCT000209,CUST000209,PREM000209,Electric,Residential,MONTEREY,Active,R-RES-TOU
ACCT000210,CUST000210,PREM000210,Electric,Residential,SANTA CLARA,Active,R-RES-TOU
ACCT000211,CUST000211,PREM000211,Electric,Residential,NAPA,Inactive,R-RES-TOU
ACCT000212,CUST000212,PREM000212,Electric,Residential,SANTA CLARA,Active,R-RES-TOU
ACCT000213,CUST000213,PREM000213,Electric,Residential,ALAMEDA,Active,R-RES-TOU
ACCT000214,CUST000214,PREM000214,Electric,Residential,MADERA,Active,R-RES-TOU
ACCT000215,CUST000215,PREM000215,Electric,Residential,KERN,Active,R-RES-TOU
ACCT000216,CUST000216,PREM000216,Electric,Residential,EL DORADO,Active,R-RES-TOU
ACCT000217,CUST000217,PREM000217,Electric,Residential,KERN,Active,R-RES-TOU
ACCT000218,CUST000218,PREM000218,Electric,Residential,SOLANO,Active,R-RES-TOU
ACCT000219,CUST000219,PREM000219,Electric,Residential,SANTA CLARA,Active,R-RES-TOU
ACCT000220,CUST000220,PREM000220,Electric,Commercial,CONTRA COSTA,Active,R-COM-GEN
ACCT000221,CUST000221,PREM000221,Electric,Residential,ALAMEDA,Active,R-RES-TOU
ACCT000222,CUST000222,PREM000222,Electric,Residential,KERN,Active,R-RES-TOU
ACCT000223,CUST000223,PREM000223,Electric,Residential,SANTA CLARA,Inactive,R-RES-TOU
ACCT000224,CUST000224,PREM000224,Electric,Residential,SAN MATEO,Active,R-RES-TOU
ACCT000225,CUST000225,PREM000225,Electric,Residential,KERN,Active,R-RES-TOU
ACCT000226,CUST000226,PREM000226,Electric,Residential,CONTRA COSTA,Active,R-RES-TOU
ACCT000227,CUST000227,PREM000227,Electric,Agriculture And Water Pumping,SAN FRANCISCO,Active,R-AGR-PUMP
ACCT000228,CUST000228,PREM000228,Electric,Residential,SONOMA,Active,R-RES-TOU
ACCT000229,CUST000229,PREM000229,Electric,Commercial,SANTA CLARA,Active,R-COM-GEN
ACCT000230,CUST000230,PREM000230,Electric,Residential,SAN LUIS OBISPO,Active,R-RES-TOU
ACCT000231,CUST000231,PREM000231,Electric,Residential,FRESNO,Active,R-RES-TOU
ACCT000232,CUST000232,PREM000232,Electric,Residential,KERN,Active,R-RES-TOU
ACCT000233,CUST000233,PREM000233,Electric,Residential,FRESNO,Active,R-RES-TOU
ACCT000234,CUST000234,PREM000234,Electric,Residential,KERN,Active,R-RES-TOU
ACCT000235,CUST000235,PREM000235,Electric,Residential,KERN,Active,R-RES-TOU
ACCT000236,CUST000236,PREM000236,Electric,Residential,CONTRA COSTA,Active,R-RES-TOU
ACCT000237,CUST000237,PREM000237,Electric,Residential,FRESNO,Active,R-RES-TOU
ACCT000238,CUST000238,PREM000238,Electric,Residential,FRESNO,Active,R-RES-TOU
ACCT000239,CUST000239,PREM000239,Electric,Residential,CONTRA COSTA,Active,R-RES-TOU
ACCT000240,CUST000240,PREM000240,Electric,Residential,SAN MATEO,Active,R-RES-TOU
ACCT000241,CUST000241,PREM000241,Electric,Industrial,HUMBOLDT,Active,R-IND-GEN
ACCT000242,CUST000242,PREM000242,Electric,Agriculture And Water Pumping,KERN,Active,R-AGR-PUMP
ACCT000243,CUST000243,PREM000243,Electric,Commercial,KERN,Active,R-COM-GEN
ACCT000244,CUST000244,PREM000244,Electric,Residential,CALAVERAS,Active,R-RES-TOU
ACCT000245,CUST000245,PREM000245,Electric,Residential,FRESNO,Active,R-RES-TOU
ACCT000246,CUST000246,PREM000246,Electric,Industrial,SAN FRANCISCO,Inactive,R-IND-GEN
ACCT000247,CUST000247,PREM000247,Electric,Residential,SAN JOAQUIN,Active,R-RES-TOU
ACCT000248,CUST000248,PREM000248,Electric,Agriculture And Water Pumping,MONTEREY,Active,R-AGR-PUMP
ACCT000249,CUST000249,PREM000249,Electric,Agriculture And Water Pumping,KERN,Pending Close,R-AGR-PUMP
ACCT000250,CUST000250,PREM000250,Electric,Commercial,KERN,Active,R-COM-GEN
ACCT000251,CUST000251,PREM000251,Electric,Residential,KERN,Active,R-RES-TOU
ACCT000252,CUST000252,PREM000252,Electric,Residential,KINGS,Active,R-RES-TOU
ACCT000253,CUST000253,PREM000253,Electric,Commercial,FRESNO,Active,R-COM-GEN
ACCT000254,CUST000254,PREM000254,Electric,Residential,SANTA CLARA,Active,R-RES-TOU
ACCT000255,CUST000255,PREM000255,Electric,Residential,MONTEREY,Active,R-RES-TOU
ACCT000256,CUST000256,PREM000256,Electric,Residential,KERN,Active,R-RES-TOU
ACCT000257,CUST000257,PREM000257,Electric,Industrial,CONTRA COSTA,Active,R-IND-GEN
ACCT000258,CUST000258,PREM000258,Electric,Residential,SAN FRANCISCO,Active,R-RES-TOU
ACCT000259,CUST000259,PREM000259,Electric,Residential,KERN,Active,R-RES-TOU
ACCT000260,CUST000260,PREM000260,Electric,Residential,MONTEREY,Active,R-RES-TOU
ACCT000261,CUST000261,PREM000261,Electric,Residential,SANTA CLARA,Active,R-RES-TOU
ACCT000262,CUST000262,PREM000262,Electric,Mining,SAN JOAQUIN,Active,R-MIN-GEN
ACCT000263,CUST000263,PREM000263,Electric,Residential,SAN FRANCISCO,Active,R-RES-TOU
ACCT000264,CUST000264,PREM000264,Electric,Residential,CONTRA COSTA,Inactive,R-RES-TOU
ACCT000265,CUST000265,PREM000265,Electric,Commercial,KINGS,Active,R-COM-GEN
ACCT000266,CUST000266,PREM000266,Electric,Residential,KERN,Active,R-RES-TOU
ACCT000267,CUST000267,PREM000267,Electric,Residential,ALAMEDA,Active,R-RES-TOU
ACCT000268,CUST000268,PREM000268,Electric,Residential,KERN,Active,R-RES-TOU
ACCT000269,CUST000269,PREM000269,Electric,Residential,BUTTE,Active,R-RES-TOU
ACCT000270,CUST000270,PREM000270,Electric,Residential,ALAMEDA,Active,R-RES-TOU
ACCT000271,CUST000271,PREM000271,Electric,Commercial,SANTA CLARA,Active,R-COM-GEN
ACCT000272,CUST000272,PREM000272,Electric,Commercial,SANTA CLARA,Active,R-COM-GEN
ACCT000273,CUST000273,PREM000273,Electric,Commercial,ALAMEDA,Inactive,R-COM-GEN
ACCT000274,CUST000274,PREM000274,Electric,Commercial,MERCED,Active,R-COM-GEN
ACCT000275,CUST000275,PREM000275,Electric,Residential,KERN,Active,R-RES-TOU
ACCT000276,CUST000276,PREM000276,Electric,Residential,SANTA CLARA,Active,R-RES-TOU
ACCT000277,CUST000277,PREM000277,Electric,Commercial,SANTA CLARA,Active,R-COM-GEN
ACCT000278,CUST000278,PREM000278,Electric,Residential,ALAMEDA,Active,R-RES-TOU
ACCT000279,CUST000279,PREM000279,Electric,Residential,SUTTER,Active,R-RES-TOU
ACCT000280,CUST000280,PREM000280,Electric,Commercial,SAN MATEO,Active,R-COM-GEN
ACCT000281,CUST000281,PREM000281,Electric,Commercial,SHASTA,Active,R-COM-GEN
ACCT000282,CUST000282,PREM000282,Electric,Residential,KERN,Active,R-RES-TOU
ACCT000283,CUST000283,PREM000283,Electric,Residential,SANTA CLARA,Active,R-RES-TOU
ACCT000284,CUST000284,PREM000284,Electric,Residential,SONOMA,Active,R-RES-TOU
ACCT000285,CUST000285,PREM000285,Electric,Residential,KERN,Active,R-RES-TOU
ACCT000286,CUST000286,PREM000286,Electric,Residential,FRESNO,Active,R-RES-TOU
ACCT000287,CUST000287,PREM000287,Electric,Residential,SHASTA,Active,R-RES-TOU
ACCT000288,CUST000288,PREM000288,Electric,Residential,CONTRA COSTA,Active,R-RES-TOU
ACCT000289,CUST000289,PREM000289,Electric,Residential,SANTA CLARA,Active,R-RES-TOU
ACCT000290,CUST000290,PREM000290,Electric,Residential,FRESNO,Active,R-RES-TOU
ACCT000291,CUST000291,PREM000291,Electric,Residential,ALAMEDA,Active,R-RES-TOU
ACCT000292,CUST000292,PREM000292,Electric,Residential,SANTA CLARA,Active,R-RES-TOU
ACCT000293,CUST000293,PREM000293,Electric,Commercial,CONTRA COSTA,Active,R-COM-GEN
ACCT000294,CUST000294,PREM000294,Electric,Residential,CONTRA COSTA,Active,R-RES-TOU
ACCT000295,CUST000295,PREM000295,Electric,Residential,MERCED,Active,R-RES-TOU
ACCT000296,CUST000296,PREM000296,Electric,Residential,SANTA CLARA,Inactive,R-RES-TOU
ACCT000297,CUST000297,PREM000297,Electric,Residential,KERN,Active,R-RES-TOU
ACCT000298,CUST000298,PREM000298,Electric,Residential,SAN LUIS OBISPO,Active,R-RES-TOU
ACCT000299,CUST000299,PREM000299,Electric,Residential,KERN,Active,R-RES-TOU
ACCT000300,CUST000300,PREM000300,Electric,Residential,CONTRA COSTA,Active,R-RES-TOU
ACCT000301,CUST000301,PREM000301,Electric,Residential,MERCED,Active,R-RES-TOU
ACCT000302,CUST000302,PREM000302,Electric,Residential,CONTRA COSTA,Active,R-RES-TOU
ACCT000303,CUST000303,PREM000303,Electric,Residential,MADERA,Active,R-RES-TOU
ACCT000304,CUST000304,PREM000304,Electric,Residential,SONOMA,Pending Close,R-RES-TOU
ACCT000305,CUST000305,PREM000305,Electric,Residential,KERN,Active,R-RES-TOU
ACCT000306,CUST000306,PREM000306,Electric,"Transportation, Communications, & Utilities",PLACER,Active,R-TCU-GEN
ACCT000307,CUST000307,PREM000307,Electric,Residential,KERN,Active,R-RES-TOU
ACCT000308,CUST000308,PREM000308,Electric,Residential,KERN,Active,R-RES-TOU
ACCT000309,CUST000309,PREM000309,Electric,Commercial,SONOMA,Active,R-COM-GEN
ACCT000310,CUST000310,PREM000310,Electric,Residential,SONOMA,Active,R-RES-TOU
ACCT000311,CUST000311,PREM000311,Electric,Residential,SAN MATEO,Inactive,R-RES-TOU
ACCT000312,CUST000312,PREM000312,Electric,Residential,EL DORADO,Active,R-RES-TOU
ACCT000313,CUST000313,PREM000313,Electric,Residential,YOLO,Inactive,R-RES-TOU
ACCT000314,CUST000314,PREM000314,Electric,Agriculture And Water Pumping,KINGS,Active,R-AGR-PUMP
ACCT000315,CUST000315,PREM000315,Electric,Commercial,KERN,Active,R-COM-GEN
ACCT000316,CUST000316,PREM000316,Electric,Residential,KERN,Active,R-RES-TOU
ACCT000317,CUST000317,PREM000317,Electric,Residential,ALAMEDA,Active,R-RES-TOU
ACCT000318,CUST000318,PREM000318,Electric,Residential,LAKE,Active,R-RES-TOU
ACCT000319,CUST000319,PREM000319,Electric,Residential,SANTA CLARA,Active,R-RES-TOU
ACCT000320,CUST000320,PREM000320,Electric,Residential,SAN FRANCISCO,Active,R-RES-TOU
ACCT000321,CUST000321,PREM000321,Electric,Residential,ALAMEDA,Active,R-RES-TOU
ACCT000322,CUST000322,PREM000322,Electric,Residential,ALAMEDA,Active,R-RES-TOU
ACCT000323,CUST000323,PREM000323,Electric,Residential,KERN,Inactive,R-RES-TOU
ACCT000324,CUST000324,PREM000324,Electric,Residential,YUBA,Active,R-RES-TOU
ACCT000325,CUST000325,PREM000325,Electric,Agriculture And Water Pumping,CONTRA COSTA,Active,R-AGR-PUMP
ACCT000326,CUST000326,PREM000326,Electric,Residential,SAN FRANCISCO,Active,R-RES-TOU
ACCT000327,CUST000327,PREM000327,Electric,Residential,SANTA CLARA,Active,R-RES-TOU
ACCT000328,CUST000328,PREM000328,Electric,Residential,SANTA CLARA,Active,R-RES-TOU
ACCT000329,CUST000329,PREM000329,Electric,Residential,KERN,Active,R-RES-TOU
ACCT000330,CUST000330,PREM000330,Electric,Residential,KERN,Active,R-RES-TOU
ACCT000331,CUST000331,PREM000331,Electric,Residential,ALAMEDA,Active,R-RES-TOU
ACCT000332,CUST000332,PREM000332,Electric,Residential,ALAMEDA,Active,R-RES-TOU
ACCT000333,CUST000333,PREM000333,Electric,Residential,SANTA CLARA,Active,R-RES-TOU
ACCT000334,CUST000334,PREM000334,Electric,Residential,ALAMEDA,Active,R-RES-TOU
ACCT000335,CUST000335,PREM000335,Electric,Residential,KINGS,Active,R-RES-TOU
ACCT000336,CUST000336,PREM000336,Electric,Residential,PLUMAS,Active,R-RES-TOU
ACCT000337,CUST000337,PREM000337,Electric,Commercial,SAN MATEO,Active,R-COM-GEN
ACCT000338,CUST000338,PREM000338,Electric,Residential,SAN FRANCISCO,Active,R-RES-TOU
ACCT000339,CUST000339,PREM000339,Electric,Residential,CALAVERAS,Active,R-RES-TOU
ACCT000340,CUST000340,PREM000340,Electric,Residential,CONTRA COSTA,Active,R-RES-TOU
ACCT000341,CUST000341,PREM000341,Electric,Residential,SAN JOAQUIN,Active,R-RES-TOU
ACCT000342,CUST000342,PREM000342,Electric,Residential,NAPA,Active,R-RES-TOU
ACCT000343,CUST000343,PREM000343,Electric,Residential,SANTA CLARA,Active,R-RES-TOU
ACCT000344,CUST000344,PREM000344,Electric,Residential,SANTA CLARA,Active,R-RES-TOU
ACCT000345,CUST000345,PREM000345,Electric,Residential,KINGS,Active,R-RES-TOU
ACCT000346,CUST000346,PREM000346,Electric,Residential,PLACER,Active,R-RES-TOU
ACCT000347,CUST000347,PREM000347,Electric,Residential,CONTRA COSTA,Active,R-RES-TOU
ACCT000348,CUST000348,PREM000348,Electric,Residential,ALAMEDA,Active,R-RES-TOU
ACCT000349,CUST000349,PREM000349,Electric,Residential,KERN,Active,R-RES-TOU
ACCT000350,CUST000350,PREM000350,Electric,Residential,FRESNO,Active,R-RES-TOU
ACCT000351,CUST000351,PREM000351,Electric,Residential,SOLANO,Active,R-RES-TOU
ACCT000352,CUST000352,PREM000352,Electric,Commercial,YUBA,Active,R-COM-GEN
ACCT000353,CUST000353,PREM000353,Electric,Residential,ALAMEDA,Active,R-RES-TOU
ACCT000354,CUST000354,PREM000354,Electric,Residential,PLACER,Active,R-RES-TOU
ACCT000355,CUST000355,PREM000355,Electric,Residential,PLACER,Active,R-RES-TOU
ACCT000356,CUST000356,PREM000356,Electric,Residential,KERN,Active,R-RES-TOU
ACCT000357,CUST000357,PREM000357,Electric,Residential,SANTA CLARA,Active,R-RES-TOU
ACCT000358,CUST000358,PREM000358,Electric,Residential,HUMBOLDT,Active,R-RES-TOU
ACCT000359,CUST000359,PREM000359,Electric,Industrial,BUTTE,Active,R-IND-GEN
ACCT000360,CUST000360,PREM000360,Electric,Residential,KERN,Active,R-RES-TOU
ACCT000361,CUST000361,PREM000361,Electric,Residential,SAN LUIS OBISPO,Active,R-RES-TOU
ACCT000362,CUST000362,PREM000362,Electric,Residential,SANTA CLARA,Active,R-RES-TOU
ACCT000363,CUST000363,PREM000363,Electric,Residential,SAN FRANCISCO,Inactive,R-RES-TOU
ACCT000364,CUST000364,PREM000364,Electric,Residential,FRESNO,Active,R-RES-TOU
ACCT000365,CUST000365,PREM000365,Electric,Industrial,PLACER,Active,R-IND-GEN
ACCT000366,CUST000366,PREM000366,Electric,Residential,SHASTA,Active,R-RES-TOU
ACCT000367,CUST000367,PREM000367,Electric,Agriculture And Water Pumping,EL DORADO,Active,R-AGR-PUMP
ACCT000368,CUST000368,PREM000368,Electric,Commercial,MARIN,Active,R-COM-GEN
ACCT000369,CUST000369,PREM000369,Electric,Residential,MERCED,Active,R-RES-TOU
ACCT000370,CUST000370,PREM000370,Electric,Residential,SANTA CLARA,Active,R-RES-TOU
ACCT000371,CUST000371,PREM000371,Electric,Residential,KERN,Active,R-RES-TOU
ACCT000372,CUST000372,PREM000372,Electric,Residential,SAN MATEO,Active,R-RES-TOU
ACCT000373,CUST000373,PREM000373,Electric,Residential,KERN,Active,R-RES-TOU
ACCT000374,CUST000374,PREM000374,Electric,Residential,MERCED,Active,R-RES-TOU
ACCT000375,CUST000375,PREM000375,Electric,Residential,KERN,Pending Close,R-RES-TOU
ACCT000376,CUST000376,PREM000376,Electric,Residential,MERCED,Active,R-RES-TOU
ACCT000377,CUST000377,PREM000377,Electric,Commercial,SAN FRANCISCO,Active,R-COM-GEN
ACCT000378,CUST000378,PREM000378,Electric,Residential,SAN MATEO,Active,R-RES-TOU
ACCT000379,CUST000379,PREM000379,Electric,Commercial,SAN JOAQUIN,Active,R-COM-GEN
ACCT000380,CUST000380,PREM000380,Electric,Residential,ALAMEDA,Active,R-RES-TOU
ACCT000381,CUST000381,PREM000381,Electric,Residential,SANTA CLARA,Active,R-RES-TOU
ACCT000382,CUST000382,PREM000382,Electric,Residential,KERN,Active,R-RES-TOU
ACCT000383,CUST000383,PREM000383,Electric,Residential,ALAMEDA,Active,R-RES-TOU
ACCT000384,CUST000384,PREM000384,Electric,Commercial,CONTRA COSTA,Active,R-COM-GEN
ACCT000385,CUST000385,PREM000385,Electric,Residential,SANTA BARBARA,Active,R-RES-TOU
ACCT000386,CUST000386,PREM000386,Electric,Commercial,KERN,Active,R-COM-GEN
ACCT000387,CUST000387,PREM000387,Electric,Residential,KERN,Active,R-RES-TOU
ACCT000388,CUST000388,PREM000388,Electric,Residential,KINGS,Inactive,R-RES-TOU
ACCT000389,CUST000389,PREM000389,Electric,Residential,SAN FRANCISCO,Active,R-RES-TOU
ACCT000390,CUST000390,PREM000390,Electric,Commercial,MONTEREY,Active,R-COM-GEN
ACCT000391,CUST000391,PREM000391,Electric,Mining,SANTA CLARA,Active,R-MIN-GEN
ACCT000392,CUST000392,PREM000392,Electric,Residential,SAN FRANCISCO,Active,R-RES-TOU
ACCT000393,CUST000393,PREM000393,Electric,Residential,MONTEREY,Active,R-RES-TOU
ACCT000394,CUST000394,PREM000394,Electric,Residential,SAN FRANCISCO,Active,R-RES-TOU
ACCT000395,CUST000395,PREM000395,Electric,Residential,FRESNO,Active,R-RES-TOU
ACCT000396,CUST000396,PREM000396,Electric,Industrial,MARIN,Active,R-IND-GEN
ACCT000397,CUST000397,PREM000397,Electric,Commercial,SANTA CLARA,Active,R-COM-GEN
ACCT000398,CUST000398,PREM000398,Electric,Residential,KERN,Active,R-RES-TOU
ACCT000399,CUST000399,PREM000399,Electric,Residential,KERN,Active,R-RES-TOU
ACCT000400,CUST000400,PREM000400,Electric,Residential,MONTEREY,Active,R-RES-TOU
ACCT000401,CUST000401,PREM000401,Electric,Residential,ALAMEDA,Active,R-RES-TOU
ACCT000402,CUST000402,PREM000402,Electric,Commercial,KINGS,Active,R-COM-GEN
ACCT000403,CUST000403,PREM000403,Electric,Residential,LAKE,Active,R-RES-TOU
ACCT000404,CUST000404,PREM000404,Electric,Commercial,ALAMEDA,Active,R-COM-GEN
ACCT000405,CUST000405,PREM000405,Electric,Residential,SAN MATEO,Inactive,R-RES-TOU
ACCT000406,CUST000406,PREM000406,Electric,Commercial,SONOMA,Active,R-COM-GEN
ACCT000407,CUST000407,PREM000407,Electric,Residential,KINGS,Active,R-RES-TOU
ACCT000408,CUST000408,PREM000408,Electric,Residential,KERN,Active,R-RES-TOU
ACCT000409,CUST000409,PREM000409,Electric,Commercial,ALAMEDA,Active,R-COM-GEN
ACCT000410,CUST000410,PREM000410,Electric,Residential,PLACER,Active,R-RES-TOU
ACCT000411,CUST000411,PREM000411,Electric,Residential,FRESNO,Active,R-RES-TOU
ACCT000412,CUST000412,PREM000412,Electric,Agriculture And Water Pumping,ALAMEDA,Active,R-AGR-PUMP
ACCT000413,CUST000413,PREM000413,Electric,Agriculture And Water Pumping,SOLANO,Active,R-AGR-PUMP
ACCT000414,CUST000414,PREM000414,Electric,Residential,CONTRA COSTA,Active,R-RES-TOU
ACCT000415,CUST000415,PREM000415,Electric,Residential,CONTRA COSTA,Active,R-RES-TOU
ACCT000416,CUST000416,PREM000416,Electric,Residential,KERN,Active,R-RES-TOU
ACCT000417,CUST000417,PREM000417,Electric,Residential,SAN MATEO,Active,R-RES-TOU
ACCT000418,CUST000418,PREM000418,Electric,Residential,ALAMEDA,Active,R-RES-TOU
ACCT000419,CUST000419,PREM000419,Electric,Residential,KERN,Active,R-RES-TOU
ACCT000420,CUST000420,PREM000420,Electric,Residential,ALAMEDA,Active,R-RES-TOU
ACCT000421,CUST000421,PREM000421,Electric,Residential,SANTA CLARA,Active,R-RES-TOU
ACCT000422,CUST000422,PREM000422,Electric,Residential,ALAMEDA,Active,R-RES-TOU
ACCT000423,CUST000423,PREM000423,Electric,Residential,KINGS,Active,R-RES-TOU
ACCT000424,CUST000424,PREM000424,Electric,Residential,KERN,Active,R-RES-TOU
ACCT000425,CUST000425,PREM000425,Electric,Residential,KERN,Active,R-RES-TOU
ACCT000426,CUST000426,PREM000426,Electric,Residential,SAN FRANCISCO,Active,R-RES-TOU
ACCT000427,CUST000427,PREM000427,Electric,Residential,SHASTA,Active,R-RES-TOU
ACCT000428,CUST000428,PREM000428,Electric,Commercial,ALAMEDA,Active,R-COM-GEN
ACCT000429,CUST000429,PREM000429,Electric,Residential,FRESNO,Active,R-RES-TOU
ACCT000430,CUST000430,PREM000430,Electric,Residential,FRESNO,Active,R-RES-TOU
ACCT000431,CUST000431,PREM000431,Electric,Residential,EL DORADO,Active,R-RES-TOU
ACCT000432,CUST000432,PREM000432,Electric,Residential,SANTA CLARA,Active,R-RES-TOU
ACCT000433,CUST000433,PREM000433,Electric,Residential,FRESNO,Active,R-RES-TOU
ACCT000434,CUST000434,PREM000434,Electric,Residential,CONTRA COSTA,Active,R-RES-TOU
ACCT000435,CUST000435,PREM000435,Electric,Residential,SAN LUIS OBISPO,Active,R-RES-TOU
ACCT000436,CUST000436,PREM000436,Electric,Residential,SOLANO,Active,R-RES-TOU
ACCT000437,CUST000437,PREM000437,Electric,Residential,SANTA CLARA,Active,R-RES-TOU
ACCT000438,CUST000438,PREM000438,Electric,Commercial,SAN JOAQUIN,Active,R-COM-GEN
ACCT000439,CUST000439,PREM000439,Electric,Residential,CONTRA COSTA,Active,R-RES-TOU
ACCT000440,CUST000440,PREM000440,Electric,Residential,SAN JOAQUIN,Active,R-RES-TOU
ACCT000441,CUST000441,PREM000441,Electric,Residential,KERN,Active,R-RES-TOU
ACCT000442,CUST000442,PREM000442,Electric,"Transportation, Communications, & Utilities",SANTA CLARA,Active,R-TCU-GEN
ACCT000443,CUST000443,PREM000443,Electric,Residential,SANTA CLARA,Active,R-RES-TOU
ACCT000444,CUST000444,PREM000444,Electric,Residential,NAPA,Inactive,R-RES-TOU
ACCT000445,CUST000445,PREM000445,Electric,Commercial,CONTRA COSTA,Active,R-COM-GEN
ACCT000446,CUST000446,PREM000446,Electric,Industrial,SANTA CLARA,Active,R-IND-GEN
ACCT000447,CUST000447,PREM000447,Electric,"Transportation, Communications, & Utilities",SAN MATEO,Active,R-TCU-GEN
ACCT000448,CUST000448,PREM000448,Electric,Residential,SANTA CRUZ,Active,R-RES-TOU
ACCT000449,CUST000449,PREM000449,Electric,Residential,SAN FRANCISCO,Active,R-RES-TOU
ACCT000450,CUST000450,PREM000450,Electric,Residential,SANTA CLARA,Pending Close,R-RES-TOU
ACCT000451,CUST000451,PREM000451,Electric,Residential,ALAMEDA,Active,R-RES-TOU
ACCT000452,CUST000452,PREM000452,Electric,Residential,ALAMEDA,Inactive,R-RES-TOU
ACCT000453,CUST000453,PREM000453,Electric,Residential,SANTA CLARA,Active,R-RES-TOU
ACCT000454,CUST000454,PREM000454,Electric,Commercial,KERN,Active,R-COM-GEN
ACCT000455,CUST000455,PREM000455,Electric,Residential,FRESNO,Active,R-RES-TOU
ACCT000456,CUST000456,PREM000456,Electric,Residential,SANTA CLARA,Active,R-RES-TOU
ACCT000457,CUST000457,PREM000457,Electric,Residential,SAN MATEO,Active,R-RES-TOU
ACCT000458,CUST000458,PREM000458,Electric,Residential,KERN,Active,R-RES-TOU
ACCT000459,CUST000459,PREM000459,Electric,Residential,HUMBOLDT,Active,R-RES-TOU
ACCT000460,CUST000460,PREM000460,Electric,Residential,NAPA,Active,R-RES-TOU
ACCT000461,CUST000461,PREM000461,Electric,Residential,SAN JOAQUIN,Active,R-RES-TOU
ACCT000462,CUST000462,PREM000462,Electric,Residential,ALAMEDA,Active,R-RES-TOU
ACCT000463,CUST000463,PREM000463,Electric,Residential,CONTRA COSTA,Inactive,R-RES-TOU
ACCT000464,CUST000464,PREM000464,Electric,Residential,ALAMEDA,Active,R-RES-TOU
ACCT000465,CUST000465,PREM000465,Electric,Agriculture And Water Pumping,ALAMEDA,Active,R-AGR-PUMP
ACCT000466,CUST000466,PREM000466,Electric,Residential,KERN,Active,R-RES-TOU
ACCT000467,CUST000467,PREM000467,Electric,Residential,MERCED,Active,R-RES-TOU
ACCT000468,CUST000468,PREM000468,Electric,Commercial,BUTTE,Active,R-COM-GEN
ACCT000469,CUST000469,PREM000469,Electric,Residential,SAN JOAQUIN,Active,R-RES-TOU
ACCT000470,CUST000470,PREM000470,Electric,Agriculture And Water Pumping,SAN MATEO,Active,R-AGR-PUMP
ACCT000471,CUST000471,PREM000471,Electric,Residential,FRESNO,Active,R-RES-TOU
ACCT000472,CUST000472,PREM000472,Electric,Agriculture And Water Pumping,ALAMEDA,Active,R-AGR-PUMP
ACCT000473,CUST000473,PREM000473,Electric,Residential,CONTRA COSTA,Active,R-RES-TOU
ACCT000474,CUST000474,PREM000474,Electric,Commercial,FRESNO,Active,R-COM-GEN
ACCT000475,CUST000475,PREM000475,Electric,Residential,CONTRA COSTA,Active,R-RES-TOU
ACCT000476,CUST000476,PREM000476,Electric,Mining,KERN,Active,R-MIN-GEN
ACCT000477,CUST000477,PREM000477,Electric,Residential,ALAMEDA,Active,R-RES-TOU
ACCT000478,CUST000478,PREM000478,Electric,Residential,FRESNO,Active,R-RES-TOU
ACCT000479,CUST000479,PREM000479,Electric,Agriculture And Water Pumping,MERCED,Active,R-AGR-PUMP
ACCT000480,CUST000480,PREM000480,Electric,Residential,ALAMEDA,Active,R-RES-TOU
ACCT000481,CUST000481,PREM000481,Electric,Residential,SAN JOAQUIN,Active,R-RES-TOU
ACCT000482,CUST000482,PREM000482,Electric,Residential,ALAMEDA,Active,R-RES-TOU
ACCT000483,CUST000483,PREM000483,Electric,Residential,KERN,Active,R-RES-TOU
ACCT000484,CUST000484,PREM000484,Electric,Residential,SOLANO,Active,R-RES-TOU
ACCT000485,CUST000485,PREM000485,Electric,Residential,FRESNO,Active,R-RES-TOU
ACCT000486,CUST000486,PREM000486,Electric,Commercial,SHASTA,Active,R-COM-GEN
ACCT000487,CUST000487,PREM000487,Electric,Residential,SANTA CLARA,Active,R-RES-TOU
ACCT000488,CUST000488,PREM000488,Electric,Residential,FRESNO,Active,R-RES-TOU
ACCT000489,CUST000489,PREM000489,Electric,Agriculture And Water Pumping,EL DORADO,Active,R-AGR-PUMP
ACCT000490,CUST000490,PREM000490,Electric,Commercial,YOLO,Active,R-COM-GEN
ACCT000491,CUST000491,PREM000491,Electric,Residential,SANTA CLARA,Active,R-RES-TOU
ACCT000492,CUST000492,PREM000492,Electric,Residential,MADERA,Active,R-RES-TOU
ACCT000493,CUST000493,PREM000493,Electric,Residential,SAN FRANCISCO,Active,R-RES-TOU
ACCT000494,CUST000494,PREM000494,Electric,Residential,ALAMEDA,Active,R-RES-TOU
ACCT000495,CUST000495,PREM000495,Electric,Residential,KERN,Active,R-RES-TOU
ACCT000496,CUST000496,PREM000496,Electric,Residential,SAN MATEO,Active,R-RES-TOU
ACCT000497,CUST000497,PREM000497,Electric,Residential,SAN FRANCISCO,Active,R-RES-TOU
ACCT000498,CUST000498,PREM000498,Electric,Residential,SONOMA,Active,R-RES-TOU
ACCT000499,CUST000499,PREM000499,Electric,Agriculture And Water Pumping,SAN FRANCISCO,Active,R-AGR-PUMP
ACCT000500,CUST000500,PREM000500,Electric,"Transportation, Communications, & Utilities",SANTA BARBARA,Active,R-TCU-GEN
ACCT000501,CUST000501,PREM000501,Electric,Residential,PLACER,Active,R-RES-TOU
ACCT000502,CUST000502,PREM000502,Electric,Residential,CONTRA COSTA,Active,R-RES-TOU
ACCT000503,CUST000503,PREM000503,Electric,Residential,ALAMEDA,Active,R-RES-TOU
ACCT000504,CUST000504,PREM000504,Electric,Commercial,KERN,Active,R-COM-GEN
ACCT000505,CUST000505,PREM000505,Electric,Residential,ALAMEDA,Active,R-RES-TOU
ACCT000506,CUST000506,PREM000506,Electric,Residential,SANTA CLARA,Active,R-RES-TOU
ACCT000507,CUST000507,PREM000507,Electric,Commercial,KERN,Active,R-COM-GEN
ACCT000508,CUST000508,PREM000508,Electric,Commercial,ALAMEDA,Active,R-COM-GEN
ACCT000509,CUST000509,PREM000509,Electric,Industrial,ALAMEDA,Active,R-IND-GEN
ACCT000510,CUST000510,PREM000510,Electric,Residential,KERN,Active,R-RES-TOU
ACCT000511,CUST000511,PREM000511,Electric,Residential,SANTA CLARA,Active,R-RES-TOU
ACCT000512,CUST000512,PREM000512,Electric,Residential,MENDOCINO,Active,R-RES-TOU
ACCT000513,CUST000513,PREM000513,Electric,Industrial,MONTEREY,Active,R-IND-GEN
ACCT000514,CUST000514,PREM000514,Electric,Commercial,FRESNO,Active,R-COM-GEN
ACCT000515,CUST000515,PREM000515,Electric,Residential,SANTA CLARA,Active,R-RES-TOU
ACCT000516,CUST000516,PREM000516,Electric,Residential,MERCED,Active,R-RES-TOU
ACCT000517,CUST000517,PREM000517,Electric,Residential,SAN JOAQUIN,Active,R-RES-TOU
ACCT000518,CUST000518,PREM000518,Electric,Commercial,MERCED,Active,R-COM-GEN
ACCT000519,CUST000519,PREM000519,Electric,"Transportation, Communications, & Utilities",SANTA CLARA,Active,R-TCU-GEN
ACCT000520,CUST000520,PREM000520,Electric,Residential,SANTA BARBARA,Active,R-RES-TOU
ACCT000521,CUST000521,PREM000521,Electric,Residential,SAN JOAQUIN,Active,R-RES-TOU
ACCT000522,CUST000522,PREM000522,Electric,Residential,SAN FRANCISCO,Active,R-RES-TOU
ACCT000523,CUST000523,PREM000523,Electric,Agriculture And Water Pumping,SANTA BARBARA,Active,R-AGR-PUMP
ACCT000524,CUST000524,PREM000524,Electric,Commercial,KERN,Active,R-COM-GEN
ACCT000525,CUST000525,PREM000525,Electric,Commercial,PLACER,Active,R-COM-GEN
ACCT000526,CUST000526,PREM000526,Electric,Residential,CONTRA COSTA,Active,R-RES-TOU
ACCT000527,CUST000527,PREM000527,Electric,Residential,SANTA BARBARA,Active,R-RES-TOU
ACCT000528,CUST000528,PREM000528,Electric,Residential,SANTA CLARA,Active,R-RES-TOU
ACCT000529,CUST000529,PREM000529,Electric,Residential,KERN,Active,R-RES-TOU
ACCT000530,CUST000530,PREM000530,Electric,Commercial,ALAMEDA,Active,R-COM-GEN
ACCT000531,CUST000531,PREM000531,Electric,Commercial,SAN FRANCISCO,Active,R-COM-GEN
ACCT000532,CUST000532,PREM000532,Electric,Streetlighting,SANTA CLARA,Active,R-STLIGHT
ACCT000533,CUST000533,PREM000533,Electric,Streetlighting,FRESNO,Inactive,R-STLIGHT
ACCT000534,CUST000534,PREM000534,Electric,Residential,MERCED,Active,R-RES-TOU
ACCT000535,CUST000535,PREM000535,Electric,Residential,SANTA CLARA,Active,R-RES-TOU
ACCT000536,CUST000536,PREM000536,Electric,Industrial,SANTA CLARA,Active,R-IND-GEN
ACCT000537,CUST000537,PREM000537,Electric,Commercial,SANTA CLARA,Active,R-COM-GEN
ACCT000538,CUST000538,PREM000538,Electric,Residential,MONTEREY,Active,R-RES-TOU
ACCT000539,CUST000539,PREM000539,Electric,Residential,PLACER,Active,R-RES-TOU
ACCT000540,CUST000540,PREM000540,Electric,Residential,KERN,Active,R-RES-TOU
ACCT000541,CUST000541,PREM000541,Electric,Agriculture And Water Pumping,SANTA CLARA,Active,R-AGR-PUMP
ACCT000542,CUST000542,PREM000542,Electric,Residential,SANTA BARBARA,Active,R-RES-TOU
ACCT000543,CUST000543,PREM000543,Electric,Residential,MONTEREY,Active,R-RES-TOU
ACCT000544,CUST000544,PREM000544,Electric,Residential,SAN JOAQUIN,Active,R-RES-TOU
ACCT000545,CUST000545,PREM000545,Electric,Residential,SANTA CRUZ,Active,R-RES-TOU
ACCT000546,CUST000546,PREM000546,Electric,Residential,GLENN,Active,R-RES-TOU
ACCT000547,CUST000547,PREM000547,Electric,Residential,SANTA CLARA,Inactive,R-RES-TOU
ACCT000548,CUST000548,PREM000548,Electric,Residential,CONTRA COSTA,Active,R-RES-TOU
ACCT000549,CUST000549,PREM000549,Electric,Residential,ALAMEDA,Active,R-RES-TOU
ACCT000550,CUST000550,PREM000550,Electric,Residential,SANTA CLARA,Active,R-RES-TOU
ACCT000551,CUST000551,PREM000551,Electric,Residential,ALAMEDA,Active,R-RES-TOU
ACCT000552,CUST000552,PREM000552,Electric,Commercial,KERN,Active,R-COM-GEN
ACCT000553,CUST000553,PREM000553,Electric,Residential,SUTTER,Active,R-RES-TOU
ACCT000554,CUST000554,PREM000554,Electric,Residential,EL DORADO,Active,R-RES-TOU
ACCT000555,CUST000555,PREM000555,Electric,Commercial,SAN JOAQUIN,Active,R-COM-GEN
ACCT000556,CUST000556,PREM000556,Electric,Residential,FRESNO,Active,R-RES-TOU
ACCT000557,CUST000557,PREM000557,Electric,Residential,SANTA CLARA,Active,R-RES-TOU
ACCT000558,CUST000558,PREM000558,Electric,Residential,SOLANO,Active,R-RES-TOU
ACCT000559,CUST000559,PREM000559,Electric,Residential,ALAMEDA,Active,R-RES-TOU
ACCT000560,CUST000560,PREM000560,Electric,Residential,SANTA BARBARA,Inactive,R-RES-TOU
ACCT000561,CUST000561,PREM000561,Electric,Residential,SAN MATEO,Active,R-RES-TOU
ACCT000562,CUST000562,PREM000562,Electric,Residential,YUBA,Inactive,R-RES-TOU
ACCT000563,CUST000563,PREM000563,Electric,Residential,ALAMEDA,Active,R-RES-TOU
ACCT000564,CUST000564,PREM000564,Electric,Residential,ALAMEDA,Active,R-RES-TOU
ACCT000565,CUST000565,PREM000565,Electric,Residential,MENDOCINO,Active,R-RES-TOU
ACCT000566,CUST000566,PREM000566,Electric,Residential,CONTRA COSTA,Active,R-RES-TOU
ACCT000567,CUST000567,PREM000567,Electric,Residential,FRESNO,Active,R-RES-TOU
ACCT000568,CUST000568,PREM000568,Electric,Residential,SOLANO,Active,R-RES-TOU
ACCT000569,CUST000569,PREM000569,Electric,Commercial,SAN JOAQUIN,Active,R-COM-GEN
ACCT000570,CUST000570,PREM000570,Electric,Residential,KINGS,Active,R-RES-TOU
ACCT000571,CUST000571,PREM000571,Electric,Residential,HUMBOLDT,Active,R-RES-TOU
ACCT000572,CUST000572,PREM000572,Electric,Residential,CONTRA COSTA,Active,R-RES-TOU
ACCT000573,CUST000573,PREM000573,Electric,Residential,SAN JOAQUIN,Active,R-RES-TOU
ACCT000574,CUST000574,PREM000574,Electric,Residential,SANTA BARBARA,Active,R-RES-TOU
ACCT000575,CUST000575,PREM000575,Electric,Commercial,SANTA BARBARA,Active,R-COM-GEN
ACCT000576,CUST000576,PREM000576,Electric,Industrial,SANTA CLARA,Active,R-IND-GEN
ACCT000577,CUST000577,PREM000577,Electric,Residential,SANTA BARBARA,Inactive,R-RES-TOU
ACCT000578,CUST000578,PREM000578,Electric,Industrial,SHASTA,Active,R-IND-GEN
ACCT000579,CUST000579,PREM000579,Electric,Residential,YOLO,Active,R-RES-TOU
ACCT000580,CUST000580,PREM000580,Electric,Residential,KERN,Active,R-RES-TOU
ACCT000581,CUST000581,PREM000581,Electric,Residential,CONTRA COSTA,Active,R-RES-TOU
ACCT000582,CUST000582,PREM000582,Electric,"Transportation, Communications, & Utilities",SAN MATEO,Pending Close,R-TCU-GEN
ACCT000583,CUST000583,PREM000583,Electric,Residential,SAN JOAQUIN,Active,R-RES-TOU
ACCT000584,CUST000584,PREM000584,Electric,Residential,FRESNO,Active,R-RES-TOU
ACCT000585,CUST000585,PREM000585,Electric,Residential,KERN,Active,R-RES-TOU
ACCT000586,CUST000586,PREM000586,Electric,Residential,CONTRA COSTA,Active,R-RES-TOU
ACCT000587,CUST000587,PREM000587,Electric,Residential,KERN,Active,R-RES-TOU
ACCT000588,CUST000588,PREM000588,Electric,Residential,KERN,Active,R-RES-TOU
ACCT000589,CUST000589,PREM000589,Electric,Residential,MENDOCINO,Active,R-RES-TOU
ACCT000590,CUST000590,PREM000590,Electric,Residential,SANTA BARBARA,Active,R-RES-TOU
ACCT000591,CUST000591,PREM000591,Electric,Residential,ALAMEDA,Active,R-RES-TOU
ACCT000592,CUST000592,PREM000592,Electric,Residential,PLACER,Active,R-RES-TOU
ACCT000593,CUST000593,PREM000593,Electric,Residential,CONTRA COSTA,Active,R-RES-TOU
ACCT000594,CUST000594,PREM000594,Electric,Residential,KINGS,Active,R-RES-TOU
ACCT000595,CUST000595,PREM000595,Electric,Commercial,SAN MATEO,Active,R-COM-GEN
ACCT000596,CUST000596,PREM000596,Electric,Residential,KERN,Active,R-RES-TOU
ACCT000597,CUST000597,PREM000597,Electric,Residential,SAN MATEO,Active,R-RES-TOU
ACCT000598,CUST000598,PREM000598,Electric,Residential,FRESNO,Active,R-RES-TOU
ACCT000599,CUST000599,PREM000599,Electric,Residential,FRESNO,Active,R-RES-TOU
ACCT000600,CUST000600,PREM000600,Electric,Residential,FRESNO,Active,R-RES-TOU
ACCT000601,CUST000601,PREM000601,Electric,Residential,ALAMEDA,Active,R-RES-TOU
ACCT000602,CUST000602,PREM000602,Electric,Residential,ALAMEDA,Active,R-RES-TOU
ACCT000603,CUST000603,PREM000603,Electric,Residential,SANTA CLARA,Active,R-RES-TOU
ACCT000604,CUST000604,PREM000604,Electric,Residential,FRESNO,Active,R-RES-TOU
ACCT000605,CUST000605,PREM000605,Electric,Residential,CONTRA COSTA,Active,R-RES-TOU
ACCT000606,CUST000606,PREM000606,Electric,Residential,SAN LUIS OBISPO,Active,R-RES-TOU
ACCT000607,CUST000607,PREM000607,Electric,Residential,MONTEREY,Active,R-RES-TOU
ACCT000608,CUST000608,PREM000608,Electric,Residential,SONOMA,Active,R-RES-TOU
ACCT000609,CUST000609,PREM000609,Electric,Residential,KERN,Active,R-RES-TOU
ACCT000610,CUST000610,PREM000610,Electric,Residential,KERN,Active,R-RES-TOU
ACCT000611,CUST000611,PREM000611,Electric,Residential,GLENN,Active,R-RES-TOU
ACCT000612,CUST000612,PREM000612,Electric,Commercial,FRESNO,Active,R-COM-GEN
ACCT000613,CUST000613,PREM000613,Electric,Residential,SAN JOAQUIN,Active,R-RES-TOU
ACCT000614,CUST000614,PREM000614,Electric,Residential,ALAMEDA,Active,R-RES-TOU
ACCT000615,CUST000615,PREM000615,Electric,Commercial,KERN,Active,R-COM-GEN
ACCT000616,CUST000616,PREM000616,Electric,Commercial,SAN JOAQUIN,Active,R-COM-GEN
ACCT000617,CUST000617,PREM000617,Electric,Residential,MONTEREY,Active,R-RES-TOU
ACCT000618,CUST000618,PREM000618,Electric,Residential,ALAMEDA,Active,R-RES-TOU
ACCT000619,CUST000619,PREM000619,Electric,Commercial,SAN FRANCISCO,Active,R-COM-GEN
ACCT000620,CUST000620,PREM000620,Electric,Residential,SANTA CLARA,Active,R-RES-TOU
ACCT000621,CUST000621,PREM000621,Electric,Residential,SANTA CLARA,Active,R-RES-TOU
ACCT000622,CUST000622,PREM000622,Electric,Residential,CALAVERAS,Active,R-RES-TOU
ACCT000623,CUST000623,PREM000623,Electric,Residential,SAN JOAQUIN,Active,R-RES-TOU
ACCT000624,CUST000624,PREM000624,Electric,Residential,MADERA,Active,R-RES-TOU
ACCT000625,CUST000625,PREM000625,Electric,Residential,CONTRA COSTA,Inactive,R-RES-TOU
ACCT000626,CUST000626,PREM000626,Electric,Residential,SAN JOAQUIN,Active,R-RES-TOU
ACCT000627,CUST000627,PREM000627,Electric,Residential,KERN,Active,R-RES-TOU
ACCT000628,CUST000628,PREM000628,Electric,Residential,SAN MATEO,Active,R-RES-TOU
ACCT000629,CUST000629,PREM000629,Electric,Residential,SAN FRANCISCO,Active,R-RES-TOU
ACCT000630,CUST000630,PREM000630,Electric,Residential,SANTA CLARA,Active,R-RES-TOU
ACCT000631,CUST000631,PREM000631,Electric,Residential,MADERA,Active,R-RES-TOU
ACCT000632,CUST000632,PREM000632,Electric,Commercial,SAN FRANCISCO,Active,R-COM-GEN
ACCT000633,CUST000633,PREM000633,Electric,Residential,SANTA CLARA,Active,R-RES-TOU
ACCT000634,CUST000634,PREM000634,Electric,Residential,SANTA CLARA,Active,R-RES-TOU
ACCT000635,CUST000635,PREM000635,Electric,Residential,SANTA CLARA,Active,R-RES-TOU
ACCT000636,CUST000636,PREM000636,Electric,Residential,CONTRA COSTA,Inactive,R-RES-TOU
ACCT000637,CUST000637,PREM000637,Electric,Residential,NEVADA,Active,R-RES-TOU
ACCT000638,CUST000638,PREM000638,Electric,Residential,SAN JOAQUIN,Active,R-RES-TOU
ACCT000639,CUST000639,PREM000639,Electric,Residential,CONTRA COSTA,Active,R-RES-TOU
ACCT000640,CUST000640,PREM000640,Electric,Residential,CONTRA COSTA,Active,R-RES-TOU
ACCT000641,CUST000641,PREM000641,Electric,Residential,SAN FRANCISCO,Active,R-RES-TOU
ACCT000642,CUST000642,PREM000642,Electric,Residential,SAN JOAQUIN,Active,R-RES-TOU
ACCT000643,CUST000643,PREM000643,Electric,Residential,ALAMEDA,Active,R-RES-TOU
ACCT000644,CUST000644,PREM000644,Electric,Residential,SAN MATEO,Inactive,R-RES-TOU
ACCT000645,CUST000645,PREM000645,Electric,Residential,SAN LUIS OBISPO,Active,R-RES-TOU
ACCT000646,CUST000646,PREM000646,Electric,Commercial,ALAMEDA,Active,R-COM-GEN
ACCT000647,CUST000647,PREM000647,Electric,Residential,CONTRA COSTA,Active,R-RES-TOU
ACCT000648,CUST000648,PREM000648,Electric,Residential,SOLANO,Active,R-RES-TOU
ACCT000649,CUST000649,PREM000649,Electric,Residential,SANTA CRUZ,Pending Close,R-RES-TOU
ACCT000650,CUST000650,PREM000650,Electric,Residential,SAN FRANCISCO,Active,R-RES-TOU
ACCT000651,CUST000651,PREM000651,Electric,Residential,SOLANO,Active,R-RES-TOU
ACCT000652,CUST000652,PREM000652,Electric,Residential,FRESNO,Active,R-RES-TOU
ACCT000653,CUST000653,PREM000653,Electric,Residential,SANTA CLARA,Active,R-RES-TOU
ACCT000654,CUST000654,PREM000654,Electric,Residential,SAN MATEO,Active,R-RES-TOU
ACCT000655,CUST000655,PREM000655,Electric,Residential,SANTA CLARA,Active,R-RES-TOU
ACCT000656,CUST000656,PREM000656,Electric,Residential,SANTA CLARA,Active,R-RES-TOU
ACCT000657,CUST000657,PREM000657,Electric,Residential,FRESNO,Active,R-RES-TOU
ACCT000658,CUST000658,PREM000658,Electric,Residential,BUTTE,Active,R-RES-TOU
ACCT000659,CUST000659,PREM000659,Electric,Residential,KINGS,Active,R-RES-TOU
ACCT000660,CUST000660,PREM000660,Electric,Residential,SANTA CRUZ,Active,R-RES-TOU
ACCT000661,CUST000661,PREM000661,Electric,Residential,SANTA CLARA,Active,R-RES-TOU
ACCT000662,CUST000662,PREM000662,Electric,"Transportation, Communications, & Utilities",SANTA CLARA,Active,R-TCU-GEN
ACCT000663,CUST000663,PREM000663,Electric,Residential,SAN JOAQUIN,Active,R-RES-TOU
ACCT000664,CUST000664,PREM000664,Electric,Residential,SAN FRANCISCO,Active,R-RES-TOU
ACCT000665,CUST000665,PREM000665,Electric,Residential,EL DORADO,Active,R-RES-TOU
ACCT000666,CUST000666,PREM000666,Electric,Residential,MERCED,Active,R-RES-TOU
ACCT000667,CUST000667,PREM000667,Electric,Residential,FRESNO,Active,R-RES-TOU
ACCT000668,CUST000668,PREM000668,Electric,Residential,SAN JOAQUIN,Active,R-RES-TOU
ACCT000669,CUST000669,PREM000669,Electric,Residential,CONTRA COSTA,Active,R-RES-TOU
ACCT000670,CUST000670,PREM000670,Electric,Residential,SOLANO,Active,R-RES-TOU
ACCT000671,CUST000671,PREM000671,Electric,Residential,BUTTE,Active,R-RES-TOU
ACCT000672,CUST000672,PREM000672,Electric,Commercial,ALAMEDA,Active,R-COM-GEN
ACCT000673,CUST000673,PREM000673,Electric,Residential,SANTA BARBARA,Active,R-RES-TOU
ACCT000674,CUST000674,PREM000674,Electric,Residential,ALAMEDA,Active,R-RES-TOU
ACCT000675,CUST000675,PREM000675,Electric,Residential,LAKE,Active,R-RES-TOU
ACCT000676,CUST000676,PREM000676,Electric,"Transportation, Communications, & Utilities",CONTRA COSTA,Active,R-TCU-GEN
ACCT000677,CUST000677,PREM000677,Electric,Residential,SAN FRANCISCO,Active,R-RES-TOU
ACCT000678,CUST000678,PREM000678,Electric,Residential,SANTA CLARA,Active,R-RES-TOU
ACCT000679,CUST000679,PREM000679,Electric,Agriculture And Water Pumping,FRESNO,Active,R-AGR-PUMP
ACCT000680,CUST000680,PREM000680,Electric,Commercial,SANTA CLARA,Active,R-COM-GEN
ACCT000681,CUST000681,PREM000681,Electric,Commercial,ALAMEDA,Active,R-COM-GEN
ACCT000682,CUST000682,PREM000682,Electric,Residential,KERN,Inactive,R-RES-TOU
ACCT000683,CUST000683,PREM000683,Electric,Residential,YOLO,Active,R-RES-TOU
ACCT000684,CUST000684,PREM000684,Electric,Residential,SANTA CLARA,Active,R-RES-TOU
ACCT000685,CUST000685,PREM000685,Electric,Industrial,SANTA CLARA,Active,R-IND-GEN
ACCT000686,CUST000686,PREM000686,Electric,Residential,MADERA,Active,R-RES-TOU
ACCT000687,CUST000687,PREM000687,Electric,Residential,KERN,Active,R-RES-TOU
ACCT000688,CUST000688,PREM000688,Electric,Residential,YOLO,Active,R-RES-TOU
ACCT000689,CUST000689,PREM000689,Electric,Residential,SANTA CLARA,Active,R-RES-TOU
ACCT000690,CUST000690,PREM000690,Electric,Residential,SANTA BARBARA,Active,R-RES-TOU
ACCT000691,CUST000691,PREM000691,Electric,Residential,ALAMEDA,Active,R-RES-TOU
ACCT000692,CUST000692,PREM000692,Electric,Residential,SANTA CLARA,Active,R-RES-TOU
ACCT000693,CUST000693,PREM000693,Electric,Residential,FRESNO,Inactive,R-RES-TOU
ACCT000694,CUST000694,PREM000694,Electric,Residential,SAN LUIS OBISPO,Active,R-RES-TOU
ACCT000695,CUST000695,PREM000695,Electric,Residential,MADERA,Active,R-RES-TOU
ACCT000696,CUST000696,PREM000696,Electric,Residential,ALAMEDA,Active,R-RES-TOU
ACCT000697,CUST000697,PREM000697,Electric,Residential,KERN,Inactive,R-RES-TOU
ACCT000698,CUST000698,PREM000698,Electric,Residential,KERN,Active,R-RES-TOU
ACCT000699,CUST000699,PREM000699,Electric,Residential,SHASTA,Active,R-RES-TOU
ACCT000700,CUST000700,PREM000700,Electric,Residential,ALAMEDA,Active,R-RES-TOU
ACCT000701,CUST000701,PREM000701,Electric,Residential,ALAMEDA,Active,R-RES-TOU
ACCT000702,CUST000702,PREM000702,Electric,Residential,SAN MATEO,Active,R-RES-TOU
ACCT000703,CUST000703,PREM000703,Electric,Residential,SAN FRANCISCO,Active,R-RES-TOU
ACCT000704,CUST000704,PREM000704,Electric,Residential,ALAMEDA,Pending Close,R-RES-TOU
ACCT000705,CUST000705,PREM000705,Electric,Residential,YOLO,Active,R-RES-TOU
ACCT000706,CUST000706,PREM000706,Electric,"Transportation, Communications, & Utilities",ALAMEDA,Active,R-TCU-GEN
ACCT000707,CUST000707,PREM000707,Electric,Residential,SONOMA,Active,R-RES-TOU
ACCT000708,CUST000708,PREM000708,Electric,Commercial,SANTA CLARA,Active,R-COM-GEN
ACCT000709,CUST000709,PREM000709,Electric,Residential,FRESNO,Active,R-RES-TOU
ACCT000710,CUST000710,PREM000710,Electric,Residential,SONOMA,Active,R-RES-TOU
ACCT000711,CUST000711,PREM000711,Electric,Residential,SANTA CLARA,Active,R-RES-TOU
ACCT000712,CUST000712,PREM000712,Electric,Residential,KINGS,Active,R-RES-TOU
ACCT000713,CUST000713,PREM000713,Electric,Residential,KERN,Inactive,R-RES-TOU
ACCT000714,CUST000714,PREM000714,Electric,Residential,PLUMAS,Active,R-RES-TOU
ACCT000715,CUST000715,PREM000715,Electric,Residential,FRESNO,Inactive,R-RES-TOU
ACCT000716,CUST000716,PREM000716,Electric,Industrial,ALAMEDA,Active,R-IND-GEN
ACCT000717,CUST000717,PREM000717,Electric,Commercial,SANTA CLARA,Active,R-COM-GEN
ACCT000718,CUST000718,PREM000718,Electric,Agriculture And Water Pumping,ALAMEDA,Active,R-AGR-PUMP
ACCT000719,CUST000719,PREM000719,Electric,Residential,SANTA CLARA,Active,R-RES-TOU
ACCT000720,CUST000720,PREM000720,Electric,Residential,SANTA CLARA,Active,R-RES-TOU
ACCT000721,CUST000721,PREM000721,Electric,Industrial,SANTA CLARA,Active,R-IND-GEN
ACCT000722,CUST000722,PREM000722,Electric,Residential,KERN,Active,R-RES-TOU
ACCT000723,CUST000723,PREM000723,Electric,Residential,MERCED,Active,R-RES-TOU
ACCT000724,CUST000724,PREM000724,Electric,Residential,SANTA CLARA,Active,R-RES-TOU
ACCT000725,CUST000725,PREM000725,Electric,Residential,SANTA CLARA,Active,R-RES-TOU
ACCT000726,CUST000726,PREM000726,Electric,Commercial,SANTA BARBARA,Active,R-COM-GEN
ACCT000727,CUST000727,PREM000727,Electric,Residential,SANTA CLARA,Active,R-RES-TOU
ACCT000728,CUST000728,PREM000728,Electric,Commercial,SANTA CLARA,Active,R-COM-GEN
ACCT000729,CUST000729,PREM000729,Electric,Residential,SANTA CLARA,Active,R-RES-TOU
ACCT000730,CUST000730,PREM000730,Electric,Residential,YOLO,Active,R-RES-TOU
ACCT000731,CUST000731,PREM000731,Electric,Residential,SAN JOAQUIN,Active,R-RES-TOU
ACCT000732,CUST000732,PREM000732,Electric,Commercial,SAN MATEO,Active,R-COM-GEN
ACCT000733,CUST000733,PREM000733,Electric,Residential,FRESNO,Active,R-RES-TOU
ACCT000734,CUST000734,PREM000734,Electric,Residential,PLACER,Active,R-RES-TOU
ACCT000735,CUST000735,PREM000735,Electric,Residential,FRESNO,Active,R-RES-TOU
ACCT000736,CUST000736,PREM000736,Electric,Commercial,FRESNO,Active,R-COM-GEN
ACCT000737,CUST000737,PREM000737,Electric,Residential,COLUSA,Active,R-RES-TOU
ACCT000738,CUST000738,PREM000738,Electric,Commercial,ALAMEDA,Active,R-COM-GEN
ACCT000739,CUST000739,PREM000739,Electric,Residential,CONTRA COSTA,Active,R-RES-TOU
ACCT000740,CUST000740,PREM000740,Electric,Residential,KERN,Active,R-RES-TOU
ACCT000741,CUST000741,PREM000741,Electric,Residential,SONOMA,Active,R-RES-TOU
ACCT000742,CUST000742,PREM000742,Electric,Residential,SAN FRANCISCO,Active,R-RES-TOU
ACCT000743,CUST000743,PREM000743,Electric,Residential,SAN JOAQUIN,Active,R-RES-TOU
ACCT000744,CUST000744,PREM000744,Electric,Residential,SHASTA,Active,R-RES-TOU
ACCT000745,CUST000745,PREM000745,Electric,Residential,SANTA CLARA,Active,R-RES-TOU
ACCT000746,CUST000746,PREM000746,Electric,Commercial,FRESNO,Active,R-COM-GEN
ACCT000747,CUST000747,PREM000747,Electric,Residential,FRESNO,Active,R-RES-TOU
ACCT000748,CUST000748,PREM000748,Electric,Residential,HUMBOLDT,Active,R-RES-TOU
ACCT000749,CUST000749,PREM000749,Electric,Commercial,SHASTA,Active,R-COM-GEN
ACCT000750,CUST000750,PREM000750,Electric,Residential,FRESNO,Active,R-RES-TOU
ACCT000751,CUST000751,PREM000751,Electric,Residential,ALAMEDA,Active,R-RES-TOU
ACCT000752,CUST000752,PREM000752,Electric,Industrial,SAN JOAQUIN,Active,R-IND-GEN
ACCT000753,CUST000753,PREM000753,Electric,Residential,SANTA CLARA,Active,R-RES-TOU
ACCT000754,CUST000754,PREM000754,Electric,Residential,MERCED,Active,R-RES-TOU
ACCT000755,CUST000755,PREM000755,Electric,Residential,CALAVERAS,Active,R-RES-TOU
ACCT000756,CUST000756,PREM000756,Electric,Residential,KERN,Active,R-RES-TOU
ACCT000757,CUST000757,PREM000757,Electric,Residential,COLUSA,Active,R-RES-TOU
ACCT000758,CUST000758,PREM000758,Electric,Residential,KERN,Active,R-RES-TOU
ACCT000759,CUST000759,PREM000759,Electric,Commercial,KERN,Active,R-COM-GEN
ACCT000760,CUST000760,PREM000760,Electric,Residential,ALAMEDA,Active,R-RES-TOU
ACCT000761,CUST000761,PREM000761,Electric,Residential,MADERA,Active,R-RES-TOU
ACCT000762,CUST000762,PREM000762,Electric,Residential,AMADOR,Active,R-RES-TOU
ACCT000763,CUST000763,PREM000763,Electric,Residential,SUTTER,Active,R-RES-TOU
ACCT000764,CUST000764,PREM000764,Electric,Residential,SANTA CLARA,Active,R-RES-TOU
ACCT000765,CUST000765,PREM000765,Electric,Residential,MONTEREY,Active,R-RES-TOU
ACCT000766,CUST000766,PREM000766,Electric,Residential,SOLANO,Active,R-RES-TOU
ACCT000767,CUST000767,PREM000767,Electric,Residential,ALAMEDA,Active,R-RES-TOU
ACCT000768,CUST000768,PREM000768,Electric,Commercial,CONTRA COSTA,Active,R-COM-GEN
ACCT000769,CUST000769,PREM000769,Electric,Residential,ALAMEDA,Active,R-RES-TOU
ACCT000770,CUST000770,PREM000770,Electric,Commercial,YOLO,Active,R-COM-GEN
ACCT000771,CUST000771,PREM000771,Electric,Residential,SANTA BARBARA,Active,R-RES-TOU
ACCT000772,CUST000772,PREM000772,Electric,Commercial,FRESNO,Active,R-COM-GEN
ACCT000773,CUST000773,PREM000773,Electric,Residential,ALAMEDA,Active,R-RES-TOU
ACCT000774,CUST000774,PREM000774,Electric,Residential,FRESNO,Active,R-RES-TOU
ACCT000775,CUST000775,PREM000775,Electric,Commercial,CONTRA COSTA,Active,R-COM-GEN
ACCT000776,CUST000776,PREM000776,Electric,Residential,MARIN,Active,R-RES-TOU
ACCT000777,CUST000777,PREM000777,Electric,Residential,SANTA CRUZ,Active,R-RES-TOU
ACCT000778,CUST000778,PREM000778,Electric,Residential,SANTA CLARA,Active,R-RES-TOU
ACCT000779,CUST000779,PREM000779,Electric,Residential,SAN JOAQUIN,Active,R-RES-TOU
ACCT000780,CUST000780,PREM000780,Electric,Residential,ALAMEDA,Active,R-RES-TOU
ACCT000781,CUST000781,PREM000781,Electric,Residential,SANTA BARBARA,Inactive,R-RES-TOU
ACCT000782,CUST000782,PREM000782,Electric,Residential,KERN,Active,R-RES-TOU
ACCT000783,CUST000783,PREM000783,Electric,Residential,SAN LUIS OBISPO,Active,R-RES-TOU
ACCT000784,CUST000784,PREM000784,Electric,Residential,SANTA CLARA,Active,R-RES-TOU
ACCT000785,CUST000785,PREM000785,Electric,Residential,CONTRA COSTA,Active,R-RES-TOU
ACCT000786,CUST000786,PREM000786,Electric,Commercial,CALAVERAS,Active,R-COM-GEN
ACCT000787,CUST000787,PREM000787,Electric,Residential,ALAMEDA,Active,R-RES-TOU
ACCT000788,CUST000788,PREM000788,Electric,Residential,SAN JOAQUIN,Active,R-RES-TOU
ACCT000789,CUST000789,PREM000789,Electric,Residential,YUBA,Active,R-RES-TOU
ACCT000790,CUST000790,PREM000790,Electric,Industrial,SANTA CLARA,Active,R-IND-GEN
ACCT000791,CUST000791,PREM000791,Electric,Residential,ALAMEDA,Active,R-RES-TOU
ACCT000792,CUST000792,PREM000792,Electric,Residential,FRESNO,Active,R-RES-TOU
ACCT000793,CUST000793,PREM000793,Electric,Residential,KINGS,Active,R-RES-TOU
ACCT000794,CUST000794,PREM000794,Electric,Residential,YOLO,Active,R-RES-TOU
ACCT000795,CUST000795,PREM000795,Electric,Residential,KERN,Active,R-RES-TOU
ACCT000796,CUST000796,PREM000796,Electric,Commercial,MERCED,Active,R-COM-GEN
ACCT000797,CUST000797,PREM000797,Electric,Industrial,SANTA CLARA,Active,R-IND-GEN
ACCT000798,CUST000798,PREM000798,Electric,Residential,HUMBOLDT,Active,R-RES-TOU
ACCT000799,CUST000799,PREM000799,Electric,Residential,KINGS,Active,R-RES-TOU
ACCT000800,CUST000800,PREM000800,Electric,Commercial,SANTA CLARA,Active,R-COM-GEN
ACCT000801,CUST000801,PREM000801,Electric,Residential,ALAMEDA,Active,R-RES-TOU
ACCT000802,CUST000802,PREM000802,Electric,Residential,SANTA CLARA,Active,R-RES-TOU
ACCT000803,CUST000803,PREM000803,Electric,Residential,ALAMEDA,Active,R-RES-TOU
ACCT000804,CUST000804,PREM000804,Electric,Residential,SAN JOAQUIN,Inactive,R-RES-TOU
ACCT000805,CUST000805,PREM000805,Electric,Residential,MARIN,Pending Close,R-RES-TOU
ACCT000806,CUST000806,PREM000806,Electric,Residential,SANTA CLARA,Active,R-RES-TOU
ACCT000807,CUST000807,PREM000807,Electric,Industrial,SAN MATEO,Active,R-IND-GEN
ACCT000808,CUST000808,PREM000808,Electric,Industrial,SHASTA,Active,R-IND-GEN
ACCT000809,CUST000809,PREM000809,Electric,Residential,COLUSA,Active,R-RES-TOU
ACCT000810,CUST000810,PREM000810,Electric,Residential,KERN,Active,R-RES-TOU
ACCT000811,CUST000811,PREM000811,Electric,"Transportation, Communications, & Utilities",SANTA CLARA,Active,R-TCU-GEN
ACCT000812,CUST000812,PREM000812,Electric,Commercial,SHASTA,Active,R-COM-GEN
ACCT000813,CUST000813,PREM000813,Electric,Residential,SAN JOAQUIN,Active,R-RES-TOU
ACCT000814,CUST000814,PREM000814,Electric,Commercial,ALAMEDA,Active,R-COM-GEN
ACCT000815,CUST000815,PREM000815,Electric,Commercial,CONTRA COSTA,Active,R-COM-GEN
ACCT000816,CUST000816,PREM000816,Electric,Residential,CONTRA COSTA,Active,R-RES-TOU
ACCT000817,CUST000817,PREM000817,Electric,Residential,SANTA CLARA,Active,R-RES-TOU
ACCT000818,CUST000818,PREM000818,Electric,Residential,SAN FRANCISCO,Active,R-RES-TOU
ACCT000819,CUST000819,PREM000819,Electric,Residential,MENDOCINO,Active,R-RES-TOU
ACCT000820,CUST000820,PREM000820,Electric,Residential,KERN,Active,R-RES-TOU
ACCT000821,CUST000821,PREM000821,Electric,Commercial,SAN JOAQUIN,Active,R-COM-GEN
ACCT000822,CUST000822,PREM000822,Electric,Residential,KERN,Active,R-RES-TOU
ACCT000823,CUST000823,PREM000823,Electric,Residential,FRESNO,Inactive,R-RES-TOU
ACCT000824,CUST000824,PREM000824,Electric,Residential,SOLANO,Active,R-RES-TOU
ACCT000825,CUST000825,PREM000825,Electric,Residential,SANTA CLARA,Active,R-RES-TOU
ACCT000826,CUST000826,PREM000826,Electric,Commercial,SAN MATEO,Active,R-COM-GEN
ACCT000827,CUST000827,PREM000827,Electric,Residential,SANTA BARBARA,Active,R-RES-TOU
ACCT000828,CUST000828,PREM000828,Electric,Residential,CONTRA COSTA,Active,R-RES-TOU
ACCT000829,CUST000829,PREM000829,Electric,Residential,SAN MATEO,Active,R-RES-TOU
ACCT000830,CUST000830,PREM000830,Electric,Residential,PLACER,Active,R-RES-TOU
ACCT000831,CUST000831,PREM000831,Electric,Residential,YUBA,Active,R-RES-TOU
ACCT000832,CUST000832,PREM000832,Electric,Residential,KERN,Active,R-RES-TOU
ACCT000833,CUST000833,PREM000833,Electric,Residential,SAN JOAQUIN,Active,R-RES-TOU
ACCT000834,CUST000834,PREM000834,Electric,Residential,KERN,Active,R-RES-TOU
ACCT000835,CUST000835,PREM000835,Electric,Residential,MERCED,Active,R-RES-TOU
ACCT000836,CUST000836,PREM000836,Electric,Residential,SAN LUIS OBISPO,Inactive,R-RES-TOU
ACCT000837,CUST000837,PREM000837,Electric,Commercial,SONOMA,Active,R-COM-GEN
ACCT000838,CUST000838,PREM000838,Electric,Residential,KERN,Active,R-RES-TOU
ACCT000839,CUST000839,PREM000839,Electric,Residential,SAN LUIS OBISPO,Active,R-RES-TOU
ACCT000840,CUST000840,PREM000840,Electric,Residential,COLUSA,Active,R-RES-TOU
ACCT000841,CUST000841,PREM000841,Electric,Residential,KERN,Active,R-RES-TOU
ACCT000842,CUST000842,PREM000842,Electric,Residential,SANTA CLARA,Active,R-RES-TOU
ACCT000843,CUST000843,PREM000843,Electric,Residential,SANTA CLARA,Active,R-RES-TOU
ACCT000844,CUST000844,PREM000844,Electric,Agriculture And Water Pumping,CONTRA COSTA,Active,R-AGR-PUMP
ACCT000845,CUST000845,PREM000845,Electric,Residential,MONTEREY,Active,R-RES-TOU
ACCT000846,CUST000846,PREM000846,Electric,Residential,ALAMEDA,Active,R-RES-TOU
ACCT000847,CUST000847,PREM000847,Electric,Residential,SANTA CLARA,Active,R-RES-TOU
ACCT000848,CUST000848,PREM000848,Electric,Streetlighting,SOLANO,Active,R-STLIGHT
ACCT000849,CUST000849,PREM000849,Electric,Residential,ALAMEDA,Active,R-RES-TOU
ACCT000850,CUST000850,PREM000850,Electric,Residential,KERN,Active,R-RES-TOU
ACCT000851,CUST000851,PREM000851,Electric,Residential,SANTA CLARA,Active,R-RES-TOU
ACCT000852,CUST000852,PREM000852,Electric,Residential,LAKE,Active,R-RES-TOU
ACCT000853,CUST000853,PREM000853,Electric,Residential,BUTTE,Active,R-RES-TOU
ACCT000854,CUST000854,PREM000854,Electric,Commercial,MONTEREY,Active,R-COM-GEN
ACCT000855,CUST000855,PREM000855,Electric,Residential,KERN,Active,R-RES-TOU
ACCT000856,CUST000856,PREM000856,Electric,Residential,MADERA,Active,R-RES-TOU
ACCT000857,CUST000857,PREM000857,Electric,Residential,SANTA CLARA,Active,R-RES-TOU
ACCT000858,CUST000858,PREM000858,Electric,Residential,CONTRA COSTA,Active,R-RES-TOU
ACCT000859,CUST000859,PREM000859,Electric,Residential,CONTRA COSTA,Active,R-RES-TOU
ACCT000860,CUST000860,PREM000860,Electric,Residential,NEVADA,Active,R-RES-TOU
ACCT000861,CUST000861,PREM000861,Electric,Residential,KERN,Inactive,R-RES-TOU
ACCT000862,CUST000862,PREM000862,Electric,Residential,PLACER,Active,R-RES-TOU
ACCT000863,CUST000863,PREM000863,Electric,Residential,CONTRA COSTA,Active,R-RES-TOU
ACCT000864,CUST000864,PREM000864,Electric,Residential,KERN,Active,R-RES-TOU
ACCT000865,CUST000865,PREM000865,Electric,Residential,FRESNO,Active,R-RES-TOU
ACCT000866,CUST000866,PREM000866,Electric,Residential,KERN,Inactive,R-RES-TOU
ACCT000867,CUST000867,PREM000867,Electric,Residential,SOLANO,Active,R-RES-TOU
ACCT000868,CUST000868,PREM000868,Electric,Residential,ALAMEDA,Active,R-RES-TOU
ACCT000869,CUST000869,PREM000869,Electric,Commercial,SAN JOAQUIN,Active,R-COM-GEN
ACCT000870,CUST000870,PREM000870,Electric,Industrial,NEVADA,Active,R-IND-GEN
ACCT000871,CUST000871,PREM000871,Electric,Residential,SANTA CLARA,Active,R-RES-TOU
ACCT000872,CUST000872,PREM000872,Electric,Residential,ALAMEDA,Active,R-RES-TOU
ACCT000873,CUST000873,PREM000873,Electric,Residential,SANTA CRUZ,Active,R-RES-TOU
ACCT000874,CUST000874,PREM000874,Electric,Residential,SAN JOAQUIN,Active,R-RES-TOU
ACCT000875,CUST000875,PREM000875,Electric,Residential,KERN,Active,R-RES-TOU
ACCT000876,CUST000876,PREM000876,Electric,Residential,ALAMEDA,Active,R-RES-TOU
ACCT000877,CUST000877,PREM000877,Electric,Residential,MONTEREY,Active,R-RES-TOU
ACCT000878,CUST000878,PREM000878,Electric,Residential,FRESNO,Active,R-RES-TOU
ACCT000879,CUST000879,PREM000879,Electric,Residential,KERN,Active,R-RES-TOU
ACCT000880,CUST000880,PREM000880,Electric,Residential,KERN,Active,R-RES-TOU
ACCT000881,CUST000881,PREM000881,Electric,Residential,SANTA CLARA,Active,R-RES-TOU
ACCT000882,CUST000882,PREM000882,Electric,Residential,SANTA CRUZ,Active,R-RES-TOU
ACCT000883,CUST000883,PREM000883,Electric,Residential,SAN MATEO,Active,R-RES-TOU
ACCT000884,CUST000884,PREM000884,Electric,Residential,YUBA,Active,R-RES-TOU
ACCT000885,CUST000885,PREM000885,Electric,Commercial,KERN,Active,R-COM-GEN
ACCT000886,CUST000886,PREM000886,Electric,Residential,KERN,Active,R-RES-TOU
ACCT000887,CUST000887,PREM000887,Electric,Residential,SAN FRANCISCO,Active,R-RES-TOU
ACCT000888,CUST000888,PREM000888,Electric,Residential,YOLO,Active,R-RES-TOU
ACCT000889,CUST000889,PREM000889,Electric,Residential,SAN JOAQUIN,Active,R-RES-TOU
ACCT000890,CUST000890,PREM000890,Electric,Residential,KERN,Active,R-RES-TOU
ACCT000891,CUST000891,PREM000891,Electric,Residential,FRESNO,Active,R-RES-TOU
ACCT000892,CUST000892,PREM000892,Electric,Commercial,NEVADA,Active,R-COM-GEN
ACCT000893,CUST000893,PREM000893,Electric,Commercial,KERN,Active,R-COM-GEN
ACCT000894,CUST000894,PREM000894,Electric,Residential,SANTA CLARA,Active,R-RES-TOU
ACCT000895,CUST000895,PREM000895,Electric,Residential,KERN,Active,R-RES-TOU
ACCT000896,CUST000896,PREM000896,Electric,Residential,ALAMEDA,Active,R-RES-TOU
ACCT000897,CUST000897,PREM000897,Electric,Residential,YOLO,Active,R-RES-TOU
ACCT000898,CUST000898,PREM000898,Electric,Commercial,SAN MATEO,Active,R-COM-GEN
ACCT000899,CUST000899,PREM000899,Electric,Residential,NAPA,Active,R-RES-TOU
ACCT000900,CUST000900,PREM000900,Electric,Residential,PLACER,Active,R-RES-TOU
ACCT000901,CUST000901,PREM000901,Electric,Residential,SANTA BARBARA,Active,R-RES-TOU
ACCT000902,CUST000902,PREM000902,Electric,Residential,SAN FRANCISCO,Active,R-RES-TOU
ACCT000903,CUST000903,PREM000903,Electric,Residential,SANTA CLARA,Active,R-RES-TOU
ACCT000904,CUST000904,PREM000904,Electric,Residential,MARIN,Active,R-RES-TOU
ACCT000905,CUST000905,PREM000905,Electric,Residential,SANTA CLARA,Active,R-RES-TOU
ACCT000906,CUST000906,PREM000906,Electric,Commercial,SANTA CRUZ,Active,R-COM-GEN
ACCT000907,CUST000907,PREM000907,Electric,Commercial,KERN,Active,R-COM-GEN
ACCT000908,CUST000908,PREM000908,Electric,Residential,MERCED,Active,R-RES-TOU
ACCT000909,CUST000909,PREM000909,Electric,Residential,SANTA CLARA,Active,R-RES-TOU
ACCT000910,CUST000910,PREM000910,Electric,Residential,SANTA CLARA,Active,R-RES-TOU
ACCT000911,CUST000911,PREM000911,Electric,Residential,KERN,Active,R-RES-TOU
ACCT000912,CUST000912,PREM000912,Electric,Residential,YOLO,Active,R-RES-TOU
ACCT000913,CUST000913,PREM000913,Electric,Residential,FRESNO,Active,R-RES-TOU
ACCT000914,CUST000914,PREM000914,Electric,Residential,KERN,Active,R-RES-TOU
ACCT000915,CUST000915,PREM000915,Electric,Residential,PLACER,Active,R-RES-TOU
ACCT000916,CUST000916,PREM000916,Electric,Residential,SANTA CLARA,Active,R-RES-TOU
ACCT000917,CUST000917,PREM000917,Electric,Residential,SHASTA,Active,R-RES-TOU
ACCT000918,CUST000918,PREM000918,Electric,Industrial,FRESNO,Active,R-IND-GEN
ACCT000919,CUST000919,PREM000919,Electric,Residential,ALAMEDA,Active,R-RES-TOU
ACCT000920,CUST000920,PREM000920,Electric,Residential,NEVADA,Active,R-RES-TOU
ACCT000921,CUST000921,PREM000921,Electric,Commercial,SANTA CLARA,Active,R-COM-GEN
ACCT000922,CUST000922,PREM000922,Electric,Residential,KINGS,Active,R-RES-TOU
ACCT000923,CUST000923,PREM000923,Electric,Commercial,SANTA CLARA,Active,R-COM-GEN
ACCT000924,CUST000924,PREM000924,Electric,Commercial,SANTA BARBARA,Active,R-COM-GEN
ACCT000925,CUST000925,PREM000925,Electric,Residential,ALAMEDA,Active,R-RES-TOU
ACCT000926,CUST000926,PREM000926,Electric,Residential,FRESNO,Active,R-RES-TOU
ACCT000927,CUST000927,PREM000927,Electric,Residential,MERCED,Active,R-RES-TOU
ACCT000928,CUST000928,PREM000928,Electric,Residential,FRESNO,Active,R-RES-TOU
ACCT000929,CUST000929,PREM000929,Electric,Residential,EL DORADO,Active,R-RES-TOU
ACCT000930,CUST000930,PREM000930,Electric,Residential,SONOMA,Active,R-RES-TOU
ACCT000931,CUST000931,PREM000931,Electric,Residential,SANTA CLARA,Active,R-RES-TOU
ACCT000932,CUST000932,PREM000932,Electric,Commercial,ALAMEDA,Active,R-COM-GEN
ACCT000933,CUST000933,PREM000933,Electric,"Transportation, Communications, & Utilities",ALAMEDA,Active,R-TCU-GEN
ACCT000934,CUST000934,PREM000934,Electric,Residential,SHASTA,Active,R-RES-TOU
ACCT000935,CUST000935,PREM000935,Electric,Residential,KERN,Active,R-RES-TOU
ACCT000936,CUST000936,PREM000936,Electric,Residential,SOLANO,Active,R-RES-TOU
ACCT000937,CUST000937,PREM000937,Electric,Residential,FRESNO,Active,R-RES-TOU
ACCT000938,CUST000938,PREM000938,Electric,Commercial,SANTA CLARA,Active,R-COM-GEN
ACCT000939,CUST000939,PREM000939,Electric,Residential,ALAMEDA,Active,R-RES-TOU
ACCT000940,CUST000940,PREM000940,Electric,Residential,ALAMEDA,Active,R-RES-TOU
ACCT000941,CUST000941,PREM000941,Electric,Residential,KERN,Active,R-RES-TOU
ACCT000942,CUST000942,PREM000942,Electric,Residential,ALAMEDA,Active,R-RES-TOU
ACCT000943,CUST000943,PREM000943,Electric,Residential,CONTRA COSTA,Active,R-RES-TOU
ACCT000944,CUST000944,PREM000944,Electric,Commercial,MONTEREY,Active,R-COM-GEN
ACCT000945,CUST000945,PREM000945,Electric,Residential,KINGS,Active,R-RES-TOU
ACCT000946,CUST000946,PREM000946,Electric,Residential,SAN MATEO,Active,R-RES-TOU
ACCT000947,CUST000947,PREM000947,Electric,Residential,SAN MATEO,Active,R-RES-TOU
ACCT000948,CUST000948,PREM000948,Electric,Commercial,CONTRA COSTA,Active,R-COM-GEN
ACCT000949,CUST000949,PREM000949,Electric,Commercial,FRESNO,Active,R-COM-GEN
ACCT000950,CUST000950,PREM000950,Electric,Residential,SAN JOAQUIN,Pending Close,R-RES-TOU
ACCT000951,CUST000951,PREM000951,Electric,Residential,SANTA CLARA,Active,R-RES-TOU
ACCT000952,CUST000952,PREM000952,Electric,Residential,SANTA CLARA,Active,R-RES-TOU
ACCT000953,CUST000953,PREM000953,Electric,Residential,MERCED,Active,R-RES-TOU
ACCT000954,CUST000954,PREM000954,Electric,Commercial,EL DORADO,Active,R-COM-GEN
ACCT000955,CUST000955,PREM000955,Electric,Residential,CONTRA COSTA,Active,R-RES-TOU
ACCT000956,CUST000956,PREM000956,Electric,Residential,SANTA CRUZ,Active,R-RES-TOU
ACCT000957,CUST000957,PREM000957,Electric,Residential,ALAMEDA,Active,R-RES-TOU
ACCT000958,CUST000958,PREM000958,Electric,Residential,SAN MATEO,Active,R-RES-TOU
ACCT000959,CUST000959,PREM000959,Electric,Residential,MERCED,Active,R-RES-TOU
ACCT000960,CUST000960,PREM000960,Electric,Residential,SAN JOAQUIN,Active,R-RES-TOU
ACCT000961,CUST000961,PREM000961,Electric,Residential,KERN,Active,R-RES-TOU
ACCT000962,CUST000962,PREM000962,Electric,Residential,NAPA,Active,R-RES-TOU
ACCT000963,CUST000963,PREM000963,Electric,Residential,KERN,Active,R-RES-TOU
ACCT000964,CUST000964,PREM000964,Electric,Residential,MERCED,Active,R-RES-TOU
ACCT000965,CUST000965,PREM000965,Electric,Residential,KERN,Active,R-RES-TOU
ACCT000966,CUST000966,PREM000966,Electric,Residential,SONOMA,Active,R-RES-TOU
ACCT000967,CUST000967,PREM000967,Electric,Residential,SONOMA,Active,R-RES-TOU
ACCT000968,CUST000968,PREM000968,Electric,Residential,SANTA CLARA,Active,R-RES-TOU
ACCT000969,CUST000969,PREM000969,Electric,Residential,AMADOR,Active,R-RES-TOU
ACCT000970,CUST000970,PREM000970,Electric,Residential,SAN JOAQUIN,Active,R-RES-TOU
ACCT000971,CUST000971,PREM000971,Electric,Residential,MERCED,Active,R-RES-TOU
ACCT000972,CUST000972,PREM000972,Electric,Industrial,SANTA CLARA,Inactive,R-IND-GEN
ACCT000973,CUST000973,PREM000973,Electric,Residential,SAN JOAQUIN,Active,R-RES-TOU
ACCT000974,CUST000974,PREM000974,Electric,Residential,BUTTE,Active,R-RES-TOU
ACCT000975,CUST000975,PREM000975,Electric,Residential,ALAMEDA,Active,R-RES-TOU
ACCT000976,CUST000976,PREM000976,Electric,Residential,NAPA,Active,R-RES-TOU
ACCT000977,CUST000977,PREM000977,Electric,Residential,CONTRA COSTA,Active,R-RES-TOU
ACCT000978,CUST000978,PREM000978,Electric,Residential,SANTA CLARA,Active,R-RES-TOU
ACCT000979,CUST000979,PREM000979,Electric,Residential,PLACER,Active,R-RES-TOU
ACCT000980,CUST000980,PREM000980,Electric,Residential,SAN FRANCISCO,Active,R-RES-TOU
ACCT000981,CUST000981,PREM000981,Electric,Residential,SANTA BARBARA,Active,R-RES-TOU
ACCT000982,CUST000982,PREM000982,Electric,Residential,CONTRA COSTA,Active,R-RES-TOU
ACCT000983,CUST000983,PREM000983,Electric,Residential,KINGS,Active,R-RES-TOU
ACCT000984,CUST000984,PREM000984,Electric,Residential,CONTRA COSTA,Active,R-RES-TOU
ACCT000985,CUST000985,PREM000985,Electric,Residential,SANTA CLARA,Active,R-RES-TOU
ACCT000986,CUST000986,PREM000986,Electric,Residential,CONTRA COSTA,Active,R-RES-TOU
ACCT000987,CUST000987,PREM000987,Electric,Residential,SAN FRANCISCO,Active,R-RES-TOU
ACCT000988,CUST000988,PREM000988,Electric,Residential,TUOLUMNE,Active,R-RES-TOU
ACCT000989,CUST000989,PREM000989,Electric,Residential,FRESNO,Active,R-RES-TOU
ACCT000990,CUST000990,PREM000990,Electric,Commercial,SAN JOAQUIN,Active,R-COM-GEN
ACCT000991,CUST000991,PREM000991,Electric,Commercial,CONTRA COSTA,Active,R-COM-GEN
ACCT000992,CUST000992,PREM000992,Electric,Residential,SAN FRANCISCO,Active,R-RES-TOU
ACCT000993,CUST000993,PREM000993,Electric,Residential,KERN,Active,R-RES-TOU
ACCT000994,CUST000994,PREM000994,Electric,Residential,KERN,Active,R-RES-TOU
ACCT000995,CUST000995,PREM000995,Electric,Residential,CONTRA COSTA,Active,R-RES-TOU
ACCT000996,CUST000996,PREM000996,Electric,Residential,FRESNO,Active,R-RES-TOU
ACCT000997,CUST000997,PREM000997,Electric,Commercial,KERN,Active,R-COM-GEN
ACCT000998,CUST000998,PREM000998,Electric,Residential,MADERA,Active,R-RES-TOU
ACCT000999,CUST000999,PREM000999,Electric,Agriculture And Water Pumping,KERN,Active,R-AGR-PUMP
ACCT001000,CUST001000,PREM001000,Electric,Residential,SANTA CLARA,Active,R-RES-TOU
ACCT001001,CUST001001,PREM001001,Electric,Residential,SANTA BARBARA,Active,R-RES-TOU
ACCT001002,CUST001002,PREM001002,Electric,Residential,SANTA CLARA,Active,R-RES-TOU
ACCT001003,CUST001003,PREM001003,Electric,Commercial,MONTEREY,Active,R-COM-GEN
ACCT001004,CUST001004,PREM001004,Electric,Residential,EL DORADO,Active,R-RES-TOU
ACCT001005,CUST001005,PREM001005,Electric,Commercial,SANTA CLARA,Active,R-COM-GEN
ACCT001006,CUST001006,PREM001006,Electric,Residential,KINGS,Inactive,R-RES-TOU
ACCT001007,CUST001007,PREM001007,Electric,Residential,PLACER,Active,R-RES-TOU
ACCT001008,CUST001008,PREM001008,Electric,Commercial,CONTRA COSTA,Active,R-COM-GEN
ACCT001009,CUST001009,PREM001009,Electric,Residential,SANTA CRUZ,Active,R-RES-TOU
ACCT001010,CUST001010,PREM001010,Electric,Residential,ALAMEDA,Active,R-RES-TOU
ACCT001011,CUST001011,PREM001011,Electric,Residential,SAN JOAQUIN,Active,R-RES-TOU
ACCT001012,CUST001012,PREM001012,Electric,"Transportation, Communications, & Utilities",SAN JOAQUIN,Active,R-TCU-GEN
ACCT001013,CUST001013,PREM001013,Electric,Industrial,HUMBOLDT,Inactive,R-IND-GEN
ACCT001014,CUST001014,PREM001014,Electric,Residential,KERN,Active,R-RES-TOU
ACCT001015,CUST001015,PREM001015,Electric,Residential,KERN,Active,R-RES-TOU
ACCT001016,CUST001016,PREM001016,Electric,Industrial,MADERA,Active,R-IND-GEN
ACCT001017,CUST001017,PREM001017,Electric,Residential,SANTA CLARA,Active,R-RES-TOU
ACCT001018,CUST001018,PREM001018,Electric,Residential,SAN FRANCISCO,Active,R-RES-TOU
ACCT001019,CUST001019,PREM001019,Electric,Commercial,SAN FRANCISCO,Active,R-COM-GEN
ACCT001020,CUST001020,PREM001020,Electric,Residential,SANTA CLARA,Inactive,R-RES-TOU
ACCT001021,CUST001021,PREM001021,Electric,Residential,KERN,Active,R-RES-TOU
ACCT001022,CUST001022,PREM001022,Electric,Residential,BUTTE,Active,R-RES-TOU
ACCT001023,CUST001023,PREM001023,Electric,Commercial,BUTTE,Active,R-COM-GEN
ACCT001024,CUST001024,PREM001024,Electric,Agriculture And Water Pumping,SANTA CLARA,Active,R-AGR-PUMP
ACCT001025,CUST001025,PREM001025,Electric,Industrial,SANTA CLARA,Active,R-IND-GEN
ACCT001026,CUST001026,PREM001026,Electric,Residential,ALAMEDA,Active,R-RES-TOU
ACCT001027,CUST001027,PREM001027,Electric,Commercial,MONTEREY,Active,R-COM-GEN
ACCT001028,CUST001028,PREM001028,Electric,Commercial,SANTA CLARA,Active,R-COM-GEN
ACCT001029,CUST001029,PREM001029,Electric,Residential,FRESNO,Active,R-RES-TOU
ACCT001030,CUST001030,PREM001030,Electric,Commercial,SANTA CLARA,Active,R-COM-GEN
ACCT001031,CUST001031,PREM001031,Electric,Residential,SANTA CRUZ,Active,R-RES-TOU
ACCT001032,CUST001032,PREM001032,Electric,Residential,SAN MATEO,Active,R-RES-TOU
ACCT001033,CUST001033,PREM001033,Electric,Residential,MERCED,Active,R-RES-TOU
ACCT001034,CUST001034,PREM001034,Electric,Residential,ALAMEDA,Active,R-RES-TOU
ACCT001035,CUST001035,PREM001035,Electric,Residential,SANTA BARBARA,Active,R-RES-TOU
ACCT001036,CUST001036,PREM001036,Electric,Residential,ALAMEDA,Inactive,R-RES-TOU
ACCT001037,CUST001037,PREM001037,Electric,Residential,FRESNO,Active,R-RES-TOU
ACCT001038,CUST001038,PREM001038,Electric,Residential,MONTEREY,Active,R-RES-TOU
ACCT001039,CUST001039,PREM001039,Electric,Residential,SANTA CLARA,Active,R-RES-TOU
ACCT001040,CUST001040,PREM001040,Electric,Residential,MONTEREY,Active,R-RES-TOU
ACCT001041,CUST001041,PREM001041,Electric,Residential,SAN LUIS OBISPO,Active,R-RES-TOU
ACCT001042,CUST001042,PREM001042,Electric,Residential,SANTA CLARA,Active,R-RES-TOU
ACCT001043,CUST001043,PREM001043,Electric,Residential,KERN,Active,R-RES-TOU
ACCT001044,CUST001044,PREM001044,Electric,Residential,SANTA CLARA,Active,R-RES-TOU
ACCT001045,CUST001045,PREM001045,Electric,Commercial,FRESNO,Active,R-COM-GEN
ACCT001046,CUST001046,PREM001046,Electric,Residential,MADERA,Active,R-RES-TOU
ACCT001047,CUST001047,PREM001047,Electric,Residential,SANTA CLARA,Active,R-RES-TOU
ACCT001048,CUST001048,PREM001048,Electric,Residential,KERN,Active,R-RES-TOU
ACCT001049,CUST001049,PREM001049,Electric,Commercial,SAN JOAQUIN,Active,R-COM-GEN
ACCT001050,CUST001050,PREM001050,Electric,Residential,AMADOR,Active,R-RES-TOU
ACCT001051,CUST001051,PREM001051,Electric,Commercial,KERN,Active,R-COM-GEN
ACCT001052,CUST001052,PREM001052,Electric,Residential,NAPA,Active,R-RES-TOU
ACCT001053,CUST001053,PREM001053,Electric,Industrial,PLACER,Active,R-IND-GEN
ACCT001054,CUST001054,PREM001054,Electric,Commercial,KERN,Active,R-COM-GEN
ACCT001055,CUST001055,PREM001055,Electric,Streetlighting,SAN JOAQUIN,Pending Close,R-STLIGHT
ACCT001056,CUST001056,PREM001056,Electric,Residential,KERN,Active,R-RES-TOU
ACCT001057,CUST001057,PREM001057,Electric,Residential,KERN,Active,R-RES-TOU
ACCT001058,CUST001058,PREM001058,Electric,Residential,KERN,Active,R-RES-TOU
ACCT001059,CUST001059,PREM001059,Electric,Residential,SAN JOAQUIN,Active,R-RES-TOU
ACCT001060,CUST001060,PREM001060,Electric,Residential,SAN JOAQUIN,Active,R-RES-TOU
ACCT001061,CUST001061,PREM001061,Electric,Commercial,KERN,Active,R-COM-GEN
ACCT001062,CUST001062,PREM001062,Electric,"Transportation, Communications, & Utilities",SAN MATEO,Active,R-TCU-GEN
ACCT001063,CUST001063,PREM001063,Electric,Residential,KERN,Active,R-RES-TOU
ACCT001064,CUST001064,PREM001064,Electric,Residential,SAN FRANCISCO,Active,R-RES-TOU
ACCT001065,CUST001065,PREM001065,Electric,Residential,ALAMEDA,Active,R-RES-TOU
ACCT001066,CUST001066,PREM001066,Electric,Residential,MERCED,Active,R-RES-TOU
ACCT001067,CUST001067,PREM001067,Electric,Residential,KERN,Active,R-RES-TOU
ACCT001068,CUST001068,PREM001068,Electric,Residential,SAN MATEO,Active,R-RES-TOU
ACCT001069,CUST001069,PREM001069,Electric,Residential,SANTA CLARA,Active,R-RES-TOU
ACCT001070,CUST001070,PREM001070,Electric,Residential,ALAMEDA,Active,R-RES-TOU
ACCT001071,CUST001071,PREM001071,Electric,Residential,NAPA,Active,R-RES-TOU
ACCT001072,CUST001072,PREM001072,Electric,Residential,ALAMEDA,Active,R-RES-TOU
ACCT001073,CUST001073,PREM001073,Electric,Residential,SANTA CLARA,Active,R-RES-TOU
ACCT001074,CUST001074,PREM001074,Electric,Residential,KERN,Active,R-RES-TOU
ACCT001075,CUST001075,PREM001075,Electric,"Transportation, Communications, & Utilities",ALAMEDA,Active,R-TCU-GEN
ACCT001076,CUST001076,PREM001076,Electric,Residential,CONTRA COSTA,Active,R-RES-TOU
ACCT001077,CUST001077,PREM001077,Electric,Residential,ALAMEDA,Active,R-RES-TOU
ACCT001078,CUST001078,PREM001078,Electric,Residential,SAN FRANCISCO,Active,R-RES-TOU
ACCT001079,CUST001079,PREM001079,Electric,Residential,SAN FRANCISCO,Active,R-RES-TOU
ACCT001080,CUST001080,PREM001080,Electric,Industrial,SAN MATEO,Active,R-IND-GEN
ACCT001081,CUST001081,PREM001081,Electric,Residential,KERN,Pending Close,R-RES-TOU
ACCT001082,CUST001082,PREM001082,Electric,Residential,KINGS,Active,R-RES-TOU
ACCT001083,CUST001083,PREM001083,Electric,Residential,MARIN,Active,R-RES-TOU
ACCT001084,CUST001084,PREM001084,Electric,Commercial,ALAMEDA,Active,R-COM-GEN
ACCT001085,CUST001085,PREM001085,Electric,Industrial,ALAMEDA,Active,R-IND-GEN
ACCT001086,CUST001086,PREM001086,Electric,Residential,KERN,Active,R-RES-TOU
ACCT001087,CUST001087,PREM001087,Electric,Residential,MADERA,Active,R-RES-TOU
ACCT001088,CUST001088,PREM001088,Electric,Residential,SANTA CLARA,Active,R-RES-TOU
ACCT001089,CUST001089,PREM001089,Electric,Mining,FRESNO,Active,R-MIN-GEN
ACCT001090,CUST001090,PREM001090,Electric,Residential,CONTRA COSTA,Active,R-RES-TOU
ACCT001091,CUST001091,PREM001091,Electric,Industrial,KERN,Inactive,R-IND-GEN
ACCT001092,CUST001092,PREM001092,Electric,Residential,MERCED,Active,R-RES-TOU
ACCT001093,CUST001093,PREM001093,Electric,Residential,SAN MATEO,Active,R-RES-TOU
ACCT001094,CUST001094,PREM001094,Electric,Residential,SAN FRANCISCO,Active,R-RES-TOU
ACCT001095,CUST001095,PREM001095,Electric,Residential,SANTA CLARA,Active,R-RES-TOU
ACCT001096,CUST001096,PREM001096,Electric,Residential,SOLANO,Active,R-RES-TOU
ACCT001097,CUST001097,PREM001097,Electric,Residential,CONTRA COSTA,Active,R-RES-TOU
ACCT001098,CUST001098,PREM001098,Electric,Residential,BUTTE,Active,R-RES-TOU
ACCT001099,CUST001099,PREM001099,Electric,Residential,SANTA CLARA,Active,R-RES-TOU
ACCT001100,CUST001100,PREM001100,Electric,Residential,MONTEREY,Pending Close,R-RES-TOU
ACCT001101,CUST001101,PREM001101,Electric,Residential,SAN MATEO,Active,R-RES-TOU
ACCT001102,CUST001102,PREM001102,Electric,Agriculture And Water Pumping,FRESNO,Active,R-AGR-PUMP
ACCT001103,CUST001103,PREM001103,Electric,Commercial,ALAMEDA,Active,R-COM-GEN
ACCT001104,CUST001104,PREM001104,Electric,Industrial,SONOMA,Active,R-IND-GEN
ACCT001105,CUST001105,PREM001105,Electric,Mining,SANTA CLARA,Active,R-MIN-GEN
ACCT001106,CUST001106,PREM001106,Electric,Residential,SANTA CLARA,Active,R-RES-TOU
ACCT001107,CUST001107,PREM001107,Electric,Residential,KERN,Active,R-RES-TOU
ACCT001108,CUST001108,PREM001108,Electric,Residential,SANTA CLARA,Active,R-RES-TOU
ACCT001109,CUST001109,PREM001109,Electric,Residential,SANTA CLARA,Active,R-RES-TOU
ACCT001110,CUST001110,PREM001110,Electric,Residential,SUTTER,Active,R-RES-TOU
ACCT001111,CUST001111,PREM001111,Electric,Commercial,HUMBOLDT,Active,R-COM-GEN
ACCT001112,CUST001112,PREM001112,Electric,Residential,MARIN,Active,R-RES-TOU
ACCT001113,CUST001113,PREM001113,Electric,Residential,YOLO,Active,R-RES-TOU
ACCT001114,CUST001114,PREM001114,Electric,Residential,SAN FRANCISCO,Active,R-RES-TOU
ACCT001115,CUST001115,PREM001115,Electric,Residential,ALAMEDA,Active,R-RES-TOU
ACCT001116,CUST001116,PREM001116,Electric,Residential,FRESNO,Active,R-RES-TOU
ACCT001117,CUST001117,PREM001117,Electric,Residential,FRESNO,Active,R-RES-TOU
ACCT001118,CUST001118,PREM001118,Electric,Commercial,SHASTA,Active,R-COM-GEN
ACCT001119,CUST001119,PREM001119,Electric,Residential,ALAMEDA,Active,R-RES-TOU
ACCT001120,CUST001120,PREM001120,Electric,Residential,FRESNO,Active,R-RES-TOU
ACCT001121,CUST001121,PREM001121,Electric,Commercial,CONTRA COSTA,Active,R-COM-GEN
ACCT001122,CUST001122,PREM001122,Electric,Agriculture And Water Pumping,SANTA CLARA,Active,R-AGR-PUMP
ACCT001123,CUST001123,PREM001123,Electric,Commercial,CONTRA COSTA,Active,R-COM-GEN
ACCT001124,CUST001124,PREM001124,Electric,Commercial,YUBA,Active,R-COM-GEN
ACCT001125,CUST001125,PREM001125,Electric,Residential,SAN JOAQUIN,Active,R-RES-TOU
ACCT001126,CUST001126,PREM001126,Electric,Residential,MERCED,Active,R-RES-TOU
ACCT001127,CUST001127,PREM001127,Electric,Residential,KERN,Active,R-RES-TOU
ACCT001128,CUST001128,PREM001128,Electric,Residential,ALAMEDA,Active,R-RES-TOU
ACCT001129,CUST001129,PREM001129,Electric,Residential,SANTA CLARA,Active,R-RES-TOU
ACCT001130,CUST001130,PREM001130,Electric,Residential,ALAMEDA,Active,R-RES-TOU
ACCT001131,CUST001131,PREM001131,Electric,Residential,MARIN,Active,R-RES-TOU
ACCT001132,CUST001132,PREM001132,Electric,Residential,MADERA,Active,R-RES-TOU
ACCT001133,CUST001133,PREM001133,Electric,Residential,PLACER,Active,R-RES-TOU
ACCT001134,CUST001134,PREM001134,Electric,Residential,SANTA CLARA,Active,R-RES-TOU
ACCT001135,CUST001135,PREM001135,Electric,Residential,CONTRA COSTA,Active,R-RES-TOU
ACCT001136,CUST001136,PREM001136,Electric,Residential,SANTA CLARA,Active,R-RES-TOU
ACCT001137,CUST001137,PREM001137,Electric,Commercial,KERN,Active,R-COM-GEN
ACCT001138,CUST001138,PREM001138,Electric,Residential,TUOLUMNE,Active,R-RES-TOU
ACCT001139,CUST001139,PREM001139,Electric,Residential,SANTA BARBARA,Active,R-RES-TOU
ACCT001140,CUST001140,PREM001140,Electric,Residential,SAN JOAQUIN,Pending Close,R-RES-TOU
ACCT001141,CUST001141,PREM001141,Electric,Commercial,KERN,Active,R-COM-GEN
ACCT001142,CUST001142,PREM001142,Electric,Residential,SAN MATEO,Inactive,R-RES-TOU
ACCT001143,CUST001143,PREM001143,Electric,Residential,SANTA CLARA,Active,R-RES-TOU
ACCT001144,CUST001144,PREM001144,Electric,Residential,MONTEREY,Active,R-RES-TOU
ACCT001145,CUST001145,PREM001145,Electric,Residential,MERCED,Active,R-RES-TOU
ACCT001146,CUST001146,PREM001146,Electric,Commercial,SANTA CLARA,Active,R-COM-GEN
ACCT001147,CUST001147,PREM001147,Electric,Commercial,KERN,Active,R-COM-GEN
ACCT001148,CUST001148,PREM001148,Electric,Residential,KERN,Active,R-RES-TOU
ACCT001149,CUST001149,PREM001149,Electric,Commercial,SANTA CRUZ,Active,R-COM-GEN
ACCT001150,CUST001150,PREM001150,Electric,Commercial,NAPA,Active,R-COM-GEN
ACCT001151,CUST001151,PREM001151,Electric,Residential,SAN FRANCISCO,Active,R-RES-TOU
ACCT001152,CUST001152,PREM001152,Electric,Commercial,PLACER,Active,R-COM-GEN
ACCT001153,CUST001153,PREM001153,Electric,Residential,CONTRA COSTA,Active,R-RES-TOU
ACCT001154,CUST001154,PREM001154,Electric,Residential,CONTRA COSTA,Active,R-RES-TOU
ACCT001155,CUST001155,PREM001155,Electric,Residential,SANTA CLARA,Active,R-RES-TOU
ACCT001156,CUST001156,PREM001156,Electric,Residential,CONTRA COSTA,Active,R-RES-TOU
ACCT001157,CUST001157,PREM001157,Electric,Residential,SOLANO,Inactive,R-RES-TOU
ACCT001158,CUST001158,PREM001158,Electric,Commercial,SOLANO,Active,R-COM-GEN
ACCT001159,CUST001159,PREM001159,Electric,Commercial,SANTA CLARA,Active,R-COM-GEN
ACCT001160,CUST001160,PREM001160,Electric,Residential,SAN JOAQUIN,Active,R-RES-TOU
ACCT001161,CUST001161,PREM001161,Electric,Commercial,SANTA CLARA,Active,R-COM-GEN
ACCT001162,CUST001162,PREM001162,Electric,Residential,ALAMEDA,Active,R-RES-TOU
ACCT001163,CUST001163,PREM001163,Electric,Residential,ALAMEDA,Active,R-RES-TOU
ACCT001164,CUST001164,PREM001164,Electric,Residential,MARIN,Active,R-RES-TOU
ACCT001165,CUST001165,PREM001165,Electric,Residential,ALAMEDA,Active,R-RES-TOU
ACCT001166,CUST001166,PREM001166,Electric,Commercial,KERN,Active,R-COM-GEN
ACCT001167,CUST001167,PREM001167,Electric,Commercial,KERN,Active,R-COM-GEN
ACCT001168,CUST001168,PREM001168,Electric,Residential,SHASTA,Active,R-RES-TOU
ACCT001169,CUST001169,PREM001169,Electric,Residential,CONTRA COSTA,Active,R-RES-TOU
ACCT001170,CUST001170,PREM001170,Electric,Residential,SANTA CLARA,Active,R-RES-TOU
ACCT001171,CUST001171,PREM001171,Electric,Residential,CONTRA COSTA,Active,R-RES-TOU
ACCT001172,CUST001172,PREM001172,Electric,"Transportation, Communications, & Utilities",SANTA CRUZ,Active,R-TCU-GEN
ACCT001173,CUST001173,PREM001173,Electric,Residential,CONTRA COSTA,Inactive,R-RES-TOU
ACCT001174,CUST001174,PREM001174,Electric,Residential,SAN JOAQUIN,Active,R-RES-TOU
ACCT001175,CUST001175,PREM001175,Electric,Residential,KERN,Inactive,R-RES-TOU
ACCT001176,CUST001176,PREM001176,Electric,Residential,PLACER,Active,R-RES-TOU
ACCT001177,CUST001177,PREM001177,Electric,Residential,SAN FRANCISCO,Active,R-RES-TOU
ACCT001178,CUST001178,PREM001178,Electric,Residential,SANTA CLARA,Inactive,R-RES-TOU
ACCT001179,CUST001179,PREM001179,Electric,Residential,SANTA CLARA,Active,R-RES-TOU
ACCT001180,CUST001180,PREM001180,Electric,Residential,ALAMEDA,Active,R-RES-TOU
ACCT001181,CUST001181,PREM001181,Electric,Agriculture And Water Pumping,SAN LUIS OBISPO,Active,R-AGR-PUMP
ACCT001182,CUST001182,PREM001182,Electric,Residential,SANTA CLARA,Active,R-RES-TOU
ACCT001183,CUST001183,PREM001183,Electric,Residential,SANTA CLARA,Active,R-RES-TOU
ACCT001184,CUST001184,PREM001184,Electric,Industrial,KINGS,Active,R-IND-GEN
ACCT001185,CUST001185,PREM001185,Electric,Residential,CONTRA COSTA,Active,R-RES-TOU
ACCT001186,CUST001186,PREM001186,Electric,Industrial,SAN JOAQUIN,Pending Close,R-IND-GEN
ACCT001187,CUST001187,PREM001187,Electric,Residential,MERCED,Active,R-RES-TOU
ACCT001188,CUST001188,PREM001188,Electric,Residential,ALAMEDA,Active,R-RES-TOU
ACCT001189,CUST001189,PREM001189,Electric,Residential,SANTA CLARA,Active,R-RES-TOU
ACCT001190,CUST001190,PREM001190,Electric,Residential,SANTA CLARA,Active,R-RES-TOU
ACCT001191,CUST001191,PREM001191,Electric,Residential,FRESNO,Active,R-RES-TOU
ACCT001192,CUST001192,PREM001192,Electric,Residential,SANTA BARBARA,Active,R-RES-TOU
ACCT001193,CUST001193,PREM001193,Electric,Residential,MERCED,Active,R-RES-TOU
ACCT001194,CUST001194,PREM001194,Electric,Residential,AMADOR,Active,R-RES-TOU
ACCT001195,CUST001195,PREM001195,Electric,Residential,FRESNO,Active,R-RES-TOU
ACCT001196,CUST001196,PREM001196,Electric,Commercial,SANTA CLARA,Active,R-COM-GEN
ACCT001197,CUST001197,PREM001197,Electric,Agriculture And Water Pumping,ALAMEDA,Active,R-AGR-PUMP
ACCT001198,CUST001198,PREM001198,Electric,Agriculture And Water Pumping,SAN JOAQUIN,Active,R-AGR-PUMP
ACCT001199,CUST001199,PREM001199,Electric,Residential,SANTA CLARA,Active,R-RES-TOU
ACCT001200,CUST001200,PREM001200,Electric,Residential,CONTRA COSTA,Inactive,R-RES-TOU
ACCT001201,CUST001201,PREM001201,Electric,Residential,FRESNO,Active,R-RES-TOU
ACCT001202,CUST001202,PREM001202,Electric,Residential,KERN,Active,R-RES-TOU
ACCT001203,CUST001203,PREM001203,Electric,Residential,YOLO,Active,R-RES-TOU
ACCT001204,CUST001204,PREM001204,Electric,Residential,SANTA BARBARA,Active,R-RES-TOU
ACCT001205,CUST001205,PREM001205,Electric,Residential,SANTA CLARA,Active,R-RES-TOU
ACCT001206,CUST001206,PREM001206,Electric,Residential,NAPA,Active,R-RES-TOU
ACCT001207,CUST001207,PREM001207,Electric,Residential,ALAMEDA,Active,R-RES-TOU
ACCT001208,CUST001208,PREM001208,Electric,Residential,SAN MATEO,Active,R-RES-TOU
ACCT001209,CUST001209,PREM001209,Electric,Residential,KERN,Active,R-RES-TOU
ACCT001210,CUST001210,PREM001210,Electric,Streetlighting,CONTRA COSTA,Active,R-STLIGHT
ACCT001211,CUST001211,PREM001211,Electric,Residential,KERN,Active,R-RES-TOU
ACCT001212,CUST001212,PREM001212,Electric,Residential,SANTA CLARA,Active,R-RES-TOU
ACCT001213,CUST001213,PREM001213,Electric,Residential,KERN,Active,R-RES-TOU
ACCT001214,CUST001214,PREM001214,Electric,Residential,SAN MATEO,Active,R-RES-TOU
ACCT001215,CUST001215,PREM001215,Electric,Residential,MERCED,Active,R-RES-TOU
ACCT001216,CUST001216,PREM001216,Electric,Residential,SAN JOAQUIN,Active,R-RES-TOU
ACCT001217,CUST001217,PREM001217,Electric,Residential,SANTA CLARA,Active,R-RES-TOU
ACCT001218,CUST001218,PREM001218,Electric,Residential,SAN MATEO,Active,R-RES-TOU
ACCT001219,CUST001219,PREM001219,Electric,Residential,MARIN,Active,R-RES-TOU
ACCT001220,CUST001220,PREM001220,Electric,Residential,SANTA CLARA,Active,R-RES-TOU
ACCT001221,CUST001221,PREM001221,Electric,Agriculture And Water Pumping,SAN JOAQUIN,Active,R-AGR-PUMP
ACCT001222,CUST001222,PREM001222,Electric,Residential,FRESNO,Active,R-RES-TOU
ACCT001223,CUST001223,PREM001223,Electric,Residential,SANTA CLARA,Active,R-RES-TOU
ACCT001224,CUST001224,PREM001224,Electric,Industrial,SAN MATEO,Active,R-IND-GEN
ACCT001225,CUST001225,PREM001225,Electric,Residential,SANTA CLARA,Active,R-RES-TOU
ACCT001226,CUST001226,PREM001226,Electric,Residential,SANTA CRUZ,Active,R-RES-TOU
ACCT001227,CUST001227,PREM001227,Electric,Residential,SANTA CLARA,Active,R-RES-TOU
ACCT001228,CUST001228,PREM001228,Electric,Residential,SHASTA,Inactive,R-RES-TOU
ACCT001229,CUST001229,PREM001229,Electric,"Transportation, Communications, & Utilities",MERCED,Active,R-TCU-GEN
ACCT001230,CUST001230,PREM001230,Electric,Residential,KERN,Active,R-RES-TOU
ACCT001231,CUST001231,PREM001231,Electric,Commercial,SAN FRANCISCO,Active,R-COM-GEN
ACCT001232,CUST001232,PREM001232,Electric,Residential,YOLO,Active,R-RES-TOU
ACCT001233,CUST001233,PREM001233,Electric,Residential,SAN FRANCISCO,Active,R-RES-TOU
ACCT001234,CUST001234,PREM001234,Electric,Residential,SANTA CLARA,Active,R-RES-TOU
ACCT001235,CUST001235,PREM001235,Electric,Residential,MARIN,Active,R-RES-TOU
ACCT001236,CUST001236,PREM001236,Electric,Residential,SAN JOAQUIN,Active,R-RES-TOU
ACCT001237,CUST001237,PREM001237,Electric,Commercial,SANTA BARBARA,Active,R-COM-GEN
ACCT001238,CUST001238,PREM001238,Electric,Residential,SANTA BARBARA,Active,R-RES-TOU
ACCT001239,CUST001239,PREM001239,Electric,Agriculture And Water Pumping,MONTEREY,Active,R-AGR-PUMP
ACCT001240,CUST001240,PREM001240,Electric,Residential,SONOMA,Active,R-RES-TOU
ACCT001241,CUST001241,PREM001241,Electric,Commercial,YOLO,Active,R-COM-GEN
ACCT001242,CUST001242,PREM001242,Electric,Residential,SANTA CLARA,Active,R-RES-TOU
ACCT001243,CUST001243,PREM001243,Electric,Residential,SAN FRANCISCO,Active,R-RES-TOU
ACCT001244,CUST001244,PREM001244,Electric,Commercial,SOLANO,Active,R-COM-GEN
ACCT001245,CUST001245,PREM001245,Electric,Residential,MADERA,Active,R-RES-TOU
ACCT001246,CUST001246,PREM001246,Electric,Residential,SAN LUIS OBISPO,Active,R-RES-TOU
ACCT001247,CUST001247,PREM001247,Electric,Residential,SANTA CLARA,Active,R-RES-TOU
ACCT001248,CUST001248,PREM001248,Electric,Residential,MERCED,Active,R-RES-TOU
ACCT001249,CUST001249,PREM001249,Electric,Commercial,FRESNO,Active,R-COM-GEN
ACCT001250,CUST001250,PREM001250,Electric,Residential,SANTA CLARA,Active,R-RES-TOU
ACCT001251,CUST001251,PREM001251,Electric,Commercial,KERN,Active,R-COM-GEN
ACCT001252,CUST001252,PREM001252,Electric,Residential,SANTA CLARA,Active,R-RES-TOU
ACCT001253,CUST001253,PREM001253,Electric,Residential,SAN MATEO,Active,R-RES-TOU
ACCT001254,CUST001254,PREM001254,Electric,Residential,CONTRA COSTA,Active,R-RES-TOU
ACCT001255,CUST001255,PREM001255,Electric,Residential,KERN,Active,R-RES-TOU
ACCT001256,CUST001256,PREM001256,Electric,Residential,SAN FRANCISCO,Inactive,R-RES-TOU
ACCT001257,CUST001257,PREM001257,Electric,Residential,SANTA CRUZ,Active,R-RES-TOU
ACCT001258,CUST001258,PREM001258,Electric,Residential,FRESNO,Active,R-RES-TOU
ACCT001259,CUST001259,PREM001259,Electric,Residential,SAN JOAQUIN,Active,R-RES-TOU
ACCT001260,CUST001260,PREM001260,Electric,Residential,SANTA CLARA,Active,R-RES-TOU
ACCT001261,CUST001261,PREM001261,Electric,Residential,SANTA CLARA,Active,R-RES-TOU
ACCT001262,CUST001262,PREM001262,Electric,Commercial,BUTTE,Active,R-COM-GEN
ACCT001263,CUST001263,PREM001263,Electric,Residential,SANTA CLARA,Active,R-RES-TOU
ACCT001264,CUST001264,PREM001264,Electric,Residential,KINGS,Active,R-RES-TOU
ACCT001265,CUST001265,PREM001265,Electric,Residential,SAN JOAQUIN,Active,R-RES-TOU
ACCT001266,CUST001266,PREM001266,Electric,Residential,KERN,Active,R-RES-TOU
ACCT001267,CUST001267,PREM001267,Electric,Residential,SHASTA,Active,R-RES-TOU
ACCT001268,CUST001268,PREM001268,Electric,Residential,SANTA CLARA,Active,R-RES-TOU
ACCT001269,CUST001269,PREM001269,Electric,Residential,ALAMEDA,Active,R-RES-TOU
ACCT001270,CUST001270,PREM001270,Electric,Residential,SANTA BARBARA,Active,R-RES-TOU
ACCT001271,CUST001271,PREM001271,Electric,Residential,SAN MATEO,Active,R-RES-TOU
ACCT001272,CUST001272,PREM001272,Electric,Commercial,MENDOCINO,Active,R-COM-GEN
ACCT001273,CUST001273,PREM001273,Electric,Residential,CONTRA COSTA,Active,R-RES-TOU
ACCT001274,CUST001274,PREM001274,Electric,Residential,SAN FRANCISCO,Active,R-RES-TOU
ACCT001275,CUST001275,PREM001275,Electric,Residential,NEVADA,Active,R-RES-TOU
ACCT001276,CUST001276,PREM001276,Electric,Residential,SANTA BARBARA,Active,R-RES-TOU
ACCT001277,CUST001277,PREM001277,Electric,Residential,ALAMEDA,Active,R-RES-TOU
ACCT001278,CUST001278,PREM001278,Electric,"Transportation, Communications, & Utilities",SAN MATEO,Active,R-TCU-GEN
ACCT001279,CUST001279,PREM001279,Electric,Residential,SAN JOAQUIN,Active,R-RES-TOU
ACCT001280,CUST001280,PREM001280,Electric,Residential,SANTA CLARA,Active,R-RES-TOU
ACCT001281,CUST001281,PREM001281,Electric,Residential,SAN JOAQUIN,Active,R-RES-TOU
ACCT001282,CUST001282,PREM001282,Electric,Residential,SAN FRANCISCO,Active,R-RES-TOU
ACCT001283,CUST001283,PREM001283,Electric,Residential,MADERA,Inactive,R-RES-TOU
ACCT001284,CUST001284,PREM001284,Electric,Residential,FRESNO,Active,R-RES-TOU
ACCT001285,CUST001285,PREM001285,Electric,Residential,SANTA CLARA,Active,R-RES-TOU
ACCT001286,CUST001286,PREM001286,Electric,Residential,SAN FRANCISCO,Active,R-RES-TOU
ACCT001287,CUST001287,PREM001287,Electric,Residential,MONTEREY,Inactive,R-RES-TOU
ACCT001288,CUST001288,PREM001288,Electric,Residential,KERN,Active,R-RES-TOU
ACCT001289,CUST001289,PREM001289,Electric,Residential,KINGS,Active,R-RES-TOU
ACCT001290,CUST001290,PREM001290,Electric,Residential,KERN,Active,R-RES-TOU
ACCT001291,CUST001291,PREM001291,Electric,Residential,SANTA CLARA,Active,R-RES-TOU
ACCT001292,CUST001292,PREM001292,Electric,Residential,KERN,Active,R-RES-TOU
ACCT001293,CUST001293,PREM001293,Electric,Residential,NAPA,Active,R-RES-TOU
ACCT001294,CUST001294,PREM001294,Electric,Residential,ALAMEDA,Active,R-RES-TOU
ACCT001295,CUST001295,PREM001295,Electric,Commercial,MONTEREY,Active,R-COM-GEN
ACCT001296,CUST001296,PREM001296,Electric,Residential,MONTEREY,Active,R-RES-TOU
ACCT001297,CUST001297,PREM001297,Electric,Residential,SAN MATEO,Active,R-RES-TOU
ACCT001298,CUST001298,PREM001298,Electric,Residential,SANTA CLARA,Active,R-RES-TOU
ACCT001299,CUST001299,PREM001299,Electric,Residential,SOLANO,Active,R-RES-TOU
ACCT001300,CUST001300,PREM001300,Electric,Residential,ALAMEDA,Active,R-RES-TOU
ACCT001301,CUST001301,PREM001301,Electric,Residential,MERCED,Active,R-RES-TOU
ACCT001302,CUST001302,PREM001302,Electric,Industrial,KERN,Active,R-IND-GEN
ACCT001303,CUST001303,PREM001303,Electric,Residential,KERN,Active,R-RES-TOU
ACCT001304,CUST001304,PREM001304,Electric,Residential,MERCED,Active,R-RES-TOU
ACCT001305,CUST001305,PREM001305,Electric,Residential,KERN,Active,R-RES-TOU
ACCT001306,CUST001306,PREM001306,Electric,Commercial,KERN,Active,R-COM-GEN
ACCT001307,CUST001307,PREM001307,Electric,Residential,MARIN,Inactive,R-RES-TOU
ACCT001308,CUST001308,PREM001308,Electric,Commercial,SAN MATEO,Active,R-COM-GEN
ACCT001309,CUST001309,PREM001309,Electric,Residential,PLACER,Active,R-RES-TOU
ACCT001310,CUST001310,PREM001310,Electric,Commercial,SAN JOAQUIN,Active,R-COM-GEN
ACCT001311,CUST001311,PREM001311,Electric,Residential,SAN MATEO,Active,R-RES-TOU
ACCT001312,CUST001312,PREM001312,Electric,Commercial,PLACER,Active,R-COM-GEN
ACCT001313,CUST001313,PREM001313,Electric,Residential,FRESNO,Active,R-RES-TOU
ACCT001314,CUST001314,PREM001314,Electric,Commercial,ALAMEDA,Inactive,R-COM-GEN
ACCT001315,CUST001315,PREM001315,Electric,Residential,ALAMEDA,Inactive,R-RES-TOU
ACCT001316,CUST001316,PREM001316,Electric,Residential,TUOLUMNE,Active,R-RES-TOU
ACCT001317,CUST001317,PREM001317,Electric,Residential,SOLANO,Active,R-RES-TOU
ACCT001318,CUST001318,PREM001318,Electric,Residential,SAN FRANCISCO,Active,R-RES-TOU
ACCT001319,CUST001319,PREM001319,Electric,Residential,SANTA BARBARA,Active,R-RES-TOU
ACCT001320,CUST001320,PREM001320,Electric,Residential,CONTRA COSTA,Inactive,R-RES-TOU
ACCT001321,CUST001321,PREM001321,Electric,Residential,EL DORADO,Active,R-RES-TOU
ACCT001322,CUST001322,PREM001322,Electric,Residential,KERN,Active,R-RES-TOU
ACCT001323,CUST001323,PREM001323,Electric,Commercial,SAN FRANCISCO,Active,R-COM-GEN
ACCT001324,CUST001324,PREM001324,Electric,Residential,SAN MATEO,Active,R-RES-TOU
ACCT001325,CUST001325,PREM001325,Electric,"Transportation, Communications, & Utilities",SANTA CLARA,Inactive,R-TCU-GEN
ACCT001326,CUST001326,PREM001326,Electric,Residential,SANTA CLARA,Active,R-RES-TOU
ACCT001327,CUST001327,PREM001327,Electric,Residential,NAPA,Active,R-RES-TOU
ACCT001328,CUST001328,PREM001328,Electric,Residential,KERN,Active,R-RES-TOU
ACCT001329,CUST001329,PREM001329,Electric,Residential,KERN,Active,R-RES-TOU
ACCT001330,CUST001330,PREM001330,Electric,Residential,CONTRA COSTA,Active,R-RES-TOU
ACCT001331,CUST001331,PREM001331,Electric,Residential,CONTRA COSTA,Active,R-RES-TOU
ACCT001332,CUST001332,PREM001332,Electric,Residential,FRESNO,Active,R-RES-TOU
ACCT001333,CUST001333,PREM001333,Electric,Residential,PLACER,Active,R-RES-TOU
ACCT001334,CUST001334,PREM001334,Electric,Streetlighting,KERN,Active,R-STLIGHT
ACCT001335,CUST001335,PREM001335,Electric,Agriculture And Water Pumping,ALAMEDA,Active,R-AGR-PUMP
ACCT001336,CUST001336,PREM001336,Electric,Residential,SOLANO,Active,R-RES-TOU
ACCT001337,CUST001337,PREM001337,Electric,Residential,SANTA CLARA,Active,R-RES-TOU
ACCT001338,CUST001338,PREM001338,Electric,Residential,SANTA CLARA,Active,R-RES-TOU
ACCT001339,CUST001339,PREM001339,Electric,Residential,KERN,Active,R-RES-TOU
ACCT001340,CUST001340,PREM001340,Electric,Residential,ALAMEDA,Active,R-RES-TOU
ACCT001341,CUST001341,PREM001341,Electric,Residential,ALAMEDA,Active,R-RES-TOU
ACCT001342,CUST001342,PREM001342,Electric,Residential,SANTA BARBARA,Active,R-RES-TOU
ACCT001343,CUST001343,PREM001343,Electric,Commercial,SANTA BARBARA,Active,R-COM-GEN
ACCT001344,CUST001344,PREM001344,Electric,Residential,SAN JOAQUIN,Active,R-RES-TOU
ACCT001345,CUST001345,PREM001345,Electric,Residential,KERN,Active,R-RES-TOU
ACCT001346,CUST001346,PREM001346,Electric,Residential,CONTRA COSTA,Inactive,R-RES-TOU
ACCT001347,CUST001347,PREM001347,Electric,Residential,ALAMEDA,Inactive,R-RES-TOU
ACCT001348,CUST001348,PREM001348,Electric,Residential,HUMBOLDT,Active,R-RES-TOU
ACCT001349,CUST001349,PREM001349,Electric,"Transportation, Communications, & Utilities",SAN LUIS OBISPO,Active,R-TCU-GEN
ACCT001350,CUST001350,PREM001350,Electric,Residential,FRESNO,Active,R-RES-TOU
ACCT001351,CUST001351,PREM001351,Electric,Commercial,CONTRA COSTA,Active,R-COM-GEN
ACCT001352,CUST001352,PREM001352,Electric,Residential,PLACER,Active,R-RES-TOU
ACCT001353,CUST001353,PREM001353,Electric,Residential,CONTRA COSTA,Active,R-RES-TOU
ACCT001354,CUST001354,PREM001354,Electric,Residential,SAN FRANCISCO,Active,R-RES-TOU
ACCT001355,CUST001355,PREM001355,Electric,Residential,YOLO,Active,R-RES-TOU
ACCT001356,CUST001356,PREM001356,Electric,Commercial,KINGS,Active,R-COM-GEN
ACCT001357,CUST001357,PREM001357,Electric,Commercial,PLACER,Active,R-COM-GEN
ACCT001358,CUST001358,PREM001358,Electric,Residential,KERN,Active,R-RES-TOU
ACCT001359,CUST001359,PREM001359,Electric,Residential,PLUMAS,Active,R-RES-TOU
ACCT001360,CUST001360,PREM001360,Electric,Residential,FRESNO,Active,R-RES-TOU
ACCT001361,CUST001361,PREM001361,Electric,Commercial,CONTRA COSTA,Active,R-COM-GEN
ACCT001362,CUST001362,PREM001362,Electric,Residential,KERN,Active,R-RES-TOU
ACCT001363,CUST001363,PREM001363,Electric,Residential,ALAMEDA,Active,R-RES-TOU
ACCT001364,CUST001364,PREM001364,Electric,Residential,KERN,Active,R-RES-TOU
ACCT001365,CUST001365,PREM001365,Electric,Residential,KERN,Active,R-RES-TOU
ACCT001366,CUST001366,PREM001366,Electric,Residential,SAN FRANCISCO,Active,R-RES-TOU
ACCT001367,CUST001367,PREM001367,Electric,Residential,SAN MATEO,Active,R-RES-TOU
ACCT001368,CUST001368,PREM001368,Electric,Commercial,SANTA CLARA,Pending Close,R-COM-GEN
ACCT001369,CUST001369,PREM001369,Electric,Residential,KERN,Active,R-RES-TOU
ACCT001370,CUST001370,PREM001370,Electric,Residential,SAN JOAQUIN,Active,R-RES-TOU
ACCT001371,CUST001371,PREM001371,Electric,Agriculture And Water Pumping,FRESNO,Active,R-AGR-PUMP
ACCT001372,CUST001372,PREM001372,Electric,Residential,SAN MATEO,Active,R-RES-TOU
ACCT001373,CUST001373,PREM001373,Electric,Commercial,TUOLUMNE,Active,R-COM-GEN
ACCT001374,CUST001374,PREM001374,Electric,Residential,YOLO,Active,R-RES-TOU
ACCT001375,CUST001375,PREM001375,Electric,Residential,SANTA CLARA,Active,R-RES-TOU
ACCT001376,CUST001376,PREM001376,Electric,Commercial,CONTRA COSTA,Active,R-COM-GEN
ACCT001377,CUST001377,PREM001377,Electric,Residential,SOLANO,Active,R-RES-TOU
ACCT001378,CUST001378,PREM001378,Electric,Residential,SAN JOAQUIN,Active,R-RES-TOU
ACCT001379,CUST001379,PREM001379,Electric,Residential,KINGS,Active,R-RES-TOU
ACCT001380,CUST001380,PREM001380,Electric,Residential,SONOMA,Active,R-RES-TOU
ACCT001381,CUST001381,PREM001381,Electric,Residential,SAN LUIS OBISPO,Active,R-RES-TOU
ACCT001382,CUST001382,PREM001382,Electric,Residential,PLACER,Active,R-RES-TOU
ACCT001383,CUST001383,PREM001383,Electric,Agriculture And Water Pumping,CONTRA COSTA,Active,R-AGR-PUMP
ACCT001384,CUST001384,PREM001384,Electric,Residential,ALAMEDA,Active,R-RES-TOU
ACCT001385,CUST001385,PREM001385,Electric,Residential,KERN,Active,R-RES-TOU
ACCT001386,CUST001386,PREM001386,Electric,Residential,SANTA CRUZ,Active,R-RES-TOU
ACCT001387,CUST001387,PREM001387,Electric,Residential,SAN FRANCISCO,Active,R-RES-TOU
ACCT001388,CUST001388,PREM001388,Electric,Residential,SOLANO,Active,R-RES-TOU
ACCT001389,CUST001389,PREM001389,Electric,Agriculture And Water Pumping,ALAMEDA,Pending Close,R-AGR-PUMP
ACCT001390,CUST001390,PREM001390,Electric,Residential,SAN FRANCISCO,Active,R-RES-TOU
ACCT001391,CUST001391,PREM001391,Electric,Residential,SANTA CLARA,Active,R-RES-TOU
ACCT001392,CUST001392,PREM001392,Electric,Residential,KERN,Active,R-RES-TOU
ACCT001393,CUST001393,PREM001393,Electric,Residential,SOLANO,Active,R-RES-TOU
ACCT001394,CUST001394,PREM001394,Electric,Residential,FRESNO,Active,R-RES-TOU
ACCT001395,CUST001395,PREM001395,Electric,Residential,SHASTA,Active,R-RES-TOU
ACCT001396,CUST001396,PREM001396,Electric,Commercial,ALAMEDA,Active,R-COM-GEN
ACCT001397,CUST001397,PREM001397,Electric,Residential,KERN,Active,R-RES-TOU
ACCT001398,CUST001398,PREM001398,Electric,Residential,ALAMEDA,Active,R-RES-TOU
ACCT001399,CUST001399,PREM001399,Electric,Residential,KERN,Active,R-RES-TOU
ACCT001400,CUST001400,PREM001400,Electric,Residential,BUTTE,Active,R-RES-TOU
ACCT001401,CUST001401,PREM001401,Electric,Residential,FRESNO,Active,R-RES-TOU
ACCT001402,CUST001402,PREM001402,Electric,Residential,MONTEREY,Active,R-RES-TOU
ACCT001403,CUST001403,PREM001403,Electric,Residential,SANTA CLARA,Active,R-RES-TOU
ACCT001404,CUST001404,PREM001404,Electric,Residential,MONTEREY,Active,R-RES-TOU
ACCT001405,CUST001405,PREM001405,Electric,Residential,CONTRA COSTA,Active,R-RES-TOU
ACCT001406,CUST001406,PREM001406,Electric,Residential,SONOMA,Active,R-RES-TOU
ACCT001407,CUST001407,PREM001407,Electric,Commercial,ALAMEDA,Active,R-COM-GEN
ACCT001408,CUST001408,PREM001408,Electric,Commercial,ALAMEDA,Active,R-COM-GEN
ACCT001409,CUST001409,PREM001409,Electric,Residential,KERN,Active,R-RES-TOU
ACCT001410,CUST001410,PREM001410,Electric,Commercial,SUTTER,Active,R-COM-GEN
ACCT001411,CUST001411,PREM001411,Electric,Residential,CONTRA COSTA,Active,R-RES-TOU
ACCT001412,CUST001412,PREM001412,Electric,Residential,SAN MATEO,Active,R-RES-TOU
ACCT001413,CUST001413,PREM001413,Electric,Residential,BUTTE,Active,R-RES-TOU
ACCT001414,CUST001414,PREM001414,Electric,Residential,KERN,Active,R-RES-TOU
ACCT001415,CUST001415,PREM001415,Electric,Residential,SANTA CLARA,Active,R-RES-TOU
ACCT001416,CUST001416,PREM001416,Electric,Industrial,KERN,Active,R-IND-GEN
ACCT001417,CUST001417,PREM001417,Electric,Residential,KERN,Active,R-RES-TOU
ACCT001418,CUST001418,PREM001418,Electric,Residential,YOLO,Active,R-RES-TOU
ACCT001419,CUST001419,PREM001419,Electric,Residential,MADERA,Active,R-RES-TOU
ACCT001420,CUST001420,PREM001420,Electric,Industrial,KERN,Active,R-IND-GEN
ACCT001421,CUST001421,PREM001421,Electric,Residential,SHASTA,Active,R-RES-TOU
ACCT001422,CUST001422,PREM001422,Electric,Residential,KERN,Active,R-RES-TOU
ACCT001423,CUST001423,PREM001423,Electric,Residential,CONTRA COSTA,Inactive,R-RES-TOU
ACCT001424,CUST001424,PREM001424,Electric,Residential,ALAMEDA,Active,R-RES-TOU
ACCT001425,CUST001425,PREM001425,Electric,"Transportation, Communications, & Utilities",KERN,Active,R-TCU-GEN
ACCT001426,CUST001426,PREM001426,Electric,Agriculture And Water Pumping,SANTA CLARA,Active,R-AGR-PUMP
ACCT001427,CUST001427,PREM001427,Electric,Residential,NAPA,Active,R-RES-TOU
ACCT001428,CUST001428,PREM001428,Electric,Agriculture And Water Pumping,MERCED,Active,R-AGR-PUMP
ACCT001429,CUST001429,PREM001429,Electric,Residential,ALAMEDA,Active,R-RES-TOU
ACCT001430,CUST001430,PREM001430,Electric,Commercial,NEVADA,Active,R-COM-GEN
ACCT001431,CUST001431,PREM001431,Electric,Residential,FRESNO,Active,R-RES-TOU
ACCT001432,CUST001432,PREM001432,Electric,Residential,SUTTER,Active,R-RES-TOU
ACCT001433,CUST001433,PREM001433,Electric,Residential,MONTEREY,Inactive,R-RES-TOU
ACCT001434,CUST001434,PREM001434,Electric,Residential,PLACER,Active,R-RES-TOU
ACCT001435,CUST001435,PREM001435,Electric,Residential,MERCED,Active,R-RES-TOU
ACCT001436,CUST001436,PREM001436,Electric,Residential,SAN FRANCISCO,Active,R-RES-TOU
ACCT001437,CUST001437,PREM001437,Electric,Residential,SAN FRANCISCO,Active,R-RES-TOU
ACCT001438,CUST001438,PREM001438,Electric,Residential,SANTA CLARA,Active,R-RES-TOU
ACCT001439,CUST001439,PREM001439,Electric,Residential,SANTA CLARA,Active,R-RES-TOU
ACCT001440,CUST001440,PREM001440,Electric,Residential,PLACER,Active,R-RES-TOU
ACCT001441,CUST001441,PREM001441,Electric,Agriculture And Water Pumping,ALAMEDA,Active,R-AGR-PUMP
ACCT001442,CUST001442,PREM001442,Electric,Residential,CONTRA COSTA,Active,R-RES-TOU
ACCT001443,CUST001443,PREM001443,Electric,Residential,FRESNO,Active,R-RES-TOU
ACCT001444,CUST001444,PREM001444,Electric,Residential,CONTRA COSTA,Active,R-RES-TOU
ACCT001445,CUST001445,PREM001445,Electric,Commercial,SAN LUIS OBISPO,Active,R-COM-GEN
ACCT001446,CUST001446,PREM001446,Electric,Residential,PLACER,Active,R-RES-TOU
ACCT001447,CUST001447,PREM001447,Electric,Residential,KINGS,Active,R-RES-TOU
ACCT001448,CUST001448,PREM001448,Electric,Commercial,KERN,Active,R-COM-GEN
ACCT001449,CUST001449,PREM001449,Electric,Industrial,CONTRA COSTA,Active,R-IND-GEN
ACCT001450,CUST001450,PREM001450,Electric,Residential,SAN FRANCISCO,Active,R-RES-TOU
ACCT001451,CUST001451,PREM001451,Electric,Residential,SAN JOAQUIN,Active,R-RES-TOU
ACCT001452,CUST001452,PREM001452,Electric,Residential,YUBA,Active,R-RES-TOU
ACCT001453,CUST001453,PREM001453,Electric,Commercial,KERN,Active,R-COM-GEN
ACCT001454,CUST001454,PREM001454,Electric,Residential,ALAMEDA,Active,R-RES-TOU
ACCT001455,CUST001455,PREM001455,Electric,Residential,SONOMA,Pending Close,R-RES-TOU
ACCT001456,CUST001456,PREM001456,Electric,Industrial,SANTA CLARA,Active,R-IND-GEN
ACCT001457,CUST001457,PREM001457,Electric,Residential,EL DORADO,Active,R-RES-TOU
ACCT001458,CUST001458,PREM001458,Electric,Residential,KERN,Active,R-RES-TOU
ACCT001459,CUST001459,PREM001459,Electric,Residential,CONTRA COSTA,Active,R-RES-TOU
ACCT001460,CUST001460,PREM001460,Electric,Residential,SAN MATEO,Active,R-RES-TOU
ACCT001461,CUST001461,PREM001461,Electric,Residential,ALAMEDA,Active,R-RES-TOU
ACCT001462,CUST001462,PREM001462,Electric,Residential,FRESNO,Active,R-RES-TOU
ACCT001463,CUST001463,PREM001463,Electric,Residential,NAPA,Active,R-RES-TOU
ACCT001464,CUST001464,PREM001464,Electric,Residential,ALAMEDA,Active,R-RES-TOU
ACCT001465,CUST001465,PREM001465,Electric,Streetlighting,SAN JOAQUIN,Active,R-STLIGHT
ACCT001466,CUST001466,PREM001466,Electric,Residential,CONTRA COSTA,Active,R-RES-TOU
ACCT001467,CUST001467,PREM001467,Electric,"Transportation, Communications, & Utilities",PLACER,Active,R-TCU-GEN
ACCT001468,CUST001468,PREM001468,Electric,Residential,CONTRA COSTA,Active,R-RES-TOU
ACCT001469,CUST001469,PREM001469,Electric,Commercial,TUOLUMNE,Active,R-COM-GEN
ACCT001470,CUST001470,PREM001470,Electric,Residential,MERCED,Active,R-RES-TOU
ACCT001471,CUST001471,PREM001471,Electric,Residential,FRESNO,Active,R-RES-TOU
ACCT001472,CUST001472,PREM001472,Electric,Residential,SAN JOAQUIN,Active,R-RES-TOU
ACCT001473,CUST001473,PREM001473,Electric,Commercial,SANTA BARBARA,Pending Close,R-COM-GEN
ACCT001474,CUST001474,PREM001474,Electric,Residential,KINGS,Active,R-RES-TOU
ACCT001475,CUST001475,PREM001475,Electric,Residential,FRESNO,Active,R-RES-TOU
ACCT001476,CUST001476,PREM001476,Electric,Residential,YOLO,Active,R-RES-TOU
ACCT001477,CUST001477,PREM001477,Electric,Commercial,PLACER,Active,R-COM-GEN
ACCT001478,CUST001478,PREM001478,Electric,Residential,SANTA CLARA,Active,R-RES-TOU
ACCT001479,CUST001479,PREM001479,Electric,Commercial,PLACER,Active,R-COM-GEN
ACCT001480,CUST001480,PREM001480,Electric,Residential,SANTA CLARA,Active,R-RES-TOU
ACCT001481,CUST001481,PREM001481,Electric,Commercial,SAN LUIS OBISPO,Active,R-COM-GEN
ACCT001482,CUST001482,PREM001482,Electric,Residential,KERN,Active,R-RES-TOU
ACCT001483,CUST001483,PREM001483,Electric,Residential,SANTA CRUZ,Active,R-RES-TOU
ACCT001484,CUST001484,PREM001484,Electric,Residential,CONTRA COSTA,Active,R-RES-TOU
ACCT001485,CUST001485,PREM001485,Electric,Residential,SANTA CLARA,Active,R-RES-TOU
ACCT001486,CUST001486,PREM001486,Electric,Residential,KERN,Active,R-RES-TOU
ACCT001487,CUST001487,PREM001487,Electric,Residential,NAPA,Active,R-RES-TOU
ACCT001488,CUST001488,PREM001488,Electric,Residential,KERN,Active,R-RES-TOU
ACCT001489,CUST001489,PREM001489,Electric,Residential,KERN,Active,R-RES-TOU
ACCT001490,CUST001490,PREM001490,Electric,Residential,FRESNO,Active,R-RES-TOU
ACCT001491,CUST001491,PREM001491,Electric,Residential,SAN LUIS OBISPO,Inactive,R-RES-TOU
ACCT001492,CUST001492,PREM001492,Electric,Residential,ALAMEDA,Active,R-RES-TOU
ACCT001493,CUST001493,PREM001493,Electric,Residential,KERN,Active,R-RES-TOU
ACCT001494,CUST001494,PREM001494,Electric,Residential,SANTA CLARA,Active,R-RES-TOU
ACCT001495,CUST001495,PREM001495,Electric,Residential,KINGS,Active,R-RES-TOU
ACCT001496,CUST001496,PREM001496,Electric,Residential,SANTA CLARA,Active,R-RES-TOU
ACCT001497,CUST001497,PREM001497,Electric,Residential,MARIN,Active,R-RES-TOU
ACCT001498,CUST001498,PREM001498,Electric,Residential,CONTRA COSTA,Active,R-RES-TOU
ACCT001499,CUST001499,PREM001499,Electric,Residential,SANTA CLARA,Active,R-RES-TOU
ACCT001500,CUST001500,PREM001500,Electric,Commercial,MERCED,Pending Close,R-COM-GEN
ACCT001501,CUST001501,PREM001501,Electric,Residential,SANTA CLARA,Active,R-RES-TOU
ACCT001502,CUST001502,PREM001502,Electric,Residential,SANTA CLARA,Active,R-RES-TOU
ACCT001503,CUST001503,PREM001503,Electric,Residential,KERN,Active,R-RES-TOU
ACCT001504,CUST001504,PREM001504,Electric,Residential,CONTRA COSTA,Active,R-RES-TOU
ACCT001505,CUST001505,PREM001505,Electric,Residential,SANTA CLARA,Active,R-RES-TOU
ACCT001506,CUST001506,PREM001506,Electric,Residential,SAN JOAQUIN,Active,R-RES-TOU
ACCT001507,CUST001507,PREM001507,Electric,Residential,MERCED,Active,R-RES-TOU
ACCT001508,CUST001508,PREM001508,Electric,Residential,YOLO,Active,R-RES-TOU
ACCT001509,CUST001509,PREM001509,Electric,Residential,BUTTE,Active,R-RES-TOU
ACCT001510,CUST001510,PREM001510,Electric,Residential,FRESNO,Active,R-RES-TOU
ACCT001511,CUST001511,PREM001511,Electric,Commercial,CONTRA COSTA,Active,R-COM-GEN
ACCT001512,CUST001512,PREM001512,Electric,Residential,MERCED,Active,R-RES-TOU
ACCT001513,CUST001513,PREM001513,Electric,Agriculture And Water Pumping,SAN JOAQUIN,Active,R-AGR-PUMP
ACCT001514,CUST001514,PREM001514,Electric,Residential,SAN JOAQUIN,Active,R-RES-TOU
ACCT001515,CUST001515,PREM001515,Electric,Residential,KERN,Active,R-RES-TOU
ACCT001516,CUST001516,PREM001516,Electric,Residential,ALAMEDA,Active,R-RES-TOU
ACCT001517,CUST001517,PREM001517,Electric,Residential,SAN JOAQUIN,Active,R-RES-TOU
ACCT001518,CUST001518,PREM001518,Electric,Commercial,SOLANO,Active,R-COM-GEN
ACCT001519,CUST001519,PREM001519,Electric,Residential,HUMBOLDT,Active,R-RES-TOU
ACCT001520,CUST001520,PREM001520,Electric,Industrial,SANTA CLARA,Active,R-IND-GEN
ACCT001521,CUST001521,PREM001521,Electric,Residential,SANTA CLARA,Active,R-RES-TOU
ACCT001522,CUST001522,PREM001522,Electric,Industrial,SANTA CLARA,Active,R-IND-GEN
ACCT001523,CUST001523,PREM001523,Electric,Residential,MERCED,Active,R-RES-TOU
ACCT001524,CUST001524,PREM001524,Electric,Residential,SANTA CLARA,Active,R-RES-TOU
ACCT001525,CUST001525,PREM001525,Electric,Residential,CONTRA COSTA,Active,R-RES-TOU
ACCT001526,CUST001526,PREM001526,Electric,Residential,YUBA,Active,R-RES-TOU
ACCT001527,CUST001527,PREM001527,Electric,Residential,CONTRA COSTA,Active,R-RES-TOU
ACCT001528,CUST001528,PREM001528,Electric,Residential,SAN JOAQUIN,Active,R-RES-TOU
ACCT001529,CUST001529,PREM001529,Electric,Commercial,SAN MATEO,Active,R-COM-GEN
ACCT001530,CUST001530,PREM001530,Electric,Residential,SAN JOAQUIN,Active,R-RES-TOU
ACCT001531,CUST001531,PREM001531,Electric,Residential,SAN FRANCISCO,Inactive,R-RES-TOU
ACCT001532,CUST001532,PREM001532,Electric,Residential,SONOMA,Active,R-RES-TOU
ACCT001533,CUST001533,PREM001533,Electric,Residential,YOLO,Active,R-RES-TOU
ACCT001534,CUST001534,PREM001534,Electric,Residential,CONTRA COSTA,Active,R-RES-TOU
ACCT001535,CUST001535,PREM001535,Electric,Residential,GLENN,Active,R-RES-TOU
ACCT001536,CUST001536,PREM001536,Electric,Residential,ALAMEDA,Active,R-RES-TOU
ACCT001537,CUST001537,PREM001537,Electric,Residential,FRESNO,Active,R-RES-TOU
ACCT001538,CUST001538,PREM001538,Electric,Residential,SONOMA,Active,R-RES-TOU
ACCT001539,CUST001539,PREM001539,Electric,Residential,KERN,Active,R-RES-TOU
ACCT001540,CUST001540,PREM001540,Electric,Residential,EL DORADO,Active,R-RES-TOU
ACCT001541,CUST001541,PREM001541,Electric,Residential,SANTA CLARA,Active,R-RES-TOU
ACCT001542,CUST001542,PREM001542,Electric,Residential,SAN JOAQUIN,Active,R-RES-TOU
ACCT001543,CUST001543,PREM001543,Electric,Residential,KINGS,Active,R-RES-TOU
ACCT001544,CUST001544,PREM001544,Electric,Residential,ALAMEDA,Active,R-RES-TOU
ACCT001545,CUST001545,PREM001545,Electric,Agriculture And Water Pumping,KERN,Active,R-AGR-PUMP
ACCT001546,CUST001546,PREM001546,Electric,Residential,SANTA CLARA,Active,R-RES-TOU
ACCT001547,CUST001547,PREM001547,Electric,Commercial,SAN FRANCISCO,Active,R-COM-GEN
ACCT001548,CUST001548,PREM001548,Electric,Residential,KERN,Inactive,R-RES-TOU
ACCT001549,CUST001549,PREM001549,Electric,Residential,SANTA CLARA,Active,R-RES-TOU
ACCT001550,CUST001550,PREM001550,Electric,Residential,KERN,Inactive,R-RES-TOU
ACCT001551,CUST001551,PREM001551,Electric,Agriculture And Water Pumping,SAN MATEO,Active,R-AGR-PUMP
ACCT001552,CUST001552,PREM001552,Electric,Residential,PLACER,Active,R-RES-TOU
ACCT001553,CUST001553,PREM001553,Electric,Commercial,NEVADA,Active,R-COM-GEN
ACCT001554,CUST001554,PREM001554,Electric,Commercial,CONTRA COSTA,Active,R-COM-GEN
ACCT001555,CUST001555,PREM001555,Electric,Residential,MADERA,Active,R-RES-TOU
ACCT001556,CUST001556,PREM001556,Electric,Residential,FRESNO,Active,R-RES-TOU
ACCT001557,CUST001557,PREM001557,Electric,Residential,SAN MATEO,Active,R-RES-TOU
ACCT001558,CUST001558,PREM001558,Electric,Residential,CONTRA COSTA,Active,R-RES-TOU
ACCT001559,CUST001559,PREM001559,Electric,Commercial,MADERA,Active,R-COM-GEN
ACCT001560,CUST001560,PREM001560,Electric,Commercial,MARIPOSA,Active,R-COM-GEN
ACCT001561,CUST001561,PREM001561,Electric,Residential,ALAMEDA,Active,R-RES-TOU
ACCT001562,CUST001562,PREM001562,Electric,Residential,ALAMEDA,Active,R-RES-TOU
ACCT001563,CUST001563,PREM001563,Electric,Residential,SANTA CLARA,Active,R-RES-TOU
ACCT001564,CUST001564,PREM001564,Electric,Residential,SAN FRANCISCO,Active,R-RES-TOU
ACCT001565,CUST001565,PREM001565,Electric,Commercial,SANTA CLARA,Active,R-COM-GEN
ACCT001566,CUST001566,PREM001566,Electric,Residential,SAN MATEO,Active,R-RES-TOU
ACCT001567,CUST001567,PREM001567,Electric,Residential,FRESNO,Active,R-RES-TOU
ACCT001568,CUST001568,PREM001568,Electric,Residential,SAN FRANCISCO,Active,R-RES-TOU
ACCT001569,CUST001569,PREM001569,Electric,Residential,KERN,Active,R-RES-TOU
ACCT001570,CUST001570,PREM001570,Electric,Residential,KERN,Active,R-RES-TOU
ACCT001571,CUST001571,PREM001571,Electric,Residential,SAN FRANCISCO,Active,R-RES-TOU
ACCT001572,CUST001572,PREM001572,Electric,Residential,CONTRA COSTA,Active,R-RES-TOU
ACCT001573,CUST001573,PREM001573,Electric,Residential,SANTA CLARA,Active,R-RES-TOU
ACCT001574,CUST001574,PREM001574,Electric,Commercial,MONTEREY,Active,R-COM-GEN
ACCT001575,CUST001575,PREM001575,Electric,Residential,SANTA CLARA,Active,R-RES-TOU
ACCT001576,CUST001576,PREM001576,Electric,Residential,FRESNO,Active,R-RES-TOU
ACCT001577,CUST001577,PREM001577,Electric,Residential,YOLO,Active,R-RES-TOU
ACCT001578,CUST001578,PREM001578,Electric,Residential,ALAMEDA,Active,R-RES-TOU
ACCT001579,CUST001579,PREM001579,Electric,Residential,MARIN,Active,R-RES-TOU
ACCT001580,CUST001580,PREM001580,Electric,Residential,SAN FRANCISCO,Active,R-RES-TOU
ACCT001581,CUST001581,PREM001581,Electric,Residential,MONTEREY,Active,R-RES-TOU
ACCT001582,CUST001582,PREM001582,Electric,Residential,SUTTER,Active,R-RES-TOU
ACCT001583,CUST001583,PREM001583,Electric,Residential,SOLANO,Active,R-RES-TOU
ACCT001584,CUST001584,PREM001584,Electric,Residential,SANTA CLARA,Active,R-RES-TOU
ACCT001585,CUST001585,PREM001585,Electric,"Transportation, Communications, & Utilities",FRESNO,Active,R-TCU-GEN
ACCT001586,CUST001586,PREM001586,Electric,Residential,KERN,Active,R-RES-TOU
ACCT001587,CUST001587,PREM001587,Electric,Residential,KERN,Active,R-RES-TOU
ACCT001588,CUST001588,PREM001588,Electric,Residential,CONTRA COSTA,Active,R-RES-TOU
ACCT001589,CUST001589,PREM001589,Electric,Residential,SANTA CLARA,Active,R-RES-TOU
ACCT001590,CUST001590,PREM001590,Electric,Residential,MERCED,Active,R-RES-TOU
ACCT001591,CUST001591,PREM001591,Electric,Residential,KERN,Active,R-RES-TOU
ACCT001592,CUST001592,PREM001592,Electric,Mining,ALAMEDA,Active,R-MIN-GEN
ACCT001593,CUST001593,PREM001593,Electric,Residential,KERN,Active,R-RES-TOU
ACCT001594,CUST001594,PREM001594,Electric,Residential,BUTTE,Active,R-RES-TOU
ACCT001595,CUST001595,PREM001595,Electric,Residential,SOLANO,Active,R-RES-TOU
ACCT001596,CUST001596,PREM001596,Electric,Residential,ALAMEDA,Active,R-RES-TOU
ACCT001597,CUST001597,PREM001597,Electric,Residential,SANTA CLARA,Active,R-RES-TOU
ACCT001598,CUST001598,PREM001598,Electric,Residential,ALAMEDA,Active,R-RES-TOU
ACCT001599,CUST001599,PREM001599,Electric,Residential,YOLO,Active,R-RES-TOU
ACCT001600,CUST001600,PREM001600,Electric,Commercial,SAN FRANCISCO,Active,R-COM-GEN
ACCT001601,CUST001601,PREM001601,Electric,Residential,PLACER,Active,R-RES-TOU
ACCT001602,CUST001602,PREM001602,Electric,Residential,SAN LUIS OBISPO,Active,R-RES-TOU
ACCT001603,CUST001603,PREM001603,Electric,Residential,SAN MATEO,Inactive,R-RES-TOU
ACCT001604,CUST001604,PREM001604,Electric,Residential,SAN JOAQUIN,Active,R-RES-TOU
ACCT001605,CUST001605,PREM001605,Electric,Residential,PLACER,Active,R-RES-TOU
ACCT001606,CUST001606,PREM001606,Electric,Residential,SANTA CLARA,Active,R-RES-TOU
ACCT001607,CUST001607,PREM001607,Electric,Residential,SANTA CLARA,Active,R-RES-TOU
ACCT001608,CUST001608,PREM001608,Electric,Commercial,PLACER,Active,R-COM-GEN
ACCT001609,CUST001609,PREM001609,Electric,Residential,AMADOR,Active,R-RES-TOU
ACCT001610,CUST001610,PREM001610,Electric,Residential,ALAMEDA,Active,R-RES-TOU
ACCT001611,CUST001611,PREM001611,Electric,Commercial,MONTEREY,Active,R-COM-GEN
ACCT001612,CUST001612,PREM001612,Electric,Residential,MADERA,Active,R-RES-TOU
ACCT001613,CUST001613,PREM001613,Electric,Residential,ALAMEDA,Active,R-RES-TOU
ACCT001614,CUST001614,PREM001614,Electric,Residential,CONTRA COSTA,Inactive,R-RES-TOU
ACCT001615,CUST001615,PREM001615,Electric,Residential,SANTA CLARA,Active,R-RES-TOU
ACCT001616,CUST001616,PREM001616,Electric,Residential,SOLANO,Active,R-RES-TOU
ACCT001617,CUST001617,PREM001617,Electric,Mining,SANTA CLARA,Active,R-MIN-GEN
ACCT001618,CUST001618,PREM001618,Electric,Residential,MARIN,Active,R-RES-TOU
ACCT001619,CUST001619,PREM001619,Electric,Residential,KERN,Active,R-RES-TOU
ACCT001620,CUST001620,PREM001620,Electric,Residential,SOLANO,Active,R-RES-TOU
ACCT001621,CUST001621,PREM001621,Electric,Residential,SANTA CLARA,Active,R-RES-TOU
ACCT001622,CUST001622,PREM001622,Electric,Residential,KERN,Active,R-RES-TOU
ACCT001623,CUST001623,PREM001623,Electric,Residential,KERN,Active,R-RES-TOU
ACCT001624,CUST001624,PREM001624,Electric,Agriculture And Water Pumping,PLACER,Active,R-AGR-PUMP
ACCT001625,CUST001625,PREM001625,Electric,Residential,SAN JOAQUIN,Active,R-RES-TOU
ACCT001626,CUST001626,PREM001626,Electric,Residential,SANTA CLARA,Active,R-RES-TOU
ACCT001627,CUST001627,PREM001627,Electric,Residential,SAN JOAQUIN,Active,R-RES-TOU
ACCT001628,CUST001628,PREM001628,Electric,Residential,FRESNO,Active,R-RES-TOU
ACCT001629,CUST001629,PREM001629,Electric,Residential,SAN FRANCISCO,Active,R-RES-TOU
ACCT001630,CUST001630,PREM001630,Electric,Residential,FRESNO,Active,R-RES-TOU
ACCT001631,CUST001631,PREM001631,Electric,Residential,KERN,Active,R-RES-TOU
ACCT001632,CUST001632,PREM001632,Electric,Residential,SANTA CLARA,Active,R-RES-TOU
ACCT001633,CUST001633,PREM001633,Electric,Residential,FRESNO,Active,R-RES-TOU
ACCT001634,CUST001634,PREM001634,Electric,Commercial,PLACER,Active,R-COM-GEN
ACCT001635,CUST001635,PREM001635,Electric,Industrial,SANTA BARBARA,Active,R-IND-GEN
ACCT001636,CUST001636,PREM001636,Electric,Residential,SAN MATEO,Active,R-RES-TOU
ACCT001637,CUST001637,PREM001637,Electric,Residential,SONOMA,Active,R-RES-TOU
ACCT001638,CUST001638,PREM001638,Electric,Residential,NEVADA,Active,R-RES-TOU
ACCT001639,CUST001639,PREM001639,Electric,Mining,SANTA CLARA,Active,R-MIN-GEN
ACCT001640,CUST001640,PREM001640,Electric,Industrial,KERN,Active,R-IND-GEN
ACCT001641,CUST001641,PREM001641,Electric,Residential,MADERA,Pending Close,R-RES-TOU
ACCT001642,CUST001642,PREM001642,Electric,Commercial,MERCED,Active,R-COM-GEN
ACCT001643,CUST001643,PREM001643,Electric,Residential,KERN,Active,R-RES-TOU
ACCT001644,CUST001644,PREM001644,Electric,Residential,SONOMA,Active,R-RES-TOU
ACCT001645,CUST001645,PREM001645,Electric,Residential,ALAMEDA,Active,R-RES-TOU
ACCT001646,CUST001646,PREM001646,Electric,Residential,KERN,Active,R-RES-TOU
ACCT001647,CUST001647,PREM001647,Electric,Residential,SONOMA,Active,R-RES-TOU
ACCT001648,CUST001648,PREM001648,Electric,Commercial,SONOMA,Active,R-COM-GEN
ACCT001649,CUST001649,PREM001649,Electric,Residential,FRESNO,Active,R-RES-TOU
ACCT001650,CUST001650,PREM001650,Electric,Residential,BUTTE,Active,R-RES-TOU
ACCT001651,CUST001651,PREM001651,Electric,Residential,SANTA CLARA,Active,R-RES-TOU
ACCT001652,CUST001652,PREM001652,Electric,Residential,MONTEREY,Active,R-RES-TOU
ACCT001653,CUST001653,PREM001653,Electric,Residential,ALAMEDA,Active,R-RES-TOU
ACCT001654,CUST001654,PREM001654,Electric,Residential,SANTA CLARA,Active,R-RES-TOU
ACCT001655,CUST001655,PREM001655,Electric,Residential,ALAMEDA,Active,R-RES-TOU
ACCT001656,CUST001656,PREM001656,Electric,Industrial,KERN,Active,R-IND-GEN
ACCT001657,CUST001657,PREM001657,Electric,Residential,ALAMEDA,Inactive,R-RES-TOU
ACCT001658,CUST001658,PREM001658,Electric,Residential,ALAMEDA,Pending Close,R-RES-TOU
ACCT001659,CUST001659,PREM001659,Electric,Residential,SANTA CLARA,Active,R-RES-TOU
ACCT001660,CUST001660,PREM001660,Electric,Residential,ALAMEDA,Active,R-RES-TOU
ACCT001661,CUST001661,PREM001661,Electric,Residential,SAN FRANCISCO,Active,R-RES-TOU
ACCT001662,CUST001662,PREM001662,Electric,Residential,KERN,Pending Close,R-RES-TOU
ACCT001663,CUST001663,PREM001663,Electric,Commercial,SAN MATEO,Active,R-COM-GEN
ACCT001664,CUST001664,PREM001664,Electric,Residential,SOLANO,Active,R-RES-TOU
ACCT001665,CUST001665,PREM001665,Electric,Mining,SONOMA,Active,R-MIN-GEN
ACCT001666,CUST001666,PREM001666,Electric,Commercial,MADERA,Active,R-COM-GEN
ACCT001667,CUST001667,PREM001667,Electric,Residential,ALAMEDA,Active,R-RES-TOU
ACCT001668,CUST001668,PREM001668,Electric,Industrial,SOLANO,Active,R-IND-GEN
ACCT001669,CUST001669,PREM001669,Electric,Residential,SANTA CLARA,Active,R-RES-TOU
ACCT001670,CUST001670,PREM001670,Electric,Commercial,SANTA CLARA,Active,R-COM-GEN
ACCT001671,CUST001671,PREM001671,Electric,Residential,SAN MATEO,Active,R-RES-TOU
ACCT001672,CUST001672,PREM001672,Electric,Commercial,SAN JOAQUIN,Active,R-COM-GEN
ACCT001673,CUST001673,PREM001673,Electric,Commercial,ALAMEDA,Active,R-COM-GEN
ACCT001674,CUST001674,PREM001674,Electric,Commercial,CONTRA COSTA,Active,R-COM-GEN
ACCT001675,CUST001675,PREM001675,Electric,Residential,SANTA CLARA,Active,R-RES-TOU
ACCT001676,CUST001676,PREM001676,Electric,Residential,BUTTE,Active,R-RES-TOU
ACCT001677,CUST001677,PREM001677,Electric,Residential,SANTA BARBARA,Active,R-RES-TOU
ACCT001678,CUST001678,PREM001678,Electric,Residential,ALAMEDA,Active,R-RES-TOU
ACCT001679,CUST001679,PREM001679,Electric,Residential,SAN FRANCISCO,Active,R-RES-TOU
ACCT001680,CUST001680,PREM001680,Electric,Residential,PLACER,Active,R-RES-TOU
ACCT001681,CUST001681,PREM001681,Electric,Residential,FRESNO,Active,R-RES-TOU
ACCT001682,CUST001682,PREM001682,Electric,"Transportation, Communications, & Utilities",ALAMEDA,Active,R-TCU-GEN
ACCT001683,CUST001683,PREM001683,Electric,Residential,MONTEREY,Active,R-RES-TOU
ACCT001684,CUST001684,PREM001684,Electric,Commercial,ALAMEDA,Active,R-COM-GEN
ACCT001685,CUST001685,PREM001685,Electric,Residential,FRESNO,Inactive,R-RES-TOU
ACCT001686,CUST001686,PREM001686,Electric,Commercial,CONTRA COSTA,Active,R-COM-GEN
ACCT001687,CUST001687,PREM001687,Electric,Commercial,MARIN,Active,R-COM-GEN
ACCT001688,CUST001688,PREM001688,Electric,Residential,SAN MATEO,Active,R-RES-TOU
ACCT001689,CUST001689,PREM001689,Electric,Residential,SAN FRANCISCO,Active,R-RES-TOU
ACCT001690,CUST001690,PREM001690,Electric,Residential,CONTRA COSTA,Active,R-RES-TOU
ACCT001691,CUST001691,PREM001691,Electric,Residential,MERCED,Active,R-RES-TOU
ACCT001692,CUST001692,PREM001692,Electric,Residential,SANTA CLARA,Active,R-RES-TOU
ACCT001693,CUST001693,PREM001693,Electric,Residential,FRESNO,Active,R-RES-TOU
ACCT001694,CUST001694,PREM001694,Electric,Residential,SAN JOAQUIN,Active,R-RES-TOU
ACCT001695,CUST001695,PREM001695,Electric,Residential,SAN FRANCISCO,Active,R-RES-TOU
ACCT001696,CUST001696,PREM001696,Electric,Residential,SOLANO,Active,R-RES-TOU
ACCT001697,CUST001697,PREM001697,Electric,Residential,FRESNO,Active,R-RES-TOU
ACCT001698,CUST001698,PREM001698,Electric,Residential,SAN MATEO,Active,R-RES-TOU
ACCT001699,CUST001699,PREM001699,Electric,Agriculture And Water Pumping,SAN JOAQUIN,Active,R-AGR-PUMP
ACCT001700,CUST001700,PREM001700,Electric,Residential,ALAMEDA,Active,R-RES-TOU
ACCT001701,CUST001701,PREM001701,Electric,Agriculture And Water Pumping,SAN FRANCISCO,Active,R-AGR-PUMP
ACCT001702,CUST001702,PREM001702,Electric,Residential,SOLANO,Active,R-RES-TOU
ACCT001703,CUST001703,PREM001703,Electric,Residential,MARIN,Active,R-RES-TOU
ACCT001704,CUST001704,PREM001704,Electric,Residential,ALAMEDA,Active,R-RES-TOU
ACCT001705,CUST001705,PREM001705,Electric,Residential,KERN,Active,R-RES-TOU
ACCT001706,CUST001706,PREM001706,Electric,Residential,SAN JOAQUIN,Active,R-RES-TOU
ACCT001707,CUST001707,PREM001707,Electric,Residential,MENDOCINO,Inactive,R-RES-TOU
ACCT001708,CUST001708,PREM001708,Electric,Residential,SAN FRANCISCO,Pending Close,R-RES-TOU
ACCT001709,CUST001709,PREM001709,Electric,Residential,FRESNO,Active,R-RES-TOU
ACCT001710,CUST001710,PREM001710,Electric,Residential,SONOMA,Active,R-RES-TOU
ACCT001711,CUST001711,PREM001711,Electric,Residential,SANTA CLARA,Active,R-RES-TOU
ACCT001712,CUST001712,PREM001712,Electric,Residential,ALAMEDA,Active,R-RES-TOU
ACCT001713,CUST001713,PREM001713,Electric,Residential,FRESNO,Active,R-RES-TOU
ACCT001714,CUST001714,PREM001714,Electric,Residential,SAN JOAQUIN,Active,R-RES-TOU
ACCT001715,CUST001715,PREM001715,Electric,Residential,BUTTE,Active,R-RES-TOU
ACCT001716,CUST001716,PREM001716,Electric,Mining,KERN,Active,R-MIN-GEN
ACCT001717,CUST001717,PREM001717,Electric,Residential,SANTA CLARA,Active,R-RES-TOU
ACCT001718,CUST001718,PREM001718,Electric,Residential,KERN,Active,R-RES-TOU
ACCT001719,CUST001719,PREM001719,Electric,"Transportation, Communications, & Utilities",SANTA CLARA,Active,R-TCU-GEN
ACCT001720,CUST001720,PREM001720,Electric,Residential,ALAMEDA,Active,R-RES-TOU
ACCT001721,CUST001721,PREM001721,Electric,Residential,MERCED,Active,R-RES-TOU
ACCT001722,CUST001722,PREM001722,Electric,Residential,GLENN,Active,R-RES-TOU
ACCT001723,CUST001723,PREM001723,Electric,Residential,SAN JOAQUIN,Active,R-RES-TOU
ACCT001724,CUST001724,PREM001724,Electric,Residential,KERN,Active,R-RES-TOU
ACCT001725,CUST001725,PREM001725,Electric,Residential,SAN LUIS OBISPO,Active,R-RES-TOU
ACCT001726,CUST001726,PREM001726,Electric,Residential,SANTA CLARA,Active,R-RES-TOU
ACCT001727,CUST001727,PREM001727,Electric,Residential,SAN MATEO,Active,R-RES-TOU
ACCT001728,CUST001728,PREM001728,Electric,Streetlighting,SANTA CLARA,Active,R-STLIGHT
ACCT001729,CUST001729,PREM001729,Electric,Commercial,KINGS,Active,R-COM-GEN
ACCT001730,CUST001730,PREM001730,Electric,Residential,SAN JOAQUIN,Active,R-RES-TOU
ACCT001731,CUST001731,PREM001731,Electric,Residential,KERN,Active,R-RES-TOU
ACCT001732,CUST001732,PREM001732,Electric,Residential,SANTA CLARA,Active,R-RES-TOU
ACCT001733,CUST001733,PREM001733,Electric,Residential,TUOLUMNE,Active,R-RES-TOU
ACCT001734,CUST001734,PREM001734,Electric,Residential,SAN MATEO,Active,R-RES-TOU
ACCT001735,CUST001735,PREM001735,Electric,Residential,SANTA CLARA,Active,R-RES-TOU
ACCT001736,CUST001736,PREM001736,Electric,Commercial,SAN FRANCISCO,Active,R-COM-GEN
ACCT001737,CUST001737,PREM001737,Electric,Residential,SUTTER,Active,R-RES-TOU
ACCT001738,CUST001738,PREM001738,Electric,Residential,CONTRA COSTA,Active,R-RES-TOU
ACCT001739,CUST001739,PREM001739,Electric,Residential,ALAMEDA,Active,R-RES-TOU
ACCT001740,CUST001740,PREM001740,Electric,Residential,AMADOR,Active,R-RES-TOU
ACCT001741,CUST001741,PREM001741,Electric,Commercial,SANTA CLARA,Active,R-COM-GEN
ACCT001742,CUST001742,PREM001742,Electric,Residential,SANTA CLARA,Active,R-RES-TOU
ACCT001743,CUST001743,PREM001743,Electric,Residential,SAN FRANCISCO,Active,R-RES-TOU
ACCT001744,CUST001744,PREM001744,Electric,Residential,BUTTE,Pending Close,R-RES-TOU
ACCT001745,CUST001745,PREM001745,Electric,Residential,KERN,Active,R-RES-TOU
ACCT001746,CUST001746,PREM001746,Electric,Residential,SHASTA,Active,R-RES-TOU
ACCT001747,CUST001747,PREM001747,Electric,Residential,FRESNO,Active,R-RES-TOU
ACCT001748,CUST001748,PREM001748,Electric,Residential,GLENN,Active,R-RES-TOU
ACCT001749,CUST001749,PREM001749,Electric,Residential,SHASTA,Active,R-RES-TOU
ACCT001750,CUST001750,PREM001750,Electric,Residential,KERN,Active,R-RES-TOU
ACCT001751,CUST001751,PREM001751,Electric,Residential,ALAMEDA,Active,R-RES-TOU
ACCT001752,CUST001752,PREM001752,Electric,Residential,SAN FRANCISCO,Active,R-RES-TOU
ACCT001753,CUST001753,PREM001753,Electric,Residential,ALAMEDA,Active,R-RES-TOU
ACCT001754,CUST001754,PREM001754,Electric,Residential,SANTA CLARA,Active,R-RES-TOU
ACCT001755,CUST001755,PREM001755,Electric,"Transportation, Communications, & Utilities",CONTRA COSTA,Active,R-TCU-GEN
ACCT001756,CUST001756,PREM001756,Electric,Commercial,KERN,Active,R-COM-GEN
ACCT001757,CUST001757,PREM001757,Electric,Agriculture And Water Pumping,SAN JOAQUIN,Active,R-AGR-PUMP
ACCT001758,CUST001758,PREM001758,Electric,Residential,SAN FRANCISCO,Active,R-RES-TOU
ACCT001759,CUST001759,PREM001759,Electric,Residential,YUBA,Active,R-RES-TOU
ACCT001760,CUST001760,PREM001760,Electric,Residential,ALAMEDA,Active,R-RES-TOU
ACCT001761,CUST001761,PREM001761,Electric,Residential,ALAMEDA,Active,R-RES-TOU
ACCT001762,CUST001762,PREM001762,Electric,Commercial,SANTA CLARA,Active,R-COM-GEN
ACCT001763,CUST001763,PREM001763,Electric,Residential,SANTA CLARA,Active,R-RES-TOU
ACCT001764,CUST001764,PREM001764,Electric,Residential,ALAMEDA,Active,R-RES-TOU
ACCT001765,CUST001765,PREM001765,Electric,Residential,MERCED,Active,R-RES-TOU
ACCT001766,CUST001766,PREM001766,Electric,Residential,SONOMA,Active,R-RES-TOU
ACCT001767,CUST001767,PREM001767,Electric,Residential,KINGS,Active,R-RES-TOU
ACCT001768,CUST001768,PREM001768,Electric,Residential,ALAMEDA,Active,R-RES-TOU
ACCT001769,CUST001769,PREM001769,Electric,Residential,MONTEREY,Active,R-RES-TOU
ACCT001770,CUST001770,PREM001770,Electric,Residential,ALAMEDA,Active,R-RES-TOU
ACCT001771,CUST001771,PREM001771,Electric,Residential,SANTA CLARA,Active,R-RES-TOU
ACCT001772,CUST001772,PREM001772,Electric,Residential,MONTEREY,Active,R-RES-TOU
ACCT001773,CUST001773,PREM001773,Electric,Commercial,SANTA BARBARA,Active,R-COM-GEN
ACCT001774,CUST001774,PREM001774,Electric,Agriculture And Water Pumping,SANTA CLARA,Active,R-AGR-PUMP
ACCT001775,CUST001775,PREM001775,Electric,Residential,KERN,Pending Close,R-RES-TOU
ACCT001776,CUST001776,PREM001776,Electric,Residential,ALAMEDA,Active,R-RES-TOU
ACCT001777,CUST001777,PREM001777,Electric,Residential,SOLANO,Active,R-RES-TOU
ACCT001778,CUST001778,PREM001778,Electric,Residential,KERN,Active,R-RES-TOU
ACCT001779,CUST001779,PREM001779,Electric,Residential,SHASTA,Active,R-RES-TOU
ACCT001780,CUST001780,PREM001780,Electric,Commercial,CONTRA COSTA,Active,R-COM-GEN
ACCT001781,CUST001781,PREM001781,Electric,Residential,SAN MATEO,Active,R-RES-TOU
ACCT001782,CUST001782,PREM001782,Electric,Commercial,KERN,Active,R-COM-GEN
ACCT001783,CUST001783,PREM001783,Electric,Residential,KERN,Active,R-RES-TOU
ACCT001784,CUST001784,PREM001784,Electric,Residential,ALAMEDA,Active,R-RES-TOU
ACCT001785,CUST001785,PREM001785,Electric,Residential,SOLANO,Active,R-RES-TOU
ACCT001786,CUST001786,PREM001786,Electric,Commercial,MONTEREY,Active,R-COM-GEN
ACCT001787,CUST001787,PREM001787,Electric,Residential,SUTTER,Active,R-RES-TOU
ACCT001788,CUST001788,PREM001788,Electric,Residential,SAN JOAQUIN,Active,R-RES-TOU
ACCT001789,CUST001789,PREM001789,Electric,Residential,BUTTE,Active,R-RES-TOU
ACCT001790,CUST001790,PREM001790,Electric,Residential,SAN FRANCISCO,Active,R-RES-TOU
ACCT001791,CUST001791,PREM001791,Electric,Residential,SAN JOAQUIN,Active,R-RES-TOU
ACCT001792,CUST001792,PREM001792,Electric,Residential,ALAMEDA,Active,R-RES-TOU
ACCT001793,CUST001793,PREM001793,Electric,Residential,KERN,Pending Close,R-RES-TOU
ACCT001794,CUST001794,PREM001794,Electric,Residential,ALAMEDA,Active,R-RES-TOU
ACCT001795,CUST001795,PREM001795,Electric,Residential,KERN,Active,R-RES-TOU
ACCT001796,CUST001796,PREM001796,Electric,Residential,ALAMEDA,Active,R-RES-TOU
ACCT001797,CUST001797,PREM001797,Electric,Residential,KINGS,Active,R-RES-TOU
ACCT001798,CUST001798,PREM001798,Electric,Residential,ALAMEDA,Active,R-RES-TOU
ACCT001799,CUST001799,PREM001799,Electric,Residential,SANTA CLARA,Active,R-RES-TOU
ACCT001800,CUST001800,PREM001800,Electric,Residential,PLACER,Active,R-RES-TOU
ACCT001801,CUST001801,PREM001801,Electric,Agriculture And Water Pumping,CONTRA COSTA,Active,R-AGR-PUMP
ACCT001802,CUST001802,PREM001802,Electric,Residential,SANTA CLARA,Active,R-RES-TOU
ACCT001803,CUST001803,PREM001803,Electric,Residential,SANTA CLARA,Active,R-RES-TOU
ACCT001804,CUST001804,PREM001804,Electric,Residential,KERN,Pending Close,R-RES-TOU
ACCT001805,CUST001805,PREM001805,Electric,Residential,KERN,Pending Close,R-RES-TOU
ACCT001806,CUST001806,PREM001806,Electric,Residential,SAN JOAQUIN,Active,R-RES-TOU
ACCT001807,CUST001807,PREM001807,Electric,Residential,SOLANO,Active,R-RES-TOU
ACCT001808,CUST001808,PREM001808,Electric,Residential,KERN,Active,R-RES-TOU
ACCT001809,CUST001809,PREM001809,Electric,Residential,SAN MATEO,Active,R-RES-TOU
ACCT001810,CUST001810,PREM001810,Electric,Residential,ALAMEDA,Active,R-RES-TOU
ACCT001811,CUST001811,PREM001811,Electric,Residential,MERCED,Inactive,R-RES-TOU
ACCT001812,CUST001812,PREM001812,Electric,Residential,CONTRA COSTA,Inactive,R-RES-TOU
ACCT001813,CUST001813,PREM001813,Electric,Residential,CONTRA COSTA,Active,R-RES-TOU
ACCT001814,CUST001814,PREM001814,Electric,Residential,MERCED,Active,R-RES-TOU
ACCT001815,CUST001815,PREM001815,Electric,Residential,KERN,Active,R-RES-TOU
ACCT001816,CUST001816,PREM001816,Electric,Agriculture And Water Pumping,SANTA CLARA,Active,R-AGR-PUMP
ACCT001817,CUST001817,PREM001817,Electric,Residential,ALAMEDA,Active,R-RES-TOU
ACCT001818,CUST001818,PREM001818,Electric,Residential,TUOLUMNE,Active,R-RES-TOU
ACCT001819,CUST001819,PREM001819,Electric,Residential,BUTTE,Active,R-RES-TOU
ACCT001820,CUST001820,PREM001820,Electric,Residential,FRESNO,Active,R-RES-TOU
ACCT001821,CUST001821,PREM001821,Electric,Residential,KERN,Active,R-RES-TOU
ACCT001822,CUST001822,PREM001822,Electric,Residential,PLACER,Active,R-RES-TOU
ACCT001823,CUST001823,PREM001823,Electric,Residential,HUMBOLDT,Active,R-RES-TOU
ACCT001824,CUST001824,PREM001824,Electric,Residential,KINGS,Active,R-RES-TOU
ACCT001825,CUST001825,PREM001825,Electric,Residential,SANTA CLARA,Active,R-RES-TOU
ACCT001826,CUST001826,PREM001826,Electric,Residential,SAN JOAQUIN,Active,R-RES-TOU
ACCT001827,CUST001827,PREM001827,Electric,Residential,SANTA CLARA,Active,R-RES-TOU
ACCT001828,CUST001828,PREM001828,Electric,Agriculture And Water Pumping,SANTA CLARA,Active,R-AGR-PUMP
ACCT001829,CUST001829,PREM001829,Electric,Commercial,FRESNO,Active,R-COM-GEN
ACCT001830,CUST001830,PREM001830,Electric,Residential,KERN,Active,R-RES-TOU
ACCT001831,CUST001831,PREM001831,Electric,"Transportation, Communications, & Utilities",MENDOCINO,Active,R-TCU-GEN
ACCT001832,CUST001832,PREM001832,Electric,Residential,SANTA CLARA,Active,R-RES-TOU
ACCT001833,CUST001833,PREM001833,Electric,Residential,KERN,Active,R-RES-TOU
ACCT001834,CUST001834,PREM001834,Electric,Residential,YOLO,Active,R-RES-TOU
ACCT001835,CUST001835,PREM001835,Electric,Commercial,SONOMA,Active,R-COM-GEN
ACCT001836,CUST001836,PREM001836,Electric,Residential,SANTA CLARA,Active,R-RES-TOU
ACCT001837,CUST001837,PREM001837,Electric,Residential,SAN MATEO,Active,R-RES-TOU
ACCT001838,CUST001838,PREM001838,Electric,Residential,SANTA CRUZ,Active,R-RES-TOU
ACCT001839,CUST001839,PREM001839,Electric,Industrial,SANTA CLARA,Active,R-IND-GEN
ACCT001840,CUST001840,PREM001840,Electric,Residential,KINGS,Active,R-RES-TOU
ACCT001841,CUST001841,PREM001841,Electric,Residential,YOLO,Active,R-RES-TOU
ACCT001842,CUST001842,PREM001842,Electric,Residential,SANTA CLARA,Active,R-RES-TOU
ACCT001843,CUST001843,PREM001843,Electric,Residential,SANTA CLARA,Active,R-RES-TOU
ACCT001844,CUST001844,PREM001844,Electric,Residential,SANTA CLARA,Active,R-RES-TOU
ACCT001845,CUST001845,PREM001845,Electric,Industrial,CALAVERAS,Pending Close,R-IND-GEN
ACCT001846,CUST001846,PREM001846,Electric,Residential,SANTA CLARA,Active,R-RES-TOU
ACCT001847,CUST001847,PREM001847,Electric,Residential,KERN,Active,R-RES-TOU
ACCT001848,CUST001848,PREM001848,Electric,Residential,KERN,Active,R-RES-TOU
ACCT001849,CUST001849,PREM001849,Electric,Commercial,SAN LUIS OBISPO,Active,R-COM-GEN
ACCT001850,CUST001850,PREM001850,Electric,Residential,CONTRA COSTA,Inactive,R-RES-TOU
ACCT001851,CUST001851,PREM001851,Electric,Residential,SANTA CLARA,Active,R-RES-TOU
ACCT001852,CUST001852,PREM001852,Electric,Commercial,MENDOCINO,Active,R-COM-GEN
ACCT001853,CUST001853,PREM001853,Electric,Commercial,SONOMA,Active,R-COM-GEN
ACCT001854,CUST001854,PREM001854,Electric,Commercial,MERCED,Active,R-COM-GEN
ACCT001855,CUST001855,PREM001855,Electric,Commercial,CONTRA COSTA,Active,R-COM-GEN
ACCT001856,CUST001856,PREM001856,Electric,Residential,ALAMEDA,Active,R-RES-TOU
ACCT001857,CUST001857,PREM001857,Electric,Residential,SANTA CRUZ,Active,R-RES-TOU
ACCT001858,CUST001858,PREM001858,Electric,Residential,ALAMEDA,Active,R-RES-TOU
ACCT001859,CUST001859,PREM001859,Electric,Commercial,CALAVERAS,Active,R-COM-GEN
ACCT001860,CUST001860,PREM001860,Electric,Residential,SANTA BARBARA,Active,R-RES-TOU
ACCT001861,CUST001861,PREM001861,Electric,Residential,CONTRA COSTA,Active,R-RES-TOU
ACCT001862,CUST001862,PREM001862,Electric,Residential,CALAVERAS,Active,R-RES-TOU
ACCT001863,CUST001863,PREM001863,Electric,Residential,LAKE,Active,R-RES-TOU
ACCT001864,CUST001864,PREM001864,Electric,Residential,SANTA CLARA,Active,R-RES-TOU
ACCT001865,CUST001865,PREM001865,Electric,"Transportation, Communications, & Utilities",PLACER,Active,R-TCU-GEN
ACCT001866,CUST001866,PREM001866,Electric,Industrial,ALAMEDA,Active,R-IND-GEN
ACCT001867,CUST001867,PREM001867,Electric,Residential,KERN,Active,R-RES-TOU
ACCT001868,CUST001868,PREM001868,Electric,Residential,SANTA CLARA,Active,R-RES-TOU
ACCT001869,CUST001869,PREM001869,Electric,Residential,SAN FRANCISCO,Active,R-RES-TOU
ACCT001870,CUST001870,PREM001870,Electric,Residential,LAKE,Active,R-RES-TOU
ACCT001871,CUST001871,PREM001871,Electric,Commercial,KERN,Pending Close,R-COM-GEN
ACCT001872,CUST001872,PREM001872,Electric,Residential,SANTA CLARA,Active,R-RES-TOU
ACCT001873,CUST001873,PREM001873,Electric,Residential,SANTA CRUZ,Active,R-RES-TOU
ACCT001874,CUST001874,PREM001874,Electric,Commercial,SAN MATEO,Active,R-COM-GEN
ACCT001875,CUST001875,PREM001875,Electric,Residential,BUTTE,Active,R-RES-TOU
ACCT001876,CUST001876,PREM001876,Electric,Residential,KERN,Active,R-RES-TOU
ACCT001877,CUST001877,PREM001877,Electric,Residential,SANTA CLARA,Active,R-RES-TOU
ACCT001878,CUST001878,PREM001878,Electric,Residential,SANTA CLARA,Active,R-RES-TOU
ACCT001879,CUST001879,PREM001879,Electric,Residential,MERCED,Active,R-RES-TOU
ACCT001880,CUST001880,PREM001880,Electric,Residential,ALAMEDA,Active,R-RES-TOU
ACCT001881,CUST001881,PREM001881,Electric,Residential,MERCED,Active,R-RES-TOU
ACCT001882,CUST001882,PREM001882,Electric,Commercial,SANTA CLARA,Active,R-COM-GEN
ACCT001883,CUST001883,PREM001883,Electric,Residential,ALAMEDA,Active,R-RES-TOU
ACCT001884,CUST001884,PREM001884,Electric,Residential,KERN,Active,R-RES-TOU
ACCT001885,CUST001885,PREM001885,Electric,Residential,SUTTER,Active,R-RES-TOU
ACCT001886,CUST001886,PREM001886,Electric,Residential,MENDOCINO,Active,R-RES-TOU
ACCT001887,CUST001887,PREM001887,Electric,Residential,SANTA CLARA,Active,R-RES-TOU
ACCT001888,CUST001888,PREM001888,Electric,Residential,SAN MATEO,Active,R-RES-TOU
ACCT001889,CUST001889,PREM001889,Electric,Residential,SANTA CLARA,Active,R-RES-TOU
ACCT001890,CUST001890,PREM001890,Electric,Mining,KERN,Active,R-MIN-GEN
ACCT001891,CUST001891,PREM001891,Electric,Residential,KERN,Active,R-RES-TOU
ACCT001892,CUST001892,PREM001892,Electric,Residential,SONOMA,Active,R-RES-TOU
ACCT001893,CUST001893,PREM001893,Electric,Commercial,MENDOCINO,Active,R-COM-GEN
ACCT001894,CUST001894,PREM001894,Electric,Residential,KERN,Active,R-RES-TOU
ACCT001895,CUST001895,PREM001895,Electric,Residential,KERN,Active,R-RES-TOU
ACCT001896,CUST001896,PREM001896,Electric,Residential,SONOMA,Active,R-RES-TOU
ACCT001897,CUST001897,PREM001897,Electric,Residential,SAN JOAQUIN,Active,R-RES-TOU
ACCT001898,CUST001898,PREM001898,Electric,Residential,CONTRA COSTA,Active,R-RES-TOU
ACCT001899,CUST001899,PREM001899,Electric,Residential,ALAMEDA,Active,R-RES-TOU
ACCT001900,CUST001900,PREM001900,Electric,Residential,KERN,Active,R-RES-TOU
ACCT001901,CUST001901,PREM001901,Electric,Residential,SANTA CLARA,Active,R-RES-TOU
ACCT001902,CUST001902,PREM001902,Electric,Residential,SANTA CLARA,Inactive,R-RES-TOU
ACCT001903,CUST001903,PREM001903,Electric,Residential,CONTRA COSTA,Active,R-RES-TOU
ACCT001904,CUST001904,PREM001904,Electric,Residential,SANTA BARBARA,Active,R-RES-TOU
ACCT001905,CUST001905,PREM001905,Electric,Residential,ALAMEDA,Active,R-RES-TOU
ACCT001906,CUST001906,PREM001906,Electric,Residential,CONTRA COSTA,Active,R-RES-TOU
ACCT001907,CUST001907,PREM001907,Electric,Agriculture And Water Pumping,SANTA CLARA,Active,R-AGR-PUMP
ACCT001908,CUST001908,PREM001908,Electric,Residential,SAN JOAQUIN,Active,R-RES-TOU
ACCT001909,CUST001909,PREM001909,Electric,Residential,BUTTE,Active,R-RES-TOU
ACCT001910,CUST001910,PREM001910,Electric,Residential,KERN,Active,R-RES-TOU
ACCT001911,CUST001911,PREM001911,Electric,Residential,KERN,Active,R-RES-TOU
ACCT001912,CUST001912,PREM001912,Electric,Commercial,HUMBOLDT,Active,R-COM-GEN
ACCT001913,CUST001913,PREM001913,Electric,Streetlighting,SANTA CLARA,Active,R-STLIGHT
ACCT001914,CUST001914,PREM001914,Electric,Residential,SANTA CLARA,Active,R-RES-TOU
ACCT001915,CUST001915,PREM001915,Electric,Residential,ALAMEDA,Active,R-RES-TOU
ACCT001916,CUST001916,PREM001916,Electric,Residential,SANTA CLARA,Pending Close,R-RES-TOU
ACCT001917,CUST001917,PREM001917,Electric,Commercial,MARIN,Active,R-COM-GEN
ACCT001918,CUST001918,PREM001918,Electric,Residential,CALAVERAS,Pending Close,R-RES-TOU
ACCT001919,CUST001919,PREM001919,Electric,Residential,EL DORADO,Active,R-RES-TOU
ACCT001920,CUST001920,PREM001920,Electric,Residential,KERN,Active,R-RES-TOU
ACCT001921,CUST001921,PREM001921,Electric,Residential,TUOLUMNE,Active,R-RES-TOU
ACCT001922,CUST001922,PREM001922,Electric,Residential,CONTRA COSTA,Active,R-RES-TOU
ACCT001923,CUST001923,PREM001923,Electric,Residential,SANTA CLARA,Active,R-RES-TOU
ACCT001924,CUST001924,PREM001924,Electric,Residential,SAN FRANCISCO,Inactive,R-RES-TOU
ACCT001925,CUST001925,PREM001925,Electric,Residential,EL DORADO,Active,R-RES-TOU
ACCT001926,CUST001926,PREM001926,Electric,Residential,CONTRA COSTA,Active,R-RES-TOU
ACCT001927,CUST001927,PREM001927,Electric,Residential,KERN,Active,R-RES-TOU
ACCT001928,CUST001928,PREM001928,Electric,Residential,SANTA BARBARA,Active,R-RES-TOU
ACCT001929,CUST001929,PREM001929,Electric,Residential,FRESNO,Active,R-RES-TOU
ACCT001930,CUST001930,PREM001930,Electric,Residential,SANTA BARBARA,Active,R-RES-TOU
ACCT001931,CUST001931,PREM001931,Electric,Residential,ALAMEDA,Active,R-RES-TOU
ACCT001932,CUST001932,PREM001932,Electric,Residential,SANTA CLARA,Active,R-RES-TOU
ACCT001933,CUST001933,PREM001933,Electric,Residential,KERN,Active,R-RES-TOU
ACCT001934,CUST001934,PREM001934,Electric,Residential,SANTA CLARA,Active,R-RES-TOU
ACCT001935,CUST001935,PREM001935,Electric,Residential,NAPA,Active,R-RES-TOU
ACCT001936,CUST001936,PREM001936,Electric,Commercial,KERN,Active,R-COM-GEN
ACCT001937,CUST001937,PREM001937,Electric,Residential,ALAMEDA,Active,R-RES-TOU
ACCT001938,CUST001938,PREM001938,Electric,Commercial,MERCED,Active,R-COM-GEN
ACCT001939,CUST001939,PREM001939,Electric,Residential,KERN,Active,R-RES-TOU
ACCT001940,CUST001940,PREM001940,Electric,Residential,ALAMEDA,Active,R-RES-TOU
ACCT001941,CUST001941,PREM001941,Electric,Residential,SAN JOAQUIN,Active,R-RES-TOU
ACCT001942,CUST001942,PREM001942,Electric,Residential,MONTEREY,Active,R-RES-TOU
ACCT001943,CUST001943,PREM001943,Electric,Residential,FRESNO,Active,R-RES-TOU
ACCT001944,CUST001944,PREM001944,Electric,Residential,CONTRA COSTA,Active,R-RES-TOU
ACCT001945,CUST001945,PREM001945,Electric,Residential,SAN FRANCISCO,Active,R-RES-TOU
ACCT001946,CUST001946,PREM001946,Electric,Residential,MADERA,Active,R-RES-TOU
ACCT001947,CUST001947,PREM001947,Electric,Residential,SANTA CLARA,Active,R-RES-TOU
ACCT001948,CUST001948,PREM001948,Electric,Residential,SANTA CLARA,Active,R-RES-TOU
ACCT001949,CUST001949,PREM001949,Electric,Residential,MONTEREY,Active,R-RES-TOU
ACCT001950,CUST001950,PREM001950,Electric,Residential,CONTRA COSTA,Active,R-RES-TOU
ACCT001951,CUST001951,PREM001951,Electric,Residential,MADERA,Pending Close,R-RES-TOU
ACCT001952,CUST001952,PREM001952,Electric,Residential,KERN,Active,R-RES-TOU
ACCT001953,CUST001953,PREM001953,Electric,Residential,KERN,Active,R-RES-TOU
ACCT001954,CUST001954,PREM001954,Electric,Residential,CONTRA COSTA,Active,R-RES-TOU
ACCT001955,CUST001955,PREM001955,Electric,Streetlighting,SAN JOAQUIN,Active,R-STLIGHT
ACCT001956,CUST001956,PREM001956,Electric,Industrial,SAN MATEO,Active,R-IND-GEN
ACCT001957,CUST001957,PREM001957,Electric,Residential,PLACER,Active,R-RES-TOU
ACCT001958,CUST001958,PREM001958,Electric,Residential,FRESNO,Inactive,R-RES-TOU
ACCT001959,CUST001959,PREM001959,Electric,Residential,FRESNO,Active,R-RES-TOU
ACCT001960,CUST001960,PREM001960,Electric,Residential,MARIPOSA,Active,R-RES-TOU
ACCT001961,CUST001961,PREM001961,Electric,Residential,PLACER,Inactive,R-RES-TOU
ACCT001962,CUST001962,PREM001962,Electric,Residential,KERN,Active,R-RES-TOU
ACCT001963,CUST001963,PREM001963,Electric,Commercial,NAPA,Active,R-COM-GEN
ACCT001964,CUST001964,PREM001964,Electric,Residential,SANTA BARBARA,Active,R-RES-TOU
ACCT001965,CUST001965,PREM001965,Electric,Residential,ALAMEDA,Active,R-RES-TOU
ACCT001966,CUST001966,PREM001966,Electric,Residential,SANTA CLARA,Active,R-RES-TOU
ACCT001967,CUST001967,PREM001967,Electric,Residential,SAN JOAQUIN,Active,R-RES-TOU
ACCT001968,CUST001968,PREM001968,Electric,Residential,SAN MATEO,Active,R-RES-TOU
ACCT001969,CUST001969,PREM001969,Electric,Residential,FRESNO,Active,R-RES-TOU
ACCT001970,CUST001970,PREM001970,Electric,Residential,KERN,Active,R-RES-TOU
ACCT001971,CUST001971,PREM001971,Electric,Residential,SANTA CLARA,Active,R-RES-TOU
ACCT001972,CUST001972,PREM001972,Electric,Commercial,SAN LUIS OBISPO,Active,R-COM-GEN
ACCT001973,CUST001973,PREM001973,Electric,Residential,CONTRA COSTA,Active,R-RES-TOU
ACCT001974,CUST001974,PREM001974,Electric,Residential,KERN,Active,R-RES-TOU
ACCT001975,CUST001975,PREM001975,Electric,Residential,SAN FRANCISCO,Active,R-RES-TOU
ACCT001976,CUST001976,PREM001976,Electric,Industrial,KERN,Active,R-IND-GEN
ACCT001977,CUST001977,PREM001977,Electric,Residential,SOLANO,Active,R-RES-TOU
ACCT001978,CUST001978,PREM001978,Electric,Residential,SAN JOAQUIN,Active,R-RES-TOU
ACCT001979,CUST001979,PREM001979,Electric,Commercial,MERCED,Active,R-COM-GEN
ACCT001980,CUST001980,PREM001980,Electric,Commercial,CONTRA COSTA,Active,R-COM-GEN
ACCT001981,CUST001981,PREM001981,Electric,Residential,SANTA CLARA,Active,R-RES-TOU
ACCT001982,CUST001982,PREM001982,Electric,Commercial,PLACER,Active,R-COM-GEN
ACCT001983,CUST001983,PREM001983,Electric,Residential,TUOLUMNE,Active,R-RES-TOU
ACCT001984,CUST001984,PREM001984,Electric,Residential,SAN JOAQUIN,Active,R-RES-TOU
ACCT001985,CUST001985,PREM001985,Electric,Residential,SAN JOAQUIN,Active,R-RES-TOU
ACCT001986,CUST001986,PREM001986,Electric,Residential,ALAMEDA,Active,R-RES-TOU
ACCT001987,CUST001987,PREM001987,Electric,Residential,KERN,Active,R-RES-TOU
ACCT001988,CUST001988,PREM001988,Electric,Residential,KERN,Active,R-RES-TOU
ACCT001989,CUST001989,PREM001989,Electric,Residential,SANTA CLARA,Active,R-RES-TOU
ACCT001990,CUST001990,PREM001990,Electric,Residential,CONTRA COSTA,Inactive,R-RES-TOU
ACCT001991,CUST001991,PREM001991,Electric,Residential,NAPA,Active,R-RES-TOU
ACCT001992,CUST001992,PREM001992,Electric,Residential,ALAMEDA,Active,R-RES-TOU
ACCT001993,CUST001993,PREM001993,Electric,Residential,ALAMEDA,Inactive,R-RES-TOU
ACCT001994,CUST001994,PREM001994,Electric,Residential,SANTA CLARA,Active,R-RES-TOU
ACCT001995,CUST001995,PREM001995,Electric,Residential,MENDOCINO,Inactive,R-RES-TOU
ACCT001996,CUST001996,PREM001996,Electric,Residential,SAN FRANCISCO,Active,R-RES-TOU
ACCT001997,CUST001997,PREM001997,Electric,Agriculture And Water Pumping,FRESNO,Active,R-AGR-PUMP
ACCT001998,CUST001998,PREM001998,Electric,Residential,YOLO,Active,R-RES-TOU
ACCT001999,CUST001999,PREM001999,Electric,Residential,SAN MATEO,Active,R-RES-TOU
ACCT002000,CUST002000,PREM002000,Electric,Residential,SANTA CRUZ,Active,R-RES-TOU
ACCT002001,CUST002001,PREM002001,Electric,Residential,CONTRA COSTA,Active,R-RES-TOU
ACCT002002,CUST002002,PREM002002,Electric,Residential,SANTA CLARA,Active,R-RES-TOU
ACCT002003,CUST002003,PREM002003,Electric,Commercial,SAN JOAQUIN,Active,R-COM-GEN
ACCT002004,CUST002004,PREM002004,Electric,Residential,MERCED,Active,R-RES-TOU
ACCT002005,CUST002005,PREM002005,Electric,Residential,SAN MATEO,Active,R-RES-TOU
ACCT002006,CUST002006,PREM002006,Electric,Residential,MARIN,Active,R-RES-TOU
ACCT002007,CUST002007,PREM002007,Electric,Residential,PLACER,Active,R-RES-TOU
ACCT002008,CUST002008,PREM002008,Electric,Residential,CONTRA COSTA,Active,R-RES-TOU
ACCT002009,CUST002009,PREM002009,Electric,Residential,ALAMEDA,Active,R-RES-TOU
ACCT002010,CUST002010,PREM002010,Electric,Residential,SANTA CLARA,Inactive,R-RES-TOU
ACCT002011,CUST002011,PREM002011,Electric,Residential,ALAMEDA,Inactive,R-RES-TOU
ACCT002012,CUST002012,PREM002012,Electric,Residential,SAN JOAQUIN,Active,R-RES-TOU
ACCT002013,CUST002013,PREM002013,Electric,Commercial,ALAMEDA,Active,R-COM-GEN
ACCT002014,CUST002014,PREM002014,Electric,Residential,SANTA CLARA,Active,R-RES-TOU
ACCT002015,CUST002015,PREM002015,Electric,Residential,KERN,Active,R-RES-TOU
ACCT002016,CUST002016,PREM002016,Electric,Residential,MONTEREY,Active,R-RES-TOU
ACCT002017,CUST002017,PREM002017,Electric,Residential,ALAMEDA,Active,R-RES-TOU
ACCT002018,CUST002018,PREM002018,Electric,Commercial,SANTA CLARA,Active,R-COM-GEN
ACCT002019,CUST002019,PREM002019,Electric,Residential,SAN MATEO,Active,R-RES-TOU
ACCT002020,CUST002020,PREM002020,Electric,Residential,SOLANO,Active,R-RES-TOU
ACCT002021,CUST002021,PREM002021,Electric,Agriculture And Water Pumping,SAN FRANCISCO,Active,R-AGR-PUMP
ACCT002022,CUST002022,PREM002022,Electric,Residential,SAN JOAQUIN,Active,R-RES-TOU
ACCT002023,CUST002023,PREM002023,Electric,Industrial,LAKE,Active,R-IND-GEN
ACCT002024,CUST002024,PREM002024,Electric,Residential,MERCED,Inactive,R-RES-TOU
ACCT002025,CUST002025,PREM002025,Electric,Residential,SAN LUIS OBISPO,Active,R-RES-TOU
ACCT002026,CUST002026,PREM002026,Electric,Residential,KERN,Active,R-RES-TOU
ACCT002027,CUST002027,PREM002027,Electric,Residential,CONTRA COSTA,Active,R-RES-TOU
ACCT002028,CUST002028,PREM002028,Electric,"Transportation, Communications, & Utilities",SHASTA,Active,R-TCU-GEN
ACCT002029,CUST002029,PREM002029,Electric,Residential,KERN,Active,R-RES-TOU
ACCT002030,CUST002030,PREM002030,Electric,Residential,SANTA CLARA,Active,R-RES-TOU
ACCT002031,CUST002031,PREM002031,Electric,Residential,FRESNO,Active,R-RES-TOU
ACCT002032,CUST002032,PREM002032,Electric,Residential,ALAMEDA,Active,R-RES-TOU
ACCT002033,CUST002033,PREM002033,Electric,Residential,NEVADA,Active,R-RES-TOU
ACCT002034,CUST002034,PREM002034,Electric,Agriculture And Water Pumping,NEVADA,Active,R-AGR-PUMP
ACCT002035,CUST002035,PREM002035,Electric,Residential,KERN,Active,R-RES-TOU
ACCT002036,CUST002036,PREM002036,Electric,Residential,SAN JOAQUIN,Active,R-RES-TOU
ACCT002037,CUST002037,PREM002037,Electric,Residential,ALAMEDA,Active,R-RES-TOU
ACCT002038,CUST002038,PREM002038,Electric,Residential,KERN,Active,R-RES-TOU
ACCT002039,CUST002039,PREM002039,Electric,Residential,PLACER,Active,R-RES-TOU
ACCT002040,CUST002040,PREM002040,Electric,Residential,FRESNO,Active,R-RES-TOU
ACCT002041,CUST002041,PREM002041,Electric,Commercial,MERCED,Active,R-COM-GEN
ACCT002042,CUST002042,PREM002042,Electric,Residential,KERN,Active,R-RES-TOU
ACCT002043,CUST002043,PREM002043,Electric,Residential,SANTA BARBARA,Active,R-RES-TOU
ACCT002044,CUST002044,PREM002044,Electric,Residential,SANTA CLARA,Active,R-RES-TOU
ACCT002045,CUST002045,PREM002045,Electric,Commercial,TUOLUMNE,Active,R-COM-GEN
ACCT002046,CUST002046,PREM002046,Electric,Residential,KERN,Active,R-RES-TOU
ACCT002047,CUST002047,PREM002047,Electric,Residential,SOLANO,Active,R-RES-TOU
ACCT002048,CUST002048,PREM002048,Electric,Residential,CONTRA COSTA,Pending Close,R-RES-TOU
ACCT002049,CUST002049,PREM002049,Electric,Residential,SANTA CLARA,Active,R-RES-TOU
ACCT002050,CUST002050,PREM002050,Electric,Residential,KERN,Active,R-RES-TOU
ACCT002051,CUST002051,PREM002051,Electric,Residential,MONTEREY,Active,R-RES-TOU
ACCT002052,CUST002052,PREM002052,Electric,Residential,PLACER,Active,R-RES-TOU
ACCT002053,CUST002053,PREM002053,Electric,Residential,MENDOCINO,Active,R-RES-TOU
ACCT002054,CUST002054,PREM002054,Electric,Industrial,KERN,Active,R-IND-GEN
ACCT002055,CUST002055,PREM002055,Electric,Commercial,KERN,Active,R-COM-GEN
ACCT002056,CUST002056,PREM002056,Electric,Residential,SANTA CLARA,Active,R-RES-TOU
ACCT002057,CUST002057,PREM002057,Electric,Residential,SAN JOAQUIN,Active,R-RES-TOU
ACCT002058,CUST002058,PREM002058,Electric,Residential,ALAMEDA,Active,R-RES-TOU
ACCT002059,CUST002059,PREM002059,Electric,Residential,SONOMA,Active,R-RES-TOU
ACCT002060,CUST002060,PREM002060,Electric,Residential,CALAVERAS,Active,R-RES-TOU
ACCT002061,CUST002061,PREM002061,Electric,Residential,SUTTER,Inactive,R-RES-TOU
ACCT002062,CUST002062,PREM002062,Electric,Residential,PLACER,Active,R-RES-TOU
ACCT002063,CUST002063,PREM002063,Electric,Commercial,FRESNO,Active,R-COM-GEN
ACCT002064,CUST002064,PREM002064,Electric,Residential,MERCED,Active,R-RES-TOU
ACCT002065,CUST002065,PREM002065,Electric,Residential,SANTA CLARA,Active,R-RES-TOU
ACCT002066,CUST002066,PREM002066,Electric,Residential,SAN LUIS OBISPO,Active,R-RES-TOU
ACCT002067,CUST002067,PREM002067,Electric,Residential,CONTRA COSTA,Active,R-RES-TOU
ACCT002068,CUST002068,PREM002068,Electric,Residential,KERN,Inactive,R-RES-TOU
ACCT002069,CUST002069,PREM002069,Electric,Residential,SANTA CLARA,Active,R-RES-TOU
ACCT002070,CUST002070,PREM002070,Electric,Residential,SANTA CLARA,Active,R-RES-TOU
ACCT002071,CUST002071,PREM002071,Electric,Residential,SAN MATEO,Active,R-RES-TOU
ACCT002072,CUST002072,PREM002072,Electric,Residential,KERN,Active,R-RES-TOU
ACCT002073,CUST002073,PREM002073,Electric,Residential,SANTA CRUZ,Active,R-RES-TOU
ACCT002074,CUST002074,PREM002074,Electric,Commercial,GLENN,Inactive,R-COM-GEN
ACCT002075,CUST002075,PREM002075,Electric,Commercial,KERN,Active,R-COM-GEN
ACCT002076,CUST002076,PREM002076,Electric,Commercial,SANTA CLARA,Active,R-COM-GEN
ACCT002077,CUST002077,PREM002077,Electric,Residential,SAN FRANCISCO,Active,R-RES-TOU
ACCT002078,CUST002078,PREM002078,Electric,Residential,SANTA BARBARA,Active,R-RES-TOU
ACCT002079,CUST002079,PREM002079,Electric,"Transportation, Communications, & Utilities",SAN FRANCISCO,Active,R-TCU-GEN
ACCT002080,CUST002080,PREM002080,Electric,Residential,SOLANO,Active,R-RES-TOU
ACCT002081,CUST002081,PREM002081,Electric,Residential,SAN MATEO,Active,R-RES-TOU
ACCT002082,CUST002082,PREM002082,Electric,Residential,MADERA,Active,R-RES-TOU
ACCT002083,CUST002083,PREM002083,Electric,Residential,KERN,Active,R-RES-TOU
ACCT002084,CUST002084,PREM002084,Electric,Commercial,KERN,Active,R-COM-GEN
ACCT002085,CUST002085,PREM002085,Electric,Residential,SANTA BARBARA,Active,R-RES-TOU
ACCT002086,CUST002086,PREM002086,Electric,Residential,CONTRA COSTA,Active,R-RES-TOU
ACCT002087,CUST002087,PREM002087,Electric,Residential,FRESNO,Active,R-RES-TOU
ACCT002088,CUST002088,PREM002088,Electric,Residential,SANTA CRUZ,Active,R-RES-TOU
ACCT002089,CUST002089,PREM002089,Electric,Commercial,ALAMEDA,Active,R-COM-GEN
ACCT002090,CUST002090,PREM002090,Electric,Residential,SANTA CLARA,Active,R-RES-TOU
ACCT002091,CUST002091,PREM002091,Electric,Residential,SANTA CLARA,Active,R-RES-TOU
ACCT002092,CUST002092,PREM002092,Electric,Agriculture And Water Pumping,YOLO,Active,R-AGR-PUMP
ACCT002093,CUST002093,PREM002093,Electric,Residential,FRESNO,Active,R-RES-TOU
ACCT002094,CUST002094,PREM002094,Electric,Residential,SANTA CLARA,Active,R-RES-TOU
ACCT002095,CUST002095,PREM002095,Electric,Residential,SAN MATEO,Active,R-RES-TOU
ACCT002096,CUST002096,PREM002096,Electric,Residential,SAN LUIS OBISPO,Active,R-RES-TOU
ACCT002097,CUST002097,PREM002097,Electric,Residential,SAN JOAQUIN,Active,R-RES-TOU
ACCT002098,CUST002098,PREM002098,Electric,Residential,CONTRA COSTA,Active,R-RES-TOU
ACCT002099,CUST002099,PREM002099,Electric,Commercial,ALAMEDA,Active,R-COM-GEN
ACCT002100,CUST002100,PREM002100,Electric,Residential,SONOMA,Active,R-RES-TOU
ACCT002101,CUST002101,PREM002101,Electric,Commercial,CONTRA COSTA,Active,R-COM-GEN
ACCT002102,CUST002102,PREM002102,Electric,Residential,SANTA CLARA,Active,R-RES-TOU
ACCT002103,CUST002103,PREM002103,Electric,Residential,LAKE,Inactive,R-RES-TOU
ACCT002104,CUST002104,PREM002104,Electric,Residential,EL DORADO,Active,R-RES-TOU
ACCT002105,CUST002105,PREM002105,Electric,Residential,ALAMEDA,Active,R-RES-TOU
ACCT002106,CUST002106,PREM002106,Electric,Residential,CONTRA COSTA,Active,R-RES-TOU
ACCT002107,CUST002107,PREM002107,Electric,Commercial,CONTRA COSTA,Active,R-COM-GEN
ACCT002108,CUST002108,PREM002108,Electric,Commercial,ALAMEDA,Active,R-COM-GEN
ACCT002109,CUST002109,PREM002109,Electric,Residential,MONTEREY,Active,R-RES-TOU
ACCT002110,CUST002110,PREM002110,Electric,"Transportation, Communications, & Utilities",KERN,Active,R-TCU-GEN
ACCT002111,CUST002111,PREM002111,Electric,Residential,FRESNO,Active,R-RES-TOU
ACCT002112,CUST002112,PREM002112,Electric,Residential,YOLO,Active,R-RES-TOU
ACCT002113,CUST002113,PREM002113,Electric,Residential,KERN,Active,R-RES-TOU
ACCT002114,CUST002114,PREM002114,Electric,Commercial,SANTA CLARA,Active,R-COM-GEN
ACCT002115,CUST002115,PREM002115,Electric,Residential,PLACER,Pending Close,R-RES-TOU
ACCT002116,CUST002116,PREM002116,Electric,Residential,SONOMA,Active,R-RES-TOU
ACCT002117,CUST002117,PREM002117,Electric,Residential,SAN JOAQUIN,Active,R-RES-TOU
ACCT002118,CUST002118,PREM002118,Electric,Residential,CONTRA COSTA,Active,R-RES-TOU
ACCT002119,CUST002119,PREM002119,Electric,Residential,FRESNO,Active,R-RES-TOU
ACCT002120,CUST002120,PREM002120,Electric,Commercial,SAN FRANCISCO,Active,R-COM-GEN
ACCT002121,CUST002121,PREM002121,Electric,Commercial,SONOMA,Active,R-COM-GEN
ACCT002122,CUST002122,PREM002122,Electric,Residential,SANTA CLARA,Active,R-RES-TOU
ACCT002123,CUST002123,PREM002123,Electric,Agriculture And Water Pumping,PLACER,Active,R-AGR-PUMP
ACCT002124,CUST002124,PREM002124,Electric,Residential,MONTEREY,Inactive,R-RES-TOU
ACCT002125,CUST002125,PREM002125,Electric,"Transportation, Communications, & Utilities",KERN,Active,R-TCU-GEN
ACCT002126,CUST002126,PREM002126,Electric,Residential,KERN,Active,R-RES-TOU
ACCT002127,CUST002127,PREM002127,Electric,Residential,CONTRA COSTA,Active,R-RES-TOU
ACCT002128,CUST002128,PREM002128,Electric,Residential,ALAMEDA,Pending Close,R-RES-TOU
ACCT002129,CUST002129,PREM002129,Electric,Commercial,ALAMEDA,Active,R-COM-GEN
ACCT002130,CUST002130,PREM002130,Electric,Residential,PLUMAS,Active,R-RES-TOU
ACCT002131,CUST002131,PREM002131,Electric,Residential,ALAMEDA,Active,R-RES-TOU
ACCT002132,CUST002132,PREM002132,Electric,Residential,KERN,Active,R-RES-TOU
ACCT002133,CUST002133,PREM002133,Electric,Residential,FRESNO,Active,R-RES-TOU
ACCT002134,CUST002134,PREM002134,Electric,Residential,SANTA CLARA,Active,R-RES-TOU
ACCT002135,CUST002135,PREM002135,Electric,Residential,KERN,Active,R-RES-TOU
ACCT002136,CUST002136,PREM002136,Electric,Commercial,SOLANO,Active,R-COM-GEN
ACCT002137,CUST002137,PREM002137,Electric,Residential,MONTEREY,Active,R-RES-TOU
ACCT002138,CUST002138,PREM002138,Electric,Residential,SANTA CRUZ,Active,R-RES-TOU
ACCT002139,CUST002139,PREM002139,Electric,Residential,FRESNO,Active,R-RES-TOU
ACCT002140,CUST002140,PREM002140,Electric,Commercial,SANTA CLARA,Active,R-COM-GEN
ACCT002141,CUST002141,PREM002141,Electric,Commercial,PLUMAS,Active,R-COM-GEN
ACCT002142,CUST002142,PREM002142,Electric,Residential,SANTA CLARA,Inactive,R-RES-TOU
ACCT002143,CUST002143,PREM002143,Electric,Residential,MERCED,Active,R-RES-TOU
ACCT002144,CUST002144,PREM002144,Electric,Residential,ALAMEDA,Active,R-RES-TOU
ACCT002145,CUST002145,PREM002145,Electric,Residential,TUOLUMNE,Active,R-RES-TOU
ACCT002146,CUST002146,PREM002146,Electric,Commercial,FRESNO,Active,R-COM-GEN
ACCT002147,CUST002147,PREM002147,Electric,Residential,MADERA,Active,R-RES-TOU
ACCT002148,CUST002148,PREM002148,Electric,Residential,SANTA CLARA,Active,R-RES-TOU
ACCT002149,CUST002149,PREM002149,Electric,Residential,KERN,Active,R-RES-TOU
ACCT002150,CUST002150,PREM002150,Electric,Commercial,EL DORADO,Active,R-COM-GEN
ACCT002151,CUST002151,PREM002151,Electric,Residential,MERCED,Active,R-RES-TOU
ACCT002152,CUST002152,PREM002152,Electric,Residential,SANTA CLARA,Active,R-RES-TOU
ACCT002153,CUST002153,PREM002153,Electric,Residential,KINGS,Active,R-RES-TOU
ACCT002154,CUST002154,PREM002154,Electric,Commercial,SONOMA,Active,R-COM-GEN
ACCT002155,CUST002155,PREM002155,Electric,Residential,ALAMEDA,Active,R-RES-TOU
ACCT002156,CUST002156,PREM002156,Electric,Residential,SAN JOAQUIN,Active,R-RES-TOU
ACCT002157,CUST002157,PREM002157,Electric,Residential,PLACER,Active,R-RES-TOU
ACCT002158,CUST002158,PREM002158,Electric,Residential,KERN,Active,R-RES-TOU
ACCT002159,CUST002159,PREM002159,Electric,Residential,ALAMEDA,Active,R-RES-TOU
ACCT002160,CUST002160,PREM002160,Electric,Residential,SAN FRANCISCO,Active,R-RES-TOU
ACCT002161,CUST002161,PREM002161,Electric,Residential,SOLANO,Active,R-RES-TOU
ACCT002162,CUST002162,PREM002162,Electric,Residential,KERN,Active,R-RES-TOU
ACCT002163,CUST002163,PREM002163,Electric,Residential,COLUSA,Active,R-RES-TOU
ACCT002164,CUST002164,PREM002164,Electric,Commercial,FRESNO,Active,R-COM-GEN
ACCT002165,CUST002165,PREM002165,Electric,Residential,FRESNO,Active,R-RES-TOU
ACCT002166,CUST002166,PREM002166,Electric,"Transportation, Communications, & Utilities",CONTRA COSTA,Active,R-TCU-GEN
ACCT002167,CUST002167,PREM002167,Electric,Residential,BUTTE,Active,R-RES-TOU
ACCT002168,CUST002168,PREM002168,Electric,Residential,KERN,Active,R-RES-TOU
ACCT002169,CUST002169,PREM002169,Electric,Residential,ALAMEDA,Active,R-RES-TOU
ACCT002170,CUST002170,PREM002170,Electric,Residential,ALAMEDA,Active,R-RES-TOU
ACCT002171,CUST002171,PREM002171,Electric,Residential,KERN,Active,R-RES-TOU
ACCT002172,CUST002172,PREM002172,Electric,Residential,SONOMA,Active,R-RES-TOU
ACCT002173,CUST002173,PREM002173,Electric,Residential,MARIN,Active,R-RES-TOU
ACCT002174,CUST002174,PREM002174,Electric,Commercial,SOLANO,Pending Close,R-COM-GEN
ACCT002175,CUST002175,PREM002175,Electric,Residential,SANTA CLARA,Active,R-RES-TOU
ACCT002176,CUST002176,PREM002176,Electric,Commercial,KERN,Active,R-COM-GEN
ACCT002177,CUST002177,PREM002177,Electric,Residential,SHASTA,Active,R-RES-TOU
ACCT002178,CUST002178,PREM002178,Electric,Residential,MERCED,Active,R-RES-TOU
ACCT002179,CUST002179,PREM002179,Electric,Residential,SANTA CLARA,Active,R-RES-TOU
ACCT002180,CUST002180,PREM002180,Electric,Residential,KERN,Active,R-RES-TOU
ACCT002181,CUST002181,PREM002181,Electric,Residential,ALAMEDA,Active,R-RES-TOU
ACCT002182,CUST002182,PREM002182,Electric,Residential,KERN,Active,R-RES-TOU
ACCT002183,CUST002183,PREM002183,Electric,Residential,MERCED,Active,R-RES-TOU
ACCT002184,CUST002184,PREM002184,Electric,Residential,MERCED,Active,R-RES-TOU
ACCT002185,CUST002185,PREM002185,Electric,Residential,SANTA CLARA,Active,R-RES-TOU
ACCT002186,CUST002186,PREM002186,Electric,Industrial,YOLO,Active,R-IND-GEN
ACCT002187,CUST002187,PREM002187,Electric,Commercial,SAN LUIS OBISPO,Active,R-COM-GEN
ACCT002188,CUST002188,PREM002188,Electric,Residential,MARIN,Active,R-RES-TOU
ACCT002189,CUST002189,PREM002189,Electric,Residential,KERN,Active,R-RES-TOU
ACCT002190,CUST002190,PREM002190,Electric,Residential,SAN LUIS OBISPO,Active,R-RES-TOU
ACCT002191,CUST002191,PREM002191,Electric,Residential,SAN FRANCISCO,Active,R-RES-TOU
ACCT002192,CUST002192,PREM002192,Electric,Commercial,KERN,Active,R-COM-GEN
ACCT002193,CUST002193,PREM002193,Electric,Residential,KERN,Inactive,R-RES-TOU
ACCT002194,CUST002194,PREM002194,Electric,Residential,SANTA CLARA,Active,R-RES-TOU
ACCT002195,CUST002195,PREM002195,Electric,Residential,SAN JOAQUIN,Active,R-RES-TOU
ACCT002196,CUST002196,PREM002196,Electric,Residential,SAN FRANCISCO,Active,R-RES-TOU
ACCT002197,CUST002197,PREM002197,Electric,Residential,SANTA CLARA,Active,R-RES-TOU
ACCT002198,CUST002198,PREM002198,Electric,Commercial,MERCED,Active,R-COM-GEN
ACCT002199,CUST002199,PREM002199,Electric,Residential,TUOLUMNE,Active,R-RES-TOU
ACCT002200,CUST002200,PREM002200,Electric,Residential,NAPA,Active,R-RES-TOU
ACCT002201,CUST002201,PREM002201,Electric,"Transportation, Communications, & Utilities",SAN MATEO,Active,R-TCU-GEN
ACCT002202,CUST002202,PREM002202,Electric,Residential,SANTA CLARA,Active,R-RES-TOU
ACCT002203,CUST002203,PREM002203,Electric,Residential,PLACER,Active,R-RES-TOU
ACCT002204,CUST002204,PREM002204,Electric,Residential,SANTA CLARA,Active,R-RES-TOU
ACCT002205,CUST002205,PREM002205,Electric,Residential,TUOLUMNE,Active,R-RES-TOU
ACCT002206,CUST002206,PREM002206,Electric,Commercial,SANTA CLARA,Active,R-COM-GEN
ACCT002207,CUST002207,PREM002207,Electric,Residential,ALAMEDA,Active,R-RES-TOU
ACCT002208,CUST002208,PREM002208,Electric,Commercial,KERN,Active,R-COM-GEN
ACCT002209,CUST002209,PREM002209,Electric,Residential,KERN,Active,R-RES-TOU
ACCT002210,CUST002210,PREM002210,Electric,Commercial,MERCED,Active,R-COM-GEN
ACCT002211,CUST002211,PREM002211,Electric,Residential,KERN,Active,R-RES-TOU
ACCT002212,CUST002212,PREM002212,Electric,Commercial,SANTA CLARA,Active,R-COM-GEN
ACCT002213,CUST002213,PREM002213,Electric,Residential,ALAMEDA,Pending Close,R-RES-TOU
ACCT002214,CUST002214,PREM002214,Electric,Agriculture And Water Pumping,KERN,Pending Close,R-AGR-PUMP
ACCT002215,CUST002215,PREM002215,Electric,Residential,SANTA CLARA,Active,R-RES-TOU
ACCT002216,CUST002216,PREM002216,Electric,Residential,EL DORADO,Active,R-RES-TOU
ACCT002217,CUST002217,PREM002217,Electric,Commercial,SAN FRANCISCO,Active,R-COM-GEN
ACCT002218,CUST002218,PREM002218,Electric,Residential,FRESNO,Active,R-RES-TOU
ACCT002219,CUST002219,PREM002219,Electric,Commercial,AMADOR,Active,R-COM-GEN
ACCT002220,CUST002220,PREM002220,Electric,Residential,YOLO,Active,R-RES-TOU
ACCT002221,CUST002221,PREM002221,Electric,Residential,NAPA,Active,R-RES-TOU
ACCT002222,CUST002222,PREM002222,Electric,Residential,ALAMEDA,Active,R-RES-TOU
ACCT002223,CUST002223,PREM002223,Electric,Residential,SANTA CLARA,Active,R-RES-TOU
ACCT002224,CUST002224,PREM002224,Electric,Residential,ALAMEDA,Active,R-RES-TOU
ACCT002225,CUST002225,PREM002225,Electric,Residential,SONOMA,Active,R-RES-TOU
ACCT002226,CUST002226,PREM002226,Electric,Residential,KINGS,Active,R-RES-TOU
ACCT002227,CUST002227,PREM002227,Electric,Residential,BUTTE,Active,R-RES-TOU
ACCT002228,CUST002228,PREM002228,Electric,Residential,SANTA CLARA,Active,R-RES-TOU
ACCT002229,CUST002229,PREM002229,Electric,Residential,NAPA,Active,R-RES-TOU
ACCT002230,CUST002230,PREM002230,Electric,Residential,KERN,Active,R-RES-TOU
ACCT002231,CUST002231,PREM002231,Electric,Residential,CONTRA COSTA,Active,R-RES-TOU
ACCT002232,CUST002232,PREM002232,Electric,Residential,KERN,Inactive,R-RES-TOU
ACCT002233,CUST002233,PREM002233,Electric,Commercial,CONTRA COSTA,Active,R-COM-GEN
ACCT002234,CUST002234,PREM002234,Electric,Commercial,SAN FRANCISCO,Active,R-COM-GEN
ACCT002235,CUST002235,PREM002235,Electric,Residential,SAN MATEO,Active,R-RES-TOU
ACCT002236,CUST002236,PREM002236,Electric,Residential,KERN,Inactive,R-RES-TOU
ACCT002237,CUST002237,PREM002237,Electric,Commercial,EL DORADO,Active,R-COM-GEN
ACCT002238,CUST002238,PREM002238,Electric,Residential,MONTEREY,Active,R-RES-TOU
ACCT002239,CUST002239,PREM002239,Electric,Residential,FRESNO,Active,R-RES-TOU
ACCT002240,CUST002240,PREM002240,Electric,Residential,KERN,Pending Close,R-RES-TOU
ACCT002241,CUST002241,PREM002241,Electric,Residential,SAN JOAQUIN,Active,R-RES-TOU
ACCT002242,CUST002242,PREM002242,Electric,Residential,SONOMA,Active,R-RES-TOU
ACCT002243,CUST002243,PREM002243,Electric,Residential,SANTA CLARA,Active,R-RES-TOU
ACCT002244,CUST002244,PREM002244,Electric,Streetlighting,PLACER,Active,R-STLIGHT
ACCT002245,CUST002245,PREM002245,Electric,Commercial,ALAMEDA,Active,R-COM-GEN
ACCT002246,CUST002246,PREM002246,Electric,Residential,CONTRA COSTA,Active,R-RES-TOU
ACCT002247,CUST002247,PREM002247,Electric,Residential,FRESNO,Active,R-RES-TOU
ACCT002248,CUST002248,PREM002248,Electric,Commercial,MONTEREY,Active,R-COM-GEN
ACCT002249,CUST002249,PREM002249,Electric,Residential,SANTA CLARA,Active,R-RES-TOU
ACCT002250,CUST002250,PREM002250,Electric,Residential,SAN JOAQUIN,Inactive,R-RES-TOU
ACCT002251,CUST002251,PREM002251,Electric,Residential,BUTTE,Active,R-RES-TOU
ACCT002252,CUST002252,PREM002252,Electric,Commercial,YOLO,Active,R-COM-GEN
ACCT002253,CUST002253,PREM002253,Electric,Residential,ALAMEDA,Active,R-RES-TOU
ACCT002254,CUST002254,PREM002254,Electric,Commercial,SONOMA,Active,R-COM-GEN
ACCT002255,CUST002255,PREM002255,Electric,Commercial,ALAMEDA,Active,R-COM-GEN
ACCT002256,CUST002256,PREM002256,Electric,Residential,SAN FRANCISCO,Active,R-RES-TOU
ACCT002257,CUST002257,PREM002257,Electric,Residential,CONTRA COSTA,Active,R-RES-TOU
ACCT002258,CUST002258,PREM002258,Electric,Residential,CONTRA COSTA,Active,R-RES-TOU
ACCT002259,CUST002259,PREM002259,Electric,Residential,FRESNO,Active,R-RES-TOU
ACCT002260,CUST002260,PREM002260,Electric,Residential,KERN,Active,R-RES-TOU
ACCT002261,CUST002261,PREM002261,Electric,Residential,ALAMEDA,Pending Close,R-RES-TOU
ACCT002262,CUST002262,PREM002262,Electric,Residential,SANTA CLARA,Active,R-RES-TOU
ACCT002263,CUST002263,PREM002263,Electric,Commercial,FRESNO,Active,R-COM-GEN
ACCT002264,CUST002264,PREM002264,Electric,Residential,CONTRA COSTA,Active,R-RES-TOU
ACCT002265,CUST002265,PREM002265,Electric,Residential,SAN JOAQUIN,Active,R-RES-TOU
ACCT002266,CUST002266,PREM002266,Electric,Residential,SANTA CLARA,Active,R-RES-TOU
ACCT002267,CUST002267,PREM002267,Electric,Residential,SANTA CLARA,Active,R-RES-TOU
ACCT002268,CUST002268,PREM002268,Electric,Residential,KERN,Active,R-RES-TOU
ACCT002269,CUST002269,PREM002269,Electric,Residential,KERN,Active,R-RES-TOU
ACCT002270,CUST002270,PREM002270,Electric,Residential,SAN MATEO,Active,R-RES-TOU
ACCT002271,CUST002271,PREM002271,Electric,Residential,ALAMEDA,Active,R-RES-TOU
ACCT002272,CUST002272,PREM002272,Electric,Residential,KINGS,Active,R-RES-TOU
ACCT002273,CUST002273,PREM002273,Electric,Residential,SANTA BARBARA,Active,R-RES-TOU
ACCT002274,CUST002274,PREM002274,Electric,Residential,CONTRA COSTA,Active,R-RES-TOU
ACCT002275,CUST002275,PREM002275,Electric,Agriculture And Water Pumping,KERN,Active,R-AGR-PUMP
ACCT002276,CUST002276,PREM002276,Electric,Residential,MONTEREY,Active,R-RES-TOU
ACCT002277,CUST002277,PREM002277,Electric,Residential,ALAMEDA,Active,R-RES-TOU
ACCT002278,CUST002278,PREM002278,Electric,Residential,SANTA CLARA,Active,R-RES-TOU
ACCT002279,CUST002279,PREM002279,Electric,Residential,MADERA,Active,R-RES-TOU
ACCT002280,CUST002280,PREM002280,Electric,Residential,SAN LUIS OBISPO,Active,R-RES-TOU
ACCT002281,CUST002281,PREM002281,Electric,Residential,SAN FRANCISCO,Active,R-RES-TOU
ACCT002282,CUST002282,PREM002282,Electric,Residential,CONTRA COSTA,Pending Close,R-RES-TOU
ACCT002283,CUST002283,PREM002283,Electric,Residential,SANTA CLARA,Active,R-RES-TOU
ACCT002284,CUST002284,PREM002284,Electric,Residential,SANTA CRUZ,Active,R-RES-TOU
ACCT002285,CUST002285,PREM002285,Electric,Residential,SANTA CLARA,Active,R-RES-TOU
ACCT002286,CUST002286,PREM002286,Electric,Residential,KERN,Active,R-RES-TOU
ACCT002287,CUST002287,PREM002287,Electric,Agriculture And Water Pumping,SAN FRANCISCO,Active,R-AGR-PUMP
ACCT002288,CUST002288,PREM002288,Electric,Residential,ALAMEDA,Active,R-RES-TOU
ACCT002289,CUST002289,PREM002289,Electric,Residential,NAPA,Active,R-RES-TOU
ACCT002290,CUST002290,PREM002290,Electric,Residential,SAN JOAQUIN,Active,R-RES-TOU
ACCT002291,CUST002291,PREM002291,Electric,Residential,FRESNO,Active,R-RES-TOU
ACCT002292,CUST002292,PREM002292,Electric,Residential,SANTA CLARA,Active,R-RES-TOU
ACCT002293,CUST002293,PREM002293,Electric,Residential,SANTA CLARA,Pending Close,R-RES-TOU
ACCT002294,CUST002294,PREM002294,Electric,Residential,KERN,Active,R-RES-TOU
ACCT002295,CUST002295,PREM002295,Electric,Residential,SANTA CLARA,Active,R-RES-TOU
ACCT002296,CUST002296,PREM002296,Electric,Residential,HUMBOLDT,Active,R-RES-TOU
ACCT002297,CUST002297,PREM002297,Electric,Residential,SANTA CLARA,Active,R-RES-TOU
ACCT002298,CUST002298,PREM002298,Electric,Residential,KERN,Active,R-RES-TOU
ACCT002299,CUST002299,PREM002299,Electric,Residential,SAN MATEO,Active,R-RES-TOU
ACCT002300,CUST002300,PREM002300,Electric,Residential,SANTA BARBARA,Active,R-RES-TOU
ACCT002301,CUST002301,PREM002301,Electric,Commercial,SANTA CLARA,Inactive,R-COM-GEN
ACCT002302,CUST002302,PREM002302,Electric,Residential,KERN,Active,R-RES-TOU
ACCT002303,CUST002303,PREM002303,Electric,Residential,ALAMEDA,Active,R-RES-TOU
ACCT002304,CUST002304,PREM002304,Electric,Residential,SONOMA,Active,R-RES-TOU
ACCT002305,CUST002305,PREM002305,Electric,Industrial,CONTRA COSTA,Active,R-IND-GEN
ACCT002306,CUST002306,PREM002306,Electric,Residential,YOLO,Active,R-RES-TOU
ACCT002307,CUST002307,PREM002307,Electric,Residential,SAN JOAQUIN,Active,R-RES-TOU
ACCT002308,CUST002308,PREM002308,Electric,Residential,ALAMEDA,Inactive,R-RES-TOU
ACCT002309,CUST002309,PREM002309,Electric,Residential,MERCED,Active,R-RES-TOU
ACCT002310,CUST002310,PREM002310,Electric,Residential,CONTRA COSTA,Active,R-RES-TOU
ACCT002311,CUST002311,PREM002311,Electric,Residential,KINGS,Active,R-RES-TOU
ACCT002312,CUST002312,PREM002312,Electric,Commercial,PLACER,Active,R-COM-GEN
ACCT002313,CUST002313,PREM002313,Electric,Residential,ALAMEDA,Active,R-RES-TOU
ACCT002314,CUST002314,PREM002314,Electric,Residential,SAN MATEO,Active,R-RES-TOU
ACCT002315,CUST002315,PREM002315,Electric,Mining,CONTRA COSTA,Active,R-MIN-GEN
ACCT002316,CUST002316,PREM002316,Electric,Residential,SHASTA,Active,R-RES-TOU
ACCT002317,CUST002317,PREM002317,Electric,Residential,CONTRA COSTA,Active,R-RES-TOU
ACCT002318,CUST002318,PREM002318,Electric,Residential,FRESNO,Active,R-RES-TOU
ACCT002319,CUST002319,PREM002319,Electric,Residential,KERN,Active,R-RES-TOU
ACCT002320,CUST002320,PREM002320,Electric,Residential,NAPA,Inactive,R-RES-TOU
ACCT002321,CUST002321,PREM002321,Electric,Commercial,ALAMEDA,Active,R-COM-GEN
ACCT002322,CUST002322,PREM002322,Electric,Residential,PLACER,Inactive,R-RES-TOU
ACCT002323,CUST002323,PREM002323,Electric,Residential,KERN,Active,R-RES-TOU
ACCT002324,CUST002324,PREM002324,Electric,Residential,FRESNO,Active,R-RES-TOU
ACCT002325,CUST002325,PREM002325,Electric,Commercial,CONTRA COSTA,Active,R-COM-GEN
ACCT002326,CUST002326,PREM002326,Electric,Agriculture And Water Pumping,SANTA CLARA,Active,R-AGR-PUMP
ACCT002327,CUST002327,PREM002327,Electric,Commercial,SANTA CLARA,Active,R-COM-GEN
ACCT002328,CUST002328,PREM002328,Electric,Residential,SOLANO,Active,R-RES-TOU
ACCT002329,CUST002329,PREM002329,Electric,Residential,SANTA CLARA,Active,R-RES-TOU
ACCT002330,CUST002330,PREM002330,Electric,Residential,SAN FRANCISCO,Active,R-RES-TOU
ACCT002331,CUST002331,PREM002331,Electric,Residential,SANTA CLARA,Active,R-RES-TOU
ACCT002332,CUST002332,PREM002332,Electric,Residential,BUTTE,Pending Close,R-RES-TOU
ACCT002333,CUST002333,PREM002333,Electric,Residential,SUTTER,Active,R-RES-TOU
ACCT002334,CUST002334,PREM002334,Electric,Residential,PLACER,Inactive,R-RES-TOU
ACCT002335,CUST002335,PREM002335,Electric,Residential,SAN MATEO,Active,R-RES-TOU
ACCT002336,CUST002336,PREM002336,Electric,Residential,ALAMEDA,Active,R-RES-TOU
ACCT002337,CUST002337,PREM002337,Electric,Residential,CONTRA COSTA,Active,R-RES-TOU
ACCT002338,CUST002338,PREM002338,Electric,Residential,ALAMEDA,Active,R-RES-TOU
ACCT002339,CUST002339,PREM002339,Electric,Residential,FRESNO,Active,R-RES-TOU
ACCT002340,CUST002340,PREM002340,Electric,Residential,PLACER,Active,R-RES-TOU
ACCT002341,CUST002341,PREM002341,Electric,Residential,SUTTER,Active,R-RES-TOU
ACCT002342,CUST002342,PREM002342,Electric,Residential,KERN,Active,R-RES-TOU
ACCT002343,CUST002343,PREM002343,Electric,Residential,FRESNO,Active,R-RES-TOU
ACCT002344,CUST002344,PREM002344,Electric,Residential,KERN,Active,R-RES-TOU
ACCT002345,CUST002345,PREM002345,Electric,Industrial,KERN,Active,R-IND-GEN
ACCT002346,CUST002346,PREM002346,Electric,Residential,ALAMEDA,Active,R-RES-TOU
ACCT002347,CUST002347,PREM002347,Electric,Residential,KERN,Active,R-RES-TOU
ACCT002348,CUST002348,PREM002348,Electric,Residential,KERN,Active,R-RES-TOU
ACCT002349,CUST002349,PREM002349,Electric,Residential,FRESNO,Active,R-RES-TOU
ACCT002350,CUST002350,PREM002350,Electric,Residential,SUTTER,Active,R-RES-TOU
ACCT002351,CUST002351,PREM002351,Electric,Residential,ALAMEDA,Active,R-RES-TOU
ACCT002352,CUST002352,PREM002352,Electric,Commercial,CONTRA COSTA,Active,R-COM-GEN
ACCT002353,CUST002353,PREM002353,Electric,Residential,KERN,Active,R-RES-TOU
ACCT002354,CUST002354,PREM002354,Electric,Commercial,SAN FRANCISCO,Active,R-COM-GEN
ACCT002355,CUST002355,PREM002355,Electric,Residential,SANTA CLARA,Active,R-RES-TOU
ACCT002356,CUST002356,PREM002356,Electric,Residential,MADERA,Active,R-RES-TOU
ACCT002357,CUST002357,PREM002357,Electric,Commercial,SHASTA,Active,R-COM-GEN
ACCT002358,CUST002358,PREM002358,Electric,Residential,PLUMAS,Active,R-RES-TOU
ACCT002359,CUST002359,PREM002359,Electric,Residential,SANTA CLARA,Active,R-RES-TOU
ACCT002360,CUST002360,PREM002360,Electric,Residential,MONTEREY,Active,R-RES-TOU
ACCT002361,CUST002361,PREM002361,Electric,Residential,FRESNO,Active,R-RES-TOU
ACCT002362,CUST002362,PREM002362,Electric,Residential,KERN,Active,R-RES-TOU
ACCT002363,CUST002363,PREM002363,Electric,Residential,PLACER,Active,R-RES-TOU
ACCT002364,CUST002364,PREM002364,Electric,Residential,SAN JOAQUIN,Active,R-RES-TOU
ACCT002365,CUST002365,PREM002365,Electric,Residential,KERN,Active,R-RES-TOU
ACCT002366,CUST002366,PREM002366,Electric,Residential,MARIN,Active,R-RES-TOU
ACCT002367,CUST002367,PREM002367,Electric,Residential,KERN,Active,R-RES-TOU
ACCT002368,CUST002368,PREM002368,Electric,Residential,SAN FRANCISCO,Active,R-RES-TOU
ACCT002369,CUST002369,PREM002369,Electric,Residential,SANTA CLARA,Active,R-RES-TOU
ACCT002370,CUST002370,PREM002370,Electric,Residential,SONOMA,Active,R-RES-TOU
ACCT002371,CUST002371,PREM002371,Electric,Residential,FRESNO,Active,R-RES-TOU
ACCT002372,CUST002372,PREM002372,Electric,Commercial,SANTA BARBARA,Active,R-COM-GEN
ACCT002373,CUST002373,PREM002373,Electric,Residential,SANTA CLARA,Active,R-RES-TOU
ACCT002374,CUST002374,PREM002374,Electric,Residential,SAN LUIS OBISPO,Active,R-RES-TOU
ACCT002375,CUST002375,PREM002375,Electric,Residential,SANTA CLARA,Active,R-RES-TOU
ACCT002376,CUST002376,PREM002376,Electric,Residential,SANTA CLARA,Active,R-RES-TOU
ACCT002377,CUST002377,PREM002377,Electric,Residential,PLACER,Active,R-RES-TOU
ACCT002378,CUST002378,PREM002378,Electric,Residential,KERN,Active,R-RES-TOU
ACCT002379,CUST002379,PREM002379,Electric,Residential,NEVADA,Active,R-RES-TOU
ACCT002380,CUST002380,PREM002380,Electric,Commercial,SANTA CLARA,Active,R-COM-GEN
ACCT002381,CUST002381,PREM002381,Electric,Commercial,KERN,Active,R-COM-GEN
ACCT002382,CUST002382,PREM002382,Electric,Commercial,SANTA CLARA,Active,R-COM-GEN
ACCT002383,CUST002383,PREM002383,Electric,Commercial,SHASTA,Active,R-COM-GEN
ACCT002384,CUST002384,PREM002384,Electric,Residential,SAN FRANCISCO,Active,R-RES-TOU
ACCT002385,CUST002385,PREM002385,Electric,Residential,FRESNO,Active,R-RES-TOU
ACCT002386,CUST002386,PREM002386,Electric,Residential,ALAMEDA,Active,R-RES-TOU
ACCT002387,CUST002387,PREM002387,Electric,Residential,SANTA CLARA,Active,R-RES-TOU
ACCT002388,CUST002388,PREM002388,Electric,Residential,HUMBOLDT,Active,R-RES-TOU
ACCT002389,CUST002389,PREM002389,Electric,Residential,ALAMEDA,Inactive,R-RES-TOU
ACCT002390,CUST002390,PREM002390,Electric,Residential,KERN,Active,R-RES-TOU
ACCT002391,CUST002391,PREM002391,Electric,Residential,SANTA BARBARA,Active,R-RES-TOU
ACCT002392,CUST002392,PREM002392,Electric,Residential,CONTRA COSTA,Inactive,R-RES-TOU
ACCT002393,CUST002393,PREM002393,Electric,Residential,SAN JOAQUIN,Active,R-RES-TOU
ACCT002394,CUST002394,PREM002394,Electric,Residential,PLACER,Active,R-RES-TOU
ACCT002395,CUST002395,PREM002395,Electric,Commercial,ALAMEDA,Active,R-COM-GEN
ACCT002396,CUST002396,PREM002396,Electric,Residential,CONTRA COSTA,Active,R-RES-TOU
ACCT002397,CUST002397,PREM002397,Electric,Residential,SANTA CLARA,Active,R-RES-TOU
ACCT002398,CUST002398,PREM002398,Electric,Residential,SONOMA,Active,R-RES-TOU
ACCT002399,CUST002399,PREM002399,Electric,Residential,FRESNO,Active,R-RES-TOU
ACCT002400,CUST002400,PREM002400,Electric,Residential,ALAMEDA,Active,R-RES-TOU
ACCT002401,CUST002401,PREM002401,Electric,Residential,CONTRA COSTA,Active,R-RES-TOU
ACCT002402,CUST002402,PREM002402,Electric,Residential,FRESNO,Active,R-RES-TOU
ACCT002403,CUST002403,PREM002403,Electric,Residential,SAN FRANCISCO,Active,R-RES-TOU
ACCT002404,CUST002404,PREM002404,Electric,Residential,KERN,Active,R-RES-TOU
ACCT002405,CUST002405,PREM002405,Electric,Residential,SAN MATEO,Pending Close,R-RES-TOU
ACCT002406,CUST002406,PREM002406,Electric,Residential,SANTA CLARA,Active,R-RES-TOU
ACCT002407,CUST002407,PREM002407,Electric,Residential,FRESNO,Active,R-RES-TOU
ACCT002408,CUST002408,PREM002408,Electric,Residential,KINGS,Active,R-RES-TOU
ACCT002409,CUST002409,PREM002409,Electric,"Transportation, Communications, & Utilities",SANTA CLARA,Inactive,R-TCU-GEN
ACCT002410,CUST002410,PREM002410,Electric,Residential,SAN LUIS OBISPO,Inactive,R-RES-TOU
ACCT002411,CUST002411,PREM002411,Electric,Residential,KERN,Active,R-RES-TOU
ACCT002412,CUST002412,PREM002412,Electric,Residential,KERN,Active,R-RES-TOU
ACCT002413,CUST002413,PREM002413,Electric,Residential,ALAMEDA,Active,R-RES-TOU
ACCT002414,CUST002414,PREM002414,Electric,Residential,SAN JOAQUIN,Inactive,R-RES-TOU
ACCT002415,CUST002415,PREM002415,Electric,Residential,KERN,Active,R-RES-TOU
ACCT002416,CUST002416,PREM002416,Electric,Agriculture And Water Pumping,SAN FRANCISCO,Active,R-AGR-PUMP
ACCT002417,CUST002417,PREM002417,Electric,Residential,ALAMEDA,Active,R-RES-TOU
ACCT002418,CUST002418,PREM002418,Electric,Residential,SANTA CLARA,Active,R-RES-TOU
ACCT002419,CUST002419,PREM002419,Electric,Residential,SANTA CLARA,Active,R-RES-TOU
ACCT002420,CUST002420,PREM002420,Electric,Residential,FRESNO,Active,R-RES-TOU
ACCT002421,CUST002421,PREM002421,Electric,Residential,SANTA CLARA,Inactive,R-RES-TOU
ACCT002422,CUST002422,PREM002422,Electric,Residential,FRESNO,Active,R-RES-TOU
ACCT002423,CUST002423,PREM002423,Electric,Residential,KERN,Active,R-RES-TOU
ACCT002424,CUST002424,PREM002424,Electric,Residential,KERN,Active,R-RES-TOU
ACCT002425,CUST002425,PREM002425,Electric,Residential,KERN,Active,R-RES-TOU
ACCT002426,CUST002426,PREM002426,Electric,Commercial,SAN MATEO,Active,R-COM-GEN
ACCT002427,CUST002427,PREM002427,Electric,Residential,SANTA CLARA,Active,R-RES-TOU
ACCT002428,CUST002428,PREM002428,Electric,Agriculture And Water Pumping,ALAMEDA,Active,R-AGR-PUMP
ACCT002429,CUST002429,PREM002429,Electric,Residential,FRESNO,Active,R-RES-TOU
ACCT002430,CUST002430,PREM002430,Electric,Commercial,FRESNO,Active,R-COM-GEN
ACCT002431,CUST002431,PREM002431,Electric,Residential,ALAMEDA,Pending Close,R-RES-TOU
ACCT002432,CUST002432,PREM002432,Electric,Commercial,KERN,Active,R-COM-GEN
ACCT002433,CUST002433,PREM002433,Electric,"Transportation, Communications, & Utilities",SANTA CLARA,Active,R-TCU-GEN
ACCT002434,CUST002434,PREM002434,Electric,Residential,SANTA CLARA,Active,R-RES-TOU
ACCT002435,CUST002435,PREM002435,Electric,Agriculture And Water Pumping,CONTRA COSTA,Active,R-AGR-PUMP
ACCT002436,CUST002436,PREM002436,Electric,Residential,SONOMA,Inactive,R-RES-TOU
ACCT002437,CUST002437,PREM002437,Electric,Residential,SANTA CLARA,Active,R-RES-TOU
ACCT002438,CUST002438,PREM002438,Electric,Residential,SANTA CLARA,Active,R-RES-TOU
ACCT002439,CUST002439,PREM002439,Electric,Residential,ALAMEDA,Active,R-RES-TOU
ACCT002440,CUST002440,PREM002440,Electric,Residential,SANTA CLARA,Active,R-RES-TOU
ACCT002441,CUST002441,PREM002441,Electric,Residential,SANTA BARBARA,Active,R-RES-TOU
ACCT002442,CUST002442,PREM002442,Electric,Residential,GLENN,Active,R-RES-TOU
ACCT002443,CUST002443,PREM002443,Electric,Residential,SANTA CLARA,Active,R-RES-TOU
ACCT002444,CUST002444,PREM002444,Electric,Commercial,SANTA BARBARA,Active,R-COM-GEN
ACCT002445,CUST002445,PREM002445,Electric,Residential,SAN MATEO,Active,R-RES-TOU
ACCT002446,CUST002446,PREM002446,Electric,Residential,FRESNO,Active,R-RES-TOU
ACCT002447,CUST002447,PREM002447,Electric,Residential,SAN FRANCISCO,Active,R-RES-TOU
ACCT002448,CUST002448,PREM002448,Electric,Residential,ALAMEDA,Pending Close,R-RES-TOU
ACCT002449,CUST002449,PREM002449,Electric,Residential,SANTA BARBARA,Active,R-RES-TOU
ACCT002450,CUST002450,PREM002450,Electric,Residential,SANTA CLARA,Active,R-RES-TOU
ACCT002451,CUST002451,PREM002451,Electric,Residential,PLACER,Active,R-RES-TOU
ACCT002452,CUST002452,PREM002452,Electric,Agriculture And Water Pumping,KERN,Active,R-AGR-PUMP
ACCT002453,CUST002453,PREM002453,Electric,Residential,ALAMEDA,Active,R-RES-TOU
ACCT002454,CUST002454,PREM002454,Electric,Residential,SAN LUIS OBISPO,Active,R-RES-TOU
ACCT002455,CUST002455,PREM002455,Electric,Residential,MONTEREY,Active,R-RES-TOU
ACCT002456,CUST002456,PREM002456,Electric,Residential,YUBA,Active,R-RES-TOU
ACCT002457,CUST002457,PREM002457,Electric,Residential,EL DORADO,Active,R-RES-TOU
ACCT002458,CUST002458,PREM002458,Electric,Residential,KERN,Active,R-RES-TOU
ACCT002459,CUST002459,PREM002459,Electric,Residential,SANTA CLARA,Active,R-RES-TOU
ACCT002460,CUST002460,PREM002460,Electric,Residential,ALAMEDA,Active,R-RES-TOU
ACCT002461,CUST002461,PREM002461,Electric,Mining,KERN,Active,R-MIN-GEN
ACCT002462,CUST002462,PREM002462,Electric,Commercial,SAN MATEO,Active,R-COM-GEN
ACCT002463,CUST002463,PREM002463,Electric,Residential,YOLO,Pending Close,R-RES-TOU
ACCT002464,CUST002464,PREM002464,Electric,Residential,SAN MATEO,Active,R-RES-TOU
ACCT002465,CUST002465,PREM002465,Electric,Residential,MARIN,Active,R-RES-TOU
ACCT002466,CUST002466,PREM002466,Electric,Residential,KERN,Active,R-RES-TOU
ACCT002467,CUST002467,PREM002467,Electric,Residential,SAN JOAQUIN,Active,R-RES-TOU
ACCT002468,CUST002468,PREM002468,Electric,Residential,SANTA BARBARA,Active,R-RES-TOU
ACCT002469,CUST002469,PREM002469,Electric,Residential,EL DORADO,Active,R-RES-TOU
ACCT002470,CUST002470,PREM002470,Electric,Residential,SAN MATEO,Active,R-RES-TOU
ACCT002471,CUST002471,PREM002471,Electric,Residential,SAN JOAQUIN,Active,R-RES-TOU
ACCT002472,CUST002472,PREM002472,Electric,Agriculture And Water Pumping,CONTRA COSTA,Active,R-AGR-PUMP
ACCT002473,CUST002473,PREM002473,Electric,Commercial,MONTEREY,Active,R-COM-GEN
ACCT002474,CUST002474,PREM002474,Electric,Residential,KERN,Active,R-RES-TOU
ACCT002475,CUST002475,PREM002475,Electric,Residential,KERN,Active,R-RES-TOU
ACCT002476,CUST002476,PREM002476,Electric,Commercial,KERN,Active,R-COM-GEN
ACCT002477,CUST002477,PREM002477,Electric,Residential,FRESNO,Active,R-RES-TOU
ACCT002478,CUST002478,PREM002478,Electric,Residential,CONTRA COSTA,Active,R-RES-TOU
ACCT002479,CUST002479,PREM002479,Electric,Residential,MONTEREY,Active,R-RES-TOU
ACCT002480,CUST002480,PREM002480,Electric,Residential,KERN,Active,R-RES-TOU
ACCT002481,CUST002481,PREM002481,Electric,Residential,SAN MATEO,Active,R-RES-TOU
ACCT002482,CUST002482,PREM002482,Electric,Commercial,SANTA CLARA,Active,R-COM-GEN
ACCT002483,CUST002483,PREM002483,Electric,Industrial,KERN,Active,R-IND-GEN
ACCT002484,CUST002484,PREM002484,Electric,Residential,KERN,Active,R-RES-TOU
ACCT002485,CUST002485,PREM002485,Electric,Residential,KERN,Active,R-RES-TOU
ACCT002486,CUST002486,PREM002486,Electric,"Transportation, Communications, & Utilities",FRESNO,Active,R-TCU-GEN
ACCT002487,CUST002487,PREM002487,Electric,Residential,KERN,Active,R-RES-TOU
ACCT002488,CUST002488,PREM002488,Electric,Commercial,KINGS,Active,R-COM-GEN
ACCT002489,CUST002489,PREM002489,Electric,Residential,SAN LUIS OBISPO,Active,R-RES-TOU
ACCT002490,CUST002490,PREM002490,Electric,Residential,SAN JOAQUIN,Active,R-RES-TOU
ACCT002491,CUST002491,PREM002491,Electric,Residential,SANTA CLARA,Active,R-RES-TOU
ACCT002492,CUST002492,PREM002492,Electric,Residential,KERN,Active,R-RES-TOU
ACCT002493,CUST002493,PREM002493,Electric,Residential,SAN MATEO,Active,R-RES-TOU
ACCT002494,CUST002494,PREM002494,Electric,Residential,SAN FRANCISCO,Active,R-RES-TOU
ACCT002495,CUST002495,PREM002495,Electric,Residential,BUTTE,Active,R-RES-TOU
ACCT002496,CUST002496,PREM002496,Electric,Residential,SANTA CLARA,Pending Close,R-RES-TOU
ACCT002497,CUST002497,PREM002497,Electric,Residential,CONTRA COSTA,Active,R-RES-TOU
ACCT002498,CUST002498,PREM002498,Electric,Commercial,BUTTE,Active,R-COM-GEN
ACCT002499,CUST002499,PREM002499,Electric,"Transportation, Communications, & Utilities",SANTA CLARA,Active,R-TCU-GEN
ACCT002500,CUST002500,PREM002500,Electric,Residential,FRESNO,Active,R-RES-TOU
ACCT002501,CUST002501,PREM002501,Electric,Commercial,SAN FRANCISCO,Active,R-COM-GEN
ACCT002502,CUST002502,PREM002502,Electric,Residential,SAN JOAQUIN,Active,R-RES-TOU
ACCT002503,CUST002503,PREM002503,Electric,Residential,SANTA CLARA,Active,R-RES-TOU
ACCT002504,CUST002504,PREM002504,Electric,Agriculture And Water Pumping,SANTA CLARA,Active,R-AGR-PUMP
ACCT002505,CUST002505,PREM002505,Electric,Residential,SAN FRANCISCO,Active,R-RES-TOU
ACCT002506,CUST002506,PREM002506,Electric,Residential,NAPA,Pending Close,R-RES-TOU
ACCT002507,CUST002507,PREM002507,Electric,Commercial,KERN,Active,R-COM-GEN
ACCT002508,CUST002508,PREM002508,Electric,Residential,ALAMEDA,Inactive,R-RES-TOU
ACCT002509,CUST002509,PREM002509,Electric,Commercial,SAN LUIS OBISPO,Active,R-COM-GEN
ACCT002510,CUST002510,PREM002510,Electric,Commercial,MENDOCINO,Active,R-COM-GEN
ACCT002511,CUST002511,PREM002511,Electric,Residential,SAN JOAQUIN,Active,R-RES-TOU
ACCT002512,CUST002512,PREM002512,Electric,Commercial,YUBA,Pending Close,R-COM-GEN
ACCT002513,CUST002513,PREM002513,Electric,Residential,CONTRA COSTA,Active,R-RES-TOU
ACCT002514,CUST002514,PREM002514,Electric,Residential,SANTA CLARA,Active,R-RES-TOU
ACCT002515,CUST002515,PREM002515,Electric,Residential,EL DORADO,Active,R-RES-TOU
ACCT002516,CUST002516,PREM002516,Electric,Industrial,SAN JOAQUIN,Active,R-IND-GEN
ACCT002517,CUST002517,PREM002517,Electric,Residential,ALAMEDA,Active,R-RES-TOU
ACCT002518,CUST002518,PREM002518,Electric,Residential,ALAMEDA,Pending Close,R-RES-TOU
ACCT002519,CUST002519,PREM002519,Electric,Residential,MERCED,Active,R-RES-TOU
ACCT002520,CUST002520,PREM002520,Electric,Residential,CONTRA COSTA,Active,R-RES-TOU
ACCT002521,CUST002521,PREM002521,Electric,Residential,SAN MATEO,Active,R-RES-TOU
ACCT002522,CUST002522,PREM002522,Electric,Residential,KERN,Active,R-RES-TOU
ACCT002523,CUST002523,PREM002523,Electric,Residential,SAN FRANCISCO,Active,R-RES-TOU
ACCT002524,CUST002524,PREM002524,Electric,Residential,SOLANO,Active,R-RES-TOU
ACCT002525,CUST002525,PREM002525,Electric,Commercial,SAN MATEO,Active,R-COM-GEN
ACCT002526,CUST002526,PREM002526,Electric,Residential,EL DORADO,Active,R-RES-TOU
ACCT002527,CUST002527,PREM002527,Electric,Residential,SAN FRANCISCO,Active,R-RES-TOU
ACCT002528,CUST002528,PREM002528,Electric,Agriculture And Water Pumping,SAN FRANCISCO,Active,R-AGR-PUMP
ACCT002529,CUST002529,PREM002529,Electric,Residential,SANTA BARBARA,Active,R-RES-TOU
ACCT002530,CUST002530,PREM002530,Electric,Streetlighting,ALAMEDA,Active,R-STLIGHT
ACCT002531,CUST002531,PREM002531,Electric,Residential,SANTA CLARA,Active,R-RES-TOU
ACCT002532,CUST002532,PREM002532,Electric,Commercial,SANTA CLARA,Active,R-COM-GEN
ACCT002533,CUST002533,PREM002533,Electric,Residential,SANTA CLARA,Active,R-RES-TOU
ACCT002534,CUST002534,PREM002534,Electric,Residential,KERN,Active,R-RES-TOU
ACCT002535,CUST002535,PREM002535,Electric,Residential,SAN JOAQUIN,Active,R-RES-TOU
ACCT002536,CUST002536,PREM002536,Electric,Commercial,FRESNO,Active,R-COM-GEN
ACCT002537,CUST002537,PREM002537,Electric,Residential,MERCED,Active,R-RES-TOU
ACCT002538,CUST002538,PREM002538,Electric,Residential,SAN MATEO,Active,R-RES-TOU
ACCT002539,CUST002539,PREM002539,Electric,Residential,KERN,Active,R-RES-TOU
ACCT002540,CUST002540,PREM002540,Electric,Residential,KERN,Active,R-RES-TOU
ACCT002541,CUST002541,PREM002541,Electric,Residential,SANTA CLARA,Active,R-RES-TOU
ACCT002542,CUST002542,PREM002542,Electric,Residential,CONTRA COSTA,Active,R-RES-TOU
ACCT002543,CUST002543,PREM002543,Electric,Commercial,NEVADA,Inactive,R-COM-GEN
ACCT002544,CUST002544,PREM002544,Electric,Residential,SHASTA,Active,R-RES-TOU
ACCT002545,CUST002545,PREM002545,Electric,Residential,SANTA CLARA,Active,R-RES-TOU
ACCT002546,CUST002546,PREM002546,Electric,Residential,CONTRA COSTA,Active,R-RES-TOU
ACCT002547,CUST002547,PREM002547,Electric,Residential,MERCED,Active,R-RES-TOU
ACCT002548,CUST002548,PREM002548,Electric,Residential,ALAMEDA,Active,R-RES-TOU
ACCT002549,CUST002549,PREM002549,Electric,Residential,SAN JOAQUIN,Active,R-RES-TOU
ACCT002550,CUST002550,PREM002550,Electric,Residential,FRESNO,Active,R-RES-TOU
ACCT002551,CUST002551,PREM002551,Electric,Residential,PLUMAS,Active,R-RES-TOU
ACCT002552,CUST002552,PREM002552,Electric,Residential,KERN,Active,R-RES-TOU
ACCT002553,CUST002553,PREM002553,Electric,Commercial,FRESNO,Active,R-COM-GEN
ACCT002554,CUST002554,PREM002554,Electric,Industrial,KERN,Active,R-IND-GEN
ACCT002555,CUST002555,PREM002555,Electric,Residential,COLUSA,Active,R-RES-TOU
ACCT002556,CUST002556,PREM002556,Electric,Agriculture And Water Pumping,KERN,Active,R-AGR-PUMP
ACCT002557,CUST002557,PREM002557,Electric,Residential,SANTA CLARA,Active,R-RES-TOU
ACCT002558,CUST002558,PREM002558,Electric,Residential,KERN,Active,R-RES-TOU
ACCT002559,CUST002559,PREM002559,Electric,Residential,PLACER,Active,R-RES-TOU
ACCT002560,CUST002560,PREM002560,Electric,Residential,SAN JOAQUIN,Active,R-RES-TOU
ACCT002561,CUST002561,PREM002561,Electric,Residential,SOLANO,Active,R-RES-TOU
ACCT002562,CUST002562,PREM002562,Electric,Residential,FRESNO,Active,R-RES-TOU
ACCT002563,CUST002563,PREM002563,Electric,Residential,SANTA CLARA,Active,R-RES-TOU
ACCT002564,CUST002564,PREM002564,Electric,Residential,FRESNO,Active,R-RES-TOU
ACCT002565,CUST002565,PREM002565,Electric,Residential,KERN,Active,R-RES-TOU
ACCT002566,CUST002566,PREM002566,Electric,Residential,SONOMA,Active,R-RES-TOU
ACCT002567,CUST002567,PREM002567,Electric,Residential,YOLO,Active,R-RES-TOU
ACCT002568,CUST002568,PREM002568,Electric,Residential,CONTRA COSTA,Active,R-RES-TOU
ACCT002569,CUST002569,PREM002569,Electric,Commercial,SAN JOAQUIN,Active,R-COM-GEN
ACCT002570,CUST002570,PREM002570,Electric,Industrial,CONTRA COSTA,Active,R-IND-GEN
ACCT002571,CUST002571,PREM002571,Electric,Residential,SAN MATEO,Inactive,R-RES-TOU
ACCT002572,CUST002572,PREM002572,Electric,Commercial,SAN FRANCISCO,Active,R-COM-GEN
ACCT002573,CUST002573,PREM002573,Electric,Residential,SANTA CLARA,Active,R-RES-TOU
ACCT002574,CUST002574,PREM002574,Electric,Residential,SOLANO,Active,R-RES-TOU
ACCT002575,CUST002575,PREM002575,Electric,Residential,CONTRA COSTA,Active,R-RES-TOU
ACCT002576,CUST002576,PREM002576,Electric,Residential,SANTA CLARA,Active,R-RES-TOU
ACCT002577,CUST002577,PREM002577,Electric,"Transportation, Communications, & Utilities",SAN FRANCISCO,Active,R-TCU-GEN
ACCT002578,CUST002578,PREM002578,Electric,Residential,FRESNO,Active,R-RES-TOU
ACCT002579,CUST002579,PREM002579,Electric,Residential,YOLO,Active,R-RES-TOU
ACCT002580,CUST002580,PREM002580,Electric,Residential,FRESNO,Active,R-RES-TOU
ACCT002581,CUST002581,PREM002581,Electric,Residential,FRESNO,Active,R-RES-TOU
ACCT002582,CUST002582,PREM002582,Electric,Commercial,KERN,Active,R-COM-GEN
ACCT002583,CUST002583,PREM002583,Electric,Residential,CONTRA COSTA,Active,R-RES-TOU
ACCT002584,CUST002584,PREM002584,Electric,Residential,SANTA CLARA,Active,R-RES-TOU
ACCT002585,CUST002585,PREM002585,Electric,Residential,PLACER,Active,R-RES-TOU
ACCT002586,CUST002586,PREM002586,Electric,Residential,FRESNO,Active,R-RES-TOU
ACCT002587,CUST002587,PREM002587,Electric,Residential,KERN,Active,R-RES-TOU
ACCT002588,CUST002588,PREM002588,Electric,Residential,SOLANO,Active,R-RES-TOU
ACCT002589,CUST002589,PREM002589,Electric,Residential,PLACER,Inactive,R-RES-TOU
ACCT002590,CUST002590,PREM002590,Electric,Residential,GLENN,Active,R-RES-TOU
ACCT002591,CUST002591,PREM002591,Electric,Commercial,SANTA CLARA,Active,R-COM-GEN
ACCT002592,CUST002592,PREM002592,Electric,Commercial,SAN JOAQUIN,Active,R-COM-GEN
ACCT002593,CUST002593,PREM002593,Electric,Residential,SOLANO,Active,R-RES-TOU
ACCT002594,CUST002594,PREM002594,Electric,Residential,SONOMA,Active,R-RES-TOU
ACCT002595,CUST002595,PREM002595,Electric,Residential,SANTA CLARA,Active,R-RES-TOU
ACCT002596,CUST002596,PREM002596,Electric,Residential,SHASTA,Active,R-RES-TOU
ACCT002597,CUST002597,PREM002597,Electric,Residential,SANTA CLARA,Active,R-RES-TOU
ACCT002598,CUST002598,PREM002598,Electric,Residential,CONTRA COSTA,Active,R-RES-TOU
ACCT002599,CUST002599,PREM002599,Electric,Residential,YUBA,Active,R-RES-TOU
ACCT002600,CUST002600,PREM002600,Electric,Residential,ALAMEDA,Active,R-RES-TOU
ACCT002601,CUST002601,PREM002601,Electric,Residential,FRESNO,Active,R-RES-TOU
ACCT002602,CUST002602,PREM002602,Electric,Residential,SANTA CLARA,Active,R-RES-TOU
ACCT002603,CUST002603,PREM002603,Electric,Residential,SAN FRANCISCO,Active,R-RES-TOU
ACCT002604,CUST002604,PREM002604,Electric,Residential,SONOMA,Active,R-RES-TOU
ACCT002605,CUST002605,PREM002605,Electric,Residential,ALAMEDA,Active,R-RES-TOU
ACCT002606,CUST002606,PREM002606,Electric,Residential,FRESNO,Active,R-RES-TOU
ACCT002607,CUST002607,PREM002607,Electric,Residential,SANTA CLARA,Active,R-RES-TOU
ACCT002608,CUST002608,PREM002608,Electric,Residential,SANTA CRUZ,Active,R-RES-TOU
ACCT002609,CUST002609,PREM002609,Electric,Residential,SAN MATEO,Active,R-RES-TOU
ACCT002610,CUST002610,PREM002610,Electric,Residential,SANTA CLARA,Active,R-RES-TOU
ACCT002611,CUST002611,PREM002611,Electric,Commercial,ALAMEDA,Active,R-COM-GEN
ACCT002612,CUST002612,PREM002612,Electric,Residential,SANTA CLARA,Active,R-RES-TOU
ACCT002613,CUST002613,PREM002613,Electric,Residential,SONOMA,Active,R-RES-TOU
ACCT002614,CUST002614,PREM002614,Electric,Residential,KERN,Active,R-RES-TOU
ACCT002615,CUST002615,PREM002615,Electric,Residential,ALAMEDA,Active,R-RES-TOU
ACCT002616,CUST002616,PREM002616,Electric,Residential,KERN,Active,R-RES-TOU
ACCT002617,CUST002617,PREM002617,Electric,Residential,ALAMEDA,Active,R-RES-TOU
ACCT002618,CUST002618,PREM002618,Electric,Residential,SOLANO,Active,R-RES-TOU
ACCT002619,CUST002619,PREM002619,Electric,Commercial,KINGS,Active,R-COM-GEN
ACCT002620,CUST002620,PREM002620,Electric,Residential,KERN,Active,R-RES-TOU
ACCT002621,CUST002621,PREM002621,Electric,Residential,BUTTE,Active,R-RES-TOU
ACCT002622,CUST002622,PREM002622,Electric,Commercial,SAN FRANCISCO,Active,R-COM-GEN
ACCT002623,CUST002623,PREM002623,Electric,Residential,SANTA CLARA,Inactive,R-RES-TOU
ACCT002624,CUST002624,PREM002624,Electric,Commercial,FRESNO,Active,R-COM-GEN
ACCT002625,CUST002625,PREM002625,Electric,Residential,KERN,Active,R-RES-TOU
ACCT002626,CUST002626,PREM002626,Electric,Agriculture And Water Pumping,SANTA BARBARA,Active,R-AGR-PUMP
ACCT002627,CUST002627,PREM002627,Electric,Residential,SONOMA,Active,R-RES-TOU
ACCT002628,CUST002628,PREM002628,Electric,Residential,KERN,Active,R-RES-TOU
ACCT002629,CUST002629,PREM002629,Electric,Residential,SONOMA,Active,R-RES-TOU
ACCT002630,CUST002630,PREM002630,Electric,Residential,SOLANO,Active,R-RES-TOU
ACCT002631,CUST002631,PREM002631,Electric,Residential,KERN,Active,R-RES-TOU
ACCT002632,CUST002632,PREM002632,Electric,Residential,SAN LUIS OBISPO,Active,R-RES-TOU
ACCT002633,CUST002633,PREM002633,Electric,Residential,ALAMEDA,Active,R-RES-TOU
ACCT002634,CUST002634,PREM002634,Electric,Residential,SHASTA,Active,R-RES-TOU
ACCT002635,CUST002635,PREM002635,Electric,Residential,FRESNO,Active,R-RES-TOU
ACCT002636,CUST002636,PREM002636,Electric,Residential,CONTRA COSTA,Active,R-RES-TOU
ACCT002637,CUST002637,PREM002637,Electric,Agriculture And Water Pumping,ALAMEDA,Active,R-AGR-PUMP
ACCT002638,CUST002638,PREM002638,Electric,Residential,SANTA CRUZ,Active,R-RES-TOU
ACCT002639,CUST002639,PREM002639,Electric,Agriculture And Water Pumping,CONTRA COSTA,Active,R-AGR-PUMP
ACCT002640,CUST002640,PREM002640,Electric,Residential,CONTRA COSTA,Active,R-RES-TOU
ACCT002641,CUST002641,PREM002641,Electric,Residential,KERN,Active,R-RES-TOU
ACCT002642,CUST002642,PREM002642,Electric,Residential,ALAMEDA,Active,R-RES-TOU
ACCT002643,CUST002643,PREM002643,Electric,Residential,KERN,Active,R-RES-TOU
ACCT002644,CUST002644,PREM002644,Electric,Residential,ALAMEDA,Pending Close,R-RES-TOU
ACCT002645,CUST002645,PREM002645,Electric,Residential,SANTA CLARA,Active,R-RES-TOU
ACCT002646,CUST002646,PREM002646,Electric,Residential,FRESNO,Active,R-RES-TOU
ACCT002647,CUST002647,PREM002647,Electric,Agriculture And Water Pumping,PLACER,Active,R-AGR-PUMP
ACCT002648,CUST002648,PREM002648,Electric,Residential,SANTA CLARA,Active,R-RES-TOU
ACCT002649,CUST002649,PREM002649,Electric,Residential,ALAMEDA,Active,R-RES-TOU
ACCT002650,CUST002650,PREM002650,Electric,Residential,NEVADA,Active,R-RES-TOU
ACCT002651,CUST002651,PREM002651,Electric,Residential,CONTRA COSTA,Active,R-RES-TOU
ACCT002652,CUST002652,PREM002652,Electric,Residential,SANTA CLARA,Active,R-RES-TOU
ACCT002653,CUST002653,PREM002653,Electric,Residential,CONTRA COSTA,Active,R-RES-TOU
ACCT002654,CUST002654,PREM002654,Electric,Residential,SAN JOAQUIN,Active,R-RES-TOU
ACCT002655,CUST002655,PREM002655,Electric,Residential,MADERA,Active,R-RES-TOU
ACCT002656,CUST002656,PREM002656,Electric,Residential,MADERA,Active,R-RES-TOU
ACCT002657,CUST002657,PREM002657,Electric,Commercial,FRESNO,Active,R-COM-GEN
ACCT002658,CUST002658,PREM002658,Electric,Commercial,FRESNO,Active,R-COM-GEN
ACCT002659,CUST002659,PREM002659,Electric,Residential,KERN,Active,R-RES-TOU
ACCT002660,CUST002660,PREM002660,Electric,Residential,SANTA BARBARA,Active,R-RES-TOU
ACCT002661,CUST002661,PREM002661,Electric,Residential,CONTRA COSTA,Active,R-RES-TOU
ACCT002662,CUST002662,PREM002662,Electric,Commercial,SANTA CRUZ,Active,R-COM-GEN
ACCT002663,CUST002663,PREM002663,Electric,Residential,MERCED,Active,R-RES-TOU
ACCT002664,CUST002664,PREM002664,Electric,Residential,KERN,Active,R-RES-TOU
ACCT002665,CUST002665,PREM002665,Electric,Residential,SAN MATEO,Active,R-RES-TOU
ACCT002666,CUST002666,PREM002666,Electric,Residential,ALAMEDA,Active,R-RES-TOU
ACCT002667,CUST002667,PREM002667,Electric,Residential,SANTA BARBARA,Active,R-RES-TOU
ACCT002668,CUST002668,PREM002668,Electric,Residential,FRESNO,Active,R-RES-TOU
ACCT002669,CUST002669,PREM002669,Electric,Residential,MONTEREY,Active,R-RES-TOU
ACCT002670,CUST002670,PREM002670,Electric,Residential,SAN MATEO,Active,R-RES-TOU
ACCT002671,CUST002671,PREM002671,Electric,Residential,MERCED,Active,R-RES-TOU
ACCT002672,CUST002672,PREM002672,Electric,Residential,SAN FRANCISCO,Active,R-RES-TOU
ACCT002673,CUST002673,PREM002673,Electric,Residential,MONTEREY,Active,R-RES-TOU
ACCT002674,CUST002674,PREM002674,Electric,Residential,PLACER,Active,R-RES-TOU
ACCT002675,CUST002675,PREM002675,Electric,Commercial,PLACER,Active,R-COM-GEN
ACCT002676,CUST002676,PREM002676,Electric,Residential,SAN FRANCISCO,Active,R-RES-TOU
ACCT002677,CUST002677,PREM002677,Electric,Residential,SOLANO,Active,R-RES-TOU
ACCT002678,CUST002678,PREM002678,Electric,Residential,KINGS,Active,R-RES-TOU
ACCT002679,CUST002679,PREM002679,Electric,Residential,GLENN,Active,R-RES-TOU
ACCT002680,CUST002680,PREM002680,Electric,Residential,CONTRA COSTA,Active,R-RES-TOU
ACCT002681,CUST002681,PREM002681,Electric,Residential,AMADOR,Active,R-RES-TOU
ACCT002682,CUST002682,PREM002682,Electric,Commercial,PLACER,Active,R-COM-GEN
ACCT002683,CUST002683,PREM002683,Electric,Residential,EL DORADO,Active,R-RES-TOU
ACCT002684,CUST002684,PREM002684,Electric,Residential,KERN,Active,R-RES-TOU
ACCT002685,CUST002685,PREM002685,Electric,Residential,SANTA CLARA,Active,R-RES-TOU
ACCT002686,CUST002686,PREM002686,Electric,Residential,MERCED,Active,R-RES-TOU
ACCT002687,CUST002687,PREM002687,Electric,Residential,SOLANO,Active,R-RES-TOU
ACCT002688,CUST002688,PREM002688,Electric,Residential,ALAMEDA,Active,R-RES-TOU
ACCT002689,CUST002689,PREM002689,Electric,Residential,ALAMEDA,Active,R-RES-TOU
ACCT002690,CUST002690,PREM002690,Electric,Residential,SAN JOAQUIN,Active,R-RES-TOU
ACCT002691,CUST002691,PREM002691,Electric,Residential,CONTRA COSTA,Active,R-RES-TOU
ACCT002692,CUST002692,PREM002692,Electric,Residential,MONTEREY,Active,R-RES-TOU
ACCT002693,CUST002693,PREM002693,Electric,Residential,ALAMEDA,Active,R-RES-TOU
ACCT002694,CUST002694,PREM002694,Electric,Residential,SAN LUIS OBISPO,Active,R-RES-TOU
ACCT002695,CUST002695,PREM002695,Electric,Agriculture And Water Pumping,AMADOR,Active,R-AGR-PUMP
ACCT002696,CUST002696,PREM002696,Electric,Residential,FRESNO,Active,R-RES-TOU
ACCT002697,CUST002697,PREM002697,Electric,Residential,KERN,Active,R-RES-TOU
ACCT002698,CUST002698,PREM002698,Electric,Residential,FRESNO,Active,R-RES-TOU
ACCT002699,CUST002699,PREM002699,Electric,Residential,SAN MATEO,Active,R-RES-TOU
ACCT002700,CUST002700,PREM002700,Electric,Residential,ALAMEDA,Active,R-RES-TOU
ACCT002701,CUST002701,PREM002701,Electric,Residential,YUBA,Active,R-RES-TOU
ACCT002702,CUST002702,PREM002702,Electric,"Transportation, Communications, & Utilities",MADERA,Active,R-TCU-GEN
ACCT002703,CUST002703,PREM002703,Electric,Residential,SANTA BARBARA,Active,R-RES-TOU
ACCT002704,CUST002704,PREM002704,Electric,Residential,SAN MATEO,Active,R-RES-TOU
ACCT002705,CUST002705,PREM002705,Electric,Residential,CONTRA COSTA,Active,R-RES-TOU
ACCT002706,CUST002706,PREM002706,Electric,Commercial,CONTRA COSTA,Active,R-COM-GEN
ACCT002707,CUST002707,PREM002707,Electric,Residential,SAN FRANCISCO,Active,R-RES-TOU
ACCT002708,CUST002708,PREM002708,Electric,Residential,MADERA,Active,R-RES-TOU
ACCT002709,CUST002709,PREM002709,Electric,Residential,PLACER,Active,R-RES-TOU
ACCT002710,CUST002710,PREM002710,Electric,Residential,SAN JOAQUIN,Active,R-RES-TOU
ACCT002711,CUST002711,PREM002711,Electric,Residential,CONTRA COSTA,Active,R-RES-TOU
ACCT002712,CUST002712,PREM002712,Electric,Residential,SAN MATEO,Active,R-RES-TOU
ACCT002713,CUST002713,PREM002713,Electric,Residential,ALAMEDA,Active,R-RES-TOU
ACCT002714,CUST002714,PREM002714,Electric,Residential,KERN,Active,R-RES-TOU
ACCT002715,CUST002715,PREM002715,Electric,Residential,CONTRA COSTA,Active,R-RES-TOU
ACCT002716,CUST002716,PREM002716,Electric,Residential,NAPA,Active,R-RES-TOU
ACCT002717,CUST002717,PREM002717,Electric,Residential,SANTA CLARA,Active,R-RES-TOU
ACCT002718,CUST002718,PREM002718,Electric,Agriculture And Water Pumping,YOLO,Active,R-AGR-PUMP
ACCT002719,CUST002719,PREM002719,Electric,Commercial,KERN,Active,R-COM-GEN
ACCT002720,CUST002720,PREM002720,Electric,Residential,SHASTA,Active,R-RES-TOU
ACCT002721,CUST002721,PREM002721,Electric,Commercial,SAN FRANCISCO,Active,R-COM-GEN
ACCT002722,CUST002722,PREM002722,Electric,Residential,MENDOCINO,Active,R-RES-TOU
ACCT002723,CUST002723,PREM002723,Electric,Residential,CONTRA COSTA,Active,R-RES-TOU
ACCT002724,CUST002724,PREM002724,Electric,Residential,SOLANO,Active,R-RES-TOU
ACCT002725,CUST002725,PREM002725,Electric,Residential,SONOMA,Active,R-RES-TOU
ACCT002726,CUST002726,PREM002726,Electric,Residential,SANTA CLARA,Active,R-RES-TOU
ACCT002727,CUST002727,PREM002727,Electric,Residential,SANTA CLARA,Active,R-RES-TOU
ACCT002728,CUST002728,PREM002728,Electric,Residential,KERN,Active,R-RES-TOU
ACCT002729,CUST002729,PREM002729,Electric,Residential,TUOLUMNE,Active,R-RES-TOU
ACCT002730,CUST002730,PREM002730,Electric,Residential,SAN FRANCISCO,Active,R-RES-TOU
ACCT002731,CUST002731,PREM002731,Electric,Residential,PLACER,Active,R-RES-TOU
ACCT002732,CUST002732,PREM002732,Electric,Residential,SANTA CLARA,Active,R-RES-TOU
ACCT002733,CUST002733,PREM002733,Electric,Residential,CONTRA COSTA,Active,R-RES-TOU
ACCT002734,CUST002734,PREM002734,Electric,Agriculture And Water Pumping,SAN JOAQUIN,Active,R-AGR-PUMP
ACCT002735,CUST002735,PREM002735,Electric,Industrial,SANTA CLARA,Active,R-IND-GEN
ACCT002736,CUST002736,PREM002736,Electric,Residential,SANTA BARBARA,Active,R-RES-TOU
ACCT002737,CUST002737,PREM002737,Electric,Mining,YOLO,Active,R-MIN-GEN
ACCT002738,CUST002738,PREM002738,Electric,Residential,SANTA CLARA,Active,R-RES-TOU
ACCT002739,CUST002739,PREM002739,Electric,Agriculture And Water Pumping,FRESNO,Active,R-AGR-PUMP
ACCT002740,CUST002740,PREM002740,Electric,Residential,SANTA CLARA,Active,R-RES-TOU
ACCT002741,CUST002741,PREM002741,Electric,Residential,SAN LUIS OBISPO,Active,R-RES-TOU
ACCT002742,CUST002742,PREM002742,Electric,Residential,SANTA CLARA,Active,R-RES-TOU
ACCT002743,CUST002743,PREM002743,Electric,Residential,SOLANO,Active,R-RES-TOU
ACCT002744,CUST002744,PREM002744,Electric,Residential,ALAMEDA,Active,R-RES-TOU
ACCT002745,CUST002745,PREM002745,Electric,Residential,KERN,Active,R-RES-TOU
ACCT002746,CUST002746,PREM002746,Electric,Residential,SAN LUIS OBISPO,Active,R-RES-TOU
ACCT002747,CUST002747,PREM002747,Electric,Residential,SANTA CLARA,Active,R-RES-TOU
ACCT002748,CUST002748,PREM002748,Electric,Residential,SOLANO,Active,R-RES-TOU
ACCT002749,CUST002749,PREM002749,Electric,Commercial,ALAMEDA,Active,R-COM-GEN
ACCT002750,CUST002750,PREM002750,Electric,Residential,FRESNO,Active,R-RES-TOU
ACCT002751,CUST002751,PREM002751,Electric,Residential,SANTA CLARA,Active,R-RES-TOU
ACCT002752,CUST002752,PREM002752,Electric,Residential,FRESNO,Active,R-RES-TOU
ACCT002753,CUST002753,PREM002753,Electric,Residential,SANTA CLARA,Active,R-RES-TOU
ACCT002754,CUST002754,PREM002754,Electric,Residential,KERN,Active,R-RES-TOU
ACCT002755,CUST002755,PREM002755,Electric,Commercial,ALAMEDA,Active,R-COM-GEN
ACCT002756,CUST002756,PREM002756,Electric,Residential,SOLANO,Active,R-RES-TOU
ACCT002757,CUST002757,PREM002757,Electric,Residential,ALAMEDA,Active,R-RES-TOU
ACCT002758,CUST002758,PREM002758,Electric,Commercial,MONTEREY,Active,R-COM-GEN
ACCT002759,CUST002759,PREM002759,Electric,Residential,SONOMA,Active,R-RES-TOU
ACCT002760,CUST002760,PREM002760,Electric,Residential,SANTA CLARA,Active,R-RES-TOU
ACCT002761,CUST002761,PREM002761,Electric,Residential,EL DORADO,Active,R-RES-TOU
ACCT002762,CUST002762,PREM002762,Electric,Residential,SANTA CLARA,Active,R-RES-TOU
ACCT002763,CUST002763,PREM002763,Electric,Residential,KERN,Active,R-RES-TOU
ACCT002764,CUST002764,PREM002764,Electric,Residential,FRESNO,Active,R-RES-TOU
ACCT002765,CUST002765,PREM002765,Electric,Residential,FRESNO,Active,R-RES-TOU
ACCT002766,CUST002766,PREM002766,Electric,Agriculture And Water Pumping,SANTA CRUZ,Active,R-AGR-PUMP
ACCT002767,CUST002767,PREM002767,Electric,Residential,ALAMEDA,Active,R-RES-TOU
ACCT002768,CUST002768,PREM002768,Electric,Residential,MARIN,Active,R-RES-TOU
ACCT002769,CUST002769,PREM002769,Electric,Residential,SANTA CLARA,Active,R-RES-TOU
ACCT002770,CUST002770,PREM002770,Electric,Residential,FRESNO,Active,R-RES-TOU
ACCT002771,CUST002771,PREM002771,Electric,Residential,KERN,Active,R-RES-TOU
ACCT002772,CUST002772,PREM002772,Electric,Residential,FRESNO,Active,R-RES-TOU
ACCT002773,CUST002773,PREM002773,Electric,Commercial,ALAMEDA,Active,R-COM-GEN
ACCT002774,CUST002774,PREM002774,Electric,Residential,ALAMEDA,Active,R-RES-TOU
ACCT002775,CUST002775,PREM002775,Electric,Residential,SAN MATEO,Active,R-RES-TOU
ACCT002776,CUST002776,PREM002776,Electric,Residential,CONTRA COSTA,Active,R-RES-TOU
ACCT002777,CUST002777,PREM002777,Electric,Residential,SAN MATEO,Active,R-RES-TOU
ACCT002778,CUST002778,PREM002778,Electric,Residential,SAN JOAQUIN,Active,R-RES-TOU
ACCT002779,CUST002779,PREM002779,Electric,Residential,SONOMA,Active,R-RES-TOU
ACCT002780,CUST002780,PREM002780,Electric,Residential,PLACER,Active,R-RES-TOU
ACCT002781,CUST002781,PREM002781,Electric,Residential,KERN,Active,R-RES-TOU
ACCT002782,CUST002782,PREM002782,Electric,Commercial,CONTRA COSTA,Active,R-COM-GEN
ACCT002783,CUST002783,PREM002783,Electric,"Transportation, Communications, & Utilities",MONTEREY,Active,R-TCU-GEN
ACCT002784,CUST002784,PREM002784,Electric,Residential,CONTRA COSTA,Active,R-RES-TOU
ACCT002785,CUST002785,PREM002785,Electric,Commercial,PLUMAS,Active,R-COM-GEN
ACCT002786,CUST002786,PREM002786,Electric,Residential,KERN,Active,R-RES-TOU
ACCT002787,CUST002787,PREM002787,Electric,Agriculture And Water Pumping,SAN MATEO,Active,R-AGR-PUMP
ACCT002788,CUST002788,PREM002788,Electric,Residential,YOLO,Pending Close,R-RES-TOU
ACCT002789,CUST002789,PREM002789,Electric,Agriculture And Water Pumping,CONTRA COSTA,Active,R-AGR-PUMP
ACCT002790,CUST002790,PREM002790,Electric,Mining,SAN FRANCISCO,Active,R-MIN-GEN
ACCT002791,CUST002791,PREM002791,Electric,Residential,SAN FRANCISCO,Active,R-RES-TOU
ACCT002792,CUST002792,PREM002792,Electric,"Transportation, Communications, & Utilities",SANTA CLARA,Active,R-TCU-GEN
ACCT002793,CUST002793,PREM002793,Electric,Residential,KERN,Active,R-RES-TOU
ACCT002794,CUST002794,PREM002794,Electric,Residential,SANTA BARBARA,Inactive,R-RES-TOU
ACCT002795,CUST002795,PREM002795,Electric,Residential,SOLANO,Active,R-RES-TOU
ACCT002796,CUST002796,PREM002796,Electric,Residential,CONTRA COSTA,Inactive,R-RES-TOU
ACCT002797,CUST002797,PREM002797,Electric,Residential,AMADOR,Active,R-RES-TOU
ACCT002798,CUST002798,PREM002798,Electric,Residential,SANTA CLARA,Active,R-RES-TOU
ACCT002799,CUST002799,PREM002799,Electric,"Transportation, Communications, & Utilities",ALAMEDA,Active,R-TCU-GEN
ACCT002800,CUST002800,PREM002800,Electric,Residential,ALAMEDA,Active,R-RES-TOU
ACCT002801,CUST002801,PREM002801,Electric,Residential,CONTRA COSTA,Active,R-RES-TOU
ACCT002802,CUST002802,PREM002802,Electric,Commercial,SANTA CLARA,Active,R-COM-GEN
ACCT002803,CUST002803,PREM002803,Electric,Industrial,SHASTA,Active,R-IND-GEN
ACCT002804,CUST002804,PREM002804,Electric,Agriculture And Water Pumping,ALAMEDA,Active,R-AGR-PUMP
ACCT002805,CUST002805,PREM002805,Electric,Residential,SANTA CLARA,Active,R-RES-TOU
ACCT002806,CUST002806,PREM002806,Electric,"Transportation, Communications, & Utilities",SANTA CLARA,Active,R-TCU-GEN
ACCT002807,CUST002807,PREM002807,Electric,Residential,FRESNO,Active,R-RES-TOU
ACCT002808,CUST002808,PREM002808,Electric,Residential,BUTTE,Active,R-RES-TOU
ACCT002809,CUST002809,PREM002809,Electric,Residential,ALAMEDA,Active,R-RES-TOU
ACCT002810,CUST002810,PREM002810,Electric,Residential,CONTRA COSTA,Active,R-RES-TOU
ACCT002811,CUST002811,PREM002811,Electric,Residential,SANTA CLARA,Active,R-RES-TOU
ACCT002812,CUST002812,PREM002812,Electric,Residential,CONTRA COSTA,Active,R-RES-TOU
ACCT002813,CUST002813,PREM002813,Electric,Residential,SANTA CLARA,Active,R-RES-TOU
ACCT002814,CUST002814,PREM002814,Electric,Residential,KERN,Active,R-RES-TOU
ACCT002815,CUST002815,PREM002815,Electric,Residential,SANTA CLARA,Active,R-RES-TOU
ACCT002816,CUST002816,PREM002816,Electric,Residential,PLACER,Active,R-RES-TOU
ACCT002817,CUST002817,PREM002817,Electric,Residential,ALAMEDA,Active,R-RES-TOU
ACCT002818,CUST002818,PREM002818,Electric,Residential,SUTTER,Inactive,R-RES-TOU
ACCT002819,CUST002819,PREM002819,Electric,Residential,SONOMA,Active,R-RES-TOU
ACCT002820,CUST002820,PREM002820,Electric,Residential,SAN FRANCISCO,Active,R-RES-TOU
ACCT002821,CUST002821,PREM002821,Electric,Industrial,SAN MATEO,Active,R-IND-GEN
ACCT002822,CUST002822,PREM002822,Electric,Residential,KERN,Active,R-RES-TOU
ACCT002823,CUST002823,PREM002823,Electric,Residential,KERN,Active,R-RES-TOU
ACCT002824,CUST002824,PREM002824,Electric,Residential,SOLANO,Active,R-RES-TOU
ACCT002825,CUST002825,PREM002825,Electric,Residential,KERN,Active,R-RES-TOU
ACCT002826,CUST002826,PREM002826,Electric,Commercial,BUTTE,Active,R-COM-GEN
ACCT002827,CUST002827,PREM002827,Electric,Residential,SUTTER,Active,R-RES-TOU
ACCT002828,CUST002828,PREM002828,Electric,Residential,SAN MATEO,Active,R-RES-TOU
ACCT002829,CUST002829,PREM002829,Electric,Residential,SAN FRANCISCO,Active,R-RES-TOU
ACCT002830,CUST002830,PREM002830,Electric,Residential,SANTA CLARA,Active,R-RES-TOU
ACCT002831,CUST002831,PREM002831,Electric,Residential,SANTA CLARA,Active,R-RES-TOU
ACCT002832,CUST002832,PREM002832,Electric,Residential,KERN,Active,R-RES-TOU
ACCT002833,CUST002833,PREM002833,Electric,Residential,SANTA CLARA,Active,R-RES-TOU
ACCT002834,CUST002834,PREM002834,Electric,Residential,MONTEREY,Active,R-RES-TOU
ACCT002835,CUST002835,PREM002835,Electric,Residential,SANTA CLARA,Active,R-RES-TOU
ACCT002836,CUST002836,PREM002836,Electric,Commercial,KERN,Active,R-COM-GEN
ACCT002837,CUST002837,PREM002837,Electric,Mining,SAN LUIS OBISPO,Active,R-MIN-GEN
ACCT002838,CUST002838,PREM002838,Electric,Residential,FRESNO,Active,R-RES-TOU
ACCT002839,CUST002839,PREM002839,Electric,Residential,KERN,Active,R-RES-TOU
ACCT002840,CUST002840,PREM002840,Electric,Residential,MONTEREY,Active,R-RES-TOU
ACCT002841,CUST002841,PREM002841,Electric,Residential,SAN FRANCISCO,Active,R-RES-TOU
ACCT002842,CUST002842,PREM002842,Electric,Residential,KERN,Active,R-RES-TOU
ACCT002843,CUST002843,PREM002843,Electric,Commercial,CONTRA COSTA,Active,R-COM-GEN
ACCT002844,CUST002844,PREM002844,Electric,Agriculture And Water Pumping,KERN,Active,R-AGR-PUMP
ACCT002845,CUST002845,PREM002845,Electric,Residential,SAN JOAQUIN,Active,R-RES-TOU
ACCT002846,CUST002846,PREM002846,Electric,Residential,EL DORADO,Active,R-RES-TOU
ACCT002847,CUST002847,PREM002847,Electric,Residential,SAN JOAQUIN,Inactive,R-RES-TOU
ACCT002848,CUST002848,PREM002848,Electric,Residential,KERN,Active,R-RES-TOU
ACCT002849,CUST002849,PREM002849,Electric,Residential,SANTA CLARA,Active,R-RES-TOU
ACCT002850,CUST002850,PREM002850,Electric,Residential,CONTRA COSTA,Active,R-RES-TOU
ACCT002851,CUST002851,PREM002851,Electric,Residential,ALAMEDA,Active,R-RES-TOU
ACCT002852,CUST002852,PREM002852,Electric,Residential,FRESNO,Active,R-RES-TOU
ACCT002853,CUST002853,PREM002853,Electric,Residential,MERCED,Active,R-RES-TOU
ACCT002854,CUST002854,PREM002854,Electric,Commercial,ALAMEDA,Active,R-COM-GEN
ACCT002855,CUST002855,PREM002855,Electric,Residential,KERN,Active,R-RES-TOU
ACCT002856,CUST002856,PREM002856,Electric,Residential,KERN,Active,R-RES-TOU
ACCT002857,CUST002857,PREM002857,Electric,Residential,KERN,Active,R-RES-TOU
ACCT002858,CUST002858,PREM002858,Electric,Residential,SANTA CLARA,Active,R-RES-TOU
ACCT002859,CUST002859,PREM002859,Electric,Residential,SANTA CLARA,Active,R-RES-TOU
ACCT002860,CUST002860,PREM002860,Electric,Residential,SANTA CLARA,Active,R-RES-TOU
ACCT002861,CUST002861,PREM002861,Electric,Commercial,CONTRA COSTA,Active,R-COM-GEN
ACCT002862,CUST002862,PREM002862,Electric,Residential,SANTA CLARA,Inactive,R-RES-TOU
ACCT002863,CUST002863,PREM002863,Electric,Agriculture And Water Pumping,CONTRA COSTA,Active,R-AGR-PUMP
ACCT002864,CUST002864,PREM002864,Electric,Residential,SANTA CRUZ,Active,R-RES-TOU
ACCT002865,CUST002865,PREM002865,Electric,Residential,ALAMEDA,Active,R-RES-TOU
ACCT002866,CUST002866,PREM002866,Electric,Residential,KINGS,Active,R-RES-TOU
ACCT002867,CUST002867,PREM002867,Electric,Residential,SANTA CLARA,Active,R-RES-TOU
ACCT002868,CUST002868,PREM002868,Electric,Residential,SAN MATEO,Active,R-RES-TOU
ACCT002869,CUST002869,PREM002869,Electric,Residential,SAN MATEO,Active,R-RES-TOU
ACCT002870,CUST002870,PREM002870,Electric,Residential,CONTRA COSTA,Active,R-RES-TOU
ACCT002871,CUST002871,PREM002871,Electric,Commercial,SAN JOAQUIN,Active,R-COM-GEN
ACCT002872,CUST002872,PREM002872,Electric,Industrial,CONTRA COSTA,Active,R-IND-GEN
ACCT002873,CUST002873,PREM002873,Electric,Commercial,SUTTER,Active,R-COM-GEN
ACCT002874,CUST002874,PREM002874,Electric,Residential,SONOMA,Active,R-RES-TOU
ACCT002875,CUST002875,PREM002875,Electric,Residential,PLACER,Inactive,R-RES-TOU
ACCT002876,CUST002876,PREM002876,Electric,Residential,SAN FRANCISCO,Active,R-RES-TOU
ACCT002877,CUST002877,PREM002877,Electric,Residential,SANTA BARBARA,Active,R-RES-TOU
ACCT002878,CUST002878,PREM002878,Electric,Residential,KERN,Active,R-RES-TOU
ACCT002879,CUST002879,PREM002879,Electric,Residential,SANTA BARBARA,Active,R-RES-TOU
ACCT002880,CUST002880,PREM002880,Electric,Residential,CONTRA COSTA,Active,R-RES-TOU
ACCT002881,CUST002881,PREM002881,Electric,Residential,CONTRA COSTA,Active,R-RES-TOU
ACCT002882,CUST002882,PREM002882,Electric,Commercial,KERN,Active,R-COM-GEN
ACCT002883,CUST002883,PREM002883,Electric,Residential,SAN FRANCISCO,Active,R-RES-TOU
ACCT002884,CUST002884,PREM002884,Electric,Residential,SONOMA,Active,R-RES-TOU
ACCT002885,CUST002885,PREM002885,Electric,Residential,SANTA CLARA,Active,R-RES-TOU
ACCT002886,CUST002886,PREM002886,Electric,Industrial,SAN JOAQUIN,Active,R-IND-GEN
ACCT002887,CUST002887,PREM002887,Electric,Residential,SANTA CLARA,Active,R-RES-TOU
ACCT002888,CUST002888,PREM002888,Electric,Residential,KERN,Active,R-RES-TOU
ACCT002889,CUST002889,PREM002889,Electric,Commercial,ALAMEDA,Inactive,R-COM-GEN
ACCT002890,CUST002890,PREM002890,Electric,Commercial,KERN,Active,R-COM-GEN
ACCT002891,CUST002891,PREM002891,Electric,Residential,SANTA CLARA,Active,R-RES-TOU
ACCT002892,CUST002892,PREM002892,Electric,Residential,KERN,Active,R-RES-TOU
ACCT002893,CUST002893,PREM002893,Electric,Residential,SAN JOAQUIN,Active,R-RES-TOU
ACCT002894,CUST002894,PREM002894,Electric,Residential,KERN,Inactive,R-RES-TOU
ACCT002895,CUST002895,PREM002895,Electric,Residential,KERN,Active,R-RES-TOU
ACCT002896,CUST002896,PREM002896,Electric,Commercial,SAN JOAQUIN,Active,R-COM-GEN
ACCT002897,CUST002897,PREM002897,Electric,Residential,FRESNO,Active,R-RES-TOU
ACCT002898,CUST002898,PREM002898,Electric,Residential,KERN,Active,R-RES-TOU
ACCT002899,CUST002899,PREM002899,Electric,Residential,ALAMEDA,Active,R-RES-TOU
ACCT002900,CUST002900,PREM002900,Electric,Residential,SONOMA,Active,R-RES-TOU
ACCT002901,CUST002901,PREM002901,Electric,Residential,SAN FRANCISCO,Active,R-RES-TOU
ACCT002902,CUST002902,PREM002902,Electric,Residential,SANTA CLARA,Active,R-RES-TOU
ACCT002903,CUST002903,PREM002903,Electric,Residential,ALAMEDA,Active,R-RES-TOU
ACCT002904,CUST002904,PREM002904,Electric,Residential,SAN JOAQUIN,Active,R-RES-TOU
ACCT002905,CUST002905,PREM002905,Electric,Residential,CONTRA COSTA,Active,R-RES-TOU
ACCT002906,CUST002906,PREM002906,Electric,Residential,SHASTA,Active,R-RES-TOU
ACCT002907,CUST002907,PREM002907,Electric,Agriculture And Water Pumping,SANTA CLARA,Active,R-AGR-PUMP
ACCT002908,CUST002908,PREM002908,Electric,Residential,MERCED,Active,R-RES-TOU
ACCT002909,CUST002909,PREM002909,Electric,Residential,KERN,Active,R-RES-TOU
ACCT002910,CUST002910,PREM002910,Electric,Residential,KERN,Active,R-RES-TOU
ACCT002911,CUST002911,PREM002911,Electric,Residential,MONTEREY,Active,R-RES-TOU
ACCT002912,CUST002912,PREM002912,Electric,Residential,KERN,Inactive,R-RES-TOU
ACCT002913,CUST002913,PREM002913,Electric,Residential,PLACER,Pending Close,R-RES-TOU
ACCT002914,CUST002914,PREM002914,Electric,Agriculture And Water Pumping,CONTRA COSTA,Active,R-AGR-PUMP
ACCT002915,CUST002915,PREM002915,Electric,Residential,CONTRA COSTA,Active,R-RES-TOU
ACCT002916,CUST002916,PREM002916,Electric,Residential,ALAMEDA,Active,R-RES-TOU
ACCT002917,CUST002917,PREM002917,Electric,Residential,FRESNO,Active,R-RES-TOU
ACCT002918,CUST002918,PREM002918,Electric,Commercial,SANTA CLARA,Active,R-COM-GEN
ACCT002919,CUST002919,PREM002919,Electric,Residential,SANTA CLARA,Active,R-RES-TOU
ACCT002920,CUST002920,PREM002920,Electric,Residential,KERN,Active,R-RES-TOU
ACCT002921,CUST002921,PREM002921,Electric,Residential,SANTA BARBARA,Active,R-RES-TOU
ACCT002922,CUST002922,PREM002922,Electric,Residential,FRESNO,Active,R-RES-TOU
ACCT002923,CUST002923,PREM002923,Electric,Commercial,SANTA CLARA,Active,R-COM-GEN
ACCT002924,CUST002924,PREM002924,Electric,Residential,SANTA CLARA,Active,R-RES-TOU
ACCT002925,CUST002925,PREM002925,Electric,Residential,SUTTER,Active,R-RES-TOU
ACCT002926,CUST002926,PREM002926,Electric,Commercial,ALAMEDA,Active,R-COM-GEN
ACCT002927,CUST002927,PREM002927,Electric,Commercial,BUTTE,Active,R-COM-GEN
ACCT002928,CUST002928,PREM002928,Electric,"Transportation, Communications, & Utilities",MONTEREY,Active,R-TCU-GEN
ACCT002929,CUST002929,PREM002929,Electric,Residential,MERCED,Active,R-RES-TOU
ACCT002930,CUST002930,PREM002930,Electric,Residential,SANTA CLARA,Active,R-RES-TOU
ACCT002931,CUST002931,PREM002931,Electric,Residential,SAN JOAQUIN,Active,R-RES-TOU
ACCT002932,CUST002932,PREM002932,Electric,Residential,MERCED,Active,R-RES-TOU
ACCT002933,CUST002933,PREM002933,Electric,Residential,SAN LUIS OBISPO,Active,R-RES-TOU
ACCT002934,CUST002934,PREM002934,Electric,Residential,SAN MATEO,Active,R-RES-TOU
ACCT002935,CUST002935,PREM002935,Electric,Residential,ALAMEDA,Active,R-RES-TOU
ACCT002936,CUST002936,PREM002936,Electric,Residential,SANTA CLARA,Active,R-RES-TOU
ACCT002937,CUST002937,PREM002937,Electric,Residential,KERN,Active,R-RES-TOU
ACCT002938,CUST002938,PREM002938,Electric,Residential,SAN FRANCISCO,Active,R-RES-TOU
ACCT002939,CUST002939,PREM002939,Electric,Agriculture And Water Pumping,SAN MATEO,Active,R-AGR-PUMP
ACCT002940,CUST002940,PREM002940,Electric,Residential,KERN,Active,R-RES-TOU
ACCT002941,CUST002941,PREM002941,Electric,Residential,SAN MATEO,Active,R-RES-TOU
ACCT002942,CUST002942,PREM002942,Electric,Residential,SANTA BARBARA,Active,R-RES-TOU
ACCT002943,CUST002943,PREM002943,Electric,Residential,SONOMA,Active,R-RES-TOU
ACCT002944,CUST002944,PREM002944,Electric,Residential,SANTA CLARA,Active,R-RES-TOU
ACCT002945,CUST002945,PREM002945,Electric,Residential,KERN,Active,R-RES-TOU
ACCT002946,CUST002946,PREM002946,Electric,Residential,SANTA CLARA,Active,R-RES-TOU
ACCT002947,CUST002947,PREM002947,Electric,Residential,SANTA CRUZ,Active,R-RES-TOU
ACCT002948,CUST002948,PREM002948,Electric,Residential,SOLANO,Active,R-RES-TOU
ACCT002949,CUST002949,PREM002949,Electric,Residential,TUOLUMNE,Active,R-RES-TOU
ACCT002950,CUST002950,PREM002950,Electric,Industrial,ALAMEDA,Active,R-IND-GEN
ACCT002951,CUST002951,PREM002951,Electric,Commercial,NAPA,Active,R-COM-GEN
ACCT002952,CUST002952,PREM002952,Electric,Residential,CONTRA COSTA,Active,R-RES-TOU
ACCT002953,CUST002953,PREM002953,Electric,Residential,SAN LUIS OBISPO,Active,R-RES-TOU
ACCT002954,CUST002954,PREM002954,Electric,Residential,CONTRA COSTA,Active,R-RES-TOU
ACCT002955,CUST002955,PREM002955,Electric,Commercial,SONOMA,Active,R-COM-GEN
ACCT002956,CUST002956,PREM002956,Electric,Residential,PLACER,Active,R-RES-TOU
ACCT002957,CUST002957,PREM002957,Electric,Residential,FRESNO,Inactive,R-RES-TOU
ACCT002958,CUST002958,PREM002958,Electric,Commercial,SAN JOAQUIN,Active,R-COM-GEN
ACCT002959,CUST002959,PREM002959,Electric,Residential,SANTA CLARA,Active,R-RES-TOU
ACCT002960,CUST002960,PREM002960,Electric,Commercial,CONTRA COSTA,Pending Close,R-COM-GEN
ACCT002961,CUST002961,PREM002961,Electric,Residential,MONTEREY,Active,R-RES-TOU
ACCT002962,CUST002962,PREM002962,Electric,Residential,ALAMEDA,Active,R-RES-TOU
ACCT002963,CUST002963,PREM002963,Electric,Residential,SANTA CLARA,Active,R-RES-TOU
ACCT002964,CUST002964,PREM002964,Electric,"Transportation, Communications, & Utilities",KERN,Active,R-TCU-GEN
ACCT002965,CUST002965,PREM002965,Electric,Commercial,SAN LUIS OBISPO,Active,R-COM-GEN
ACCT002966,CUST002966,PREM002966,Electric,Residential,CONTRA COSTA,Active,R-RES-TOU
ACCT002967,CUST002967,PREM002967,Electric,Residential,ALAMEDA,Active,R-RES-TOU
ACCT002968,CUST002968,PREM002968,Electric,Residential,CONTRA COSTA,Active,R-RES-TOU
ACCT002969,CUST002969,PREM002969,Electric,Industrial,KERN,Active,R-IND-GEN
ACCT002970,CUST002970,PREM002970,Electric,Residential,SONOMA,Active,R-RES-TOU
ACCT002971,CUST002971,PREM002971,Electric,Residential,SHASTA,Active,R-RES-TOU
ACCT002972,CUST002972,PREM002972,Electric,Residential,SANTA BARBARA,Active,R-RES-TOU
ACCT002973,CUST002973,PREM002973,Electric,Residential,SANTA CLARA,Active,R-RES-TOU
ACCT002974,CUST002974,PREM002974,Electric,Residential,SONOMA,Active,R-RES-TOU
ACCT002975,CUST002975,PREM002975,Electric,Residential,PLACER,Pending Close,R-RES-TOU
ACCT002976,CUST002976,PREM002976,Electric,Residential,SANTA CLARA,Active,R-RES-TOU
ACCT002977,CUST002977,PREM002977,Electric,Commercial,YOLO,Active,R-COM-GEN
ACCT002978,CUST002978,PREM002978,Electric,Residential,MADERA,Active,R-RES-TOU
ACCT002979,CUST002979,PREM002979,Electric,Residential,SOLANO,Active,R-RES-TOU
ACCT002980,CUST002980,PREM002980,Electric,Agriculture And Water Pumping,FRESNO,Active,R-AGR-PUMP
ACCT002981,CUST002981,PREM002981,Electric,Residential,SANTA CLARA,Active,R-RES-TOU
ACCT002982,CUST002982,PREM002982,Electric,Residential,SANTA CLARA,Active,R-RES-TOU
ACCT002983,CUST002983,PREM002983,Electric,Residential,FRESNO,Active,R-RES-TOU
ACCT002984,CUST002984,PREM002984,Electric,Commercial,SANTA CLARA,Active,R-COM-GEN
ACCT002985,CUST002985,PREM002985,Electric,Residential,KERN,Active,R-RES-TOU
ACCT002986,CUST002986,PREM002986,Electric,Agriculture And Water Pumping,MERCED,Active,R-AGR-PUMP
ACCT002987,CUST002987,PREM002987,Electric,Residential,MERCED,Inactive,R-RES-TOU
ACCT002988,CUST002988,PREM002988,Electric,Residential,KERN,Active,R-RES-TOU
ACCT002989,CUST002989,PREM002989,Electric,Residential,MERCED,Active,R-RES-TOU
ACCT002990,CUST002990,PREM002990,Electric,Commercial,SAN JOAQUIN,Active,R-COM-GEN
ACCT002991,CUST002991,PREM002991,Electric,Residential,FRESNO,Active,R-RES-TOU
ACCT002992,CUST002992,PREM002992,Electric,Commercial,SANTA CLARA,Active,R-COM-GEN
ACCT002993,CUST002993,PREM002993,Electric,Residential,ALAMEDA,Active,R-RES-TOU
ACCT002994,CUST002994,PREM002994,Electric,Residential,ALAMEDA,Active,R-RES-TOU
ACCT002995,CUST002995,PREM002995,Electric,Residential,SANTA CLARA,Active,R-RES-TOU
ACCT002996,CUST002996,PREM002996,Electric,Commercial,ALAMEDA,Inactive,R-COM-GEN
ACCT002997,CUST002997,PREM002997,Electric,Residential,SANTA CLARA,Active,R-RES-TOU
ACCT002998,CUST002998,PREM002998,Electric,Residential,KERN,Active,R-RES-TOU
ACCT002999,CUST002999,PREM002999,Electric,Residential,SONOMA,Active,R-RES-TOU
ACCT003000,CUST003000,PREM003000,Electric,Commercial,SANTA CLARA,Active,R-COM-GEN
ACCT003001,CUST003001,PREM003001,Electric,Residential,FRESNO,Inactive,R-RES-TOU
ACCT003002,CUST003002,PREM003002,Electric,Commercial,FRESNO,Active,R-COM-GEN
ACCT003003,CUST003003,PREM003003,Electric,Residential,SANTA CLARA,Inactive,R-RES-TOU
ACCT003004,CUST003004,PREM003004,Electric,Residential,YOLO,Active,R-RES-TOU
ACCT003005,CUST003005,PREM003005,Electric,Residential,SAN FRANCISCO,Active,R-RES-TOU
ACCT003006,CUST003006,PREM003006,Electric,Commercial,SAN MATEO,Active,R-COM-GEN
ACCT003007,CUST003007,PREM003007,Electric,Commercial,MADERA,Pending Close,R-COM-GEN
ACCT003008,CUST003008,PREM003008,Electric,Residential,ALAMEDA,Inactive,R-RES-TOU
ACCT003009,CUST003009,PREM003009,Electric,Residential,FRESNO,Active,R-RES-TOU
ACCT003010,CUST003010,PREM003010,Electric,Residential,CONTRA COSTA,Active,R-RES-TOU
ACCT003011,CUST003011,PREM003011,Electric,Residential,SAN JOAQUIN,Active,R-RES-TOU
ACCT003012,CUST003012,PREM003012,Electric,Residential,KERN,Active,R-RES-TOU
ACCT003013,CUST003013,PREM003013,Electric,Residential,SANTA BARBARA,Active,R-RES-TOU
ACCT003014,CUST003014,PREM003014,Electric,Residential,SANTA CLARA,Active,R-RES-TOU
ACCT003015,CUST003015,PREM003015,Electric,Residential,FRESNO,Inactive,R-RES-TOU
ACCT003016,CUST003016,PREM003016,Electric,Residential,MERCED,Active,R-RES-TOU
ACCT003017,CUST003017,PREM003017,Electric,Residential,KERN,Active,R-RES-TOU
ACCT003018,CUST003018,PREM003018,Electric,Residential,EL DORADO,Active,R-RES-TOU
ACCT003019,CUST003019,PREM003019,Electric,Residential,KERN,Active,R-RES-TOU
ACCT003020,CUST003020,PREM003020,Electric,Residential,SONOMA,Inactive,R-RES-TOU
ACCT003021,CUST003021,PREM003021,Electric,Residential,KERN,Active,R-RES-TOU
ACCT003022,CUST003022,PREM003022,Electric,Residential,SAN JOAQUIN,Active,R-RES-TOU
ACCT003023,CUST003023,PREM003023,Electric,Residential,SAN JOAQUIN,Inactive,R-RES-TOU
ACCT003024,CUST003024,PREM003024,Electric,Residential,KERN,Active,R-RES-TOU
ACCT003025,CUST003025,PREM003025,Electric,Residential,SANTA CLARA,Active,R-RES-TOU
ACCT003026,CUST003026,PREM003026,Electric,Residential,KERN,Active,R-RES-TOU
ACCT003027,CUST003027,PREM003027,Electric,Industrial,SAN JOAQUIN,Active,R-IND-GEN
ACCT003028,CUST003028,PREM003028,Electric,Residential,SANTA CLARA,Active,R-RES-TOU
ACCT003029,CUST003029,PREM003029,Electric,Residential,PLACER,Active,R-RES-TOU
ACCT003030,CUST003030,PREM003030,Electric,Residential,SAN JOAQUIN,Active,R-RES-TOU
ACCT003031,CUST003031,PREM003031,Electric,Residential,SAN MATEO,Active,R-RES-TOU
ACCT003032,CUST003032,PREM003032,Electric,Residential,SANTA BARBARA,Active,R-RES-TOU
ACCT003033,CUST003033,PREM003033,Electric,Residential,ALAMEDA,Active,R-RES-TOU
ACCT003034,CUST003034,PREM003034,Electric,Residential,SANTA CLARA,Active,R-RES-TOU
ACCT003035,CUST003035,PREM003035,Electric,Residential,MERCED,Active,R-RES-TOU
ACCT003036,CUST003036,PREM003036,Electric,Residential,SANTA CLARA,Active,R-RES-TOU
ACCT003037,CUST003037,PREM003037,Electric,Residential,ALAMEDA,Active,R-RES-TOU
ACCT003038,CUST003038,PREM003038,Electric,"Transportation, Communications, & Utilities",BUTTE,Active,R-TCU-GEN
ACCT003039,CUST003039,PREM003039,Electric,Residential,SAN MATEO,Active,R-RES-TOU
ACCT003040,CUST003040,PREM003040,Electric,Residential,KINGS,Active,R-RES-TOU
ACCT003041,CUST003041,PREM003041,Electric,Residential,HUMBOLDT,Active,R-RES-TOU
ACCT003042,CUST003042,PREM003042,Electric,Agriculture And Water Pumping,ALAMEDA,Active,R-AGR-PUMP
ACCT003043,CUST003043,PREM003043,Electric,Residential,CONTRA COSTA,Inactive,R-RES-TOU
ACCT003044,CUST003044,PREM003044,Electric,Residential,FRESNO,Active,R-RES-TOU
ACCT003045,CUST003045,PREM003045,Electric,Residential,KERN,Active,R-RES-TOU
ACCT003046,CUST003046,PREM003046,Electric,Residential,SANTA CLARA,Active,R-RES-TOU
ACCT003047,CUST003047,PREM003047,Electric,Residential,FRESNO,Active,R-RES-TOU
ACCT003048,CUST003048,PREM003048,Electric,Residential,CONTRA COSTA,Active,R-RES-TOU
ACCT003049,CUST003049,PREM003049,Electric,Residential,MONTEREY,Pending Close,R-RES-TOU
ACCT003050,CUST003050,PREM003050,Electric,Residential,SANTA CLARA,Active,R-RES-TOU
ACCT003051,CUST003051,PREM003051,Electric,Residential,SANTA CLARA,Active,R-RES-TOU
ACCT003052,CUST003052,PREM003052,Electric,Residential,SANTA CLARA,Active,R-RES-TOU
ACCT003053,CUST003053,PREM003053,Electric,Residential,KINGS,Pending Close,R-RES-TOU
ACCT003054,CUST003054,PREM003054,Electric,Residential,FRESNO,Active,R-RES-TOU
ACCT003055,CUST003055,PREM003055,Electric,Residential,SAN JOAQUIN,Active,R-RES-TOU
ACCT003056,CUST003056,PREM003056,Electric,Agriculture And Water Pumping,KERN,Active,R-AGR-PUMP
ACCT003057,CUST003057,PREM003057,Electric,Residential,SAN MATEO,Active,R-RES-TOU
ACCT003058,CUST003058,PREM003058,Electric,Residential,ALAMEDA,Active,R-RES-TOU
ACCT003059,CUST003059,PREM003059,Electric,Residential,KERN,Active,R-RES-TOU
ACCT003060,CUST003060,PREM003060,Electric,Agriculture And Water Pumping,SAN FRANCISCO,Active,R-AGR-PUMP
ACCT003061,CUST003061,PREM003061,Electric,Residential,SANTA BARBARA,Active,R-RES-TOU
ACCT003062,CUST003062,PREM003062,Electric,Residential,ALAMEDA,Active,R-RES-TOU
ACCT003063,CUST003063,PREM003063,Electric,Residential,NAPA,Active,R-RES-TOU
ACCT003064,CUST003064,PREM003064,Electric,Residential,SANTA CLARA,Inactive,R-RES-TOU
ACCT003065,CUST003065,PREM003065,Electric,Residential,KINGS,Active,R-RES-TOU
ACCT003066,CUST003066,PREM003066,Electric,Residential,CONTRA COSTA,Active,R-RES-TOU
ACCT003067,CUST003067,PREM003067,Electric,Residential,KERN,Active,R-RES-TOU
ACCT003068,CUST003068,PREM003068,Electric,Agriculture And Water Pumping,SAN MATEO,Active,R-AGR-PUMP
ACCT003069,CUST003069,PREM003069,Electric,Residential,KERN,Active,R-RES-TOU
ACCT003070,CUST003070,PREM003070,Electric,Residential,SAN FRANCISCO,Active,R-RES-TOU
ACCT003071,CUST003071,PREM003071,Electric,Residential,KERN,Active,R-RES-TOU
ACCT003072,CUST003072,PREM003072,Electric,Residential,KERN,Active,R-RES-TOU
ACCT003073,CUST003073,PREM003073,Electric,Residential,SOLANO,Active,R-RES-TOU
ACCT003074,CUST003074,PREM003074,Electric,Residential,FRESNO,Active,R-RES-TOU
ACCT003075,CUST003075,PREM003075,Electric,Residential,SAN JOAQUIN,Inactive,R-RES-TOU
ACCT003076,CUST003076,PREM003076,Electric,Commercial,ALAMEDA,Active,R-COM-GEN
ACCT003077,CUST003077,PREM003077,Electric,Industrial,EL DORADO,Active,R-IND-GEN
ACCT003078,CUST003078,PREM003078,Electric,Residential,SAN FRANCISCO,Active,R-RES-TOU
ACCT003079,CUST003079,PREM003079,Electric,Residential,SAN MATEO,Active,R-RES-TOU
ACCT003080,CUST003080,PREM003080,Electric,Industrial,KERN,Inactive,R-IND-GEN
ACCT003081,CUST003081,PREM003081,Electric,Residential,ALAMEDA,Active,R-RES-TOU
ACCT003082,CUST003082,PREM003082,Electric,Commercial,SANTA CLARA,Active,R-COM-GEN
ACCT003083,CUST003083,PREM003083,Electric,Residential,SANTA CLARA,Active,R-RES-TOU
ACCT003084,CUST003084,PREM003084,Electric,Residential,SANTA CLARA,Active,R-RES-TOU
ACCT003085,CUST003085,PREM003085,Electric,Residential,FRESNO,Active,R-RES-TOU
ACCT003086,CUST003086,PREM003086,Electric,Residential,FRESNO,Active,R-RES-TOU
ACCT003087,CUST003087,PREM003087,Electric,Residential,NAPA,Active,R-RES-TOU
ACCT003088,CUST003088,PREM003088,Electric,Residential,SOLANO,Inactive,R-RES-TOU
ACCT003089,CUST003089,PREM003089,Electric,Residential,CONTRA COSTA,Active,R-RES-TOU
ACCT003090,CUST003090,PREM003090,Electric,Residential,SONOMA,Active,R-RES-TOU
ACCT003091,CUST003091,PREM003091,Electric,Residential,MONTEREY,Active,R-RES-TOU
ACCT003092,CUST003092,PREM003092,Electric,Agriculture And Water Pumping,KERN,Active,R-AGR-PUMP
ACCT003093,CUST003093,PREM003093,Electric,Residential,NEVADA,Active,R-RES-TOU
ACCT003094,CUST003094,PREM003094,Electric,Commercial,HUMBOLDT,Active,R-COM-GEN
ACCT003095,CUST003095,PREM003095,Electric,Residential,PLACER,Active,R-RES-TOU
ACCT003096,CUST003096,PREM003096,Electric,Residential,SONOMA,Pending Close,R-RES-TOU
ACCT003097,CUST003097,PREM003097,Electric,"Transportation, Communications, & Utilities",SANTA CLARA,Active,R-TCU-GEN
ACCT003098,CUST003098,PREM003098,Electric,Residential,SANTA CLARA,Active,R-RES-TOU
ACCT003099,CUST003099,PREM003099,Electric,Residential,KERN,Active,R-RES-TOU
ACCT003100,CUST003100,PREM003100,Electric,Residential,SAN FRANCISCO,Active,R-RES-TOU
ACCT003101,CUST003101,PREM003101,Electric,Residential,SAN JOAQUIN,Active,R-RES-TOU
ACCT003102,CUST003102,PREM003102,Electric,Residential,SHASTA,Active,R-RES-TOU
ACCT003103,CUST003103,PREM003103,Electric,Commercial,KERN,Active,R-COM-GEN
ACCT003104,CUST003104,PREM003104,Electric,Residential,CONTRA COSTA,Active,R-RES-TOU
ACCT003105,CUST003105,PREM003105,Electric,Residential,SAN JOAQUIN,Active,R-RES-TOU
ACCT003106,CUST003106,PREM003106,Electric,Residential,SAN LUIS OBISPO,Active,R-RES-TOU
ACCT003107,CUST003107,PREM003107,Electric,Residential,SANTA CLARA,Active,R-RES-TOU
ACCT003108,CUST003108,PREM003108,Electric,Residential,KERN,Active,R-RES-TOU
ACCT003109,CUST003109,PREM003109,Electric,Residential,SOLANO,Inactive,R-RES-TOU
ACCT003110,CUST003110,PREM003110,Electric,Residential,MERCED,Active,R-RES-TOU
ACCT003111,CUST003111,PREM003111,Electric,Residential,KERN,Active,R-RES-TOU
ACCT003112,CUST003112,PREM003112,Electric,Residential,ALAMEDA,Active,R-RES-TOU
ACCT003113,CUST003113,PREM003113,Electric,Residential,KINGS,Active,R-RES-TOU
ACCT003114,CUST003114,PREM003114,Electric,Residential,FRESNO,Active,R-RES-TOU
ACCT003115,CUST003115,PREM003115,Electric,Residential,KERN,Active,R-RES-TOU
ACCT003116,CUST003116,PREM003116,Electric,Commercial,ALAMEDA,Active,R-COM-GEN
ACCT003117,CUST003117,PREM003117,Electric,Residential,SOLANO,Active,R-RES-TOU
ACCT003118,CUST003118,PREM003118,Electric,Residential,ALAMEDA,Active,R-RES-TOU
ACCT003119,CUST003119,PREM003119,Electric,Residential,SANTA CLARA,Inactive,R-RES-TOU
ACCT003120,CUST003120,PREM003120,Electric,Residential,PLACER,Active,R-RES-TOU
ACCT003121,CUST003121,PREM003121,Electric,Residential,ALAMEDA,Active,R-RES-TOU
ACCT003122,CUST003122,PREM003122,Electric,Residential,COLUSA,Active,R-RES-TOU
ACCT003123,CUST003123,PREM003123,Electric,Residential,SANTA CLARA,Active,R-RES-TOU
ACCT003124,CUST003124,PREM003124,Electric,Residential,FRESNO,Active,R-RES-TOU
ACCT003125,CUST003125,PREM003125,Electric,Residential,ALAMEDA,Active,R-RES-TOU
ACCT003126,CUST003126,PREM003126,Electric,Residential,CONTRA COSTA,Active,R-RES-TOU
ACCT003127,CUST003127,PREM003127,Electric,Residential,SANTA CLARA,Active,R-RES-TOU
ACCT003128,CUST003128,PREM003128,Electric,Residential,TUOLUMNE,Active,R-RES-TOU
ACCT003129,CUST003129,PREM003129,Electric,Agriculture And Water Pumping,MONTEREY,Active,R-AGR-PUMP
ACCT003130,CUST003130,PREM003130,Electric,Commercial,ALAMEDA,Active,R-COM-GEN
ACCT003131,CUST003131,PREM003131,Electric,Commercial,MERCED,Active,R-COM-GEN
ACCT003132,CUST003132,PREM003132,Electric,Commercial,EL DORADO,Active,R-COM-GEN
ACCT003133,CUST003133,PREM003133,Electric,Industrial,KINGS,Active,R-IND-GEN
ACCT003134,CUST003134,PREM003134,Electric,Residential,MARIN,Active,R-RES-TOU
ACCT003135,CUST003135,PREM003135,Electric,Residential,FRESNO,Active,R-RES-TOU
ACCT003136,CUST003136,PREM003136,Electric,Residential,CONTRA COSTA,Pending Close,R-RES-TOU
ACCT003137,CUST003137,PREM003137,Electric,Residential,KERN,Active,R-RES-TOU
ACCT003138,CUST003138,PREM003138,Electric,Residential,KINGS,Active,R-RES-TOU
ACCT003139,CUST003139,PREM003139,Electric,Residential,PLACER,Active,R-RES-TOU
ACCT003140,CUST003140,PREM003140,Electric,Residential,ALAMEDA,Active,R-RES-TOU
ACCT003141,CUST003141,PREM003141,Electric,Residential,SANTA CLARA,Inactive,R-RES-TOU
ACCT003142,CUST003142,PREM003142,Electric,Commercial,FRESNO,Active,R-COM-GEN
ACCT003143,CUST003143,PREM003143,Electric,Residential,SANTA BARBARA,Active,R-RES-TOU
ACCT003144,CUST003144,PREM003144,Electric,Residential,MARIN,Active,R-RES-TOU
ACCT003145,CUST003145,PREM003145,Electric,Residential,NAPA,Active,R-RES-TOU
ACCT003146,CUST003146,PREM003146,Electric,Residential,CONTRA COSTA,Active,R-RES-TOU
ACCT003147,CUST003147,PREM003147,Electric,Commercial,ALAMEDA,Inactive,R-COM-GEN
ACCT003148,CUST003148,PREM003148,Electric,Residential,YOLO,Active,R-RES-TOU
ACCT003149,CUST003149,PREM003149,Electric,Residential,ALAMEDA,Active,R-RES-TOU
ACCT003150,CUST003150,PREM003150,Electric,Residential,ALAMEDA,Active,R-RES-TOU
ACCT003151,CUST003151,PREM003151,Electric,Residential,PLACER,Active,R-RES-TOU
ACCT003152,CUST003152,PREM003152,Electric,Residential,SAN JOAQUIN,Active,R-RES-TOU
ACCT003153,CUST003153,PREM003153,Electric,Residential,SANTA CLARA,Active,R-RES-TOU
ACCT003154,CUST003154,PREM003154,Electric,Residential,SUTTER,Active,R-RES-TOU
ACCT003155,CUST003155,PREM003155,Electric,Residential,MERCED,Active,R-RES-TOU
ACCT003156,CUST003156,PREM003156,Electric,Residential,SANTA CLARA,Active,R-RES-TOU
ACCT003157,CUST003157,PREM003157,Electric,Industrial,FRESNO,Active,R-IND-GEN
ACCT003158,CUST003158,PREM003158,Electric,Residential,KERN,Active,R-RES-TOU
ACCT003159,CUST003159,PREM003159,Electric,Commercial,KERN,Active,R-COM-GEN
ACCT003160,CUST003160,PREM003160,Electric,Residential,MERCED,Active,R-RES-TOU
ACCT003161,CUST003161,PREM003161,Electric,Residential,KINGS,Active,R-RES-TOU
ACCT003162,CUST003162,PREM003162,Electric,Residential,SANTA CLARA,Active,R-RES-TOU
ACCT003163,CUST003163,PREM003163,Electric,Residential,KERN,Active,R-RES-TOU
ACCT003164,CUST003164,PREM003164,Electric,Residential,KERN,Active,R-RES-TOU
ACCT003165,CUST003165,PREM003165,Electric,Residential,MARIN,Active,R-RES-TOU
ACCT003166,CUST003166,PREM003166,Electric,Residential,SAN MATEO,Active,R-RES-TOU
ACCT003167,CUST003167,PREM003167,Electric,Industrial,CONTRA COSTA,Active,R-IND-GEN
ACCT003168,CUST003168,PREM003168,Electric,Residential,FRESNO,Active,R-RES-TOU
ACCT003169,CUST003169,PREM003169,Electric,Residential,KERN,Active,R-RES-TOU
ACCT003170,CUST003170,PREM003170,Electric,Residential,SANTA CLARA,Active,R-RES-TOU
ACCT003171,CUST003171,PREM003171,Electric,Residential,SAN JOAQUIN,Active,R-RES-TOU
ACCT003172,CUST003172,PREM003172,Electric,Residential,SAN JOAQUIN,Active,R-RES-TOU
ACCT003173,CUST003173,PREM003173,Electric,Residential,KERN,Active,R-RES-TOU
ACCT003174,CUST003174,PREM003174,Electric,Residential,ALAMEDA,Active,R-RES-TOU
ACCT003175,CUST003175,PREM003175,Electric,Residential,SANTA BARBARA,Active,R-RES-TOU
ACCT003176,CUST003176,PREM003176,Electric,Residential,ALAMEDA,Active,R-RES-TOU
ACCT003177,CUST003177,PREM003177,Electric,Residential,ALAMEDA,Active,R-RES-TOU
ACCT003178,CUST003178,PREM003178,Electric,Commercial,SOLANO,Active,R-COM-GEN
ACCT003179,CUST003179,PREM003179,Electric,Commercial,CONTRA COSTA,Active,R-COM-GEN
ACCT003180,CUST003180,PREM003180,Electric,Residential,SANTA CLARA,Active,R-RES-TOU
ACCT003181,CUST003181,PREM003181,Electric,Residential,CONTRA COSTA,Active,R-RES-TOU
ACCT003182,CUST003182,PREM003182,Electric,Residential,SANTA CLARA,Active,R-RES-TOU
ACCT003183,CUST003183,PREM003183,Electric,Residential,CONTRA COSTA,Active,R-RES-TOU
ACCT003184,CUST003184,PREM003184,Electric,Residential,YUBA,Active,R-RES-TOU
ACCT003185,CUST003185,PREM003185,Electric,Residential,ALAMEDA,Active,R-RES-TOU
ACCT003186,CUST003186,PREM003186,Electric,Residential,SANTA CLARA,Active,R-RES-TOU
ACCT003187,CUST003187,PREM003187,Electric,Residential,ALAMEDA,Active,R-RES-TOU
ACCT003188,CUST003188,PREM003188,Electric,Residential,AMADOR,Active,R-RES-TOU
ACCT003189,CUST003189,PREM003189,Electric,Commercial,PLACER,Inactive,R-COM-GEN
ACCT003190,CUST003190,PREM003190,Electric,Residential,SAN MATEO,Inactive,R-RES-TOU
ACCT003191,CUST003191,PREM003191,Electric,Residential,MONTEREY,Active,R-RES-TOU
ACCT003192,CUST003192,PREM003192,Electric,Commercial,KERN,Active,R-COM-GEN
ACCT003193,CUST003193,PREM003193,Electric,Agriculture And Water Pumping,SAN MATEO,Active,R-AGR-PUMP
ACCT003194,CUST003194,PREM003194,Electric,Residential,SANTA CLARA,Active,R-RES-TOU
ACCT003195,CUST003195,PREM003195,Electric,Residential,MARIN,Active,R-RES-TOU
ACCT003196,CUST003196,PREM003196,Electric,Residential,ALAMEDA,Active,R-RES-TOU
ACCT003197,CUST003197,PREM003197,Electric,Industrial,FRESNO,Pending Close,R-IND-GEN
ACCT003198,CUST003198,PREM003198,Electric,Commercial,ALAMEDA,Active,R-COM-GEN
ACCT003199,CUST003199,PREM003199,Electric,Residential,SAN FRANCISCO,Active,R-RES-TOU
ACCT003200,CUST003200,PREM003200,Electric,Residential,CONTRA COSTA,Active,R-RES-TOU
ACCT003201,CUST003201,PREM003201,Electric,Residential,SANTA CLARA,Active,R-RES-TOU
ACCT003202,CUST003202,PREM003202,Electric,Residential,KERN,Active,R-RES-TOU
ACCT003203,CUST003203,PREM003203,Electric,Residential,AMADOR,Active,R-RES-TOU
ACCT003204,CUST003204,PREM003204,Electric,Commercial,MARIN,Active,R-COM-GEN
ACCT003205,CUST003205,PREM003205,Electric,Residential,FRESNO,Active,R-RES-TOU
ACCT003206,CUST003206,PREM003206,Electric,Commercial,ALAMEDA,Active,R-COM-GEN
ACCT003207,CUST003207,PREM003207,Electric,Commercial,SANTA CLARA,Active,R-COM-GEN
ACCT003208,CUST003208,PREM003208,Electric,Residential,CONTRA COSTA,Active,R-RES-TOU
ACCT003209,CUST003209,PREM003209,Electric,Residential,ALAMEDA,Active,R-RES-TOU
ACCT003210,CUST003210,PREM003210,Electric,Residential,SANTA CLARA,Active,R-RES-TOU
ACCT003211,CUST003211,PREM003211,Electric,Residential,SANTA CLARA,Active,R-RES-TOU
ACCT003212,CUST003212,PREM003212,Electric,Residential,MADERA,Active,R-RES-TOU
ACCT003213,CUST003213,PREM003213,Electric,Residential,CONTRA COSTA,Active,R-RES-TOU
ACCT003214,CUST003214,PREM003214,Electric,Residential,SAN FRANCISCO,Active,R-RES-TOU
ACCT003215,CUST003215,PREM003215,Electric,Residential,MARIN,Active,R-RES-TOU
ACCT003216,CUST003216,PREM003216,Electric,Residential,KERN,Active,R-RES-TOU
ACCT003217,CUST003217,PREM003217,Electric,Residential,SAN FRANCISCO,Active,R-RES-TOU
ACCT003218,CUST003218,PREM003218,Electric,Residential,ALAMEDA,Active,R-RES-TOU
ACCT003219,CUST003219,PREM003219,Electric,Residential,ALAMEDA,Active,R-RES-TOU
ACCT003220,CUST003220,PREM003220,Electric,Residential,SOLANO,Active,R-RES-TOU
ACCT003221,CUST003221,PREM003221,Electric,Residential,MONTEREY,Active,R-RES-TOU
ACCT003222,CUST003222,PREM003222,Electric,Residential,SANTA CLARA,Pending Close,R-RES-TOU
ACCT003223,CUST003223,PREM003223,Electric,Residential,SANTA CLARA,Active,R-RES-TOU
ACCT003224,CUST003224,PREM003224,Electric,Residential,SONOMA,Active,R-RES-TOU
ACCT003225,CUST003225,PREM003225,Electric,Residential,SAN MATEO,Active,R-RES-TOU
ACCT003226,CUST003226,PREM003226,Electric,Commercial,SAN FRANCISCO,Active,R-COM-GEN
ACCT003227,CUST003227,PREM003227,Electric,Residential,SAN MATEO,Active,R-RES-TOU
ACCT003228,CUST003228,PREM003228,Electric,Residential,SANTA CLARA,Active,R-RES-TOU
ACCT003229,CUST003229,PREM003229,Electric,Residential,NEVADA,Active,R-RES-TOU
ACCT003230,CUST003230,PREM003230,Electric,Residential,PLACER,Active,R-RES-TOU
ACCT003231,CUST003231,PREM003231,Electric,Residential,SANTA CLARA,Active,R-RES-TOU
ACCT003232,CUST003232,PREM003232,Electric,Residential,KERN,Active,R-RES-TOU
ACCT003233,CUST003233,PREM003233,Electric,Residential,MERCED,Active,R-RES-TOU
ACCT003234,CUST003234,PREM003234,Electric,Residential,NEVADA,Active,R-RES-TOU
ACCT003235,CUST003235,PREM003235,Electric,Residential,SANTA CLARA,Active,R-RES-TOU
ACCT003236,CUST003236,PREM003236,Electric,Residential,SAN FRANCISCO,Active,R-RES-TOU
ACCT003237,CUST003237,PREM003237,Electric,Residential,FRESNO,Active,R-RES-TOU
ACCT003238,CUST003238,PREM003238,Electric,Agriculture And Water Pumping,MERCED,Active,R-AGR-PUMP
ACCT003239,CUST003239,PREM003239,Electric,Residential,COLUSA,Inactive,R-RES-TOU
ACCT003240,CUST003240,PREM003240,Electric,Residential,SANTA CLARA,Inactive,R-RES-TOU
ACCT003241,CUST003241,PREM003241,Electric,Residential,FRESNO,Active,R-RES-TOU
ACCT003242,CUST003242,PREM003242,Electric,Residential,FRESNO,Active,R-RES-TOU
ACCT003243,CUST003243,PREM003243,Electric,Residential,CONTRA COSTA,Active,R-RES-TOU
ACCT003244,CUST003244,PREM003244,Electric,Residential,KERN,Active,R-RES-TOU
ACCT003245,CUST003245,PREM003245,Electric,Residential,SAN MATEO,Active,R-RES-TOU
ACCT003246,CUST003246,PREM003246,Electric,Residential,FRESNO,Active,R-RES-TOU
ACCT003247,CUST003247,PREM003247,Electric,Residential,SANTA CLARA,Active,R-RES-TOU
ACCT003248,CUST003248,PREM003248,Electric,Residential,NEVADA,Active,R-RES-TOU
ACCT003249,CUST003249,PREM003249,Electric,Commercial,YOLO,Active,R-COM-GEN
ACCT003250,CUST003250,PREM003250,Electric,Residential,SAN JOAQUIN,Active,R-RES-TOU
ACCT003251,CUST003251,PREM003251,Electric,Residential,YOLO,Active,R-RES-TOU
ACCT003252,CUST003252,PREM003252,Electric,Residential,HUMBOLDT,Active,R-RES-TOU
ACCT003253,CUST003253,PREM003253,Electric,Residential,CONTRA COSTA,Active,R-RES-TOU
ACCT003254,CUST003254,PREM003254,Electric,Residential,SANTA CRUZ,Active,R-RES-TOU
ACCT003255,CUST003255,PREM003255,Electric,Residential,KERN,Active,R-RES-TOU
ACCT003256,CUST003256,PREM003256,Electric,Residential,BUTTE,Active,R-RES-TOU
ACCT003257,CUST003257,PREM003257,Electric,Residential,ALAMEDA,Active,R-RES-TOU
ACCT003258,CUST003258,PREM003258,Electric,Residential,HUMBOLDT,Active,R-RES-TOU
ACCT003259,CUST003259,PREM003259,Electric,Residential,EL DORADO,Active,R-RES-TOU
ACCT003260,CUST003260,PREM003260,Electric,Commercial,MERCED,Active,R-COM-GEN
ACCT003261,CUST003261,PREM003261,Electric,Residential,SANTA CLARA,Active,R-RES-TOU
ACCT003262,CUST003262,PREM003262,Electric,Residential,SANTA CLARA,Active,R-RES-TOU
ACCT003263,CUST003263,PREM003263,Electric,Residential,MADERA,Active,R-RES-TOU
ACCT003264,CUST003264,PREM003264,Electric,Residential,CONTRA COSTA,Active,R-RES-TOU
ACCT003265,CUST003265,PREM003265,Electric,Residential,SAN JOAQUIN,Active,R-RES-TOU
ACCT003266,CUST003266,PREM003266,Electric,Residential,CONTRA COSTA,Inactive,R-RES-TOU
ACCT003267,CUST003267,PREM003267,Electric,Residential,FRESNO,Active,R-RES-TOU
ACCT003268,CUST003268,PREM003268,Electric,Residential,SAN MATEO,Active,R-RES-TOU
ACCT003269,CUST003269,PREM003269,Electric,Residential,EL DORADO,Inactive,R-RES-TOU
ACCT003270,CUST003270,PREM003270,Electric,Residential,FRESNO,Active,R-RES-TOU
ACCT003271,CUST003271,PREM003271,Electric,Residential,SAN MATEO,Active,R-RES-TOU
ACCT003272,CUST003272,PREM003272,Electric,Residential,SANTA CLARA,Active,R-RES-TOU
ACCT003273,CUST003273,PREM003273,Electric,Residential,CONTRA COSTA,Active,R-RES-TOU
ACCT003274,CUST003274,PREM003274,Electric,Residential,NEVADA,Active,R-RES-TOU
ACCT003275,CUST003275,PREM003275,Electric,Commercial,PLACER,Active,R-COM-GEN
ACCT003276,CUST003276,PREM003276,Electric,Commercial,SOLANO,Active,R-COM-GEN
ACCT003277,CUST003277,PREM003277,Electric,Commercial,KERN,Active,R-COM-GEN
ACCT003278,CUST003278,PREM003278,Electric,Residential,KERN,Active,R-RES-TOU
ACCT003279,CUST003279,PREM003279,Electric,Residential,KERN,Active,R-RES-TOU
ACCT003280,CUST003280,PREM003280,Electric,Residential,CONTRA COSTA,Active,R-RES-TOU
ACCT003281,CUST003281,PREM003281,Electric,Residential,SAN MATEO,Active,R-RES-TOU
ACCT003282,CUST003282,PREM003282,Electric,Residential,HUMBOLDT,Active,R-RES-TOU
ACCT003283,CUST003283,PREM003283,Electric,Commercial,MONTEREY,Active,R-COM-GEN
ACCT003284,CUST003284,PREM003284,Electric,Commercial,ALAMEDA,Active,R-COM-GEN
ACCT003285,CUST003285,PREM003285,Electric,Residential,NEVADA,Active,R-RES-TOU
ACCT003286,CUST003286,PREM003286,Electric,Residential,SAN JOAQUIN,Inactive,R-RES-TOU
ACCT003287,CUST003287,PREM003287,Electric,Residential,KERN,Active,R-RES-TOU
ACCT003288,CUST003288,PREM003288,Electric,Commercial,CONTRA COSTA,Active,R-COM-GEN
ACCT003289,CUST003289,PREM003289,Electric,Commercial,GLENN,Active,R-COM-GEN
ACCT003290,CUST003290,PREM003290,Electric,Residential,KERN,Active,R-RES-TOU
ACCT003291,CUST003291,PREM003291,Electric,Residential,KINGS,Active,R-RES-TOU
ACCT003292,CUST003292,PREM003292,Electric,Commercial,FRESNO,Active,R-COM-GEN
ACCT003293,CUST003293,PREM003293,Electric,Residential,CONTRA COSTA,Active,R-RES-TOU
ACCT003294,CUST003294,PREM003294,Electric,Residential,SANTA CLARA,Active,R-RES-TOU
ACCT003295,CUST003295,PREM003295,Electric,Agriculture And Water Pumping,MERCED,Active,R-AGR-PUMP
ACCT003296,CUST003296,PREM003296,Electric,Residential,SAN JOAQUIN,Active,R-RES-TOU
ACCT003297,CUST003297,PREM003297,Electric,Residential,EL DORADO,Inactive,R-RES-TOU
ACCT003298,CUST003298,PREM003298,Electric,Residential,SANTA BARBARA,Active,R-RES-TOU
ACCT003299,CUST003299,PREM003299,Electric,Residential,CONTRA COSTA,Active,R-RES-TOU
ACCT003300,CUST003300,PREM003300,Electric,Commercial,SAN JOAQUIN,Active,R-COM-GEN
ACCT003301,CUST003301,PREM003301,Electric,Residential,MERCED,Active,R-RES-TOU
ACCT003302,CUST003302,PREM003302,Electric,Streetlighting,ALAMEDA,Active,R-STLIGHT
ACCT003303,CUST003303,PREM003303,Electric,Residential,FRESNO,Active,R-RES-TOU
ACCT003304,CUST003304,PREM003304,Electric,Residential,SANTA CLARA,Active,R-RES-TOU
ACCT003305,CUST003305,PREM003305,Electric,Residential,CONTRA COSTA,Active,R-RES-TOU
ACCT003306,CUST003306,PREM003306,Electric,Residential,SANTA CLARA,Active,R-RES-TOU
ACCT003307,CUST003307,PREM003307,Electric,Residential,SANTA CLARA,Active,R-RES-TOU
ACCT003308,CUST003308,PREM003308,Electric,Residential,SAN MATEO,Active,R-RES-TOU
ACCT003309,CUST003309,PREM003309,Electric,Residential,KERN,Active,R-RES-TOU
ACCT003310,CUST003310,PREM003310,Electric,Residential,KERN,Active,R-RES-TOU
ACCT003311,CUST003311,PREM003311,Electric,Residential,KERN,Active,R-RES-TOU
ACCT003312,CUST003312,PREM003312,Electric,Residential,ALAMEDA,Active,R-RES-TOU
ACCT003313,CUST003313,PREM003313,Electric,Residential,CONTRA COSTA,Active,R-RES-TOU
ACCT003314,CUST003314,PREM003314,Electric,Residential,SAN LUIS OBISPO,Active,R-RES-TOU
ACCT003315,CUST003315,PREM003315,Electric,Residential,KERN,Active,R-RES-TOU
ACCT003316,CUST003316,PREM003316,Electric,Residential,ALAMEDA,Active,R-RES-TOU
ACCT003317,CUST003317,PREM003317,Electric,Residential,MONTEREY,Active,R-RES-TOU
ACCT003318,CUST003318,PREM003318,Electric,Residential,SOLANO,Active,R-RES-TOU
ACCT003319,CUST003319,PREM003319,Electric,Commercial,BUTTE,Active,R-COM-GEN
ACCT003320,CUST003320,PREM003320,Electric,Residential,KERN,Active,R-RES-TOU
ACCT003321,CUST003321,PREM003321,Electric,Residential,SANTA CLARA,Active,R-RES-TOU
ACCT003322,CUST003322,PREM003322,Electric,Residential,FRESNO,Active,R-RES-TOU
ACCT003323,CUST003323,PREM003323,Electric,Residential,SANTA CLARA,Active,R-RES-TOU
ACCT003324,CUST003324,PREM003324,Electric,Residential,KERN,Active,R-RES-TOU
ACCT003325,CUST003325,PREM003325,Electric,Residential,CONTRA COSTA,Active,R-RES-TOU
ACCT003326,CUST003326,PREM003326,Electric,Residential,SAN JOAQUIN,Active,R-RES-TOU
ACCT003327,CUST003327,PREM003327,Electric,Commercial,SANTA CLARA,Active,R-COM-GEN
ACCT003328,CUST003328,PREM003328,Electric,Residential,SONOMA,Active,R-RES-TOU
ACCT003329,CUST003329,PREM003329,Electric,Residential,MONTEREY,Active,R-RES-TOU
ACCT003330,CUST003330,PREM003330,Electric,Residential,KERN,Inactive,R-RES-TOU
ACCT003331,CUST003331,PREM003331,Electric,Residential,SOLANO,Active,R-RES-TOU
ACCT003332,CUST003332,PREM003332,Electric,Residential,SANTA CRUZ,Active,R-RES-TOU
ACCT003333,CUST003333,PREM003333,Electric,Residential,SAN JOAQUIN,Active,R-RES-TOU
ACCT003334,CUST003334,PREM003334,Electric,Residential,KERN,Active,R-RES-TOU
ACCT003335,CUST003335,PREM003335,Electric,Commercial,MERCED,Active,R-COM-GEN
ACCT003336,CUST003336,PREM003336,Electric,Residential,KERN,Active,R-RES-TOU
ACCT003337,CUST003337,PREM003337,Electric,Commercial,SUTTER,Active,R-COM-GEN
ACCT003338,CUST003338,PREM003338,Electric,Residential,KERN,Active,R-RES-TOU
ACCT003339,CUST003339,PREM003339,Electric,Residential,KERN,Active,R-RES-TOU
ACCT003340,CUST003340,PREM003340,Electric,Residential,MERCED,Active,R-RES-TOU
ACCT003341,CUST003341,PREM003341,Electric,Commercial,SAN JOAQUIN,Active,R-COM-GEN
ACCT003342,CUST003342,PREM003342,Electric,Residential,SAN FRANCISCO,Active,R-RES-TOU
ACCT003343,CUST003343,PREM003343,Electric,Residential,SANTA CLARA,Active,R-RES-TOU
ACCT003344,CUST003344,PREM003344,Electric,Residential,KERN,Active,R-RES-TOU
ACCT003345,CUST003345,PREM003345,Electric,Residential,KINGS,Active,R-RES-TOU
ACCT003346,CUST003346,PREM003346,Electric,Residential,MADERA,Active,R-RES-TOU
ACCT003347,CUST003347,PREM003347,Electric,Residential,SAN JOAQUIN,Active,R-RES-TOU
ACCT003348,CUST003348,PREM003348,Electric,Residential,CONTRA COSTA,Active,R-RES-TOU
ACCT003349,CUST003349,PREM003349,Electric,Residential,KERN,Active,R-RES-TOU
ACCT003350,CUST003350,PREM003350,Electric,Residential,SANTA BARBARA,Active,R-RES-TOU
ACCT003351,CUST003351,PREM003351,Electric,Residential,SAN JOAQUIN,Active,R-RES-TOU
ACCT003352,CUST003352,PREM003352,Electric,Residential,CONTRA COSTA,Active,R-RES-TOU
ACCT003353,CUST003353,PREM003353,Electric,Commercial,BUTTE,Active,R-COM-GEN
ACCT003354,CUST003354,PREM003354,Electric,Residential,SAN FRANCISCO,Active,R-RES-TOU
ACCT003355,CUST003355,PREM003355,Electric,Residential,SANTA CLARA,Active,R-RES-TOU
ACCT003356,CUST003356,PREM003356,Electric,Residential,ALAMEDA,Active,R-RES-TOU
ACCT003357,CUST003357,PREM003357,Electric,Residential,ALAMEDA,Active,R-RES-TOU
ACCT003358,CUST003358,PREM003358,Electric,Residential,PLACER,Pending Close,R-RES-TOU
ACCT003359,CUST003359,PREM003359,Electric,Commercial,CONTRA COSTA,Active,R-COM-GEN
ACCT003360,CUST003360,PREM003360,Electric,Residential,SANTA CLARA,Active,R-RES-TOU
ACCT003361,CUST003361,PREM003361,Electric,Commercial,SAN JOAQUIN,Active,R-COM-GEN
ACCT003362,CUST003362,PREM003362,Electric,Residential,SANTA CLARA,Active,R-RES-TOU
ACCT003363,CUST003363,PREM003363,Electric,Residential,ALAMEDA,Active,R-RES-TOU
ACCT003364,CUST003364,PREM003364,Electric,Residential,KERN,Active,R-RES-TOU
ACCT003365,CUST003365,PREM003365,Electric,Industrial,PLACER,Active,R-IND-GEN
ACCT003366,CUST003366,PREM003366,Electric,Residential,MADERA,Active,R-RES-TOU
ACCT003367,CUST003367,PREM003367,Electric,Residential,KERN,Active,R-RES-TOU
ACCT003368,CUST003368,PREM003368,Electric,Residential,MERCED,Active,R-RES-TOU
ACCT003369,CUST003369,PREM003369,Electric,Residential,EL DORADO,Active,R-RES-TOU
ACCT003370,CUST003370,PREM003370,Electric,Residential,SANTA CLARA,Active,R-RES-TOU
ACCT003371,CUST003371,PREM003371,Electric,Residential,SANTA CLARA,Active,R-RES-TOU
ACCT003372,CUST003372,PREM003372,Electric,Residential,KERN,Active,R-RES-TOU
ACCT003373,CUST003373,PREM003373,Electric,Residential,KERN,Active,R-RES-TOU
ACCT003374,CUST003374,PREM003374,Electric,Residential,SOLANO,Active,R-RES-TOU
ACCT003375,CUST003375,PREM003375,Electric,Commercial,SAN FRANCISCO,Active,R-COM-GEN
ACCT003376,CUST003376,PREM003376,Electric,Residential,KERN,Active,R-RES-TOU
ACCT003377,CUST003377,PREM003377,Electric,Residential,SANTA CLARA,Active,R-RES-TOU
ACCT003378,CUST003378,PREM003378,Electric,Residential,SANTA CLARA,Inactive,R-RES-TOU
ACCT003379,CUST003379,PREM003379,Electric,Residential,SAN FRANCISCO,Active,R-RES-TOU
ACCT003380,CUST003380,PREM003380,Electric,Residential,KERN,Active,R-RES-TOU
ACCT003381,CUST003381,PREM003381,Electric,Residential,PLACER,Active,R-RES-TOU
ACCT003382,CUST003382,PREM003382,Electric,Residential,SANTA CLARA,Active,R-RES-TOU
ACCT003383,CUST003383,PREM003383,Electric,Residential,FRESNO,Active,R-RES-TOU
ACCT003384,CUST003384,PREM003384,Electric,Residential,BUTTE,Active,R-RES-TOU
ACCT003385,CUST003385,PREM003385,Electric,Residential,ALAMEDA,Active,R-RES-TOU
ACCT003386,CUST003386,PREM003386,Electric,Commercial,KERN,Active,R-COM-GEN
ACCT003387,CUST003387,PREM003387,Electric,Residential,HUMBOLDT,Active,R-RES-TOU
ACCT003388,CUST003388,PREM003388,Electric,Residential,SAN MATEO,Active,R-RES-TOU
ACCT003389,CUST003389,PREM003389,Electric,Residential,SAN LUIS OBISPO,Active,R-RES-TOU
ACCT003390,CUST003390,PREM003390,Electric,Residential,SANTA CLARA,Active,R-RES-TOU
ACCT003391,CUST003391,PREM003391,Electric,Residential,SAN LUIS OBISPO,Active,R-RES-TOU
ACCT003392,CUST003392,PREM003392,Electric,Commercial,SANTA CLARA,Active,R-COM-GEN
ACCT003393,CUST003393,PREM003393,Electric,Commercial,LAKE,Active,R-COM-GEN
ACCT003394,CUST003394,PREM003394,Electric,Residential,FRESNO,Active,R-RES-TOU
ACCT003395,CUST003395,PREM003395,Electric,Commercial,MERCED,Active,R-COM-GEN
ACCT003396,CUST003396,PREM003396,Electric,Streetlighting,FRESNO,Active,R-STLIGHT
ACCT003397,CUST003397,PREM003397,Electric,Commercial,NEVADA,Active,R-COM-GEN
ACCT003398,CUST003398,PREM003398,Electric,Commercial,KERN,Active,R-COM-GEN
ACCT003399,CUST003399,PREM003399,Electric,Residential,BUTTE,Active,R-RES-TOU
ACCT003400,CUST003400,PREM003400,Electric,Residential,LAKE,Active,R-RES-TOU
ACCT003401,CUST003401,PREM003401,Electric,Residential,KERN,Pending Close,R-RES-TOU
ACCT003402,CUST003402,PREM003402,Electric,Residential,MENDOCINO,Active,R-RES-TOU
ACCT003403,CUST003403,PREM003403,Electric,Streetlighting,SAN FRANCISCO,Active,R-STLIGHT
ACCT003404,CUST003404,PREM003404,Electric,Residential,PLACER,Active,R-RES-TOU
ACCT003405,CUST003405,PREM003405,Electric,Residential,KERN,Active,R-RES-TOU
ACCT003406,CUST003406,PREM003406,Electric,Commercial,SANTA CLARA,Active,R-COM-GEN
ACCT003407,CUST003407,PREM003407,Electric,Commercial,CONTRA COSTA,Active,R-COM-GEN
ACCT003408,CUST003408,PREM003408,Electric,Streetlighting,ALAMEDA,Active,R-STLIGHT
ACCT003409,CUST003409,PREM003409,Electric,Residential,KERN,Active,R-RES-TOU
ACCT003410,CUST003410,PREM003410,Electric,Residential,MARIN,Active,R-RES-TOU
ACCT003411,CUST003411,PREM003411,Electric,Residential,KERN,Active,R-RES-TOU
ACCT003412,CUST003412,PREM003412,Electric,Residential,HUMBOLDT,Active,R-RES-TOU
ACCT003413,CUST003413,PREM003413,Electric,Residential,SAN MATEO,Active,R-RES-TOU
ACCT003414,CUST003414,PREM003414,Electric,Residential,KERN,Active,R-RES-TOU
ACCT003415,CUST003415,PREM003415,Electric,Residential,SANTA CLARA,Active,R-RES-TOU
ACCT003416,CUST003416,PREM003416,Electric,Residential,CONTRA COSTA,Active,R-RES-TOU
ACCT003417,CUST003417,PREM003417,Electric,Residential,MERCED,Active,R-RES-TOU
ACCT003418,CUST003418,PREM003418,Electric,Residential,SAN FRANCISCO,Inactive,R-RES-TOU
ACCT003419,CUST003419,PREM003419,Electric,Residential,MADERA,Active,R-RES-TOU
ACCT003420,CUST003420,PREM003420,Electric,Residential,SANTA CLARA,Active,R-RES-TOU
ACCT003421,CUST003421,PREM003421,Electric,Residential,SAN FRANCISCO,Active,R-RES-TOU
ACCT003422,CUST003422,PREM003422,Electric,Residential,ALAMEDA,Active,R-RES-TOU
ACCT003423,CUST003423,PREM003423,Electric,Residential,SANTA CLARA,Active,R-RES-TOU
ACCT003424,CUST003424,PREM003424,Electric,Residential,CONTRA COSTA,Active,R-RES-TOU
ACCT003425,CUST003425,PREM003425,Electric,Commercial,SANTA CLARA,Active,R-COM-GEN
ACCT003426,CUST003426,PREM003426,Electric,Residential,ALAMEDA,Active,R-RES-TOU
ACCT003427,CUST003427,PREM003427,Electric,Residential,SANTA CLARA,Active,R-RES-TOU
ACCT003428,CUST003428,PREM003428,Electric,Residential,SHASTA,Active,R-RES-TOU
ACCT003429,CUST003429,PREM003429,Electric,Commercial,ALAMEDA,Active,R-COM-GEN
ACCT003430,CUST003430,PREM003430,Electric,Residential,SANTA CLARA,Active,R-RES-TOU
ACCT003431,CUST003431,PREM003431,Electric,Residential,SANTA CLARA,Active,R-RES-TOU
ACCT003432,CUST003432,PREM003432,Electric,Mining,NEVADA,Active,R-MIN-GEN
ACCT003433,CUST003433,PREM003433,Electric,Residential,CONTRA COSTA,Active,R-RES-TOU
ACCT003434,CUST003434,PREM003434,Electric,Residential,MONTEREY,Active,R-RES-TOU
ACCT003435,CUST003435,PREM003435,Electric,Residential,KINGS,Active,R-RES-TOU
ACCT003436,CUST003436,PREM003436,Electric,Residential,ALAMEDA,Inactive,R-RES-TOU
ACCT003437,CUST003437,PREM003437,Electric,Residential,KERN,Active,R-RES-TOU
ACCT003438,CUST003438,PREM003438,Electric,Residential,CONTRA COSTA,Active,R-RES-TOU
ACCT003439,CUST003439,PREM003439,Electric,Industrial,SANTA BARBARA,Active,R-IND-GEN
ACCT003440,CUST003440,PREM003440,Electric,Industrial,KERN,Active,R-IND-GEN
ACCT003441,CUST003441,PREM003441,Electric,Residential,ALAMEDA,Active,R-RES-TOU
ACCT003442,CUST003442,PREM003442,Electric,Residential,SANTA CLARA,Active,R-RES-TOU
ACCT003443,CUST003443,PREM003443,Electric,Residential,FRESNO,Active,R-RES-TOU
ACCT003444,CUST003444,PREM003444,Electric,Streetlighting,KERN,Active,R-STLIGHT
ACCT003445,CUST003445,PREM003445,Electric,"Transportation, Communications, & Utilities",SANTA CLARA,Active,R-TCU-GEN
ACCT003446,CUST003446,PREM003446,Electric,Residential,FRESNO,Active,R-RES-TOU
ACCT003447,CUST003447,PREM003447,Electric,Commercial,SAN FRANCISCO,Active,R-COM-GEN
ACCT003448,CUST003448,PREM003448,Electric,Residential,BUTTE,Active,R-RES-TOU
ACCT003449,CUST003449,PREM003449,Electric,Residential,SANTA CLARA,Active,R-RES-TOU
ACCT003450,CUST003450,PREM003450,Electric,Residential,MERCED,Active,R-RES-TOU
ACCT003451,CUST003451,PREM003451,Electric,Residential,FRESNO,Active,R-RES-TOU
ACCT003452,CUST003452,PREM003452,Electric,Residential,SANTA CLARA,Active,R-RES-TOU
ACCT003453,CUST003453,PREM003453,Electric,Residential,FRESNO,Active,R-RES-TOU
ACCT003454,CUST003454,PREM003454,Electric,Residential,KERN,Active,R-RES-TOU
ACCT003455,CUST003455,PREM003455,Electric,Industrial,PLUMAS,Active,R-IND-GEN
ACCT003456,CUST003456,PREM003456,Electric,Residential,SANTA CLARA,Active,R-RES-TOU
ACCT003457,CUST003457,PREM003457,Electric,Residential,SANTA BARBARA,Active,R-RES-TOU
ACCT003458,CUST003458,PREM003458,Electric,Residential,KERN,Active,R-RES-TOU
ACCT003459,CUST003459,PREM003459,Electric,Residential,LAKE,Pending Close,R-RES-TOU
ACCT003460,CUST003460,PREM003460,Electric,Residential,ALAMEDA,Active,R-RES-TOU
ACCT003461,CUST003461,PREM003461,Electric,Residential,KINGS,Inactive,R-RES-TOU
ACCT003462,CUST003462,PREM003462,Electric,Residential,SONOMA,Active,R-RES-TOU
ACCT003463,CUST003463,PREM003463,Electric,Residential,ALAMEDA,Active,R-RES-TOU
ACCT003464,CUST003464,PREM003464,Electric,Residential,SAN JOAQUIN,Active,R-RES-TOU
ACCT003465,CUST003465,PREM003465,Electric,Residential,YUBA,Active,R-RES-TOU
ACCT003466,CUST003466,PREM003466,Electric,Residential,ALAMEDA,Active,R-RES-TOU
ACCT003467,CUST003467,PREM003467,Electric,Residential,KERN,Active,R-RES-TOU
ACCT003468,CUST003468,PREM003468,Electric,Residential,PLACER,Active,R-RES-TOU
ACCT003469,CUST003469,PREM003469,Electric,Commercial,ALAMEDA,Active,R-COM-GEN
ACCT003470,CUST003470,PREM003470,Electric,Residential,CONTRA COSTA,Active,R-RES-TOU
ACCT003471,CUST003471,PREM003471,Electric,Residential,SANTA CLARA,Active,R-RES-TOU
ACCT003472,CUST003472,PREM003472,Electric,Residential,ALAMEDA,Active,R-RES-TOU
ACCT003473,CUST003473,PREM003473,Electric,Residential,KERN,Active,R-RES-TOU
ACCT003474,CUST003474,PREM003474,Electric,Residential,SANTA CLARA,Active,R-RES-TOU
ACCT003475,CUST003475,PREM003475,Electric,Commercial,MONTEREY,Active,R-COM-GEN
ACCT003476,CUST003476,PREM003476,Electric,Commercial,FRESNO,Active,R-COM-GEN
ACCT003477,CUST003477,PREM003477,Electric,Agriculture And Water Pumping,SANTA CLARA,Active,R-AGR-PUMP
ACCT003478,CUST003478,PREM003478,Electric,Residential,SANTA BARBARA,Active,R-RES-TOU
ACCT003479,CUST003479,PREM003479,Electric,Residential,SANTA BARBARA,Active,R-RES-TOU
ACCT003480,CUST003480,PREM003480,Electric,Residential,LAKE,Active,R-RES-TOU
ACCT003481,CUST003481,PREM003481,Electric,Residential,CONTRA COSTA,Active,R-RES-TOU
ACCT003482,CUST003482,PREM003482,Electric,Residential,ALAMEDA,Active,R-RES-TOU
ACCT003483,CUST003483,PREM003483,Electric,Residential,MENDOCINO,Active,R-RES-TOU
ACCT003484,CUST003484,PREM003484,Electric,Commercial,TUOLUMNE,Active,R-COM-GEN
ACCT003485,CUST003485,PREM003485,Electric,Residential,FRESNO,Active,R-RES-TOU
ACCT003486,CUST003486,PREM003486,Electric,Residential,MERCED,Pending Close,R-RES-TOU
ACCT003487,CUST003487,PREM003487,Electric,Residential,SANTA CLARA,Active,R-RES-TOU
ACCT003488,CUST003488,PREM003488,Electric,Residential,PLACER,Active,R-RES-TOU
ACCT003489,CUST003489,PREM003489,Electric,Residential,ALAMEDA,Active,R-RES-TOU
ACCT003490,CUST003490,PREM003490,Electric,Residential,SANTA CLARA,Active,R-RES-TOU
ACCT003491,CUST003491,PREM003491,Electric,Residential,SAN JOAQUIN,Active,R-RES-TOU
ACCT003492,CUST003492,PREM003492,Electric,Residential,SANTA CLARA,Active,R-RES-TOU
ACCT003493,CUST003493,PREM003493,Electric,Commercial,KERN,Active,R-COM-GEN
ACCT003494,CUST003494,PREM003494,Electric,Commercial,AMADOR,Active,R-COM-GEN
ACCT003495,CUST003495,PREM003495,Electric,Residential,SANTA CLARA,Active,R-RES-TOU
ACCT003496,CUST003496,PREM003496,Electric,Residential,HUMBOLDT,Active,R-RES-TOU
ACCT003497,CUST003497,PREM003497,Electric,Commercial,SHASTA,Active,R-COM-GEN
ACCT003498,CUST003498,PREM003498,Electric,Commercial,SAN FRANCISCO,Active,R-COM-GEN
ACCT003499,CUST003499,PREM003499,Electric,Residential,SANTA CLARA,Active,R-RES-TOU
ACCT003500,CUST003500,PREM003500,Electric,Residential,ALAMEDA,Active,R-RES-TOU
ACCT003501,CUST003501,PREM003501,Electric,Residential,KERN,Active,R-RES-TOU
ACCT003502,CUST003502,PREM003502,Electric,Commercial,ALAMEDA,Active,R-COM-GEN
ACCT003503,CUST003503,PREM003503,Electric,Streetlighting,ALAMEDA,Active,R-STLIGHT
ACCT003504,CUST003504,PREM003504,Electric,Residential,KINGS,Active,R-RES-TOU
ACCT003505,CUST003505,PREM003505,Electric,Commercial,SANTA CLARA,Active,R-COM-GEN
ACCT003506,CUST003506,PREM003506,Electric,Residential,SOLANO,Active,R-RES-TOU
ACCT003507,CUST003507,PREM003507,Electric,Agriculture And Water Pumping,CONTRA COSTA,Active,R-AGR-PUMP
ACCT003508,CUST003508,PREM003508,Electric,Residential,SAN LUIS OBISPO,Active,R-RES-TOU
ACCT003509,CUST003509,PREM003509,Electric,Commercial,YOLO,Active,R-COM-GEN
ACCT003510,CUST003510,PREM003510,Electric,Residential,ALAMEDA,Active,R-RES-TOU
ACCT003511,CUST003511,PREM003511,Electric,Residential,SANTA CLARA,Active,R-RES-TOU
ACCT003512,CUST003512,PREM003512,Electric,Residential,SANTA BARBARA,Inactive,R-RES-TOU
ACCT003513,CUST003513,PREM003513,Electric,"Transportation, Communications, & Utilities",FRESNO,Active,R-TCU-GEN
ACCT003514,CUST003514,PREM003514,Electric,Commercial,FRESNO,Active,R-COM-GEN
ACCT003515,CUST003515,PREM003515,Electric,Commercial,ALAMEDA,Active,R-COM-GEN
ACCT003516,CUST003516,PREM003516,Electric,Industrial,ALAMEDA,Active,R-IND-GEN
ACCT003517,CUST003517,PREM003517,Electric,Residential,MARIPOSA,Active,R-RES-TOU
ACCT003518,CUST003518,PREM003518,Electric,Residential,YOLO,Active,R-RES-TOU
ACCT003519,CUST003519,PREM003519,Electric,Residential,KERN,Active,R-RES-TOU
ACCT003520,CUST003520,PREM003520,Electric,Residential,SAN JOAQUIN,Active,R-RES-TOU
ACCT003521,CUST003521,PREM003521,Electric,Residential,KERN,Active,R-RES-TOU
ACCT003522,CUST003522,PREM003522,Electric,Residential,KERN,Active,R-RES-TOU
ACCT003523,CUST003523,PREM003523,Electric,Residential,SANTA CLARA,Active,R-RES-TOU
ACCT003524,CUST003524,PREM003524,Electric,Residential,KERN,Active,R-RES-TOU
ACCT003525,CUST003525,PREM003525,Electric,Residential,PLACER,Active,R-RES-TOU
ACCT003526,CUST003526,PREM003526,Electric,Residential,CONTRA COSTA,Active,R-RES-TOU
ACCT003527,CUST003527,PREM003527,Electric,Agriculture And Water Pumping,KERN,Active,R-AGR-PUMP
ACCT003528,CUST003528,PREM003528,Electric,Residential,MERCED,Active,R-RES-TOU
ACCT003529,CUST003529,PREM003529,Electric,Agriculture And Water Pumping,FRESNO,Active,R-AGR-PUMP
ACCT003530,CUST003530,PREM003530,Electric,Residential,SANTA BARBARA,Active,R-RES-TOU
ACCT003531,CUST003531,PREM003531,Electric,Residential,CALAVERAS,Active,R-RES-TOU
ACCT003532,CUST003532,PREM003532,Electric,Commercial,CONTRA COSTA,Active,R-COM-GEN
ACCT003533,CUST003533,PREM003533,Electric,Residential,SAN FRANCISCO,Active,R-RES-TOU
ACCT003534,CUST003534,PREM003534,Electric,Residential,MERCED,Active,R-RES-TOU
ACCT003535,CUST003535,PREM003535,Electric,Residential,SAN FRANCISCO,Active,R-RES-TOU
ACCT003536,CUST003536,PREM003536,Electric,Residential,ALAMEDA,Active,R-RES-TOU
ACCT003537,CUST003537,PREM003537,Electric,Residential,SANTA CLARA,Active,R-RES-TOU
ACCT003538,CUST003538,PREM003538,Electric,Residential,SONOMA,Active,R-RES-TOU
ACCT003539,CUST003539,PREM003539,Electric,Residential,KERN,Active,R-RES-TOU
ACCT003540,CUST003540,PREM003540,Electric,Residential,MONTEREY,Active,R-RES-TOU
ACCT003541,CUST003541,PREM003541,Electric,Residential,NEVADA,Active,R-RES-TOU
ACCT003542,CUST003542,PREM003542,Electric,Commercial,FRESNO,Active,R-COM-GEN
ACCT003543,CUST003543,PREM003543,Electric,Residential,SAN JOAQUIN,Active,R-RES-TOU
ACCT003544,CUST003544,PREM003544,Electric,Residential,FRESNO,Active,R-RES-TOU
ACCT003545,CUST003545,PREM003545,Electric,Commercial,KERN,Active,R-COM-GEN
ACCT003546,CUST003546,PREM003546,Electric,Residential,PLACER,Active,R-RES-TOU
ACCT003547,CUST003547,PREM003547,Electric,Residential,SAN JOAQUIN,Active,R-RES-TOU
ACCT003548,CUST003548,PREM003548,Electric,Residential,MARIN,Active,R-RES-TOU
ACCT003549,CUST003549,PREM003549,Electric,Residential,KERN,Active,R-RES-TOU
ACCT003550,CUST003550,PREM003550,Electric,Residential,SANTA CLARA,Active,R-RES-TOU
ACCT003551,CUST003551,PREM003551,Electric,Commercial,YOLO,Active,R-COM-GEN
ACCT003552,CUST003552,PREM003552,Electric,Residential,SANTA CLARA,Active,R-RES-TOU
ACCT003553,CUST003553,PREM003553,Electric,Residential,SANTA BARBARA,Active,R-RES-TOU
ACCT003554,CUST003554,PREM003554,Electric,Residential,KERN,Active,R-RES-TOU
ACCT003555,CUST003555,PREM003555,Electric,Residential,KERN,Active,R-RES-TOU
ACCT003556,CUST003556,PREM003556,Electric,Residential,FRESNO,Active,R-RES-TOU
ACCT003557,CUST003557,PREM003557,Electric,Residential,CONTRA COSTA,Active,R-RES-TOU
ACCT003558,CUST003558,PREM003558,Electric,Residential,SAN LUIS OBISPO,Active,R-RES-TOU
ACCT003559,CUST003559,PREM003559,Electric,Residential,MERCED,Active,R-RES-TOU
ACCT003560,CUST003560,PREM003560,Electric,Residential,SAN JOAQUIN,Active,R-RES-TOU
ACCT003561,CUST003561,PREM003561,Electric,Residential,SANTA CLARA,Active,R-RES-TOU
ACCT003562,CUST003562,PREM003562,Electric,Commercial,SONOMA,Active,R-COM-GEN
ACCT003563,CUST003563,PREM003563,Electric,Residential,FRESNO,Active,R-RES-TOU
ACCT003564,CUST003564,PREM003564,Electric,Residential,MONTEREY,Active,R-RES-TOU
ACCT003565,CUST003565,PREM003565,Electric,Residential,KERN,Active,R-RES-TOU
ACCT003566,CUST003566,PREM003566,Electric,Residential,SAN FRANCISCO,Active,R-RES-TOU
ACCT003567,CUST003567,PREM003567,Electric,Residential,YOLO,Active,R-RES-TOU
ACCT003568,CUST003568,PREM003568,Electric,Residential,SONOMA,Active,R-RES-TOU
ACCT003569,CUST003569,PREM003569,Electric,Residential,KERN,Inactive,R-RES-TOU
ACCT003570,CUST003570,PREM003570,Electric,Commercial,ALAMEDA,Active,R-COM-GEN
ACCT003571,CUST003571,PREM003571,Electric,Residential,KERN,Active,R-RES-TOU
ACCT003572,CUST003572,PREM003572,Electric,Residential,KERN,Active,R-RES-TOU
ACCT003573,CUST003573,PREM003573,Electric,Commercial,ALAMEDA,Active,R-COM-GEN
ACCT003574,CUST003574,PREM003574,Electric,"Transportation, Communications, & Utilities",ALAMEDA,Active,R-TCU-GEN
ACCT003575,CUST003575,PREM003575,Electric,Commercial,BUTTE,Active,R-COM-GEN
ACCT003576,CUST003576,PREM003576,Electric,Residential,CONTRA COSTA,Active,R-RES-TOU
ACCT003577,CUST003577,PREM003577,Electric,Residential,FRESNO,Active,R-RES-TOU
ACCT003578,CUST003578,PREM003578,Electric,Residential,SANTA CLARA,Active,R-RES-TOU
ACCT003579,CUST003579,PREM003579,Electric,Residential,SAN MATEO,Inactive,R-RES-TOU
ACCT003580,CUST003580,PREM003580,Electric,Residential,CONTRA COSTA,Active,R-RES-TOU
ACCT003581,CUST003581,PREM003581,Electric,Residential,ALAMEDA,Active,R-RES-TOU
ACCT003582,CUST003582,PREM003582,Electric,Commercial,MERCED,Active,R-COM-GEN
ACCT003583,CUST003583,PREM003583,Electric,Residential,SONOMA,Active,R-RES-TOU
ACCT003584,CUST003584,PREM003584,Electric,Commercial,SANTA CLARA,Active,R-COM-GEN
ACCT003585,CUST003585,PREM003585,Electric,Residential,KERN,Active,R-RES-TOU
ACCT003586,CUST003586,PREM003586,Electric,Residential,KERN,Active,R-RES-TOU
ACCT003587,CUST003587,PREM003587,Electric,Residential,MONTEREY,Inactive,R-RES-TOU
ACCT003588,CUST003588,PREM003588,Electric,Residential,MADERA,Active,R-RES-TOU
ACCT003589,CUST003589,PREM003589,Electric,Residential,KERN,Active,R-RES-TOU
ACCT003590,CUST003590,PREM003590,Electric,Residential,FRESNO,Active,R-RES-TOU
ACCT003591,CUST003591,PREM003591,Electric,Agriculture And Water Pumping,SAN JOAQUIN,Active,R-AGR-PUMP
ACCT003592,CUST003592,PREM003592,Electric,Residential,CONTRA COSTA,Active,R-RES-TOU
ACCT003593,CUST003593,PREM003593,Electric,Residential,KERN,Active,R-RES-TOU
ACCT003594,CUST003594,PREM003594,Electric,Residential,SONOMA,Active,R-RES-TOU
ACCT003595,CUST003595,PREM003595,Electric,Residential,SOLANO,Active,R-RES-TOU
ACCT003596,CUST003596,PREM003596,Electric,Residential,SAN FRANCISCO,Active,R-RES-TOU
ACCT003597,CUST003597,PREM003597,Electric,Residential,PLACER,Active,R-RES-TOU
ACCT003598,CUST003598,PREM003598,Electric,Residential,SAN MATEO,Active,R-RES-TOU
ACCT003599,CUST003599,PREM003599,Electric,Residential,PLACER,Active,R-RES-TOU
ACCT003600,CUST003600,PREM003600,Electric,Residential,FRESNO,Active,R-RES-TOU
ACCT003601,CUST003601,PREM003601,Electric,Residential,KERN,Active,R-RES-TOU
ACCT003602,CUST003602,PREM003602,Electric,Residential,FRESNO,Active,R-RES-TOU
ACCT003603,CUST003603,PREM003603,Electric,Residential,BUTTE,Active,R-RES-TOU
ACCT003604,CUST003604,PREM003604,Electric,Residential,SANTA CLARA,Active,R-RES-TOU
ACCT003605,CUST003605,PREM003605,Electric,Residential,KERN,Active,R-RES-TOU
ACCT003606,CUST003606,PREM003606,Electric,Residential,KERN,Active,R-RES-TOU
ACCT003607,CUST003607,PREM003607,Electric,Commercial,FRESNO,Active,R-COM-GEN
ACCT003608,CUST003608,PREM003608,Electric,Residential,ALAMEDA,Active,R-RES-TOU
ACCT003609,CUST003609,PREM003609,Electric,Industrial,SANTA BARBARA,Active,R-IND-GEN
ACCT003610,CUST003610,PREM003610,Electric,Agriculture And Water Pumping,MONTEREY,Active,R-AGR-PUMP
ACCT003611,CUST003611,PREM003611,Electric,Residential,KERN,Active,R-RES-TOU
ACCT003612,CUST003612,PREM003612,Electric,Residential,CALAVERAS,Active,R-RES-TOU
ACCT003613,CUST003613,PREM003613,Electric,Residential,SHASTA,Active,R-RES-TOU
ACCT003614,CUST003614,PREM003614,Electric,Commercial,SANTA CLARA,Active,R-COM-GEN
ACCT003615,CUST003615,PREM003615,Electric,Residential,ALAMEDA,Active,R-RES-TOU
ACCT003616,CUST003616,PREM003616,Electric,Residential,NAPA,Active,R-RES-TOU
ACCT003617,CUST003617,PREM003617,Electric,Residential,LAKE,Active,R-RES-TOU
ACCT003618,CUST003618,PREM003618,Electric,Commercial,SANTA CLARA,Active,R-COM-GEN
ACCT003619,CUST003619,PREM003619,Electric,Commercial,CONTRA COSTA,Active,R-COM-GEN
ACCT003620,CUST003620,PREM003620,Electric,Residential,SANTA CLARA,Active,R-RES-TOU
ACCT003621,CUST003621,PREM003621,Electric,Residential,YUBA,Active,R-RES-TOU
ACCT003622,CUST003622,PREM003622,Electric,Residential,SANTA CLARA,Active,R-RES-TOU
ACCT003623,CUST003623,PREM003623,Electric,Residential,KERN,Active,R-RES-TOU
ACCT003624,CUST003624,PREM003624,Electric,Commercial,SAN JOAQUIN,Active,R-COM-GEN
ACCT003625,CUST003625,PREM003625,Electric,Residential,CONTRA COSTA,Active,R-RES-TOU
ACCT003626,CUST003626,PREM003626,Electric,Residential,SAN LUIS OBISPO,Active,R-RES-TOU
ACCT003627,CUST003627,PREM003627,Electric,Residential,ALAMEDA,Active,R-RES-TOU
ACCT003628,CUST003628,PREM003628,Electric,Commercial,MONTEREY,Active,R-COM-GEN
ACCT003629,CUST003629,PREM003629,Electric,Residential,ALAMEDA,Active,R-RES-TOU
ACCT003630,CUST003630,PREM003630,Electric,Residential,FRESNO,Pending Close,R-RES-TOU
ACCT003631,CUST003631,PREM003631,Electric,Residential,FRESNO,Active,R-RES-TOU
ACCT003632,CUST003632,PREM003632,Electric,Residential,SANTA CLARA,Active,R-RES-TOU
ACCT003633,CUST003633,PREM003633,Electric,Residential,CONTRA COSTA,Active,R-RES-TOU
ACCT003634,CUST003634,PREM003634,Electric,Residential,KERN,Active,R-RES-TOU
ACCT003635,CUST003635,PREM003635,Electric,Residential,ALAMEDA,Active,R-RES-TOU
ACCT003636,CUST003636,PREM003636,Electric,Residential,SAN JOAQUIN,Active,R-RES-TOU
ACCT003637,CUST003637,PREM003637,Electric,Commercial,SAN JOAQUIN,Active,R-COM-GEN
ACCT003638,CUST003638,PREM003638,Electric,Residential,KERN,Active,R-RES-TOU
ACCT003639,CUST003639,PREM003639,Electric,Residential,SAN LUIS OBISPO,Active,R-RES-TOU
ACCT003640,CUST003640,PREM003640,Electric,Residential,SAN LUIS OBISPO,Active,R-RES-TOU
ACCT003641,CUST003641,PREM003641,Electric,Residential,SAN JOAQUIN,Active,R-RES-TOU
ACCT003642,CUST003642,PREM003642,Electric,Commercial,KERN,Active,R-COM-GEN
ACCT003643,CUST003643,PREM003643,Electric,Residential,ALAMEDA,Active,R-RES-TOU
ACCT003644,CUST003644,PREM003644,Electric,Residential,ALAMEDA,Active,R-RES-TOU
ACCT003645,CUST003645,PREM003645,Electric,Residential,PLACER,Active,R-RES-TOU
ACCT003646,CUST003646,PREM003646,Electric,Residential,KERN,Active,R-RES-TOU
ACCT003647,CUST003647,PREM003647,Electric,Residential,KERN,Active,R-RES-TOU
ACCT003648,CUST003648,PREM003648,Electric,Residential,SANTA CLARA,Active,R-RES-TOU
ACCT003649,CUST003649,PREM003649,Electric,Residential,FRESNO,Active,R-RES-TOU
ACCT003650,CUST003650,PREM003650,Electric,Streetlighting,SANTA CLARA,Active,R-STLIGHT
ACCT003651,CUST003651,PREM003651,Electric,Residential,SANTA CLARA,Active,R-RES-TOU
ACCT003652,CUST003652,PREM003652,Electric,Residential,KERN,Active,R-RES-TOU
ACCT003653,CUST003653,PREM003653,Electric,Commercial,SANTA CLARA,Active,R-COM-GEN
ACCT003654,CUST003654,PREM003654,Electric,Residential,SAN FRANCISCO,Active,R-RES-TOU
ACCT003655,CUST003655,PREM003655,Electric,Residential,MARIN,Active,R-RES-TOU
ACCT003656,CUST003656,PREM003656,Electric,Residential,KERN,Inactive,R-RES-TOU
ACCT003657,CUST003657,PREM003657,Electric,Residential,PLACER,Active,R-RES-TOU
ACCT003658,CUST003658,PREM003658,Electric,Residential,SANTA CLARA,Active,R-RES-TOU
ACCT003659,CUST003659,PREM003659,Electric,Residential,SANTA CLARA,Active,R-RES-TOU
ACCT003660,CUST003660,PREM003660,Electric,Commercial,MONTEREY,Active,R-COM-GEN
ACCT003661,CUST003661,PREM003661,Electric,Residential,KERN,Active,R-RES-TOU
ACCT003662,CUST003662,PREM003662,Electric,Residential,KERN,Active,R-RES-TOU
ACCT003663,CUST003663,PREM003663,Electric,Residential,CONTRA COSTA,Active,R-RES-TOU
ACCT003664,CUST003664,PREM003664,Electric,Residential,KERN,Active,R-RES-TOU
ACCT003665,CUST003665,PREM003665,Electric,Residential,SAN FRANCISCO,Active,R-RES-TOU
ACCT003666,CUST003666,PREM003666,Electric,Residential,SAN FRANCISCO,Active,R-RES-TOU
ACCT003667,CUST003667,PREM003667,Electric,Commercial,FRESNO,Active,R-COM-GEN
ACCT003668,CUST003668,PREM003668,Electric,Residential,SANTA CLARA,Active,R-RES-TOU
ACCT003669,CUST003669,PREM003669,Electric,Residential,ALAMEDA,Active,R-RES-TOU
ACCT003670,CUST003670,PREM003670,Electric,Residential,SAN JOAQUIN,Active,R-RES-TOU
ACCT003671,CUST003671,PREM003671,Electric,Residential,NAPA,Active,R-RES-TOU
ACCT003672,CUST003672,PREM003672,Electric,Residential,SANTA CLARA,Active,R-RES-TOU
ACCT003673,CUST003673,PREM003673,Electric,Residential,KERN,Active,R-RES-TOU
ACCT003674,CUST003674,PREM003674,Electric,Residential,SANTA CLARA,Active,R-RES-TOU
ACCT003675,CUST003675,PREM003675,Electric,Residential,CONTRA COSTA,Inactive,R-RES-TOU
ACCT003676,CUST003676,PREM003676,Electric,Residential,ALAMEDA,Active,R-RES-TOU
ACCT003677,CUST003677,PREM003677,Electric,Residential,SANTA CLARA,Active,R-RES-TOU
ACCT003678,CUST003678,PREM003678,Electric,Residential,FRESNO,Active,R-RES-TOU
ACCT003679,CUST003679,PREM003679,Electric,Commercial,PLACER,Active,R-COM-GEN
ACCT003680,CUST003680,PREM003680,Electric,Residential,SANTA CLARA,Active,R-RES-TOU
ACCT003681,CUST003681,PREM003681,Electric,Residential,CONTRA COSTA,Inactive,R-RES-TOU
ACCT003682,CUST003682,PREM003682,Electric,Residential,SAN JOAQUIN,Active,R-RES-TOU
ACCT003683,CUST003683,PREM003683,Electric,Residential,SANTA CLARA,Active,R-RES-TOU
ACCT003684,CUST003684,PREM003684,Electric,Residential,SAN LUIS OBISPO,Active,R-RES-TOU
ACCT003685,CUST003685,PREM003685,Electric,Residential,SAN MATEO,Active,R-RES-TOU
ACCT003686,CUST003686,PREM003686,Electric,Residential,SAN FRANCISCO,Active,R-RES-TOU
ACCT003687,CUST003687,PREM003687,Electric,Industrial,ALAMEDA,Active,R-IND-GEN
ACCT003688,CUST003688,PREM003688,Electric,Residential,SANTA CLARA,Pending Close,R-RES-TOU
ACCT003689,CUST003689,PREM003689,Electric,Residential,SANTA CLARA,Active,R-RES-TOU
ACCT003690,CUST003690,PREM003690,Electric,Residential,SANTA CLARA,Active,R-RES-TOU
ACCT003691,CUST003691,PREM003691,Electric,Commercial,KERN,Active,R-COM-GEN
ACCT003692,CUST003692,PREM003692,Electric,Residential,FRESNO,Active,R-RES-TOU
ACCT003693,CUST003693,PREM003693,Electric,Residential,ALAMEDA,Active,R-RES-TOU
ACCT003694,CUST003694,PREM003694,Electric,Residential,CONTRA COSTA,Active,R-RES-TOU
ACCT003695,CUST003695,PREM003695,Electric,Residential,PLACER,Active,R-RES-TOU
ACCT003696,CUST003696,PREM003696,Electric,Residential,SAN LUIS OBISPO,Active,R-RES-TOU
ACCT003697,CUST003697,PREM003697,Electric,Agriculture And Water Pumping,KINGS,Inactive,R-AGR-PUMP
ACCT003698,CUST003698,PREM003698,Electric,Residential,NEVADA,Active,R-RES-TOU
ACCT003699,CUST003699,PREM003699,Electric,Industrial,KERN,Active,R-IND-GEN
ACCT003700,CUST003700,PREM003700,Electric,Residential,SAN FRANCISCO,Active,R-RES-TOU
ACCT003701,CUST003701,PREM003701,Electric,Residential,MENDOCINO,Inactive,R-RES-TOU
ACCT003702,CUST003702,PREM003702,Electric,Residential,SAN JOAQUIN,Active,R-RES-TOU
ACCT003703,CUST003703,PREM003703,Electric,Residential,ALAMEDA,Active,R-RES-TOU
ACCT003704,CUST003704,PREM003704,Electric,Commercial,ALAMEDA,Active,R-COM-GEN
ACCT003705,CUST003705,PREM003705,Electric,Industrial,ALAMEDA,Active,R-IND-GEN
ACCT003706,CUST003706,PREM003706,Electric,Commercial,KERN,Active,R-COM-GEN
ACCT003707,CUST003707,PREM003707,Electric,Residential,SOLANO,Active,R-RES-TOU
ACCT003708,CUST003708,PREM003708,Electric,Residential,KERN,Active,R-RES-TOU
ACCT003709,CUST003709,PREM003709,Electric,Residential,CONTRA COSTA,Inactive,R-RES-TOU
ACCT003710,CUST003710,PREM003710,Electric,Agriculture And Water Pumping,SOLANO,Active,R-AGR-PUMP
ACCT003711,CUST003711,PREM003711,Electric,Residential,SAN JOAQUIN,Active,R-RES-TOU
ACCT003712,CUST003712,PREM003712,Electric,Residential,ALAMEDA,Active,R-RES-TOU
ACCT003713,CUST003713,PREM003713,Electric,Residential,FRESNO,Active,R-RES-TOU
ACCT003714,CUST003714,PREM003714,Electric,Residential,KERN,Active,R-RES-TOU
ACCT003715,CUST003715,PREM003715,Electric,Mining,SONOMA,Active,R-MIN-GEN
ACCT003716,CUST003716,PREM003716,Electric,Residential,SAN JOAQUIN,Active,R-RES-TOU
ACCT003717,CUST003717,PREM003717,Electric,Residential,PLACER,Active,R-RES-TOU
ACCT003718,CUST003718,PREM003718,Electric,Residential,FRESNO,Active,R-RES-TOU
ACCT003719,CUST003719,PREM003719,Electric,Residential,MONTEREY,Active,R-RES-TOU
ACCT003720,CUST003720,PREM003720,Electric,Residential,KERN,Active,R-RES-TOU
ACCT003721,CUST003721,PREM003721,Electric,Residential,ALAMEDA,Active,R-RES-TOU
ACCT003722,CUST003722,PREM003722,Electric,Commercial,MADERA,Active,R-COM-GEN
ACCT003723,CUST003723,PREM003723,Electric,Industrial,SANTA CLARA,Active,R-IND-GEN
ACCT003724,CUST003724,PREM003724,Electric,Residential,KERN,Active,R-RES-TOU
ACCT003725,CUST003725,PREM003725,Electric,Residential,MONTEREY,Inactive,R-RES-TOU
ACCT003726,CUST003726,PREM003726,Electric,Industrial,SOLANO,Inactive,R-IND-GEN
ACCT003727,CUST003727,PREM003727,Electric,Residential,KERN,Pending Close,R-RES-TOU
ACCT003728,CUST003728,PREM003728,Electric,Residential,SANTA CLARA,Active,R-RES-TOU
ACCT003729,CUST003729,PREM003729,Electric,Residential,SAN MATEO,Active,R-RES-TOU
ACCT003730,CUST003730,PREM003730,Electric,Residential,ALAMEDA,Active,R-RES-TOU
ACCT003731,CUST003731,PREM003731,Electric,Residential,SANTA CLARA,Active,R-RES-TOU
ACCT003732,CUST003732,PREM003732,Electric,Agriculture And Water Pumping,SOLANO,Active,R-AGR-PUMP
ACCT003733,CUST003733,PREM003733,Electric,Residential,ALAMEDA,Inactive,R-RES-TOU
ACCT003734,CUST003734,PREM003734,Electric,Residential,KERN,Active,R-RES-TOU
ACCT003735,CUST003735,PREM003735,Electric,Residential,KERN,Active,R-RES-TOU
ACCT003736,CUST003736,PREM003736,Electric,Residential,SHASTA,Active,R-RES-TOU
ACCT003737,CUST003737,PREM003737,Electric,Residential,KERN,Active,R-RES-TOU
ACCT003738,CUST003738,PREM003738,Electric,Residential,SANTA CLARA,Active,R-RES-TOU
ACCT003739,CUST003739,PREM003739,Electric,Residential,SANTA CLARA,Active,R-RES-TOU
ACCT003740,CUST003740,PREM003740,Electric,Residential,NEVADA,Active,R-RES-TOU
ACCT003741,CUST003741,PREM003741,Electric,Commercial,SAN LUIS OBISPO,Active,R-COM-GEN
ACCT003742,CUST003742,PREM003742,Electric,Commercial,KERN,Active,R-COM-GEN
ACCT003743,CUST003743,PREM003743,Electric,Residential,KERN,Active,R-RES-TOU
ACCT003744,CUST003744,PREM003744,Electric,Residential,CONTRA COSTA,Active,R-RES-TOU
ACCT003745,CUST003745,PREM003745,Electric,Residential,PLACER,Active,R-RES-TOU
ACCT003746,CUST003746,PREM003746,Electric,Residential,KERN,Active,R-RES-TOU
ACCT003747,CUST003747,PREM003747,Electric,Residential,SANTA CLARA,Pending Close,R-RES-TOU
ACCT003748,CUST003748,PREM003748,Electric,Residential,SANTA CLARA,Active,R-RES-TOU
ACCT003749,CUST003749,PREM003749,Electric,Residential,SANTA CLARA,Active,R-RES-TOU
ACCT003750,CUST003750,PREM003750,Electric,Commercial,SANTA CLARA,Active,R-COM-GEN
ACCT003751,CUST003751,PREM003751,Electric,Commercial,EL DORADO,Active,R-COM-GEN
ACCT003752,CUST003752,PREM003752,Electric,Commercial,SANTA CLARA,Active,R-COM-GEN
ACCT003753,CUST003753,PREM003753,Electric,Residential,ALAMEDA,Active,R-RES-TOU
ACCT003754,CUST003754,PREM003754,Electric,Residential,SANTA CLARA,Active,R-RES-TOU
ACCT003755,CUST003755,PREM003755,Electric,Residential,LAKE,Active,R-RES-TOU
ACCT003756,CUST003756,PREM003756,Electric,Residential,BUTTE,Active,R-RES-TOU
ACCT003757,CUST003757,PREM003757,Electric,Residential,SANTA CLARA,Active,R-RES-TOU
ACCT003758,CUST003758,PREM003758,Electric,Residential,ALAMEDA,Active,R-RES-TOU
ACCT003759,CUST003759,PREM003759,Electric,Residential,SANTA CLARA,Active,R-RES-TOU
ACCT003760,CUST003760,PREM003760,Electric,Commercial,KERN,Active,R-COM-GEN
ACCT003761,CUST003761,PREM003761,Electric,Residential,CONTRA COSTA,Active,R-RES-TOU
ACCT003762,CUST003762,PREM003762,Electric,Residential,FRESNO,Active,R-RES-TOU
ACCT003763,CUST003763,PREM003763,Electric,Residential,PLACER,Active,R-RES-TOU
ACCT003764,CUST003764,PREM003764,Electric,Residential,SONOMA,Inactive,R-RES-TOU
ACCT003765,CUST003765,PREM003765,Electric,Residential,SANTA CLARA,Active,R-RES-TOU
ACCT003766,CUST003766,PREM003766,Electric,Residential,SAN JOAQUIN,Active,R-RES-TOU
ACCT003767,CUST003767,PREM003767,Electric,Residential,MERCED,Active,R-RES-TOU
ACCT003768,CUST003768,PREM003768,Electric,Residential,SANTA CLARA,Active,R-RES-TOU
ACCT003769,CUST003769,PREM003769,Electric,Residential,KERN,Active,R-RES-TOU
ACCT003770,CUST003770,PREM003770,Electric,Residential,SANTA CLARA,Active,R-RES-TOU
ACCT003771,CUST003771,PREM003771,Electric,Residential,ALAMEDA,Active,R-RES-TOU
ACCT003772,CUST003772,PREM003772,Electric,Commercial,ALAMEDA,Active,R-COM-GEN
ACCT003773,CUST003773,PREM003773,Electric,Residential,SAN FRANCISCO,Active,R-RES-TOU
ACCT003774,CUST003774,PREM003774,Electric,Residential,KERN,Active,R-RES-TOU
ACCT003775,CUST003775,PREM003775,Electric,Residential,NAPA,Active,R-RES-TOU
ACCT003776,CUST003776,PREM003776,Electric,Industrial,SANTA CLARA,Active,R-IND-GEN
ACCT003777,CUST003777,PREM003777,Electric,Commercial,KINGS,Active,R-COM-GEN
ACCT003778,CUST003778,PREM003778,Electric,Residential,SANTA CLARA,Active,R-RES-TOU
ACCT003779,CUST003779,PREM003779,Electric,Residential,MERCED,Active,R-RES-TOU
ACCT003780,CUST003780,PREM003780,Electric,Commercial,SAN MATEO,Active,R-COM-GEN
ACCT003781,CUST003781,PREM003781,Electric,Residential,SANTA CLARA,Pending Close,R-RES-TOU
ACCT003782,CUST003782,PREM003782,Electric,Residential,BUTTE,Active,R-RES-TOU
ACCT003783,CUST003783,PREM003783,Electric,Residential,ALAMEDA,Active,R-RES-TOU
ACCT003784,CUST003784,PREM003784,Electric,Commercial,FRESNO,Active,R-COM-GEN
ACCT003785,CUST003785,PREM003785,Electric,Commercial,SAN FRANCISCO,Active,R-COM-GEN
ACCT003786,CUST003786,PREM003786,Electric,Residential,KERN,Active,R-RES-TOU
ACCT003787,CUST003787,PREM003787,Electric,Residential,KERN,Active,R-RES-TOU
ACCT003788,CUST003788,PREM003788,Electric,Residential,SOLANO,Active,R-RES-TOU
ACCT003789,CUST003789,PREM003789,Electric,Residential,SANTA CLARA,Active,R-RES-TOU
ACCT003790,CUST003790,PREM003790,Electric,"Transportation, Communications, & Utilities",FRESNO,Active,R-TCU-GEN
ACCT003791,CUST003791,PREM003791,Electric,Residential,SONOMA,Active,R-RES-TOU
ACCT003792,CUST003792,PREM003792,Electric,Residential,CONTRA COSTA,Active,R-RES-TOU
ACCT003793,CUST003793,PREM003793,Electric,Residential,SANTA CLARA,Active,R-RES-TOU
ACCT003794,CUST003794,PREM003794,Electric,Residential,FRESNO,Active,R-RES-TOU
ACCT003795,CUST003795,PREM003795,Electric,Residential,KERN,Active,R-RES-TOU
ACCT003796,CUST003796,PREM003796,Electric,Residential,KERN,Active,R-RES-TOU
ACCT003797,CUST003797,PREM003797,Electric,Residential,SANTA CLARA,Inactive,R-RES-TOU
ACCT003798,CUST003798,PREM003798,Electric,Residential,KERN,Active,R-RES-TOU
ACCT003799,CUST003799,PREM003799,Electric,Residential,SANTA CLARA,Active,R-RES-TOU
ACCT003800,CUST003800,PREM003800,Electric,Residential,KERN,Active,R-RES-TOU
ACCT003801,CUST003801,PREM003801,Electric,Residential,MADERA,Active,R-RES-TOU
ACCT003802,CUST003802,PREM003802,Electric,Industrial,ALAMEDA,Active,R-IND-GEN
ACCT003803,CUST003803,PREM003803,Electric,Commercial,KERN,Inactive,R-COM-GEN
ACCT003804,CUST003804,PREM003804,Electric,"Transportation, Communications, & Utilities",SHASTA,Active,R-TCU-GEN
ACCT003805,CUST003805,PREM003805,Electric,Residential,FRESNO,Active,R-RES-TOU
ACCT003806,CUST003806,PREM003806,Electric,Agriculture And Water Pumping,SAN JOAQUIN,Active,R-AGR-PUMP
ACCT003807,CUST003807,PREM003807,Electric,Residential,KERN,Active,R-RES-TOU
ACCT003808,CUST003808,PREM003808,Electric,Residential,MERCED,Active,R-RES-TOU
ACCT003809,CUST003809,PREM003809,Electric,Residential,CONTRA COSTA,Active,R-RES-TOU
ACCT003810,CUST003810,PREM003810,Electric,Residential,SANTA CLARA,Active,R-RES-TOU
ACCT003811,CUST003811,PREM003811,Electric,Residential,SANTA CLARA,Active,R-RES-TOU
ACCT003812,CUST003812,PREM003812,Electric,Residential,KERN,Active,R-RES-TOU
ACCT003813,CUST003813,PREM003813,Electric,Residential,SAN JOAQUIN,Active,R-RES-TOU
ACCT003814,CUST003814,PREM003814,Electric,Residential,SAN MATEO,Active,R-RES-TOU
ACCT003815,CUST003815,PREM003815,Electric,Residential,FRESNO,Active,R-RES-TOU
ACCT003816,CUST003816,PREM003816,Electric,Residential,FRESNO,Active,R-RES-TOU
ACCT003817,CUST003817,PREM003817,Electric,Residential,NEVADA,Active,R-RES-TOU
ACCT003818,CUST003818,PREM003818,Electric,Commercial,SAN MATEO,Active,R-COM-GEN
ACCT003819,CUST003819,PREM003819,Electric,Commercial,SAN FRANCISCO,Active,R-COM-GEN
ACCT003820,CUST003820,PREM003820,Electric,Residential,SAN MATEO,Active,R-RES-TOU
ACCT003821,CUST003821,PREM003821,Electric,Residential,SANTA CLARA,Active,R-RES-TOU
ACCT003822,CUST003822,PREM003822,Electric,Residential,SHASTA,Active,R-RES-TOU
ACCT003823,CUST003823,PREM003823,Electric,Commercial,SANTA CLARA,Inactive,R-COM-GEN
ACCT003824,CUST003824,PREM003824,Electric,Residential,CONTRA COSTA,Active,R-RES-TOU
ACCT003825,CUST003825,PREM003825,Electric,Residential,MONTEREY,Active,R-RES-TOU
ACCT003826,CUST003826,PREM003826,Electric,Residential,ALAMEDA,Active,R-RES-TOU
ACCT003827,CUST003827,PREM003827,Electric,Residential,SANTA BARBARA,Active,R-RES-TOU
ACCT003828,CUST003828,PREM003828,Electric,Residential,ALAMEDA,Active,R-RES-TOU
ACCT003829,CUST003829,PREM003829,Electric,Commercial,KERN,Active,R-COM-GEN
ACCT003830,CUST003830,PREM003830,Electric,Residential,ALAMEDA,Active,R-RES-TOU
ACCT003831,CUST003831,PREM003831,Electric,Residential,SAN MATEO,Active,R-RES-TOU
ACCT003832,CUST003832,PREM003832,Electric,Commercial,KERN,Active,R-COM-GEN
ACCT003833,CUST003833,PREM003833,Electric,Commercial,FRESNO,Active,R-COM-GEN
ACCT003834,CUST003834,PREM003834,Electric,Residential,KERN,Pending Close,R-RES-TOU
ACCT003835,CUST003835,PREM003835,Electric,Residential,SUTTER,Active,R-RES-TOU
ACCT003836,CUST003836,PREM003836,Electric,Residential,CONTRA COSTA,Active,R-RES-TOU
ACCT003837,CUST003837,PREM003837,Electric,Industrial,KERN,Inactive,R-IND-GEN
ACCT003838,CUST003838,PREM003838,Electric,Residential,SAN FRANCISCO,Active,R-RES-TOU
ACCT003839,CUST003839,PREM003839,Electric,Industrial,YOLO,Active,R-IND-GEN
ACCT003840,CUST003840,PREM003840,Electric,Residential,CONTRA COSTA,Active,R-RES-TOU
ACCT003841,CUST003841,PREM003841,Electric,Residential,SAN FRANCISCO,Active,R-RES-TOU
ACCT003842,CUST003842,PREM003842,Electric,Residential,BUTTE,Active,R-RES-TOU
ACCT003843,CUST003843,PREM003843,Electric,Residential,ALAMEDA,Active,R-RES-TOU
ACCT003844,CUST003844,PREM003844,Electric,Residential,MONTEREY,Active,R-RES-TOU
ACCT003845,CUST003845,PREM003845,Electric,Residential,CONTRA COSTA,Active,R-RES-TOU
ACCT003846,CUST003846,PREM003846,Electric,Residential,SOLANO,Active,R-RES-TOU
ACCT003847,CUST003847,PREM003847,Electric,Agriculture And Water Pumping,TUOLUMNE,Active,R-AGR-PUMP
ACCT003848,CUST003848,PREM003848,Electric,Residential,FRESNO,Active,R-RES-TOU
ACCT003849,CUST003849,PREM003849,Electric,Residential,KERN,Active,R-RES-TOU
ACCT003850,CUST003850,PREM003850,Electric,Residential,CONTRA COSTA,Active,R-RES-TOU
ACCT003851,CUST003851,PREM003851,Electric,Residential,YOLO,Active,R-RES-TOU
ACCT003852,CUST003852,PREM003852,Electric,Residential,KERN,Active,R-RES-TOU
ACCT003853,CUST003853,PREM003853,Electric,Residential,CONTRA COSTA,Pending Close,R-RES-TOU
ACCT003854,CUST003854,PREM003854,Electric,Industrial,FRESNO,Active,R-IND-GEN
ACCT003855,CUST003855,PREM003855,Electric,Residential,KERN,Active,R-RES-TOU
ACCT003856,CUST003856,PREM003856,Electric,Residential,SANTA CLARA,Active,R-RES-TOU
ACCT003857,CUST003857,PREM003857,Electric,Residential,SANTA CLARA,Active,R-RES-TOU
ACCT003858,CUST003858,PREM003858,Electric,Residential,CONTRA COSTA,Active,R-RES-TOU
ACCT003859,CUST003859,PREM003859,Electric,Residential,SAN FRANCISCO,Active,R-RES-TOU
ACCT003860,CUST003860,PREM003860,Electric,Commercial,SANTA CRUZ,Active,R-COM-GEN
ACCT003861,CUST003861,PREM003861,Electric,Commercial,KERN,Active,R-COM-GEN
ACCT003862,CUST003862,PREM003862,Electric,Residential,SAN JOAQUIN,Active,R-RES-TOU
ACCT003863,CUST003863,PREM003863,Electric,Residential,BUTTE,Active,R-RES-TOU
ACCT003864,CUST003864,PREM003864,Electric,Residential,EL DORADO,Active,R-RES-TOU
ACCT003865,CUST003865,PREM003865,Electric,Residential,CONTRA COSTA,Active,R-RES-TOU
ACCT003866,CUST003866,PREM003866,Electric,Residential,FRESNO,Active,R-RES-TOU
ACCT003867,CUST003867,PREM003867,Electric,Residential,KERN,Active,R-RES-TOU
ACCT003868,CUST003868,PREM003868,Electric,Residential,SAN FRANCISCO,Active,R-RES-TOU
ACCT003869,CUST003869,PREM003869,Electric,Residential,SANTA BARBARA,Active,R-RES-TOU
ACCT003870,CUST003870,PREM003870,Electric,Residential,SAN MATEO,Active,R-RES-TOU
ACCT003871,CUST003871,PREM003871,Electric,Residential,YOLO,Active,R-RES-TOU
ACCT003872,CUST003872,PREM003872,Electric,Residential,SANTA CLARA,Active,R-RES-TOU
ACCT003873,CUST003873,PREM003873,Electric,Residential,FRESNO,Active,R-RES-TOU
ACCT003874,CUST003874,PREM003874,Electric,Commercial,CONTRA COSTA,Active,R-COM-GEN
ACCT003875,CUST003875,PREM003875,Electric,Residential,YOLO,Active,R-RES-TOU
ACCT003876,CUST003876,PREM003876,Electric,Residential,SANTA CLARA,Active,R-RES-TOU
ACCT003877,CUST003877,PREM003877,Electric,Residential,SANTA CLARA,Active,R-RES-TOU
ACCT003878,CUST003878,PREM003878,Electric,Commercial,SAN MATEO,Active,R-COM-GEN
ACCT003879,CUST003879,PREM003879,Electric,Residential,MARIN,Active,R-RES-TOU
ACCT003880,CUST003880,PREM003880,Electric,Residential,SANTA CLARA,Inactive,R-RES-TOU
ACCT003881,CUST003881,PREM003881,Electric,Residential,SAN FRANCISCO,Active,R-RES-TOU
ACCT003882,CUST003882,PREM003882,Electric,Residential,KERN,Active,R-RES-TOU
ACCT003883,CUST003883,PREM003883,Electric,Agriculture And Water Pumping,CONTRA COSTA,Active,R-AGR-PUMP
ACCT003884,CUST003884,PREM003884,Electric,Residential,ALAMEDA,Active,R-RES-TOU
ACCT003885,CUST003885,PREM003885,Electric,Commercial,SAN JOAQUIN,Active,R-COM-GEN
ACCT003886,CUST003886,PREM003886,Electric,Industrial,FRESNO,Active,R-IND-GEN
ACCT003887,CUST003887,PREM003887,Electric,Commercial,SOLANO,Active,R-COM-GEN
ACCT003888,CUST003888,PREM003888,Electric,Residential,FRESNO,Active,R-RES-TOU
ACCT003889,CUST003889,PREM003889,Electric,Residential,ALAMEDA,Active,R-RES-TOU
ACCT003890,CUST003890,PREM003890,Electric,Residential,SANTA CLARA,Active,R-RES-TOU
ACCT003891,CUST003891,PREM003891,Electric,Residential,ALAMEDA,Active,R-RES-TOU
ACCT003892,CUST003892,PREM003892,Electric,Residential,SAN JOAQUIN,Active,R-RES-TOU
ACCT003893,CUST003893,PREM003893,Electric,Residential,HUMBOLDT,Active,R-RES-TOU
ACCT003894,CUST003894,PREM003894,Electric,Residential,KERN,Active,R-RES-TOU
ACCT003895,CUST003895,PREM003895,Electric,Residential,CONTRA COSTA,Active,R-RES-TOU
ACCT003896,CUST003896,PREM003896,Electric,Commercial,SANTA CLARA,Active,R-COM-GEN
ACCT003897,CUST003897,PREM003897,Electric,Residential,ALAMEDA,Active,R-RES-TOU
ACCT003898,CUST003898,PREM003898,Electric,Commercial,SAN FRANCISCO,Active,R-COM-GEN
ACCT003899,CUST003899,PREM003899,Electric,Residential,GLENN,Inactive,R-RES-TOU
ACCT003900,CUST003900,PREM003900,Electric,Commercial,SUTTER,Active,R-COM-GEN
ACCT003901,CUST003901,PREM003901,Electric,Residential,SAN MATEO,Active,R-RES-TOU
ACCT003902,CUST003902,PREM003902,Electric,Residential,YOLO,Active,R-RES-TOU
ACCT003903,CUST003903,PREM003903,Electric,Commercial,MERCED,Active,R-COM-GEN
ACCT003904,CUST003904,PREM003904,Electric,Residential,MADERA,Active,R-RES-TOU
ACCT003905,CUST003905,PREM003905,Electric,Commercial,SAN LUIS OBISPO,Active,R-COM-GEN
ACCT003906,CUST003906,PREM003906,Electric,Residential,SANTA CRUZ,Active,R-RES-TOU
ACCT003907,CUST003907,PREM003907,Electric,Residential,SANTA BARBARA,Active,R-RES-TOU
ACCT003908,CUST003908,PREM003908,Electric,Residential,COLUSA,Active,R-RES-TOU
ACCT003909,CUST003909,PREM003909,Electric,Residential,SAN FRANCISCO,Active,R-RES-TOU
ACCT003910,CUST003910,PREM003910,Electric,Residential,SHASTA,Active,R-RES-TOU
ACCT003911,CUST003911,PREM003911,Electric,Residential,SOLANO,Active,R-RES-TOU
ACCT003912,CUST003912,PREM003912,Electric,Residential,MERCED,Active,R-RES-TOU
ACCT003913,CUST003913,PREM003913,Electric,Residential,MONTEREY,Active,R-RES-TOU
ACCT003914,CUST003914,PREM003914,Electric,"Transportation, Communications, & Utilities",SANTA CLARA,Active,R-TCU-GEN
ACCT003915,CUST003915,PREM003915,Electric,Agriculture And Water Pumping,SANTA CLARA,Active,R-AGR-PUMP
ACCT003916,CUST003916,PREM003916,Electric,Residential,KERN,Active,R-RES-TOU
ACCT003917,CUST003917,PREM003917,Electric,Residential,PLACER,Active,R-RES-TOU
ACCT003918,CUST003918,PREM003918,Electric,Residential,SAN JOAQUIN,Active,R-RES-TOU
ACCT003919,CUST003919,PREM003919,Electric,Residential,KERN,Active,R-RES-TOU
ACCT003920,CUST003920,PREM003920,Electric,Commercial,SAN FRANCISCO,Active,R-COM-GEN
ACCT003921,CUST003921,PREM003921,Electric,Industrial,PLACER,Active,R-IND-GEN
ACCT003922,CUST003922,PREM003922,Electric,Residential,CONTRA COSTA,Active,R-RES-TOU
ACCT003923,CUST003923,PREM003923,Electric,Residential,EL DORADO,Active,R-RES-TOU
ACCT003924,CUST003924,PREM003924,Electric,Residential,SAN JOAQUIN,Active,R-RES-TOU
ACCT003925,CUST003925,PREM003925,Electric,Mining,SANTA CLARA,Active,R-MIN-GEN
ACCT003926,CUST003926,PREM003926,Electric,Residential,SAN LUIS OBISPO,Active,R-RES-TOU
ACCT003927,CUST003927,PREM003927,Electric,Residential,SAN LUIS OBISPO,Active,R-RES-TOU
ACCT003928,CUST003928,PREM003928,Electric,Residential,SANTA CLARA,Active,R-RES-TOU
ACCT003929,CUST003929,PREM003929,Electric,Residential,SANTA CLARA,Active,R-RES-TOU
ACCT003930,CUST003930,PREM003930,Electric,Residential,HUMBOLDT,Active,R-RES-TOU
ACCT003931,CUST003931,PREM003931,Electric,Industrial,KERN,Active,R-IND-GEN
ACCT003932,CUST003932,PREM003932,Electric,Residential,SANTA CLARA,Active,R-RES-TOU
ACCT003933,CUST003933,PREM003933,Electric,Residential,SANTA CLARA,Active,R-RES-TOU
ACCT003934,CUST003934,PREM003934,Electric,Residential,FRESNO,Pending Close,R-RES-TOU
ACCT003935,CUST003935,PREM003935,Electric,Residential,EL DORADO,Active,R-RES-TOU
ACCT003936,CUST003936,PREM003936,Electric,Residential,SANTA BARBARA,Active,R-RES-TOU
ACCT003937,CUST003937,PREM003937,Electric,Residential,SANTA CLARA,Active,R-RES-TOU
ACCT003938,CUST003938,PREM003938,Electric,Residential,SONOMA,Active,R-RES-TOU
ACCT003939,CUST003939,PREM003939,Electric,Residential,KERN,Active,R-RES-TOU
ACCT003940,CUST003940,PREM003940,Electric,Residential,ALAMEDA,Active,R-RES-TOU
ACCT003941,CUST003941,PREM003941,Electric,Residential,KERN,Active,R-RES-TOU
ACCT003942,CUST003942,PREM003942,Electric,Commercial,KERN,Active,R-COM-GEN
ACCT003943,CUST003943,PREM003943,Electric,Residential,MONTEREY,Active,R-RES-TOU
ACCT003944,CUST003944,PREM003944,Electric,Residential,MENDOCINO,Active,R-RES-TOU
ACCT003945,CUST003945,PREM003945,Electric,Residential,ALAMEDA,Active,R-RES-TOU
ACCT003946,CUST003946,PREM003946,Electric,Residential,MONTEREY,Active,R-RES-TOU
ACCT003947,CUST003947,PREM003947,Electric,Residential,MERCED,Active,R-RES-TOU
ACCT003948,CUST003948,PREM003948,Electric,Residential,MENDOCINO,Active,R-RES-TOU
ACCT003949,CUST003949,PREM003949,Electric,Residential,ALAMEDA,Active,R-RES-TOU
ACCT003950,CUST003950,PREM003950,Electric,Residential,SAN FRANCISCO,Active,R-RES-TOU
ACCT003951,CUST003951,PREM003951,Electric,Residential,ALAMEDA,Pending Close,R-RES-TOU
ACCT003952,CUST003952,PREM003952,Electric,Commercial,SAN JOAQUIN,Active,R-COM-GEN
ACCT003953,CUST003953,PREM003953,Electric,Agriculture And Water Pumping,CONTRA COSTA,Inactive,R-AGR-PUMP
ACCT003954,CUST003954,PREM003954,Electric,Residential,SAN FRANCISCO,Active,R-RES-TOU
ACCT003955,CUST003955,PREM003955,Electric,Residential,SAN MATEO,Inactive,R-RES-TOU
ACCT003956,CUST003956,PREM003956,Electric,Commercial,ALAMEDA,Active,R-COM-GEN
ACCT003957,CUST003957,PREM003957,Electric,Industrial,SANTA BARBARA,Active,R-IND-GEN
ACCT003958,CUST003958,PREM003958,Electric,Residential,BUTTE,Active,R-RES-TOU
ACCT003959,CUST003959,PREM003959,Electric,Residential,EL DORADO,Active,R-RES-TOU
ACCT003960,CUST003960,PREM003960,Electric,Residential,BUTTE,Active,R-RES-TOU
ACCT003961,CUST003961,PREM003961,Electric,Residential,ALAMEDA,Active,R-RES-TOU
ACCT003962,CUST003962,PREM003962,Electric,Residential,PLACER,Active,R-RES-TOU
ACCT003963,CUST003963,PREM003963,Electric,Residential,KERN,Active,R-RES-TOU
ACCT003964,CUST003964,PREM003964,Electric,Residential,CONTRA COSTA,Active,R-RES-TOU
ACCT003965,CUST003965,PREM003965,Electric,Residential,SAN FRANCISCO,Active,R-RES-TOU
ACCT003966,CUST003966,PREM003966,Electric,Residential,FRESNO,Active,R-RES-TOU
ACCT003967,CUST003967,PREM003967,Electric,Residential,NEVADA,Inactive,R-RES-TOU
ACCT003968,CUST003968,PREM003968,Electric,Residential,SOLANO,Active,R-RES-TOU
ACCT003969,CUST003969,PREM003969,Electric,Residential,SAN FRANCISCO,Active,R-RES-TOU
ACCT003970,CUST003970,PREM003970,Electric,Residential,CONTRA COSTA,Active,R-RES-TOU
ACCT003971,CUST003971,PREM003971,Electric,Agriculture And Water Pumping,SANTA CLARA,Active,R-AGR-PUMP
ACCT003972,CUST003972,PREM003972,Electric,Residential,SAN LUIS OBISPO,Active,R-RES-TOU
ACCT003973,CUST003973,PREM003973,Electric,Residential,ALAMEDA,Active,R-RES-TOU
ACCT003974,CUST003974,PREM003974,Electric,Residential,SANTA CLARA,Active,R-RES-TOU
ACCT003975,CUST003975,PREM003975,Electric,Residential,KERN,Active,R-RES-TOU
ACCT003976,CUST003976,PREM003976,Electric,Commercial,SAN FRANCISCO,Active,R-COM-GEN
ACCT003977,CUST003977,PREM003977,Electric,Residential,ALAMEDA,Active,R-RES-TOU
ACCT003978,CUST003978,PREM003978,Electric,Residential,FRESNO,Active,R-RES-TOU
ACCT003979,CUST003979,PREM003979,Electric,Residential,SANTA BARBARA,Active,R-RES-TOU
ACCT003980,CUST003980,PREM003980,Electric,Residential,ALAMEDA,Active,R-RES-TOU
ACCT003981,CUST003981,PREM003981,Electric,Commercial,MADERA,Active,R-COM-GEN
ACCT003982,CUST003982,PREM003982,Electric,Commercial,SANTA BARBARA,Active,R-COM-GEN
ACCT003983,CUST003983,PREM003983,Electric,Residential,SANTA BARBARA,Active,R-RES-TOU
ACCT003984,CUST003984,PREM003984,Electric,Residential,SAN FRANCISCO,Active,R-RES-TOU
ACCT003985,CUST003985,PREM003985,Electric,Commercial,CONTRA COSTA,Inactive,R-COM-GEN
ACCT003986,CUST003986,PREM003986,Electric,Industrial,FRESNO,Active,R-IND-GEN
ACCT003987,CUST003987,PREM003987,Electric,Residential,MARIN,Active,R-RES-TOU
ACCT003988,CUST003988,PREM003988,Electric,Residential,SUTTER,Active,R-RES-TOU
ACCT003989,CUST003989,PREM003989,Electric,Residential,SAN JOAQUIN,Active,R-RES-TOU
ACCT003990,CUST003990,PREM003990,Electric,Commercial,NEVADA,Active,R-COM-GEN
ACCT003991,CUST003991,PREM003991,Electric,Residential,ALAMEDA,Active,R-RES-TOU
ACCT003992,CUST003992,PREM003992,Electric,Residential,SANTA CLARA,Active,R-RES-TOU
ACCT003993,CUST003993,PREM003993,Electric,Residential,SAN MATEO,Active,R-RES-TOU
ACCT003994,CUST003994,PREM003994,Electric,Residential,KERN,Active,R-RES-TOU
ACCT003995,CUST003995,PREM003995,Electric,Residential,ALAMEDA,Active,R-RES-TOU
ACCT003996,CUST003996,PREM003996,Electric,Residential,PLACER,Active,R-RES-TOU
ACCT003997,CUST003997,PREM003997,Electric,Residential,SANTA CLARA,Active,R-RES-TOU
ACCT003998,CUST003998,PREM003998,Electric,Residential,HUMBOLDT,Active,R-RES-TOU
ACCT003999,CUST003999,PREM003999,Electric,Residential,SANTA CLARA,Active,R-RES-TOU
ACCT004000,CUST004000,PREM004000,Electric,Residential,TUOLUMNE,Active,R-RES-TOU
ACCT004001,CUST004001,PREM004001,Electric,Residential,YOLO,Active,R-RES-TOU
ACCT004002,CUST004002,PREM004002,Electric,Commercial,PLACER,Active,R-COM-GEN
ACCT004003,CUST004003,PREM004003,Electric,Residential,SOLANO,Active,R-RES-TOU
ACCT004004,CUST004004,PREM004004,Electric,Residential,KERN,Active,R-RES-TOU
ACCT004005,CUST004005,PREM004005,Electric,Residential,COLUSA,Active,R-RES-TOU
ACCT004006,CUST004006,PREM004006,Electric,Residential,SAN MATEO,Active,R-RES-TOU
ACCT004007,CUST004007,PREM004007,Electric,Residential,ALAMEDA,Active,R-RES-TOU
ACCT004008,CUST004008,PREM004008,Electric,Residential,SAN FRANCISCO,Active,R-RES-TOU
ACCT004009,CUST004009,PREM004009,Electric,Residential,KERN,Active,R-RES-TOU
ACCT004010,CUST004010,PREM004010,Electric,Residential,SAN FRANCISCO,Pending Close,R-RES-TOU
ACCT004011,CUST004011,PREM004011,Electric,Residential,ALAMEDA,Active,R-RES-TOU
ACCT004012,CUST004012,PREM004012,Electric,Residential,SAN MATEO,Active,R-RES-TOU
ACCT004013,CUST004013,PREM004013,Electric,Residential,SANTA CLARA,Active,R-RES-TOU
ACCT004014,CUST004014,PREM004014,Electric,Residential,CONTRA COSTA,Active,R-RES-TOU
ACCT004015,CUST004015,PREM004015,Electric,Residential,ALAMEDA,Active,R-RES-TOU
ACCT004016,CUST004016,PREM004016,Electric,Residential,GLENN,Active,R-RES-TOU
ACCT004017,CUST004017,PREM004017,Electric,Commercial,SANTA CLARA,Inactive,R-COM-GEN
ACCT004018,CUST004018,PREM004018,Electric,Commercial,SAN JOAQUIN,Active,R-COM-GEN
ACCT004019,CUST004019,PREM004019,Electric,Residential,CONTRA COSTA,Inactive,R-RES-TOU
ACCT004020,CUST004020,PREM004020,Electric,Residential,FRESNO,Active,R-RES-TOU
ACCT004021,CUST004021,PREM004021,Electric,Residential,ALAMEDA,Active,R-RES-TOU
ACCT004022,CUST004022,PREM004022,Electric,Residential,MONTEREY,Active,R-RES-TOU
ACCT004023,CUST004023,PREM004023,Electric,Residential,KERN,Active,R-RES-TOU
ACCT004024,CUST004024,PREM004024,Electric,Commercial,ALAMEDA,Active,R-COM-GEN
ACCT004025,CUST004025,PREM004025,Electric,Residential,PLACER,Active,R-RES-TOU
ACCT004026,CUST004026,PREM004026,Electric,Commercial,KERN,Active,R-COM-GEN
ACCT004027,CUST004027,PREM004027,Electric,Residential,SAN FRANCISCO,Active,R-RES-TOU
ACCT004028,CUST004028,PREM004028,Electric,Residential,SANTA CLARA,Active,R-RES-TOU
ACCT004029,CUST004029,PREM004029,Electric,Residential,YUBA,Active,R-RES-TOU
ACCT004030,CUST004030,PREM004030,Electric,Residential,KERN,Active,R-RES-TOU
ACCT004031,CUST004031,PREM004031,Electric,Residential,SAN MATEO,Active,R-RES-TOU
ACCT004032,CUST004032,PREM004032,Electric,Residential,FRESNO,Active,R-RES-TOU
ACCT004033,CUST004033,PREM004033,Electric,Residential,SAN MATEO,Active,R-RES-TOU
ACCT004034,CUST004034,PREM004034,Electric,Mining,SAN JOAQUIN,Active,R-MIN-GEN
ACCT004035,CUST004035,PREM004035,Electric,Residential,KERN,Active,R-RES-TOU
ACCT004036,CUST004036,PREM004036,Electric,"Transportation, Communications, & Utilities",FRESNO,Active,R-TCU-GEN
ACCT004037,CUST004037,PREM004037,Electric,"Transportation, Communications, & Utilities",SANTA CLARA,Active,R-TCU-GEN
ACCT004038,CUST004038,PREM004038,Electric,Residential,SAN JOAQUIN,Active,R-RES-TOU
ACCT004039,CUST004039,PREM004039,Electric,Residential,SOLANO,Active,R-RES-TOU
ACCT004040,CUST004040,PREM004040,Electric,Residential,SANTA CLARA,Active,R-RES-TOU
ACCT004041,CUST004041,PREM004041,Electric,Commercial,SANTA CLARA,Active,R-COM-GEN
ACCT004042,CUST004042,PREM004042,Electric,Residential,ALAMEDA,Active,R-RES-TOU
ACCT004043,CUST004043,PREM004043,Electric,Residential,HUMBOLDT,Active,R-RES-TOU
ACCT004044,CUST004044,PREM004044,Electric,Residential,ALAMEDA,Active,R-RES-TOU
ACCT004045,CUST004045,PREM004045,Electric,Residential,KERN,Active,R-RES-TOU
ACCT004046,CUST004046,PREM004046,Electric,Residential,CONTRA COSTA,Active,R-RES-TOU
ACCT004047,CUST004047,PREM004047,Electric,Residential,KERN,Active,R-RES-TOU
ACCT004048,CUST004048,PREM004048,Electric,Residential,SAN FRANCISCO,Active,R-RES-TOU
ACCT004049,CUST004049,PREM004049,Electric,Commercial,NAPA,Active,R-COM-GEN
ACCT004050,CUST004050,PREM004050,Electric,Residential,PLACER,Active,R-RES-TOU
ACCT004051,CUST004051,PREM004051,Electric,Industrial,SAN JOAQUIN,Active,R-IND-GEN
ACCT004052,CUST004052,PREM004052,Electric,Residential,SAN FRANCISCO,Active,R-RES-TOU
ACCT004053,CUST004053,PREM004053,Electric,Commercial,CONTRA COSTA,Active,R-COM-GEN
ACCT004054,CUST004054,PREM004054,Electric,Residential,ALAMEDA,Active,R-RES-TOU
ACCT004055,CUST004055,PREM004055,Electric,Residential,SAN FRANCISCO,Active,R-RES-TOU
ACCT004056,CUST004056,PREM004056,Electric,Residential,NAPA,Active,R-RES-TOU
ACCT004057,CUST004057,PREM004057,Electric,Commercial,BUTTE,Active,R-COM-GEN
ACCT004058,CUST004058,PREM004058,Electric,Residential,SANTA CLARA,Active,R-RES-TOU
ACCT004059,CUST004059,PREM004059,Electric,Commercial,SANTA CLARA,Active,R-COM-GEN
ACCT004060,CUST004060,PREM004060,Electric,Mining,SANTA CLARA,Pending Close,R-MIN-GEN
ACCT004061,CUST004061,PREM004061,Electric,Residential,YOLO,Active,R-RES-TOU
ACCT004062,CUST004062,PREM004062,Electric,Residential,BUTTE,Inactive,R-RES-TOU
ACCT004063,CUST004063,PREM004063,Electric,Residential,MERCED,Active,R-RES-TOU
ACCT004064,CUST004064,PREM004064,Electric,Residential,KERN,Active,R-RES-TOU
ACCT004065,CUST004065,PREM004065,Electric,Commercial,KERN,Active,R-COM-GEN
ACCT004066,CUST004066,PREM004066,Electric,Residential,KERN,Active,R-RES-TOU
ACCT004067,CUST004067,PREM004067,Electric,Residential,ALAMEDA,Inactive,R-RES-TOU
ACCT004068,CUST004068,PREM004068,Electric,"Transportation, Communications, & Utilities",KERN,Active,R-TCU-GEN
ACCT004069,CUST004069,PREM004069,Electric,Residential,CONTRA COSTA,Active,R-RES-TOU
ACCT004070,CUST004070,PREM004070,Electric,Commercial,SANTA CLARA,Active,R-COM-GEN
ACCT004071,CUST004071,PREM004071,Electric,Residential,SONOMA,Active,R-RES-TOU
ACCT004072,CUST004072,PREM004072,Electric,Residential,MADERA,Active,R-RES-TOU
ACCT004073,CUST004073,PREM004073,Electric,Residential,KERN,Active,R-RES-TOU
ACCT004074,CUST004074,PREM004074,Electric,Residential,PLACER,Active,R-RES-TOU
ACCT004075,CUST004075,PREM004075,Electric,Residential,MARIN,Active,R-RES-TOU
ACCT004076,CUST004076,PREM004076,Electric,Residential,SOLANO,Active,R-RES-TOU
ACCT004077,CUST004077,PREM004077,Electric,Residential,MERCED,Active,R-RES-TOU
ACCT004078,CUST004078,PREM004078,Electric,Residential,MADERA,Active,R-RES-TOU
ACCT004079,CUST004079,PREM004079,Electric,Residential,FRESNO,Active,R-RES-TOU
ACCT004080,CUST004080,PREM004080,Electric,Residential,SANTA CLARA,Active,R-RES-TOU
ACCT004081,CUST004081,PREM004081,Electric,Residential,SAN MATEO,Active,R-RES-TOU
ACCT004082,CUST004082,PREM004082,Electric,Residential,KERN,Active,R-RES-TOU
ACCT004083,CUST004083,PREM004083,Electric,Residential,ALAMEDA,Inactive,R-RES-TOU
ACCT004084,CUST004084,PREM004084,Electric,Residential,MADERA,Active,R-RES-TOU
ACCT004085,CUST004085,PREM004085,Electric,Residential,ALAMEDA,Active,R-RES-TOU
ACCT004086,CUST004086,PREM004086,Electric,Residential,SANTA CLARA,Active,R-RES-TOU
ACCT004087,CUST004087,PREM004087,Electric,Residential,KERN,Active,R-RES-TOU
ACCT004088,CUST004088,PREM004088,Electric,Residential,HUMBOLDT,Active,R-RES-TOU
ACCT004089,CUST004089,PREM004089,Electric,Commercial,SANTA CLARA,Active,R-COM-GEN
ACCT004090,CUST004090,PREM004090,Electric,Residential,EL DORADO,Active,R-RES-TOU
ACCT004091,CUST004091,PREM004091,Electric,Residential,KERN,Inactive,R-RES-TOU
ACCT004092,CUST004092,PREM004092,Electric,Residential,CONTRA COSTA,Active,R-RES-TOU
ACCT004093,CUST004093,PREM004093,Electric,Residential,KERN,Active,R-RES-TOU
ACCT004094,CUST004094,PREM004094,Electric,Industrial,FRESNO,Inactive,R-IND-GEN
ACCT004095,CUST004095,PREM004095,Electric,Residential,KERN,Active,R-RES-TOU
ACCT004096,CUST004096,PREM004096,Electric,Residential,MONTEREY,Active,R-RES-TOU
ACCT004097,CUST004097,PREM004097,Electric,Residential,ALAMEDA,Active,R-RES-TOU
ACCT004098,CUST004098,PREM004098,Electric,Residential,SANTA CLARA,Inactive,R-RES-TOU
ACCT004099,CUST004099,PREM004099,Electric,Residential,AMADOR,Active,R-RES-TOU
ACCT004100,CUST004100,PREM004100,Electric,Residential,MARIN,Active,R-RES-TOU
ACCT004101,CUST004101,PREM004101,Electric,Residential,SAN FRANCISCO,Active,R-RES-TOU
ACCT004102,CUST004102,PREM004102,Electric,Residential,MERCED,Active,R-RES-TOU
ACCT004103,CUST004103,PREM004103,Electric,Residential,ALAMEDA,Active,R-RES-TOU
ACCT004104,CUST004104,PREM004104,Electric,Residential,FRESNO,Active,R-RES-TOU
ACCT004105,CUST004105,PREM004105,Electric,Residential,SANTA CLARA,Active,R-RES-TOU
ACCT004106,CUST004106,PREM004106,Electric,Residential,ALAMEDA,Active,R-RES-TOU
ACCT004107,CUST004107,PREM004107,Electric,Agriculture And Water Pumping,SANTA CLARA,Active,R-AGR-PUMP
ACCT004108,CUST004108,PREM004108,Electric,Residential,SAN JOAQUIN,Active,R-RES-TOU
ACCT004109,CUST004109,PREM004109,Electric,Commercial,SANTA CLARA,Active,R-COM-GEN
ACCT004110,CUST004110,PREM004110,Electric,Residential,FRESNO,Active,R-RES-TOU
ACCT004111,CUST004111,PREM004111,Electric,Residential,SUTTER,Active,R-RES-TOU
ACCT004112,CUST004112,PREM004112,Electric,Residential,PLACER,Active,R-RES-TOU
ACCT004113,CUST004113,PREM004113,Electric,Residential,PLACER,Active,R-RES-TOU
ACCT004114,CUST004114,PREM004114,Electric,Residential,KERN,Active,R-RES-TOU
ACCT004115,CUST004115,PREM004115,Electric,Residential,ALAMEDA,Active,R-RES-TOU
ACCT004116,CUST004116,PREM004116,Electric,Residential,KERN,Active,R-RES-TOU
ACCT004117,CUST004117,PREM004117,Electric,Commercial,SAN LUIS OBISPO,Active,R-COM-GEN
ACCT004118,CUST004118,PREM004118,Electric,Residential,SHASTA,Active,R-RES-TOU
ACCT004119,CUST004119,PREM004119,Electric,Residential,AMADOR,Pending Close,R-RES-TOU
ACCT004120,CUST004120,PREM004120,Electric,Residential,MONTEREY,Active,R-RES-TOU
ACCT004121,CUST004121,PREM004121,Electric,Residential,SONOMA,Active,R-RES-TOU
ACCT004122,CUST004122,PREM004122,Electric,Residential,KERN,Active,R-RES-TOU
ACCT004123,CUST004123,PREM004123,Electric,Residential,FRESNO,Active,R-RES-TOU
ACCT004124,CUST004124,PREM004124,Electric,Commercial,SONOMA,Active,R-COM-GEN
ACCT004125,CUST004125,PREM004125,Electric,Residential,KERN,Active,R-RES-TOU
ACCT004126,CUST004126,PREM004126,Electric,Residential,KINGS,Active,R-RES-TOU
ACCT004127,CUST004127,PREM004127,Electric,Residential,KERN,Active,R-RES-TOU
ACCT004128,CUST004128,PREM004128,Electric,Industrial,SAN LUIS OBISPO,Active,R-IND-GEN
ACCT004129,CUST004129,PREM004129,Electric,Residential,FRESNO,Active,R-RES-TOU
ACCT004130,CUST004130,PREM004130,Electric,Residential,NAPA,Active,R-RES-TOU
ACCT004131,CUST004131,PREM004131,Electric,Residential,ALAMEDA,Active,R-RES-TOU
ACCT004132,CUST004132,PREM004132,Electric,Residential,SOLANO,Active,R-RES-TOU
ACCT004133,CUST004133,PREM004133,Electric,Residential,PLACER,Active,R-RES-TOU
ACCT004134,CUST004134,PREM004134,Electric,Residential,ALAMEDA,Active,R-RES-TOU
ACCT004135,CUST004135,PREM004135,Electric,Residential,MERCED,Active,R-RES-TOU
ACCT004136,CUST004136,PREM004136,Electric,Residential,SAN FRANCISCO,Active,R-RES-TOU
ACCT004137,CUST004137,PREM004137,Electric,Residential,FRESNO,Active,R-RES-TOU
ACCT004138,CUST004138,PREM004138,Electric,Residential,ALAMEDA,Active,R-RES-TOU
ACCT004139,CUST004139,PREM004139,Electric,Residential,KERN,Active,R-RES-TOU
ACCT004140,CUST004140,PREM004140,Electric,Residential,EL DORADO,Active,R-RES-TOU
ACCT004141,CUST004141,PREM004141,Electric,Residential,KERN,Active,R-RES-TOU
ACCT004142,CUST004142,PREM004142,Electric,Residential,SANTA CLARA,Active,R-RES-TOU
ACCT004143,CUST004143,PREM004143,Electric,Residential,KINGS,Active,R-RES-TOU
ACCT004144,CUST004144,PREM004144,Electric,Commercial,KERN,Active,R-COM-GEN
ACCT004145,CUST004145,PREM004145,Electric,Commercial,SOLANO,Active,R-COM-GEN
ACCT004146,CUST004146,PREM004146,Electric,Residential,KERN,Active,R-RES-TOU
ACCT004147,CUST004147,PREM004147,Electric,Residential,SAN MATEO,Active,R-RES-TOU
ACCT004148,CUST004148,PREM004148,Electric,Residential,KERN,Active,R-RES-TOU
ACCT004149,CUST004149,PREM004149,Electric,Residential,KERN,Active,R-RES-TOU
ACCT004150,CUST004150,PREM004150,Electric,Residential,SAN FRANCISCO,Active,R-RES-TOU
ACCT004151,CUST004151,PREM004151,Electric,Residential,SAN FRANCISCO,Active,R-RES-TOU
ACCT004152,CUST004152,PREM004152,Electric,Residential,KERN,Active,R-RES-TOU
ACCT004153,CUST004153,PREM004153,Electric,Residential,SANTA CLARA,Active,R-RES-TOU
ACCT004154,CUST004154,PREM004154,Electric,Residential,KERN,Active,R-RES-TOU
ACCT004155,CUST004155,PREM004155,Electric,Residential,SANTA CLARA,Active,R-RES-TOU
ACCT004156,CUST004156,PREM004156,Electric,Residential,SANTA CLARA,Active,R-RES-TOU
ACCT004157,CUST004157,PREM004157,Electric,Residential,TUOLUMNE,Active,R-RES-TOU
ACCT004158,CUST004158,PREM004158,Electric,Commercial,SAN LUIS OBISPO,Active,R-COM-GEN
ACCT004159,CUST004159,PREM004159,Electric,Agriculture And Water Pumping,FRESNO,Active,R-AGR-PUMP
ACCT004160,CUST004160,PREM004160,Electric,Residential,KERN,Active,R-RES-TOU
ACCT004161,CUST004161,PREM004161,Electric,Residential,CALAVERAS,Active,R-RES-TOU
ACCT004162,CUST004162,PREM004162,Electric,Residential,SANTA BARBARA,Active,R-RES-TOU
ACCT004163,CUST004163,PREM004163,Electric,Residential,MERCED,Active,R-RES-TOU
ACCT004164,CUST004164,PREM004164,Electric,Residential,SAN MATEO,Active,R-RES-TOU
ACCT004165,CUST004165,PREM004165,Electric,Residential,KINGS,Active,R-RES-TOU
ACCT004166,CUST004166,PREM004166,Electric,Residential,SAN JOAQUIN,Active,R-RES-TOU
ACCT004167,CUST004167,PREM004167,Electric,Residential,BUTTE,Active,R-RES-TOU
ACCT004168,CUST004168,PREM004168,Electric,Residential,SANTA CLARA,Active,R-RES-TOU
ACCT004169,CUST004169,PREM004169,Electric,Residential,ALAMEDA,Active,R-RES-TOU
ACCT004170,CUST004170,PREM004170,Electric,Residential,ALAMEDA,Active,R-RES-TOU
ACCT004171,CUST004171,PREM004171,Electric,Residential,ALAMEDA,Active,R-RES-TOU
ACCT004172,CUST004172,PREM004172,Electric,"Transportation, Communications, & Utilities",BUTTE,Active,R-TCU-GEN
ACCT004173,CUST004173,PREM004173,Electric,Residential,CONTRA COSTA,Active,R-RES-TOU
ACCT004174,CUST004174,PREM004174,Electric,Residential,GLENN,Active,R-RES-TOU
ACCT004175,CUST004175,PREM004175,Electric,Commercial,ALAMEDA,Active,R-COM-GEN
ACCT004176,CUST004176,PREM004176,Electric,Streetlighting,SANTA CLARA,Active,R-STLIGHT
ACCT004177,CUST004177,PREM004177,Electric,Residential,ALAMEDA,Active,R-RES-TOU
ACCT004178,CUST004178,PREM004178,Electric,Commercial,SAN JOAQUIN,Active,R-COM-GEN
ACCT004179,CUST004179,PREM004179,Electric,Residential,SAN FRANCISCO,Active,R-RES-TOU
ACCT004180,CUST004180,PREM004180,Electric,Residential,CONTRA COSTA,Active,R-RES-TOU
ACCT004181,CUST004181,PREM004181,Electric,Residential,KERN,Active,R-RES-TOU
ACCT004182,CUST004182,PREM004182,Electric,Residential,KERN,Active,R-RES-TOU
ACCT004183,CUST004183,PREM004183,Electric,Residential,SANTA CLARA,Active,R-RES-TOU
ACCT004184,CUST004184,PREM004184,Electric,Residential,FRESNO,Active,R-RES-TOU
ACCT004185,CUST004185,PREM004185,Electric,Residential,FRESNO,Active,R-RES-TOU
ACCT004186,CUST004186,PREM004186,Electric,Residential,FRESNO,Active,R-RES-TOU
ACCT004187,CUST004187,PREM004187,Electric,Residential,SOLANO,Active,R-RES-TOU
ACCT004188,CUST004188,PREM004188,Electric,Residential,CONTRA COSTA,Inactive,R-RES-TOU
ACCT004189,CUST004189,PREM004189,Electric,Residential,NAPA,Active,R-RES-TOU
ACCT004190,CUST004190,PREM004190,Electric,Residential,SAN JOAQUIN,Active,R-RES-TOU
ACCT004191,CUST004191,PREM004191,Electric,Residential,SONOMA,Active,R-RES-TOU
ACCT004192,CUST004192,PREM004192,Electric,Commercial,CONTRA COSTA,Active,R-COM-GEN
ACCT004193,CUST004193,PREM004193,Electric,Residential,TUOLUMNE,Active,R-RES-TOU
ACCT004194,CUST004194,PREM004194,Electric,Residential,SAN JOAQUIN,Active,R-RES-TOU
ACCT004195,CUST004195,PREM004195,Electric,Residential,SAN JOAQUIN,Active,R-RES-TOU
ACCT004196,CUST004196,PREM004196,Electric,Residential,SANTA CLARA,Active,R-RES-TOU
ACCT004197,CUST004197,PREM004197,Electric,Residential,SOLANO,Active,R-RES-TOU
ACCT004198,CUST004198,PREM004198,Electric,Residential,LAKE,Active,R-RES-TOU
ACCT004199,CUST004199,PREM004199,Electric,Residential,FRESNO,Active,R-RES-TOU
ACCT004200,CUST004200,PREM004200,Electric,Residential,SAN FRANCISCO,Active,R-RES-TOU
ACCT004201,CUST004201,PREM004201,Electric,Commercial,PLUMAS,Active,R-COM-GEN
ACCT004202,CUST004202,PREM004202,Electric,Residential,KERN,Active,R-RES-TOU
ACCT004203,CUST004203,PREM004203,Electric,Residential,SAN LUIS OBISPO,Active,R-RES-TOU
ACCT004204,CUST004204,PREM004204,Electric,Agriculture And Water Pumping,KERN,Active,R-AGR-PUMP
ACCT004205,CUST004205,PREM004205,Electric,Residential,TUOLUMNE,Active,R-RES-TOU
ACCT004206,CUST004206,PREM004206,Electric,Residential,GLENN,Active,R-RES-TOU
ACCT004207,CUST004207,PREM004207,Electric,Residential,KERN,Active,R-RES-TOU
ACCT004208,CUST004208,PREM004208,Electric,Residential,FRESNO,Active,R-RES-TOU
ACCT004209,CUST004209,PREM004209,Electric,Residential,MERCED,Active,R-RES-TOU
ACCT004210,CUST004210,PREM004210,Electric,Residential,SAN FRANCISCO,Active,R-RES-TOU
ACCT004211,CUST004211,PREM004211,Electric,Residential,CALAVERAS,Active,R-RES-TOU
ACCT004212,CUST004212,PREM004212,Electric,Residential,SUTTER,Inactive,R-RES-TOU
ACCT004213,CUST004213,PREM004213,Electric,Residential,CONTRA COSTA,Active,R-RES-TOU
ACCT004214,CUST004214,PREM004214,Electric,Residential,KERN,Active,R-RES-TOU
ACCT004215,CUST004215,PREM004215,Electric,Residential,CONTRA COSTA,Active,R-RES-TOU
ACCT004216,CUST004216,PREM004216,Electric,Commercial,ALAMEDA,Active,R-COM-GEN
ACCT004217,CUST004217,PREM004217,Electric,Residential,PLACER,Active,R-RES-TOU
ACCT004218,CUST004218,PREM004218,Electric,Residential,CALAVERAS,Active,R-RES-TOU
ACCT004219,CUST004219,PREM004219,Electric,Residential,SAN JOAQUIN,Active,R-RES-TOU
ACCT004220,CUST004220,PREM004220,Electric,Residential,SANTA CLARA,Active,R-RES-TOU
ACCT004221,CUST004221,PREM004221,Electric,Residential,SANTA CLARA,Active,R-RES-TOU
ACCT004222,CUST004222,PREM004222,Electric,Residential,NEVADA,Pending Close,R-RES-TOU
ACCT004223,CUST004223,PREM004223,Electric,Commercial,PLACER,Active,R-COM-GEN
ACCT004224,CUST004224,PREM004224,Electric,Commercial,ALAMEDA,Active,R-COM-GEN
ACCT004225,CUST004225,PREM004225,Electric,Residential,SONOMA,Active,R-RES-TOU
ACCT004226,CUST004226,PREM004226,Electric,Residential,MENDOCINO,Active,R-RES-TOU
ACCT004227,CUST004227,PREM004227,Electric,Residential,KERN,Active,R-RES-TOU
ACCT004228,CUST004228,PREM004228,Electric,Residential,SONOMA,Active,R-RES-TOU
ACCT004229,CUST004229,PREM004229,Electric,Residential,KERN,Active,R-RES-TOU
ACCT004230,CUST004230,PREM004230,Electric,Residential,SOLANO,Active,R-RES-TOU
ACCT004231,CUST004231,PREM004231,Electric,Residential,KERN,Active,R-RES-TOU
ACCT004232,CUST004232,PREM004232,Electric,Residential,SANTA CLARA,Active,R-RES-TOU
ACCT004233,CUST004233,PREM004233,Electric,Residential,MENDOCINO,Active,R-RES-TOU
ACCT004234,CUST004234,PREM004234,Electric,Commercial,KERN,Active,R-COM-GEN
ACCT004235,CUST004235,PREM004235,Electric,Residential,SOLANO,Active,R-RES-TOU
ACCT004236,CUST004236,PREM004236,Electric,Residential,SAN MATEO,Inactive,R-RES-TOU
ACCT004237,CUST004237,PREM004237,Electric,Residential,CONTRA COSTA,Active,R-RES-TOU
ACCT004238,CUST004238,PREM004238,Electric,Residential,SANTA CLARA,Active,R-RES-TOU
ACCT004239,CUST004239,PREM004239,Electric,Residential,KERN,Active,R-RES-TOU
ACCT004240,CUST004240,PREM004240,Electric,Residential,FRESNO,Active,R-RES-TOU
ACCT004241,CUST004241,PREM004241,Electric,Residential,SAN MATEO,Active,R-RES-TOU
ACCT004242,CUST004242,PREM004242,Electric,Residential,FRESNO,Active,R-RES-TOU
ACCT004243,CUST004243,PREM004243,Electric,Residential,FRESNO,Active,R-RES-TOU
ACCT004244,CUST004244,PREM004244,Electric,Residential,FRESNO,Active,R-RES-TOU
ACCT004245,CUST004245,PREM004245,Electric,Residential,KERN,Active,R-RES-TOU
ACCT004246,CUST004246,PREM004246,Electric,Industrial,YOLO,Active,R-IND-GEN
ACCT004247,CUST004247,PREM004247,Electric,Residential,KERN,Active,R-RES-TOU
ACCT004248,CUST004248,PREM004248,Electric,Residential,KERN,Active,R-RES-TOU
ACCT004249,CUST004249,PREM004249,Electric,Residential,SANTA CLARA,Active,R-RES-TOU
ACCT004250,CUST004250,PREM004250,Electric,Agriculture And Water Pumping,ALAMEDA,Pending Close,R-AGR-PUMP
ACCT004251,CUST004251,PREM004251,Electric,Residential,CONTRA COSTA,Active,R-RES-TOU
ACCT004252,CUST004252,PREM004252,Electric,Residential,SANTA BARBARA,Active,R-RES-TOU
ACCT004253,CUST004253,PREM004253,Electric,Residential,ALAMEDA,Active,R-RES-TOU
ACCT004254,CUST004254,PREM004254,Electric,Residential,ALAMEDA,Active,R-RES-TOU
ACCT004255,CUST004255,PREM004255,Electric,Residential,MERCED,Active,R-RES-TOU
ACCT004256,CUST004256,PREM004256,Electric,Residential,ALAMEDA,Active,R-RES-TOU
ACCT004257,CUST004257,PREM004257,Electric,Streetlighting,ALAMEDA,Active,R-STLIGHT
ACCT004258,CUST004258,PREM004258,Electric,Residential,SANTA CLARA,Inactive,R-RES-TOU
ACCT004259,CUST004259,PREM004259,Electric,Residential,MERCED,Active,R-RES-TOU
ACCT004260,CUST004260,PREM004260,Electric,Residential,SANTA CLARA,Active,R-RES-TOU
ACCT004261,CUST004261,PREM004261,Electric,Residential,KERN,Active,R-RES-TOU
ACCT004262,CUST004262,PREM004262,Electric,Commercial,KERN,Active,R-COM-GEN
ACCT004263,CUST004263,PREM004263,Electric,Residential,FRESNO,Active,R-RES-TOU
ACCT004264,CUST004264,PREM004264,Electric,Residential,SANTA BARBARA,Active,R-RES-TOU
ACCT004265,CUST004265,PREM004265,Electric,Residential,SAN JOAQUIN,Active,R-RES-TOU
ACCT004266,CUST004266,PREM004266,Electric,Residential,CONTRA COSTA,Active,R-RES-TOU
ACCT004267,CUST004267,PREM004267,Electric,Residential,ALAMEDA,Inactive,R-RES-TOU
ACCT004268,CUST004268,PREM004268,Electric,Residential,ALAMEDA,Active,R-RES-TOU
ACCT004269,CUST004269,PREM004269,Electric,Commercial,SANTA CLARA,Active,R-COM-GEN
ACCT004270,CUST004270,PREM004270,Electric,Industrial,ALAMEDA,Active,R-IND-GEN
ACCT004271,CUST004271,PREM004271,Electric,Residential,ALAMEDA,Active,R-RES-TOU
ACCT004272,CUST004272,PREM004272,Electric,Agriculture And Water Pumping,PLACER,Active,R-AGR-PUMP
ACCT004273,CUST004273,PREM004273,Electric,Residential,FRESNO,Active,R-RES-TOU
ACCT004274,CUST004274,PREM004274,Electric,Residential,MARIN,Active,R-RES-TOU
ACCT004275,CUST004275,PREM004275,Electric,Residential,FRESNO,Active,R-RES-TOU
ACCT004276,CUST004276,PREM004276,Electric,Residential,SAN MATEO,Active,R-RES-TOU
ACCT004277,CUST004277,PREM004277,Electric,Residential,ALAMEDA,Active,R-RES-TOU
ACCT004278,CUST004278,PREM004278,Electric,Residential,SAN FRANCISCO,Active,R-RES-TOU
ACCT004279,CUST004279,PREM004279,Electric,Residential,CONTRA COSTA,Active,R-RES-TOU
ACCT004280,CUST004280,PREM004280,Electric,Residential,SANTA CLARA,Active,R-RES-TOU
ACCT004281,CUST004281,PREM004281,Electric,Residential,KERN,Active,R-RES-TOU
ACCT004282,CUST004282,PREM004282,Electric,Residential,SUTTER,Active,R-RES-TOU
ACCT004283,CUST004283,PREM004283,Electric,Residential,FRESNO,Active,R-RES-TOU
ACCT004284,CUST004284,PREM004284,Electric,Residential,SANTA CLARA,Active,R-RES-TOU
ACCT004285,CUST004285,PREM004285,Electric,Residential,SAN JOAQUIN,Active,R-RES-TOU
ACCT004286,CUST004286,PREM004286,Electric,Residential,SOLANO,Active,R-RES-TOU
ACCT004287,CUST004287,PREM004287,Electric,Commercial,EL DORADO,Active,R-COM-GEN
ACCT004288,CUST004288,PREM004288,Electric,Residential,SAN JOAQUIN,Active,R-RES-TOU
ACCT004289,CUST004289,PREM004289,Electric,Residential,KERN,Active,R-RES-TOU
ACCT004290,CUST004290,PREM004290,Electric,Commercial,SANTA CLARA,Active,R-COM-GEN
ACCT004291,CUST004291,PREM004291,Electric,Residential,KERN,Active,R-RES-TOU
ACCT004292,CUST004292,PREM004292,Electric,Residential,SAN FRANCISCO,Active,R-RES-TOU
ACCT004293,CUST004293,PREM004293,Electric,Residential,PLACER,Active,R-RES-TOU
ACCT004294,CUST004294,PREM004294,Electric,Commercial,SAN FRANCISCO,Active,R-COM-GEN
ACCT004295,CUST004295,PREM004295,Electric,Residential,NAPA,Active,R-RES-TOU
ACCT004296,CUST004296,PREM004296,Electric,Residential,SONOMA,Active,R-RES-TOU
ACCT004297,CUST004297,PREM004297,Electric,Residential,MONTEREY,Active,R-RES-TOU
ACCT004298,CUST004298,PREM004298,Electric,Residential,SAN JOAQUIN,Active,R-RES-TOU
ACCT004299,CUST004299,PREM004299,Electric,Residential,SUTTER,Active,R-RES-TOU
ACCT004300,CUST004300,PREM004300,Electric,Residential,SANTA CLARA,Active,R-RES-TOU
ACCT004301,CUST004301,PREM004301,Electric,Residential,ALAMEDA,Active,R-RES-TOU
ACCT004302,CUST004302,PREM004302,Electric,Industrial,KERN,Active,R-IND-GEN
ACCT004303,CUST004303,PREM004303,Electric,Residential,SAN JOAQUIN,Active,R-RES-TOU
ACCT004304,CUST004304,PREM004304,Electric,Residential,KERN,Active,R-RES-TOU
ACCT004305,CUST004305,PREM004305,Electric,Commercial,SOLANO,Active,R-COM-GEN
ACCT004306,CUST004306,PREM004306,Electric,Residential,SANTA CLARA,Active,R-RES-TOU
ACCT004307,CUST004307,PREM004307,Electric,Residential,ALAMEDA,Active,R-RES-TOU
ACCT004308,CUST004308,PREM004308,Electric,Residential,SOLANO,Active,R-RES-TOU
ACCT004309,CUST004309,PREM004309,Electric,Commercial,SANTA CLARA,Active,R-COM-GEN
ACCT004310,CUST004310,PREM004310,Electric,Residential,SAN MATEO,Active,R-RES-TOU
ACCT004311,CUST004311,PREM004311,Electric,Residential,ALAMEDA,Active,R-RES-TOU
ACCT004312,CUST004312,PREM004312,Electric,Industrial,SAN MATEO,Active,R-IND-GEN
ACCT004313,CUST004313,PREM004313,Electric,Residential,FRESNO,Active,R-RES-TOU
ACCT004314,CUST004314,PREM004314,Electric,Commercial,SAN MATEO,Active,R-COM-GEN
ACCT004315,CUST004315,PREM004315,Electric,Agriculture And Water Pumping,SAN FRANCISCO,Active,R-AGR-PUMP
ACCT004316,CUST004316,PREM004316,Electric,Residential,SANTA CLARA,Active,R-RES-TOU
ACCT004317,CUST004317,PREM004317,Electric,Residential,SAN JOAQUIN,Active,R-RES-TOU
ACCT004318,CUST004318,PREM004318,Electric,Residential,MARIN,Active,R-RES-TOU
ACCT004319,CUST004319,PREM004319,Electric,Residential,SANTA BARBARA,Active,R-RES-TOU
ACCT004320,CUST004320,PREM004320,Electric,Residential,SOLANO,Active,R-RES-TOU
ACCT004321,CUST004321,PREM004321,Electric,Residential,SANTA CLARA,Active,R-RES-TOU
ACCT004322,CUST004322,PREM004322,Electric,Industrial,SONOMA,Active,R-IND-GEN
ACCT004323,CUST004323,PREM004323,Electric,Residential,EL DORADO,Active,R-RES-TOU
ACCT004324,CUST004324,PREM004324,Electric,Residential,KERN,Active,R-RES-TOU
ACCT004325,CUST004325,PREM004325,Electric,Commercial,SANTA CLARA,Pending Close,R-COM-GEN
ACCT004326,CUST004326,PREM004326,Electric,Agriculture And Water Pumping,SUTTER,Active,R-AGR-PUMP
ACCT004327,CUST004327,PREM004327,Electric,Residential,MADERA,Active,R-RES-TOU
ACCT004328,CUST004328,PREM004328,Electric,"Transportation, Communications, & Utilities",SANTA CLARA,Active,R-TCU-GEN
ACCT004329,CUST004329,PREM004329,Electric,Residential,SAN MATEO,Active,R-RES-TOU
ACCT004330,CUST004330,PREM004330,Electric,Commercial,SAN JOAQUIN,Active,R-COM-GEN
ACCT004331,CUST004331,PREM004331,Electric,Residential,FRESNO,Active,R-RES-TOU
ACCT004332,CUST004332,PREM004332,Electric,Residential,MERCED,Active,R-RES-TOU
ACCT004333,CUST004333,PREM004333,Electric,Residential,KERN,Active,R-RES-TOU
ACCT004334,CUST004334,PREM004334,Electric,Residential,FRESNO,Active,R-RES-TOU
ACCT004335,CUST004335,PREM004335,Electric,Residential,KERN,Active,R-RES-TOU
ACCT004336,CUST004336,PREM004336,Electric,Residential,SANTA CLARA,Inactive,R-RES-TOU
ACCT004337,CUST004337,PREM004337,Electric,Residential,SANTA BARBARA,Active,R-RES-TOU
ACCT004338,CUST004338,PREM004338,Electric,Commercial,HUMBOLDT,Pending Close,R-COM-GEN
ACCT004339,CUST004339,PREM004339,Electric,Residential,ALAMEDA,Active,R-RES-TOU
ACCT004340,CUST004340,PREM004340,Electric,Residential,KERN,Active,R-RES-TOU
ACCT004341,CUST004341,PREM004341,Electric,Residential,FRESNO,Active,R-RES-TOU
ACCT004342,CUST004342,PREM004342,Electric,Residential,SAN FRANCISCO,Active,R-RES-TOU
ACCT004343,CUST004343,PREM004343,Electric,Commercial,SAN JOAQUIN,Active,R-COM-GEN
ACCT004344,CUST004344,PREM004344,Electric,Commercial,MADERA,Inactive,R-COM-GEN
ACCT004345,CUST004345,PREM004345,Electric,Residential,CONTRA COSTA,Pending Close,R-RES-TOU
ACCT004346,CUST004346,PREM004346,Electric,Residential,YUBA,Active,R-RES-TOU
ACCT004347,CUST004347,PREM004347,Electric,Commercial,MADERA,Active,R-COM-GEN
ACCT004348,CUST004348,PREM004348,Electric,Residential,MONTEREY,Active,R-RES-TOU
ACCT004349,CUST004349,PREM004349,Electric,Commercial,SANTA BARBARA,Active,R-COM-GEN
ACCT004350,CUST004350,PREM004350,Electric,Residential,BUTTE,Active,R-RES-TOU
ACCT004351,CUST004351,PREM004351,Electric,Residential,SANTA CLARA,Active,R-RES-TOU
ACCT004352,CUST004352,PREM004352,Electric,Residential,SAN MATEO,Active,R-RES-TOU
ACCT004353,CUST004353,PREM004353,Electric,Residential,MONTEREY,Active,R-RES-TOU
ACCT004354,CUST004354,PREM004354,Electric,Agriculture And Water Pumping,SANTA CLARA,Active,R-AGR-PUMP
ACCT004355,CUST004355,PREM004355,Electric,Residential,SANTA CLARA,Active,R-RES-TOU
ACCT004356,CUST004356,PREM004356,Electric,Residential,MERCED,Active,R-RES-TOU
ACCT004357,CUST004357,PREM004357,Electric,Residential,SAN JOAQUIN,Pending Close,R-RES-TOU
ACCT004358,CUST004358,PREM004358,Electric,Residential,SANTA CLARA,Active,R-RES-TOU
ACCT004359,CUST004359,PREM004359,Electric,Residential,BUTTE,Active,R-RES-TOU
ACCT004360,CUST004360,PREM004360,Electric,Residential,FRESNO,Active,R-RES-TOU
ACCT004361,CUST004361,PREM004361,Electric,Residential,PLACER,Inactive,R-RES-TOU
ACCT004362,CUST004362,PREM004362,Electric,Residential,SAN JOAQUIN,Active,R-RES-TOU
ACCT004363,CUST004363,PREM004363,Electric,Residential,KERN,Active,R-RES-TOU
ACCT004364,CUST004364,PREM004364,Electric,Residential,SANTA CLARA,Active,R-RES-TOU
ACCT004365,CUST004365,PREM004365,Electric,Residential,ALAMEDA,Active,R-RES-TOU
ACCT004366,CUST004366,PREM004366,Electric,Residential,KERN,Active,R-RES-TOU
ACCT004367,CUST004367,PREM004367,Electric,Residential,PLACER,Pending Close,R-RES-TOU
ACCT004368,CUST004368,PREM004368,Electric,Residential,SAN JOAQUIN,Active,R-RES-TOU
ACCT004369,CUST004369,PREM004369,Electric,Residential,MERCED,Inactive,R-RES-TOU
ACCT004370,CUST004370,PREM004370,Electric,Residential,SAN FRANCISCO,Active,R-RES-TOU
ACCT004371,CUST004371,PREM004371,Electric,Residential,MERCED,Active,R-RES-TOU
ACCT004372,CUST004372,PREM004372,Electric,Residential,SANTA CLARA,Active,R-RES-TOU
ACCT004373,CUST004373,PREM004373,Electric,Residential,CONTRA COSTA,Active,R-RES-TOU
ACCT004374,CUST004374,PREM004374,Electric,Residential,MONTEREY,Active,R-RES-TOU
ACCT004375,CUST004375,PREM004375,Electric,Residential,GLENN,Active,R-RES-TOU
ACCT004376,CUST004376,PREM004376,Electric,Residential,ALAMEDA,Active,R-RES-TOU
ACCT004377,CUST004377,PREM004377,Electric,Residential,FRESNO,Active,R-RES-TOU
ACCT004378,CUST004378,PREM004378,Electric,Commercial,KERN,Active,R-COM-GEN
ACCT004379,CUST004379,PREM004379,Electric,Residential,MONTEREY,Active,R-RES-TOU
ACCT004380,CUST004380,PREM004380,Electric,Residential,ALAMEDA,Active,R-RES-TOU
ACCT004381,CUST004381,PREM004381,Electric,Residential,CONTRA COSTA,Active,R-RES-TOU
ACCT004382,CUST004382,PREM004382,Electric,Residential,ALAMEDA,Active,R-RES-TOU
ACCT004383,CUST004383,PREM004383,Electric,Residential,SAN FRANCISCO,Active,R-RES-TOU
ACCT004384,CUST004384,PREM004384,Electric,Residential,MARIN,Active,R-RES-TOU
ACCT004385,CUST004385,PREM004385,Electric,Commercial,PLACER,Active,R-COM-GEN
ACCT004386,CUST004386,PREM004386,Electric,Residential,MONTEREY,Active,R-RES-TOU
ACCT004387,CUST004387,PREM004387,Electric,Agriculture And Water Pumping,YOLO,Active,R-AGR-PUMP
ACCT004388,CUST004388,PREM004388,Electric,Residential,ALAMEDA,Active,R-RES-TOU
ACCT004389,CUST004389,PREM004389,Electric,Residential,KERN,Active,R-RES-TOU
ACCT004390,CUST004390,PREM004390,Electric,Residential,SAN FRANCISCO,Active,R-RES-TOU
ACCT004391,CUST004391,PREM004391,Electric,Residential,NAPA,Active,R-RES-TOU
ACCT004392,CUST004392,PREM004392,Electric,Residential,YUBA,Active,R-RES-TOU
ACCT004393,CUST004393,PREM004393,Electric,Residential,ALAMEDA,Active,R-RES-TOU
ACCT004394,CUST004394,PREM004394,Electric,Residential,SOLANO,Active,R-RES-TOU
ACCT004395,CUST004395,PREM004395,Electric,Industrial,MARIN,Active,R-IND-GEN
ACCT004396,CUST004396,PREM004396,Electric,Commercial,CONTRA COSTA,Active,R-COM-GEN
ACCT004397,CUST004397,PREM004397,Electric,Residential,CONTRA COSTA,Active,R-RES-TOU
ACCT004398,CUST004398,PREM004398,Electric,Residential,KERN,Active,R-RES-TOU
ACCT004399,CUST004399,PREM004399,Electric,Residential,KERN,Active,R-RES-TOU
ACCT004400,CUST004400,PREM004400,Electric,Residential,CONTRA COSTA,Active,R-RES-TOU
ACCT004401,CUST004401,PREM004401,Electric,Residential,FRESNO,Active,R-RES-TOU
ACCT004402,CUST004402,PREM004402,Electric,Residential,ALAMEDA,Active,R-RES-TOU
ACCT004403,CUST004403,PREM004403,Electric,Residential,SAN FRANCISCO,Active,R-RES-TOU
ACCT004404,CUST004404,PREM004404,Electric,Residential,ALAMEDA,Active,R-RES-TOU
ACCT004405,CUST004405,PREM004405,Electric,"Transportation, Communications, & Utilities",SANTA CLARA,Active,R-TCU-GEN
ACCT004406,CUST004406,PREM004406,Electric,Residential,KERN,Active,R-RES-TOU
ACCT004407,CUST004407,PREM004407,Electric,Industrial,ALAMEDA,Active,R-IND-GEN
ACCT004408,CUST004408,PREM004408,Electric,Residential,PLACER,Active,R-RES-TOU
ACCT004409,CUST004409,PREM004409,Electric,Residential,SANTA CLARA,Active,R-RES-TOU
ACCT004410,CUST004410,PREM004410,Electric,Residential,KERN,Active,R-RES-TOU
ACCT004411,CUST004411,PREM004411,Electric,Residential,SANTA CLARA,Active,R-RES-TOU
ACCT004412,CUST004412,PREM004412,Electric,Residential,FRESNO,Active,R-RES-TOU
ACCT004413,CUST004413,PREM004413,Electric,Residential,MADERA,Active,R-RES-TOU
ACCT004414,CUST004414,PREM004414,Electric,Residential,SANTA CLARA,Active,R-RES-TOU
ACCT004415,CUST004415,PREM004415,Electric,Residential,KERN,Active,R-RES-TOU
ACCT004416,CUST004416,PREM004416,Electric,Residential,CONTRA COSTA,Active,R-RES-TOU
ACCT004417,CUST004417,PREM004417,Electric,Residential,SAN LUIS OBISPO,Active,R-RES-TOU
ACCT004418,CUST004418,PREM004418,Electric,Residential,ALAMEDA,Active,R-RES-TOU
ACCT004419,CUST004419,PREM004419,Electric,Residential,PLACER,Inactive,R-RES-TOU
ACCT004420,CUST004420,PREM004420,Electric,Residential,PLACER,Active,R-RES-TOU
ACCT004421,CUST004421,PREM004421,Electric,Residential,YOLO,Inactive,R-RES-TOU
ACCT004422,CUST004422,PREM004422,Electric,Agriculture And Water Pumping,SAN FRANCISCO,Active,R-AGR-PUMP
ACCT004423,CUST004423,PREM004423,Electric,Residential,SAN FRANCISCO,Active,R-RES-TOU
ACCT004424,CUST004424,PREM004424,Electric,Residential,KERN,Active,R-RES-TOU
ACCT004425,CUST004425,PREM004425,Electric,Residential,NAPA,Active,R-RES-TOU
ACCT004426,CUST004426,PREM004426,Electric,Residential,MERCED,Active,R-RES-TOU
ACCT004427,CUST004427,PREM004427,Electric,Residential,ALAMEDA,Active,R-RES-TOU
ACCT004428,CUST004428,PREM004428,Electric,Residential,SAN JOAQUIN,Active,R-RES-TOU
ACCT004429,CUST004429,PREM004429,Electric,Residential,KERN,Active,R-RES-TOU
ACCT004430,CUST004430,PREM004430,Electric,Commercial,SAN JOAQUIN,Active,R-COM-GEN
ACCT004431,CUST004431,PREM004431,Electric,Residential,SAN JOAQUIN,Pending Close,R-RES-TOU
ACCT004432,CUST004432,PREM004432,Electric,Residential,SANTA CLARA,Active,R-RES-TOU
ACCT004433,CUST004433,PREM004433,Electric,Residential,FRESNO,Active,R-RES-TOU
ACCT004434,CUST004434,PREM004434,Electric,Commercial,ALAMEDA,Active,R-COM-GEN
ACCT004435,CUST004435,PREM004435,Electric,Residential,ALAMEDA,Active,R-RES-TOU
ACCT004436,CUST004436,PREM004436,Electric,Residential,ALAMEDA,Active,R-RES-TOU
ACCT004437,CUST004437,PREM004437,Electric,Residential,SOLANO,Active,R-RES-TOU
ACCT004438,CUST004438,PREM004438,Electric,Residential,SANTA CLARA,Active,R-RES-TOU
ACCT004439,CUST004439,PREM004439,Electric,Mining,CONTRA COSTA,Active,R-MIN-GEN
ACCT004440,CUST004440,PREM004440,Electric,Residential,FRESNO,Active,R-RES-TOU
ACCT004441,CUST004441,PREM004441,Electric,Commercial,SANTA CLARA,Active,R-COM-GEN
ACCT004442,CUST004442,PREM004442,Electric,Commercial,SANTA CLARA,Active,R-COM-GEN
ACCT004443,CUST004443,PREM004443,Electric,Residential,ALAMEDA,Active,R-RES-TOU
ACCT004444,CUST004444,PREM004444,Electric,Residential,MARIN,Active,R-RES-TOU
ACCT004445,CUST004445,PREM004445,Electric,Residential,KERN,Active,R-RES-TOU
ACCT004446,CUST004446,PREM004446,Electric,"Transportation, Communications, & Utilities",CONTRA COSTA,Active,R-TCU-GEN
ACCT004447,CUST004447,PREM004447,Electric,Residential,KINGS,Active,R-RES-TOU
ACCT004448,CUST004448,PREM004448,Electric,Commercial,FRESNO,Active,R-COM-GEN
ACCT004449,CUST004449,PREM004449,Electric,Residential,ALAMEDA,Active,R-RES-TOU
ACCT004450,CUST004450,PREM004450,Electric,Residential,ALAMEDA,Inactive,R-RES-TOU
ACCT004451,CUST004451,PREM004451,Electric,Residential,KERN,Active,R-RES-TOU
ACCT004452,CUST004452,PREM004452,Electric,Residential,SANTA CRUZ,Active,R-RES-TOU
ACCT004453,CUST004453,PREM004453,Electric,Commercial,SANTA CLARA,Active,R-COM-GEN
ACCT004454,CUST004454,PREM004454,Electric,Commercial,SANTA CLARA,Inactive,R-COM-GEN
ACCT004455,CUST004455,PREM004455,Electric,Commercial,BUTTE,Active,R-COM-GEN
ACCT004456,CUST004456,PREM004456,Electric,Residential,ALAMEDA,Active,R-RES-TOU
ACCT004457,CUST004457,PREM004457,Electric,Residential,MARIN,Active,R-RES-TOU
ACCT004458,CUST004458,PREM004458,Electric,Residential,MONTEREY,Active,R-RES-TOU
ACCT004459,CUST004459,PREM004459,Electric,Residential,FRESNO,Active,R-RES-TOU
ACCT004460,CUST004460,PREM004460,Electric,Residential,SAN MATEO,Active,R-RES-TOU
ACCT004461,CUST004461,PREM004461,Electric,Residential,FRESNO,Inactive,R-RES-TOU
ACCT004462,CUST004462,PREM004462,Electric,Residential,CONTRA COSTA,Active,R-RES-TOU
ACCT004463,CUST004463,PREM004463,Electric,Streetlighting,SOLANO,Active,R-STLIGHT
ACCT004464,CUST004464,PREM004464,Electric,Residential,KERN,Active,R-RES-TOU
ACCT004465,CUST004465,PREM004465,Electric,Residential,SAN JOAQUIN,Pending Close,R-RES-TOU
ACCT004466,CUST004466,PREM004466,Electric,Residential,NAPA,Active,R-RES-TOU
ACCT004467,CUST004467,PREM004467,Electric,Residential,YOLO,Active,R-RES-TOU
ACCT004468,CUST004468,PREM004468,Electric,Residential,CALAVERAS,Active,R-RES-TOU
ACCT004469,CUST004469,PREM004469,Electric,Industrial,KERN,Active,R-IND-GEN
ACCT004470,CUST004470,PREM004470,Electric,Commercial,SAN MATEO,Active,R-COM-GEN
ACCT004471,CUST004471,PREM004471,Electric,Commercial,KERN,Active,R-COM-GEN
ACCT004472,CUST004472,PREM004472,Electric,Mining,FRESNO,Pending Close,R-MIN-GEN
ACCT004473,CUST004473,PREM004473,Electric,Residential,SONOMA,Active,R-RES-TOU
ACCT004474,CUST004474,PREM004474,Electric,Residential,SANTA CLARA,Active,R-RES-TOU
ACCT004475,CUST004475,PREM004475,Electric,Residential,YOLO,Active,R-RES-TOU
ACCT004476,CUST004476,PREM004476,Electric,Residential,SAN JOAQUIN,Active,R-RES-TOU
ACCT004477,CUST004477,PREM004477,Electric,Residential,HUMBOLDT,Active,R-RES-TOU
ACCT004478,CUST004478,PREM004478,Electric,Residential,MONTEREY,Inactive,R-RES-TOU
ACCT004479,CUST004479,PREM004479,Electric,Residential,ALAMEDA,Active,R-RES-TOU
ACCT004480,CUST004480,PREM004480,Electric,Residential,SANTA CLARA,Active,R-RES-TOU
ACCT004481,CUST004481,PREM004481,Electric,Residential,SANTA CLARA,Active,R-RES-TOU
ACCT004482,CUST004482,PREM004482,Electric,Residential,ALAMEDA,Active,R-RES-TOU
ACCT004483,CUST004483,PREM004483,Electric,Residential,EL DORADO,Active,R-RES-TOU
ACCT004484,CUST004484,PREM004484,Electric,Residential,SAN JOAQUIN,Active,R-RES-TOU
ACCT004485,CUST004485,PREM004485,Electric,Residential,SONOMA,Active,R-RES-TOU
ACCT004486,CUST004486,PREM004486,Electric,Residential,SANTA CRUZ,Active,R-RES-TOU
ACCT004487,CUST004487,PREM004487,Electric,Residential,CONTRA COSTA,Active,R-RES-TOU
ACCT004488,CUST004488,PREM004488,Electric,Residential,SANTA CLARA,Active,R-RES-TOU
ACCT004489,CUST004489,PREM004489,Electric,Residential,SANTA CLARA,Active,R-RES-TOU
ACCT004490,CUST004490,PREM004490,Electric,Residential,SAN MATEO,Active,R-RES-TOU
ACCT004491,CUST004491,PREM004491,Electric,Residential,KERN,Active,R-RES-TOU
ACCT004492,CUST004492,PREM004492,Electric,Residential,CONTRA COSTA,Active,R-RES-TOU
ACCT004493,CUST004493,PREM004493,Electric,Residential,SAN MATEO,Active,R-RES-TOU
ACCT004494,CUST004494,PREM004494,Electric,Commercial,SANTA CLARA,Active,R-COM-GEN
ACCT004495,CUST004495,PREM004495,Electric,Residential,SANTA BARBARA,Active,R-RES-TOU
ACCT004496,CUST004496,PREM004496,Electric,Residential,KERN,Active,R-RES-TOU
ACCT004497,CUST004497,PREM004497,Electric,Residential,KERN,Active,R-RES-TOU
ACCT004498,CUST004498,PREM004498,Electric,Residential,KERN,Active,R-RES-TOU
ACCT004499,CUST004499,PREM004499,Electric,Residential,MARIPOSA,Active,R-RES-TOU
ACCT004500,CUST004500,PREM004500,Electric,Residential,SANTA CLARA,Active,R-RES-TOU
ACCT004501,CUST004501,PREM004501,Electric,Residential,PLACER,Active,R-RES-TOU
ACCT004502,CUST004502,PREM004502,Electric,Residential,SOLANO,Active,R-RES-TOU
ACCT004503,CUST004503,PREM004503,Electric,Residential,SAN FRANCISCO,Active,R-RES-TOU
ACCT004504,CUST004504,PREM004504,Electric,Residential,MENDOCINO,Active,R-RES-TOU
ACCT004505,CUST004505,PREM004505,Electric,Residential,MARIN,Active,R-RES-TOU
ACCT004506,CUST004506,PREM004506,Electric,Residential,KERN,Active,R-RES-TOU
ACCT004507,CUST004507,PREM004507,Electric,Residential,SANTA CLARA,Active,R-RES-TOU
ACCT004508,CUST004508,PREM004508,Electric,Residential,EL DORADO,Active,R-RES-TOU
ACCT004509,CUST004509,PREM004509,Electric,Residential,ALAMEDA,Active,R-RES-TOU
ACCT004510,CUST004510,PREM004510,Electric,Industrial,SANTA CLARA,Active,R-IND-GEN
ACCT004511,CUST004511,PREM004511,Electric,Residential,SAN FRANCISCO,Active,R-RES-TOU
ACCT004512,CUST004512,PREM004512,Electric,Residential,PLACER,Active,R-RES-TOU
ACCT004513,CUST004513,PREM004513,Electric,Residential,GLENN,Active,R-RES-TOU
ACCT004514,CUST004514,PREM004514,Electric,Residential,FRESNO,Active,R-RES-TOU
ACCT004515,CUST004515,PREM004515,Electric,Residential,SANTA CRUZ,Active,R-RES-TOU
ACCT004516,CUST004516,PREM004516,Electric,Residential,SANTA CLARA,Active,R-RES-TOU
ACCT004517,CUST004517,PREM004517,Electric,Residential,KERN,Active,R-RES-TOU
ACCT004518,CUST004518,PREM004518,Electric,Commercial,FRESNO,Active,R-COM-GEN
ACCT004519,CUST004519,PREM004519,Electric,Residential,PLACER,Inactive,R-RES-TOU
ACCT004520,CUST004520,PREM004520,Electric,Residential,KERN,Active,R-RES-TOU
ACCT004521,CUST004521,PREM004521,Electric,Commercial,ALAMEDA,Active,R-COM-GEN
ACCT004522,CUST004522,PREM004522,Electric,Residential,EL DORADO,Inactive,R-RES-TOU
ACCT004523,CUST004523,PREM004523,Electric,Commercial,SUTTER,Active,R-COM-GEN
ACCT004524,CUST004524,PREM004524,Electric,Residential,FRESNO,Active,R-RES-TOU
ACCT004525,CUST004525,PREM004525,Electric,Commercial,GLENN,Active,R-COM-GEN
ACCT004526,CUST004526,PREM004526,Electric,Residential,KERN,Active,R-RES-TOU
ACCT004527,CUST004527,PREM004527,Electric,Residential,SONOMA,Active,R-RES-TOU
ACCT004528,CUST004528,PREM004528,Electric,Commercial,SANTA CLARA,Active,R-COM-GEN
ACCT004529,CUST004529,PREM004529,Electric,Residential,SHASTA,Active,R-RES-TOU
ACCT004530,CUST004530,PREM004530,Electric,Residential,NAPA,Active,R-RES-TOU
ACCT004531,CUST004531,PREM004531,Electric,Residential,SANTA CLARA,Active,R-RES-TOU
ACCT004532,CUST004532,PREM004532,Electric,Residential,TUOLUMNE,Pending Close,R-RES-TOU
ACCT004533,CUST004533,PREM004533,Electric,Residential,SAN MATEO,Active,R-RES-TOU
ACCT004534,CUST004534,PREM004534,Electric,Residential,SAN JOAQUIN,Active,R-RES-TOU
ACCT004535,CUST004535,PREM004535,Electric,Residential,KERN,Active,R-RES-TOU
ACCT004536,CUST004536,PREM004536,Electric,Residential,KERN,Active,R-RES-TOU
ACCT004537,CUST004537,PREM004537,Electric,Residential,SANTA BARBARA,Active,R-RES-TOU
ACCT004538,CUST004538,PREM004538,Electric,Residential,MERCED,Active,R-RES-TOU
ACCT004539,CUST004539,PREM004539,Electric,Residential,CONTRA COSTA,Active,R-RES-TOU
ACCT004540,CUST004540,PREM004540,Electric,Residential,SAN LUIS OBISPO,Active,R-RES-TOU
ACCT004541,CUST004541,PREM004541,Electric,Residential,SANTA CLARA,Active,R-RES-TOU
ACCT004542,CUST004542,PREM004542,Electric,Residential,SAN MATEO,Active,R-RES-TOU
ACCT004543,CUST004543,PREM004543,Electric,Residential,SAN MATEO,Active,R-RES-TOU
ACCT004544,CUST004544,PREM004544,Electric,Residential,KERN,Active,R-RES-TOU
ACCT004545,CUST004545,PREM004545,Electric,Residential,SAN MATEO,Active,R-RES-TOU
ACCT004546,CUST004546,PREM004546,Electric,Commercial,SANTA CLARA,Active,R-COM-GEN
ACCT004547,CUST004547,PREM004547,Electric,Residential,SANTA CLARA,Active,R-RES-TOU
ACCT004548,CUST004548,PREM004548,Electric,Residential,CONTRA COSTA,Active,R-RES-TOU
ACCT004549,CUST004549,PREM004549,Electric,Residential,KERN,Active,R-RES-TOU
ACCT004550,CUST004550,PREM004550,Electric,Commercial,NAPA,Active,R-COM-GEN
ACCT004551,CUST004551,PREM004551,Electric,Industrial,SANTA CLARA,Active,R-IND-GEN
ACCT004552,CUST004552,PREM004552,Electric,Residential,NAPA,Active,R-RES-TOU
ACCT004553,CUST004553,PREM004553,Electric,Residential,SOLANO,Active,R-RES-TOU
ACCT004554,CUST004554,PREM004554,Electric,Commercial,SANTA BARBARA,Active,R-COM-GEN
ACCT004555,CUST004555,PREM004555,Electric,Residential,SANTA BARBARA,Active,R-RES-TOU
ACCT004556,CUST004556,PREM004556,Electric,Residential,SAN JOAQUIN,Active,R-RES-TOU
ACCT004557,CUST004557,PREM004557,Electric,Residential,SANTA CLARA,Active,R-RES-TOU
ACCT004558,CUST004558,PREM004558,Electric,Residential,KERN,Active,R-RES-TOU
ACCT004559,CUST004559,PREM004559,Electric,Industrial,FRESNO,Active,R-IND-GEN
ACCT004560,CUST004560,PREM004560,Electric,Streetlighting,NEVADA,Active,R-STLIGHT
ACCT004561,CUST004561,PREM004561,Electric,Residential,SAN JOAQUIN,Active,R-RES-TOU
ACCT004562,CUST004562,PREM004562,Electric,Residential,CONTRA COSTA,Active,R-RES-TOU
ACCT004563,CUST004563,PREM004563,Electric,Commercial,FRESNO,Active,R-COM-GEN
ACCT004564,CUST004564,PREM004564,Electric,Residential,PLACER,Active,R-RES-TOU
ACCT004565,CUST004565,PREM004565,Electric,Residential,MARIN,Active,R-RES-TOU
ACCT004566,CUST004566,PREM004566,Electric,Commercial,SAN MATEO,Active,R-COM-GEN
ACCT004567,CUST004567,PREM004567,Electric,Residential,SANTA CRUZ,Pending Close,R-RES-TOU
ACCT004568,CUST004568,PREM004568,Electric,Residential,SONOMA,Active,R-RES-TOU
ACCT004569,CUST004569,PREM004569,Electric,Residential,KERN,Active,R-RES-TOU
ACCT004570,CUST004570,PREM004570,Electric,Commercial,SAN JOAQUIN,Active,R-COM-GEN
ACCT004571,CUST004571,PREM004571,Electric,Residential,KERN,Active,R-RES-TOU
ACCT004572,CUST004572,PREM004572,Electric,Residential,SANTA CLARA,Inactive,R-RES-TOU
ACCT004573,CUST004573,PREM004573,Electric,Residential,CONTRA COSTA,Active,R-RES-TOU
ACCT004574,CUST004574,PREM004574,Electric,Residential,CONTRA COSTA,Active,R-RES-TOU
ACCT004575,CUST004575,PREM004575,Electric,Residential,MARIN,Active,R-RES-TOU
ACCT004576,CUST004576,PREM004576,Electric,Residential,SAN MATEO,Active,R-RES-TOU
ACCT004577,CUST004577,PREM004577,Electric,Residential,FRESNO,Pending Close,R-RES-TOU
ACCT004578,CUST004578,PREM004578,Electric,Residential,SOLANO,Active,R-RES-TOU
ACCT004579,CUST004579,PREM004579,Electric,"Transportation, Communications, & Utilities",CONTRA COSTA,Active,R-TCU-GEN
ACCT004580,CUST004580,PREM004580,Electric,Residential,SANTA CLARA,Active,R-RES-TOU
ACCT004581,CUST004581,PREM004581,Electric,Industrial,ALAMEDA,Active,R-IND-GEN
ACCT004582,CUST004582,PREM004582,Electric,Residential,SAN FRANCISCO,Active,R-RES-TOU
ACCT004583,CUST004583,PREM004583,Electric,Residential,SANTA CLARA,Active,R-RES-TOU
ACCT004584,CUST004584,PREM004584,Electric,Residential,SANTA CLARA,Active,R-RES-TOU
ACCT004585,CUST004585,PREM004585,Electric,Residential,SUTTER,Active,R-RES-TOU
ACCT004586,CUST004586,PREM004586,Electric,Agriculture And Water Pumping,SAN JOAQUIN,Active,R-AGR-PUMP
ACCT004587,CUST004587,PREM004587,Electric,Residential,SANTA CLARA,Pending Close,R-RES-TOU
ACCT004588,CUST004588,PREM004588,Electric,Residential,KERN,Active,R-RES-TOU
ACCT004589,CUST004589,PREM004589,Electric,Residential,SAN MATEO,Active,R-RES-TOU
ACCT004590,CUST004590,PREM004590,Electric,Residential,MERCED,Active,R-RES-TOU
ACCT004591,CUST004591,PREM004591,Electric,Residential,KERN,Active,R-RES-TOU
ACCT004592,CUST004592,PREM004592,Electric,Residential,SANTA CLARA,Pending Close,R-RES-TOU
ACCT004593,CUST004593,PREM004593,Electric,Residential,SOLANO,Active,R-RES-TOU
ACCT004594,CUST004594,PREM004594,Electric,Residential,KERN,Active,R-RES-TOU
ACCT004595,CUST004595,PREM004595,Electric,Residential,ALAMEDA,Active,R-RES-TOU
ACCT004596,CUST004596,PREM004596,Electric,Residential,MARIN,Active,R-RES-TOU
ACCT004597,CUST004597,PREM004597,Electric,Residential,KERN,Active,R-RES-TOU
ACCT004598,CUST004598,PREM004598,Electric,Residential,SAN MATEO,Pending Close,R-RES-TOU
ACCT004599,CUST004599,PREM004599,Electric,Residential,ALAMEDA,Active,R-RES-TOU
ACCT004600,CUST004600,PREM004600,Electric,Residential,KERN,Pending Close,R-RES-TOU
ACCT004601,CUST004601,PREM004601,Electric,Residential,CONTRA COSTA,Active,R-RES-TOU
ACCT004602,CUST004602,PREM004602,Electric,Residential,MERCED,Active,R-RES-TOU
ACCT004603,CUST004603,PREM004603,Electric,Commercial,SANTA CLARA,Active,R-COM-GEN
ACCT004604,CUST004604,PREM004604,Electric,Residential,CONTRA COSTA,Active,R-RES-TOU
ACCT004605,CUST004605,PREM004605,Electric,Residential,SANTA BARBARA,Active,R-RES-TOU
ACCT004606,CUST004606,PREM004606,Electric,Commercial,MERCED,Active,R-COM-GEN
ACCT004607,CUST004607,PREM004607,Electric,Commercial,SAN JOAQUIN,Active,R-COM-GEN
ACCT004608,CUST004608,PREM004608,Electric,Residential,KERN,Active,R-RES-TOU
ACCT004609,CUST004609,PREM004609,Electric,Agriculture And Water Pumping,SANTA CLARA,Active,R-AGR-PUMP
ACCT004610,CUST004610,PREM004610,Electric,Residential,SOLANO,Active,R-RES-TOU
ACCT004611,CUST004611,PREM004611,Electric,Residential,FRESNO,Active,R-RES-TOU
ACCT004612,CUST004612,PREM004612,Electric,Residential,ALAMEDA,Active,R-RES-TOU
ACCT004613,CUST004613,PREM004613,Electric,Residential,SONOMA,Active,R-RES-TOU
ACCT004614,CUST004614,PREM004614,Electric,Residential,SANTA CLARA,Active,R-RES-TOU
ACCT004615,CUST004615,PREM004615,Electric,Residential,SHASTA,Active,R-RES-TOU
ACCT004616,CUST004616,PREM004616,Electric,Residential,BUTTE,Active,R-RES-TOU
ACCT004617,CUST004617,PREM004617,Electric,Commercial,FRESNO,Active,R-COM-GEN
ACCT004618,CUST004618,PREM004618,Electric,Commercial,SUTTER,Active,R-COM-GEN
ACCT004619,CUST004619,PREM004619,Electric,Residential,FRESNO,Active,R-RES-TOU
ACCT004620,CUST004620,PREM004620,Electric,Commercial,SANTA CLARA,Active,R-COM-GEN
ACCT004621,CUST004621,PREM004621,Electric,Commercial,KERN,Active,R-COM-GEN
ACCT004622,CUST004622,PREM004622,Electric,Residential,CONTRA COSTA,Active,R-RES-TOU
ACCT004623,CUST004623,PREM004623,Electric,Residential,KERN,Active,R-RES-TOU
ACCT004624,CUST004624,PREM004624,Electric,Residential,SOLANO,Active,R-RES-TOU
ACCT004625,CUST004625,PREM004625,Electric,Industrial,KERN,Active,R-IND-GEN
ACCT004626,CUST004626,PREM004626,Electric,Residential,ALAMEDA,Active,R-RES-TOU
ACCT004627,CUST004627,PREM004627,Electric,Residential,SAN LUIS OBISPO,Active,R-RES-TOU
ACCT004628,CUST004628,PREM004628,Electric,Residential,MONTEREY,Active,R-RES-TOU
ACCT004629,CUST004629,PREM004629,Electric,Residential,CONTRA COSTA,Active,R-RES-TOU
ACCT004630,CUST004630,PREM004630,Electric,Residential,KERN,Active,R-RES-TOU
ACCT004631,CUST004631,PREM004631,Electric,Residential,SANTA CLARA,Active,R-RES-TOU
ACCT004632,CUST004632,PREM004632,Electric,Residential,FRESNO,Active,R-RES-TOU
ACCT004633,CUST004633,PREM004633,Electric,Commercial,SANTA CLARA,Active,R-COM-GEN
ACCT004634,CUST004634,PREM004634,Electric,Commercial,FRESNO,Active,R-COM-GEN
ACCT004635,CUST004635,PREM004635,Electric,Residential,ALAMEDA,Active,R-RES-TOU
ACCT004636,CUST004636,PREM004636,Electric,Agriculture And Water Pumping,SANTA CLARA,Active,R-AGR-PUMP
ACCT004637,CUST004637,PREM004637,Electric,Residential,AMADOR,Active,R-RES-TOU
ACCT004638,CUST004638,PREM004638,Electric,Residential,CONTRA COSTA,Active,R-RES-TOU
ACCT004639,CUST004639,PREM004639,Electric,Residential,KERN,Active,R-RES-TOU
ACCT004640,CUST004640,PREM004640,Electric,Commercial,CONTRA COSTA,Active,R-COM-GEN
ACCT004641,CUST004641,PREM004641,Electric,Industrial,KERN,Active,R-IND-GEN
ACCT004642,CUST004642,PREM004642,Electric,Residential,KERN,Active,R-RES-TOU
ACCT004643,CUST004643,PREM004643,Electric,Commercial,ALAMEDA,Active,R-COM-GEN
ACCT004644,CUST004644,PREM004644,Electric,Residential,SANTA CLARA,Active,R-RES-TOU
ACCT004645,CUST004645,PREM004645,Electric,Residential,MARIN,Active,R-RES-TOU
ACCT004646,CUST004646,PREM004646,Electric,Residential,FRESNO,Active,R-RES-TOU
ACCT004647,CUST004647,PREM004647,Electric,Residential,MERCED,Active,R-RES-TOU
ACCT004648,CUST004648,PREM004648,Electric,Residential,PLACER,Active,R-RES-TOU
ACCT004649,CUST004649,PREM004649,Electric,Commercial,NEVADA,Active,R-COM-GEN
ACCT004650,CUST004650,PREM004650,Electric,Residential,SANTA CLARA,Active,R-RES-TOU
ACCT004651,CUST004651,PREM004651,Electric,Residential,ALAMEDA,Active,R-RES-TOU
ACCT004652,CUST004652,PREM004652,Electric,Residential,SANTA CLARA,Active,R-RES-TOU
ACCT004653,CUST004653,PREM004653,Electric,Residential,ALAMEDA,Active,R-RES-TOU
ACCT004654,CUST004654,PREM004654,Electric,Commercial,SANTA CLARA,Active,R-COM-GEN
ACCT004655,CUST004655,PREM004655,Electric,Residential,PLACER,Active,R-RES-TOU
ACCT004656,CUST004656,PREM004656,Electric,Residential,SAN FRANCISCO,Active,R-RES-TOU
ACCT004657,CUST004657,PREM004657,Electric,Commercial,PLUMAS,Active,R-COM-GEN
ACCT004658,CUST004658,PREM004658,Electric,Residential,SANTA CLARA,Active,R-RES-TOU
ACCT004659,CUST004659,PREM004659,Electric,Residential,SANTA BARBARA,Active,R-RES-TOU
ACCT004660,CUST004660,PREM004660,Electric,Residential,SAN JOAQUIN,Pending Close,R-RES-TOU
ACCT004661,CUST004661,PREM004661,Electric,Residential,SAN FRANCISCO,Active,R-RES-TOU
ACCT004662,CUST004662,PREM004662,Electric,Residential,ALAMEDA,Active,R-RES-TOU
ACCT004663,CUST004663,PREM004663,Electric,Residential,ALAMEDA,Active,R-RES-TOU
ACCT004664,CUST004664,PREM004664,Electric,Commercial,CONTRA COSTA,Active,R-COM-GEN
ACCT004665,CUST004665,PREM004665,Electric,Commercial,ALAMEDA,Active,R-COM-GEN
ACCT004666,CUST004666,PREM004666,Electric,Residential,SOLANO,Active,R-RES-TOU
ACCT004667,CUST004667,PREM004667,Electric,Residential,CONTRA COSTA,Active,R-RES-TOU
ACCT004668,CUST004668,PREM004668,Electric,Commercial,SANTA CLARA,Active,R-COM-GEN
ACCT004669,CUST004669,PREM004669,Electric,Residential,FRESNO,Active,R-RES-TOU
ACCT004670,CUST004670,PREM004670,Electric,Residential,MERCED,Active,R-RES-TOU
ACCT004671,CUST004671,PREM004671,Electric,Residential,KERN,Active,R-RES-TOU
ACCT004672,CUST004672,PREM004672,Electric,Commercial,FRESNO,Active,R-COM-GEN
ACCT004673,CUST004673,PREM004673,Electric,Residential,KERN,Active,R-RES-TOU
ACCT004674,CUST004674,PREM004674,Electric,Residential,SANTA CLARA,Active,R-RES-TOU
ACCT004675,CUST004675,PREM004675,Electric,Residential,KERN,Active,R-RES-TOU
ACCT004676,CUST004676,PREM004676,Electric,Commercial,SAN FRANCISCO,Active,R-COM-GEN
ACCT004677,CUST004677,PREM004677,Electric,Residential,NAPA,Active,R-RES-TOU
ACCT004678,CUST004678,PREM004678,Electric,Agriculture And Water Pumping,CONTRA COSTA,Active,R-AGR-PUMP
ACCT004679,CUST004679,PREM004679,Electric,Residential,KERN,Active,R-RES-TOU
ACCT004680,CUST004680,PREM004680,Electric,Residential,ALAMEDA,Active,R-RES-TOU
ACCT004681,CUST004681,PREM004681,Electric,Residential,KERN,Active,R-RES-TOU
ACCT004682,CUST004682,PREM004682,Electric,Residential,CONTRA COSTA,Active,R-RES-TOU
ACCT004683,CUST004683,PREM004683,Electric,Industrial,ALAMEDA,Active,R-IND-GEN
ACCT004684,CUST004684,PREM004684,Electric,Residential,SAN JOAQUIN,Active,R-RES-TOU
ACCT004685,CUST004685,PREM004685,Electric,Residential,SAN FRANCISCO,Active,R-RES-TOU
ACCT004686,CUST004686,PREM004686,Electric,Residential,KERN,Active,R-RES-TOU
ACCT004687,CUST004687,PREM004687,Electric,Residential,ALAMEDA,Active,R-RES-TOU
ACCT004688,CUST004688,PREM004688,Electric,Residential,ALAMEDA,Active,R-RES-TOU
ACCT004689,CUST004689,PREM004689,Electric,Residential,KERN,Inactive,R-RES-TOU
ACCT004690,CUST004690,PREM004690,Electric,"Transportation, Communications, & Utilities",SAN JOAQUIN,Active,R-TCU-GEN
ACCT004691,CUST004691,PREM004691,Electric,Residential,KINGS,Active,R-RES-TOU
ACCT004692,CUST004692,PREM004692,Electric,Residential,KERN,Active,R-RES-TOU
ACCT004693,CUST004693,PREM004693,Electric,Residential,KERN,Active,R-RES-TOU
ACCT004694,CUST004694,PREM004694,Electric,Residential,SAN JOAQUIN,Active,R-RES-TOU
ACCT004695,CUST004695,PREM004695,Electric,Residential,KERN,Active,R-RES-TOU
ACCT004696,CUST004696,PREM004696,Electric,Commercial,SAN FRANCISCO,Active,R-COM-GEN
ACCT004697,CUST004697,PREM004697,Electric,Residential,SANTA CLARA,Active,R-RES-TOU
ACCT004698,CUST004698,PREM004698,Electric,Residential,SOLANO,Active,R-RES-TOU
ACCT004699,CUST004699,PREM004699,Electric,Residential,PLACER,Active,R-RES-TOU
ACCT004700,CUST004700,PREM004700,Electric,"Transportation, Communications, & Utilities",SAN JOAQUIN,Active,R-TCU-GEN
ACCT004701,CUST004701,PREM004701,Electric,Residential,MERCED,Pending Close,R-RES-TOU
ACCT004702,CUST004702,PREM004702,Electric,Residential,SANTA CLARA,Active,R-RES-TOU
ACCT004703,CUST004703,PREM004703,Electric,Residential,FRESNO,Active,R-RES-TOU
ACCT004704,CUST004704,PREM004704,Electric,Residential,SAN JOAQUIN,Active,R-RES-TOU
ACCT004705,CUST004705,PREM004705,Electric,Residential,SAN MATEO,Active,R-RES-TOU
ACCT004706,CUST004706,PREM004706,Electric,Residential,SANTA CLARA,Active,R-RES-TOU
ACCT004707,CUST004707,PREM004707,Electric,Residential,CONTRA COSTA,Active,R-RES-TOU
ACCT004708,CUST004708,PREM004708,Electric,Residential,KERN,Active,R-RES-TOU
ACCT004709,CUST004709,PREM004709,Electric,Commercial,SAN MATEO,Active,R-COM-GEN
ACCT004710,CUST004710,PREM004710,Electric,Residential,SAN FRANCISCO,Active,R-RES-TOU
ACCT004711,CUST004711,PREM004711,Electric,Residential,SANTA CLARA,Active,R-RES-TOU
ACCT004712,CUST004712,PREM004712,Electric,Residential,BUTTE,Active,R-RES-TOU
ACCT004713,CUST004713,PREM004713,Electric,Residential,ALAMEDA,Active,R-RES-TOU
ACCT004714,CUST004714,PREM004714,Electric,Residential,SANTA CLARA,Active,R-RES-TOU
ACCT004715,CUST004715,PREM004715,Electric,Residential,KERN,Active,R-RES-TOU
ACCT004716,CUST004716,PREM004716,Electric,Residential,KERN,Active,R-RES-TOU
ACCT004717,CUST004717,PREM004717,Electric,Residential,SANTA CLARA,Active,R-RES-TOU
ACCT004718,CUST004718,PREM004718,Electric,Streetlighting,ALAMEDA,Active,R-STLIGHT
ACCT004719,CUST004719,PREM004719,Electric,Residential,SANTA CLARA,Active,R-RES-TOU
ACCT004720,CUST004720,PREM004720,Electric,Commercial,FRESNO,Active,R-COM-GEN
ACCT004721,CUST004721,PREM004721,Electric,Residential,MERCED,Active,R-RES-TOU
ACCT004722,CUST004722,PREM004722,Electric,Residential,KERN,Active,R-RES-TOU
ACCT004723,CUST004723,PREM004723,Electric,Residential,FRESNO,Active,R-RES-TOU
ACCT004724,CUST004724,PREM004724,Electric,Residential,SOLANO,Active,R-RES-TOU
ACCT004725,CUST004725,PREM004725,Electric,Residential,SANTA CLARA,Active,R-RES-TOU
ACCT004726,CUST004726,PREM004726,Electric,Residential,KINGS,Active,R-RES-TOU
ACCT004727,CUST004727,PREM004727,Electric,Commercial,SAN JOAQUIN,Active,R-COM-GEN
ACCT004728,CUST004728,PREM004728,Electric,Commercial,SANTA CLARA,Active,R-COM-GEN
ACCT004729,CUST004729,PREM004729,Electric,Residential,SANTA CLARA,Active,R-RES-TOU
ACCT004730,CUST004730,PREM004730,Electric,Residential,SANTA CLARA,Active,R-RES-TOU
ACCT004731,CUST004731,PREM004731,Electric,Residential,SANTA CLARA,Inactive,R-RES-TOU
ACCT004732,CUST004732,PREM004732,Electric,Residential,SOLANO,Active,R-RES-TOU
ACCT004733,CUST004733,PREM004733,Electric,Residential,KERN,Active,R-RES-TOU
ACCT004734,CUST004734,PREM004734,Electric,Industrial,MERCED,Active,R-IND-GEN
ACCT004735,CUST004735,PREM004735,Electric,Residential,SOLANO,Active,R-RES-TOU
ACCT004736,CUST004736,PREM004736,Electric,Residential,SAN LUIS OBISPO,Active,R-RES-TOU
ACCT004737,CUST004737,PREM004737,Electric,Residential,FRESNO,Active,R-RES-TOU
ACCT004738,CUST004738,PREM004738,Electric,Residential,CONTRA COSTA,Active,R-RES-TOU
ACCT004739,CUST004739,PREM004739,Electric,Residential,ALAMEDA,Active,R-RES-TOU
ACCT004740,CUST004740,PREM004740,Electric,Residential,SANTA BARBARA,Active,R-RES-TOU
ACCT004741,CUST004741,PREM004741,Electric,Residential,CONTRA COSTA,Active,R-RES-TOU
ACCT004742,CUST004742,PREM004742,Electric,Residential,CONTRA COSTA,Active,R-RES-TOU
ACCT004743,CUST004743,PREM004743,Electric,Residential,BUTTE,Active,R-RES-TOU
ACCT004744,CUST004744,PREM004744,Electric,Mining,FRESNO,Active,R-MIN-GEN
ACCT004745,CUST004745,PREM004745,Electric,Residential,ALAMEDA,Active,R-RES-TOU
ACCT004746,CUST004746,PREM004746,Electric,Residential,FRESNO,Active,R-RES-TOU
ACCT004747,CUST004747,PREM004747,Electric,Residential,MERCED,Active,R-RES-TOU
ACCT004748,CUST004748,PREM004748,Electric,Residential,ALAMEDA,Active,R-RES-TOU
ACCT004749,CUST004749,PREM004749,Electric,Residential,CONTRA COSTA,Active,R-RES-TOU
ACCT004750,CUST004750,PREM004750,Electric,Commercial,TUOLUMNE,Pending Close,R-COM-GEN
ACCT004751,CUST004751,PREM004751,Electric,Residential,SAN MATEO,Active,R-RES-TOU
ACCT004752,CUST004752,PREM004752,Electric,Residential,SANTA CLARA,Active,R-RES-TOU
ACCT004753,CUST004753,PREM004753,Electric,Residential,KERN,Active,R-RES-TOU
ACCT004754,CUST004754,PREM004754,Electric,Residential,MERCED,Active,R-RES-TOU
ACCT004755,CUST004755,PREM004755,Electric,Commercial,SANTA CLARA,Active,R-COM-GEN
ACCT004756,CUST004756,PREM004756,Electric,Commercial,ALAMEDA,Active,R-COM-GEN
ACCT004757,CUST004757,PREM004757,Electric,Residential,ALAMEDA,Active,R-RES-TOU
ACCT004758,CUST004758,PREM004758,Electric,Residential,SHASTA,Active,R-RES-TOU
ACCT004759,CUST004759,PREM004759,Electric,Residential,SANTA CLARA,Active,R-RES-TOU
ACCT004760,CUST004760,PREM004760,Electric,"Transportation, Communications, & Utilities",SAN FRANCISCO,Active,R-TCU-GEN
ACCT004761,CUST004761,PREM004761,Electric,Residential,YOLO,Active,R-RES-TOU
ACCT004762,CUST004762,PREM004762,Electric,"Transportation, Communications, & Utilities",SANTA CLARA,Active,R-TCU-GEN
ACCT004763,CUST004763,PREM004763,Electric,Residential,KINGS,Active,R-RES-TOU
ACCT004764,CUST004764,PREM004764,Electric,Residential,NAPA,Active,R-RES-TOU
ACCT004765,CUST004765,PREM004765,Electric,Residential,SONOMA,Active,R-RES-TOU
ACCT004766,CUST004766,PREM004766,Electric,Mining,SANTA CLARA,Active,R-MIN-GEN
ACCT004767,CUST004767,PREM004767,Electric,Commercial,SANTA BARBARA,Active,R-COM-GEN
ACCT004768,CUST004768,PREM004768,Electric,Residential,MADERA,Pending Close,R-RES-TOU
ACCT004769,CUST004769,PREM004769,Electric,Residential,SHASTA,Active,R-RES-TOU
ACCT004770,CUST004770,PREM004770,Electric,Residential,SANTA CLARA,Active,R-RES-TOU
ACCT004771,CUST004771,PREM004771,Electric,Residential,MERCED,Active,R-RES-TOU
ACCT004772,CUST004772,PREM004772,Electric,Residential,SAN MATEO,Active,R-RES-TOU
ACCT004773,CUST004773,PREM004773,Electric,Residential,SANTA CLARA,Active,R-RES-TOU
ACCT004774,CUST004774,PREM004774,Electric,Commercial,KERN,Active,R-COM-GEN
ACCT004775,CUST004775,PREM004775,Electric,Residential,MERCED,Active,R-RES-TOU
ACCT004776,CUST004776,PREM004776,Electric,Commercial,KERN,Active,R-COM-GEN
ACCT004777,CUST004777,PREM004777,Electric,Residential,PLACER,Active,R-RES-TOU
ACCT004778,CUST004778,PREM004778,Electric,Residential,YUBA,Active,R-RES-TOU
ACCT004779,CUST004779,PREM004779,Electric,Residential,KERN,Active,R-RES-TOU
ACCT004780,CUST004780,PREM004780,Electric,Residential,EL DORADO,Active,R-RES-TOU
ACCT004781,CUST004781,PREM004781,Electric,Residential,SAN MATEO,Active,R-RES-TOU
ACCT004782,CUST004782,PREM004782,Electric,Residential,KERN,Inactive,R-RES-TOU
ACCT004783,CUST004783,PREM004783,Electric,Residential,FRESNO,Active,R-RES-TOU
ACCT004784,CUST004784,PREM004784,Electric,Residential,AMADOR,Active,R-RES-TOU
ACCT004785,CUST004785,PREM004785,Electric,Residential,SAN FRANCISCO,Active,R-RES-TOU
ACCT004786,CUST004786,PREM004786,Electric,Residential,MERCED,Active,R-RES-TOU
ACCT004787,CUST004787,PREM004787,Electric,Commercial,SANTA CLARA,Active,R-COM-GEN
ACCT004788,CUST004788,PREM004788,Electric,Commercial,SANTA CLARA,Active,R-COM-GEN
ACCT004789,CUST004789,PREM004789,Electric,Residential,KERN,Active,R-RES-TOU
ACCT004790,CUST004790,PREM004790,Electric,Residential,CONTRA COSTA,Active,R-RES-TOU
ACCT004791,CUST004791,PREM004791,Electric,Residential,ALAMEDA,Active,R-RES-TOU
ACCT004792,CUST004792,PREM004792,Electric,Agriculture And Water Pumping,PLACER,Active,R-AGR-PUMP
ACCT004793,CUST004793,PREM004793,Electric,Residential,CONTRA COSTA,Active,R-RES-TOU
ACCT004794,CUST004794,PREM004794,Electric,Residential,ALAMEDA,Active,R-RES-TOU
ACCT004795,CUST004795,PREM004795,Electric,Residential,PLACER,Active,R-RES-TOU
ACCT004796,CUST004796,PREM004796,Electric,Residential,SAN FRANCISCO,Active,R-RES-TOU
ACCT004797,CUST004797,PREM004797,Electric,Residential,YOLO,Active,R-RES-TOU
ACCT004798,CUST004798,PREM004798,Electric,Residential,SANTA BARBARA,Active,R-RES-TOU
ACCT004799,CUST004799,PREM004799,Electric,Residential,KERN,Active,R-RES-TOU
ACCT004800,CUST004800,PREM004800,Electric,Residential,MENDOCINO,Active,R-RES-TOU
ACCT004801,CUST004801,PREM004801,Electric,Residential,MERCED,Inactive,R-RES-TOU
ACCT004802,CUST004802,PREM004802,Electric,Residential,SANTA CLARA,Active,R-RES-TOU
ACCT004803,CUST004803,PREM004803,Electric,Commercial,SANTA CLARA,Inactive,R-COM-GEN
ACCT004804,CUST004804,PREM004804,Electric,Residential,FRESNO,Active,R-RES-TOU
ACCT004805,CUST004805,PREM004805,Electric,Commercial,SAN FRANCISCO,Active,R-COM-GEN
ACCT004806,CUST004806,PREM004806,Electric,Residential,MERCED,Active,R-RES-TOU
ACCT004807,CUST004807,PREM004807,Electric,Residential,SOLANO,Active,R-RES-TOU
ACCT004808,CUST004808,PREM004808,Electric,Agriculture And Water Pumping,SANTA CRUZ,Active,R-AGR-PUMP
ACCT004809,CUST004809,PREM004809,Electric,Residential,SHASTA,Active,R-RES-TOU
ACCT004810,CUST004810,PREM004810,Electric,Commercial,PLACER,Inactive,R-COM-GEN
ACCT004811,CUST004811,PREM004811,Electric,Residential,SANTA CLARA,Active,R-RES-TOU
ACCT004812,CUST004812,PREM004812,Electric,Commercial,SAN JOAQUIN,Active,R-COM-GEN
ACCT004813,CUST004813,PREM004813,Electric,Residential,ALAMEDA,Active,R-RES-TOU
ACCT004814,CUST004814,PREM004814,Electric,Residential,MERCED,Active,R-RES-TOU
ACCT004815,CUST004815,PREM004815,Electric,Residential,LAKE,Active,R-RES-TOU
ACCT004816,CUST004816,PREM004816,Electric,Industrial,FRESNO,Active,R-IND-GEN
ACCT004817,CUST004817,PREM004817,Electric,Commercial,SAN LUIS OBISPO,Active,R-COM-GEN
ACCT004818,CUST004818,PREM004818,Electric,Commercial,KERN,Active,R-COM-GEN
ACCT004819,CUST004819,PREM004819,Electric,Commercial,SAN MATEO,Active,R-COM-GEN
ACCT004820,CUST004820,PREM004820,Electric,Residential,SAN MATEO,Active,R-RES-TOU
ACCT004821,CUST004821,PREM004821,Electric,Residential,SANTA BARBARA,Active,R-RES-TOU
ACCT004822,CUST004822,PREM004822,Electric,Residential,MADERA,Active,R-RES-TOU
ACCT004823,CUST004823,PREM004823,Electric,Residential,FRESNO,Active,R-RES-TOU
ACCT004824,CUST004824,PREM004824,Electric,Residential,SANTA CLARA,Active,R-RES-TOU
ACCT004825,CUST004825,PREM004825,Electric,Residential,KERN,Active,R-RES-TOU
ACCT004826,CUST004826,PREM004826,Electric,Residential,MERCED,Active,R-RES-TOU
ACCT004827,CUST004827,PREM004827,Electric,Residential,KERN,Active,R-RES-TOU
ACCT004828,CUST004828,PREM004828,Electric,Residential,PLACER,Active,R-RES-TOU
ACCT004829,CUST004829,PREM004829,Electric,Residential,MERCED,Active,R-RES-TOU
ACCT004830,CUST004830,PREM004830,Electric,Residential,FRESNO,Active,R-RES-TOU
ACCT004831,CUST004831,PREM004831,Electric,Commercial,KERN,Active,R-COM-GEN
ACCT004832,CUST004832,PREM004832,Electric,Residential,SONOMA,Active,R-RES-TOU
ACCT004833,CUST004833,PREM004833,Electric,Residential,SANTA CLARA,Active,R-RES-TOU
ACCT004834,CUST004834,PREM004834,Electric,Residential,YUBA,Active,R-RES-TOU
ACCT004835,CUST004835,PREM004835,Electric,Residential,SANTA CLARA,Active,R-RES-TOU
ACCT004836,CUST004836,PREM004836,Electric,Residential,CONTRA COSTA,Active,R-RES-TOU
ACCT004837,CUST004837,PREM004837,Electric,Residential,SONOMA,Active,R-RES-TOU
ACCT004838,CUST004838,PREM004838,Electric,Residential,ALAMEDA,Active,R-RES-TOU
ACCT004839,CUST004839,PREM004839,Electric,Residential,SOLANO,Active,R-RES-TOU
ACCT004840,CUST004840,PREM004840,Electric,Residential,SAN JOAQUIN,Active,R-RES-TOU
ACCT004841,CUST004841,PREM004841,Electric,Agriculture And Water Pumping,BUTTE,Active,R-AGR-PUMP
ACCT004842,CUST004842,PREM004842,Electric,Agriculture And Water Pumping,SHASTA,Active,R-AGR-PUMP
ACCT004843,CUST004843,PREM004843,Electric,Residential,ALAMEDA,Active,R-RES-TOU
ACCT004844,CUST004844,PREM004844,Electric,Residential,FRESNO,Active,R-RES-TOU
ACCT004845,CUST004845,PREM004845,Electric,Residential,SANTA CLARA,Active,R-RES-TOU
ACCT004846,CUST004846,PREM004846,Electric,Residential,KERN,Active,R-RES-TOU
ACCT004847,CUST004847,PREM004847,Electric,Industrial,SAN JOAQUIN,Active,R-IND-GEN
ACCT004848,CUST004848,PREM004848,Electric,Residential,SAN MATEO,Pending Close,R-RES-TOU
ACCT004849,CUST004849,PREM004849,Electric,Residential,NEVADA,Active,R-RES-TOU
ACCT004850,CUST004850,PREM004850,Electric,Residential,KERN,Active,R-RES-TOU
ACCT004851,CUST004851,PREM004851,Electric,"Transportation, Communications, & Utilities",SANTA BARBARA,Active,R-TCU-GEN
ACCT004852,CUST004852,PREM004852,Electric,Residential,KINGS,Active,R-RES-TOU
ACCT004853,CUST004853,PREM004853,Electric,Residential,CONTRA COSTA,Active,R-RES-TOU
ACCT004854,CUST004854,PREM004854,Electric,Residential,SAN FRANCISCO,Active,R-RES-TOU
ACCT004855,CUST004855,PREM004855,Electric,Residential,MONTEREY,Active,R-RES-TOU
ACCT004856,CUST004856,PREM004856,Electric,Residential,KERN,Active,R-RES-TOU
ACCT004857,CUST004857,PREM004857,Electric,Residential,SANTA CLARA,Active,R-RES-TOU
ACCT004858,CUST004858,PREM004858,Electric,Industrial,SAN FRANCISCO,Active,R-IND-GEN
ACCT004859,CUST004859,PREM004859,Electric,Commercial,ALAMEDA,Active,R-COM-GEN
ACCT004860,CUST004860,PREM004860,Electric,Commercial,SANTA CLARA,Active,R-COM-GEN
ACCT004861,CUST004861,PREM004861,Electric,Residential,SAN JOAQUIN,Active,R-RES-TOU
ACCT004862,CUST004862,PREM004862,Electric,Commercial,PLACER,Active,R-COM-GEN
ACCT004863,CUST004863,PREM004863,Electric,Residential,TUOLUMNE,Active,R-RES-TOU
ACCT004864,CUST004864,PREM004864,Electric,Residential,SAN JOAQUIN,Active,R-RES-TOU
ACCT004865,CUST004865,PREM004865,Electric,Residential,FRESNO,Active,R-RES-TOU
ACCT004866,CUST004866,PREM004866,Electric,Residential,CONTRA COSTA,Active,R-RES-TOU
ACCT004867,CUST004867,PREM004867,Electric,Residential,KERN,Active,R-RES-TOU
ACCT004868,CUST004868,PREM004868,Electric,Residential,SANTA CLARA,Active,R-RES-TOU
ACCT004869,CUST004869,PREM004869,Electric,Residential,CALAVERAS,Active,R-RES-TOU
ACCT004870,CUST004870,PREM004870,Electric,Commercial,SANTA CLARA,Active,R-COM-GEN
ACCT004871,CUST004871,PREM004871,Electric,Residential,ALAMEDA,Active,R-RES-TOU
ACCT004872,CUST004872,PREM004872,Electric,Residential,PLACER,Active,R-RES-TOU
ACCT004873,CUST004873,PREM004873,Electric,Residential,ALAMEDA,Active,R-RES-TOU
ACCT004874,CUST004874,PREM004874,Electric,Residential,SANTA CLARA,Active,R-RES-TOU
ACCT004875,CUST004875,PREM004875,Electric,Residential,SAN LUIS OBISPO,Active,R-RES-TOU
ACCT004876,CUST004876,PREM004876,Electric,Residential,SANTA CLARA,Active,R-RES-TOU
ACCT004877,CUST004877,PREM004877,Electric,Residential,CONTRA COSTA,Active,R-RES-TOU
ACCT004878,CUST004878,PREM004878,Electric,Residential,MARIN,Active,R-RES-TOU
ACCT004879,CUST004879,PREM004879,Electric,Residential,FRESNO,Active,R-RES-TOU
ACCT004880,CUST004880,PREM004880,Electric,Commercial,SAN FRANCISCO,Active,R-COM-GEN
ACCT004881,CUST004881,PREM004881,Electric,Residential,KERN,Active,R-RES-TOU
ACCT004882,CUST004882,PREM004882,Electric,Residential,SAN FRANCISCO,Active,R-RES-TOU
ACCT004883,CUST004883,PREM004883,Electric,Commercial,SAN MATEO,Active,R-COM-GEN
ACCT004884,CUST004884,PREM004884,Electric,Residential,AMADOR,Active,R-RES-TOU
ACCT004885,CUST004885,PREM004885,Electric,Residential,CONTRA COSTA,Active,R-RES-TOU
ACCT004886,CUST004886,PREM004886,Electric,Commercial,FRESNO,Active,R-COM-GEN
ACCT004887,CUST004887,PREM004887,Electric,Residential,SONOMA,Active,R-RES-TOU
ACCT004888,CUST004888,PREM004888,Electric,Residential,SAN JOAQUIN,Active,R-RES-TOU
ACCT004889,CUST004889,PREM004889,Electric,Residential,SANTA CLARA,Inactive,R-RES-TOU
ACCT004890,CUST004890,PREM004890,Electric,Residential,ALAMEDA,Active,R-RES-TOU
ACCT004891,CUST004891,PREM004891,Electric,Residential,FRESNO,Active,R-RES-TOU
ACCT004892,CUST004892,PREM004892,Electric,Residential,SANTA CLARA,Active,R-RES-TOU
ACCT004893,CUST004893,PREM004893,Electric,Residential,SAN JOAQUIN,Active,R-RES-TOU
ACCT004894,CUST004894,PREM004894,Electric,Residential,FRESNO,Active,R-RES-TOU
ACCT004895,CUST004895,PREM004895,Electric,Residential,SOLANO,Active,R-RES-TOU
ACCT004896,CUST004896,PREM004896,Electric,Residential,SANTA CLARA,Active,R-RES-TOU
ACCT004897,CUST004897,PREM004897,Electric,Residential,FRESNO,Active,R-RES-TOU
ACCT004898,CUST004898,PREM004898,Electric,Residential,FRESNO,Active,R-RES-TOU
ACCT004899,CUST004899,PREM004899,Electric,Residential,SAN JOAQUIN,Active,R-RES-TOU
ACCT004900,CUST004900,PREM004900,Electric,Commercial,CONTRA COSTA,Active,R-COM-GEN
ACCT004901,CUST004901,PREM004901,Electric,Residential,CONTRA COSTA,Active,R-RES-TOU
ACCT004902,CUST004902,PREM004902,Electric,Residential,MARIN,Active,R-RES-TOU
ACCT004903,CUST004903,PREM004903,Electric,Residential,SANTA CLARA,Active,R-RES-TOU
ACCT004904,CUST004904,PREM004904,Electric,Residential,SAN FRANCISCO,Active,R-RES-TOU
ACCT004905,CUST004905,PREM004905,Electric,Industrial,YOLO,Active,R-IND-GEN
ACCT004906,CUST004906,PREM004906,Electric,Residential,KERN,Active,R-RES-TOU
ACCT004907,CUST004907,PREM004907,Electric,Agriculture And Water Pumping,SAN JOAQUIN,Active,R-AGR-PUMP
ACCT004908,CUST004908,PREM004908,Electric,Residential,CONTRA COSTA,Active,R-RES-TOU
ACCT004909,CUST004909,PREM004909,Electric,Residential,SANTA CLARA,Active,R-RES-TOU
ACCT004910,CUST004910,PREM004910,Electric,Residential,CONTRA COSTA,Active,R-RES-TOU
ACCT004911,CUST004911,PREM004911,Electric,Commercial,ALAMEDA,Active,R-COM-GEN
ACCT004912,CUST004912,PREM004912,Electric,Residential,SONOMA,Active,R-RES-TOU
ACCT004913,CUST004913,PREM004913,Electric,Residential,SANTA CLARA,Active,R-RES-TOU
ACCT004914,CUST004914,PREM004914,Electric,Residential,SAN LUIS OBISPO,Active,R-RES-TOU
ACCT004915,CUST004915,PREM004915,Electric,Residential,KERN,Active,R-RES-TOU
ACCT004916,CUST004916,PREM004916,Electric,Commercial,AMADOR,Active,R-COM-GEN
ACCT004917,CUST004917,PREM004917,Electric,Residential,SANTA CLARA,Active,R-RES-TOU
ACCT004918,CUST004918,PREM004918,Electric,Residential,SANTA CLARA,Active,R-RES-TOU
ACCT004919,CUST004919,PREM004919,Electric,Residential,CONTRA COSTA,Active,R-RES-TOU
ACCT004920,CUST004920,PREM004920,Electric,Residential,KERN,Active,R-RES-TOU
ACCT004921,CUST004921,PREM004921,Electric,Agriculture And Water Pumping,ALAMEDA,Active,R-AGR-PUMP
ACCT004922,CUST004922,PREM004922,Electric,Residential,MONTEREY,Active,R-RES-TOU
ACCT004923,CUST004923,PREM004923,Electric,Residential,SAN LUIS OBISPO,Active,R-RES-TOU
ACCT004924,CUST004924,PREM004924,Electric,Commercial,EL DORADO,Active,R-COM-GEN
ACCT004925,CUST004925,PREM004925,Electric,Residential,PLACER,Active,R-RES-TOU
ACCT004926,CUST004926,PREM004926,Electric,Residential,SANTA CLARA,Active,R-RES-TOU
ACCT004927,CUST004927,PREM004927,Electric,Residential,KERN,Active,R-RES-TOU
ACCT004928,CUST004928,PREM004928,Electric,Residential,YUBA,Active,R-RES-TOU
ACCT004929,CUST004929,PREM004929,Electric,Residential,SAN JOAQUIN,Active,R-RES-TOU
ACCT004930,CUST004930,PREM004930,Electric,Commercial,SONOMA,Active,R-COM-GEN
ACCT004931,CUST004931,PREM004931,Electric,Residential,SAN JOAQUIN,Active,R-RES-TOU
ACCT004932,CUST004932,PREM004932,Electric,Residential,SANTA CLARA,Active,R-RES-TOU
ACCT004933,CUST004933,PREM004933,Electric,Agriculture And Water Pumping,SANTA CLARA,Active,R-AGR-PUMP
ACCT004934,CUST004934,PREM004934,Electric,Residential,CONTRA COSTA,Active,R-RES-TOU
ACCT004935,CUST004935,PREM004935,Electric,Residential,ALAMEDA,Active,R-RES-TOU
ACCT004936,CUST004936,PREM004936,Electric,Residential,SANTA CLARA,Inactive,R-RES-TOU
ACCT004937,CUST004937,PREM004937,Electric,Commercial,KERN,Active,R-COM-GEN
ACCT004938,CUST004938,PREM004938,Electric,Residential,FRESNO,Active,R-RES-TOU
ACCT004939,CUST004939,PREM004939,Electric,Residential,MONTEREY,Active,R-RES-TOU
ACCT004940,CUST004940,PREM004940,Electric,Commercial,SOLANO,Active,R-COM-GEN
ACCT004941,CUST004941,PREM004941,Electric,Residential,SUTTER,Active,R-RES-TOU
ACCT004942,CUST004942,PREM004942,Electric,Residential,CONTRA COSTA,Active,R-RES-TOU
ACCT004943,CUST004943,PREM004943,Electric,Commercial,CONTRA COSTA,Active,R-COM-GEN
ACCT004944,CUST004944,PREM004944,Electric,Residential,FRESNO,Active,R-RES-TOU
ACCT004945,CUST004945,PREM004945,Electric,Residential,ALAMEDA,Active,R-RES-TOU
ACCT004946,CUST004946,PREM004946,Electric,Industrial,ALAMEDA,Pending Close,R-IND-GEN
ACCT004947,CUST004947,PREM004947,Electric,Residential,ALAMEDA,Active,R-RES-TOU
ACCT004948,CUST004948,PREM004948,Electric,Residential,ALAMEDA,Active,R-RES-TOU
ACCT004949,CUST004949,PREM004949,Electric,Commercial,KERN,Active,R-COM-GEN
ACCT004950,CUST004950,PREM004950,Electric,Commercial,KERN,Active,R-COM-GEN
ACCT004951,CUST004951,PREM004951,Electric,Residential,KERN,Active,R-RES-TOU
ACCT004952,CUST004952,PREM004952,Electric,Residential,FRESNO,Active,R-RES-TOU
ACCT004953,CUST004953,PREM004953,Electric,Residential,KERN,Active,R-RES-TOU
ACCT004954,CUST004954,PREM004954,Electric,Residential,ALAMEDA,Active,R-RES-TOU
ACCT004955,CUST004955,PREM004955,Electric,Residential,SANTA CLARA,Active,R-RES-TOU
ACCT004956,CUST004956,PREM004956,Electric,Residential,SAN MATEO,Active,R-RES-TOU
ACCT004957,CUST004957,PREM004957,Electric,Residential,SOLANO,Active,R-RES-TOU
ACCT004958,CUST004958,PREM004958,Electric,Residential,MADERA,Active,R-RES-TOU
ACCT004959,CUST004959,PREM004959,Electric,Residential,FRESNO,Active,R-RES-TOU
ACCT004960,CUST004960,PREM004960,Electric,Residential,ALAMEDA,Active,R-RES-TOU
ACCT004961,CUST004961,PREM004961,Electric,Residential,NEVADA,Active,R-RES-TOU
ACCT004962,CUST004962,PREM004962,Electric,Residential,SAN FRANCISCO,Active,R-RES-TOU
ACCT004963,CUST004963,PREM004963,Electric,Residential,KERN,Active,R-RES-TOU
ACCT004964,CUST004964,PREM004964,Electric,Residential,SAN FRANCISCO,Active,R-RES-TOU
ACCT004965,CUST004965,PREM004965,Electric,Residential,KERN,Active,R-RES-TOU
ACCT004966,CUST004966,PREM004966,Electric,Residential,SAN FRANCISCO,Active,R-RES-TOU
ACCT004967,CUST004967,PREM004967,Electric,Agriculture And Water Pumping,FRESNO,Active,R-AGR-PUMP
ACCT004968,CUST004968,PREM004968,Electric,Residential,SANTA CLARA,Active,R-RES-TOU
ACCT004969,CUST004969,PREM004969,Electric,Agriculture And Water Pumping,SOLANO,Active,R-AGR-PUMP
ACCT004970,CUST004970,PREM004970,Electric,Residential,SANTA CLARA,Active,R-RES-TOU
ACCT004971,CUST004971,PREM004971,Electric,Residential,CONTRA COSTA,Pending Close,R-RES-TOU
ACCT004972,CUST004972,PREM004972,Electric,Commercial,HUMBOLDT,Active,R-COM-GEN
ACCT004973,CUST004973,PREM004973,Electric,Residential,LAKE,Active,R-RES-TOU
ACCT004974,CUST004974,PREM004974,Electric,Residential,CONTRA COSTA,Active,R-RES-TOU
ACCT004975,CUST004975,PREM004975,Electric,Residential,KERN,Active,R-RES-TOU
ACCT004976,CUST004976,PREM004976,Electric,Residential,SANTA CLARA,Active,R-RES-TOU
ACCT004977,CUST004977,PREM004977,Electric,Residential,KERN,Active,R-RES-TOU
ACCT004978,CUST004978,PREM004978,Electric,Residential,SAN JOAQUIN,Active,R-RES-TOU
ACCT004979,CUST004979,PREM004979,Electric,Residential,NAPA,Active,R-RES-TOU
ACCT004980,CUST004980,PREM004980,Electric,Residential,SANTA BARBARA,Active,R-RES-TOU
ACCT004981,CUST004981,PREM004981,Electric,"Transportation, Communications, & Utilities",SAN MATEO,Active,R-TCU-GEN
ACCT004982,CUST004982,PREM004982,Electric,Residential,SAN LUIS OBISPO,Active,R-RES-TOU
ACCT004983,CUST004983,PREM004983,Electric,Residential,ALAMEDA,Pending Close,R-RES-TOU
ACCT004984,CUST004984,PREM004984,Electric,Commercial,CALAVERAS,Active,R-COM-GEN
ACCT004985,CUST004985,PREM004985,Electric,Residential,MONTEREY,Active,R-RES-TOU
ACCT004986,CUST004986,PREM004986,Electric,Residential,SAN FRANCISCO,Active,R-RES-TOU
ACCT004987,CUST004987,PREM004987,Electric,Residential,ALAMEDA,Active,R-RES-TOU
ACCT004988,CUST004988,PREM004988,Electric,Residential,ALAMEDA,Active,R-RES-TOU
ACCT004989,CUST004989,PREM004989,Electric,Residential,CONTRA COSTA,Active,R-RES-TOU
ACCT004990,CUST004990,PREM004990,Electric,Residential,SAN JOAQUIN,Active,R-RES-TOU
ACCT004991,CUST004991,PREM004991,Electric,"Transportation, Communications, & Utilities",KERN,Active,R-TCU-GEN
ACCT004992,CUST004992,PREM004992,Electric,Residential,ALAMEDA,Active,R-RES-TOU
ACCT004993,CUST004993,PREM004993,Electric,Residential,KERN,Active,R-RES-TOU
ACCT004994,CUST004994,PREM004994,Electric,Residential,SAN JOAQUIN,Active,R-RES-TOU
ACCT004995,CUST004995,PREM004995,Electric,Residential,SANTA CLARA,Active,R-RES-TOU
ACCT004996,CUST004996,PREM004996,Electric,Commercial,BUTTE,Active,R-COM-GEN
ACCT004997,CUST004997,PREM004997,Electric,Residential,SONOMA,Active,R-RES-TOU
ACCT004998,CUST004998,PREM004998,Electric,Residential,NAPA,Active,R-RES-TOU
ACCT004999,CUST004999,PREM004999,Electric,Commercial,KERN,Active,R-COM-GEN
ACCT005000,CUST005000,PREM005000,Electric,Residential,SANTA CLARA,Active,R-RES-TOU
