request_id,exception_id,bill_id,account_id,customer_id,billing_cycle_id,customer_segment,county,request_type,priority,request_status,opened_date,closed_date
SR00000001,EXC00005019,BILL00054864,ACCT004572,CUST004572,2024-12,Residential,SANTA CLARA,Account Status Review,Low,Open,2025-01-03,
SR00000002,EXC00004914,BILL00053662,ACCT004472,CUST004472,2024-10,Mining,FRESNO,Account Status Review,Medium,Open,2024-11-03,
SR00000003,EXC00001808,BILL00021643,ACCT001804,CUST001804,2024-07,Residential,KERN,Account Status Review,Low,Closed,2024-08-03,2024-08-29
SR00000004,EXC00002562,BILL00028827,ACCT002403,CUST002403,2024-03,Residential,SAN FRANCISCO,Meter Data Investigation,Medium,Closed,2024-04-03,2024-04-13
SR00000005,EXC00002858,BILL00031827,ACCT002653,CUST002653,2024-03,Residential,CONTRA COSTA,Missing Read Investigation,Medium,Closed,2024-04-03,2024-04-09
SR00000006,EXC00004782,BILL00052423,ACCT004369,CUST004369,2024-07,Residential,MERCED,Account Status Review,Medium,Closed,2024-08-03,2024-08-21
SR00000007,EXC00004303,BILL00047455,ACCT003955,CUST003955,2024-07,Residential,SAN MATEO,Account Status Review,High,Closed,2024-08-03,2024-08-13
SR00000008,EXC00004537,BILL00050245,ACCT004188,CUST004188,2024-01,Residential,CONTRA COSTA,Account Status Review,Medium,Open,2024-02-03,
SR00000009,EXC00003956,BILL00044249,ACCT003688,CUST003688,2024-05,Residential,SANTA CLARA,Account Status Review,Low,Closed,2024-06-03,2024-07-02
SR00000010,EXC00005397,BILL00059793,ACCT004983,CUST004983,2024-09,Residential,ALAMEDA,Account Status Review,Low,Closed,2024-10-03,2024-10-13
SR00000011,EXC00000034,BILL00000503,ACCT000042,CUST000042,2024-11,Residential,NEVADA,Missing Read Investigation,Critical,Closed,2024-12-03,2024-12-20
SR00000012,EXC00004338,BILL00047816,ACCT003985,CUST003985,2024-08,Commercial,CONTRA COSTA,Account Status Review,Critical,Closed,2024-09-03,2024-09-22
SR00000013,EXC00003485,BILL00038276,ACCT003190,CUST003190,2024-08,Residential,SAN MATEO,Account Status Review,Medium,Closed,2024-09-03,2024-09-16
SR00000014,EXC00003787,BILL00041989,ACCT003500,CUST003500,2024-01,Residential,ALAMEDA,Missing Read Investigation,High,Open,2024-02-03,
SR00000015,EXC00003140,BILL00035835,ACCT002987,CUST002987,2024-03,Residential,MERCED,Account Status Review,Medium,Closed,2024-04-03,2024-04-12
SR00000016,EXC00004319,BILL00047599,ACCT003967,CUST003967,2024-07,Residential,NEVADA,Account Status Review,High,Open,2024-08-03,
SR00000017,EXC00005110,BILL00055910,ACCT004660,CUST004660,2024-02,Residential,SAN JOAQUIN,Account Status Review,High,Closed,2024-03-03,2024-03-20
SR00000018,EXC00000316,BILL00004002,ACCT000334,CUST000334,2024-06,Residential,ALAMEDA,Missing Read Investigation,Low,Closed,2024-07-03,2024-07-26
SR00000019,EXC00001435,BILL00017076,ACCT001423,CUST001423,2024-12,Residential,CONTRA COSTA,Account Status Review,Medium,Closed,2025-01-03,2025-02-01
SR00000020,EXC00003194,BILL00036074,ACCT003007,CUST003007,2024-02,Commercial,MADERA,Account Status Review,Low,Closed,2024-03-03,2024-03-08
SR00000021,EXC00001398,BILL00016602,ACCT001384,CUST001384,2024-06,Residential,ALAMEDA,Meter Data Investigation,Low,In Progress,2024-07-03,
SR00000022,EXC00001804,BILL00021639,ACCT001804,CUST001804,2024-03,Residential,KERN,Account Status Review,Medium,Closed,2024-04-03,2024-04-28
SR00000023,EXC00000298,BILL00003760,ACCT000314,CUST000314,2024-04,Agriculture And Water Pumping,KINGS,Missing Read Investigation,Medium,In Progress,2024-05-03,
SR00000024,EXC00004382,BILL00048243,ACCT004021,CUST004021,2024-03,Residential,ALAMEDA,Missing Read Investigation,Medium,Closed,2024-04-03,2024-04-06
SR00000025,EXC00001850,BILL00021762,ACCT001814,CUST001814,2024-06,Residential,MERCED,Missing Read Investigation,High,Open,2024-07-03,
SR00000026,EXC00000498,BILL00006558,ACCT000547,CUST000547,2024-06,Residential,SANTA CLARA,Account Status Review,Medium,Open,2024-07-03,
SR00000027,EXC00000291,BILL00003750,ACCT000313,CUST000313,2024-06,Residential,YOLO,Account Status Review,Low,In Progress,2024-07-03,
SR00000028,EXC00001729,BILL00020489,ACCT001708,CUST001708,2024-05,Residential,SAN FRANCISCO,Account Status Review,Low,In Progress,2024-06-03,
SR00000029,EXC00001380,BILL00016406,ACCT001368,CUST001368,2024-02,Commercial,SANTA CLARA,Account Status Review,Medium,In Progress,2024-03-03,
SR00000030,EXC00000492,BILL00006552,ACCT000546,CUST000546,2024-12,Residential,GLENN,Missing Read Investigation,Low,Closed,2025-01-03,2025-01-27
SR00000031,EXC00004864,BILL00053438,ACCT004454,CUST004454,2024-02,Commercial,SANTA CLARA,Account Status Review,Medium,In Progress,2024-03-03,
SR00000032,EXC00004874,BILL00053448,ACCT004454,CUST004454,2024-12,Commercial,SANTA CLARA,Account Status Review,Medium,Open,2025-01-03,
SR00000033,EXC00001584,BILL00019227,ACCT001603,CUST001603,2024-03,Residential,SAN MATEO,Account Status Review,High,Closed,2024-04-03,2024-04-17
SR00000034,EXC00001942,BILL00022991,ACCT001916,CUST001916,2024-11,Residential,SANTA CLARA,Account Status Review,Medium,Closed,2024-12-03,2024-12-23
SR00000035,EXC00000085,BILL00000999,ACCT000084,CUST000084,2024-03,Residential,ALAMEDA,Missing Read Investigation,High,Closed,2024-04-03,2024-04-29
SR00000036,EXC00004954,BILL00054254,ACCT004522,CUST004522,2024-02,Residential,EL DORADO,Account Status Review,High,Closed,2024-03-03,2024-03-14
SR00000037,EXC00003517,BILL00038664,ACCT003222,CUST003222,2024-12,Residential,SANTA CLARA,Account Status Review,Medium,Closed,2025-01-03,2025-01-22
SR00000038,EXC00003506,BILL00038653,ACCT003222,CUST003222,2024-01,Residential,SANTA CLARA,Account Status Review,High,Closed,2024-02-03,2024-02-22
SR00000039,EXC00001882,BILL00022195,ACCT001850,CUST001850,2024-07,Residential,CONTRA COSTA,Account Status Review,Medium,Open,2024-08-03,
SR00000040,EXC00003717,BILL00041012,ACCT003418,CUST003418,2024-08,Residential,SAN FRANCISCO,Account Status Review,Medium,Closed,2024-09-03,2024-09-08
SR00000041,EXC00000347,BILL00004442,ACCT000371,CUST000371,2024-02,Residential,KERN,Meter Data Investigation,High,Open,2024-03-03,
SR00000042,EXC00002474,BILL00027840,ACCT002320,CUST002320,2024-12,Residential,NAPA,Account Status Review,Medium,Cancelled,2025-01-03,2025-01-29
SR00000043,EXC00001733,BILL00020493,ACCT001708,CUST001708,2024-09,Residential,SAN FRANCISCO,Account Status Review,Medium,Closed,2024-10-03,2024-10-15
SR00000044,EXC00000009,BILL00000108,ACCT000009,CUST000009,2024-12,Residential,SANTA CLARA,Meter Data Investigation,Low,Closed,2025-01-03,2025-01-24
SR00000045,EXC00001756,BILL00020925,ACCT001744,CUST001744,2024-09,Residential,BUTTE,Account Status Review,Low,In Progress,2024-10-03,
SR00000046,EXC00004908,BILL00053656,ACCT004472,CUST004472,2024-04,Mining,FRESNO,Account Status Review,Low,In Progress,2024-05-03,
SR00000047,EXC00000133,BILL00001594,ACCT000133,CUST000133,2024-10,Residential,SANTA CLARA,Missing Read Investigation,Medium,Closed,2024-11-03,2024-11-11
SR00000048,EXC00003857,BILL00043040,ACCT003587,CUST003587,2024-08,Residential,MONTEREY,Account Status Review,Medium,Closed,2024-09-03,2024-10-02
SR00000049,EXC00002903,BILL00033446,ACCT002788,CUST002788,2024-02,Residential,YOLO,Account Status Review,High,Closed,2024-03-03,2024-03-28
SR00000050,EXC00000777,BILL00009638,ACCT000804,CUST000804,2024-02,Residential,SAN JOAQUIN,Account Status Review,Critical,Closed,2024-03-03,2024-03-09
SR00000051,EXC00004910,BILL00053658,ACCT004472,CUST004472,2024-06,Mining,FRESNO,Account Status Review,Low,Closed,2024-07-03,2024-07-22
SR00000052,EXC00000440,BILL00005420,ACCT000452,CUST000452,2024-08,Residential,ALAMEDA,Account Status Review,Medium,In Progress,2024-09-03,
SR00000053,EXC00003563,BILL00039189,ACCT003266,CUST003266,2024-09,Residential,CONTRA COSTA,Account Status Review,Low,In Progress,2024-10-03,
SR00000054,EXC00003713,BILL00041008,ACCT003418,CUST003418,2024-04,Residential,SAN FRANCISCO,Account Status Review,Medium,Closed,2024-05-03,2024-06-01
SR00000055,EXC00002518,BILL00028161,ACCT002347,CUST002347,2024-09,Residential,KERN,Missing Read Investigation,High,Open,2024-10-03,
SR00000056,EXC00002749,BILL00030208,ACCT002518,CUST002518,2024-04,Residential,ALAMEDA,Account Status Review,Medium,In Progress,2024-05-03,
SR00000057,EXC00003358,BILL00037078,ACCT003090,CUST003090,2024-10,Residential,SONOMA,Missing Read Investigation,Medium,In Progress,2024-11-03,
SR00000058,EXC00002196,BILL00025232,ACCT002103,CUST002103,2024-08,Residential,LAKE,Account Status Review,Medium,Closed,2024-09-03,2024-09-17
SR00000059,EXC00002828,BILL00031466,ACCT002623,CUST002623,2024-02,Residential,SANTA CLARA,Account Status Review,Critical,Closed,2024-03-03,2024-03-22
SR00000060,EXC00004978,BILL00054380,ACCT004532,CUST004532,2024-08,Residential,TUOLUMNE,Account Status Review,Medium,Closed,2024-09-03,2024-09-24
SR00000061,EXC00003124,BILL00035689,ACCT002975,CUST002975,2024-01,Residential,PLACER,Account Status Review,Medium,Closed,2024-02-03,2024-03-01
SR00000062,EXC00004731,BILL00052182,ACCT004349,CUST004349,2024-06,Commercial,SANTA BARBARA,Missing Read Investigation,Medium,Closed,2024-07-03,2024-07-14
SR00000063,EXC00002095,BILL00024277,ACCT002024,CUST002024,2024-01,Residential,MERCED,Account Status Review,Low,Closed,2024-02-03,2024-02-12
SR00000064,EXC00004926,BILL00053734,ACCT004478,CUST004478,2024-10,Residential,MONTEREY,Account Status Review,Critical,Open,2024-11-03,
SR00000065,EXC00004248,BILL00046788,ACCT003899,CUST003899,2024-12,Residential,GLENN,Account Status Review,Low,Cancelled,2025-01-03,2025-01-12
SR00000066,EXC00004257,BILL00047135,ACCT003928,CUST003928,2024-11,Residential,SANTA CLARA,Meter Data Investigation,High,Closed,2024-12-03,2024-12-31
SR00000067,EXC00004693,BILL00052046,ACCT004338,CUST004338,2024-02,Commercial,HUMBOLDT,Account Status Review,Low,In Progress,2024-03-03,
SR00000068,EXC00000466,BILL00005837,ACCT000487,CUST000487,2024-05,Residential,SANTA CLARA,Meter Data Investigation,Medium,Closed,2024-06-03,2024-06-06
SR00000069,EXC00000297,BILL00003756,ACCT000313,CUST000313,2024-12,Residential,YOLO,Account Status Review,Low,Closed,2025-01-03,2025-01-04
SR00000070,EXC00001685,BILL00020048,ACCT001671,CUST001671,2024-08,Residential,SAN MATEO,Missing Read Investigation,Medium,In Progress,2024-09-03,
SR00000071,EXC00001282,BILL00015680,ACCT001307,CUST001307,2024-08,Residential,MARIN,Account Status Review,Medium,Closed,2024-09-03,2024-09-16
SR00000072,EXC00003170,BILL00036005,ACCT003001,CUST003001,2024-05,Residential,FRESNO,Account Status Review,Low,Closed,2024-06-03,2024-06-13
SR00000073,EXC00002317,BILL00026563,ACCT002214,CUST002214,2024-07,Agriculture And Water Pumping,KERN,Account Status Review,Low,Closed,2024-08-03,2024-08-18
SR00000074,EXC00000625,BILL00007770,ACCT000648,CUST000648,2024-06,Residential,SOLANO,Missing Read Investigation,Medium,Closed,2024-07-03,2024-07-20
SR00000075,EXC00001256,BILL00015433,ACCT001287,CUST001287,2024-01,Residential,MONTEREY,Account Status Review,Medium,Cancelled,2024-02-03,2024-02-07
SR00000076,EXC00002665,BILL00029374,ACCT002448,CUST002448,2024-10,Residential,ALAMEDA,Account Status Review,Medium,Closed,2024-11-03,2024-11-11
SR00000077,EXC00000531,BILL00006740,ACCT000562,CUST000562,2024-08,Residential,YUBA,Account Status Review,High,Open,2024-09-03,
SR00000078,EXC00000169,BILL00002532,ACCT000211,CUST000211,2024-12,Residential,NAPA,Account Status Review,Medium,In Progress,2025-01-03,
SR00000079,EXC00002343,BILL00026823,ACCT002236,CUST002236,2024-03,Residential,KERN,Account Status Review,Medium,Closed,2024-04-03,2024-04-09
SR00000080,EXC00000712,BILL00008546,ACCT000713,CUST000713,2024-02,Residential,KERN,Account Status Review,High,Open,2024-03-03,
SR00000081,EXC00003815,BILL00042713,ACCT003560,CUST003560,2024-05,Residential,SAN JOAQUIN,Missing Read Investigation,Medium,Open,2024-06-03,
SR00000082,EXC00005282,BILL00058090,ACCT004841,CUST004841,2024-10,Agriculture And Water Pumping,BUTTE,Missing Read Investigation,Low,Closed,2024-11-03,2024-11-07
SR00000083,EXC00000539,BILL00006908,ACCT000576,CUST000576,2024-08,Industrial,SANTA CLARA,Missing Read Investigation,Medium,Closed,2024-09-03,2024-10-02
SR00000084,EXC00001958,BILL00023077,ACCT001924,CUST001924,2024-01,Residential,SAN FRANCISCO,Account Status Review,Medium,Closed,2024-02-03,2024-02-15
SR00000085,EXC00003947,BILL00044178,ACCT003682,CUST003682,2024-06,Residential,SAN JOAQUIN,Meter Data Investigation,High,In Progress,2024-07-03,
SR00000086,EXC00002446,BILL00027686,ACCT002308,CUST002308,2024-02,Residential,ALAMEDA,Account Status Review,High,In Progress,2024-03-03,
SR00000087,EXC00003514,BILL00038661,ACCT003222,CUST003222,2024-09,Residential,SANTA CLARA,Account Status Review,High,Closed,2024-10-03,2024-10-26
SR00000088,EXC00005146,BILL00056401,ACCT004701,CUST004701,2024-01,Residential,MERCED,Account Status Review,High,Closed,2024-02-03,2024-02-15
SR00000089,EXC00004776,BILL00052417,ACCT004369,CUST004369,2024-01,Residential,MERCED,Account Status Review,Medium,Closed,2024-02-03,2024-02-09
SR00000090,EXC00000590,BILL00007498,ACCT000625,CUST000625,2024-10,Residential,CONTRA COSTA,Account Status Review,Medium,Closed,2024-11-03,2024-11-09
SR00000091,EXC00002481,BILL00027858,ACCT002322,CUST002322,2024-06,Residential,PLACER,Account Status Review,High,Closed,2024-07-03,2024-07-06
SR00000092,EXC00004152,BILL00045787,ACCT003816,CUST003816,2024-07,Residential,FRESNO,Missing Read Investigation,Low,Closed,2024-08-03,2024-08-19
SR00000093,EXC00004600,BILL00050992,ACCT004250,CUST004250,2024-04,Agriculture And Water Pumping,ALAMEDA,Account Status Review,Medium,Closed,2024-05-03,2024-05-21
SR00000094,EXC00000231,BILL00003174,ACCT000265,CUST000265,2024-06,Commercial,KINGS,Missing Read Investigation,Medium,Closed,2024-07-03,2024-07-18
SR00000095,EXC00001437,BILL00017183,ACCT001432,CUST001432,2024-11,Residential,SUTTER,Missing Read Investigation,High,In Progress,2024-12-03,
SR00000096,EXC00000554,BILL00006975,ACCT000582,CUST000582,2024-03,"Transportation, Communications, & Utilities",SAN MATEO,Account Status Review,Low,Closed,2024-04-03,2024-04-04
SR00000097,EXC00002945,BILL00033771,ACCT002815,CUST002815,2024-03,Residential,SANTA CLARA,Missing Read Investigation,High,Closed,2024-04-03,2024-04-08
SR00000098,EXC00002974,BILL00034160,ACCT002847,CUST002847,2024-08,Residential,SAN JOAQUIN,Account Status Review,Critical,In Progress,2024-09-03,
SR00000099,EXC00002023,BILL00023619,ACCT001969,CUST001969,2024-03,Residential,FRESNO,Missing Read Investigation,High,Open,2024-04-03,
SR00000100,EXC00002925,BILL00033528,ACCT002794,CUST002794,2024-12,Residential,SANTA BARBARA,Account Status Review,Medium,Closed,2025-01-03,2025-01-22
SR00000101,EXC00000024,BILL00000377,ACCT000032,CUST000032,2024-05,Residential,PLACER,Account Status Review,Medium,Closed,2024-06-03,2024-06-30
SR00000102,EXC00003820,BILL00042819,ACCT003569,CUST003569,2024-03,Residential,KERN,Account Status Review,Medium,In Progress,2024-04-03,
SR00000103,EXC00005228,BILL00057383,ACCT004782,CUST004782,2024-11,Residential,KERN,Account Status Review,Low,Closed,2024-12-03,2024-12-08
SR00000104,EXC00003120,BILL00035551,ACCT002963,CUST002963,2024-07,Residential,SANTA CLARA,Meter Data Investigation,Medium,Closed,2024-08-03,2024-08-16
SR00000105,EXC00001724,BILL00020484,ACCT001707,CUST001707,2024-12,Residential,MENDOCINO,Account Status Review,Medium,Closed,2025-01-03,2025-01-29
SR00000106,EXC00000411,BILL00005321,ACCT000444,CUST000444,2024-05,Residential,NAPA,Account Status Review,Medium,Closed,2024-06-03,2024-06-13
SR00000107,EXC00004644,BILL00051301,ACCT004276,CUST004276,2024-01,Residential,SAN MATEO,Missing Read Investigation,High,In Progress,2024-02-03,
SR00000108,EXC00002874,BILL00032409,ACCT002701,CUST002701,2024-09,Residential,YUBA,Meter Data Investigation,High,Closed,2024-10-03,2024-10-20
SR00000109,EXC00004160,BILL00045871,ACCT003823,CUST003823,2024-07,Commercial,SANTA CLARA,Account Status Review,Medium,In Progress,2024-08-03,
SR00000110,EXC00004591,BILL00050828,ACCT004236,CUST004236,2024-08,Residential,SAN MATEO,Account Status Review,Medium,Open,2024-09-03,
SR00000111,EXC00004306,BILL00047458,ACCT003955,CUST003955,2024-10,Residential,SAN MATEO,Account Status Review,High,Open,2024-11-03,
SR00000112,EXC00000016,BILL00000246,ACCT000021,CUST000021,2024-06,Residential,FRESNO,Meter Data Investigation,Medium,In Progress,2024-07-03,
SR00000113,EXC00003493,BILL00038355,ACCT003197,CUST003197,2024-03,Industrial,FRESNO,Account Status Review,High,In Progress,2024-04-03,
SR00000114,EXC00000080,BILL00000958,ACCT000080,CUST000080,2024-10,Residential,KERN,Account Status Review,Medium,Closed,2024-11-03,2024-11-26
SR00000115,EXC00001748,BILL00020917,ACCT001744,CUST001744,2024-01,Residential,BUTTE,Account Status Review,Low,Closed,2024-02-03,2024-02-29
SR00000116,EXC00001718,BILL00020478,ACCT001707,CUST001707,2024-06,Residential,MENDOCINO,Account Status Review,Medium,In Progress,2024-07-03,
SR00000117,EXC00000382,BILL00004851,ACCT000405,CUST000405,2024-03,Residential,SAN MATEO,Account Status Review,Medium,Closed,2024-04-03,2024-04-13
SR00000118,EXC00003255,BILL00036310,ACCT003026,CUST003026,2024-10,Residential,KERN,Missing Read Investigation,Medium,Closed,2024-11-03,2024-11-07
SR00000119,EXC00002128,BILL00024574,ACCT002048,CUST002048,2024-10,Residential,CONTRA COSTA,Account Status Review,Medium,Open,2024-11-03,
SR00000120,EXC00002624,BILL00029051,ACCT002421,CUST002421,2024-11,Residential,SANTA CLARA,Account Status Review,Medium,Closed,2024-12-03,2024-12-06
SR00000121,EXC00003318,BILL00036862,ACCT003072,CUST003072,2024-10,Residential,KERN,Missing Read Investigation,Medium,Closed,2024-11-03,2024-11-16
SR00000122,EXC00001371,BILL00016293,ACCT001358,CUST001358,2024-09,Residential,KERN,Meter Data Investigation,Medium,Closed,2024-10-03,2024-10-26
SR00000123,EXC00000626,BILL00007771,ACCT000648,CUST000648,2024-07,Residential,SOLANO,Missing Read Investigation,Medium,Open,2024-08-03,
SR00000124,EXC00002307,BILL00026553,ACCT002213,CUST002213,2024-09,Residential,ALAMEDA,Account Status Review,Medium,Closed,2024-10-03,2024-10-06
SR00000125,EXC00003423,BILL00037682,ACCT003141,CUST003141,2024-02,Residential,SANTA CLARA,Account Status Review,Medium,Open,2024-03-03,
SR00000126,EXC00004662,BILL00051890,ACCT004325,CUST004325,2024-02,Commercial,SANTA CLARA,Account Status Review,Medium,Closed,2024-03-03,2024-03-30
SR00000127,EXC00004011,BILL00044673,ACCT003723,CUST003723,2024-09,Industrial,SANTA CLARA,Missing Read Investigation,Low,Closed,2024-10-03,2024-10-07
SR00000128,EXC00001254,BILL00015396,ACCT001283,CUST001283,2024-12,Residential,MADERA,Account Status Review,Low,Closed,2025-01-03,2025-01-23
SR00000129,EXC00003516,BILL00038663,ACCT003222,CUST003222,2024-11,Residential,SANTA CLARA,Account Status Review,Low,Closed,2024-12-03,2024-12-18
SR00000130,EXC00000599,BILL00007622,ACCT000636,CUST000636,2024-02,Residential,CONTRA COSTA,Account Status Review,Medium,Closed,2024-03-03,2024-03-13
SR00000131,EXC00000866,BILL00010398,ACCT000867,CUST000867,2024-06,Residential,SOLANO,Meter Data Investigation,Medium,In Progress,2024-07-03,
SR00000132,EXC00001504,BILL00017969,ACCT001498,CUST001498,2024-05,Residential,CONTRA COSTA,Meter Data Investigation,Low,Cancelled,2024-06-03,2024-06-24
SR00000133,EXC00002119,BILL00024565,ACCT002048,CUST002048,2024-01,Residential,CONTRA COSTA,Account Status Review,Low,Open,2024-02-03,
SR00000134,EXC00000240,BILL00003272,ACCT000273,CUST000273,2024-08,Commercial,ALAMEDA,Account Status Review,Low,Closed,2024-09-03,2024-09-10
SR00000135,EXC00002234,BILL00025530,ACCT002128,CUST002128,2024-06,Residential,ALAMEDA,Account Status Review,Medium,In Progress,2024-07-03,
SR00000136,EXC00004304,BILL00047456,ACCT003955,CUST003955,2024-08,Residential,SAN MATEO,Account Status Review,Medium,Open,2024-09-03,
SR00000137,EXC00001468,BILL00017543,ACCT001462,CUST001462,2024-11,Residential,FRESNO,Missing Read Investigation,High,Closed,2024-12-03,2024-12-13
SR00000138,EXC00004532,BILL00050128,ACCT004178,CUST004178,2024-04,Commercial,SAN JOAQUIN,Missing Read Investigation,Critical,Closed,2024-05-03,2024-05-08
SR00000139,EXC00003476,BILL00038267,ACCT003189,CUST003189,2024-11,Commercial,PLACER,Account Status Review,Medium,Closed,2024-12-03,2024-12-13
SR00000140,EXC00005197,BILL00057052,ACCT004755,CUST004755,2024-04,Commercial,SANTA CLARA,Meter Data Investigation,Medium,Closed,2024-05-03,2024-05-25
SR00000141,EXC00002606,BILL00028962,ACCT002414,CUST002414,2024-06,Residential,SAN JOAQUIN,Account Status Review,Medium,Closed,2024-07-03,2024-07-27
SR00000142,EXC00000334,BILL00004346,ACCT000363,CUST000363,2024-02,Residential,SAN FRANCISCO,Account Status Review,High,Closed,2024-03-03,2024-03-22
SR00000143,EXC00003533,BILL00038865,ACCT003239,CUST003239,2024-09,Residential,COLUSA,Account Status Review,Medium,Closed,2024-10-03,2024-10-07
SR00000144,EXC00001781,BILL00021308,ACCT001776,CUST001776,2024-08,Residential,ALAMEDA,Meter Data Investigation,Low,Closed,2024-09-03,2024-10-01
SR00000145,EXC00004677,BILL00052006,ACCT004334,CUST004334,2024-10,Residential,FRESNO,Meter Data Investigation,Low,Closed,2024-11-03,2024-11-20
SR00000146,EXC00003429,BILL00037688,ACCT003141,CUST003141,2024-08,Residential,SANTA CLARA,Account Status Review,Low,In Progress,2024-09-03,
SR00000147,EXC00000168,BILL00002531,ACCT000211,CUST000211,2024-11,Residential,NAPA,Account Status Review,Medium,Closed,2024-12-03,2024-12-09
SR00000148,EXC00004166,BILL00045881,ACCT003824,CUST003824,2024-05,Residential,CONTRA COSTA,Meter Data Investigation,Critical,Closed,2024-06-03,2024-06-10
SR00000149,EXC00004989,BILL00054787,ACCT004566,CUST004566,2024-07,Commercial,SAN MATEO,Missing Read Investigation,Medium,Closed,2024-08-03,2024-08-18
SR00000150,EXC00003314,BILL00036824,ACCT003069,CUST003069,2024-08,Residential,KERN,Missing Read Investigation,High,Open,2024-09-03,
SR00000151,EXC00000882,BILL00010788,ACCT000899,CUST000899,2024-12,Residential,NAPA,Missing Read Investigation,Low,Closed,2025-01-03,2025-01-22
SR00000152,EXC00003149,BILL00035844,ACCT002987,CUST002987,2024-12,Residential,MERCED,Account Status Review,Critical,Closed,2025-01-03,2025-01-22
SR00000153,EXC00003734,BILL00041223,ACCT003436,CUST003436,2024-03,Residential,ALAMEDA,Account Status Review,Low,Open,2024-04-03,
SR00000154,EXC00004468,BILL00049121,ACCT004094,CUST004094,2024-05,Industrial,FRESNO,Account Status Review,Low,Cancelled,2024-06-03,2024-06-30
SR00000155,EXC00004221,BILL00046552,ACCT003880,CUST003880,2024-04,Residential,SANTA CLARA,Account Status Review,Low,Closed,2024-05-03,2024-05-22
SR00000156,EXC00004879,BILL00053525,ACCT004461,CUST004461,2024-05,Residential,FRESNO,Account Status Review,High,Closed,2024-06-03,2024-07-01
SR00000157,EXC00000978,BILL00012235,ACCT001020,CUST001020,2024-07,Residential,SANTA CLARA,Account Status Review,Medium,Closed,2024-08-03,2024-08-23
SR00000158,EXC00001362,BILL00016160,ACCT001347,CUST001347,2024-08,Residential,ALAMEDA,Account Status Review,Critical,Closed,2024-09-03,2024-09-09
SR00000159,EXC00001262,BILL00015439,ACCT001287,CUST001287,2024-07,Residential,MONTEREY,Account Status Review,Low,Closed,2024-08-03,2024-08-07
SR00000160,EXC00003152,BILL00035917,ACCT002994,CUST002994,2024-01,Residential,ALAMEDA,Meter Data Investigation,Low,Closed,2024-02-03,2024-02-22
SR00000161,EXC00000585,BILL00007493,ACCT000625,CUST000625,2024-05,Residential,CONTRA COSTA,Account Status Review,High,In Progress,2024-06-03,
SR00000162,EXC00005256,BILL00057634,ACCT004803,CUST004803,2024-10,Commercial,SANTA CLARA,Account Status Review,Medium,Open,2024-11-03,
SR00000163,EXC00001618,BILL00019583,ACCT001632,CUST001632,2024-11,Residential,SANTA CLARA,Meter Data Investigation,Medium,Open,2024-12-03,
SR00000164,EXC00000927,BILL00011683,ACCT000974,CUST000974,2024-07,Residential,BUTTE,Meter Data Investigation,High,Closed,2024-08-03,2024-08-16
SR00000165,EXC00000916,BILL00011655,ACCT000972,CUST000972,2024-03,Industrial,SANTA CLARA,Account Status Review,Low,In Progress,2024-04-03,
SR00000166,EXC00001213,BILL00014790,ACCT001233,CUST001233,2024-06,Residential,SAN FRANCISCO,Missing Read Investigation,Low,In Progress,2024-07-03,
SR00000167,EXC00000374,BILL00004656,ACCT000388,CUST000388,2024-12,Residential,KINGS,Account Status Review,Medium,Closed,2025-01-03,2025-01-08
SR00000168,EXC00003752,BILL00041503,ACCT003459,CUST003459,2024-07,Residential,LAKE,Account Status Review,High,Open,2024-08-03,
SR00000169,EXC00004321,BILL00047601,ACCT003967,CUST003967,2024-09,Residential,NEVADA,Account Status Review,Medium,Open,2024-10-03,
SR00000170,EXC00001594,BILL00019240,ACCT001604,CUST001604,2024-04,Residential,SAN JOAQUIN,Missing Read Investigation,High,Closed,2024-05-03,2024-05-29
SR00000171,EXC00002466,BILL00027832,ACCT002320,CUST002320,2024-04,Residential,NAPA,Account Status Review,High,Closed,2024-05-03,2024-05-05
SR00000172,EXC00004560,BILL00050538,ACCT004212,CUST004212,2024-06,Residential,SUTTER,Account Status Review,High,Closed,2024-07-03,2024-07-11
SR00000173,EXC00000081,BILL00000959,ACCT000080,CUST000080,2024-11,Residential,KERN,Account Status Review,Medium,Closed,2024-12-03,2024-12-06
SR00000174,EXC00000249,BILL00003542,ACCT000296,CUST000296,2024-02,Residential,SANTA CLARA,Account Status Review,High,Closed,2024-03-03,2024-03-21
SR00000175,EXC00001484,BILL00017693,ACCT001475,CUST001475,2024-05,Residential,FRESNO,Meter Data Investigation,Medium,In Progress,2024-06-03,
SR00000176,EXC00004455,BILL00049085,ACCT004091,CUST004091,2024-05,Residential,KERN,Account Status Review,High,Closed,2024-06-03,2024-06-24
SR00000177,EXC00001658,BILL00019887,ACCT001658,CUST001658,2024-03,Residential,ALAMEDA,Account Status Review,High,Closed,2024-04-03,2024-04-28
SR00000178,EXC00003291,BILL00036632,ACCT003053,CUST003053,2024-08,Residential,KINGS,Account Status Review,Low,Closed,2024-09-03,2024-09-24
SR00000179,EXC00003154,BILL00035942,ACCT002996,CUST002996,2024-02,Commercial,ALAMEDA,Account Status Review,Low,Open,2024-03-03,
SR00000180,EXC00000280,BILL00003727,ACCT000311,CUST000311,2024-07,Residential,SAN MATEO,Account Status Review,Medium,Closed,2024-08-03,2024-08-27
SR00000181,EXC00001316,BILL00015831,ACCT001320,CUST001320,2024-03,Residential,CONTRA COSTA,Account Status Review,Medium,In Progress,2024-04-03,
SR00000182,EXC00004752,BILL00052325,ACCT004361,CUST004361,2024-05,Residential,PLACER,Account Status Review,Medium,Closed,2024-06-03,2024-06-13
SR00000183,EXC00002806,BILL00030963,ACCT002581,CUST002581,2024-03,Residential,FRESNO,Meter Data Investigation,Medium,Closed,2024-04-03,2024-04-17
SR00000184,EXC00000933,BILL00011858,ACCT000989,CUST000989,2024-02,Residential,FRESNO,Meter Data Investigation,Low,Closed,2024-03-03,2024-03-26
SR00000185,EXC00002973,BILL00034159,ACCT002847,CUST002847,2024-07,Residential,SAN JOAQUIN,Account Status Review,High,Closed,2024-08-03,2024-08-27
SR00000186,EXC00000473,BILL00006108,ACCT000509,CUST000509,2024-12,Industrial,ALAMEDA,Meter Data Investigation,Medium,Closed,2025-01-03,2025-01-31
SR00000187,EXC00000752,BILL00009174,ACCT000765,CUST000765,2024-06,Residential,MONTEREY,Meter Data Investigation,Medium,In Progress,2024-07-03,
SR00000188,EXC00001421,BILL00016962,ACCT001414,CUST001414,2024-06,Residential,KERN,Missing Read Investigation,Medium,Open,2024-07-03,
SR00000189,EXC00005359,BILL00059351,ACCT004946,CUST004946,2024-11,Industrial,ALAMEDA,Account Status Review,High,Closed,2024-12-03,2024-12-13
SR00000190,EXC00001096,BILL00013700,ACCT001142,CUST001142,2024-08,Residential,SAN MATEO,Account Status Review,Medium,Closed,2024-09-03,2024-09-22
SR00000191,EXC00000427,BILL00005396,ACCT000450,CUST000450,2024-08,Residential,SANTA CLARA,Account Status Review,Low,Closed,2024-09-03,2024-09-09
SR00000192,EXC00000578,BILL00007458,ACCT000622,CUST000622,2024-06,Residential,CALAVERAS,Missing Read Investigation,Medium,Closed,2024-07-03,2024-07-29
SR00000193,EXC00002315,BILL00026561,ACCT002214,CUST002214,2024-05,Agriculture And Water Pumping,KERN,Account Status Review,Low,Open,2024-06-03,
SR00000194,EXC00005304,BILL00058466,ACCT004873,CUST004873,2024-02,Residential,ALAMEDA,Meter Data Investigation,Medium,Closed,2024-03-03,2024-03-25
SR00000195,EXC00001534,BILL00018369,ACCT001531,CUST001531,2024-09,Residential,SAN FRANCISCO,Account Status Review,Critical,Closed,2024-10-03,2024-10-28
SR00000196,EXC00002210,BILL00025377,ACCT002115,CUST002115,2024-09,Residential,PLACER,Account Status Review,Low,Open,2024-10-03,
SR00000197,EXC00001819,BILL00021654,ACCT001805,CUST001805,2024-06,Residential,KERN,Account Status Review,Medium,Closed,2024-07-03,2024-07-05
SR00000198,EXC00004443,BILL00048990,ACCT004083,CUST004083,2024-06,Residential,ALAMEDA,Account Status Review,Medium,In Progress,2024-07-03,
SR00000199,EXC00001224,BILL00015064,ACCT001256,CUST001256,2024-04,Residential,SAN FRANCISCO,Account Status Review,Low,In Progress,2024-05-03,
SR00000200,EXC00001651,BILL00019880,ACCT001657,CUST001657,2024-08,Residential,ALAMEDA,Account Status Review,Low,Open,2024-09-03,
SR00000201,EXC00002754,BILL00030213,ACCT002518,CUST002518,2024-09,Residential,ALAMEDA,Account Status Review,High,Cancelled,2024-10-03,2024-10-09
SR00000202,EXC00001761,BILL00021003,ACCT001751,CUST001751,2024-03,Residential,ALAMEDA,Missing Read Investigation,Low,In Progress,2024-04-03,
SR00000203,EXC00005119,BILL00055919,ACCT004660,CUST004660,2024-11,Residential,SAN JOAQUIN,Account Status Review,Medium,Closed,2024-12-03,2024-12-28
SR00000204,EXC00003228,BILL00036179,ACCT003015,CUST003015,2024-11,Residential,FRESNO,Account Status Review,High,Closed,2024-12-03,2024-12-11
SR00000205,EXC00004773,BILL00052402,ACCT004367,CUST004367,2024-10,Residential,PLACER,Account Status Review,Medium,In Progress,2024-11-03,
SR00000206,EXC00003812,BILL00042594,ACCT003550,CUST003550,2024-06,Residential,SANTA CLARA,Meter Data Investigation,Medium,Open,2024-07-03,
SR00000207,EXC00002684,BILL00029556,ACCT002463,CUST002463,2024-12,Residential,YOLO,Account Status Review,Medium,Closed,2025-01-03,2025-01-30
SR00000208,EXC00005156,BILL00056411,ACCT004701,CUST004701,2024-11,Residential,MERCED,Account Status Review,Medium,Closed,2024-12-03,2024-12-17
SR00000209,EXC00002616,BILL00029043,ACCT002421,CUST002421,2024-03,Residential,SANTA CLARA,Account Status Review,Medium,Closed,2024-04-03,2024-04-19
SR00000210,EXC00004897,BILL00053577,ACCT004465,CUST004465,2024-09,Residential,SAN JOAQUIN,Account Status Review,Low,In Progress,2024-10-03,
SR00000211,EXC00001727,BILL00020487,ACCT001708,CUST001708,2024-03,Residential,SAN FRANCISCO,Account Status Review,High,Closed,2024-04-03,2024-04-20
SR00000212,EXC00004999,BILL00054802,ACCT004567,CUST004567,2024-10,Residential,SANTA CRUZ,Account Status Review,Medium,Closed,2024-11-03,2024-11-26
SR00000213,EXC00001232,BILL00015072,ACCT001256,CUST001256,2024-12,Residential,SAN FRANCISCO,Account Status Review,Medium,Closed,2025-01-03,2025-01-06
SR00000214,EXC00001130,BILL00014073,ACCT001173,CUST001173,2024-09,Residential,CONTRA COSTA,Account Status Review,Medium,Closed,2024-10-03,2024-10-08
SR00000215,EXC00004323,BILL00047603,ACCT003967,CUST003967,2024-11,Residential,NEVADA,Account Status Review,High,Closed,2024-12-03,2024-12-23
SR00000216,EXC00002371,BILL00026992,ACCT002250,CUST002250,2024-04,Residential,SAN JOAQUIN,Account Status Review,Medium,Open,2024-05-03,
SR00000217,EXC00005015,BILL00054860,ACCT004572,CUST004572,2024-08,Residential,SANTA CLARA,Account Status Review,Medium,In Progress,2024-09-03,
SR00000218,EXC00002441,BILL00027612,ACCT002301,CUST002301,2024-12,Commercial,SANTA CLARA,Account Status Review,Medium,Open,2025-01-03,
SR00000219,EXC00000108,BILL00001229,ACCT000103,CUST000103,2024-05,Residential,SAN FRANCISCO,Account Status Review,Low,Closed,2024-06-03,2024-06-23
SR00000220,EXC00001832,BILL00021727,ACCT001811,CUST001811,2024-07,Residential,MERCED,Account Status Review,Medium,Open,2024-08-03,
SR00000221,EXC00000030,BILL00000383,ACCT000032,CUST000032,2024-11,Residential,PLACER,Account Status Review,Medium,Closed,2024-12-03,2024-12-19
SR00000222,EXC00005083,BILL00055198,ACCT004600,CUST004600,2024-10,Residential,KERN,Account Status Review,Low,Closed,2024-11-03,2024-12-02
SR00000223,EXC00005322,BILL00058714,ACCT004893,CUST004893,2024-10,Residential,SAN JOAQUIN,Missing Read Investigation,Medium,Closed,2024-11-03,2024-11-24
SR00000224,EXC00002365,BILL00026880,ACCT002240,CUST002240,2024-12,Residential,KERN,Account Status Review,Medium,Closed,2025-01-03,2025-01-28
SR00000225,EXC00002610,BILL00028966,ACCT002414,CUST002414,2024-10,Residential,SAN JOAQUIN,Account Status Review,High,In Progress,2024-11-03,
SR00000226,EXC00004417,BILL00048743,ACCT004062,CUST004062,2024-11,Residential,BUTTE,Account Status Review,Medium,Closed,2024-12-03,2024-12-29
SR00000227,EXC00000656,BILL00008181,ACCT000682,CUST000682,2024-09,Residential,KERN,Account Status Review,Low,Cancelled,2024-10-03,2024-10-31
SR00000228,EXC00002519,BILL00028211,ACCT002351,CUST002351,2024-11,Residential,ALAMEDA,Missing Read Investigation,Medium,Cancelled,2024-12-03,2024-12-06
SR00000229,EXC00005246,BILL00057612,ACCT004801,CUST004801,2024-12,Residential,MERCED,Account Status Review,High,Closed,2025-01-03,2025-01-25
SR00000230,EXC00002122,BILL00024568,ACCT002048,CUST002048,2024-04,Residential,CONTRA COSTA,Account Status Review,Low,Closed,2024-05-03,2024-05-29
SR00000231,EXC00000556,BILL00006977,ACCT000582,CUST000582,2024-05,"Transportation, Communications, & Utilities",SAN MATEO,Account Status Review,Medium,Closed,2024-06-03,2024-06-05
SR00000232,EXC00004509,BILL00049426,ACCT004119,CUST004119,2024-10,Residential,AMADOR,Account Status Review,Low,Open,2024-11-03,
SR00000233,EXC00003063,BILL00034942,ACCT002912,CUST002912,2024-10,Residential,KERN,Account Status Review,Low,Closed,2024-11-03,2024-11-18
SR00000234,EXC00004102,BILL00045268,ACCT003773,CUST003773,2024-04,Residential,SAN FRANCISCO,Meter Data Investigation,Medium,Closed,2024-05-03,2024-05-20
SR00000235,EXC00001790,BILL00021507,ACCT001793,CUST001793,2024-03,Residential,KERN,Account Status Review,Critical,Closed,2024-04-03,2024-04-11
SR00000236,EXC00001422,BILL00016995,ACCT001417,CUST001417,2024-03,Residential,KERN,Missing Read Investigation,High,In Progress,2024-04-03,
SR00000237,EXC00004122,BILL00045556,ACCT003797,CUST003797,2024-04,Residential,SANTA CLARA,Account Status Review,Medium,Closed,2024-05-03,2024-05-15
SR00000238,EXC00001048,BILL00013089,ACCT001091,CUST001091,2024-09,Industrial,KERN,Account Status Review,Low,Closed,2024-10-03,2024-10-04
SR00000239,EXC00004635,BILL00051200,ACCT004267,CUST004267,2024-08,Residential,ALAMEDA,Account Status Review,Medium,Closed,2024-09-03,2024-09-24
SR00000240,EXC00000799,BILL00009660,ACCT000805,CUST000805,2024-12,Residential,MARIN,Account Status Review,Medium,In Progress,2025-01-03,
SR00000241,EXC00004969,BILL00054290,ACCT004525,CUST004525,2024-02,Commercial,GLENN,Missing Read Investigation,High,In Progress,2024-03-03,
SR00000242,EXC00000352,BILL00004492,ACCT000375,CUST000375,2024-04,Residential,KERN,Account Status Review,Low,Closed,2024-05-03,2024-05-27
SR00000243,EXC00000241,BILL00003273,ACCT000273,CUST000273,2024-09,Commercial,ALAMEDA,Account Status Review,Medium,Cancelled,2024-10-03,2024-10-08
SR00000244,EXC00003081,BILL00035091,ACCT002925,CUST002925,2024-03,Residential,SUTTER,Meter Data Investigation,Low,Closed,2024-04-03,2024-04-10
SR00000245,EXC00005047,BILL00055044,ACCT004587,CUST004587,2024-12,Residential,SANTA CLARA,Account Status Review,Low,Closed,2025-01-03,2025-01-11
SR00000246,EXC00005041,BILL00055038,ACCT004587,CUST004587,2024-06,Residential,SANTA CLARA,Account Status Review,High,Closed,2024-07-03,2024-07-15
SR00000247,EXC00001104,BILL00013832,ACCT001153,CUST001153,2024-08,Residential,CONTRA COSTA,Missing Read Investigation,Medium,Open,2024-09-03,
SR00000248,EXC00001872,BILL00022137,ACCT001845,CUST001845,2024-09,Industrial,CALAVERAS,Account Status Review,Medium,In Progress,2024-10-03,
SR00000249,EXC00003271,BILL00036560,ACCT003047,CUST003047,2024-08,Residential,FRESNO,Missing Read Investigation,Low,Open,2024-09-03,
SR00000250,EXC00001502,BILL00017924,ACCT001494,CUST001494,2024-08,Residential,SANTA CLARA,Missing Read Investigation,Low,Closed,2024-09-03,2024-09-07
SR00000251,EXC00002917,BILL00033520,ACCT002794,CUST002794,2024-04,Residential,SANTA BARBARA,Account Status Review,Critical,Cancelled,2024-05-03,2024-06-01
SR00000252,EXC00001243,BILL00015385,ACCT001283,CUST001283,2024-01,Residential,MADERA,Account Status Review,Medium,Open,2024-02-03,
SR00000253,EXC00002551,BILL00028700,ACCT002392,CUST002392,2024-08,Residential,CONTRA COSTA,Account Status Review,Low,Closed,2024-09-03,2024-09-12
SR00000254,EXC00001771,BILL00021291,ACCT001775,CUST001775,2024-03,Residential,KERN,Account Status Review,Low,Open,2024-04-03,
SR00000255,EXC00003015,BILL00034499,ACCT002875,CUST002875,2024-11,Residential,PLACER,Account Status Review,Medium,Closed,2024-12-03,2024-12-11
SR00000256,EXC00001116,BILL00013882,ACCT001157,CUST001157,2024-10,Residential,SOLANO,Account Status Review,Medium,Closed,2024-11-03,2024-11-20
SR00000257,EXC00002500,BILL00027984,ACCT002332,CUST002332,2024-12,Residential,BUTTE,Account Status Review,High,Closed,2025-01-03,2025-01-29
SR00000258,EXC00000747,BILL00009044,ACCT000754,CUST000754,2024-08,Residential,MERCED,Missing Read Investigation,Medium,Closed,2024-09-03,2024-09-18
SR00000259,EXC00000402,BILL00005236,ACCT000437,CUST000437,2024-04,Residential,SANTA CLARA,Meter Data Investigation,Medium,Cancelled,2024-05-03,2024-06-01
SR00000260,EXC00001539,BILL00018435,ACCT001537,CUST001537,2024-03,Residential,FRESNO,Missing Read Investigation,High,Closed,2024-04-03,2024-04-24
SR00000261,EXC00001719,BILL00020479,ACCT001707,CUST001707,2024-07,Residential,MENDOCINO,Account Status Review,Medium,Closed,2024-08-03,2024-08-18
SR00000262,EXC00004676,BILL00051952,ACCT004330,CUST004330,2024-04,Commercial,SAN JOAQUIN,Missing Read Investigation,Medium,In Progress,2024-05-03,
SR00000263,EXC00002276,BILL00026088,ACCT002174,CUST002174,2024-12,Commercial,SOLANO,Account Status Review,Medium,Open,2025-01-03,
SR00000264,EXC00005292,BILL00058171,ACCT004848,CUST004848,2024-07,Residential,SAN MATEO,Account Status Review,Medium,Closed,2024-08-03,2024-08-12
SR00000265,EXC00001169,BILL00014227,ACCT001186,CUST001186,2024-07,Industrial,SAN JOAQUIN,Account Status Review,Medium,Closed,2024-08-03,2024-08-18
SR00000266,EXC00001023,BILL00012827,ACCT001069,CUST001069,2024-11,Residential,SANTA CLARA,Meter Data Investigation,Low,Open,2024-12-03,
SR00000267,EXC00001296,BILL00015764,ACCT001314,CUST001314,2024-08,Commercial,ALAMEDA,Account Status Review,High,Closed,2024-09-03,2024-09-10
SR00000268,EXC00003581,BILL00039299,ACCT003275,CUST003275,2024-11,Commercial,PLACER,Missing Read Investigation,Medium,Cancelled,2024-12-03,2024-12-25
SR00000269,EXC00000158,BILL00002521,ACCT000211,CUST000211,2024-01,Residential,NAPA,Account Status Review,High,Closed,2024-02-03,2024-02-17
SR00000270,EXC00000066,BILL00000898,ACCT000075,CUST000075,2024-10,Residential,KINGS,Account Status Review,Medium,Closed,2024-11-03,2024-11-16
SR00000271,EXC00003104,BILL00035481,ACCT002957,CUST002957,2024-09,Residential,FRESNO,Account Status Review,High,Closed,2024-10-03,2024-10-27
SR00000272,EXC00000417,BILL00005327,ACCT000444,CUST000444,2024-11,Residential,NAPA,Account Status Review,High,Closed,2024-12-03,2024-12-21
SR00000273,EXC00004775,BILL00052404,ACCT004367,CUST004367,2024-12,Residential,PLACER,Account Status Review,Low,Closed,2025-01-03,2025-01-27
SR00000274,EXC00004802,BILL00052841,ACCT004404,CUST004404,2024-05,Residential,ALAMEDA,Missing Read Investigation,Medium,Closed,2024-06-03,2024-06-21
SR00000275,EXC00001195,BILL00014641,ACCT001221,CUST001221,2024-01,Agriculture And Water Pumping,SAN JOAQUIN,Missing Read Investigation,Medium,Open,2024-02-03,
SR00000276,EXC00004322,BILL00047602,ACCT003967,CUST003967,2024-10,Residential,NEVADA,Account Status Review,Medium,Open,2024-11-03,
SR00000277,EXC00000908,BILL00011519,ACCT000960,CUST000960,2024-11,Residential,SAN JOAQUIN,Meter Data Investigation,High,Closed,2024-12-03,2024-12-20
SR00000278,EXC00004617,BILL00051089,ACCT004258,CUST004258,2024-05,Residential,SANTA CLARA,Account Status Review,Low,Closed,2024-06-03,2024-06-25
SR00000279,EXC00002403,BILL00027376,ACCT002282,CUST002282,2024-04,Residential,CONTRA COSTA,Account Status Review,High,Closed,2024-05-03,2024-05-28
SR00000280,EXC00001021,BILL00012781,ACCT001066,CUST001066,2024-01,Residential,MERCED,Missing Read Investigation,Medium,Closed,2024-02-03,2024-02-06
SR00000281,EXC00005296,BILL00058175,ACCT004848,CUST004848,2024-11,Residential,SAN MATEO,Account Status Review,Medium,In Progress,2024-12-03,
SR00000282,EXC00001535,BILL00018370,ACCT001531,CUST001531,2024-10,Residential,SAN FRANCISCO,Account Status Review,Low,Open,2024-11-03,
SR00000283,EXC00000320,BILL00004074,ACCT000340,CUST000340,2024-06,Residential,CONTRA COSTA,Missing Read Investigation,High,Open,2024-07-03,
SR00000284,EXC00002863,BILL00032096,ACCT002675,CUST002675,2024-08,Commercial,PLACER,Missing Read Investigation,Low,Closed,2024-09-03,2024-10-02
SR00000285,EXC00004334,BILL00047812,ACCT003985,CUST003985,2024-04,Commercial,CONTRA COSTA,Account Status Review,Medium,Closed,2024-05-03,2024-05-31
SR00000286,EXC00004403,BILL00048717,ACCT004060,CUST004060,2024-09,Mining,SANTA CLARA,Account Status Review,Medium,Closed,2024-10-03,2024-10-25
SR00000287,EXC00002803,BILL00030930,ACCT002578,CUST002578,2024-06,Residential,FRESNO,Meter Data Investigation,Low,In Progress,2024-07-03,
SR00000288,EXC00001555,BILL00018589,ACCT001550,CUST001550,2024-01,Residential,KERN,Account Status Review,Low,Closed,2024-02-03,2024-02-25
SR00000289,EXC00002835,BILL00031473,ACCT002623,CUST002623,2024-09,Residential,SANTA CLARA,Account Status Review,Low,Closed,2024-10-03,2024-10-05
SR00000290,EXC00000152,BILL00002296,ACCT000192,CUST000192,2024-04,Commercial,FRESNO,Missing Read Investigation,Medium,Closed,2024-05-03,2024-05-30
SR00000291,EXC00002777,BILL00030510,ACCT002543,CUST002543,2024-06,Commercial,NEVADA,Account Status Review,Low,Open,2024-07-03,
SR00000292,EXC00001394,BILL00016490,ACCT001375,CUST001375,2024-02,Residential,SANTA CLARA,Meter Data Investigation,Low,In Progress,2024-03-03,
SR00000293,EXC00000997,BILL00012427,ACCT001036,CUST001036,2024-07,Residential,ALAMEDA,Account Status Review,Critical,Closed,2024-08-03,2024-08-28
SR00000294,EXC00000697,BILL00008441,ACCT000704,CUST000704,2024-05,Residential,ALAMEDA,Account Status Review,Medium,Closed,2024-06-03,2024-06-28
SR00000295,EXC00000749,BILL00009152,ACCT000763,CUST000763,2024-08,Residential,SUTTER,Missing Read Investigation,Low,Closed,2024-09-03,2024-09-24
SR00000296,EXC00004206,BILL00046230,ACCT003853,CUST003853,2024-06,Residential,CONTRA COSTA,Account Status Review,Medium,In Progress,2024-07-03,
SR00000297,EXC00003244,BILL00036266,ACCT003023,CUST003023,2024-02,Residential,SAN JOAQUIN,Account Status Review,Medium,Closed,2024-03-03,2024-04-01
SR00000298,EXC00001619,BILL00019619,ACCT001635,CUST001635,2024-11,Industrial,SANTA BARBARA,Missing Read Investigation,Low,Open,2024-12-03,
SR00000299,EXC00002452,BILL00027692,ACCT002308,CUST002308,2024-08,Residential,ALAMEDA,Account Status Review,Medium,Closed,2024-09-03,2024-10-02
SR00000300,EXC00000419,BILL00005338,ACCT000445,CUST000445,2024-10,Commercial,CONTRA COSTA,Meter Data Investigation,High,Closed,2024-11-03,2024-11-08
SR00000301,EXC00002312,BILL00026558,ACCT002214,CUST002214,2024-02,Agriculture And Water Pumping,KERN,Account Status Review,Low,Open,2024-03-03,
SR00000302,EXC00000808,BILL00009867,ACCT000823,CUST000823,2024-03,Residential,FRESNO,Account Status Review,Low,Closed,2024-04-03,2024-04-04
SR00000303,EXC00002506,BILL00028001,ACCT002334,CUST002334,2024-05,Residential,PLACER,Account Status Review,High,In Progress,2024-06-03,
SR00000304,EXC00004115,BILL00045369,ACCT003781,CUST003781,2024-09,Residential,SANTA CLARA,Account Status Review,High,Open,2024-10-03,
SR00000305,EXC00003608,BILL00039556,ACCT003297,CUST003297,2024-04,Residential,EL DORADO,Account Status Review,High,Closed,2024-05-03,2024-05-27
SR00000306,EXC00004673,BILL00051914,ACCT004327,CUST004327,2024-02,Residential,MADERA,Missing Read Investigation,High,Closed,2024-03-03,2024-03-17
SR00000307,EXC00002604,BILL00028960,ACCT002414,CUST002414,2024-04,Residential,SAN JOAQUIN,Account Status Review,Medium,Closed,2024-05-03,2024-05-07
SR00000308,EXC00003504,BILL00038513,ACCT003210,CUST003210,2024-05,Residential,SANTA CLARA,Missing Read Investigation,High,Open,2024-06-03,
SR00000309,EXC00002705,BILL00030009,ACCT002501,CUST002501,2024-09,Commercial,SAN FRANCISCO,Missing Read Investigation,High,Open,2024-10-03,
SR00000310,EXC00005049,BILL00055094,ACCT004592,CUST004592,2024-02,Residential,SANTA CLARA,Account Status Review,Low,Closed,2024-03-03,2024-03-11
SR00000311,EXC00001741,BILL00020614,ACCT001718,CUST001718,2024-10,Residential,KERN,Missing Read Investigation,Low,Closed,2024-11-03,2024-11-10
SR00000312,EXC00004905,BILL00053653,ACCT004472,CUST004472,2024-01,Mining,FRESNO,Account Status Review,Low,Closed,2024-02-03,2024-02-28
SR00000313,EXC00001375,BILL00016343,ACCT001362,CUST001362,2024-11,Residential,KERN,Meter Data Investigation,High,Open,2024-12-03,
SR00000314,EXC00000252,BILL00003545,ACCT000296,CUST000296,2024-05,Residential,SANTA CLARA,Account Status Review,High,Closed,2024-06-03,2024-06-18
SR00000315,EXC00005002,BILL00054818,ACCT004569,CUST004569,2024-02,Residential,KERN,Meter Data Investigation,Medium,Cancelled,2024-03-03,2024-03-31
SR00000316,EXC00001201,BILL00014728,ACCT001228,CUST001228,2024-04,Residential,SHASTA,Account Status Review,Medium,Open,2024-05-03,
SR00000317,EXC00005005,BILL00054846,ACCT004571,CUST004571,2024-06,Residential,KERN,Missing Read Investigation,Low,Closed,2024-07-03,2024-07-15
SR00000318,EXC00002679,BILL00029551,ACCT002463,CUST002463,2024-07,Residential,YOLO,Account Status Review,Medium,Closed,2024-08-03,2024-08-07
SR00000319,EXC00000228,BILL00003166,ACCT000264,CUST000264,2024-10,Residential,CONTRA COSTA,Account Status Review,Medium,Open,2024-11-03,
SR00000320,EXC00003481,BILL00038272,ACCT003190,CUST003190,2024-04,Residential,SAN MATEO,Account Status Review,Low,Open,2024-05-03,
SR00000321,EXC00000795,BILL00009656,ACCT000805,CUST000805,2024-08,Residential,MARIN,Account Status Review,Low,Open,2024-09-03,
SR00000322,EXC00001198,BILL00014725,ACCT001228,CUST001228,2024-01,Residential,SHASTA,Account Status Review,Low,Open,2024-02-03,
SR00000323,EXC00004732,BILL00052185,ACCT004349,CUST004349,2024-09,Commercial,SANTA BARBARA,Missing Read Investigation,High,Open,2024-10-03,
SR00000324,EXC00000692,BILL00008364,ACCT000697,CUST000697,2024-12,Residential,KERN,Account Status Review,Medium,Closed,2025-01-03,2025-01-22
SR00000325,EXC00005336,BILL00059224,ACCT004936,CUST004936,2024-04,Residential,SANTA CLARA,Account Status Review,Low,Open,2024-05-03,
SR00000326,EXC00003173,BILL00036008,ACCT003001,CUST003001,2024-08,Residential,FRESNO,Account Status Review,High,Open,2024-09-03,
SR00000327,EXC00000748,BILL00009096,ACCT000758,CUST000758,2024-12,Residential,KERN,Meter Data Investigation,High,Closed,2025-01-03,2025-01-18
SR00000328,EXC00003130,BILL00035695,ACCT002975,CUST002975,2024-07,Residential,PLACER,Account Status Review,Medium,Closed,2024-08-03,2024-08-12
SR00000329,EXC00004017,BILL00044694,ACCT003725,CUST003725,2024-06,Residential,MONTEREY,Account Status Review,Low,Closed,2024-07-03,2024-07-27
SR00000330,EXC00003830,BILL00042848,ACCT003571,CUST003571,2024-08,Residential,KERN,Meter Data Investigation,Medium,Closed,2024-09-03,2024-09-20
SR00000331,EXC00003455,BILL00037969,ACCT003165,CUST003165,2024-01,Residential,MARIN,Missing Read Investigation,Low,Closed,2024-02-03,2024-03-03
SR00000332,EXC00003159,BILL00035947,ACCT002996,CUST002996,2024-07,Commercial,ALAMEDA,Account Status Review,High,In Progress,2024-08-03,
SR00000333,EXC00000293,BILL00003752,ACCT000313,CUST000313,2024-08,Residential,YOLO,Account Status Review,High,Closed,2024-09-03,2024-09-14
SR00000334,EXC00004976,BILL00054378,ACCT004532,CUST004532,2024-06,Residential,TUOLUMNE,Account Status Review,Medium,Closed,2024-07-03,2024-07-15
SR00000335,EXC00002823,BILL00031287,ACCT002608,CUST002608,2024-03,Residential,SANTA CRUZ,Missing Read Investigation,Medium,Closed,2024-04-03,2024-04-20
SR00000336,EXC00003632,BILL00039952,ACCT003330,CUST003330,2024-04,Residential,KERN,Account Status Review,High,Open,2024-05-03,
SR00000337,EXC00000545,BILL00006918,ACCT000577,CUST000577,2024-06,Residential,SANTA BARBARA,Account Status Review,Low,Closed,2024-07-03,2024-07-08
SR00000338,EXC00001449,BILL00017196,ACCT001433,CUST001433,2024-12,Residential,MONTEREY,Account Status Review,Low,Open,2025-01-03,
SR00000339,EXC00002837,BILL00031475,ACCT002623,CUST002623,2024-11,Residential,SANTA CLARA,Account Status Review,Low,In Progress,2024-12-03,
SR00000340,EXC00005067,BILL00055170,ACCT004598,CUST004598,2024-06,Residential,SAN MATEO,Account Status Review,Low,Open,2024-07-03,
SR00000341,EXC00004100,BILL00045246,ACCT003771,CUST003771,2024-06,Residential,ALAMEDA,Missing Read Investigation,Low,Closed,2024-07-03,2024-07-22
SR00000342,EXC00000713,BILL00008547,ACCT000713,CUST000713,2024-03,Residential,KERN,Account Status Review,Critical,Open,2024-04-03,
SR00000343,EXC00001273,BILL00015666,ACCT001306,CUST001306,2024-06,Commercial,KERN,Missing Read Investigation,Medium,Closed,2024-07-03,2024-07-18
SR00000344,EXC00001845,BILL00021740,ACCT001812,CUST001812,2024-08,Residential,CONTRA COSTA,Account Status Review,Medium,Open,2024-09-03,
SR00000345,EXC00002997,BILL00034344,ACCT002862,CUST002862,2024-12,Residential,SANTA CLARA,Account Status Review,High,Closed,2025-01-03,2025-01-05
SR00000346,EXC00003540,BILL00038872,ACCT003240,CUST003240,2024-04,Residential,SANTA CLARA,Account Status Review,Low,Open,2024-05-03,
SR00000347,EXC00001919,BILL00022815,ACCT001902,CUST001902,2024-03,Residential,SANTA CLARA,Account Status Review,Medium,Closed,2024-04-03,2024-04-28
SR00000348,EXC00004772,BILL00052401,ACCT004367,CUST004367,2024-09,Residential,PLACER,Account Status Review,Low,In Progress,2024-10-03,
SR00000349,EXC00001129,BILL00014072,ACCT001173,CUST001173,2024-08,Residential,CONTRA COSTA,Account Status Review,Critical,Cancelled,2024-09-03,2024-09-29
SR00000350,EXC00000454,BILL00005552,ACCT000463,CUST000463,2024-08,Residential,CONTRA COSTA,Account Status Review,Medium,Closed,2024-09-03,2024-09-18
SR00000351,EXC00005295,BILL00058174,ACCT004848,CUST004848,2024-10,Residential,SAN MATEO,Account Status Review,Medium,Open,2024-11-03,
SR00000352,EXC00002278,BILL00026255,ACCT002188,CUST002188,2024-11,Residential,MARIN,Missing Read Investigation,Medium,Closed,2024-12-03,2024-12-25
SR00000353,EXC00005084,BILL00055199,ACCT004600,CUST004600,2024-11,Residential,KERN,Account Status Review,Medium,Open,2024-12-03,
SR00000354,EXC00004402,BILL00048716,ACCT004060,CUST004060,2024-08,Mining,SANTA CLARA,Account Status Review,Medium,In Progress,2024-09-03,
SR00000355,EXC00003834,BILL00042896,ACCT003575,CUST003575,2024-08,Commercial,BUTTE,Meter Data Investigation,Medium,Closed,2024-09-03,2024-09-10
SR00000356,EXC00002111,BILL00024375,ACCT002032,CUST002032,2024-03,Residential,ALAMEDA,Meter Data Investigation,High,Closed,2024-04-03,2024-04-06
SR00000357,EXC00005341,BILL00059229,ACCT004936,CUST004936,2024-09,Residential,SANTA CLARA,Account Status Review,Medium,Closed,2024-10-03,2024-10-13
SR00000358,EXC00003045,BILL00034726,ACCT002894,CUST002894,2024-10,Residential,KERN,Account Status Review,High,Closed,2024-11-03,2024-11-14
SR00000359,EXC00005269,BILL00057718,ACCT004810,CUST004810,2024-10,Commercial,PLACER,Account Status Review,High,Open,2024-11-03,
SR00000360,EXC00003755,BILL00041506,ACCT003459,CUST003459,2024-10,Residential,LAKE,Account Status Review,Low,In Progress,2024-11-03,
SR00000361,EXC00001731,BILL00020491,ACCT001708,CUST001708,2024-07,Residential,SAN FRANCISCO,Account Status Review,Critical,Closed,2024-08-03,2024-08-05
SR00000362,EXC00001540,BILL00018450,ACCT001538,CUST001538,2024-06,Residential,SONOMA,Missing Read Investigation,High,Closed,2024-07-03,2024-07-18
SR00000363,EXC00004348,BILL00048114,ACCT004010,CUST004010,2024-06,Residential,SAN FRANCISCO,Account Status Review,High,Open,2024-07-03,
SR00000364,EXC00005275,BILL00057814,ACCT004818,CUST004818,2024-10,Commercial,KERN,Meter Data Investigation,Critical,Open,2024-11-03,
SR00000365,EXC00004340,BILL00047818,ACCT003985,CUST003985,2024-10,Commercial,CONTRA COSTA,Account Status Review,Low,Closed,2024-11-03,2024-11-30
SR00000366,EXC00000372,BILL00004654,ACCT000388,CUST000388,2024-10,Residential,KINGS,Account Status Review,Medium,Open,2024-11-03,
SR00000367,EXC00003155,BILL00035943,ACCT002996,CUST002996,2024-03,Commercial,ALAMEDA,Account Status Review,Medium,Open,2024-04-03,
SR00000368,EXC00005303,BILL00058438,ACCT004870,CUST004870,2024-10,Commercial,SANTA CLARA,Meter Data Investigation,Low,Open,2024-11-03,
SR00000369,EXC00000107,BILL00001228,ACCT000103,CUST000103,2024-04,Residential,SAN FRANCISCO,Account Status Review,High,Closed,2024-05-03,2024-05-26
SR00000370,EXC00003918,BILL00043991,ACCT003666,CUST003666,2024-11,Residential,SAN FRANCISCO,Meter Data Investigation,Low,Closed,2024-12-03,2024-12-10
SR00000371,EXC00003065,BILL00034944,ACCT002912,CUST002912,2024-12,Residential,KERN,Account Status Review,Medium,Open,2025-01-03,
SR00000372,EXC00001303,BILL00015771,ACCT001315,CUST001315,2024-03,Residential,ALAMEDA,Account Status Review,Low,Closed,2024-04-03,2024-04-16
SR00000373,EXC00001040,BILL00013081,ACCT001091,CUST001091,2024-01,Industrial,KERN,Account Status Review,Low,In Progress,2024-02-03,
SR00000374,EXC00000880,BILL00010707,ACCT000893,CUST000893,2024-03,Commercial,KERN,Meter Data Investigation,Low,Closed,2024-04-03,2024-04-11
SR00000375,EXC00002728,BILL00030094,ACCT002508,CUST002508,2024-10,Residential,ALAMEDA,Account Status Review,Medium,Closed,2024-11-03,2024-11-13
SR00000376,EXC00001095,BILL00013699,ACCT001142,CUST001142,2024-07,Residential,SAN MATEO,Account Status Review,Medium,In Progress,2024-08-03,
SR00000377,EXC00002693,BILL00029943,ACCT002496,CUST002496,2024-03,Residential,SANTA CLARA,Account Status Review,Low,Closed,2024-04-03,2024-05-01
SR00000378,EXC00000684,BILL00008356,ACCT000697,CUST000697,2024-04,Residential,KERN,Account Status Review,Medium,Open,2024-05-03,
SR00000379,EXC00004958,BILL00054258,ACCT004522,CUST004522,2024-06,Residential,EL DORADO,Account Status Review,High,Open,2024-07-03,
SR00000380,EXC00002433,BILL00027604,ACCT002301,CUST002301,2024-04,Commercial,SANTA CLARA,Account Status Review,Medium,Closed,2024-05-03,2024-05-07
SR00000381,EXC00002785,BILL00030659,ACCT002555,CUST002555,2024-11,Residential,COLUSA,Missing Read Investigation,Low,Closed,2024-12-03,2024-12-11
SR00000382,EXC00003675,BILL00040528,ACCT003378,CUST003378,2024-04,Residential,SANTA CLARA,Account Status Review,Medium,Open,2024-05-03,
SR00000383,EXC00004208,BILL00046232,ACCT003853,CUST003853,2024-08,Residential,CONTRA COSTA,Account Status Review,High,In Progress,2024-09-03,
SR00000384,EXC00000857,BILL00010384,ACCT000866,CUST000866,2024-04,Residential,KERN,Account Status Review,Medium,Closed,2024-05-03,2024-05-29
SR00000385,EXC00003808,BILL00042388,ACCT003533,CUST003533,2024-04,Residential,SAN FRANCISCO,Missing Read Investigation,Medium,Open,2024-05-03,
SR00000386,EXC00001187,BILL00014396,ACCT001200,CUST001200,2024-08,Residential,CONTRA COSTA,Account Status Review,Medium,Closed,2024-09-03,2024-09-30
SR00000387,EXC00001058,BILL00013194,ACCT001100,CUST001100,2024-06,Residential,MONTEREY,Account Status Review,Low,Closed,2024-07-03,2024-07-26
SR00000388,EXC00002277,BILL00026159,ACCT002180,CUST002180,2024-11,Residential,KERN,Meter Data Investigation,Low,Open,2024-12-03,
SR00000389,EXC00002861,BILL00031883,ACCT002657,CUST002657,2024-11,Commercial,FRESNO,Meter Data Investigation,Medium,Closed,2024-12-03,2024-12-19
SR00000390,EXC00003928,BILL00044095,ACCT003675,CUST003675,2024-07,Residential,CONTRA COSTA,Account Status Review,Low,In Progress,2024-08-03,
SR00000391,EXC00000813,BILL00009872,ACCT000823,CUST000823,2024-08,Residential,FRESNO,Account Status Review,Medium,Closed,2024-09-03,2024-09-09
SR00000392,EXC00000806,BILL00009865,ACCT000823,CUST000823,2024-01,Residential,FRESNO,Account Status Review,Medium,In Progress,2024-02-03,
SR00000393,EXC00001413,BILL00016729,ACCT001395,CUST001395,2024-01,Residential,SHASTA,Missing Read Investigation,Low,Closed,2024-02-03,2024-02-06
SR00000394,EXC00002460,BILL00027782,ACCT002316,CUST002316,2024-02,Residential,SHASTA,Missing Read Investigation,High,In Progress,2024-03-03,
SR00000395,EXC00003549,BILL00038934,ACCT003245,CUST003245,2024-06,Residential,SAN MATEO,Missing Read Investigation,Medium,Closed,2024-07-03,2024-07-07
SR00000396,EXC00000180,BILL00002672,ACCT000223,CUST000223,2024-08,Residential,SANTA CLARA,Account Status Review,Medium,Closed,2024-09-03,2024-09-11
SR00000397,EXC00005178,BILL00056842,ACCT004737,CUST004737,2024-10,Residential,FRESNO,Meter Data Investigation,Medium,In Progress,2024-11-03,
SR00000398,EXC00003793,BILL00042138,ACCT003512,CUST003512,2024-06,Residential,SANTA BARBARA,Account Status Review,Medium,Closed,2024-07-03,2024-07-28
SR00000399,EXC00003940,BILL00044166,ACCT003681,CUST003681,2024-06,Residential,CONTRA COSTA,Account Status Review,High,Closed,2024-07-03,2024-07-14
SR00000400,EXC00002174,BILL00024889,ACCT002075,CUST002075,2024-01,Commercial,KERN,Missing Read Investigation,Low,Open,2024-02-03,
SR00000401,EXC00002395,BILL00027232,ACCT002270,CUST002270,2024-04,Residential,SAN MATEO,Meter Data Investigation,Medium,Closed,2024-05-03,2024-05-22
SR00000402,EXC00001730,BILL00020490,ACCT001708,CUST001708,2024-06,Residential,SAN FRANCISCO,Account Status Review,High,Open,2024-07-03,
SR00000403,EXC00003498,BILL00038360,ACCT003197,CUST003197,2024-08,Industrial,FRESNO,Account Status Review,Medium,Closed,2024-09-03,2024-09-16
SR00000404,EXC00003904,BILL00043865,ACCT003656,CUST003656,2024-05,Residential,KERN,Account Status Review,Low,Closed,2024-06-03,2024-06-14
SR00000405,EXC00004848,BILL00053273,ACCT004440,CUST004440,2024-05,Residential,FRESNO,Missing Read Investigation,Medium,In Progress,2024-06-03,
SR00000406,EXC00002437,BILL00027608,ACCT002301,CUST002301,2024-08,Commercial,SANTA CLARA,Account Status Review,Medium,Open,2024-09-03,
SR00000407,EXC00000839,BILL00010268,ACCT000856,CUST000856,2024-08,Residential,MADERA,Missing Read Investigation,High,Closed,2024-09-03,2024-09-30
SR00000408,EXC00002487,BILL00027864,ACCT002322,CUST002322,2024-12,Residential,PLACER,Account Status Review,Medium,Open,2025-01-03,
SR00000409,EXC00003013,BILL00034497,ACCT002875,CUST002875,2024-09,Residential,PLACER,Account Status Review,High,Cancelled,2024-10-03,2024-11-01
SR00000410,EXC00001887,BILL00022200,ACCT001850,CUST001850,2024-12,Residential,CONTRA COSTA,Account Status Review,High,Closed,2025-01-03,2025-01-10
SR00000411,EXC00005157,BILL00056412,ACCT004701,CUST004701,2024-12,Residential,MERCED,Account Status Review,Medium,Closed,2025-01-03,2025-01-19
SR00000412,EXC00002975,BILL00034161,ACCT002847,CUST002847,2024-09,Residential,SAN JOAQUIN,Account Status Review,Low,Closed,2024-10-03,2024-10-17
SR00000413,EXC00002134,BILL00024683,ACCT002057,CUST002057,2024-11,Residential,SAN JOAQUIN,Missing Read Investigation,Medium,Closed,2024-12-03,2024-12-05
SR00000414,EXC00004675,BILL00051941,ACCT004329,CUST004329,2024-05,Residential,SAN MATEO,Missing Read Investigation,Low,Closed,2024-06-03,2024-06-29
SR00000415,EXC00000849,BILL00010329,ACCT000861,CUST000861,2024-09,Residential,KERN,Account Status Review,Medium,Open,2024-10-03,
SR00000416,EXC00002232,BILL00025528,ACCT002128,CUST002128,2024-04,Residential,ALAMEDA,Account Status Review,Medium,Closed,2024-05-03,2024-05-29
SR00000417,EXC00005059,BILL00055104,ACCT004592,CUST004592,2024-12,Residential,SANTA CLARA,Account Status Review,Low,In Progress,2025-01-03,
SR00000418,EXC00003419,BILL00037632,ACCT003136,CUST003136,2024-12,Residential,CONTRA COSTA,Account Status Review,Medium,Open,2025-01-03,
SR00000419,EXC00000811,BILL00009870,ACCT000823,CUST000823,2024-06,Residential,FRESNO,Account Status Review,Low,In Progress,2024-07-03,
SR00000420,EXC00002701,BILL00029951,ACCT002496,CUST002496,2024-11,Residential,SANTA CLARA,Account Status Review,Low,Open,2024-12-03,
SR00000421,EXC00000706,BILL00008455,ACCT000705,CUST000705,2024-07,Residential,YOLO,Missing Read Investigation,High,Closed,2024-08-03,2024-08-30
SR00000422,EXC00002875,BILL00032475,ACCT002707,CUST002707,2024-03,Residential,SAN FRANCISCO,Missing Read Investigation,Medium,Closed,2024-04-03,2024-04-16
SR00000423,EXC00001744,BILL00020861,ACCT001739,CUST001739,2024-05,Residential,ALAMEDA,Missing Read Investigation,Low,Closed,2024-06-03,2024-06-04
SR00000424,EXC00000423,BILL00005392,ACCT000450,CUST000450,2024-04,Residential,SANTA CLARA,Account Status Review,Low,Closed,2024-05-03,2024-05-28
SR00000425,EXC00003115,BILL00035516,ACCT002960,CUST002960,2024-08,Commercial,CONTRA COSTA,Account Status Review,Medium,Closed,2024-09-03,2024-09-09
SR00000426,EXC00000472,BILL00006091,ACCT000508,CUST000508,2024-07,Commercial,ALAMEDA,Meter Data Investigation,Low,Open,2024-08-03,
SR00000427,EXC00002100,BILL00024282,ACCT002024,CUST002024,2024-06,Residential,MERCED,Account Status Review,High,Cancelled,2024-07-03,2024-07-23
SR00000428,EXC00000469,BILL00006055,ACCT000505,CUST000505,2024-07,Residential,ALAMEDA,Meter Data Investigation,Low,Closed,2024-08-03,2024-08-31
SR00000429,EXC00002101,BILL00024283,ACCT002024,CUST002024,2024-07,Residential,MERCED,Account Status Review,Low,Closed,2024-08-03,2024-08-05
SR00000430,EXC00005340,BILL00059228,ACCT004936,CUST004936,2024-08,Residential,SANTA CLARA,Account Status Review,Medium,In Progress,2024-09-03,
SR00000431,EXC00002587,BILL00028907,ACCT002409,CUST002409,2024-11,"Transportation, Communications, & Utilities",SANTA CLARA,Account Status Review,Medium,Closed,2024-12-03,2024-12-15
SR00000432,EXC00005153,BILL00056408,ACCT004701,CUST004701,2024-08,Residential,MERCED,Account Status Review,Medium,Closed,2024-09-03,2024-09-21
SR00000433,EXC00001075,BILL00013576,ACCT001132,CUST001132,2024-04,Residential,MADERA,Missing Read Investigation,High,Closed,2024-05-03,2024-05-24
SR00000434,EXC00003459,BILL00038039,ACCT003170,CUST003170,2024-11,Residential,SANTA CLARA,Meter Data Investigation,Low,Closed,2024-12-03,2025-01-01
SR00000435,EXC00004362,BILL00048198,ACCT004017,CUST004017,2024-06,Commercial,SANTA CLARA,Account Status Review,Medium,Closed,2024-07-03,2024-07-22
SR00000436,EXC00003241,BILL00036239,ACCT003020,CUST003020,2024-11,Residential,SONOMA,Account Status Review,Low,Closed,2024-12-03,2024-12-27
SR00000437,EXC00001943,BILL00022992,ACCT001916,CUST001916,2024-12,Residential,SANTA CLARA,Account Status Review,Medium,Open,2025-01-03,
SR00000438,EXC00000273,BILL00003648,ACCT000304,CUST000304,2024-12,Residential,SONOMA,Account Status Review,Low,In Progress,2025-01-03,
SR00000439,EXC00005044,BILL00055041,ACCT004587,CUST004587,2024-09,Residential,SANTA CLARA,Account Status Review,Low,Closed,2024-10-03,2024-10-12
SR00000440,EXC00004762,BILL00052349,ACCT004363,CUST004363,2024-05,Residential,KERN,Missing Read Investigation,Low,Open,2024-06-03,
SR00000441,EXC00003621,BILL00039642,ACCT003304,CUST003304,2024-06,Residential,SANTA CLARA,Missing Read Investigation,Low,Open,2024-07-03,
SR00000442,EXC00003107,BILL00035484,ACCT002957,CUST002957,2024-12,Residential,FRESNO,Account Status Review,Low,Closed,2025-01-03,2025-01-25
SR00000443,EXC00001963,BILL00023082,ACCT001924,CUST001924,2024-06,Residential,SAN FRANCISCO,Account Status Review,Medium,Closed,2024-07-03,2024-07-20
SR00000444,EXC00001372,BILL00016302,ACCT001359,CUST001359,2024-06,Residential,PLUMAS,Meter Data Investigation,High,Closed,2024-07-03,2024-07-24
SR00000445,EXC00000600,BILL00007623,ACCT000636,CUST000636,2024-03,Residential,CONTRA COSTA,Account Status Review,Low,Closed,2024-04-03,2024-04-29
SR00000446,EXC00000725,BILL00008571,ACCT000715,CUST000715,2024-03,Residential,FRESNO,Account Status Review,Low,In Progress,2024-04-03,
SR00000447,EXC00005099,BILL00055619,ACCT004635,CUST004635,2024-11,Residential,ALAMEDA,Meter Data Investigation,Medium,Closed,2024-12-03,2024-12-08
SR00000448,EXC00004047,BILL00044724,ACCT003727,CUST003727,2024-12,Residential,KERN,Account Status Review,Medium,Cancelled,2025-01-03,2025-01-17
SR00000449,EXC00001692,BILL00020172,ACCT001681,CUST001681,2024-12,Residential,FRESNO,Meter Data Investigation,Medium,Open,2025-01-03,
SR00000450,EXC00000953,BILL00012072,ACCT001006,CUST001006,2024-12,Residential,KINGS,Account Status Review,Medium,Open,2025-01-03,
SR00000451,EXC00002789,BILL00030804,ACCT002567,CUST002567,2024-12,Residential,YOLO,Missing Read Investigation,Low,Closed,2025-01-03,2025-01-27
SR00000452,EXC00000788,BILL00009649,ACCT000805,CUST000805,2024-01,Residential,MARIN,Account Status Review,Medium,Open,2024-02-03,
SR00000453,EXC00000487,BILL00006394,ACCT000533,CUST000533,2024-10,Streetlighting,FRESNO,Account Status Review,Low,Cancelled,2024-11-03,2024-11-27
SR00000454,EXC00002811,BILL00031060,ACCT002589,CUST002589,2024-04,Residential,PLACER,Account Status Review,Low,Closed,2024-05-03,2024-05-04
SR00000455,EXC00003319,BILL00036889,ACCT003075,CUST003075,2024-01,Residential,SAN JOAQUIN,Account Status Review,Medium,Closed,2024-02-03,2024-02-25
SR00000456,EXC00003619,BILL00039606,ACCT003301,CUST003301,2024-06,Residential,MERCED,Meter Data Investigation,Medium,In Progress,2024-07-03,
SR00000457,EXC00004253,BILL00047046,ACCT003921,CUST003921,2024-06,Industrial,PLACER,Missing Read Investigation,Low,Closed,2024-07-03,2024-07-26
SR00000458,EXC00004807,BILL00053005,ACCT004418,CUST004418,2024-01,Residential,ALAMEDA,Missing Read Investigation,Medium,Closed,2024-02-03,2024-02-24
SR00000459,EXC00003976,BILL00044359,ACCT003697,CUST003697,2024-07,Agriculture And Water Pumping,KINGS,Account Status Review,Medium,Closed,2024-08-03,2024-08-25
SR00000460,EXC00003389,BILL00037321,ACCT003111,CUST003111,2024-01,Residential,KERN,Meter Data Investigation,High,Cancelled,2024-02-03,2024-02-06
SR00000461,EXC00004451,BILL00049081,ACCT004091,CUST004091,2024-01,Residential,KERN,Account Status Review,Low,Closed,2024-02-03,2024-02-09
SR00000462,EXC00001861,BILL00022062,ACCT001839,CUST001839,2024-06,Industrial,SANTA CLARA,Meter Data Investigation,Critical,Closed,2024-07-03,2024-07-06
SR00000463,EXC00003821,BILL00042820,ACCT003569,CUST003569,2024-04,Residential,KERN,Account Status Review,High,Closed,2024-05-03,2024-05-14
SR00000464,EXC00001056,BILL00013192,ACCT001100,CUST001100,2024-04,Residential,MONTEREY,Account Status Review,Critical,Closed,2024-05-03,2024-05-28
SR00000465,EXC00004428,BILL00048802,ACCT004067,CUST004067,2024-10,Residential,ALAMEDA,Account Status Review,Medium,In Progress,2024-11-03,
SR00000466,EXC00000255,BILL00003548,ACCT000296,CUST000296,2024-08,Residential,SANTA CLARA,Account Status Review,High,Closed,2024-09-03,2024-09-15
SR00000467,EXC00001544,BILL00018566,ACCT001548,CUST001548,2024-02,Residential,KERN,Account Status Review,Medium,Closed,2024-03-03,2024-03-14
SR00000468,EXC00000287,BILL00003746,ACCT000313,CUST000313,2024-02,Residential,YOLO,Account Status Review,High,Closed,2024-03-03,2024-03-08
SR00000469,EXC00002781,BILL00030514,ACCT002543,CUST002543,2024-10,Commercial,NEVADA,Account Status Review,High,Closed,2024-11-03,2024-11-17
SR00000470,EXC00003683,BILL00040536,ACCT003378,CUST003378,2024-12,Residential,SANTA CLARA,Account Status Review,Medium,Closed,2025-01-03,2025-01-16
SR00000471,EXC00004527,BILL00049949,ACCT004163,CUST004163,2024-05,Residential,MERCED,Meter Data Investigation,Critical,Closed,2024-06-03,2024-06-21
SR00000472,EXC00000502,BILL00006562,ACCT000547,CUST000547,2024-10,Residential,SANTA CLARA,Account Status Review,Medium,Closed,2024-11-03,2024-11-16
SR00000473,EXC00003480,BILL00038271,ACCT003190,CUST003190,2024-03,Residential,SAN MATEO,Account Status Review,High,Open,2024-04-03,
SR00000474,EXC00005373,BILL00059629,ACCT004970,CUST004970,2024-01,Residential,SANTA CLARA,Meter Data Investigation,High,Closed,2024-02-03,2024-02-28
SR00000475,EXC00000394,BILL00004964,ACCT000414,CUST000414,2024-08,Residential,CONTRA COSTA,Missing Read Investigation,High,Open,2024-09-03,
SR00000476,EXC00004625,BILL00051112,ACCT004260,CUST004260,2024-04,Residential,SANTA CLARA,Missing Read Investigation,Low,Open,2024-05-03,
SR00000477,EXC00000535,BILL00006744,ACCT000562,CUST000562,2024-12,Residential,YUBA,Account Status Review,Low,Closed,2025-01-03,2025-01-30
SR00000478,EXC00004300,BILL00047452,ACCT003955,CUST003955,2024-04,Residential,SAN MATEO,Account Status Review,Low,In Progress,2024-05-03,
SR00000479,EXC00004594,BILL00050831,ACCT004236,CUST004236,2024-11,Residential,SAN MATEO,Account Status Review,Low,Open,2024-12-03,
SR00000480,EXC00000926,BILL00011673,ACCT000973,CUST000973,2024-09,Residential,SAN JOAQUIN,Meter Data Investigation,Medium,Cancelled,2024-10-03,2024-10-30
SR00000481,EXC00003751,BILL00041502,ACCT003459,CUST003459,2024-06,Residential,LAKE,Account Status Review,Medium,In Progress,2024-07-03,
SR00000482,EXC00000506,BILL00006598,ACCT000550,CUST000550,2024-10,Residential,SANTA CLARA,Meter Data Investigation,High,Closed,2024-11-03,2024-11-05
SR00000483,EXC00001865,BILL00022130,ACCT001845,CUST001845,2024-02,Industrial,CALAVERAS,Account Status Review,Medium,Closed,2024-03-03,2024-03-21
SR00000484,EXC00000200,BILL00002948,ACCT000246,CUST000246,2024-08,Industrial,SAN FRANCISCO,Account Status Review,Medium,Cancelled,2024-09-03,2024-10-01
SR00000485,EXC00001102,BILL00013735,ACCT001145,CUST001145,2024-07,Residential,MERCED,Meter Data Investigation,Medium,In Progress,2024-08-03,
SR00000486,EXC00002334,BILL00026779,ACCT002232,CUST002232,2024-07,Residential,KERN,Account Status Review,High,Closed,2024-08-03,2024-08-27
SR00000487,EXC00001420,BILL00016954,ACCT001413,CUST001413,2024-10,Residential,BUTTE,Meter Data Investigation,High,Closed,2024-11-03,2024-11-20
SR00000488,EXC00004840,BILL00053167,ACCT004431,CUST004431,2024-07,Residential,SAN JOAQUIN,Account Status Review,High,Closed,2024-08-03,2024-08-29
SR00000489,EXC00001087,BILL00013679,ACCT001140,CUST001140,2024-11,Residential,SAN JOAQUIN,Account Status Review,High,Open,2024-12-03,
SR00000490,EXC00000246,BILL00003463,ACCT000289,CUST000289,2024-07,Residential,SANTA CLARA,Missing Read Investigation,Medium,Open,2024-08-03,
SR00000491,EXC00004211,BILL00046235,ACCT003853,CUST003853,2024-11,Residential,CONTRA COSTA,Account Status Review,Low,In Progress,2024-12-03,
SR00000492,EXC00004199,BILL00046143,ACCT003846,CUST003846,2024-03,Residential,SOLANO,Missing Read Investigation,Medium,Closed,2024-04-03,2024-04-11
SR00000493,EXC00005286,BILL00058165,ACCT004848,CUST004848,2024-01,Residential,SAN MATEO,Account Status Review,Medium,In Progress,2024-02-03,
SR00000494,EXC00000743,BILL00008767,ACCT000731,CUST000731,2024-07,Residential,SAN JOAQUIN,Meter Data Investigation,Low,Closed,2024-08-03,2024-08-25
SR00000495,EXC00004405,BILL00048719,ACCT004060,CUST004060,2024-11,Mining,SANTA CLARA,Account Status Review,Medium,Closed,2024-12-03,2024-12-08
SR00000496,EXC00001783,BILL00021404,ACCT001784,CUST001784,2024-08,Residential,ALAMEDA,Missing Read Investigation,Medium,Closed,2024-09-03,2024-09-14
SR00000497,EXC00001868,BILL00022133,ACCT001845,CUST001845,2024-05,Industrial,CALAVERAS,Account Status Review,Medium,Closed,2024-06-03,2024-06-15
SR00000498,EXC00003099,BILL00035476,ACCT002957,CUST002957,2024-04,Residential,FRESNO,Account Status Review,High,Closed,2024-05-03,2024-05-07
SR00000499,EXC00003270,BILL00036516,ACCT003043,CUST003043,2024-12,Residential,CONTRA COSTA,Account Status Review,Low,Closed,2025-01-03,2025-01-13
SR00000500,EXC00001989,BILL00023408,ACCT001951,CUST001951,2024-08,Residential,MADERA,Account Status Review,Medium,Closed,2024-09-03,2024-09-07
SR00000501,EXC00003299,BILL00036715,ACCT003060,CUST003060,2024-07,Agriculture And Water Pumping,SAN FRANCISCO,Meter Data Investigation,Low,In Progress,2024-08-03,
SR00000502,EXC00003382,BILL00037303,ACCT003109,CUST003109,2024-07,Residential,SOLANO,Account Status Review,Medium,Closed,2024-08-03,2024-08-18
SR00000503,EXC00001721,BILL00020481,ACCT001707,CUST001707,2024-09,Residential,MENDOCINO,Account Status Review,Medium,Closed,2024-10-03,2024-10-19
SR00000504,EXC00004202,BILL00046226,ACCT003853,CUST003853,2024-02,Residential,CONTRA COSTA,Account Status Review,Low,In Progress,2024-03-03,
SR00000505,EXC00002417,BILL00027506,ACCT002293,CUST002293,2024-02,Residential,SANTA CLARA,Account Status Review,High,Closed,2024-03-03,2024-03-06
SR00000506,EXC00003849,BILL00043009,ACCT003585,CUST003585,2024-01,Residential,KERN,Meter Data Investigation,Medium,Closed,2024-02-03,2024-02-06
SR00000507,EXC00002253,BILL00025703,ACCT002142,CUST002142,2024-11,Residential,SANTA CLARA,Account Status Review,Medium,Closed,2024-12-03,2024-12-15
SR00000508,EXC00001481,BILL00017675,ACCT001473,CUST001473,2024-11,Commercial,SANTA BARBARA,Account Status Review,Medium,In Progress,2024-12-03,
SR00000509,EXC00001407,BILL00016665,ACCT001389,CUST001389,2024-09,Agriculture And Water Pumping,ALAMEDA,Account Status Review,Low,Open,2024-10-03,
SR00000510,EXC00003128,BILL00035693,ACCT002975,CUST002975,2024-05,Residential,PLACER,Account Status Review,Medium,Closed,2024-06-03,2024-06-15
SR00000511,EXC00002415,BILL00027475,ACCT002290,CUST002290,2024-07,Residential,SAN JOAQUIN,Missing Read Investigation,High,In Progress,2024-08-03,
SR00000512,EXC00004467,BILL00049120,ACCT004094,CUST004094,2024-04,Industrial,FRESNO,Account Status Review,Medium,Closed,2024-05-03,2024-05-09
SR00000513,EXC00005380,BILL00059647,ACCT004971,CUST004971,2024-07,Residential,CONTRA COSTA,Account Status Review,Medium,Closed,2024-08-03,2024-08-25
SR00000514,EXC00002116,BILL00024515,ACCT002043,CUST002043,2024-11,Residential,SANTA BARBARA,Meter Data Investigation,Low,In Progress,2024-12-03,
SR00000515,EXC00000229,BILL00003167,ACCT000264,CUST000264,2024-11,Residential,CONTRA COSTA,Account Status Review,Medium,Closed,2024-12-03,2024-12-19
SR00000516,EXC00003868,BILL00043141,ACCT003596,CUST003596,2024-01,Residential,SAN FRANCISCO,Missing Read Investigation,Low,Closed,2024-02-03,2024-02-06
SR00000517,EXC00004769,BILL00052398,ACCT004367,CUST004367,2024-06,Residential,PLACER,Account Status Review,High,Cancelled,2024-07-03,2024-07-07
SR00000518,EXC00003502,BILL00038364,ACCT003197,CUST003197,2024-12,Industrial,FRESNO,Account Status Review,Medium,Closed,2025-01-03,2025-01-06
SR00000519,EXC00001565,BILL00018599,ACCT001550,CUST001550,2024-11,Residential,KERN,Account Status Review,Medium,In Progress,2024-12-03,
SR00000520,EXC00004113,BILL00045367,ACCT003781,CUST003781,2024-07,Residential,SANTA CLARA,Account Status Review,Low,Open,2024-08-03,
SR00000521,EXC00000018,BILL00000258,ACCT000022,CUST000022,2024-06,Residential,KERN,Missing Read Investigation,Low,Closed,2024-07-03,2024-07-06
SR00000522,EXC00001438,BILL00017185,ACCT001433,CUST001433,2024-01,Residential,MONTEREY,Account Status Review,Low,Cancelled,2024-02-03,2024-02-23
SR00000523,EXC00002755,BILL00030214,ACCT002518,CUST002518,2024-10,Residential,ALAMEDA,Account Status Review,High,In Progress,2024-11-03,
SR00000524,EXC00001486,BILL00017736,ACCT001478,CUST001478,2024-12,Residential,SANTA CLARA,Meter Data Investigation,High,Closed,2025-01-03,2025-01-06
SR00000525,EXC00000444,BILL00005424,ACCT000452,CUST000452,2024-12,Residential,ALAMEDA,Account Status Review,Low,Closed,2025-01-03,2025-01-19
SR00000526,EXC00000735,BILL00008606,ACCT000718,CUST000718,2024-02,Agriculture And Water Pumping,ALAMEDA,Missing Read Investigation,Medium,Cancelled,2024-03-03,2024-03-27
SR00000527,EXC00000038,BILL00000568,ACCT000048,CUST000048,2024-04,Residential,PLACER,Missing Read Investigation,High,Closed,2024-05-03,2024-05-22
SR00000528,EXC00001633,BILL00019692,ACCT001641,CUST001641,2024-12,Residential,MADERA,Account Status Review,Low,In Progress,2025-01-03,
SR00000529,EXC00002571,BILL00028856,ACCT002405,CUST002405,2024-08,Residential,SAN MATEO,Account Status Review,Medium,Cancelled,2024-09-03,2024-09-12
SR00000530,EXC00004401,BILL00048715,ACCT004060,CUST004060,2024-07,Mining,SANTA CLARA,Account Status Review,High,Closed,2024-08-03,2024-08-16
SR00000531,EXC00004287,BILL00047427,ACCT003953,CUST003953,2024-03,Agriculture And Water Pumping,CONTRA COSTA,Account Status Review,Medium,Closed,2024-04-03,2024-04-18
SR00000532,EXC00004735,BILL00052231,ACCT004353,CUST004353,2024-07,Residential,MONTEREY,Meter Data Investigation,Medium,Closed,2024-08-03,2024-08-30
SR00000533,EXC00004457,BILL00049087,ACCT004091,CUST004091,2024-07,Residential,KERN,Account Status Review,High,Closed,2024-08-03,2024-08-26
SR00000534,EXC00001974,BILL00023263,ACCT001939,CUST001939,2024-07,Residential,KERN,Meter Data Investigation,Low,In Progress,2024-08-03,
SR00000535,EXC00001401,BILL00016659,ACCT001389,CUST001389,2024-03,Agriculture And Water Pumping,ALAMEDA,Account Status Review,High,Closed,2024-04-03,2024-04-15
SR00000536,EXC00002303,BILL00026549,ACCT002213,CUST002213,2024-05,Residential,ALAMEDA,Account Status Review,Medium,Closed,2024-06-03,2024-06-14
SR00000537,EXC00005285,BILL00058163,ACCT004847,CUST004847,2024-11,Industrial,SAN JOAQUIN,Missing Read Investigation,Medium,Closed,2024-12-03,2024-12-05
SR00000538,EXC00003660,BILL00040292,ACCT003358,CUST003358,2024-08,Residential,PLACER,Account Status Review,Low,Closed,2024-09-03,2024-09-21
SR00000539,EXC00001074,BILL00013547,ACCT001129,CUST001129,2024-11,Residential,SANTA CLARA,Missing Read Investigation,High,Cancelled,2024-12-03,2024-12-26
SR00000540,EXC00002093,BILL00024209,ACCT002018,CUST002018,2024-05,Commercial,SANTA CLARA,Meter Data Investigation,Medium,Closed,2024-06-03,2024-06-17
SR00000541,EXC00000812,BILL00009871,ACCT000823,CUST000823,2024-07,Residential,FRESNO,Account Status Review,High,Closed,2024-08-03,2024-09-01
SR00000542,EXC00003668,BILL00040354,ACCT003363,CUST003363,2024-10,Residential,ALAMEDA,Meter Data Investigation,Low,Closed,2024-11-03,2024-11-20
SR00000543,EXC00000089,BILL00001094,ACCT000092,CUST000092,2024-02,Residential,CONTRA COSTA,Missing Read Investigation,Low,In Progress,2024-03-03,
SR00000544,EXC00005115,BILL00055915,ACCT004660,CUST004660,2024-07,Residential,SAN JOAQUIN,Account Status Review,Low,Closed,2024-08-03,2024-08-30
SR00000545,EXC00001537,BILL00018372,ACCT001531,CUST001531,2024-12,Residential,SAN FRANCISCO,Account Status Review,Low,Closed,2025-01-03,2025-01-20
SR00000546,EXC00000627,BILL00007777,ACCT000649,CUST000649,2024-01,Residential,SANTA CRUZ,Account Status Review,High,Open,2024-02-03,
SR00000547,EXC00003376,BILL00037297,ACCT003109,CUST003109,2024-01,Residential,SOLANO,Account Status Review,Medium,Open,2024-02-03,
SR00000548,EXC00002349,BILL00026829,ACCT002236,CUST002236,2024-09,Residential,KERN,Account Status Review,Low,Closed,2024-10-03,2024-10-31
SR00000549,EXC00000894,BILL00011379,ACCT000949,CUST000949,2024-03,Commercial,FRESNO,Missing Read Investigation,High,Closed,2024-04-03,2024-04-16
SR00000550,EXC00001033,BILL00012967,ACCT001081,CUST001081,2024-07,Residential,KERN,Account Status Review,Low,Closed,2024-08-03,2024-08-04
SR00000551,EXC00001352,BILL00016150,ACCT001346,CUST001346,2024-10,Residential,CONTRA COSTA,Account Status Review,Medium,Closed,2024-11-03,2024-11-16
SR00000552,EXC00000145,BILL00002015,ACCT000168,CUST000168,2024-11,Residential,SANTA CLARA,Meter Data Investigation,High,Closed,2024-12-03,2024-12-08
SR00000553,EXC00004921,BILL00053729,ACCT004478,CUST004478,2024-05,Residential,MONTEREY,Account Status Review,Low,In Progress,2024-06-03,
SR00000554,EXC00001601,BILL00019360,ACCT001614,CUST001614,2024-04,Residential,CONTRA COSTA,Account Status Review,Medium,Closed,2024-05-03,2024-05-28
SR00000555,EXC00002338,BILL00026783,ACCT002232,CUST002232,2024-11,Residential,KERN,Account Status Review,Low,Cancelled,2024-12-03,2024-12-20
SR00000556,EXC00005229,BILL00057384,ACCT004782,CUST004782,2024-12,Residential,KERN,Account Status Review,Low,Closed,2025-01-03,2025-01-24
SR00000557,EXC00003122,BILL00035574,ACCT002965,CUST002965,2024-06,Commercial,SAN LUIS OBISPO,Meter Data Investigation,Medium,Closed,2024-07-03,2024-07-29
SR00000558,EXC00003685,BILL00040613,ACCT003385,CUST003385,2024-05,Residential,ALAMEDA,Missing Read Investigation,Low,Closed,2024-06-03,2024-06-10
SR00000559,EXC00003945,BILL00044171,ACCT003681,CUST003681,2024-11,Residential,CONTRA COSTA,Account Status Review,Medium,Open,2024-12-03,
SR00000560,EXC00001221,BILL00015061,ACCT001256,CUST001256,2024-01,Residential,SAN FRANCISCO,Account Status Review,Medium,Closed,2024-02-03,2024-02-20
SR00000561,EXC00000486,BILL00006393,ACCT000533,CUST000533,2024-09,Streetlighting,FRESNO,Account Status Review,Medium,Closed,2024-10-03,2024-10-28
SR00000562,EXC00005388,BILL00059699,ACCT004975,CUST004975,2024-11,Residential,KERN,Missing Read Investigation,High,Closed,2024-12-03,2024-12-20
SR00000563,EXC00001635,BILL00019718,ACCT001644,CUST001644,2024-02,Residential,SONOMA,Meter Data Investigation,High,Closed,2024-03-03,2024-03-27
SR00000564,EXC00004393,BILL00048579,ACCT004049,CUST004049,2024-03,Commercial,NAPA,Missing Read Investigation,Medium,Closed,2024-04-03,2024-04-24
SR00000565,EXC00000890,BILL00011194,ACCT000933,CUST000933,2024-10,"Transportation, Communications, & Utilities",ALAMEDA,Meter Data Investigation,High,Closed,2024-11-03,2024-11-25
SR00000566,EXC00003822,BILL00042821,ACCT003569,CUST003569,2024-05,Residential,KERN,Account Status Review,High,Cancelled,2024-06-03,2024-06-24
SR00000567,EXC00004148,BILL00045720,ACCT003810,CUST003810,2024-12,Residential,SANTA CLARA,Missing Read Investigation,Low,Closed,2025-01-03,2025-01-22
SR00000568,EXC00001477,BILL00017671,ACCT001473,CUST001473,2024-07,Commercial,SANTA BARBARA,Account Status Review,High,In Progress,2024-08-03,
SR00000569,EXC00001823,BILL00021658,ACCT001805,CUST001805,2024-10,Residential,KERN,Account Status Review,High,Cancelled,2024-11-03,2024-11-25
SR00000570,EXC00001695,BILL00020210,ACCT001685,CUST001685,2024-02,Residential,FRESNO,Account Status Review,Medium,Closed,2024-03-03,2024-03-22
SR00000571,EXC00004164,BILL00045875,ACCT003823,CUST003823,2024-11,Commercial,SANTA CLARA,Account Status Review,Low,Closed,2024-12-03,2024-12-15
SR00000572,EXC00003545,BILL00038877,ACCT003240,CUST003240,2024-09,Residential,SANTA CLARA,Account Status Review,Low,In Progress,2024-10-03,
SR00000573,EXC00004968,BILL00054286,ACCT004524,CUST004524,2024-10,Residential,FRESNO,Missing Read Investigation,Medium,Closed,2024-11-03,2024-11-30
SR00000574,EXC00001966,BILL00023085,ACCT001924,CUST001924,2024-09,Residential,SAN FRANCISCO,Account Status Review,Medium,In Progress,2024-10-03,
SR00000575,EXC00004931,BILL00053941,ACCT004496,CUST004496,2024-01,Residential,KERN,Missing Read Investigation,Low,In Progress,2024-02-03,
SR00000576,EXC00005158,BILL00056427,ACCT004703,CUST004703,2024-03,Residential,FRESNO,Missing Read Investigation,Medium,Closed,2024-04-03,2024-05-02
SR00000577,EXC00001562,BILL00018596,ACCT001550,CUST001550,2024-08,Residential,KERN,Account Status Review,High,Closed,2024-09-03,2024-10-02
SR00000578,EXC00000101,BILL00001210,ACCT000101,CUST000101,2024-10,Residential,KERN,Account Status Review,Medium,Closed,2024-11-03,2024-11-19
SR00000579,EXC00004929,BILL00053779,ACCT004482,CUST004482,2024-07,Residential,ALAMEDA,Missing Read Investigation,Medium,Closed,2024-08-03,2024-08-24
SR00000580,EXC00003686,BILL00040665,ACCT003389,CUST003389,2024-09,Residential,SAN LUIS OBISPO,Missing Read Investigation,Medium,In Progress,2024-10-03,
SR00000581,EXC00001127,BILL00014070,ACCT001173,CUST001173,2024-06,Residential,CONTRA COSTA,Account Status Review,High,Closed,2024-07-03,2024-07-09
SR00000582,EXC00003541,BILL00038873,ACCT003240,CUST003240,2024-05,Residential,SANTA CLARA,Account Status Review,Medium,Closed,2024-06-03,2024-06-23
SR00000583,EXC00002448,BILL00027688,ACCT002308,CUST002308,2024-04,Residential,ALAMEDA,Account Status Review,High,Closed,2024-05-03,2024-06-01
SR00000584,EXC00001176,BILL00014256,ACCT001188,CUST001188,2024-12,Residential,ALAMEDA,Missing Read Investigation,Critical,Closed,2025-01-03,2025-01-14
SR00000585,EXC00005231,BILL00057455,ACCT004788,CUST004788,2024-11,Commercial,SANTA CLARA,Missing Read Investigation,Medium,Cancelled,2024-12-03,2024-12-19
SR00000586,EXC00002813,BILL00031062,ACCT002589,CUST002589,2024-06,Residential,PLACER,Account Status Review,Medium,Closed,2024-07-03,2024-07-19
SR00000587,EXC00004747,BILL00052284,ACCT004357,CUST004357,2024-12,Residential,SAN JOAQUIN,Account Status Review,High,Closed,2025-01-03,2025-01-07
SR00000588,EXC00003072,BILL00034951,ACCT002913,CUST002913,2024-07,Residential,PLACER,Account Status Review,Low,Closed,2024-08-03,2024-08-17
SR00000589,EXC00000110,BILL00001231,ACCT000103,CUST000103,2024-07,Residential,SAN FRANCISCO,Account Status Review,Low,In Progress,2024-08-03,
SR00000590,EXC00002202,BILL00025369,ACCT002115,CUST002115,2024-01,Residential,PLACER,Account Status Review,Critical,Open,2024-02-03,
SR00000591,EXC00000766,BILL00009368,ACCT000781,CUST000781,2024-08,Residential,SANTA BARBARA,Account Status Review,Medium,Closed,2024-09-03,2024-09-26
SR00000592,EXC00004548,BILL00050256,ACCT004188,CUST004188,2024-12,Residential,CONTRA COSTA,Account Status Review,Medium,Closed,2025-01-03,2025-01-09
SR00000593,EXC00005022,BILL00054915,ACCT004577,CUST004577,2024-03,Residential,FRESNO,Account Status Review,High,Closed,2024-04-03,2024-04-13
SR00000594,EXC00004281,BILL00047409,ACCT003951,CUST003951,2024-09,Residential,ALAMEDA,Account Status Review,Low,Open,2024-10-03,
SR00000595,EXC00001478,BILL00017672,ACCT001473,CUST001473,2024-08,Commercial,SANTA BARBARA,Account Status Review,Medium,In Progress,2024-09-03,
SR00000596,EXC00004445,BILL00048992,ACCT004083,CUST004083,2024-08,Residential,ALAMEDA,Account Status Review,Medium,In Progress,2024-09-03,
SR00000597,EXC00002697,BILL00029947,ACCT002496,CUST002496,2024-07,Residential,SANTA CLARA,Account Status Review,Critical,Closed,2024-08-03,2024-08-11
SR00000598,EXC00002643,BILL00029223,ACCT002436,CUST002436,2024-03,Residential,SONOMA,Account Status Review,High,Closed,2024-04-03,2024-04-21
SR00000599,EXC00004077,BILL00044963,ACCT003747,CUST003747,2024-11,Residential,SANTA CLARA,Account Status Review,Medium,Closed,2024-12-03,2024-12-07
SR00000600,EXC00001889,BILL00022216,ACCT001852,CUST001852,2024-04,Commercial,MENDOCINO,Missing Read Investigation,Medium,Closed,2024-05-03,2024-05-14
SR00000601,EXC00003913,BILL00043885,ACCT003658,CUST003658,2024-01,Residential,SANTA CLARA,Missing Read Investigation,Low,Closed,2024-02-03,2024-02-21
SR00000602,EXC00004473,BILL00049126,ACCT004094,CUST004094,2024-10,Industrial,FRESNO,Account Status Review,High,Closed,2024-11-03,2024-11-30
SR00000603,EXC00000995,BILL00012425,ACCT001036,CUST001036,2024-05,Residential,ALAMEDA,Account Status Review,Low,Open,2024-06-03,
SR00000604,EXC00003629,BILL00039949,ACCT003330,CUST003330,2024-01,Residential,KERN,Account Status Review,High,Closed,2024-02-03,2024-02-14
SR00000605,EXC00001859,BILL00021951,ACCT001830,CUST001830,2024-03,Residential,KERN,Missing Read Investigation,Low,Closed,2024-04-03,2024-04-23
SR00000606,EXC00003470,BILL00038261,ACCT003189,CUST003189,2024-05,Commercial,PLACER,Account Status Review,Medium,Closed,2024-06-03,2024-06-11
SR00000607,EXC00004444,BILL00048991,ACCT004083,CUST004083,2024-07,Residential,ALAMEDA,Account Status Review,High,Open,2024-08-03,
SR00000608,EXC00002517,BILL00028147,ACCT002346,CUST002346,2024-07,Residential,ALAMEDA,Missing Read Investigation,Medium,Closed,2024-08-03,2024-08-31
SR00000609,EXC00002227,BILL00025487,ACCT002124,CUST002124,2024-11,Residential,MONTEREY,Account Status Review,Medium,Open,2024-12-03,
SR00000610,EXC00000309,BILL00003874,ACCT000323,CUST000323,2024-10,Residential,KERN,Account Status Review,Low,Closed,2024-11-03,2024-11-29
SR00000611,EXC00000970,BILL00012211,ACCT001018,CUST001018,2024-07,Residential,SAN FRANCISCO,Missing Read Investigation,Low,Cancelled,2024-08-03,2024-08-09
SR00000612,EXC00001339,BILL00016017,ACCT001335,CUST001335,2024-09,Agriculture And Water Pumping,ALAMEDA,Meter Data Investigation,High,In Progress,2024-10-03,
SR00000613,EXC00003674,BILL00040527,ACCT003378,CUST003378,2024-03,Residential,SANTA CLARA,Account Status Review,Low,In Progress,2024-04-03,
SR00000614,EXC00003842,BILL00042944,ACCT003579,CUST003579,2024-08,Residential,SAN MATEO,Account Status Review,Medium,Closed,2024-09-03,2024-09-30
SR00000615,EXC00001050,BILL00013091,ACCT001091,CUST001091,2024-11,Industrial,KERN,Account Status Review,Low,Cancelled,2024-12-03,2024-12-05
SR00000616,EXC00005186,BILL00056991,ACCT004750,CUST004750,2024-03,Commercial,TUOLUMNE,Account Status Review,Medium,In Progress,2024-04-03,
SR00000617,EXC00002219,BILL00025479,ACCT002124,CUST002124,2024-03,Residential,MONTEREY,Account Status Review,Low,Closed,2024-04-03,2024-04-16
SR00000618,EXC00004948,BILL00054226,ACCT004519,CUST004519,2024-10,Residential,PLACER,Account Status Review,Low,Closed,2024-11-03,2024-11-29
SR00000619,EXC00000234,BILL00003266,ACCT000273,CUST000273,2024-02,Commercial,ALAMEDA,Account Status Review,Low,Open,2024-03-03,
SR00000620,EXC00001177,BILL00014279,ACCT001190,CUST001190,2024-11,Residential,SANTA CLARA,Missing Read Investigation,High,Open,2024-12-03,
SR00000621,EXC00002340,BILL00026802,ACCT002234,CUST002234,2024-06,Commercial,SAN FRANCISCO,Missing Read Investigation,Medium,Closed,2024-07-03,2024-07-06
SR00000622,EXC00000965,BILL00012153,ACCT001013,CUST001013,2024-09,Industrial,HUMBOLDT,Account Status Review,Low,Closed,2024-10-03,2024-10-14
SR00000623,EXC00005252,BILL00057630,ACCT004803,CUST004803,2024-06,Commercial,SANTA CLARA,Account Status Review,High,Open,2024-07-03,
SR00000624,EXC00004146,BILL00045636,ACCT003803,CUST003803,2024-12,Commercial,KERN,Account Status Review,Low,Closed,2025-01-03,2025-01-29
SR00000625,EXC00001118,BILL00013884,ACCT001157,CUST001157,2024-12,Residential,SOLANO,Account Status Review,Critical,In Progress,2025-01-03,
SR00000626,EXC00003552,BILL00039075,ACCT003257,CUST003257,2024-03,Residential,ALAMEDA,Missing Read Investigation,High,Closed,2024-04-03,2024-04-30
SR00000627,EXC00002482,BILL00027859,ACCT002322,CUST002322,2024-07,Residential,PLACER,Account Status Review,High,Closed,2024-08-03,2024-08-09
SR00000628,EXC00003636,BILL00039956,ACCT003330,CUST003330,2024-08,Residential,KERN,Account Status Review,Low,Open,2024-09-03,
SR00000629,EXC00004940,BILL00054218,ACCT004519,CUST004519,2024-02,Residential,PLACER,Account Status Review,Medium,Closed,2024-03-03,2024-03-16
SR00000630,EXC00004715,BILL00052127,ACCT004344,CUST004344,2024-11,Commercial,MADERA,Account Status Review,Medium,In Progress,2024-12-03,
SR00000631,EXC00002906,BILL00033449,ACCT002788,CUST002788,2024-05,Residential,YOLO,Account Status Review,Low,Closed,2024-06-03,2024-06-29
SR00000632,EXC00003427,BILL00037686,ACCT003141,CUST003141,2024-06,Residential,SANTA CLARA,Account Status Review,Medium,In Progress,2024-07-03,
SR00000633,EXC00000439,BILL00005419,ACCT000452,CUST000452,2024-07,Residential,ALAMEDA,Account Status Review,Medium,Closed,2024-08-03,2024-08-17
SR00000634,EXC00003211,BILL00036091,ACCT003008,CUST003008,2024-07,Residential,ALAMEDA,Account Status Review,High,Cancelled,2024-08-03,2024-08-29
SR00000635,EXC00002396,BILL00027284,ACCT002274,CUST002274,2024-08,Residential,CONTRA COSTA,Missing Read Investigation,Low,In Progress,2024-09-03,
SR00000636,EXC00002358,BILL00026873,ACCT002240,CUST002240,2024-05,Residential,KERN,Account Status Review,High,Closed,2024-06-03,2024-06-06
SR00000637,EXC00003966,BILL00044281,ACCT003691,CUST003691,2024-01,Commercial,KERN,Meter Data Investigation,Low,Closed,2024-02-03,2024-02-06
SR00000638,EXC00004167,BILL00045884,ACCT003824,CUST003824,2024-08,Residential,CONTRA COSTA,Missing Read Investigation,Medium,Closed,2024-09-03,2024-09-08
SR00000639,EXC00000150,BILL00002283,ACCT000191,CUST000191,2024-03,Residential,ALAMEDA,Meter Data Investigation,Medium,Closed,2024-04-03,2024-04-10
SR00000640,EXC00000587,BILL00007495,ACCT000625,CUST000625,2024-07,Residential,CONTRA COSTA,Account Status Review,High,Closed,2024-08-03,2024-08-10
SR00000641,EXC00005062,BILL00055165,ACCT004598,CUST004598,2024-01,Residential,SAN MATEO,Account Status Review,Medium,Closed,2024-02-03,2024-02-19
SR00000642,EXC00000438,BILL00005418,ACCT000452,CUST000452,2024-06,Residential,ALAMEDA,Account Status Review,High,Open,2024-07-03,
SR00000643,EXC00000013,BILL00000181,ACCT000016,CUST000016,2024-01,Residential,SANTA CLARA,Meter Data Investigation,Medium,Closed,2024-02-03,2024-02-05
SR00000644,EXC00000094,BILL00001203,ACCT000101,CUST000101,2024-03,Residential,KERN,Account Status Review,Low,Open,2024-04-03,
SR00000645,EXC00003796,BILL00042141,ACCT003512,CUST003512,2024-09,Residential,SANTA BARBARA,Account Status Review,High,Closed,2024-10-03,2024-10-18
SR00000646,EXC00001996,BILL00023467,ACCT001956,CUST001956,2024-07,Industrial,SAN MATEO,Missing Read Investigation,Low,Closed,2024-08-03,2024-08-20
SR00000647,EXC00002772,BILL00030505,ACCT002543,CUST002543,2024-01,Commercial,NEVADA,Account Status Review,Medium,Open,2024-02-03,
SR00000648,EXC00000643,BILL00008063,ACCT000672,CUST000672,2024-11,Commercial,ALAMEDA,Missing Read Investigation,Medium,In Progress,2024-12-03,
SR00000649,EXC00002479,BILL00027856,ACCT002322,CUST002322,2024-04,Residential,PLACER,Account Status Review,Medium,Closed,2024-05-03,2024-05-24
SR00000650,EXC00004335,BILL00047813,ACCT003985,CUST003985,2024-05,Commercial,CONTRA COSTA,Account Status Review,Low,Closed,2024-06-03,2024-06-24
SR00000651,EXC00000912,BILL00011611,ACCT000968,CUST000968,2024-07,Residential,SANTA CLARA,Missing Read Investigation,Medium,Closed,2024-08-03,2024-08-28
SR00000652,EXC00002293,BILL00026392,ACCT002200,CUST002200,2024-04,Residential,NAPA,Missing Read Investigation,Medium,Cancelled,2024-05-03,2024-05-06
SR00000653,EXC00001164,BILL00014222,ACCT001186,CUST001186,2024-02,Industrial,SAN JOAQUIN,Account Status Review,Medium,Closed,2024-03-03,2024-03-09
SR00000654,EXC00000722,BILL00008556,ACCT000713,CUST000713,2024-12,Residential,KERN,Account Status Review,Medium,In Progress,2025-01-03,
SR00000655,EXC00004288,BILL00047428,ACCT003953,CUST003953,2024-04,Agriculture And Water Pumping,CONTRA COSTA,Account Status Review,Medium,Closed,2024-05-03,2024-05-27
SR00000656,EXC00002314,BILL00026560,ACCT002214,CUST002214,2024-04,Agriculture And Water Pumping,KERN,Account Status Review,Low,Closed,2024-05-03,2024-05-31
SR00000657,EXC00004564,BILL00050542,ACCT004212,CUST004212,2024-10,Residential,SUTTER,Account Status Review,Low,In Progress,2024-11-03,
SR00000658,EXC00001469,BILL00017553,ACCT001463,CUST001463,2024-09,Residential,NAPA,Meter Data Investigation,High,Open,2024-10-03,
SR00000659,EXC00004318,BILL00047598,ACCT003967,CUST003967,2024-06,Residential,NEVADA,Account Status Review,Low,Open,2024-07-03,
SR00000660,EXC00002313,BILL00026559,ACCT002214,CUST002214,2024-03,Agriculture And Water Pumping,KERN,Account Status Review,Low,Closed,2024-04-03,2024-04-15
SR00000661,EXC00002898,BILL00033319,ACCT002777,CUST002777,2024-07,Residential,SAN MATEO,Meter Data Investigation,Low,Closed,2024-08-03,2024-09-01
SR00000662,EXC00000654,BILL00008179,ACCT000682,CUST000682,2024-07,Residential,KERN,Account Status Review,Critical,Closed,2024-08-03,2024-08-27
SR00000663,EXC00000430,BILL00005399,ACCT000450,CUST000450,2024-11,Residential,SANTA CLARA,Account Status Review,Low,Closed,2024-12-03,2024-12-10
SR00000664,EXC00001515,BILL00017999,ACCT001500,CUST001500,2024-11,Commercial,MERCED,Account Status Review,Critical,Closed,2024-12-03,2024-12-31
SR00000665,EXC00002345,BILL00026825,ACCT002236,CUST002236,2024-05,Residential,KERN,Account Status Review,Medium,Closed,2024-06-03,2024-06-08
SR00000666,EXC00001269,BILL00015533,ACCT001295,CUST001295,2024-05,Commercial,MONTEREY,Missing Read Investigation,Low,Open,2024-06-03,
SR00000667,EXC00004846,BILL00053177,ACCT004432,CUST004432,2024-05,Residential,SANTA CLARA,Meter Data Investigation,Low,Closed,2024-06-03,2024-06-17
SR00000668,EXC00003334,BILL00036951,ACCT003080,CUST003080,2024-03,Industrial,KERN,Account Status Review,Low,Open,2024-04-03,
SR00000669,EXC00001938,BILL00022987,ACCT001916,CUST001916,2024-07,Residential,SANTA CLARA,Account Status Review,Medium,In Progress,2024-08-03,
SR00000670,EXC00000064,BILL00000896,ACCT000075,CUST000075,2024-08,Residential,KINGS,Account Status Review,High,Closed,2024-09-03,2024-09-20
SR00000671,EXC00002373,BILL00026994,ACCT002250,CUST002250,2024-06,Residential,SAN JOAQUIN,Account Status Review,Medium,Cancelled,2024-07-03,2024-07-19
SR00000672,EXC00002226,BILL00025486,ACCT002124,CUST002124,2024-10,Residential,MONTEREY,Account Status Review,Medium,Closed,2024-11-03,2024-11-24
SR00000673,EXC00004763,BILL00052376,ACCT004365,CUST004365,2024-08,Residential,ALAMEDA,Missing Read Investigation,Medium,In Progress,2024-09-03,
SR00000674,EXC00002451,BILL00027691,ACCT002308,CUST002308,2024-07,Residential,ALAMEDA,Account Status Review,Medium,In Progress,2024-08-03,
SR00000675,EXC00005298,BILL00058196,ACCT004850,CUST004850,2024-08,Residential,KERN,Meter Data Investigation,Medium,Closed,2024-09-03,2024-09-09
SR00000676,EXC00003825,BILL00042824,ACCT003569,CUST003569,2024-08,Residential,KERN,Account Status Review,High,Closed,2024-09-03,2024-09-29
SR00000677,EXC00002940,BILL00033605,ACCT002801,CUST002801,2024-05,Residential,CONTRA COSTA,Missing Read Investigation,Medium,In Progress,2024-06-03,
SR00000678,EXC00001091,BILL00013695,ACCT001142,CUST001142,2024-03,Residential,SAN MATEO,Account Status Review,Medium,Open,2024-04-03,
SR00000679,EXC00002724,BILL00030090,ACCT002508,CUST002508,2024-06,Residential,ALAMEDA,Account Status Review,Low,Closed,2024-07-03,2024-07-31
SR00000680,EXC00001546,BILL00018568,ACCT001548,CUST001548,2024-04,Residential,KERN,Account Status Review,Medium,Open,2024-05-03,
SR00000681,EXC00002623,BILL00029050,ACCT002421,CUST002421,2024-10,Residential,SANTA CLARA,Account Status Review,High,Closed,2024-11-03,2024-11-10
SR00000682,EXC00005070,BILL00055173,ACCT004598,CUST004598,2024-09,Residential,SAN MATEO,Account Status Review,Low,Open,2024-10-03,
SR00000683,EXC00001457,BILL00017451,ACCT001455,CUST001455,2024-03,Residential,SONOMA,Account Status Review,Critical,Open,2024-04-03,
SR00000684,EXC00000288,BILL00003747,ACCT000313,CUST000313,2024-03,Residential,YOLO,Account Status Review,Medium,Closed,2024-04-03,2024-04-12
SR00000685,EXC00003642,BILL00039966,ACCT003331,CUST003331,2024-06,Residential,SOLANO,Missing Read Investigation,Low,Closed,2024-07-03,2024-07-04
SR00000686,EXC00000801,BILL00009741,ACCT000812,CUST000812,2024-09,Commercial,SHASTA,Meter Data Investigation,Critical,Open,2024-10-03,
SR00000687,EXC00003383,BILL00037304,ACCT003109,CUST003109,2024-08,Residential,SOLANO,Account Status Review,Medium,Open,2024-09-03,
SR00000688,EXC00002752,BILL00030211,ACCT002518,CUST002518,2024-07,Residential,ALAMEDA,Account Status Review,Medium,Cancelled,2024-08-03,2024-08-16
SR00000689,EXC00003341,BILL00036958,ACCT003080,CUST003080,2024-10,Industrial,KERN,Account Status Review,Low,Open,2024-11-03,
SR00000690,EXC00000562,BILL00006983,ACCT000582,CUST000582,2024-11,"Transportation, Communications, & Utilities",SAN MATEO,Account Status Review,Medium,Open,2024-12-03,
SR00000691,EXC00001644,BILL00019873,ACCT001657,CUST001657,2024-01,Residential,ALAMEDA,Account Status Review,Medium,Closed,2024-02-03,2024-02-25
SR00000692,EXC00002652,BILL00029232,ACCT002436,CUST002436,2024-12,Residential,SONOMA,Account Status Review,Low,In Progress,2025-01-03,
SR00000693,EXC00005030,BILL00054923,ACCT004577,CUST004577,2024-11,Residential,FRESNO,Account Status Review,Low,Open,2024-12-03,
SR00000694,EXC00004059,BILL00044794,ACCT003733,CUST003733,2024-10,Residential,ALAMEDA,Account Status Review,Low,Open,2024-11-03,
SR00000695,EXC00004320,BILL00047600,ACCT003967,CUST003967,2024-08,Residential,NEVADA,Account Status Review,Low,Closed,2024-09-03,2024-09-29
SR00000696,EXC00004391,BILL00048564,ACCT004047,CUST004047,2024-12,Residential,KERN,Missing Read Investigation,Medium,Open,2025-01-03,
SR00000697,EXC00003555,BILL00039181,ACCT003266,CUST003266,2024-01,Residential,CONTRA COSTA,Account Status Review,Medium,Open,2024-02-03,
SR00000698,EXC00002032,BILL00023874,ACCT001990,CUST001990,2024-06,Residential,CONTRA COSTA,Account Status Review,High,Closed,2024-07-03,2024-07-12
SR00000699,EXC00004297,BILL00047449,ACCT003955,CUST003955,2024-01,Residential,SAN MATEO,Account Status Review,High,In Progress,2024-02-03,
SR00000700,EXC00002681,BILL00029553,ACCT002463,CUST002463,2024-09,Residential,YOLO,Account Status Review,Low,Open,2024-10-03,
SR00000701,EXC00003735,BILL00041224,ACCT003436,CUST003436,2024-04,Residential,ALAMEDA,Account Status Review,Medium,Open,2024-05-03,
SR00000702,EXC00001739,BILL00020567,ACCT001714,CUST001714,2024-11,Residential,SAN JOAQUIN,Meter Data Investigation,Medium,Closed,2024-12-03,2024-12-06
SR00000703,EXC00004284,BILL00047412,ACCT003951,CUST003951,2024-12,Residential,ALAMEDA,Account Status Review,Medium,In Progress,2025-01-03,
SR00000704,EXC00001558,BILL00018592,ACCT001550,CUST001550,2024-04,Residential,KERN,Account Status Review,Medium,Closed,2024-05-03,2024-05-22
SR00000705,EXC00002178,BILL00024998,ACCT002084,CUST002084,2024-02,Commercial,KERN,Missing Read Investigation,Critical,In Progress,2024-03-03,
SR00000706,EXC00002068,BILL00024109,ACCT002010,CUST002010,2024-01,Residential,SANTA CLARA,Account Status Review,High,Closed,2024-02-03,2024-02-18
SR00000707,EXC00002703,BILL00029971,ACCT002498,CUST002498,2024-07,Commercial,BUTTE,Missing Read Investigation,Low,Closed,2024-08-03,2024-08-14
SR00000708,EXC00002139,BILL00024725,ACCT002061,CUST002061,2024-05,Residential,SUTTER,Account Status Review,High,Closed,2024-06-03,2024-06-27
SR00000709,EXC00002305,BILL00026551,ACCT002213,CUST002213,2024-07,Residential,ALAMEDA,Account Status Review,High,Closed,2024-08-03,2024-08-19
SR00000710,EXC00001816,BILL00021651,ACCT001805,CUST001805,2024-03,Residential,KERN,Account Status Review,Low,Closed,2024-04-03,2024-04-16
SR00000711,EXC00003444,BILL00037760,ACCT003147,CUST003147,2024-08,Commercial,ALAMEDA,Account Status Review,Low,Closed,2024-09-03,2024-09-20
SR00000712,EXC00002165,BILL00024880,ACCT002074,CUST002074,2024-04,Commercial,GLENN,Account Status Review,Medium,Cancelled,2024-05-03,2024-05-20
SR00000713,EXC00003146,BILL00035841,ACCT002987,CUST002987,2024-09,Residential,MERCED,Account Status Review,Low,Closed,2024-10-03,2024-10-30
SR00000714,EXC00004842,BILL00053169,ACCT004431,CUST004431,2024-09,Residential,SAN JOAQUIN,Account Status Review,Medium,Closed,2024-10-03,2024-10-25
SR00000715,EXC00001922,BILL00022818,ACCT001902,CUST001902,2024-06,Residential,SANTA CLARA,Account Status Review,Medium,Closed,2024-07-03,2024-07-20
SR00000716,EXC00001500,BILL00017891,ACCT001491,CUST001491,2024-11,Residential,SAN LUIS OBISPO,Account Status Review,Low,Closed,2024-12-03,2024-12-31
SR00000717,EXC00003700,BILL00040811,ACCT003401,CUST003401,2024-11,Residential,KERN,Account Status Review,High,In Progress,2024-12-03,
SR00000718,EXC00003188,BILL00036035,ACCT003003,CUST003003,2024-11,Residential,SANTA CLARA,Account Status Review,High,Closed,2024-12-03,2024-12-17
SR00000719,EXC00001836,BILL00021731,ACCT001811,CUST001811,2024-11,Residential,MERCED,Account Status Review,Low,Closed,2024-12-03,2024-12-17
SR00000720,EXC00003361,BILL00037142,ACCT003096,CUST003096,2024-02,Residential,SONOMA,Account Status Review,Medium,In Progress,2024-03-03,
SR00000721,EXC00004036,BILL00044713,ACCT003727,CUST003727,2024-01,Residential,KERN,Account Status Review,High,Closed,2024-02-03,2024-02-13
SR00000722,EXC00003670,BILL00040469,ACCT003373,CUST003373,2024-05,Residential,KERN,Meter Data Investigation,Medium,Open,2024-06-03,
SR00000723,EXC00002304,BILL00026550,ACCT002213,CUST002213,2024-06,Residential,ALAMEDA,Account Status Review,Low,Closed,2024-07-03,2024-07-11
SR00000724,EXC00004801,BILL00052795,ACCT004400,CUST004400,2024-07,Residential,CONTRA COSTA,Missing Read Investigation,Medium,Open,2024-08-03,
SR00000725,EXC00003408,BILL00037621,ACCT003136,CUST003136,2024-01,Residential,CONTRA COSTA,Account Status Review,Low,Closed,2024-02-03,2024-03-02
SR00000726,EXC00001514,BILL00017998,ACCT001500,CUST001500,2024-10,Commercial,MERCED,Account Status Review,Medium,Closed,2024-11-03,2024-11-07
SR00000727,EXC00004373,BILL00048221,ACCT004019,CUST004019,2024-05,Residential,CONTRA COSTA,Account Status Review,Medium,Closed,2024-06-03,2024-07-01
SR00000728,EXC00000415,BILL00005325,ACCT000444,CUST000444,2024-09,Residential,NAPA,Account Status Review,High,Closed,2024-10-03,2024-10-30
SR00000729,EXC00001704,BILL00020219,ACCT001685,CUST001685,2024-11,Residential,FRESNO,Account Status Review,Low,Closed,2024-12-03,2025-01-01
SR00000730,EXC00002245,BILL00025695,ACCT002142,CUST002142,2024-03,Residential,SANTA CLARA,Account Status Review,Low,Closed,2024-04-03,2024-04-27
SR00000731,EXC00004898,BILL00053578,ACCT004465,CUST004465,2024-10,Residential,SAN JOAQUIN,Account Status Review,Medium,Closed,2024-11-03,2024-11-17
SR00000732,EXC00004606,BILL00050998,ACCT004250,CUST004250,2024-10,Agriculture And Water Pumping,ALAMEDA,Account Status Review,Low,Closed,2024-11-03,2024-11-28
SR00000733,EXC00002389,BILL00027130,ACCT002261,CUST002261,2024-10,Residential,ALAMEDA,Account Status Review,Critical,Open,2024-11-03,
SR00000734,EXC00004972,BILL00054374,ACCT004532,CUST004532,2024-02,Residential,TUOLUMNE,Account Status Review,Medium,Closed,2024-03-03,2024-03-15
SR00000735,EXC00000764,BILL00009366,ACCT000781,CUST000781,2024-06,Residential,SANTA BARBARA,Account Status Review,Low,Closed,2024-07-03,2024-07-09
SR00000736,EXC00004437,BILL00048977,ACCT004082,CUST004082,2024-05,Residential,KERN,Meter Data Investigation,Medium,Closed,2024-06-03,2024-06-17
SR00000737,EXC00000253,BILL00003546,ACCT000296,CUST000296,2024-06,Residential,SANTA CLARA,Account Status Review,Low,In Progress,2024-07-03,
SR00000738,EXC00001513,BILL00017997,ACCT001500,CUST001500,2024-09,Commercial,MERCED,Account Status Review,High,Closed,2024-10-03,2024-10-04
SR00000739,EXC00000655,BILL00008180,ACCT000682,CUST000682,2024-08,Residential,KERN,Account Status Review,Medium,Open,2024-09-03,
SR00000740,EXC00000351,BILL00004491,ACCT000375,CUST000375,2024-03,Residential,KERN,Account Status Review,Low,Closed,2024-04-03,2024-04-12
SR00000741,EXC00002943,BILL00033722,ACCT002811,CUST002811,2024-02,Residential,SANTA CLARA,Missing Read Investigation,Medium,Open,2024-03-03,
SR00000742,EXC00002081,BILL00024122,ACCT002011,CUST002011,2024-02,Residential,ALAMEDA,Account Status Review,Medium,Open,2024-03-03,
SR00000743,EXC00003658,BILL00040290,ACCT003358,CUST003358,2024-06,Residential,PLACER,Account Status Review,Medium,In Progress,2024-07-03,
SR00000744,EXC00000458,BILL00005556,ACCT000463,CUST000463,2024-12,Residential,CONTRA COSTA,Account Status Review,Critical,Closed,2025-01-03,2025-01-11
SR00000745,EXC00002618,BILL00029045,ACCT002421,CUST002421,2024-05,Residential,SANTA CLARA,Account Status Review,High,Closed,2024-06-03,2024-07-01
SR00000746,EXC00002400,BILL00027373,ACCT002282,CUST002282,2024-01,Residential,CONTRA COSTA,Account Status Review,Low,Closed,2024-02-03,2024-02-25
SR00000747,EXC00000091,BILL00001193,ACCT000100,CUST000100,2024-05,Residential,CONTRA COSTA,Meter Data Investigation,Medium,Closed,2024-06-03,2024-06-15
SR00000748,EXC00003182,BILL00036029,ACCT003003,CUST003003,2024-05,Residential,SANTA CLARA,Account Status Review,Medium,Closed,2024-06-03,2024-06-13
SR00000749,EXC00004826,BILL00053047,ACCT004421,CUST004421,2024-07,Residential,YOLO,Account Status Review,Medium,Closed,2024-08-03,2024-08-14
SR00000750,EXC00003556,BILL00039182,ACCT003266,CUST003266,2024-02,Residential,CONTRA COSTA,Account Status Review,High,Closed,2024-03-03,2024-03-25
SR00000751,EXC00000027,BILL00000380,ACCT000032,CUST000032,2024-08,Residential,PLACER,Account Status Review,High,Open,2024-09-03,
SR00000752,EXC00003050,BILL00034798,ACCT002900,CUST002900,2024-10,Residential,SONOMA,Missing Read Investigation,Medium,In Progress,2024-11-03,
SR00000753,EXC00000550,BILL00006923,ACCT000577,CUST000577,2024-11,Residential,SANTA BARBARA,Account Status Review,Critical,In Progress,2024-12-03,
SR00000754,EXC00000182,BILL00002674,ACCT000223,CUST000223,2024-10,Residential,SANTA CLARA,Account Status Review,Medium,Closed,2024-11-03,2024-11-14
SR00000755,EXC00001159,BILL00014148,ACCT001179,CUST001179,2024-12,Residential,SANTA CLARA,Meter Data Investigation,Medium,Closed,2025-01-03,2025-01-23
SR00000756,EXC00000264,BILL00003639,ACCT000304,CUST000304,2024-03,Residential,SONOMA,Account Status Review,Low,Open,2024-04-03,
SR00000757,EXC00004620,BILL00051092,ACCT004258,CUST004258,2024-08,Residential,SANTA CLARA,Account Status Review,Medium,Closed,2024-09-03,2024-09-08
SR00000758,EXC00001245,BILL00015387,ACCT001283,CUST001283,2024-03,Residential,MADERA,Account Status Review,High,Open,2024-04-03,
SR00000759,EXC00002155,BILL00024810,ACCT002068,CUST002068,2024-06,Residential,KERN,Account Status Review,Low,Closed,2024-07-03,2024-07-26
SR00000760,EXC00004541,BILL00050249,ACCT004188,CUST004188,2024-05,Residential,CONTRA COSTA,Account Status Review,Medium,Closed,2024-06-03,2024-06-04
SR00000761,EXC00004111,BILL00045365,ACCT003781,CUST003781,2024-05,Residential,SANTA CLARA,Account Status Review,Low,Cancelled,2024-06-03,2024-06-14
SR00000762,EXC00005225,BILL00057380,ACCT004782,CUST004782,2024-08,Residential,KERN,Account Status Review,Medium,In Progress,2024-09-03,
SR00000763,EXC00000878,BILL00010632,ACCT000886,CUST000886,2024-12,Residential,KERN,Missing Read Investigation,Critical,Open,2025-01-03,
SR00000764,EXC00004900,BILL00053580,ACCT004465,CUST004465,2024-12,Residential,SAN JOAQUIN,Account Status Review,Medium,Cancelled,2025-01-03,2025-01-16
SR00000765,EXC00004291,BILL00047431,ACCT003953,CUST003953,2024-07,Agriculture And Water Pumping,CONTRA COSTA,Account Status Review,Medium,Closed,2024-08-03,2024-08-08
SR00000766,EXC00004657,BILL00051764,ACCT004314,CUST004314,2024-08,Commercial,SAN MATEO,Missing Read Investigation,Low,Open,2024-09-03,
SR00000767,EXC00002923,BILL00033526,ACCT002794,CUST002794,2024-10,Residential,SANTA BARBARA,Account Status Review,Low,In Progress,2024-11-03,
SR00000768,EXC00005374,BILL00059641,ACCT004971,CUST004971,2024-01,Residential,CONTRA COSTA,Account Status Review,Low,Closed,2024-02-03,2024-02-09
SR00000769,EXC00001189,BILL00014398,ACCT001200,CUST001200,2024-10,Residential,CONTRA COSTA,Account Status Review,Medium,Closed,2024-11-03,2024-11-27
SR00000770,EXC00005018,BILL00054863,ACCT004572,CUST004572,2024-11,Residential,SANTA CLARA,Account Status Review,Low,In Progress,2024-12-03,
SR00000771,EXC00002857,BILL00031763,ACCT002647,CUST002647,2024-11,Agriculture And Water Pumping,PLACER,Missing Read Investigation,Medium,Closed,2024-12-03,2024-12-29
SR00000772,EXC00003889,BILL00043557,ACCT003630,CUST003630,2024-09,Residential,FRESNO,Account Status Review,Low,Closed,2024-10-03,2024-10-10
SR00000773,EXC00001774,BILL00021294,ACCT001775,CUST001775,2024-06,Residential,KERN,Account Status Review,Low,Closed,2024-07-03,2024-08-01
SR00000774,EXC00004027,BILL00044704,ACCT003726,CUST003726,2024-04,Industrial,SOLANO,Account Status Review,High,Cancelled,2024-05-03,2024-05-29
SR00000775,EXC00005080,BILL00055195,ACCT004600,CUST004600,2024-07,Residential,KERN,Account Status Review,Critical,Cancelled,2024-08-03,2024-08-30
SR00000776,EXC00000070,BILL00000948,ACCT000079,CUST000079,2024-12,Residential,KERN,Meter Data Investigation,Critical,Closed,2025-01-03,2025-01-22
SR00000777,EXC00001076,BILL00013599,ACCT001134,CUST001134,2024-03,Residential,SANTA CLARA,Meter Data Investigation,High,Closed,2024-04-03,2024-04-10
SR00000778,EXC00002520,BILL00028216,ACCT002352,CUST002352,2024-04,Commercial,CONTRA COSTA,Missing Read Investigation,High,In Progress,2024-05-03,
SR00000779,EXC00000677,BILL00008319,ACCT000694,CUST000694,2024-03,Residential,SAN LUIS OBISPO,Missing Read Investigation,Low,Closed,2024-04-03,2024-04-24
SR00000780,EXC00004410,BILL00048736,ACCT004062,CUST004062,2024-04,Residential,BUTTE,Account Status Review,Low,Open,2024-05-03,
SR00000781,EXC00005305,BILL00058480,ACCT004874,CUST004874,2024-04,Residential,SANTA CLARA,Missing Read Investigation,Medium,Closed,2024-05-03,2024-05-15
SR00000782,EXC00005390,BILL00059786,ACCT004983,CUST004983,2024-02,Residential,ALAMEDA,Account Status Review,Medium,Open,2024-03-03,
SR00000783,EXC00004911,BILL00053659,ACCT004472,CUST004472,2024-07,Mining,FRESNO,Account Status Review,Low,Closed,2024-08-03,2024-09-01
SR00000784,EXC00000204,BILL00002952,ACCT000246,CUST000246,2024-12,Industrial,SAN FRANCISCO,Account Status Review,Medium,In Progress,2025-01-03,
SR00000785,EXC00002158,BILL00024813,ACCT002068,CUST002068,2024-09,Residential,KERN,Account Status Review,Low,Closed,2024-10-03,2024-10-15
SR00000786,EXC00000340,BILL00004352,ACCT000363,CUST000363,2024-08,Residential,SAN FRANCISCO,Account Status Review,Low,Open,2024-09-03,
SR00000787,EXC00003046,BILL00034727,ACCT002894,CUST002894,2024-11,Residential,KERN,Account Status Review,Low,Closed,2024-12-03,2024-12-15
SR00000788,EXC00000388,BILL00004857,ACCT000405,CUST000405,2024-09,Residential,SAN MATEO,Account Status Review,Medium,Closed,2024-10-03,2024-10-13
SR00000789,EXC00004386,BILL00048363,ACCT004031,CUST004031,2024-03,Residential,SAN MATEO,Meter Data Investigation,Medium,Closed,2024-04-03,2024-04-21
SR00000790,EXC00004082,BILL00045042,ACCT003754,CUST003754,2024-06,Residential,SANTA CLARA,Meter Data Investigation,Low,Closed,2024-07-03,2024-07-05
SR00000791,EXC00003971,BILL00044354,ACCT003697,CUST003697,2024-02,Agriculture And Water Pumping,KINGS,Account Status Review,Medium,Closed,2024-03-03,2024-03-04
SR00000792,EXC00002523,BILL00028363,ACCT002364,CUST002364,2024-07,Residential,SAN JOAQUIN,Missing Read Investigation,Medium,Closed,2024-08-03,2024-08-06
SR00000793,EXC00001972,BILL00023242,ACCT001937,CUST001937,2024-10,Residential,ALAMEDA,Missing Read Investigation,Low,Closed,2024-11-03,2024-11-14
SR00000794,EXC00001085,BILL00013677,ACCT001140,CUST001140,2024-09,Residential,SAN JOAQUIN,Account Status Review,Low,Closed,2024-10-03,2024-10-07
SR00000795,EXC00002922,BILL00033525,ACCT002794,CUST002794,2024-09,Residential,SANTA BARBARA,Account Status Review,High,Closed,2024-10-03,2024-10-30
SR00000796,EXC00002459,BILL00027725,ACCT002311,CUST002311,2024-05,Residential,KINGS,Missing Read Investigation,High,Closed,2024-06-03,2024-07-02
SR00000797,EXC00003117,BILL00035518,ACCT002960,CUST002960,2024-10,Commercial,CONTRA COSTA,Account Status Review,Medium,Open,2024-11-03,
SR00000798,EXC00001533,BILL00018368,ACCT001531,CUST001531,2024-08,Residential,SAN FRANCISCO,Account Status Review,High,Closed,2024-09-03,2024-09-10
SR00000799,EXC00003024,BILL00034658,ACCT002889,CUST002889,2024-02,Commercial,ALAMEDA,Account Status Review,Low,Closed,2024-03-03,2024-04-01
SR00000800,EXC00000222,BILL00003160,ACCT000264,CUST000264,2024-04,Residential,CONTRA COSTA,Account Status Review,Medium,Closed,2024-05-03,2024-05-08
SR00000801,EXC00000678,BILL00008322,ACCT000694,CUST000694,2024-06,Residential,SAN LUIS OBISPO,Missing Read Investigation,High,Cancelled,2024-07-03,2024-08-01
SR00000802,EXC00002747,BILL00030206,ACCT002518,CUST002518,2024-02,Residential,ALAMEDA,Account Status Review,High,Closed,2024-03-03,2024-03-04
SR00000803,EXC00003818,BILL00042817,ACCT003569,CUST003569,2024-01,Residential,KERN,Account Status Review,Medium,Closed,2024-02-03,2024-02-20
SR00000804,EXC00002590,BILL00028910,ACCT002410,CUST002410,2024-02,Residential,SAN LUIS OBISPO,Account Status Review,Medium,Closed,2024-03-03,2024-03-11
SR00000805,EXC00001880,BILL00022193,ACCT001850,CUST001850,2024-05,Residential,CONTRA COSTA,Account Status Review,Medium,Closed,2024-06-03,2024-06-15
SR00000806,EXC00004626,BILL00051121,ACCT004261,CUST004261,2024-01,Residential,KERN,Missing Read Investigation,Low,Open,2024-02-03,
SR00000807,EXC00002527,BILL00028562,ACCT002381,CUST002381,2024-02,Commercial,KERN,Missing Read Investigation,Medium,Closed,2024-03-03,2024-03-30
SR00000808,EXC00002928,BILL00033542,ACCT002796,CUST002796,2024-02,Residential,CONTRA COSTA,Account Status Review,Medium,Closed,2024-03-03,2024-03-25
SR00000809,EXC00002592,BILL00028912,ACCT002410,CUST002410,2024-04,Residential,SAN LUIS OBISPO,Account Status Review,High,Open,2024-05-03,
SR00000810,EXC00001600,BILL00019359,ACCT001614,CUST001614,2024-03,Residential,CONTRA COSTA,Account Status Review,Medium,Closed,2024-04-03,2024-04-19
SR00000811,EXC00003771,BILL00041629,ACCT003470,CUST003470,2024-01,Residential,CONTRA COSTA,Missing Read Investigation,High,Closed,2024-02-03,2024-02-28
SR00000812,EXC00002634,BILL00029167,ACCT002431,CUST002431,2024-07,Residential,ALAMEDA,Account Status Review,Medium,Closed,2024-08-03,2024-08-16
SR00000813,EXC00004899,BILL00053579,ACCT004465,CUST004465,2024-11,Residential,SAN JOAQUIN,Account Status Review,Low,In Progress,2024-12-03,
SR00000814,EXC00000178,BILL00002670,ACCT000223,CUST000223,2024-06,Residential,SANTA CLARA,Account Status Review,Medium,Closed,2024-07-03,2024-07-28
SR00000815,EXC00004339,BILL00047817,ACCT003985,CUST003985,2024-09,Commercial,CONTRA COSTA,Account Status Review,Medium,Closed,2024-10-03,2024-10-07
SR00000816,EXC00004057,BILL00044792,ACCT003733,CUST003733,2024-08,Residential,ALAMEDA,Account Status Review,Low,In Progress,2024-09-03,
SR00000817,EXC00002911,BILL00033454,ACCT002788,CUST002788,2024-10,Residential,YOLO,Account Status Review,High,Closed,2024-11-03,2024-11-14
SR00000818,EXC00001026,BILL00012888,ACCT001074,CUST001074,2024-12,Residential,KERN,Meter Data Investigation,Medium,Closed,2025-01-03,2025-01-14
SR00000819,EXC00004105,BILL00045343,ACCT003779,CUST003779,2024-07,Residential,MERCED,Missing Read Investigation,Medium,Closed,2024-08-03,2024-08-30
SR00000820,EXC00003853,BILL00043036,ACCT003587,CUST003587,2024-04,Residential,MONTEREY,Account Status Review,Low,Cancelled,2024-05-03,2024-05-11
SR00000821,EXC00002136,BILL00024722,ACCT002061,CUST002061,2024-02,Residential,SUTTER,Account Status Review,High,Open,2024-03-03,
SR00000822,EXC00004377,BILL00048225,ACCT004019,CUST004019,2024-09,Residential,CONTRA COSTA,Account Status Review,Low,In Progress,2024-10-03,
SR00000823,EXC00002379,BILL00027000,ACCT002250,CUST002250,2024-12,Residential,SAN JOAQUIN,Account Status Review,High,Cancelled,2025-01-03,2025-01-29
SR00000824,EXC00000734,BILL00008580,ACCT000715,CUST000715,2024-12,Residential,FRESNO,Account Status Review,Medium,Open,2025-01-03,
SR00000825,EXC00000606,BILL00007629,ACCT000636,CUST000636,2024-09,Residential,CONTRA COSTA,Account Status Review,Medium,In Progress,2024-10-03,
SR00000826,EXC00003036,BILL00034717,ACCT002894,CUST002894,2024-01,Residential,KERN,Account Status Review,Medium,Open,2024-02-03,
SR00000827,EXC00003208,BILL00036088,ACCT003008,CUST003008,2024-04,Residential,ALAMEDA,Account Status Review,High,Open,2024-05-03,
SR00000828,EXC00003027,BILL00034661,ACCT002889,CUST002889,2024-05,Commercial,ALAMEDA,Account Status Review,Medium,Closed,2024-06-03,2024-06-15
SR00000829,EXC00004595,BILL00050832,ACCT004236,CUST004236,2024-12,Residential,SAN MATEO,Account Status Review,Low,Closed,2025-01-03,2025-01-07
SR00000830,EXC00003759,BILL00041522,ACCT003461,CUST003461,2024-02,Residential,KINGS,Account Status Review,Medium,Closed,2024-03-03,2024-03-06
SR00000831,EXC00002019,BILL00023530,ACCT001961,CUST001961,2024-10,Residential,PLACER,Account Status Review,Low,In Progress,2024-11-03,
SR00000832,EXC00005271,BILL00057720,ACCT004810,CUST004810,2024-12,Commercial,PLACER,Account Status Review,Medium,Closed,2025-01-03,2025-01-06
SR00000833,EXC00000528,BILL00006737,ACCT000562,CUST000562,2024-05,Residential,YUBA,Account Status Review,High,Closed,2024-06-03,2024-06-05
SR00000834,EXC00004061,BILL00044796,ACCT003733,CUST003733,2024-12,Residential,ALAMEDA,Account Status Review,High,In Progress,2025-01-03,
SR00000835,EXC00001670,BILL00019935,ACCT001662,CUST001662,2024-03,Residential,KERN,Account Status Review,Critical,Cancelled,2024-04-03,2024-04-09
SR00000836,EXC00001455,BILL00017449,ACCT001455,CUST001455,2024-01,Residential,SONOMA,Account Status Review,Low,In Progress,2024-02-03,
SR00000837,EXC00002094,BILL00024261,ACCT002022,CUST002022,2024-09,Residential,SAN JOAQUIN,Missing Read Investigation,High,Open,2024-10-03,
SR00000838,EXC00000682,BILL00008354,ACCT000697,CUST000697,2024-02,Residential,KERN,Account Status Review,High,Open,2024-03-03,
SR00000839,EXC00002073,BILL00024114,ACCT002010,CUST002010,2024-06,Residential,SANTA CLARA,Account Status Review,Medium,Open,2024-07-03,
SR00000840,EXC00003391,BILL00037391,ACCT003116,CUST003116,2024-11,Commercial,ALAMEDA,Meter Data Investigation,Medium,Closed,2024-12-03,2024-12-25
SR00000841,EXC00001174,BILL00014232,ACCT001186,CUST001186,2024-12,Industrial,SAN JOAQUIN,Account Status Review,Low,Closed,2025-01-03,2025-01-20
SR00000842,EXC00001617,BILL00019571,ACCT001631,CUST001631,2024-11,Residential,KERN,Missing Read Investigation,High,Closed,2024-12-03,2024-12-24
SR00000843,EXC00001145,BILL00014100,ACCT001175,CUST001175,2024-12,Residential,KERN,Account Status Review,Low,Closed,2025-01-03,2025-01-18
SR00000844,EXC00000804,BILL00009813,ACCT000818,CUST000818,2024-09,Residential,SAN FRANCISCO,Meter Data Investigation,Low,Cancelled,2024-10-03,2024-10-08
SR00000845,EXC00002183,BILL00025072,ACCT002090,CUST002090,2024-04,Residential,SANTA CLARA,Meter Data Investigation,Low,Closed,2024-05-03,2024-05-30
SR00000846,EXC00005327,BILL00059075,ACCT004923,CUST004923,2024-11,Residential,SAN LUIS OBISPO,Missing Read Investigation,High,In Progress,2024-12-03,
SR00000847,EXC00002260,BILL00025919,ACCT002160,CUST002160,2024-11,Residential,SAN FRANCISCO,Missing Read Investigation,Medium,In Progress,2024-12-03,
SR00000848,EXC00003067,BILL00034946,ACCT002913,CUST002913,2024-02,Residential,PLACER,Account Status Review,Critical,Closed,2024-03-03,2024-03-19
SR00000849,EXC00001877,BILL00022190,ACCT001850,CUST001850,2024-02,Residential,CONTRA COSTA,Account Status Review,Medium,Closed,2024-03-03,2024-03-20
SR00000850,EXC00003399,BILL00037422,ACCT003119,CUST003119,2024-06,Residential,SANTA CLARA,Account Status Review,Low,In Progress,2024-07-03,
SR00000851,EXC00000220,BILL00003158,ACCT000264,CUST000264,2024-02,Residential,CONTRA COSTA,Account Status Review,Low,Cancelled,2024-03-03,2024-03-11
SR00000852,EXC00003085,BILL00035167,ACCT002931,CUST002931,2024-07,Residential,SAN JOAQUIN,Missing Read Investigation,High,In Progress,2024-08-03,
SR00000853,EXC00005098,BILL00055572,ACCT004631,CUST004631,2024-12,Residential,SANTA CLARA,Missing Read Investigation,Medium,In Progress,2025-01-03,
SR00000854,EXC00000583,BILL00007491,ACCT000625,CUST000625,2024-03,Residential,CONTRA COSTA,Account Status Review,Medium,Closed,2024-04-03,2024-04-27
SR00000855,EXC00002595,BILL00028915,ACCT002410,CUST002410,2024-07,Residential,SAN LUIS OBISPO,Account Status Review,Low,Closed,2024-08-03,2024-08-26
SR00000856,EXC00004764,BILL00052393,ACCT004367,CUST004367,2024-01,Residential,PLACER,Account Status Review,Critical,Closed,2024-02-03,2024-03-03
SR00000857,EXC00000044,BILL00000593,ACCT000050,CUST000050,2024-05,Residential,PLACER,Account Status Review,High,Closed,2024-06-03,2024-06-05
SR00000858,EXC00004302,BILL00047454,ACCT003955,CUST003955,2024-06,Residential,SAN MATEO,Account Status Review,Low,Open,2024-07-03,
SR00000859,EXC00000211,BILL00002983,ACCT000249,CUST000249,2024-07,Agriculture And Water Pumping,KERN,Account Status Review,Medium,In Progress,2024-08-03,
SR00000860,EXC00002504,BILL00027999,ACCT002334,CUST002334,2024-03,Residential,PLACER,Account Status Review,Low,In Progress,2024-04-03,
SR00000861,EXC00000355,BILL00004495,ACCT000375,CUST000375,2024-07,Residential,KERN,Account Status Review,Medium,Closed,2024-08-03,2024-08-20
SR00000862,EXC00002573,BILL00028858,ACCT002405,CUST002405,2024-10,Residential,SAN MATEO,Account Status Review,Medium,Closed,2024-11-03,2024-11-28
SR00000863,EXC00002998,BILL00034418,ACCT002869,CUST002869,2024-02,Residential,SAN MATEO,Meter Data Investigation,High,Closed,2024-03-03,2024-03-11
SR00000864,EXC00004739,BILL00052276,ACCT004357,CUST004357,2024-04,Residential,SAN JOAQUIN,Account Status Review,High,Closed,2024-05-03,2024-05-12
SR00000865,EXC00000480,BILL00006387,ACCT000533,CUST000533,2024-03,Streetlighting,FRESNO,Account Status Review,Medium,Open,2024-04-03,
SR00000866,EXC00002674,BILL00029546,ACCT002463,CUST002463,2024-02,Residential,YOLO,Account Status Review,Medium,Closed,2024-03-03,2024-03-27
SR00000867,EXC00000830,BILL00010030,ACCT000836,CUST000836,2024-10,Residential,SAN LUIS OBISPO,Account Status Review,High,Closed,2024-11-03,2024-11-11
SR00000868,EXC00000945,BILL00012064,ACCT001006,CUST001006,2024-04,Residential,KINGS,Account Status Review,Low,Open,2024-05-03,
SR00000869,EXC00000368,BILL00004650,ACCT000388,CUST000388,2024-06,Residential,KINGS,Account Status Review,Medium,Closed,2024-07-03,2024-07-24
SR00000870,EXC00003347,BILL00037047,ACCT003088,CUST003088,2024-03,Residential,SOLANO,Account Status Review,Low,In Progress,2024-04-03,
SR00000871,EXC00001621,BILL00019680,ACCT001640,CUST001640,2024-12,Industrial,KERN,Missing Read Investigation,High,Closed,2025-01-03,2025-01-29
SR00000872,EXC00004742,BILL00052279,ACCT004357,CUST004357,2024-07,Residential,SAN JOAQUIN,Account Status Review,High,Closed,2024-08-03,2024-08-11
SR00000873,EXC00004629,BILL00051194,ACCT004267,CUST004267,2024-02,Residential,ALAMEDA,Account Status Review,Medium,Closed,2024-03-03,2024-03-09
SR00000874,EXC00000136,BILL00001744,ACCT000146,CUST000146,2024-04,Residential,MONTEREY,Meter Data Investigation,Medium,Closed,2024-05-03,2024-05-25
SR00000875,EXC00004438,BILL00048985,ACCT004083,CUST004083,2024-01,Residential,ALAMEDA,Account Status Review,High,Closed,2024-02-03,2024-02-27
SR00000876,EXC00000048,BILL00000597,ACCT000050,CUST000050,2024-09,Residential,PLACER,Account Status Review,High,In Progress,2024-10-03,
SR00000877,EXC00000719,BILL00008553,ACCT000713,CUST000713,2024-09,Residential,KERN,Account Status Review,Low,Closed,2024-10-03,2024-10-20
SR00000878,EXC00004557,BILL00050535,ACCT004212,CUST004212,2024-03,Residential,SUTTER,Account Status Review,Medium,Open,2024-04-03,
SR00000879,EXC00001039,BILL00012995,ACCT001083,CUST001083,2024-11,Residential,MARIN,Missing Read Investigation,Low,Closed,2024-12-03,2024-12-24
SR00000880,EXC00005071,BILL00055174,ACCT004598,CUST004598,2024-10,Residential,SAN MATEO,Account Status Review,High,Open,2024-11-03,
SR00000881,EXC00002819,BILL00031068,ACCT002589,CUST002589,2024-12,Residential,PLACER,Account Status Review,Low,Closed,2025-01-03,2025-01-04
SR00000882,EXC00000671,BILL00008311,ACCT000693,CUST000693,2024-07,Residential,FRESNO,Account Status Review,Critical,Closed,2024-08-03,2024-08-15
SR00000883,EXC00003207,BILL00036087,ACCT003008,CUST003008,2024-03,Residential,ALAMEDA,Account Status Review,Critical,Closed,2024-04-03,2024-04-15
SR00000884,EXC00004101,BILL00045262,ACCT003772,CUST003772,2024-10,Commercial,ALAMEDA,Meter Data Investigation,Critical,Closed,2024-11-03,2024-11-18
SR00000885,EXC00001122,BILL00014065,ACCT001173,CUST001173,2024-01,Residential,CONTRA COSTA,Account Status Review,Low,In Progress,2024-02-03,
SR00000886,EXC00000062,BILL00000894,ACCT000075,CUST000075,2024-06,Residential,KINGS,Account Status Review,Critical,Closed,2024-07-03,2024-07-30
SR00000887,EXC00001045,BILL00013086,ACCT001091,CUST001091,2024-06,Industrial,KERN,Account Status Review,Low,Open,2024-07-03,
SR00000888,EXC00004598,BILL00050990,ACCT004250,CUST004250,2024-02,Agriculture And Water Pumping,ALAMEDA,Account Status Review,Medium,Closed,2024-03-03,2024-03-20
SR00000889,EXC00004394,BILL00048659,ACCT004055,CUST004055,2024-11,Residential,SAN FRANCISCO,Meter Data Investigation,High,Closed,2024-12-03,2024-12-08
SR00000890,EXC00000096,BILL00001205,ACCT000101,CUST000101,2024-05,Residential,KERN,Account Status Review,High,In Progress,2024-06-03,
SR00000891,EXC00003538,BILL00038870,ACCT003240,CUST003240,2024-02,Residential,SANTA CLARA,Account Status Review,Medium,Closed,2024-03-03,2024-03-07
SR00000892,EXC00000479,BILL00006386,ACCT000533,CUST000533,2024-02,Streetlighting,FRESNO,Account Status Review,Medium,Open,2024-03-03,
SR00000893,EXC00000122,BILL00001562,ACCT000131,CUST000131,2024-02,Residential,SAN FRANCISCO,Account Status Review,Medium,Closed,2024-03-03,2024-03-20
SR00000894,EXC00000843,BILL00010323,ACCT000861,CUST000861,2024-03,Residential,KERN,Account Status Review,Medium,Closed,2024-04-03,2024-04-25
SR00000895,EXC00004312,BILL00047558,ACCT003964,CUST003964,2024-02,Residential,CONTRA COSTA,Missing Read Investigation,Medium,Open,2024-03-03,
SR00000896,EXC00002985,BILL00034293,ACCT002858,CUST002858,2024-09,Residential,SANTA CLARA,Meter Data Investigation,Medium,Closed,2024-10-03,2024-10-13
SR00000897,EXC00001673,BILL00019938,ACCT001662,CUST001662,2024-06,Residential,KERN,Account Status Review,Medium,Closed,2024-07-03,2024-07-09
SR00000898,EXC00002329,BILL00026774,ACCT002232,CUST002232,2024-02,Residential,KERN,Account Status Review,Medium,In Progress,2024-03-03,
SR00000899,EXC00004363,BILL00048199,ACCT004017,CUST004017,2024-07,Commercial,SANTA CLARA,Account Status Review,High,Cancelled,2024-08-03,2024-08-20
SR00000900,EXC00002154,BILL00024809,ACCT002068,CUST002068,2024-05,Residential,KERN,Account Status Review,Medium,Cancelled,2024-06-03,2024-06-20
SR00000901,EXC00002274,BILL00026086,ACCT002174,CUST002174,2024-10,Commercial,SOLANO,Account Status Review,Medium,Open,2024-11-03,
SR00000902,EXC00001003,BILL00012449,ACCT001038,CUST001038,2024-05,Residential,MONTEREY,Meter Data Investigation,Low,Open,2024-06-03,
SR00000903,EXC00005050,BILL00055095,ACCT004592,CUST004592,2024-03,Residential,SANTA CLARA,Account Status Review,High,Closed,2024-04-03,2024-04-28
SR00000904,EXC00000694,BILL00008438,ACCT000704,CUST000704,2024-02,Residential,ALAMEDA,Account Status Review,High,Open,2024-03-03,
SR00000905,EXC00001624,BILL00019683,ACCT001641,CUST001641,2024-03,Residential,MADERA,Account Status Review,Medium,Closed,2024-04-03,2024-05-02
SR00000906,EXC00001346,BILL00016144,ACCT001346,CUST001346,2024-04,Residential,CONTRA COSTA,Account Status Review,Medium,In Progress,2024-05-03,
SR00000907,EXC00000323,BILL00004115,ACCT000343,CUST000343,2024-11,Residential,SANTA CLARA,Missing Read Investigation,Medium,Closed,2024-12-03,2024-12-19
SR00000908,EXC00004210,BILL00046234,ACCT003853,CUST003853,2024-10,Residential,CONTRA COSTA,Account Status Review,Low,Open,2024-11-03,
SR00000909,EXC00002999,BILL00034421,ACCT002869,CUST002869,2024-05,Residential,SAN MATEO,Meter Data Investigation,Medium,Closed,2024-06-03,2024-06-12
SR00000910,EXC00003783,BILL00041831,ACCT003486,CUST003486,2024-11,Residential,MERCED,Account Status Review,Critical,Closed,2024-12-03,2024-12-16
SR00000911,EXC00003626,BILL00039910,ACCT003326,CUST003326,2024-10,Residential,SAN JOAQUIN,Missing Read Investigation,Medium,Closed,2024-11-03,2024-11-06
SR00000912,EXC00002586,BILL00028906,ACCT002409,CUST002409,2024-10,"Transportation, Communications, & Utilities",SANTA CLARA,Account Status Review,Low,Closed,2024-11-03,2024-11-13
SR00000913,EXC00002820,BILL00031103,ACCT002592,CUST002592,2024-11,Commercial,SAN JOAQUIN,Missing Read Investigation,Low,In Progress,2024-12-03,
SR00000914,EXC00002171,BILL00024886,ACCT002074,CUST002074,2024-10,Commercial,GLENN,Account Status Review,Low,Closed,2024-11-03,2024-12-02
SR00000915,EXC00001613,BILL00019444,ACCT001621,CUST001621,2024-04,Residential,SANTA CLARA,Missing Read Investigation,Medium,Open,2024-05-03,
SR00000916,EXC00000834,BILL00010098,ACCT000842,CUST000842,2024-06,Residential,SANTA CLARA,Missing Read Investigation,Medium,Closed,2024-07-03,2024-07-28
SR00000917,EXC00002087,BILL00024128,ACCT002011,CUST002011,2024-08,Residential,ALAMEDA,Account Status Review,Low,Closed,2024-09-03,2024-09-09
SR00000918,EXC00004212,BILL00046236,ACCT003853,CUST003853,2024-12,Residential,CONTRA COSTA,Account Status Review,Low,Closed,2025-01-03,2025-01-04
SR00000919,EXC00001789,BILL00021506,ACCT001793,CUST001793,2024-02,Residential,KERN,Account Status Review,Medium,Closed,2024-03-03,2024-03-28
SR00000920,EXC00004805,BILL00052991,ACCT004416,CUST004416,2024-11,Residential,CONTRA COSTA,Missing Read Investigation,Medium,Closed,2024-12-03,2024-12-25
SR00000921,EXC00001521,BILL00018173,ACCT001515,CUST001515,2024-05,Residential,KERN,Missing Read Investigation,Medium,Closed,2024-06-03,2024-06-18
SR00000922,EXC00000732,BILL00008578,ACCT000715,CUST000715,2024-10,Residential,FRESNO,Account Status Review,Medium,Closed,2024-11-03,2024-11-21
SR00000923,EXC00000335,BILL00004347,ACCT000363,CUST000363,2024-03,Residential,SAN FRANCISCO,Account Status Review,Medium,Open,2024-04-03,
SR00000924,EXC00000292,BILL00003751,ACCT000313,CUST000313,2024-07,Residential,YOLO,Account Status Review,Medium,Closed,2024-08-03,2024-08-31
SR00000925,EXC00004627,BILL00051151,ACCT004263,CUST004263,2024-07,Residential,FRESNO,Meter Data Investigation,High,Cancelled,2024-08-03,2024-08-10
SR00000926,EXC00000185,BILL00002693,ACCT000225,CUST000225,2024-05,Residential,KERN,Missing Read Investigation,Medium,Closed,2024-06-03,2024-06-15
SR00000927,EXC00004182,BILL00046007,ACCT003834,CUST003834,2024-11,Residential,KERN,Account Status Review,High,Closed,2024-12-03,2024-12-16
SR00000928,EXC00001323,BILL00015838,ACCT001320,CUST001320,2024-10,Residential,CONTRA COSTA,Account Status Review,High,Open,2024-11-03,
SR00000929,EXC00001261,BILL00015438,ACCT001287,CUST001287,2024-06,Residential,MONTEREY,Account Status Review,Medium,In Progress,2024-07-03,
SR00000930,EXC00000534,BILL00006743,ACCT000562,CUST000562,2024-11,Residential,YUBA,Account Status Review,Low,Closed,2024-12-03,2024-12-23
SR00000931,EXC00005375,BILL00059642,ACCT004971,CUST004971,2024-02,Residential,CONTRA COSTA,Account Status Review,Medium,In Progress,2024-03-03,
SR00000932,EXC00004254,BILL00047057,ACCT003922,CUST003922,2024-05,Residential,CONTRA COSTA,Meter Data Investigation,Low,Closed,2024-06-03,2024-06-22
SR00000933,EXC00004554,BILL00050530,ACCT004211,CUST004211,2024-10,Residential,CALAVERAS,Missing Read Investigation,High,Closed,2024-11-03,2024-11-05
SR00000934,EXC00003269,BILL00036515,ACCT003043,CUST003043,2024-11,Residential,CONTRA COSTA,Account Status Review,Low,Closed,2024-12-03,2024-12-07
SR00000935,EXC00003247,BILL00036269,ACCT003023,CUST003023,2024-05,Residential,SAN JOAQUIN,Account Status Review,Low,Closed,2024-06-03,2024-06-09
SR00000936,EXC00002601,BILL00028957,ACCT002414,CUST002414,2024-01,Residential,SAN JOAQUIN,Account Status Review,Medium,Closed,2024-02-03,2024-02-06
SR00000937,EXC00000658,BILL00008183,ACCT000682,CUST000682,2024-11,Residential,KERN,Account Status Review,High,Closed,2024-12-03,2024-12-15
SR00000938,EXC00002956,BILL00033814,ACCT002818,CUST002818,2024-10,Residential,SUTTER,Account Status Review,High,In Progress,2024-11-03,
SR00000939,EXC00002060,BILL00023937,ACCT001995,CUST001995,2024-09,Residential,MENDOCINO,Account Status Review,Medium,Closed,2024-10-03,2024-10-04
SR00000940,EXC00003781,BILL00041829,ACCT003486,CUST003486,2024-09,Residential,MERCED,Account Status Review,High,Closed,2024-10-03,2024-10-15
SR00000941,EXC00003519,BILL00038684,ACCT003224,CUST003224,2024-08,Residential,SONOMA,Meter Data Investigation,Medium,Open,2024-09-03,
SR00000942,EXC00003622,BILL00039676,ACCT003307,CUST003307,2024-04,Residential,SANTA CLARA,Missing Read Investigation,High,Open,2024-05-03,
SR00000943,EXC00000899,BILL00011393,ACCT000950,CUST000950,2024-05,Residential,SAN JOAQUIN,Account Status Review,Medium,Cancelled,2024-06-03,2024-06-27
SR00000944,EXC00004330,BILL00047802,ACCT003984,CUST003984,2024-06,Residential,SAN FRANCISCO,Meter Data Investigation,Low,Closed,2024-07-03,2024-07-13
SR00000945,EXC00000429,BILL00005398,ACCT000450,CUST000450,2024-10,Residential,SANTA CLARA,Account Status Review,Low,Open,2024-11-03,
SR00000946,EXC00004140,BILL00045630,ACCT003803,CUST003803,2024-06,Commercial,KERN,Account Status Review,Medium,Closed,2024-07-03,2024-07-15
SR00000947,EXC00001324,BILL00015839,ACCT001320,CUST001320,2024-11,Residential,CONTRA COSTA,Account Status Review,Low,Open,2024-12-03,
SR00000948,EXC00001331,BILL00015894,ACCT001325,CUST001325,2024-06,"Transportation, Communications, & Utilities",SANTA CLARA,Account Status Review,Medium,In Progress,2024-07-03,
SR00000949,EXC00001225,BILL00015065,ACCT001256,CUST001256,2024-05,Residential,SAN FRANCISCO,Account Status Review,Low,Open,2024-06-03,
SR00000950,EXC00003264,BILL00036510,ACCT003043,CUST003043,2024-06,Residential,CONTRA COSTA,Account Status Review,Medium,Closed,2024-07-03,2024-07-06
SR00000951,EXC00001488,BILL00017795,ACCT001483,CUST001483,2024-11,Residential,SANTA CRUZ,Meter Data Investigation,Medium,Open,2024-12-03,
SR00000952,EXC00004383,BILL00048246,ACCT004021,CUST004021,2024-06,Residential,ALAMEDA,Meter Data Investigation,Medium,Closed,2024-07-03,2024-07-17
SR00000953,EXC00005102,BILL00055693,ACCT004642,CUST004642,2024-01,Residential,KERN,Meter Data Investigation,Low,Closed,2024-02-03,2024-02-08
SR00000954,EXC00001506,BILL00017990,ACCT001500,CUST001500,2024-02,Commercial,MERCED,Account Status Review,Medium,Open,2024-03-03,
SR00000955,EXC00003200,BILL00036080,ACCT003007,CUST003007,2024-08,Commercial,MADERA,Account Status Review,Low,Closed,2024-09-03,2024-09-23
SR00000956,EXC00005038,BILL00055035,ACCT004587,CUST004587,2024-03,Residential,SANTA CLARA,Account Status Review,High,Open,2024-04-03,
SR00000957,EXC00002457,BILL00027705,ACCT002309,CUST002309,2024-09,Residential,MERCED,Missing Read Investigation,Low,Closed,2024-10-03,2024-10-22
SR00000958,EXC00002776,BILL00030509,ACCT002543,CUST002543,2024-05,Commercial,NEVADA,Account Status Review,Medium,In Progress,2024-06-03,
SR00000959,EXC00001631,BILL00019690,ACCT001641,CUST001641,2024-10,Residential,MADERA,Account Status Review,Medium,Open,2024-11-03,
SR00000960,EXC00004996,BILL00054799,ACCT004567,CUST004567,2024-07,Residential,SANTA CRUZ,Account Status Review,Medium,Closed,2024-08-03,2024-08-22
SR00000961,EXC00005261,BILL00057710,ACCT004810,CUST004810,2024-02,Commercial,PLACER,Account Status Review,Medium,In Progress,2024-03-03,
SR00000962,EXC00002408,BILL00027381,ACCT002282,CUST002282,2024-09,Residential,CONTRA COSTA,Account Status Review,Medium,Open,2024-10-03,
SR00000963,EXC00004447,BILL00048994,ACCT004083,CUST004083,2024-10,Residential,ALAMEDA,Account Status Review,Low,Closed,2024-11-03,2024-11-21
SR00000964,EXC00001870,BILL00022135,ACCT001845,CUST001845,2024-07,Industrial,CALAVERAS,Account Status Review,Low,Closed,2024-08-03,2024-08-14
SR00000965,EXC00001184,BILL00014393,ACCT001200,CUST001200,2024-05,Residential,CONTRA COSTA,Account Status Review,Medium,In Progress,2024-06-03,
SR00000966,EXC00002535,BILL00028661,ACCT002389,CUST002389,2024-05,Residential,ALAMEDA,Account Status Review,High,Cancelled,2024-06-03,2024-06-30
SR00000967,EXC00001320,BILL00015835,ACCT001320,CUST001320,2024-07,Residential,CONTRA COSTA,Account Status Review,Medium,Open,2024-08-03,
SR00000968,EXC00001210,BILL00014760,ACCT001230,CUST001230,2024-12,Residential,KERN,Missing Read Investigation,Low,Closed,2025-01-03,2025-01-31
SR00000969,EXC00004891,BILL00053571,ACCT004465,CUST004465,2024-03,Residential,SAN JOAQUIN,Account Status Review,Critical,Open,2024-04-03,
SR00000970,EXC00005317,BILL00058667,ACCT004889,CUST004889,2024-11,Residential,SANTA CLARA,Account Status Review,High,Closed,2024-12-03,2024-12-10
SR00000971,EXC00004975,BILL00054377,ACCT004532,CUST004532,2024-05,Residential,TUOLUMNE,Account Status Review,Medium,Closed,2024-06-03,2024-06-10
SR00000972,EXC00004326,BILL00047668,ACCT003973,CUST003973,2024-04,Residential,ALAMEDA,Missing Read Investigation,Low,Open,2024-05-03,
SR00000973,EXC00001527,BILL00018362,ACCT001531,CUST001531,2024-02,Residential,SAN FRANCISCO,Account Status Review,Low,In Progress,2024-03-03,
SR00000974,EXC00001766,BILL00021247,ACCT001771,CUST001771,2024-07,Residential,SANTA CLARA,Missing Read Investigation,Medium,In Progress,2024-08-03,
SR00000975,EXC00005281,BILL00058065,ACCT004839,CUST004839,2024-09,Residential,SOLANO,Missing Read Investigation,Low,In Progress,2024-10-03,
SR00000976,EXC00003899,BILL00043860,ACCT003655,CUST003655,2024-12,Residential,MARIN,Meter Data Investigation,Low,Closed,2025-01-03,2025-01-30
SR00000977,EXC00000765,BILL00009367,ACCT000781,CUST000781,2024-07,Residential,SANTA BARBARA,Account Status Review,Low,Cancelled,2024-08-03,2024-08-30
SR00000978,EXC00003765,BILL00041528,ACCT003461,CUST003461,2024-08,Residential,KINGS,Account Status Review,Low,Closed,2024-09-03,2024-10-02
SR00000979,EXC00004266,BILL00047204,ACCT003934,CUST003934,2024-08,Residential,FRESNO,Account Status Review,High,Closed,2024-09-03,2024-09-25
SR00000980,EXC00001554,BILL00018576,ACCT001548,CUST001548,2024-12,Residential,KERN,Account Status Review,High,Closed,2025-01-03,2025-01-10
SR00000981,EXC00002612,BILL00028968,ACCT002414,CUST002414,2024-12,Residential,SAN JOAQUIN,Account Status Review,Low,Open,2025-01-03,
SR00000982,EXC00003923,BILL00044090,ACCT003675,CUST003675,2024-02,Residential,CONTRA COSTA,Account Status Review,High,Open,2024-03-03,
SR00000983,EXC00001667,BILL00019896,ACCT001658,CUST001658,2024-12,Residential,ALAMEDA,Account Status Review,Low,Closed,2025-01-03,2025-01-15
SR00000984,EXC00004719,BILL00052131,ACCT004345,CUST004345,2024-03,Residential,CONTRA COSTA,Account Status Review,Medium,Closed,2024-04-03,2024-04-15
SR00000985,EXC00003998,BILL00044500,ACCT003709,CUST003709,2024-04,Residential,CONTRA COSTA,Account Status Review,High,Closed,2024-05-03,2024-05-26
SR00000986,EXC00000103,BILL00001212,ACCT000101,CUST000101,2024-12,Residential,KERN,Account Status Review,Medium,In Progress,2025-01-03,
SR00000987,EXC00003169,BILL00036004,ACCT003001,CUST003001,2024-04,Residential,FRESNO,Account Status Review,Medium,Open,2024-05-03,
SR00000988,EXC00005398,BILL00059794,ACCT004983,CUST004983,2024-10,Residential,ALAMEDA,Account Status Review,Medium,Closed,2024-11-03,2024-11-08
SR00000989,EXC00002195,BILL00025231,ACCT002103,CUST002103,2024-07,Residential,LAKE,Account Status Review,Medium,Open,2024-08-03,
SR00000990,EXC00004341,BILL00047819,ACCT003985,CUST003985,2024-11,Commercial,CONTRA COSTA,Account Status Review,High,Closed,2024-12-03,2024-12-21
SR00000991,EXC00003448,BILL00037764,ACCT003147,CUST003147,2024-12,Commercial,ALAMEDA,Account Status Review,Critical,In Progress,2025-01-03,
SR00000992,EXC00002536,BILL00028662,ACCT002389,CUST002389,2024-06,Residential,ALAMEDA,Account Status Review,Low,Open,2024-07-03,
SR00000993,EXC00004868,BILL00053442,ACCT004454,CUST004454,2024-06,Commercial,SANTA CLARA,Account Status Review,Low,Closed,2024-07-03,2024-07-13
SR00000994,EXC00002516,BILL00028061,ACCT002339,CUST002339,2024-05,Residential,FRESNO,Missing Read Investigation,Medium,Open,2024-06-03,
SR00000995,EXC00000071,BILL00000949,ACCT000080,CUST000080,2024-01,Residential,KERN,Account Status Review,Medium,Closed,2024-02-03,2024-02-07
SR00000996,EXC00004173,BILL00045998,ACCT003834,CUST003834,2024-02,Residential,KERN,Account Status Review,High,In Progress,2024-03-03,
SR00000997,EXC00001492,BILL00017883,ACCT001491,CUST001491,2024-03,Residential,SAN LUIS OBISPO,Account Status Review,High,Closed,2024-04-03,2024-04-08
SR00000998,EXC00002283,BILL00026309,ACCT002193,CUST002193,2024-05,Residential,KERN,Account Status Review,Low,Closed,2024-06-03,2024-06-15
SR00000999,EXC00004525,BILL00049930,ACCT004161,CUST004161,2024-10,Residential,CALAVERAS,Meter Data Investigation,Medium,Closed,2024-11-03,2024-12-02
SR00001000,EXC00005090,BILL00055425,ACCT004619,CUST004619,2024-09,Residential,FRESNO,Meter Data Investigation,Medium,Closed,2024-10-03,2024-10-25
SR00001001,EXC00003387,BILL00037308,ACCT003109,CUST003109,2024-12,Residential,SOLANO,Account Status Review,Low,Closed,2025-01-03,2025-01-09
SR00001002,EXC00003785,BILL00041853,ACCT003488,CUST003488,2024-09,Residential,PLACER,Meter Data Investigation,High,Open,2024-10-03,
SR00001003,EXC00000832,BILL00010032,ACCT000836,CUST000836,2024-12,Residential,SAN LUIS OBISPO,Account Status Review,Low,In Progress,2025-01-03,
SR00001004,EXC00004711,BILL00052123,ACCT004344,CUST004344,2024-07,Commercial,MADERA,Account Status Review,Medium,Cancelled,2024-08-03,2024-08-06
SR00001005,EXC00002886,BILL00032907,ACCT002743,CUST002743,2024-03,Residential,SOLANO,Missing Read Investigation,Medium,In Progress,2024-04-03,
SR00001006,EXC00001216,BILL00014854,ACCT001238,CUST001238,2024-10,Residential,SANTA BARBARA,Meter Data Investigation,Low,Closed,2024-11-03,2024-11-07
SR00001007,EXC00005152,BILL00056407,ACCT004701,CUST004701,2024-07,Residential,MERCED,Account Status Review,Medium,In Progress,2024-08-03,
SR00001008,EXC00000239,BILL00003271,ACCT000273,CUST000273,2024-07,Commercial,ALAMEDA,Account Status Review,High,In Progress,2024-08-03,
SR00001009,EXC00004701,BILL00052054,ACCT004338,CUST004338,2024-10,Commercial,HUMBOLDT,Account Status Review,Medium,Closed,2024-11-03,2024-11-12
SR00001010,EXC00003932,BILL00044099,ACCT003675,CUST003675,2024-11,Residential,CONTRA COSTA,Account Status Review,High,Open,2024-12-03,
SR00001011,EXC00004357,BILL00048193,ACCT004017,CUST004017,2024-01,Commercial,SANTA CLARA,Account Status Review,Medium,Cancelled,2024-02-03,2024-02-23
SR00001012,EXC00000897,BILL00011391,ACCT000950,CUST000950,2024-03,Residential,SAN JOAQUIN,Account Status Review,Low,Closed,2024-04-03,2024-04-09
SR00001013,EXC00003979,BILL00044362,ACCT003697,CUST003697,2024-10,Agriculture And Water Pumping,KINGS,Account Status Review,Medium,Closed,2024-11-03,2024-11-25
SR00001014,EXC00003114,BILL00035515,ACCT002960,CUST002960,2024-07,Commercial,CONTRA COSTA,Account Status Review,Medium,Open,2024-08-03,
SR00001015,EXC00004039,BILL00044716,ACCT003727,CUST003727,2024-04,Residential,KERN,Account Status Review,Low,Closed,2024-05-03,2024-05-11
SR00001016,EXC00002187,BILL00025127,ACCT002094,CUST002094,2024-11,Residential,SANTA CLARA,Missing Read Investigation,High,In Progress,2024-12-03,
SR00001017,EXC00001306,BILL00015774,ACCT001315,CUST001315,2024-06,Residential,ALAMEDA,Account Status Review,Low,Cancelled,2024-07-03,2024-07-28
SR00001018,EXC00002218,BILL00025478,ACCT002124,CUST002124,2024-02,Residential,MONTEREY,Account Status Review,Low,Open,2024-03-03,
SR00001019,EXC00004231,BILL00046580,ACCT003882,CUST003882,2024-08,Residential,KERN,Meter Data Investigation,Low,In Progress,2024-09-03,
SR00001020,EXC00001002,BILL00012432,ACCT001036,CUST001036,2024-12,Residential,ALAMEDA,Account Status Review,Medium,Closed,2025-01-03,2025-02-01
SR00001021,EXC00001599,BILL00019358,ACCT001614,CUST001614,2024-02,Residential,CONTRA COSTA,Account Status Review,Medium,Cancelled,2024-03-03,2024-03-06
SR00001022,EXC00004603,BILL00050995,ACCT004250,CUST004250,2024-07,Agriculture And Water Pumping,ALAMEDA,Account Status Review,Low,Closed,2024-08-03,2024-08-07
SR00001023,EXC00004239,BILL00046779,ACCT003899,CUST003899,2024-03,Residential,GLENN,Account Status Review,Medium,Open,2024-04-03,
SR00001024,EXC00005216,BILL00057349,ACCT004780,CUST004780,2024-01,Residential,EL DORADO,Missing Read Investigation,Medium,Closed,2024-02-03,2024-02-13
SR00001025,EXC00005262,BILL00057711,ACCT004810,CUST004810,2024-03,Commercial,PLACER,Account Status Review,Low,Closed,2024-04-03,2024-04-05
SR00001026,EXC00000958,BILL00012146,ACCT001013,CUST001013,2024-02,Industrial,HUMBOLDT,Account Status Review,High,Open,2024-03-03,
SR00001027,EXC00004734,BILL00052230,ACCT004353,CUST004353,2024-06,Residential,MONTEREY,Meter Data Investigation,Medium,Open,2024-07-03,
SR00001028,EXC00002214,BILL00025455,ACCT002122,CUST002122,2024-03,Residential,SANTA CLARA,Meter Data Investigation,High,Closed,2024-04-03,2024-04-30
SR00001029,EXC00001703,BILL00020218,ACCT001685,CUST001685,2024-10,Residential,FRESNO,Account Status Review,Medium,Open,2024-11-03,
SR00001030,EXC00001510,BILL00017994,ACCT001500,CUST001500,2024-06,Commercial,MERCED,Account Status Review,Medium,Closed,2024-07-03,2024-07-08
SR00001031,EXC00005189,BILL00056994,ACCT004750,CUST004750,2024-06,Commercial,TUOLUMNE,Account Status Review,Medium,Closed,2024-07-03,2024-07-14
SR00001032,EXC00001898,BILL00022442,ACCT001871,CUST001871,2024-02,Commercial,KERN,Account Status Review,Low,Closed,2024-03-03,2024-03-22
SR00001033,EXC00004787,BILL00052428,ACCT004369,CUST004369,2024-12,Residential,MERCED,Account Status Review,Medium,Closed,2025-01-03,2025-01-14
SR00001034,EXC00002182,BILL00025065,ACCT002089,CUST002089,2024-09,Commercial,ALAMEDA,Missing Read Investigation,High,In Progress,2024-10-03,
SR00001035,EXC00001035,BILL00012969,ACCT001081,CUST001081,2024-09,Residential,KERN,Account Status Review,Low,Open,2024-10-03,
SR00001036,EXC00003160,BILL00035948,ACCT002996,CUST002996,2024-08,Commercial,ALAMEDA,Account Status Review,Medium,Cancelled,2024-09-03,2024-09-29
SR00001037,EXC00000932,BILL00011844,ACCT000987,CUST000987,2024-12,Residential,SAN FRANCISCO,Missing Read Investigation,High,In Progress,2025-01-03,
SR00001038,EXC00005213,BILL00057224,ACCT004769,CUST004769,2024-08,Residential,SHASTA,Missing Read Investigation,High,Open,2024-09-03,
SR00001039,EXC00004621,BILL00051093,ACCT004258,CUST004258,2024-09,Residential,SANTA CLARA,Account Status Review,Medium,Open,2024-10-03,
SR00001040,EXC00000634,BILL00007784,ACCT000649,CUST000649,2024-08,Residential,SANTA CRUZ,Account Status Review,High,Closed,2024-09-03,2024-09-17
SR00001041,EXC00004337,BILL00047815,ACCT003985,CUST003985,2024-07,Commercial,CONTRA COSTA,Account Status Review,High,Open,2024-08-03,
SR00001042,EXC00000499,BILL00006559,ACCT000547,CUST000547,2024-07,Residential,SANTA CLARA,Account Status Review,Medium,Closed,2024-08-03,2024-08-15
SR00001043,EXC00001412,BILL00016710,ACCT001393,CUST001393,2024-06,Residential,SOLANO,Meter Data Investigation,Medium,In Progress,2024-07-03,
SR00001044,EXC00000416,BILL00005326,ACCT000444,CUST000444,2024-10,Residential,NAPA,Account Status Review,Medium,Closed,2024-11-03,2024-11-14
SR00001045,EXC00002472,BILL00027838,ACCT002320,CUST002320,2024-10,Residential,NAPA,Account Status Review,Low,In Progress,2024-11-03,
SR00001046,EXC00002695,BILL00029945,ACCT002496,CUST002496,2024-05,Residential,SANTA CLARA,Account Status Review,High,Closed,2024-06-03,2024-06-24
SR00001047,EXC00002942,BILL00033628,ACCT002803,CUST002803,2024-04,Industrial,SHASTA,Missing Read Investigation,Medium,Open,2024-05-03,
SR00001048,EXC00001499,BILL00017890,ACCT001491,CUST001491,2024-10,Residential,SAN LUIS OBISPO,Account Status Review,Medium,Closed,2024-11-03,2024-11-27
SR00001049,EXC00000758,BILL00009330,ACCT000778,CUST000778,2024-06,Residential,SANTA CLARA,Missing Read Investigation,High,In Progress,2024-07-03,
SR00001050,EXC00001072,BILL00013431,ACCT001120,CUST001120,2024-03,Residential,FRESNO,Missing Read Investigation,Low,Closed,2024-04-03,2024-04-09
SR00001051,EXC00001042,BILL00013083,ACCT001091,CUST001091,2024-03,Industrial,KERN,Account Status Review,Medium,Closed,2024-04-03,2024-04-24
SR00001052,EXC00004406,BILL00048720,ACCT004060,CUST004060,2024-12,Mining,SANTA CLARA,Account Status Review,Low,Open,2025-01-03,
SR00001053,EXC00003083,BILL00035157,ACCT002930,CUST002930,2024-09,Residential,SANTA CLARA,Missing Read Investigation,High,Closed,2024-10-03,2024-10-09
SR00001054,EXC00003858,BILL00043041,ACCT003587,CUST003587,2024-09,Residential,MONTEREY,Account Status Review,Low,Closed,2024-10-03,2024-10-06
SR00001055,EXC00001579,BILL00019135,ACCT001595,CUST001595,2024-07,Residential,SOLANO,Missing Read Investigation,Medium,Closed,2024-08-03,2024-08-27
SR00001056,EXC00000597,BILL00007604,ACCT000634,CUST000634,2024-08,Residential,SANTA CLARA,Missing Read Investigation,Low,Closed,2024-09-03,2024-09-13
SR00001057,EXC00001570,BILL00018818,ACCT001569,CUST001569,2024-02,Residential,KERN,Missing Read Investigation,Low,Closed,2024-03-03,2024-03-31
SR00001058,EXC00002651,BILL00029231,ACCT002436,CUST002436,2024-11,Residential,SONOMA,Account Status Review,Medium,Open,2024-12-03,
SR00001059,EXC00000653,BILL00008178,ACCT000682,CUST000682,2024-06,Residential,KERN,Account Status Review,Low,Open,2024-07-03,
SR00001060,EXC00003537,BILL00038869,ACCT003240,CUST003240,2024-01,Residential,SANTA CLARA,Account Status Review,Medium,Open,2024-02-03,
SR00001061,EXC00001979,BILL00023373,ACCT001948,CUST001948,2024-09,Residential,SANTA CLARA,Meter Data Investigation,High,Closed,2024-10-03,2024-10-08
SR00001062,EXC00001838,BILL00021733,ACCT001812,CUST001812,2024-01,Residential,CONTRA COSTA,Account Status Review,Low,Closed,2024-02-03,2024-02-21
SR00001063,EXC00001439,BILL00017186,ACCT001433,CUST001433,2024-02,Residential,MONTEREY,Account Status Review,Low,Closed,2024-03-03,2024-03-10
SR00001064,EXC00001211,BILL00014777,ACCT001232,CUST001232,2024-05,Residential,YOLO,Meter Data Investigation,Low,Open,2024-06-03,
SR00001065,EXC00004450,BILL00049044,ACCT004087,CUST004087,2024-12,Residential,KERN,Missing Read Investigation,Low,Open,2025-01-03,
SR00001066,EXC00000076,BILL00000954,ACCT000080,CUST000080,2024-06,Residential,KERN,Account Status Review,High,Closed,2024-07-03,2024-08-01
SR00001067,EXC00003371,BILL00037152,ACCT003096,CUST003096,2024-12,Residential,SONOMA,Account Status Review,High,In Progress,2025-01-03,
SR00001068,EXC00002963,BILL00033973,ACCT002832,CUST002832,2024-01,Residential,KERN,Missing Read Investigation,Medium,Closed,2024-02-03,2024-02-07
SR00001069,EXC00004821,BILL00053042,ACCT004421,CUST004421,2024-02,Residential,YOLO,Account Status Review,Low,Open,2024-03-03,
SR00001070,EXC00003204,BILL00036084,ACCT003007,CUST003007,2024-12,Commercial,MADERA,Account Status Review,Medium,Closed,2025-01-03,2025-01-04
SR00001071,EXC00003568,BILL00039218,ACCT003269,CUST003269,2024-02,Residential,EL DORADO,Account Status Review,High,Cancelled,2024-03-03,2024-03-06
SR00001072,EXC00005183,BILL00056969,ACCT004748,CUST004748,2024-05,Residential,ALAMEDA,Missing Read Investigation,Medium,Closed,2024-06-03,2024-06-10
SR00001073,EXC00001567,BILL00018640,ACCT001554,CUST001554,2024-04,Commercial,CONTRA COSTA,Missing Read Investigation,Low,Closed,2024-05-03,2024-05-05
SR00001074,EXC00004569,BILL00050654,ACCT004222,CUST004222,2024-02,Residential,NEVADA,Account Status Review,High,Closed,2024-03-03,2024-03-13
SR00001075,EXC00004123,BILL00045557,ACCT003797,CUST003797,2024-05,Residential,SANTA CLARA,Account Status Review,High,Closed,2024-06-03,2024-06-07
SR00001076,EXC00001011,BILL00012653,ACCT001055,CUST001055,2024-05,Streetlighting,SAN JOAQUIN,Account Status Review,Medium,Closed,2024-06-03,2024-06-28
SR00001077,EXC00001030,BILL00012964,ACCT001081,CUST001081,2024-04,Residential,KERN,Account Status Review,High,Open,2024-05-03,
SR00001078,EXC00003981,BILL00044364,ACCT003697,CUST003697,2024-12,Agriculture And Water Pumping,KINGS,Account Status Review,Low,Closed,2025-01-03,2025-01-15
SR00001079,EXC00000829,BILL00010029,ACCT000836,CUST000836,2024-09,Residential,SAN LUIS OBISPO,Account Status Review,Low,Closed,2024-10-03,2024-11-01
SR00001080,EXC00002108,BILL00024324,ACCT002027,CUST002027,2024-12,Residential,CONTRA COSTA,Missing Read Investigation,Medium,Open,2025-01-03,
SR00001081,EXC00000097,BILL00001206,ACCT000101,CUST000101,2024-06,Residential,KERN,Account Status Review,Medium,Closed,2024-07-03,2024-07-11
SR00001082,EXC00003221,BILL00036172,ACCT003015,CUST003015,2024-04,Residential,FRESNO,Account Status Review,High,Closed,2024-05-03,2024-05-07
SR00001083,EXC00004268,BILL00047206,ACCT003934,CUST003934,2024-10,Residential,FRESNO,Account Status Review,Low,Open,2024-11-03,
SR00001084,EXC00003066,BILL00034945,ACCT002913,CUST002913,2024-01,Residential,PLACER,Account Status Review,Medium,Closed,2024-02-03,2024-02-12
SR00001085,EXC00000622,BILL00007728,ACCT000644,CUST000644,2024-12,Residential,SAN MATEO,Account Status Review,High,Closed,2025-01-03,2025-01-12
SR00001086,EXC00000567,BILL00007071,ACCT000590,CUST000590,2024-03,Residential,SANTA BARBARA,Missing Read Investigation,Low,Cancelled,2024-04-03,2024-04-16
SR00001087,EXC00005182,BILL00056901,ACCT004742,CUST004742,2024-09,Residential,CONTRA COSTA,Meter Data Investigation,Low,Closed,2024-10-03,2024-10-28
SR00001088,EXC00005188,BILL00056993,ACCT004750,CUST004750,2024-05,Commercial,TUOLUMNE,Account Status Review,High,Closed,2024-06-03,2024-06-20
SR00001089,EXC00000052,BILL00000712,ACCT000060,CUST000060,2024-04,Residential,SAN MATEO,Missing Read Investigation,Medium,Closed,2024-05-03,2024-05-04
SR00001090,EXC00002252,BILL00025702,ACCT002142,CUST002142,2024-10,Residential,SANTA CLARA,Account Status Review,Low,In Progress,2024-11-03,
SR00001091,EXC00004713,BILL00052125,ACCT004344,CUST004344,2024-09,Commercial,MADERA,Account Status Review,Low,Closed,2024-10-03,2024-10-11
SR00001092,EXC00000746,BILL00008959,ACCT000747,CUST000747,2024-07,Residential,FRESNO,Meter Data Investigation,Medium,Cancelled,2024-08-03,2024-08-08
SR00001093,EXC00004485,BILL00049173,ACCT004098,CUST004098,2024-09,Residential,SANTA CLARA,Account Status Review,Low,Open,2024-10-03,
SR00001094,EXC00003788,BILL00042133,ACCT003512,CUST003512,2024-01,Residential,SANTA BARBARA,Account Status Review,Critical,In Progress,2024-02-03,
SR00001095,EXC00002727,BILL00030093,ACCT002508,CUST002508,2024-09,Residential,ALAMEDA,Account Status Review,Critical,Closed,2024-10-03,2024-10-17
SR00001096,EXC00000196,BILL00002944,ACCT000246,CUST000246,2024-04,Industrial,SAN FRANCISCO,Account Status Review,Low,In Progress,2024-05-03,
SR00001097,EXC00004885,BILL00053531,ACCT004461,CUST004461,2024-11,Residential,FRESNO,Account Status Review,Medium,Closed,2024-12-03,2024-12-26
SR00001098,EXC00004959,BILL00054259,ACCT004522,CUST004522,2024-07,Residential,EL DORADO,Account Status Review,Low,In Progress,2024-08-03,
SR00001099,EXC00000803,BILL00009784,ACCT000816,CUST000816,2024-04,Residential,CONTRA COSTA,Missing Read Investigation,High,Closed,2024-05-03,2024-06-01
SR00001100,EXC00004990,BILL00054793,ACCT004567,CUST004567,2024-01,Residential,SANTA CRUZ,Account Status Review,High,In Progress,2024-02-03,
SR00001101,EXC00001814,BILL00021649,ACCT001805,CUST001805,2024-01,Residential,KERN,Account Status Review,Medium,In Progress,2024-02-03,
SR00001102,EXC00002300,BILL00026546,ACCT002213,CUST002213,2024-02,Residential,ALAMEDA,Account Status Review,Medium,Closed,2024-03-03,2024-03-19
SR00001103,EXC00003460,BILL00038070,ACCT003173,CUST003173,2024-06,Residential,KERN,Missing Read Investigation,Medium,Closed,2024-07-03,2024-07-17
SR00001104,EXC00002982,BILL00034257,ACCT002855,CUST002855,2024-09,Residential,KERN,Missing Read Investigation,High,In Progress,2024-10-03,
SR00001105,EXC00003407,BILL00037577,ACCT003132,CUST003132,2024-05,Commercial,EL DORADO,Missing Read Investigation,Medium,Cancelled,2024-06-03,2024-06-17
SR00001106,EXC00001182,BILL00014391,ACCT001200,CUST001200,2024-03,Residential,CONTRA COSTA,Account Status Review,Low,Closed,2024-04-03,2024-04-26
SR00001107,EXC00005366,BILL00059524,ACCT004961,CUST004961,2024-04,Residential,NEVADA,Missing Read Investigation,High,Open,2024-05-03,
SR00001108,EXC00000645,BILL00008072,ACCT000673,CUST000673,2024-08,Residential,SANTA BARBARA,Meter Data Investigation,Low,Closed,2024-09-03,2024-09-12
SR00001109,EXC00001336,BILL00015899,ACCT001325,CUST001325,2024-11,"Transportation, Communications, & Utilities",SANTA CLARA,Account Status Review,Medium,Closed,2024-12-03,2024-12-18
SR00001110,EXC00005074,BILL00055189,ACCT004600,CUST004600,2024-01,Residential,KERN,Account Status Review,Medium,Open,2024-02-03,
SR00001111,EXC00001426,BILL00017067,ACCT001423,CUST001423,2024-03,Residential,CONTRA COSTA,Account Status Review,High,Open,2024-04-03,
SR00001112,EXC00000121,BILL00001561,ACCT000131,CUST000131,2024-01,Residential,SAN FRANCISCO,Account Status Review,Medium,In Progress,2024-02-03,
SR00001113,EXC00004089,BILL00045162,ACCT003764,CUST003764,2024-06,Residential,SONOMA,Account Status Review,Low,Closed,2024-07-03,2024-07-12
SR00001114,EXC00003615,BILL00039563,ACCT003297,CUST003297,2024-11,Residential,EL DORADO,Account Status Review,High,Closed,2024-12-03,2024-12-23
SR00001115,EXC00003127,BILL00035692,ACCT002975,CUST002975,2024-04,Residential,PLACER,Account Status Review,High,Closed,2024-05-03,2024-05-18
SR00001116,EXC00004350,BILL00048116,ACCT004010,CUST004010,2024-08,Residential,SAN FRANCISCO,Account Status Review,Critical,Closed,2024-09-03,2024-09-19
SR00001117,EXC00002265,BILL00026077,ACCT002174,CUST002174,2024-01,Commercial,SOLANO,Account Status Review,Medium,Closed,2024-02-03,2024-02-05
SR00001118,EXC00002856,BILL00031728,ACCT002644,CUST002644,2024-12,Residential,ALAMEDA,Account Status Review,Low,Closed,2025-01-03,2025-01-16
SR00001119,EXC00003353,BILL00037053,ACCT003088,CUST003088,2024-09,Residential,SOLANO,Account Status Review,Low,Open,2024-10-03,
SR00001120,EXC00004308,BILL00047460,ACCT003955,CUST003955,2024-12,Residential,SAN MATEO,Account Status Review,Low,Closed,2025-01-03,2025-01-20
SR00001121,EXC00000135,BILL00001700,ACCT000142,CUST000142,2024-08,Residential,SANTA CLARA,Missing Read Investigation,Medium,Closed,2024-09-03,2024-09-09
SR00001122,EXC00003131,BILL00035696,ACCT002975,CUST002975,2024-08,Residential,PLACER,Account Status Review,High,Closed,2024-09-03,2024-10-01
SR00001123,EXC00003272,BILL00036577,ACCT003049,CUST003049,2024-01,Residential,MONTEREY,Account Status Review,High,Open,2024-02-03,
SR00001124,EXC00000512,BILL00006710,ACCT000560,CUST000560,2024-02,Residential,SANTA BARBARA,Account Status Review,Medium,Closed,2024-03-03,2024-03-21
SR00001125,EXC00000063,BILL00000895,ACCT000075,CUST000075,2024-07,Residential,KINGS,Account Status Review,Medium,Closed,2024-08-03,2024-08-14
SR00001126,EXC00003964,BILL00044262,ACCT003689,CUST003689,2024-06,Residential,SANTA CLARA,Missing Read Investigation,Low,Closed,2024-07-03,2024-07-16
SR00001127,EXC00001505,BILL00017989,ACCT001500,CUST001500,2024-01,Commercial,MERCED,Account Status Review,Medium,Closed,2024-02-03,2024-02-24
SR00001128,EXC00001434,BILL00017075,ACCT001423,CUST001423,2024-11,Residential,CONTRA COSTA,Account Status Review,Medium,Open,2024-12-03,
SR00001129,EXC00004702,BILL00052055,ACCT004338,CUST004338,2024-11,Commercial,HUMBOLDT,Account Status Review,Low,Cancelled,2024-12-03,2024-12-27
SR00001130,EXC00000123,BILL00001563,ACCT000131,CUST000131,2024-03,Residential,SAN FRANCISCO,Account Status Review,Low,Open,2024-04-03,
SR00001131,EXC00002168,BILL00024883,ACCT002074,CUST002074,2024-07,Commercial,GLENN,Account Status Review,Medium,Closed,2024-08-03,2024-08-30
SR00001132,EXC00003359,BILL00037100,ACCT003092,CUST003092,2024-08,Agriculture And Water Pumping,KERN,Meter Data Investigation,Medium,Closed,2024-09-03,2024-09-04
SR00001133,EXC00003432,BILL00037691,ACCT003141,CUST003141,2024-11,Residential,SANTA CLARA,Account Status Review,Critical,Closed,2024-12-03,2024-12-22
SR00001134,EXC00004645,BILL00051397,ACCT004284,CUST004284,2024-01,Residential,SANTA CLARA,Missing Read Investigation,High,Closed,2024-02-03,2024-02-06
SR00001135,EXC00000568,BILL00007103,ACCT000592,CUST000592,2024-11,Residential,PLACER,Missing Read Investigation,Low,Open,2024-12-03,
SR00001136,EXC00002216,BILL00025473,ACCT002123,CUST002123,2024-09,Agriculture And Water Pumping,PLACER,Meter Data Investigation,Medium,Closed,2024-10-03,2024-10-21
SR00001137,EXC00003722,BILL00041033,ACCT003420,CUST003420,2024-05,Residential,SANTA CLARA,Missing Read Investigation,Medium,Closed,2024-06-03,2024-06-19
SR00001138,EXC00000865,BILL00010392,ACCT000866,CUST000866,2024-12,Residential,KERN,Account Status Review,Low,Closed,2025-01-03,2025-01-17
SR00001139,EXC00005221,BILL00057376,ACCT004782,CUST004782,2024-04,Residential,KERN,Account Status Review,High,Closed,2024-05-03,2024-05-19
SR00001140,EXC00004412,BILL00048738,ACCT004062,CUST004062,2024-06,Residential,BUTTE,Account Status Review,Low,Open,2024-07-03,
SR00001141,EXC00004307,BILL00047459,ACCT003955,CUST003955,2024-11,Residential,SAN MATEO,Account Status Review,High,Open,2024-12-03,
SR00001142,EXC00002866,BILL00032176,ACCT002682,CUST002682,2024-04,Commercial,PLACER,Missing Read Investigation,Low,In Progress,2024-05-03,
SR00001143,EXC00001200,BILL00014727,ACCT001228,CUST001228,2024-03,Residential,SHASTA,Account Status Review,High,Closed,2024-04-03,2024-05-01
SR00001144,EXC00000721,BILL00008555,ACCT000713,CUST000713,2024-11,Residential,KERN,Account Status Review,Medium,Closed,2024-12-03,2024-12-30
SR00001145,EXC00004217,BILL00046482,ACCT003874,CUST003874,2024-06,Commercial,CONTRA COSTA,Missing Read Investigation,Medium,Closed,2024-07-03,2024-07-22
SR00001146,EXC00002370,BILL00026991,ACCT002250,CUST002250,2024-03,Residential,SAN JOAQUIN,Account Status Review,Medium,In Progress,2024-04-03,
SR00001147,EXC00001879,BILL00022192,ACCT001850,CUST001850,2024-04,Residential,CONTRA COSTA,Account Status Review,Low,Closed,2024-05-03,2024-05-06
SR00001148,EXC00000603,BILL00007626,ACCT000636,CUST000636,2024-06,Residential,CONTRA COSTA,Account Status Review,High,Closed,2024-07-03,2024-07-28
SR00001149,EXC00002211,BILL00025378,ACCT002115,CUST002115,2024-10,Residential,PLACER,Account Status Review,Medium,Closed,2024-11-03,2024-11-07
SR00001150,EXC00004953,BILL00054253,ACCT004522,CUST004522,2024-01,Residential,EL DORADO,Account Status Review,Low,In Progress,2024-02-03,
SR00001151,EXC00002378,BILL00026999,ACCT002250,CUST002250,2024-11,Residential,SAN JOAQUIN,Account Status Review,High,Open,2024-12-03,
SR00001152,EXC00004596,BILL00050971,ACCT004248,CUST004248,2024-07,Residential,KERN,Missing Read Investigation,Medium,Open,2024-08-03,
SR00001153,EXC00004336,BILL00047814,ACCT003985,CUST003985,2024-06,Commercial,CONTRA COSTA,Account Status Review,Low,Closed,2024-07-03,2024-07-28
SR00001154,EXC00004035,BILL00044712,ACCT003726,CUST003726,2024-12,Industrial,SOLANO,Account Status Review,Medium,Closed,2025-01-03,2025-01-23
SR00001155,EXC00000319,BILL00004055,ACCT000338,CUST000338,2024-11,Residential,SAN FRANCISCO,Missing Read Investigation,Medium,Open,2024-12-03,
SR00001156,EXC00000275,BILL00003722,ACCT000311,CUST000311,2024-02,Residential,SAN MATEO,Account Status Review,Medium,In Progress,2024-03-03,
SR00001157,EXC00004658,BILL00051804,ACCT004317,CUST004317,2024-12,Residential,SAN JOAQUIN,Missing Read Investigation,Medium,In Progress,2025-01-03,
SR00001158,EXC00003672,BILL00040525,ACCT003378,CUST003378,2024-01,Residential,SANTA CLARA,Account Status Review,Low,Closed,2024-02-03,2024-02-10
SR00001159,EXC00001298,BILL00015766,ACCT001314,CUST001314,2024-10,Commercial,ALAMEDA,Account Status Review,Low,Open,2024-11-03,
SR00001160,EXC00001351,BILL00016149,ACCT001346,CUST001346,2024-09,Residential,CONTRA COSTA,Account Status Review,Medium,Open,2024-10-03,
SR00001161,EXC00001895,BILL00022344,ACCT001862,CUST001862,2024-12,Residential,CALAVERAS,Meter Data Investigation,High,Closed,2025-01-03,2025-01-24
SR00001162,EXC00004256,BILL00047133,ACCT003928,CUST003928,2024-09,Residential,SANTA CLARA,Missing Read Investigation,Low,Closed,2024-10-03,2024-10-15
SR00001163,EXC00005211,BILL00057216,ACCT004768,CUST004768,2024-12,Residential,MADERA,Account Status Review,Medium,In Progress,2025-01-03,
SR00001164,EXC00000296,BILL00003755,ACCT000313,CUST000313,2024-11,Residential,YOLO,Account Status Review,Medium,Closed,2024-12-03,2024-12-16
SR00001165,EXC00001236,BILL00015132,ACCT001261,CUST001261,2024-12,Residential,SANTA CLARA,Missing Read Investigation,Critical,Closed,2025-01-03,2025-01-21
SR00001166,EXC00001780,BILL00021300,ACCT001775,CUST001775,2024-12,Residential,KERN,Account Status Review,Low,Closed,2025-01-03,2025-01-25
SR00001167,EXC00000299,BILL00003781,ACCT000316,CUST000316,2024-01,Residential,KERN,Missing Read Investigation,Low,Closed,2024-02-03,2024-02-10
SR00001168,EXC00000069,BILL00000906,ACCT000076,CUST000076,2024-06,Residential,PLACER,Missing Read Investigation,High,Closed,2024-07-03,2024-07-06
SR00001169,EXC00000737,BILL00008680,ACCT000724,CUST000724,2024-04,Residential,SANTA CLARA,Missing Read Investigation,Medium,Open,2024-05-03,
SR00001170,EXC00001840,BILL00021735,ACCT001812,CUST001812,2024-03,Residential,CONTRA COSTA,Account Status Review,Medium,Closed,2024-04-03,2024-05-02
SR00001171,EXC00003916,BILL00043933,ACCT003662,CUST003662,2024-01,Residential,KERN,Meter Data Investigation,Medium,Open,2024-02-03,
SR00001172,EXC00003464,BILL00038249,ACCT003188,CUST003188,2024-05,Residential,AMADOR,Missing Read Investigation,High,In Progress,2024-06-03,
SR00001173,EXC00000151,BILL00002291,ACCT000191,CUST000191,2024-11,Residential,ALAMEDA,Meter Data Investigation,High,Open,2024-12-03,
SR00001174,EXC00000757,BILL00009269,ACCT000773,CUST000773,2024-05,Residential,ALAMEDA,Meter Data Investigation,Low,Closed,2024-06-03,2024-06-14
SR00001175,EXC00004296,BILL00047436,ACCT003953,CUST003953,2024-12,Agriculture And Water Pumping,CONTRA COSTA,Account Status Review,Medium,Cancelled,2025-01-03,2025-01-24
SR00001176,EXC00003962,BILL00044255,ACCT003688,CUST003688,2024-11,Residential,SANTA CLARA,Account Status Review,Medium,In Progress,2024-12-03,
SR00001177,EXC00003090,BILL00035317,ACCT002944,CUST002944,2024-01,Residential,SANTA CLARA,Missing Read Investigation,Medium,In Progress,2024-02-03,
SR00001178,EXC00001894,BILL00022342,ACCT001862,CUST001862,2024-10,Residential,CALAVERAS,Missing Read Investigation,Medium,In Progress,2024-11-03,
SR00001179,EXC00004477,BILL00049165,ACCT004098,CUST004098,2024-01,Residential,SANTA CLARA,Account Status Review,Medium,In Progress,2024-02-03,
SR00001180,EXC00000377,BILL00004751,ACCT000396,CUST000396,2024-11,Industrial,MARIN,Missing Read Investigation,Medium,Open,2024-12-03,
SR00001181,EXC00001345,BILL00016143,ACCT001346,CUST001346,2024-03,Residential,CONTRA COSTA,Account Status Review,High,In Progress,2024-04-03,
SR00001182,EXC00000860,BILL00010387,ACCT000866,CUST000866,2024-07,Residential,KERN,Account Status Review,High,In Progress,2024-08-03,
SR00001183,EXC00004220,BILL00046551,ACCT003880,CUST003880,2024-03,Residential,SANTA CLARA,Account Status Review,Critical,Closed,2024-04-03,2024-04-20
SR00001184,EXC00003910,BILL00043871,ACCT003656,CUST003656,2024-11,Residential,KERN,Account Status Review,Low,Closed,2024-12-03,2024-12-09
SR00001185,EXC00000379,BILL00004784,ACCT000399,CUST000399,2024-08,Residential,KERN,Meter Data Investigation,Medium,Open,2024-09-03,
SR00001186,EXC00003795,BILL00042140,ACCT003512,CUST003512,2024-08,Residential,SANTA BARBARA,Account Status Review,Low,In Progress,2024-09-03,
SR00001187,EXC00002223,BILL00025483,ACCT002124,CUST002124,2024-07,Residential,MONTEREY,Account Status Review,Critical,Closed,2024-08-03,2024-08-15
SR00001188,EXC00002043,BILL00023909,ACCT001993,CUST001993,2024-05,Residential,ALAMEDA,Account Status Review,High,Open,2024-06-03,
SR00001189,EXC00002655,BILL00029334,ACCT002445,CUST002445,2024-06,Residential,SAN MATEO,Missing Read Investigation,Medium,Closed,2024-07-03,2024-07-21
SR00001190,EXC00001787,BILL00021489,ACCT001791,CUST001791,2024-09,Residential,SAN JOAQUIN,Missing Read Investigation,Medium,Open,2024-10-03,
SR00001191,EXC00002918,BILL00033521,ACCT002794,CUST002794,2024-05,Residential,SANTA BARBARA,Account Status Review,Low,Closed,2024-06-03,2024-06-11
SR00001192,EXC00000842,BILL00010322,ACCT000861,CUST000861,2024-02,Residential,KERN,Account Status Review,High,Open,2024-03-03,
SR00001193,EXC00002120,BILL00024566,ACCT002048,CUST002048,2024-02,Residential,CONTRA COSTA,Account Status Review,Low,In Progress,2024-03-03,
SR00001194,EXC00001818,BILL00021653,ACCT001805,CUST001805,2024-05,Residential,KERN,Account Status Review,High,Open,2024-06-03,
SR00001195,EXC00000176,BILL00002668,ACCT000223,CUST000223,2024-04,Residential,SANTA CLARA,Account Status Review,High,Closed,2024-05-03,2024-05-08
SR00001196,EXC00001361,BILL00016159,ACCT001347,CUST001347,2024-07,Residential,ALAMEDA,Account Status Review,Medium,Closed,2024-08-03,2024-08-27
SR00001197,EXC00000928,BILL00011768,ACCT000981,CUST000981,2024-08,Residential,SANTA BARBARA,Missing Read Investigation,Low,Open,2024-09-03,
SR00001198,EXC00004327,BILL00047671,ACCT003973,CUST003973,2024-07,Residential,ALAMEDA,Missing Read Investigation,Low,In Progress,2024-08-03,
SR00001199,EXC00000046,BILL00000595,ACCT000050,CUST000050,2024-07,Residential,PLACER,Account Status Review,Low,Closed,2024-08-03,2024-08-26
SR00001200,EXC00001097,BILL00013701,ACCT001142,CUST001142,2024-09,Residential,SAN MATEO,Account Status Review,Low,Closed,2024-10-03,2024-10-28
SR00001201,EXC00003847,BILL00042954,ACCT003580,CUST003580,2024-06,Residential,CONTRA COSTA,Meter Data Investigation,Medium,Closed,2024-07-03,2024-07-23
SR00001202,EXC00002310,BILL00026556,ACCT002213,CUST002213,2024-12,Residential,ALAMEDA,Account Status Review,Medium,Closed,2025-01-03,2025-01-11
SR00001203,EXC00004601,BILL00050993,ACCT004250,CUST004250,2024-05,Agriculture And Water Pumping,ALAMEDA,Account Status Review,Medium,Open,2024-06-03,
SR00001204,EXC00002723,BILL00030089,ACCT002508,CUST002508,2024-05,Residential,ALAMEDA,Account Status Review,High,Closed,2024-06-03,2024-06-19
SR00001205,EXC00003967,BILL00044287,ACCT003691,CUST003691,2024-07,Commercial,KERN,Missing Read Investigation,Low,Closed,2024-08-03,2024-08-06
SR00001206,EXC00001666,BILL00019895,ACCT001658,CUST001658,2024-11,Residential,ALAMEDA,Account Status Review,High,Closed,2024-12-03,2025-01-01
SR00001207,EXC00003623,BILL00039705,ACCT003309,CUST003309,2024-09,Residential,KERN,Meter Data Investigation,Medium,Open,2024-10-03,
SR00001208,EXC00004245,BILL00046785,ACCT003899,CUST003899,2024-09,Residential,GLENN,Account Status Review,Medium,Open,2024-10-03,
SR00001209,EXC00000284,BILL00003731,ACCT000311,CUST000311,2024-11,Residential,SAN MATEO,Account Status Review,Critical,Closed,2024-12-03,2024-12-20
SR00001210,EXC00002054,BILL00023931,ACCT001995,CUST001995,2024-03,Residential,MENDOCINO,Account Status Review,Low,Closed,2024-04-03,2024-05-02
SR00001211,EXC00004611,BILL00051035,ACCT004253,CUST004253,2024-11,Residential,ALAMEDA,Missing Read Investigation,High,In Progress,2024-12-03,
SR00001212,EXC00002615,BILL00029042,ACCT002421,CUST002421,2024-02,Residential,SANTA CLARA,Account Status Review,High,Open,2024-03-03,
SR00001213,EXC00001777,BILL00021297,ACCT001775,CUST001775,2024-09,Residential,KERN,Account Status Review,Low,Closed,2024-10-03,2024-10-17
SR00001214,EXC00001322,BILL00015837,ACCT001320,CUST001320,2024-09,Residential,CONTRA COSTA,Account Status Review,Medium,Open,2024-10-03,
SR00001215,EXC00003310,BILL00036766,ACCT003064,CUST003064,2024-10,Residential,SANTA CLARA,Account Status Review,High,In Progress,2024-11-03,
SR00001216,EXC00003709,BILL00040994,ACCT003417,CUST003417,2024-02,Residential,MERCED,Missing Read Investigation,High,Open,2024-03-03,
SR00001217,EXC00002649,BILL00029229,ACCT002436,CUST002436,2024-09,Residential,SONOMA,Account Status Review,Medium,Closed,2024-10-03,2024-11-01
SR00001218,EXC00003411,BILL00037624,ACCT003136,CUST003136,2024-04,Residential,CONTRA COSTA,Account Status Review,Medium,Closed,2024-05-03,2024-05-07
SR00001219,EXC00002805,BILL00030948,ACCT002579,CUST002579,2024-12,Residential,YOLO,Missing Read Investigation,Low,Cancelled,2025-01-03,2025-01-20
SR00001220,EXC00002147,BILL00024750,ACCT002063,CUST002063,2024-06,Commercial,FRESNO,Missing Read Investigation,High,Closed,2024-07-03,2024-08-01
SR00001221,EXC00003136,BILL00035741,ACCT002979,CUST002979,2024-05,Residential,SOLANO,Meter Data Investigation,Low,Closed,2024-06-03,2024-06-30
SR00001222,EXC00003260,BILL00036506,ACCT003043,CUST003043,2024-02,Residential,CONTRA COSTA,Account Status Review,Low,Open,2024-03-03,
SR00001223,EXC00004247,BILL00046787,ACCT003899,CUST003899,2024-11,Residential,GLENN,Account Status Review,Low,Closed,2024-12-03,2024-12-05
SR00001224,EXC00004136,BILL00045626,ACCT003803,CUST003803,2024-02,Commercial,KERN,Account Status Review,Medium,Closed,2024-03-03,2024-03-25
SR00001225,EXC00004925,BILL00053733,ACCT004478,CUST004478,2024-09,Residential,MONTEREY,Account Status Review,Medium,Open,2024-10-03,
SR00001226,EXC00000258,BILL00003551,ACCT000296,CUST000296,2024-11,Residential,SANTA CLARA,Account Status Review,Medium,Closed,2024-12-03,2024-12-21
SR00001227,EXC00001993,BILL00023412,ACCT001951,CUST001951,2024-12,Residential,MADERA,Account Status Review,Low,Closed,2025-01-03,2025-01-05
SR00001228,EXC00003772,BILL00041818,ACCT003485,CUST003485,2024-10,Residential,FRESNO,Meter Data Investigation,High,In Progress,2024-11-03,
SR00001229,EXC00000100,BILL00001209,ACCT000101,CUST000101,2024-09,Residential,KERN,Account Status Review,Medium,Cancelled,2024-10-03,2024-10-06
SR00001230,EXC00001745,BILL00020863,ACCT001739,CUST001739,2024-07,Residential,ALAMEDA,Missing Read Investigation,Medium,Closed,2024-08-03,2024-08-19
SR00001231,EXC00005167,BILL00056763,ACCT004731,CUST004731,2024-03,Residential,SANTA CLARA,Account Status Review,Medium,Closed,2024-04-03,2024-04-28
SR00001232,EXC00003183,BILL00036030,ACCT003003,CUST003003,2024-06,Residential,SANTA CLARA,Account Status Review,High,Open,2024-07-03,
SR00001233,EXC00005257,BILL00057635,ACCT004803,CUST004803,2024-11,Commercial,SANTA CLARA,Account Status Review,Medium,Open,2024-12-03,
SR00001234,EXC00001742,BILL00020628,ACCT001719,CUST001719,2024-12,"Transportation, Communications, & Utilities",SANTA CLARA,Missing Read Investigation,High,Closed,2025-01-03,2025-01-21
SR00001235,EXC00003801,BILL00042208,ACCT003518,CUST003518,2024-04,Residential,YOLO,Missing Read Investigation,High,Closed,2024-05-03,2024-05-30
SR00001236,EXC00003528,BILL00038860,ACCT003239,CUST003239,2024-04,Residential,COLUSA,Account Status Review,Medium,Closed,2024-05-03,2024-05-15
SR00001237,EXC00000367,BILL00004649,ACCT000388,CUST000388,2024-05,Residential,KINGS,Account Status Review,Medium,Closed,2024-06-03,2024-06-07
SR00001238,EXC00002419,BILL00027508,ACCT002293,CUST002293,2024-04,Residential,SANTA CLARA,Account Status Review,Medium,Closed,2024-05-03,2024-05-10
SR00001239,EXC00002319,BILL00026565,ACCT002214,CUST002214,2024-09,Agriculture And Water Pumping,KERN,Account Status Review,High,In Progress,2024-10-03,
SR00001240,EXC00004190,BILL00046038,ACCT003837,CUST003837,2024-06,Industrial,KERN,Account Status Review,Medium,Closed,2024-07-03,2024-07-31
SR00001241,EXC00002958,BILL00033816,ACCT002818,CUST002818,2024-12,Residential,SUTTER,Account Status Review,Medium,Closed,2025-01-03,2025-01-24
SR00001242,EXC00000950,BILL00012069,ACCT001006,CUST001006,2024-09,Residential,KINGS,Account Status Review,High,Open,2024-10-03,
SR00001243,EXC00001472,BILL00017666,ACCT001473,CUST001473,2024-02,Commercial,SANTA BARBARA,Account Status Review,Low,Closed,2024-03-03,2024-03-09
SR00001244,EXC00000020,BILL00000373,ACCT000032,CUST000032,2024-01,Residential,PLACER,Account Status Review,Medium,Cancelled,2024-02-03,2024-02-25
SR00001245,EXC00002930,BILL00033544,ACCT002796,CUST002796,2024-04,Residential,CONTRA COSTA,Account Status Review,Medium,In Progress,2024-05-03,
SR00001246,EXC00000669,BILL00008309,ACCT000693,CUST000693,2024-05,Residential,FRESNO,Account Status Review,High,Closed,2024-06-03,2024-06-22
SR00001247,EXC00000219,BILL00003157,ACCT000264,CUST000264,2024-01,Residential,CONTRA COSTA,Account Status Review,Medium,Closed,2024-02-03,2024-02-21
SR00001248,EXC00005279,BILL00057933,ACCT004828,CUST004828,2024-09,Residential,PLACER,Missing Read Investigation,Low,Closed,2024-10-03,2024-10-13
SR00001249,EXC00004064,BILL00044898,ACCT003742,CUST003742,2024-06,Commercial,KERN,Missing Read Investigation,Medium,In Progress,2024-07-03,
SR00001250,EXC00005287,BILL00058166,ACCT004848,CUST004848,2024-02,Residential,SAN MATEO,Account Status Review,Low,In Progress,2024-03-03,
SR00001251,EXC00004010,BILL00044652,ACCT003721,CUST003721,2024-12,Residential,ALAMEDA,Missing Read Investigation,Low,Closed,2025-01-03,2025-02-01
SR00001252,EXC00003222,BILL00036173,ACCT003015,CUST003015,2024-05,Residential,FRESNO,Account Status Review,Low,Open,2024-06-03,
SR00001253,EXC00002603,BILL00028959,ACCT002414,CUST002414,2024-03,Residential,SAN JOAQUIN,Account Status Review,High,Closed,2024-04-03,2024-04-23
SR00001254,EXC00000778,BILL00009639,ACCT000804,CUST000804,2024-03,Residential,SAN JOAQUIN,Account Status Review,Low,Open,2024-04-03,
SR00001255,EXC00002342,BILL00026822,ACCT002236,CUST002236,2024-02,Residential,KERN,Account Status Review,Medium,In Progress,2024-03-03,
SR00001256,EXC00001019,BILL00012661,ACCT001056,CUST001056,2024-01,Residential,KERN,Missing Read Investigation,High,Open,2024-02-03,
SR00001257,EXC00005314,BILL00058664,ACCT004889,CUST004889,2024-08,Residential,SANTA CLARA,Account Status Review,High,Closed,2024-09-03,2024-09-12
SR00001258,EXC00002628,BILL00029161,ACCT002431,CUST002431,2024-01,Residential,ALAMEDA,Account Status Review,Low,Open,2024-02-03,
SR00001259,EXC00004927,BILL00053735,ACCT004478,CUST004478,2024-11,Residential,MONTEREY,Account Status Review,Medium,Closed,2024-12-03,2024-12-09
SR00001260,EXC00002678,BILL00029550,ACCT002463,CUST002463,2024-06,Residential,YOLO,Account Status Review,Medium,Closed,2024-07-03,2024-07-06
SR00001261,EXC00000518,BILL00006716,ACCT000560,CUST000560,2024-08,Residential,SANTA BARBARA,Account Status Review,Critical,Open,2024-09-03,
SR00001262,EXC00001551,BILL00018573,ACCT001548,CUST001548,2024-09,Residential,KERN,Account Status Review,Low,Closed,2024-10-03,2024-10-28
SR00001263,EXC00002005,BILL00023493,ACCT001958,CUST001958,2024-09,Residential,FRESNO,Account Status Review,Low,Closed,2024-10-03,2024-10-13
SR00001264,EXC00002243,BILL00025693,ACCT002142,CUST002142,2024-01,Residential,SANTA CLARA,Account Status Review,Medium,Closed,2024-02-03,2024-02-04
SR00001265,EXC00003996,BILL00044498,ACCT003709,CUST003709,2024-02,Residential,CONTRA COSTA,Account Status Review,Low,Open,2024-03-03,
SR00001266,EXC00001293,BILL00015761,ACCT001314,CUST001314,2024-05,Commercial,ALAMEDA,Account Status Review,Medium,Closed,2024-06-03,2024-06-11
SR00001267,EXC00004153,BILL00045819,ACCT003819,CUST003819,2024-03,Commercial,SAN FRANCISCO,Missing Read Investigation,Low,Cancelled,2024-04-03,2024-04-29
SR00001268,EXC00001627,BILL00019686,ACCT001641,CUST001641,2024-06,Residential,MADERA,Account Status Review,Low,Open,2024-07-03,
SR00001269,EXC00004442,BILL00048989,ACCT004083,CUST004083,2024-05,Residential,ALAMEDA,Account Status Review,Low,Closed,2024-06-03,2024-06-28
SR00001270,EXC00003409,BILL00037622,ACCT003136,CUST003136,2024-02,Residential,CONTRA COSTA,Account Status Review,Low,Closed,2024-03-03,2024-03-16
SR00001271,EXC00001053,BILL00013189,ACCT001100,CUST001100,2024-01,Residential,MONTEREY,Account Status Review,Medium,Closed,2024-02-03,2024-02-10
SR00001272,EXC00002647,BILL00029227,ACCT002436,CUST002436,2024-07,Residential,SONOMA,Account Status Review,Medium,Open,2024-08-03,
SR00001273,EXC00000760,BILL00009362,ACCT000781,CUST000781,2024-02,Residential,SANTA BARBARA,Account Status Review,Medium,Closed,2024-03-03,2024-03-11
SR00001274,EXC00003106,BILL00035483,ACCT002957,CUST002957,2024-11,Residential,FRESNO,Account Status Review,Medium,Open,2024-12-03,
SR00001275,EXC00004550,BILL00050392,ACCT004200,CUST004200,2024-04,Residential,SAN FRANCISCO,Meter Data Investigation,High,Closed,2024-05-03,2024-05-22
SR00001276,EXC00000215,BILL00002987,ACCT000249,CUST000249,2024-11,Agriculture And Water Pumping,KERN,Account Status Review,High,In Progress,2024-12-03,
SR00001277,EXC00001433,BILL00017074,ACCT001423,CUST001423,2024-10,Residential,CONTRA COSTA,Account Status Review,Medium,Closed,2024-11-03,2024-11-30
SR00001278,EXC00003185,BILL00036032,ACCT003003,CUST003003,2024-08,Residential,SANTA CLARA,Account Status Review,Low,Open,2024-09-03,
SR00001279,EXC00003168,BILL00036003,ACCT003001,CUST003001,2024-03,Residential,FRESNO,Account Status Review,Low,Closed,2024-04-03,2024-04-30
SR00001280,EXC00003298,BILL00036702,ACCT003059,CUST003059,2024-06,Residential,KERN,Missing Read Investigation,Medium,Closed,2024-07-03,2024-07-12
SR00001281,EXC00004522,BILL00049761,ACCT004147,CUST004147,2024-09,Residential,SAN MATEO,Missing Read Investigation,Medium,Closed,2024-10-03,2024-10-04
SR00001282,EXC00002522,BILL00028339,ACCT002362,CUST002362,2024-07,Residential,KERN,Missing Read Investigation,Medium,Open,2024-08-03,
SR00001283,EXC00000197,BILL00002945,ACCT000246,CUST000246,2024-05,Industrial,SAN FRANCISCO,Account Status Review,Medium,Cancelled,2024-06-03,2024-06-22
SR00001284,EXC00001393,BILL00016456,ACCT001372,CUST001372,2024-04,Residential,SAN MATEO,Missing Read Investigation,High,In Progress,2024-05-03,
SR00001285,EXC00003839,BILL00042941,ACCT003579,CUST003579,2024-05,Residential,SAN MATEO,Account Status Review,Medium,Closed,2024-06-03,2024-06-04
SR00001286,EXC00001612,BILL00019440,ACCT001620,CUST001620,2024-12,Residential,SOLANO,Missing Read Investigation,Low,Closed,2025-01-03,2025-01-04
SR00001287,EXC00001057,BILL00013193,ACCT001100,CUST001100,2024-05,Residential,MONTEREY,Account Status Review,Medium,Closed,2024-06-03,2024-06-09
SR00001288,EXC00002821,BILL00031115,ACCT002593,CUST002593,2024-11,Residential,SOLANO,Missing Read Investigation,Low,Open,2024-12-03,
SR00001289,EXC00000888,BILL00011060,ACCT000922,CUST000922,2024-08,Residential,KINGS,Missing Read Investigation,Medium,Open,2024-09-03,
SR00001290,EXC00003439,BILL00037755,ACCT003147,CUST003147,2024-03,Commercial,ALAMEDA,Account Status Review,Low,Closed,2024-04-03,2024-05-01
SR00001291,EXC00004553,BILL00050470,ACCT004206,CUST004206,2024-10,Residential,GLENN,Missing Read Investigation,Medium,Closed,2024-11-03,2024-11-04
SR00001292,EXC00002895,BILL00033233,ACCT002770,CUST002770,2024-05,Residential,FRESNO,Missing Read Investigation,Medium,Closed,2024-06-03,2024-06-13
SR00001293,EXC00000569,BILL00007169,ACCT000598,CUST000598,2024-05,Residential,FRESNO,Missing Read Investigation,Low,Closed,2024-06-03,2024-06-27
SR00001294,EXC00003520,BILL00038695,ACCT003225,CUST003225,2024-07,Residential,SAN MATEO,Meter Data Investigation,High,Closed,2024-08-03,2024-08-22
SR00001295,EXC00004881,BILL00053527,ACCT004461,CUST004461,2024-07,Residential,FRESNO,Account Status Review,Medium,Closed,2024-08-03,2024-08-16
SR00001296,EXC00001335,BILL00015898,ACCT001325,CUST001325,2024-10,"Transportation, Communications, & Utilities",SANTA CLARA,Account Status Review,High,In Progress,2024-11-03,
SR00001297,EXC00000140,BILL00001857,ACCT000155,CUST000155,2024-09,"Transportation, Communications, & Utilities",FRESNO,Missing Read Investigation,Medium,In Progress,2024-10-03,
SR00001298,EXC00004131,BILL00045565,ACCT003798,CUST003798,2024-01,Residential,KERN,Missing Read Investigation,High,Open,2024-02-03,
SR00001299,EXC00001150,BILL00014128,ACCT001178,CUST001178,2024-04,Residential,SANTA CLARA,Account Status Review,Medium,Closed,2024-05-03,2024-05-20
SR00001300,EXC00002630,BILL00029163,ACCT002431,CUST002431,2024-03,Residential,ALAMEDA,Account Status Review,Medium,Closed,2024-04-03,2024-04-17
SR00001301,EXC00002058,BILL00023935,ACCT001995,CUST001995,2024-07,Residential,MENDOCINO,Account Status Review,Low,Closed,2024-08-03,2024-08-29
SR00001302,EXC00003633,BILL00039953,ACCT003330,CUST003330,2024-05,Residential,KERN,Account Status Review,Low,Closed,2024-06-03,2024-07-02
SR00001303,EXC00000464,BILL00005728,ACCT000478,CUST000478,2024-04,Residential,FRESNO,Meter Data Investigation,Medium,Closed,2024-05-03,2024-05-10
SR00001304,EXC00002719,BILL00030085,ACCT002508,CUST002508,2024-01,Residential,ALAMEDA,Account Status Review,Medium,Closed,2024-02-03,2024-02-06
SR00001305,EXC00003544,BILL00038876,ACCT003240,CUST003240,2024-08,Residential,SANTA CLARA,Account Status Review,Medium,Closed,2024-09-03,2024-09-13
SR00001306,EXC00004504,BILL00049421,ACCT004119,CUST004119,2024-05,Residential,AMADOR,Account Status Review,Low,Open,2024-06-03,
SR00001307,EXC00000595,BILL00007557,ACCT000630,CUST000630,2024-09,Residential,SANTA CLARA,Missing Read Investigation,Medium,Closed,2024-10-03,2024-10-31
SR00001308,EXC00002532,BILL00028658,ACCT002389,CUST002389,2024-02,Residential,ALAMEDA,Account Status Review,Medium,Closed,2024-03-03,2024-03-24
SR00001309,EXC00000451,BILL00005549,ACCT000463,CUST000463,2024-05,Residential,CONTRA COSTA,Account Status Review,Low,Closed,2024-06-03,2024-06-29
SR00001310,EXC00003957,BILL00044250,ACCT003688,CUST003688,2024-06,Residential,SANTA CLARA,Account Status Review,Low,In Progress,2024-07-03,
SR00001311,EXC00003559,BILL00039185,ACCT003266,CUST003266,2024-05,Residential,CONTRA COSTA,Account Status Review,High,Open,2024-06-03,
SR00001312,EXC00003246,BILL00036268,ACCT003023,CUST003023,2024-04,Residential,SAN JOAQUIN,Account Status Review,Low,Closed,2024-05-03,2024-05-16
SR00001313,EXC00004884,BILL00053530,ACCT004461,CUST004461,2024-10,Residential,FRESNO,Account Status Review,Low,Open,2024-11-03,
SR00001314,EXC00004668,BILL00051896,ACCT004325,CUST004325,2024-08,Commercial,SANTA CLARA,Account Status Review,Medium,Open,2024-09-03,
SR00001315,EXC00001587,BILL00019230,ACCT001603,CUST001603,2024-06,Residential,SAN MATEO,Account Status Review,Medium,Closed,2024-07-03,2024-07-12
SR00001316,EXC00004987,BILL00054754,ACCT004563,CUST004563,2024-10,Commercial,FRESNO,Missing Read Investigation,High,Closed,2024-11-03,2024-11-28
SR00001317,EXC00001175,BILL00014245,ACCT001188,CUST001188,2024-01,Residential,ALAMEDA,Meter Data Investigation,High,Open,2024-02-03,
SR00001318,EXC00001891,BILL00022258,ACCT001855,CUST001855,2024-10,Commercial,CONTRA COSTA,Meter Data Investigation,Low,Open,2024-11-03,
SR00001319,EXC00000452,BILL00005550,ACCT000463,CUST000463,2024-06,Residential,CONTRA COSTA,Account Status Review,Medium,Closed,2024-07-03,2024-07-27
SR00001320,EXC00004551,BILL00050394,ACCT004200,CUST004200,2024-06,Residential,SAN FRANCISCO,Missing Read Investigation,Medium,Closed,2024-07-03,2024-07-30
SR00001321,EXC00003483,BILL00038274,ACCT003190,CUST003190,2024-06,Residential,SAN MATEO,Account Status Review,Low,In Progress,2024-07-03,
SR00001322,EXC00003410,BILL00037623,ACCT003136,CUST003136,2024-03,Residential,CONTRA COSTA,Account Status Review,High,Open,2024-04-03,
SR00001323,EXC00005399,BILL00059795,ACCT004983,CUST004983,2024-11,Residential,ALAMEDA,Account Status Review,Medium,Closed,2024-12-03,2024-12-10
SR00001324,EXC00002348,BILL00026828,ACCT002236,CUST002236,2024-08,Residential,KERN,Account Status Review,Medium,Closed,2024-09-03,2024-09-22
SR00001325,EXC00001264,BILL00015441,ACCT001287,CUST001287,2024-09,Residential,MONTEREY,Account Status Review,Medium,Open,2024-10-03,
SR00001326,EXC00005058,BILL00055103,ACCT004592,CUST004592,2024-11,Residential,SANTA CLARA,Account Status Review,Critical,Cancelled,2024-12-03,2024-12-17
SR00001327,EXC00001000,BILL00012430,ACCT001036,CUST001036,2024-10,Residential,ALAMEDA,Account Status Review,Medium,In Progress,2024-11-03,
SR00001328,EXC00002418,BILL00027507,ACCT002293,CUST002293,2024-03,Residential,SANTA CLARA,Account Status Review,Low,Closed,2024-04-03,2024-04-26
SR00001329,EXC00002465,BILL00027831,ACCT002320,CUST002320,2024-03,Residential,NAPA,Account Status Review,High,Cancelled,2024-04-03,2024-04-14
SR00001330,EXC00000193,BILL00002941,ACCT000246,CUST000246,2024-01,Industrial,SAN FRANCISCO,Account Status Review,Low,In Progress,2024-02-03,
SR00001331,EXC00004232,BILL00046609,ACCT003885,CUST003885,2024-01,Commercial,SAN JOAQUIN,Meter Data Investigation,High,Open,2024-02-03,
SR00001332,EXC00004869,BILL00053443,ACCT004454,CUST004454,2024-07,Commercial,SANTA CLARA,Account Status Review,Medium,Closed,2024-08-03,2024-08-25
SR00001333,EXC00004518,BILL00049672,ACCT004140,CUST004140,2024-04,Residential,EL DORADO,Missing Read Investigation,Low,Closed,2024-05-03,2024-05-11
SR00001334,EXC00001545,BILL00018567,ACCT001548,CUST001548,2024-03,Residential,KERN,Account Status Review,High,Closed,2024-04-03,2024-04-05
SR00001335,EXC00004655,BILL00051737,ACCT004312,CUST004312,2024-05,Industrial,SAN MATEO,Meter Data Investigation,High,Closed,2024-06-03,2024-06-19
SR00001336,EXC00004785,BILL00052426,ACCT004369,CUST004369,2024-10,Residential,MERCED,Account Status Review,Medium,Closed,2024-11-03,2024-11-20
SR00001337,EXC00002477,BILL00027854,ACCT002322,CUST002322,2024-02,Residential,PLACER,Account Status Review,Medium,Open,2024-03-03,
SR00001338,EXC00002978,BILL00034164,ACCT002847,CUST002847,2024-12,Residential,SAN JOAQUIN,Account Status Review,High,In Progress,2025-01-03,
SR00001339,EXC00002306,BILL00026552,ACCT002213,CUST002213,2024-08,Residential,ALAMEDA,Account Status Review,Low,Cancelled,2024-09-03,2024-09-14
SR00001340,EXC00004741,BILL00052278,ACCT004357,CUST004357,2024-06,Residential,SAN JOAQUIN,Account Status Review,Low,Closed,2024-07-03,2024-07-16
SR00001341,EXC00001294,BILL00015762,ACCT001314,CUST001314,2024-06,Commercial,ALAMEDA,Account Status Review,High,In Progress,2024-07-03,
SR00001342,EXC00004051,BILL00044786,ACCT003733,CUST003733,2024-02,Residential,ALAMEDA,Account Status Review,Medium,Closed,2024-03-03,2024-03-19
SR00001343,EXC00004721,BILL00052133,ACCT004345,CUST004345,2024-05,Residential,CONTRA COSTA,Account Status Review,High,In Progress,2024-06-03,
SR00001344,EXC00003805,BILL00042329,ACCT003528,CUST003528,2024-05,Residential,MERCED,Missing Read Investigation,Low,Closed,2024-06-03,2024-06-12
SR00001345,EXC00003095,BILL00035455,ACCT002955,CUST002955,2024-07,Commercial,SONOMA,Missing Read Investigation,Medium,In Progress,2024-08-03,
SR00001346,EXC00003465,BILL00038252,ACCT003188,CUST003188,2024-08,Residential,AMADOR,Meter Data Investigation,Low,Closed,2024-09-03,2024-09-20
SR00001347,EXC00000369,BILL00004651,ACCT000388,CUST000388,2024-07,Residential,KINGS,Account Status Review,High,Cancelled,2024-08-03,2024-08-25
SR00001348,EXC00004577,BILL00050662,ACCT004222,CUST004222,2024-10,Residential,NEVADA,Account Status Review,Low,Closed,2024-11-03,2024-12-02
SR00001349,EXC00002099,BILL00024281,ACCT002024,CUST002024,2024-05,Residential,MERCED,Account Status Review,Critical,Cancelled,2024-06-03,2024-06-04
SR00001350,EXC00003602,BILL00039506,ACCT003293,CUST003293,2024-02,Residential,CONTRA COSTA,Missing Read Investigation,Low,Open,2024-03-03,
SR00001351,EXC00004588,BILL00050825,ACCT004236,CUST004236,2024-05,Residential,SAN MATEO,Account Status Review,High,Open,2024-06-03,
SR00001352,EXC00005386,BILL00059663,ACCT004972,CUST004972,2024-11,Commercial,HUMBOLDT,Meter Data Investigation,Low,Closed,2024-12-03,2024-12-29
SR00001353,EXC00000192,BILL00002900,ACCT000242,CUST000242,2024-08,Agriculture And Water Pumping,KERN,Missing Read Investigation,Low,Closed,2024-09-03,2024-09-07
SR00001354,EXC00001962,BILL00023081,ACCT001924,CUST001924,2024-05,Residential,SAN FRANCISCO,Account Status Review,Medium,Closed,2024-06-03,2024-07-02
SR00001355,EXC00000109,BILL00001230,ACCT000103,CUST000103,2024-06,Residential,SAN FRANCISCO,Account Status Review,High,Cancelled,2024-07-03,2024-07-25
SR00001356,EXC00001746,BILL00020885,ACCT001741,CUST001741,2024-05,Commercial,SANTA CLARA,Meter Data Investigation,Medium,Open,2024-06-03,
SR00001357,EXC00002761,BILL00030319,ACCT002527,CUST002527,2024-07,Residential,SAN FRANCISCO,Missing Read Investigation,Medium,Closed,2024-08-03,2024-08-24
SR00001358,EXC00004806,BILL00052998,ACCT004417,CUST004417,2024-06,Residential,SAN LUIS OBISPO,Meter Data Investigation,Medium,Closed,2024-07-03,2024-07-24
SR00001359,EXC00001581,BILL00019181,ACCT001599,CUST001599,2024-05,Residential,YOLO,Missing Read Investigation,Low,Closed,2024-06-03,2024-06-11
SR00001360,EXC00004714,BILL00052126,ACCT004344,CUST004344,2024-10,Commercial,MADERA,Account Status Review,Low,Closed,2024-11-03,2024-11-26
SR00001361,EXC00002322,BILL00026568,ACCT002214,CUST002214,2024-12,Agriculture And Water Pumping,KERN,Account Status Review,Critical,Closed,2025-01-03,2025-01-19
SR00001362,EXC00002716,BILL00030070,ACCT002506,CUST002506,2024-10,Residential,NAPA,Account Status Review,Low,Closed,2024-11-03,2024-11-24
SR00001363,EXC00004258,BILL00047176,ACCT003932,CUST003932,2024-04,Residential,SANTA CLARA,Meter Data Investigation,Medium,Closed,2024-05-03,2024-05-31
SR00001364,EXC00004081,BILL00045007,ACCT003751,CUST003751,2024-07,Commercial,EL DORADO,Missing Read Investigation,Medium,Closed,2024-08-03,2024-08-04
SR00001365,EXC00000477,BILL00006354,ACCT000530,CUST000530,2024-06,Commercial,ALAMEDA,Missing Read Investigation,High,Open,2024-07-03,
SR00001366,EXC00004984,BILL00054459,ACCT004539,CUST004539,2024-03,Residential,CONTRA COSTA,Meter Data Investigation,High,Open,2024-04-03,
SR00001367,EXC00003972,BILL00044355,ACCT003697,CUST003697,2024-03,Agriculture And Water Pumping,KINGS,Account Status Review,Medium,Closed,2024-04-03,2024-04-30
SR00001368,EXC00000313,BILL00003898,ACCT000325,CUST000325,2024-10,Agriculture And Water Pumping,CONTRA COSTA,Missing Read Investigation,High,Closed,2024-11-03,2024-11-06
SR00001369,EXC00000509,BILL00006652,ACCT000555,CUST000555,2024-04,Commercial,SAN JOAQUIN,Missing Read Investigation,Low,In Progress,2024-05-03,
SR00001370,EXC00000167,BILL00002530,ACCT000211,CUST000211,2024-10,Residential,NAPA,Account Status Review,Medium,In Progress,2024-11-03,
SR00001371,EXC00003406,BILL00037508,ACCT003126,CUST003126,2024-08,Residential,CONTRA COSTA,Missing Read Investigation,Low,Open,2024-09-03,
SR00001372,EXC00005008,BILL00054853,ACCT004572,CUST004572,2024-01,Residential,SANTA CLARA,Account Status Review,Medium,In Progress,2024-02-03,
SR00001373,EXC00001025,BILL00012879,ACCT001074,CUST001074,2024-03,Residential,KERN,Missing Read Investigation,High,In Progress,2024-04-03,
SR00001374,EXC00001222,BILL00015062,ACCT001256,CUST001256,2024-02,Residential,SAN FRANCISCO,Account Status Review,Medium,Open,2024-03-03,
SR00001375,EXC00001913,BILL00022642,ACCT001887,CUST001887,2024-10,Residential,SANTA CLARA,Missing Read Investigation,Medium,Closed,2024-11-03,2024-11-10
SR00001376,EXC00001871,BILL00022136,ACCT001845,CUST001845,2024-08,Industrial,CALAVERAS,Account Status Review,High,Open,2024-09-03,
SR00001377,EXC00004866,BILL00053440,ACCT004454,CUST004454,2024-04,Commercial,SANTA CLARA,Account Status Review,Critical,Open,2024-05-03,
SR00001378,EXC00001908,BILL00022452,ACCT001871,CUST001871,2024-12,Commercial,KERN,Account Status Review,Medium,Closed,2025-01-03,2025-01-07
SR00001379,EXC00004169,BILL00045889,ACCT003825,CUST003825,2024-01,Residential,MONTEREY,Meter Data Investigation,Medium,Closed,2024-02-03,2024-02-24
SR00001380,EXC00001653,BILL00019882,ACCT001657,CUST001657,2024-10,Residential,ALAMEDA,Account Status Review,Medium,In Progress,2024-11-03,
SR00001381,EXC00002228,BILL00025488,ACCT002124,CUST002124,2024-12,Residential,MONTEREY,Account Status Review,High,Cancelled,2025-01-03,2025-01-11
SR00001382,EXC00002236,BILL00025532,ACCT002128,CUST002128,2024-08,Residential,ALAMEDA,Account Status Review,Medium,In Progress,2024-09-03,
SR00001383,EXC00004828,BILL00053049,ACCT004421,CUST004421,2024-09,Residential,YOLO,Account Status Review,Medium,In Progress,2024-10-03,
SR00001384,EXC00005362,BILL00059396,ACCT004950,CUST004950,2024-08,Commercial,KERN,Meter Data Investigation,Medium,Open,2024-09-03,
SR00001385,EXC00001659,BILL00019888,ACCT001658,CUST001658,2024-04,Residential,ALAMEDA,Account Status Review,Critical,Closed,2024-05-03,2024-05-12
SR00001386,EXC00002496,BILL00027980,ACCT002332,CUST002332,2024-08,Residential,BUTTE,Account Status Review,Medium,Open,2024-09-03,
SR00001387,EXC00003474,BILL00038265,ACCT003189,CUST003189,2024-09,Commercial,PLACER,Account Status Review,Medium,Open,2024-10-03,
SR00001388,EXC00000153,BILL00002328,ACCT000194,CUST000194,2024-12,Residential,MENDOCINO,Missing Read Investigation,Medium,Open,2025-01-03,
SR00001389,EXC00002576,BILL00028876,ACCT002407,CUST002407,2024-04,Residential,FRESNO,Meter Data Investigation,Medium,Open,2024-05-03,
SR00001390,EXC00002952,BILL00033810,ACCT002818,CUST002818,2024-06,Residential,SUTTER,Account Status Review,Critical,Open,2024-07-03,
SR00001391,EXC00005066,BILL00055169,ACCT004598,CUST004598,2024-05,Residential,SAN MATEO,Account Status Review,High,Closed,2024-06-03,2024-06-26
SR00001392,EXC00003651,BILL00040222,ACCT003352,CUST003352,2024-10,Residential,CONTRA COSTA,Missing Read Investigation,Low,Closed,2024-11-03,2024-11-14
SR00001393,EXC00001965,BILL00023084,ACCT001924,CUST001924,2024-08,Residential,SAN FRANCISCO,Account Status Review,Medium,Closed,2024-09-03,2024-09-19
SR00001394,EXC00004964,BILL00054264,ACCT004522,CUST004522,2024-12,Residential,EL DORADO,Account Status Review,High,In Progress,2025-01-03,
SR00001395,EXC00004154,BILL00045865,ACCT003823,CUST003823,2024-01,Commercial,SANTA CLARA,Account Status Review,Medium,In Progress,2024-02-03,
SR00001396,EXC00003337,BILL00036954,ACCT003080,CUST003080,2024-06,Industrial,KERN,Account Status Review,Low,In Progress,2024-07-03,
SR00001397,EXC00003679,BILL00040532,ACCT003378,CUST003378,2024-08,Residential,SANTA CLARA,Account Status Review,High,Closed,2024-09-03,2024-09-07
SR00001398,EXC00005207,BILL00057212,ACCT004768,CUST004768,2024-08,Residential,MADERA,Account Status Review,Low,Open,2024-09-03,
SR00001399,EXC00004044,BILL00044721,ACCT003727,CUST003727,2024-09,Residential,KERN,Account Status Review,Critical,Closed,2024-10-03,2024-10-30
SR00001400,EXC00002173,BILL00024888,ACCT002074,CUST002074,2024-12,Commercial,GLENN,Account Status Review,Medium,Closed,2025-01-03,2025-01-30
SR00001401,EXC00000032,BILL00000417,ACCT000035,CUST000035,2024-09,Agriculture And Water Pumping,SANTA CLARA,Missing Read Investigation,Medium,In Progress,2024-10-03,
SR00001402,EXC00001226,BILL00015066,ACCT001256,CUST001256,2024-06,Residential,SAN FRANCISCO,Account Status Review,Medium,Closed,2024-07-03,2024-07-13
SR00001403,EXC00000938,BILL00012015,ACCT001002,CUST001002,2024-03,Residential,SANTA CLARA,Missing Read Investigation,Low,Closed,2024-04-03,2024-04-10
SR00001404,EXC00001607,BILL00019366,ACCT001614,CUST001614,2024-10,Residential,CONTRA COSTA,Account Status Review,Medium,Closed,2024-11-03,2024-11-08
SR00001405,EXC00000753,BILL00009175,ACCT000765,CUST000765,2024-07,Residential,MONTEREY,Meter Data Investigation,Low,Closed,2024-08-03,2024-08-04
SR00001406,EXC00001935,BILL00022984,ACCT001916,CUST001916,2024-04,Residential,SANTA CLARA,Account Status Review,Medium,Closed,2024-05-03,2024-06-01
SR00001407,EXC00000310,BILL00003875,ACCT000323,CUST000323,2024-11,Residential,KERN,Account Status Review,Critical,Open,2024-12-03,
SR00001408,EXC00004440,BILL00048987,ACCT004083,CUST004083,2024-03,Residential,ALAMEDA,Account Status Review,Low,Closed,2024-04-03,2024-04-27
SR00001409,EXC00003011,BILL00034495,ACCT002875,CUST002875,2024-07,Residential,PLACER,Account Status Review,Low,Closed,2024-08-03,2024-08-07
SR00001410,EXC00004238,BILL00046778,ACCT003899,CUST003899,2024-02,Residential,GLENN,Account Status Review,Medium,Open,2024-03-03,
SR00001411,EXC00002458,BILL00027717,ACCT002310,CUST002310,2024-09,Residential,CONTRA COSTA,Missing Read Investigation,Medium,Open,2024-10-03,
SR00001412,EXC00002146,BILL00024732,ACCT002061,CUST002061,2024-12,Residential,SUTTER,Account Status Review,Medium,Closed,2025-01-03,2025-01-22
SR00001413,EXC00000496,BILL00006556,ACCT000547,CUST000547,2024-04,Residential,SANTA CLARA,Account Status Review,Medium,Closed,2024-05-03,2024-05-27
SR00001414,EXC00001406,BILL00016664,ACCT001389,CUST001389,2024-08,Agriculture And Water Pumping,ALAMEDA,Account Status Review,Medium,Open,2024-09-03,
SR00001415,EXC00003548,BILL00038880,ACCT003240,CUST003240,2024-12,Residential,SANTA CLARA,Account Status Review,High,Closed,2025-01-03,2025-01-17
SR00001416,EXC00000206,BILL00002978,ACCT000249,CUST000249,2024-02,Agriculture And Water Pumping,KERN,Account Status Review,Medium,In Progress,2024-03-03,
SR00001417,EXC00001136,BILL00014091,ACCT001175,CUST001175,2024-03,Residential,KERN,Account Status Review,Medium,Closed,2024-04-03,2024-04-12
SR00001418,EXC00003110,BILL00035511,ACCT002960,CUST002960,2024-03,Commercial,CONTRA COSTA,Account Status Review,Low,Cancelled,2024-04-03,2024-04-23
SR00001419,EXC00003922,BILL00044089,ACCT003675,CUST003675,2024-01,Residential,CONTRA COSTA,Account Status Review,Medium,Closed,2024-02-03,2024-02-21
SR00001420,EXC00000702,BILL00008446,ACCT000704,CUST000704,2024-10,Residential,ALAMEDA,Account Status Review,Critical,Open,2024-11-03,
SR00001421,EXC00000306,BILL00003871,ACCT000323,CUST000323,2024-07,Residential,KERN,Account Status Review,Low,Closed,2024-08-03,2024-08-27
SR00001422,EXC00004748,BILL00052321,ACCT004361,CUST004361,2024-01,Residential,PLACER,Account Status Review,Medium,Open,2024-02-03,
SR00001423,EXC00001193,BILL00014580,ACCT001215,CUST001215,2024-12,Residential,MERCED,Missing Read Investigation,High,Closed,2025-01-03,2025-01-26
SR00001424,EXC00004265,BILL00047203,ACCT003934,CUST003934,2024-07,Residential,FRESNO,Account Status Review,Medium,Closed,2024-08-03,2024-08-19
SR00001425,EXC00003870,BILL00043177,ACCT003599,CUST003599,2024-01,Residential,PLACER,Missing Read Investigation,Medium,Open,2024-02-03,
SR00001426,EXC00001062,BILL00013198,ACCT001100,CUST001100,2024-10,Residential,MONTEREY,Account Status Review,High,Closed,2024-11-03,2024-11-10
SR00001427,EXC00000844,BILL00010324,ACCT000861,CUST000861,2024-04,Residential,KERN,Account Status Review,Medium,Open,2024-05-03,
SR00001428,EXC00004120,BILL00045554,ACCT003797,CUST003797,2024-02,Residential,SANTA CLARA,Account Status Review,Medium,Closed,2024-03-03,2024-03-10
SR00001429,EXC00002779,BILL00030512,ACCT002543,CUST002543,2024-08,Commercial,NEVADA,Account Status Review,Low,Cancelled,2024-09-03,2024-09-19
SR00001430,EXC00000212,BILL00002984,ACCT000249,CUST000249,2024-08,Agriculture And Water Pumping,KERN,Account Status Review,Medium,Closed,2024-09-03,2024-09-18
SR00001431,EXC00001341,BILL00016041,ACCT001337,CUST001337,2024-09,Residential,SANTA CLARA,Missing Read Investigation,Low,Closed,2024-10-03,2024-10-24
SR00001432,EXC00001109,BILL00013875,ACCT001157,CUST001157,2024-03,Residential,SOLANO,Account Status Review,Medium,Closed,2024-04-03,2024-04-28
SR00001433,EXC00004216,BILL00046387,ACCT003866,CUST003866,2024-07,Residential,FRESNO,Missing Read Investigation,Medium,Closed,2024-08-03,2024-08-30
SR00001434,EXC00000680,BILL00008350,ACCT000696,CUST000696,2024-10,Residential,ALAMEDA,Meter Data Investigation,Medium,Closed,2024-11-03,2024-11-05
SR00001435,EXC00002224,BILL00025484,ACCT002124,CUST002124,2024-08,Residential,MONTEREY,Account Status Review,Medium,Open,2024-09-03,
SR00001436,EXC00003413,BILL00037626,ACCT003136,CUST003136,2024-06,Residential,CONTRA COSTA,Account Status Review,Medium,Closed,2024-07-03,2024-07-07
SR00001437,EXC00000566,BILL00007051,ACCT000588,CUST000588,2024-07,Residential,KERN,Meter Data Investigation,Low,Open,2024-08-03,
SR00001438,EXC00001489,BILL00017854,ACCT001488,CUST001488,2024-10,Residential,KERN,Missing Read Investigation,Critical,In Progress,2024-11-03,
SR00001439,EXC00004142,BILL00045632,ACCT003803,CUST003803,2024-08,Commercial,KERN,Account Status Review,Low,Closed,2024-09-03,2024-09-05
SR00001440,EXC00000681,BILL00008353,ACCT000697,CUST000697,2024-01,Residential,KERN,Account Status Review,Medium,Closed,2024-02-03,2024-02-08
SR00001441,EXC00000181,BILL00002673,ACCT000223,CUST000223,2024-09,Residential,SANTA CLARA,Account Status Review,Low,Open,2024-10-03,
SR00001442,EXC00003934,BILL00044145,ACCT003679,CUST003679,2024-09,Commercial,PLACER,Meter Data Investigation,High,Closed,2024-10-03,2024-10-16
SR00001443,EXC00005103,BILL00055709,ACCT004643,CUST004643,2024-05,Commercial,ALAMEDA,Missing Read Investigation,Low,Closed,2024-06-03,2024-06-29
SR00001444,EXC00004804,BILL00052944,ACCT004412,CUST004412,2024-12,Residential,FRESNO,Missing Read Investigation,Medium,In Progress,2025-01-03,
SR00001445,EXC00004616,BILL00051088,ACCT004258,CUST004258,2024-04,Residential,SANTA CLARA,Account Status Review,High,Cancelled,2024-05-03,2024-05-18
SR00001446,EXC00000279,BILL00003726,ACCT000311,CUST000311,2024-06,Residential,SAN MATEO,Account Status Review,Low,Closed,2024-07-03,2024-07-13
SR00001447,EXC00005028,BILL00054921,ACCT004577,CUST004577,2024-09,Residential,FRESNO,Account Status Review,Medium,Closed,2024-10-03,2024-10-27
SR00001448,EXC00003201,BILL00036081,ACCT003007,CUST003007,2024-09,Commercial,MADERA,Account Status Review,High,Closed,2024-10-03,2024-11-01
SR00001449,EXC00001205,BILL00014732,ACCT001228,CUST001228,2024-08,Residential,SHASTA,Account Status Review,High,Closed,2024-09-03,2024-09-21
SR00001450,EXC00004979,BILL00054381,ACCT004532,CUST004532,2024-09,Residential,TUOLUMNE,Account Status Review,Low,Closed,2024-10-03,2024-10-20
SR00001451,EXC00000433,BILL00005413,ACCT000452,CUST000452,2024-01,Residential,ALAMEDA,Account Status Review,Medium,Closed,2024-02-03,2024-03-02
SR00001452,EXC00000290,BILL00003749,ACCT000313,CUST000313,2024-05,Residential,YOLO,Account Status Review,High,Closed,2024-06-03,2024-06-25
SR00001453,EXC00001028,BILL00012962,ACCT001081,CUST001081,2024-02,Residential,KERN,Account Status Review,Low,Closed,2024-03-03,2024-03-16
SR00001454,EXC00000536,BILL00006796,ACCT000567,CUST000567,2024-04,Residential,FRESNO,Missing Read Investigation,Medium,Closed,2024-05-03,2024-05-08
SR00001455,EXC00004007,BILL00044542,ACCT003712,CUST003712,2024-10,Residential,ALAMEDA,Meter Data Investigation,Medium,Closed,2024-11-03,2024-11-18
SR00001456,EXC00001188,BILL00014397,ACCT001200,CUST001200,2024-09,Residential,CONTRA COSTA,Account Status Review,High,Open,2024-10-03,
SR00001457,EXC00000189,BILL00002835,ACCT000237,CUST000237,2024-03,Residential,FRESNO,Missing Read Investigation,Medium,Closed,2024-04-03,2024-04-29
SR00001458,EXC00002534,BILL00028660,ACCT002389,CUST002389,2024-04,Residential,ALAMEDA,Account Status Review,Critical,Closed,2024-05-03,2024-05-17
SR00001459,EXC00005250,BILL00057628,ACCT004803,CUST004803,2024-04,Commercial,SANTA CLARA,Account Status Review,Low,Cancelled,2024-05-03,2024-05-22
SR00001460,EXC00004708,BILL00052120,ACCT004344,CUST004344,2024-04,Commercial,MADERA,Account Status Review,Low,Open,2024-05-03,
SR00001461,EXC00005201,BILL00057206,ACCT004768,CUST004768,2024-02,Residential,MADERA,Account Status Review,Low,Closed,2024-03-03,2024-03-24
SR00001462,EXC00000707,BILL00008486,ACCT000708,CUST000708,2024-02,Commercial,SANTA CLARA,Meter Data Investigation,Low,In Progress,2024-03-03,
SR00001463,EXC00005313,BILL00058663,ACCT004889,CUST004889,2024-07,Residential,SANTA CLARA,Account Status Review,Low,Closed,2024-08-03,2024-08-16
SR00001464,EXC00000271,BILL00003646,ACCT000304,CUST000304,2024-10,Residential,SONOMA,Account Status Review,High,Closed,2024-11-03,2024-11-21
SR00001465,EXC00003434,BILL00037715,ACCT003143,CUST003143,2024-11,Residential,SANTA BARBARA,Meter Data Investigation,Critical,Cancelled,2024-12-03,2024-12-25
SR00001466,EXC00004418,BILL00048744,ACCT004062,CUST004062,2024-12,Residential,BUTTE,Account Status Review,Medium,Closed,2025-01-03,2025-01-27
SR00001467,EXC00002514,BILL00028038,ACCT002337,CUST002337,2024-06,Residential,CONTRA COSTA,Missing Read Investigation,High,Closed,2024-07-03,2024-07-30
SR00001468,EXC00004667,BILL00051895,ACCT004325,CUST004325,2024-07,Commercial,SANTA CLARA,Account Status Review,Medium,Closed,2024-08-03,2024-08-27
SR00001469,EXC00000112,BILL00001233,ACCT000103,CUST000103,2024-09,Residential,SAN FRANCISCO,Account Status Review,Medium,Closed,2024-10-03,2024-10-25
SR00001470,EXC00001171,BILL00014229,ACCT001186,CUST001186,2024-09,Industrial,SAN JOAQUIN,Account Status Review,Medium,Open,2024-10-03,
SR00001471,EXC00001392,BILL00016449,ACCT001371,CUST001371,2024-09,Agriculture And Water Pumping,FRESNO,Missing Read Investigation,Medium,Closed,2024-10-03,2024-10-09
SR00001472,EXC00005143,BILL00056275,ACCT004690,CUST004690,2024-07,"Transportation, Communications, & Utilities",SAN JOAQUIN,Meter Data Investigation,Low,Closed,2024-08-03,2024-08-27
SR00001473,EXC00000221,BILL00003159,ACCT000264,CUST000264,2024-03,Residential,CONTRA COSTA,Account Status Review,High,Open,2024-04-03,
SR00001474,EXC00004538,BILL00050246,ACCT004188,CUST004188,2024-02,Residential,CONTRA COSTA,Account Status Review,Critical,Open,2024-03-03,
SR00001475,EXC00000628,BILL00007778,ACCT000649,CUST000649,2024-02,Residential,SANTA CRUZ,Account Status Review,Low,Closed,2024-03-03,2024-03-18
SR00001476,EXC00004679,BILL00052021,ACCT004336,CUST004336,2024-01,Residential,SANTA CLARA,Account Status Review,Low,Closed,2024-02-03,2024-02-11
SR00001477,EXC00003451,BILL00037910,ACCT003160,CUST003160,2024-02,Residential,MERCED,Meter Data Investigation,Critical,Cancelled,2024-03-03,2024-03-19
SR00001478,EXC00004263,BILL00047201,ACCT003934,CUST003934,2024-05,Residential,FRESNO,Account Status Review,Low,Closed,2024-06-03,2024-06-20
SR00001479,EXC00003086,BILL00035200,ACCT002934,CUST002934,2024-04,Residential,SAN MATEO,Missing Read Investigation,Medium,In Progress,2024-05-03,
SR00001480,EXC00000791,BILL00009652,ACCT000805,CUST000805,2024-04,Residential,MARIN,Account Status Review,Critical,In Progress,2024-05-03,
SR00001481,EXC00003379,BILL00037300,ACCT003109,CUST003109,2024-04,Residential,SOLANO,Account Status Review,Low,Closed,2024-05-03,2024-05-07
SR00001482,EXC00000462,BILL00005709,ACCT000476,CUST000476,2024-09,Mining,KERN,Meter Data Investigation,High,Closed,2024-10-03,2024-10-31
SR00001483,EXC00004761,BILL00052343,ACCT004362,CUST004362,2024-11,Residential,SAN JOAQUIN,Missing Read Investigation,Medium,Open,2024-12-03,
SR00001484,EXC00000552,BILL00006973,ACCT000582,CUST000582,2024-01,"Transportation, Communications, & Utilities",SAN MATEO,Account Status Review,Medium,Open,2024-02-03,
SR00001485,EXC00004488,BILL00049176,ACCT004098,CUST004098,2024-12,Residential,SANTA CLARA,Account Status Review,Medium,Closed,2025-01-03,2025-01-16
SR00001486,EXC00005195,BILL00057000,ACCT004750,CUST004750,2024-12,Commercial,TUOLUMNE,Account Status Review,Medium,In Progress,2025-01-03,
SR00001487,EXC00002664,BILL00029373,ACCT002448,CUST002448,2024-09,Residential,ALAMEDA,Account Status Review,Low,In Progress,2024-10-03,
SR00001488,EXC00000199,BILL00002947,ACCT000246,CUST000246,2024-07,Industrial,SAN FRANCISCO,Account Status Review,Low,Open,2024-08-03,
SR00001489,EXC00003014,BILL00034498,ACCT002875,CUST002875,2024-10,Residential,PLACER,Account Status Review,High,Closed,2024-11-03,2024-11-07
SR00001490,EXC00004145,BILL00045635,ACCT003803,CUST003803,2024-11,Commercial,KERN,Account Status Review,Low,In Progress,2024-12-03,
SR00001491,EXC00000403,BILL00005243,ACCT000437,CUST000437,2024-11,Residential,SANTA CLARA,Meter Data Investigation,Medium,Closed,2024-12-03,2024-12-15
SR00001492,EXC00003571,BILL00039221,ACCT003269,CUST003269,2024-05,Residential,EL DORADO,Account Status Review,Low,In Progress,2024-06-03,
SR00001493,EXC00002489,BILL00027973,ACCT002332,CUST002332,2024-01,Residential,BUTTE,Account Status Review,Low,In Progress,2024-02-03,
SR00001494,EXC00005147,BILL00056402,ACCT004701,CUST004701,2024-02,Residential,MERCED,Account Status Review,Low,Open,2024-03-03,
SR00001495,EXC00003647,BILL00040069,ACCT003340,CUST003340,2024-01,Residential,MERCED,Missing Read Investigation,Medium,In Progress,2024-02-03,
SR00001496,EXC00002145,BILL00024731,ACCT002061,CUST002061,2024-11,Residential,SUTTER,Account Status Review,Low,Closed,2024-12-03,2024-12-15
SR00001497,EXC00004825,BILL00053046,ACCT004421,CUST004421,2024-06,Residential,YOLO,Account Status Review,Medium,Closed,2024-07-03,2024-07-28
SR00001498,EXC00000651,BILL00008176,ACCT000682,CUST000682,2024-04,Residential,KERN,Account Status Review,Medium,Open,2024-05-03,
SR00001499,EXC00004332,BILL00047810,ACCT003985,CUST003985,2024-02,Commercial,CONTRA COSTA,Account Status Review,Low,Closed,2024-03-03,2024-03-31
SR00001500,EXC00000709,BILL00008518,ACCT000710,CUST000710,2024-10,Residential,SONOMA,Meter Data Investigation,Low,Closed,2024-11-03,2024-11-14
SR00001501,EXC00003909,BILL00043870,ACCT003656,CUST003656,2024-10,Residential,KERN,Account Status Review,Medium,Closed,2024-11-03,2024-11-10
SR00001502,EXC00004774,BILL00052403,ACCT004367,CUST004367,2024-11,Residential,PLACER,Account Status Review,Medium,In Progress,2024-12-03,
SR00001503,EXC00001927,BILL00022823,ACCT001902,CUST001902,2024-11,Residential,SANTA CLARA,Account Status Review,High,Closed,2024-12-03,2024-12-21
SR00001504,EXC00004141,BILL00045631,ACCT003803,CUST003803,2024-07,Commercial,KERN,Account Status Review,Medium,In Progress,2024-08-03,
SR00001505,EXC00001425,BILL00017066,ACCT001423,CUST001423,2024-02,Residential,CONTRA COSTA,Account Status Review,High,Closed,2024-03-03,2024-03-27
SR00001506,EXC00001217,BILL00014995,ACCT001250,CUST001250,2024-07,Residential,SANTA CLARA,Meter Data Investigation,High,Open,2024-08-03,
SR00001507,EXC00004919,BILL00053727,ACCT004478,CUST004478,2024-03,Residential,MONTEREY,Account Status Review,Medium,Open,2024-04-03,
SR00001508,EXC00002485,BILL00027862,ACCT002322,CUST002322,2024-10,Residential,PLACER,Account Status Review,Low,Closed,2024-11-03,2024-11-20
SR00001509,EXC00000315,BILL00003953,ACCT000330,CUST000330,2024-05,Residential,KERN,Meter Data Investigation,Medium,Closed,2024-06-03,2024-06-27
SR00001510,EXC00005126,BILL00056114,ACCT004677,CUST004677,2024-02,Residential,NAPA,Missing Read Investigation,High,Closed,2024-03-03,2024-03-06
SR00001511,EXC00001428,BILL00017069,ACCT001423,CUST001423,2024-05,Residential,CONTRA COSTA,Account Status Review,Medium,Cancelled,2024-06-03,2024-06-08
SR00001512,EXC00001984,BILL00023403,ACCT001951,CUST001951,2024-03,Residential,MADERA,Account Status Review,Medium,In Progress,2024-04-03,
SR00001513,EXC00004837,BILL00053164,ACCT004431,CUST004431,2024-04,Residential,SAN JOAQUIN,Account Status Review,Medium,Closed,2024-05-03,2024-05-15
SR00001514,EXC00000114,BILL00001235,ACCT000103,CUST000103,2024-11,Residential,SAN FRANCISCO,Account Status Review,Low,Closed,2024-12-03,2024-12-17
SR00001515,EXC00000961,BILL00012149,ACCT001013,CUST001013,2024-05,Industrial,HUMBOLDT,Account Status Review,Low,Closed,2024-06-03,2024-06-28
SR00001516,EXC00003394,BILL00037417,ACCT003119,CUST003119,2024-01,Residential,SANTA CLARA,Account Status Review,Low,In Progress,2024-02-03,
SR00001517,EXC00003489,BILL00038280,ACCT003190,CUST003190,2024-12,Residential,SAN MATEO,Account Status Review,Critical,In Progress,2025-01-03,
SR00001518,EXC00001115,BILL00013881,ACCT001157,CUST001157,2024-09,Residential,SOLANO,Account Status Review,High,Cancelled,2024-10-03,2024-10-12
SR00001519,EXC00003879,BILL00043529,ACCT003628,CUST003628,2024-05,Commercial,MONTEREY,Missing Read Investigation,Medium,Closed,2024-06-03,2024-06-18
SR00001520,EXC00005403,BILL00059906,ACCT004993,CUST004993,2024-02,Residential,KERN,Missing Read Investigation,Low,Closed,2024-03-03,2024-03-28
SR00001521,EXC00002078,BILL00024119,ACCT002010,CUST002010,2024-11,Residential,SANTA CLARA,Account Status Review,Medium,In Progress,2024-12-03,
SR00001522,EXC00003733,BILL00041222,ACCT003436,CUST003436,2024-02,Residential,ALAMEDA,Account Status Review,High,Closed,2024-03-03,2024-03-04
SR00001523,EXC00001596,BILL00019256,ACCT001605,CUST001605,2024-08,Residential,PLACER,Missing Read Investigation,Medium,In Progress,2024-09-03,
SR00001524,EXC00003990,BILL00044408,ACCT003701,CUST003701,2024-08,Residential,MENDOCINO,Account Status Review,Low,Closed,2024-09-03,2024-09-05
SR00001525,EXC00005114,BILL00055914,ACCT004660,CUST004660,2024-06,Residential,SAN JOAQUIN,Account Status Review,Medium,Open,2024-07-03,
SR00001526,EXC00003089,BILL00035313,ACCT002943,CUST002943,2024-09,Residential,SONOMA,Meter Data Investigation,Low,In Progress,2024-10-03,
SR00001527,EXC00002233,BILL00025529,ACCT002128,CUST002128,2024-05,Residential,ALAMEDA,Account Status Review,High,Closed,2024-06-03,2024-06-09
SR00001528,EXC00002659,BILL00029368,ACCT002448,CUST002448,2024-04,Residential,ALAMEDA,Account Status Review,Low,Cancelled,2024-05-03,2024-05-15
SR00001529,EXC00003167,BILL00036002,ACCT003001,CUST003001,2024-02,Residential,FRESNO,Account Status Review,Low,Open,2024-03-03,
SR00001530,EXC00000327,BILL00004204,ACCT000351,CUST000351,2024-04,Residential,SOLANO,Meter Data Investigation,Medium,In Progress,2024-05-03,
SR00001531,EXC00000605,BILL00007628,ACCT000636,CUST000636,2024-08,Residential,CONTRA COSTA,Account Status Review,Medium,Closed,2024-09-03,2024-09-25
SR00001532,EXC00004528,BILL00049957,ACCT004164,CUST004164,2024-01,Residential,SAN MATEO,Missing Read Investigation,Medium,Closed,2024-02-03,2024-02-19
SR00001533,EXC00003526,BILL00038858,ACCT003239,CUST003239,2024-02,Residential,COLUSA,Account Status Review,High,Closed,2024-03-03,2024-03-22
SR00001534,EXC00002132,BILL00024596,ACCT002050,CUST002050,2024-08,Residential,KERN,Missing Read Investigation,Medium,Closed,2024-09-03,2024-09-27
SR00001535,EXC00003861,BILL00043044,ACCT003587,CUST003587,2024-12,Residential,MONTEREY,Account Status Review,Low,Closed,2025-01-03,2025-01-05
SR00001536,EXC00005155,BILL00056410,ACCT004701,CUST004701,2024-10,Residential,MERCED,Account Status Review,Low,Closed,2024-11-03,2024-11-18
SR00001537,EXC00002993,BILL00034340,ACCT002862,CUST002862,2024-08,Residential,SANTA CLARA,Account Status Review,High,In Progress,2024-09-03,
SR00001538,EXC00005128,BILL00056183,ACCT004682,CUST004682,2024-11,Residential,CONTRA COSTA,Missing Read Investigation,Medium,In Progress,2024-12-03,
SR00001539,EXC00002035,BILL00023877,ACCT001990,CUST001990,2024-09,Residential,CONTRA COSTA,Account Status Review,Medium,Open,2024-10-03,
SR00001540,EXC00004863,BILL00053437,ACCT004454,CUST004454,2024-01,Commercial,SANTA CLARA,Account Status Review,Medium,In Progress,2024-02-03,
SR00001541,EXC00003335,BILL00036952,ACCT003080,CUST003080,2024-04,Industrial,KERN,Account Status Review,Low,Closed,2024-05-03,2024-05-24
SR00001542,EXC00002814,BILL00031063,ACCT002589,CUST002589,2024-07,Residential,PLACER,Account Status Review,Low,In Progress,2024-08-03,
SR00001543,EXC00003725,BILL00041089,ACCT003425,CUST003425,2024-01,Commercial,SANTA CLARA,Meter Data Investigation,High,Open,2024-02-03,
SR00001544,EXC00003882,BILL00043550,ACCT003630,CUST003630,2024-02,Residential,FRESNO,Account Status Review,Medium,Closed,2024-03-03,2024-03-17
SR00001545,EXC00001946,BILL00023006,ACCT001918,CUST001918,2024-02,Residential,CALAVERAS,Account Status Review,Critical,Closed,2024-03-03,2024-03-24
SR00001546,EXC00002887,BILL00033005,ACCT002751,CUST002751,2024-05,Residential,SANTA CLARA,Missing Read Investigation,Low,Open,2024-06-03,
SR00001547,EXC00002528,BILL00028573,ACCT002382,CUST002382,2024-01,Commercial,SANTA CLARA,Missing Read Investigation,Medium,Closed,2024-02-03,2024-02-13
SR00001548,EXC00000790,BILL00009651,ACCT000805,CUST000805,2024-03,Residential,MARIN,Account Status Review,Critical,Closed,2024-04-03,2024-04-15
SR00001549,EXC00002648,BILL00029228,ACCT002436,CUST002436,2024-08,Residential,SONOMA,Account Status Review,Medium,Closed,2024-09-03,2024-09-21
SR00001550,EXC00003471,BILL00038262,ACCT003189,CUST003189,2024-06,Commercial,PLACER,Account Status Review,High,Closed,2024-07-03,2024-07-13
SR00001551,EXC00002064,BILL00023947,ACCT001996,CUST001996,2024-07,Residential,SAN FRANCISCO,Meter Data Investigation,Low,Open,2024-08-03,
SR00001552,EXC00000872,BILL00010517,ACCT000877,CUST000877,2024-05,Residential,MONTEREY,Missing Read Investigation,High,In Progress,2024-06-03,
SR00001553,EXC00000170,BILL00002546,ACCT000213,CUST000213,2024-02,Residential,ALAMEDA,Missing Read Investigation,Critical,Open,2024-03-03,
SR00001554,EXC00003312,BILL00036768,ACCT003064,CUST003064,2024-12,Residential,SANTA CLARA,Account Status Review,Medium,Open,2025-01-03,
SR00001555,EXC00004425,BILL00048799,ACCT004067,CUST004067,2024-07,Residential,ALAMEDA,Account Status Review,Critical,Cancelled,2024-08-03,2024-08-07
SR00001556,EXC00001757,BILL00020926,ACCT001744,CUST001744,2024-10,Residential,BUTTE,Account Status Review,Medium,Open,2024-11-03,
SR00001557,EXC00005054,BILL00055099,ACCT004592,CUST004592,2024-07,Residential,SANTA CLARA,Account Status Review,Medium,Cancelled,2024-08-03,2024-09-01
SR00001558,EXC00000074,BILL00000952,ACCT000080,CUST000080,2024-04,Residential,KERN,Account Status Review,High,Open,2024-05-03,
SR00001559,EXC00000421,BILL00005390,ACCT000450,CUST000450,2024-02,Residential,SANTA CLARA,Account Status Review,Low,In Progress,2024-03-03,
SR00001560,EXC00001893,BILL00022316,ACCT001860,CUST001860,2024-08,Residential,SANTA BARBARA,Missing Read Investigation,Medium,Closed,2024-09-03,2024-10-02
SR00001561,EXC00002878,BILL00032660,ACCT002722,CUST002722,2024-08,Residential,MENDOCINO,Missing Read Investigation,Medium,Closed,2024-09-03,2024-09-20
SR00001562,EXC00004605,BILL00050997,ACCT004250,CUST004250,2024-09,Agriculture And Water Pumping,ALAMEDA,Account Status Review,High,Closed,2024-10-03,2024-10-09
SR00001563,EXC00000093,BILL00001202,ACCT000101,CUST000101,2024-02,Residential,KERN,Account Status Review,High,Closed,2024-03-03,2024-03-29
SR00001564,EXC00004941,BILL00054219,ACCT004519,CUST004519,2024-03,Residential,PLACER,Account Status Review,Medium,Closed,2024-04-03,2024-04-08
SR00001565,EXC00004273,BILL00047401,ACCT003951,CUST003951,2024-01,Residential,ALAMEDA,Account Status Review,Medium,Closed,2024-02-03,2024-02-28
SR00001566,EXC00002620,BILL00029047,ACCT002421,CUST002421,2024-07,Residential,SANTA CLARA,Account Status Review,Low,Open,2024-08-03,
SR00001567,EXC00005097,BILL00055569,ACCT004631,CUST004631,2024-09,Residential,SANTA CLARA,Missing Read Investigation,Critical,Open,2024-10-03,
SR00001568,EXC00002188,BILL00025176,ACCT002098,CUST002098,2024-12,Residential,CONTRA COSTA,Meter Data Investigation,Low,Open,2025-01-03,
SR00001569,EXC00003280,BILL00036585,ACCT003049,CUST003049,2024-09,Residential,MONTEREY,Account Status Review,Medium,Closed,2024-10-03,2024-10-22
SR00001570,EXC00000495,BILL00006555,ACCT000547,CUST000547,2024-03,Residential,SANTA CLARA,Account Status Review,Medium,Closed,2024-04-03,2024-04-09
SR00001571,EXC00001376,BILL00016348,ACCT001363,CUST001363,2024-04,Residential,ALAMEDA,Meter Data Investigation,Medium,Open,2024-05-03,
SR00001572,EXC00003659,BILL00040291,ACCT003358,CUST003358,2024-07,Residential,PLACER,Account Status Review,Medium,Open,2024-08-03,
SR00001573,EXC00002553,BILL00028702,ACCT002392,CUST002392,2024-10,Residential,CONTRA COSTA,Account Status Review,Low,Closed,2024-11-03,2024-11-22
SR00001574,EXC00002390,BILL00027131,ACCT002261,CUST002261,2024-11,Residential,ALAMEDA,Account Status Review,Medium,Open,2024-12-03,
SR00001575,EXC00001165,BILL00014223,ACCT001186,CUST001186,2024-03,Industrial,SAN JOAQUIN,Account Status Review,Critical,Closed,2024-04-03,2024-04-11
SR00001576,EXC00001648,BILL00019877,ACCT001657,CUST001657,2024-05,Residential,ALAMEDA,Account Status Review,Medium,Open,2024-06-03,
SR00001577,EXC00001271,BILL00015566,ACCT001298,CUST001298,2024-02,Residential,SANTA CLARA,Meter Data Investigation,Medium,Closed,2024-03-03,2024-03-07
SR00001578,EXC00003607,BILL00039555,ACCT003297,CUST003297,2024-03,Residential,EL DORADO,Account Status Review,Low,Closed,2024-04-03,2024-04-05
SR00001579,EXC00002225,BILL00025485,ACCT002124,CUST002124,2024-09,Residential,MONTEREY,Account Status Review,Low,Cancelled,2024-10-03,2024-10-16
SR00001580,EXC00002645,BILL00029225,ACCT002436,CUST002436,2024-05,Residential,SONOMA,Account Status Review,Low,Closed,2024-06-03,2024-06-18
SR00001581,EXC00004088,BILL00045161,ACCT003764,CUST003764,2024-05,Residential,SONOMA,Account Status Review,High,Open,2024-06-03,
SR00001582,EXC00000619,BILL00007725,ACCT000644,CUST000644,2024-09,Residential,SAN MATEO,Account Status Review,Medium,Closed,2024-10-03,2024-10-12
SR00001583,EXC00005270,BILL00057719,ACCT004810,CUST004810,2024-11,Commercial,PLACER,Account Status Review,High,Closed,2024-12-03,2024-12-07
SR00001584,EXC00002143,BILL00024729,ACCT002061,CUST002061,2024-09,Residential,SUTTER,Account Status Review,High,Closed,2024-10-03,2024-10-20
SR00001585,EXC00000125,BILL00001565,ACCT000131,CUST000131,2024-05,Residential,SAN FRANCISCO,Account Status Review,High,Closed,2024-06-03,2024-06-23
SR00001586,EXC00004963,BILL00054263,ACCT004522,CUST004522,2024-11,Residential,EL DORADO,Account Status Review,Low,Closed,2024-12-03,2024-12-24
SR00001587,EXC00002102,BILL00024284,ACCT002024,CUST002024,2024-08,Residential,MERCED,Account Status Review,Medium,Closed,2024-09-03,2024-09-28
SR00001588,EXC00001616,BILL00019532,ACCT001628,CUST001628,2024-08,Residential,FRESNO,Missing Read Investigation,Low,In Progress,2024-09-03,
SR00001589,EXC00002030,BILL00023872,ACCT001990,CUST001990,2024-04,Residential,CONTRA COSTA,Account Status Review,High,In Progress,2024-05-03,
SR00001590,EXC00002708,BILL00030062,ACCT002506,CUST002506,2024-02,Residential,NAPA,Account Status Review,Low,Open,2024-03-03,
SR00001591,EXC00002526,BILL00028552,ACCT002380,CUST002380,2024-04,Commercial,SANTA CLARA,Meter Data Investigation,Critical,Open,2024-05-03,
SR00001592,EXC00003985,BILL00044403,ACCT003701,CUST003701,2024-03,Residential,MENDOCINO,Account Status Review,Low,In Progress,2024-04-03,
SR00001593,EXC00000870,BILL00010505,ACCT000876,CUST000876,2024-05,Residential,ALAMEDA,Missing Read Investigation,Medium,Open,2024-06-03,
SR00001594,EXC00003166,BILL00036001,ACCT003001,CUST003001,2024-01,Residential,FRESNO,Account Status Review,High,Open,2024-02-03,
SR00001595,EXC00001043,BILL00013084,ACCT001091,CUST001091,2024-04,Industrial,KERN,Account Status Review,Medium,Closed,2024-05-03,2024-05-10
SR00001596,EXC00004375,BILL00048223,ACCT004019,CUST004019,2024-07,Residential,CONTRA COSTA,Account Status Review,Low,Closed,2024-08-03,2024-08-09
SR00001597,EXC00000357,BILL00004497,ACCT000375,CUST000375,2024-09,Residential,KERN,Account Status Review,Low,In Progress,2024-10-03,
SR00001598,EXC00001163,BILL00014221,ACCT001186,CUST001186,2024-01,Industrial,SAN JOAQUIN,Account Status Review,Medium,Closed,2024-02-03,2024-02-22
SR00001599,EXC00003706,BILL00040943,ACCT003412,CUST003412,2024-11,Residential,HUMBOLDT,Missing Read Investigation,Medium,Closed,2024-12-03,2024-12-30
SR00001600,EXC00004201,BILL00046225,ACCT003853,CUST003853,2024-01,Residential,CONTRA COSTA,Account Status Review,Medium,In Progress,2024-02-03,
SR00001601,EXC00005232,BILL00057514,ACCT004793,CUST004793,2024-10,Residential,CONTRA COSTA,Meter Data Investigation,High,Open,2024-11-03,
SR00001602,EXC00002330,BILL00026775,ACCT002232,CUST002232,2024-03,Residential,KERN,Account Status Review,Medium,Open,2024-04-03,
SR00001603,EXC00005356,BILL00059348,ACCT004946,CUST004946,2024-08,Industrial,ALAMEDA,Account Status Review,Critical,Closed,2024-09-03,2024-09-05
SR00001604,EXC00005003,BILL00054825,ACCT004569,CUST004569,2024-09,Residential,KERN,Missing Read Investigation,Low,Open,2024-10-03,
SR00001605,EXC00002246,BILL00025696,ACCT002142,CUST002142,2024-04,Residential,SANTA CLARA,Account Status Review,Low,Open,2024-05-03,
SR00001606,EXC00000580,BILL00007482,ACCT000624,CUST000624,2024-06,Residential,MADERA,Meter Data Investigation,Low,Open,2024-07-03,
SR00001607,EXC00004818,BILL00053027,ACCT004419,CUST004419,2024-11,Residential,PLACER,Account Status Review,Medium,Closed,2024-12-03,2024-12-13
SR00001608,EXC00004426,BILL00048800,ACCT004067,CUST004067,2024-08,Residential,ALAMEDA,Account Status Review,Critical,In Progress,2024-09-03,
SR00001609,EXC00002003,BILL00023491,ACCT001958,CUST001958,2024-07,Residential,FRESNO,Account Status Review,Medium,Closed,2024-08-03,2024-08-25
SR00001610,EXC00005255,BILL00057633,ACCT004803,CUST004803,2024-09,Commercial,SANTA CLARA,Account Status Review,High,Closed,2024-10-03,2024-11-01
SR00001611,EXC00004431,BILL00048806,ACCT004068,CUST004068,2024-02,"Transportation, Communications, & Utilities",KERN,Meter Data Investigation,High,Closed,2024-03-03,2024-03-21
SR00001612,EXC00003321,BILL00036891,ACCT003075,CUST003075,2024-03,Residential,SAN JOAQUIN,Account Status Review,High,Closed,2024-04-03,2024-04-16
SR00001613,EXC00000333,BILL00004345,ACCT000363,CUST000363,2024-01,Residential,SAN FRANCISCO,Account Status Review,High,In Progress,2024-02-03,
SR00001614,EXC00003874,BILL00043308,ACCT003609,CUST003609,2024-12,Industrial,SANTA BARBARA,Meter Data Investigation,Medium,Closed,2025-01-03,2025-01-10
SR00001615,EXC00003986,BILL00044404,ACCT003701,CUST003701,2024-04,Residential,MENDOCINO,Account Status Review,High,In Progress,2024-05-03,
SR00001616,EXC00004703,BILL00052056,ACCT004338,CUST004338,2024-12,Commercial,HUMBOLDT,Account Status Review,Low,Open,2025-01-03,
SR00001617,EXC00001259,BILL00015436,ACCT001287,CUST001287,2024-04,Residential,MONTEREY,Account Status Review,Medium,Closed,2024-05-03,2024-05-19
SR00001618,EXC00004191,BILL00046039,ACCT003837,CUST003837,2024-07,Industrial,KERN,Account Status Review,High,Cancelled,2024-08-03,2024-08-04
SR00001619,EXC00001452,BILL00017278,ACCT001440,CUST001440,2024-10,Residential,PLACER,Missing Read Investigation,Low,In Progress,2024-11-03,
SR00001620,EXC00002264,BILL00026001,ACCT002167,CUST002167,2024-09,Residential,BUTTE,Meter Data Investigation,Medium,Closed,2024-10-03,2024-10-29
SR00001621,EXC00001117,BILL00013883,ACCT001157,CUST001157,2024-11,Residential,SOLANO,Account Status Review,Medium,Open,2024-12-03,
SR00001622,EXC00001542,BILL00018458,ACCT001539,CUST001539,2024-02,Residential,KERN,Missing Read Investigation,Medium,In Progress,2024-03-03,
SR00001623,EXC00002255,BILL00025731,ACCT002145,CUST002145,2024-03,Residential,TUOLUMNE,Missing Read Investigation,Low,Closed,2024-04-03,2024-04-21
SR00001624,EXC00004654,BILL00051719,ACCT004310,CUST004310,2024-11,Residential,SAN MATEO,Meter Data Investigation,Medium,Closed,2024-12-03,2024-12-06
SR00001625,EXC00003911,BILL00043872,ACCT003656,CUST003656,2024-12,Residential,KERN,Account Status Review,Critical,Closed,2025-01-03,2025-01-09
SR00001626,EXC00002877,BILL00032555,ACCT002713,CUST002713,2024-11,Residential,ALAMEDA,Meter Data Investigation,Medium,Open,2024-12-03,
SR00001627,EXC00003814,BILL00042666,ACCT003556,CUST003556,2024-06,Residential,FRESNO,Meter Data Investigation,High,Cancelled,2024-07-03,2024-07-14
SR00001628,EXC00002926,BILL00033537,ACCT002795,CUST002795,2024-09,Residential,SOLANO,Missing Read Investigation,Medium,Closed,2024-10-03,2024-10-05
SR00001629,EXC00003151,BILL00035898,ACCT002992,CUST002992,2024-06,Commercial,SANTA CLARA,Missing Read Investigation,Low,Open,2024-07-03,
SR00001630,EXC00000446,BILL00005494,ACCT000458,CUST000458,2024-10,Residential,KERN,Missing Read Investigation,Low,Open,2024-11-03,
SR00001631,EXC00004530,BILL00050063,ACCT004172,CUST004172,2024-11,"Transportation, Communications, & Utilities",BUTTE,Missing Read Investigation,Medium,Open,2024-12-03,
SR00001632,EXC00003035,BILL00034711,ACCT002893,CUST002893,2024-07,Residential,SAN JOAQUIN,Missing Read Investigation,High,Closed,2024-08-03,2024-08-12
SR00001633,EXC00002597,BILL00028917,ACCT002410,CUST002410,2024-09,Residential,SAN LUIS OBISPO,Account Status Review,Critical,Cancelled,2024-10-03,2024-10-31
SR00001634,EXC00001414,BILL00016747,ACCT001396,CUST001396,2024-07,Commercial,ALAMEDA,Missing Read Investigation,Medium,Cancelled,2024-08-03,2024-08-15
SR00001635,EXC00000453,BILL00005551,ACCT000463,CUST000463,2024-07,Residential,CONTRA COSTA,Account Status Review,Medium,Open,2024-08-03,
SR00001636,EXC00004783,BILL00052424,ACCT004369,CUST004369,2024-08,Residential,MERCED,Account Status Review,High,Closed,2024-09-03,2024-09-13
SR00001637,EXC00004024,BILL00044701,ACCT003726,CUST003726,2024-01,Industrial,SOLANO,Account Status Review,Medium,In Progress,2024-02-03,
SR00001638,EXC00004795,BILL00052590,ACCT004383,CUST004383,2024-06,Residential,SAN FRANCISCO,Missing Read Investigation,Critical,Closed,2024-07-03,2024-07-14
SR00001639,EXC00005309,BILL00058659,ACCT004889,CUST004889,2024-03,Residential,SANTA CLARA,Account Status Review,Medium,Cancelled,2024-04-03,2024-04-24
SR00001640,EXC00005122,BILL00056047,ACCT004671,CUST004671,2024-07,Residential,KERN,Missing Read Investigation,Medium,Closed,2024-08-03,2024-08-28
SR00001641,EXC00000015,BILL00000238,ACCT000020,CUST000020,2024-10,Residential,BUTTE,Missing Read Investigation,Low,Closed,2024-11-03,2024-11-06
SR00001642,EXC00003649,BILL00040158,ACCT003347,CUST003347,2024-06,Residential,SAN JOAQUIN,Missing Read Investigation,Medium,Closed,2024-07-03,2024-07-31
SR00001643,EXC00000946,BILL00012065,ACCT001006,CUST001006,2024-05,Residential,KINGS,Account Status Review,Medium,Closed,2024-06-03,2024-06-27
SR00001644,EXC00002464,BILL00027830,ACCT002320,CUST002320,2024-02,Residential,NAPA,Account Status Review,High,Closed,2024-03-03,2024-03-20
SR00001645,EXC00000248,BILL00003541,ACCT000296,CUST000296,2024-01,Residential,SANTA CLARA,Account Status Review,Medium,Closed,2024-02-03,2024-02-15
SR00001646,EXC00003762,BILL00041525,ACCT003461,CUST003461,2024-05,Residential,KINGS,Account Status Review,High,Open,2024-06-03,
SR00001647,EXC00000361,BILL00004599,ACCT000384,CUST000384,2024-03,Commercial,CONTRA COSTA,Missing Read Investigation,Medium,Closed,2024-04-03,2024-04-06
SR00001648,EXC00002686,BILL00029610,ACCT002468,CUST002468,2024-06,Residential,SANTA BARBARA,Missing Read Investigation,Medium,In Progress,2024-07-03,
SR00001649,EXC00005029,BILL00054922,ACCT004577,CUST004577,2024-10,Residential,FRESNO,Account Status Review,Low,Closed,2024-11-03,2024-11-23
SR00001650,EXC00003663,BILL00040295,ACCT003358,CUST003358,2024-11,Residential,PLACER,Account Status Review,Low,Closed,2024-12-03,2024-12-25
SR00001651,EXC00004223,BILL00046554,ACCT003880,CUST003880,2024-06,Residential,SANTA CLARA,Account Status Review,Medium,Open,2024-07-03,
SR00001652,EXC00002689,BILL00029702,ACCT002476,CUST002476,2024-02,Commercial,KERN,Missing Read Investigation,Low,Closed,2024-03-03,2024-03-12
SR00001653,EXC00003604,BILL00039526,ACCT003294,CUST003294,2024-10,Residential,SANTA CLARA,Missing Read Investigation,Low,Open,2024-11-03,
SR00001654,EXC00004971,BILL00054373,ACCT004532,CUST004532,2024-01,Residential,TUOLUMNE,Account Status Review,High,Closed,2024-02-03,2024-03-01
SR00001655,EXC00004689,BILL00052031,ACCT004336,CUST004336,2024-11,Residential,SANTA CLARA,Account Status Review,High,Open,2024-12-03,
SR00001656,EXC00001593,BILL00019236,ACCT001603,CUST001603,2024-12,Residential,SAN MATEO,Account Status Review,Critical,Closed,2025-01-03,2025-01-19
SR00001657,EXC00003892,BILL00043560,ACCT003630,CUST003630,2024-12,Residential,FRESNO,Account Status Review,Low,Open,2025-01-03,
SR00001658,EXC00004076,BILL00044962,ACCT003747,CUST003747,2024-10,Residential,SANTA CLARA,Account Status Review,Medium,Closed,2024-11-03,2024-11-22
SR00001659,EXC00001778,BILL00021298,ACCT001775,CUST001775,2024-10,Residential,KERN,Account Status Review,Critical,Open,2024-11-03,
SR00001660,EXC00005276,BILL00057839,ACCT004820,CUST004820,2024-11,Residential,SAN MATEO,Missing Read Investigation,Low,In Progress,2024-12-03,
SR00001661,EXC00004472,BILL00049125,ACCT004094,CUST004094,2024-09,Industrial,FRESNO,Account Status Review,Medium,Closed,2024-10-03,2024-10-18
SR00001662,EXC00000491,BILL00006534,ACCT000545,CUST000545,2024-06,Residential,SANTA CRUZ,Missing Read Investigation,High,In Progress,2024-07-03,
SR00001663,EXC00004005,BILL00044507,ACCT003709,CUST003709,2024-11,Residential,CONTRA COSTA,Account Status Review,Low,Closed,2024-12-03,2024-12-22
SR00001664,EXC00000863,BILL00010390,ACCT000866,CUST000866,2024-10,Residential,KERN,Account Status Review,Medium,Open,2024-11-03,
SR00001665,EXC00001007,BILL00012649,ACCT001055,CUST001055,2024-01,Streetlighting,SAN JOAQUIN,Account Status Review,High,Closed,2024-02-03,2024-02-12
SR00001666,EXC00004048,BILL00044744,ACCT003729,CUST003729,2024-08,Residential,SAN MATEO,Missing Read Investigation,Low,Closed,2024-09-03,2024-09-08
SR00001667,EXC00001384,BILL00016410,ACCT001368,CUST001368,2024-06,Commercial,SANTA CLARA,Account Status Review,Medium,Open,2024-07-03,
SR00001668,EXC00002385,BILL00027126,ACCT002261,CUST002261,2024-06,Residential,ALAMEDA,Account Status Review,Medium,Closed,2024-07-03,2024-07-30
SR00001669,EXC00004487,BILL00049175,ACCT004098,CUST004098,2024-11,Residential,SANTA CLARA,Account Status Review,Low,Open,2024-12-03,
SR00001670,EXC00002570,BILL00028855,ACCT002405,CUST002405,2024-07,Residential,SAN MATEO,Account Status Review,Medium,Open,2024-08-03,
SR00001671,EXC00001363,BILL00016161,ACCT001347,CUST001347,2024-09,Residential,ALAMEDA,Account Status Review,High,Closed,2024-10-03,2024-10-04
SR00001672,EXC00003740,BILL00041229,ACCT003436,CUST003436,2024-09,Residential,ALAMEDA,Account Status Review,Medium,In Progress,2024-10-03,
SR00001673,EXC00000507,BILL00006618,ACCT000552,CUST000552,2024-06,Commercial,KERN,Meter Data Investigation,Low,Closed,2024-07-03,2024-07-11
SR00001674,EXC00001418,BILL00016884,ACCT001407,CUST001407,2024-12,Commercial,ALAMEDA,Meter Data Investigation,Low,Open,2025-01-03,
SR00001675,EXC00004242,BILL00046782,ACCT003899,CUST003899,2024-06,Residential,GLENN,Account Status Review,Medium,Closed,2024-07-03,2024-07-11
SR00001676,EXC00000026,BILL00000379,ACCT000032,CUST000032,2024-07,Residential,PLACER,Account Status Review,Medium,In Progress,2024-08-03,
SR00001677,EXC00001920,BILL00022816,ACCT001902,CUST001902,2024-04,Residential,SANTA CLARA,Account Status Review,High,Closed,2024-05-03,2024-05-21
SR00001678,EXC00002318,BILL00026564,ACCT002214,CUST002214,2024-08,Agriculture And Water Pumping,KERN,Account Status Review,Low,Closed,2024-09-03,2024-09-08
SR00001679,EXC00001223,BILL00015063,ACCT001256,CUST001256,2024-03,Residential,SAN FRANCISCO,Account Status Review,Medium,Closed,2024-04-03,2024-04-04
SR00001680,EXC00002407,BILL00027380,ACCT002282,CUST002282,2024-08,Residential,CONTRA COSTA,Account Status Review,Low,Closed,2024-09-03,2024-09-05
SR00001681,EXC00001114,BILL00013880,ACCT001157,CUST001157,2024-08,Residential,SOLANO,Account Status Review,Low,Closed,2024-09-03,2024-09-19
SR00001682,EXC00002510,BILL00028005,ACCT002334,CUST002334,2024-09,Residential,PLACER,Account Status Review,High,Closed,2024-10-03,2024-10-25
SR00001683,EXC00001553,BILL00018575,ACCT001548,CUST001548,2024-11,Residential,KERN,Account Status Review,High,Open,2024-12-03,
SR00001684,EXC00004630,BILL00051195,ACCT004267,CUST004267,2024-03,Residential,ALAMEDA,Account Status Review,Low,Closed,2024-04-03,2024-04-17
SR00001685,EXC00004040,BILL00044717,ACCT003727,CUST003727,2024-05,Residential,KERN,Account Status Review,Low,Closed,2024-06-03,2024-06-07
SR00001686,EXC00002288,BILL00026314,ACCT002193,CUST002193,2024-10,Residential,KERN,Account Status Review,Medium,Closed,2024-11-03,2024-11-21
SR00001687,EXC00005048,BILL00055093,ACCT004592,CUST004592,2024-01,Residential,SANTA CLARA,Account Status Review,Medium,Closed,2024-02-03,2024-02-10
SR00001688,EXC00004367,BILL00048203,ACCT004017,CUST004017,2024-11,Commercial,SANTA CLARA,Account Status Review,High,Closed,2024-12-03,2024-12-27
SR00001689,EXC00000434,BILL00005414,ACCT000452,CUST000452,2024-02,Residential,ALAMEDA,Account Status Review,Low,Closed,2024-03-03,2024-03-30
SR00001690,EXC00002406,BILL00027379,ACCT002282,CUST002282,2024-07,Residential,CONTRA COSTA,Account Status Review,Medium,Closed,2024-08-03,2024-08-29
SR00001691,EXC00003687,BILL00040686,ACCT003391,CUST003391,2024-06,Residential,SAN LUIS OBISPO,Missing Read Investigation,High,In Progress,2024-07-03,
SR00001692,EXC00003665,BILL00040312,ACCT003360,CUST003360,2024-04,Residential,SANTA CLARA,Meter Data Investigation,Medium,Closed,2024-05-03,2024-05-24
SR00001693,EXC00004871,BILL00053445,ACCT004454,CUST004454,2024-09,Commercial,SANTA CLARA,Account Status Review,Medium,Closed,2024-10-03,2024-10-17
SR00001694,EXC00004354,BILL00048120,ACCT004010,CUST004010,2024-12,Residential,SAN FRANCISCO,Account Status Review,Medium,Open,2025-01-03,
SR00001695,EXC00002269,BILL00026081,ACCT002174,CUST002174,2024-05,Commercial,SOLANO,Account Status Review,Critical,Closed,2024-06-03,2024-06-23
SR00001696,EXC00005039,BILL00055036,ACCT004587,CUST004587,2024-04,Residential,SANTA CLARA,Account Status Review,Medium,In Progress,2024-05-03,
SR00001697,EXC00005337,BILL00059225,ACCT004936,CUST004936,2024-05,Residential,SANTA CLARA,Account Status Review,High,Cancelled,2024-06-03,2024-06-29
SR00001698,EXC00002860,BILL00031866,ACCT002656,CUST002656,2024-06,Residential,MADERA,Missing Read Investigation,High,Open,2024-07-03,
SR00001699,EXC00001875,BILL00022140,ACCT001845,CUST001845,2024-12,Industrial,CALAVERAS,Account Status Review,High,Cancelled,2025-01-03,2025-01-26
SR00001700,EXC00003400,BILL00037423,ACCT003119,CUST003119,2024-07,Residential,SANTA CLARA,Account Status Review,Medium,Closed,2024-08-03,2024-08-12
SR00001701,EXC00001103,BILL00013799,ACCT001150,CUST001150,2024-11,Commercial,NAPA,Missing Read Investigation,Medium,Open,2024-12-03,
SR00001702,EXC00004510,BILL00049427,ACCT004119,CUST004119,2024-11,Residential,AMADOR,Account Status Review,Critical,Closed,2024-12-03,2024-12-06
SR00001703,EXC00002092,BILL00024180,ACCT002015,CUST002015,2024-12,Residential,KERN,Meter Data Investigation,Medium,Closed,2025-01-03,2025-01-19
SR00001704,EXC00005033,BILL00055007,ACCT004584,CUST004584,2024-11,Residential,SANTA CLARA,Missing Read Investigation,High,Closed,2024-12-03,2024-12-29
SR00001705,EXC00004293,BILL00047433,ACCT003953,CUST003953,2024-09,Agriculture And Water Pumping,CONTRA COSTA,Account Status Review,Medium,In Progress,2024-10-03,
SR00001706,EXC00000157,BILL00002500,ACCT000209,CUST000209,2024-04,Residential,MONTEREY,Meter Data Investigation,High,Open,2024-05-03,
SR00001707,EXC00004439,BILL00048986,ACCT004083,CUST004083,2024-02,Residential,ALAMEDA,Account Status Review,High,Closed,2024-03-03,2024-03-31
SR00001708,EXC00000195,BILL00002943,ACCT000246,CUST000246,2024-03,Industrial,SAN FRANCISCO,Account Status Review,Low,Open,2024-04-03,
SR00001709,EXC00000616,BILL00007722,ACCT000644,CUST000644,2024-06,Residential,SAN MATEO,Account Status Review,Low,Closed,2024-07-03,2024-07-11
SR00001710,EXC00000644,BILL00008066,ACCT000673,CUST000673,2024-02,Residential,SANTA BARBARA,Missing Read Investigation,Medium,Closed,2024-03-03,2024-03-28
SR00001711,EXC00002229,BILL00025525,ACCT002128,CUST002128,2024-01,Residential,ALAMEDA,Account Status Review,High,Closed,2024-02-03,2024-02-09
SR00001712,EXC00002125,BILL00024571,ACCT002048,CUST002048,2024-07,Residential,CONTRA COSTA,Account Status Review,Low,Closed,2024-08-03,2024-08-06
SR00001713,EXC00001069,BILL00013328,ACCT001111,CUST001111,2024-08,Commercial,HUMBOLDT,Meter Data Investigation,High,Closed,2024-09-03,2024-09-08
SR00001714,EXC00001955,BILL00023015,ACCT001918,CUST001918,2024-11,Residential,CALAVERAS,Account Status Review,Medium,Cancelled,2024-12-03,2024-12-28
SR00001715,EXC00005131,BILL00056257,ACCT004689,CUST004689,2024-01,Residential,KERN,Account Status Review,Medium,Closed,2024-02-03,2024-02-12
SR00001716,EXC00003837,BILL00042939,ACCT003579,CUST003579,2024-03,Residential,SAN MATEO,Account Status Review,Medium,Closed,2024-04-03,2024-04-16
SR00001717,EXC00003076,BILL00034955,ACCT002913,CUST002913,2024-11,Residential,PLACER,Account Status Review,High,Closed,2024-12-03,2024-12-20
SR00001718,EXC00004580,BILL00050670,ACCT004223,CUST004223,2024-06,Commercial,PLACER,Missing Read Investigation,Low,Closed,2024-07-03,2024-07-22
SR00001719,EXC00004490,BILL00049227,ACCT004103,CUST004103,2024-03,Residential,ALAMEDA,Missing Read Investigation,Medium,Closed,2024-04-03,2024-04-06
SR00001720,EXC00000331,BILL00004264,ACCT000356,CUST000356,2024-04,Residential,KERN,Meter Data Investigation,Critical,Closed,2024-05-03,2024-05-18
SR00001721,EXC00005212,BILL00057217,ACCT004769,CUST004769,2024-01,Residential,SHASTA,Meter Data Investigation,High,Closed,2024-02-03,2024-03-03
SR00001722,EXC00003077,BILL00034956,ACCT002913,CUST002913,2024-12,Residential,PLACER,Account Status Review,Medium,Closed,2025-01-03,2025-01-24
SR00001723,EXC00005149,BILL00056404,ACCT004701,CUST004701,2024-04,Residential,MERCED,Account Status Review,Medium,Closed,2024-05-03,2024-05-13
SR00001724,EXC00000623,BILL00007745,ACCT000646,CUST000646,2024-05,Commercial,ALAMEDA,Missing Read Investigation,High,Closed,2024-06-03,2024-06-15
SR00001725,EXC00002096,BILL00024278,ACCT002024,CUST002024,2024-02,Residential,MERCED,Account Status Review,Medium,Closed,2024-03-03,2024-03-28
SR00001726,EXC00001671,BILL00019936,ACCT001662,CUST001662,2024-04,Residential,KERN,Account Status Review,Medium,Closed,2024-05-03,2024-05-30
SR00001727,EXC00004408,BILL00048734,ACCT004062,CUST004062,2024-02,Residential,BUTTE,Account Status Review,Low,In Progress,2024-03-03,
SR00001728,EXC00003995,BILL00044497,ACCT003709,CUST003709,2024-01,Residential,CONTRA COSTA,Account Status Review,Low,Closed,2024-02-03,2024-02-14
SR00001729,EXC00003384,BILL00037305,ACCT003109,CUST003109,2024-09,Residential,SOLANO,Account Status Review,Medium,Closed,2024-10-03,2024-10-15
SR00001730,EXC00002299,BILL00026545,ACCT002213,CUST002213,2024-01,Residential,ALAMEDA,Account Status Review,Low,In Progress,2024-02-03,
SR00001731,EXC00003327,BILL00036897,ACCT003075,CUST003075,2024-09,Residential,SAN JOAQUIN,Account Status Review,Low,In Progress,2024-10-03,
SR00001732,EXC00001821,BILL00021656,ACCT001805,CUST001805,2024-08,Residential,KERN,Account Status Review,High,In Progress,2024-09-03,
SR00001733,EXC00004346,BILL00048112,ACCT004010,CUST004010,2024-04,Residential,SAN FRANCISCO,Account Status Review,Medium,Open,2024-05-03,
SR00001734,EXC00003536,BILL00038868,ACCT003239,CUST003239,2024-12,Residential,COLUSA,Account Status Review,Medium,In Progress,2025-01-03,
SR00001735,EXC00000756,BILL00009222,ACCT000769,CUST000769,2024-06,Residential,ALAMEDA,Missing Read Investigation,Medium,Open,2024-07-03,
SR00001736,EXC00000519,BILL00006717,ACCT000560,CUST000560,2024-09,Residential,SANTA BARBARA,Account Status Review,Medium,Closed,2024-10-03,2024-10-16
SR00001737,EXC00004369,BILL00048217,ACCT004019,CUST004019,2024-01,Residential,CONTRA COSTA,Account Status Review,Medium,Closed,2024-02-03,2024-02-26
SR00001738,EXC00000033,BILL00000465,ACCT000039,CUST000039,2024-09,Residential,SOLANO,Missing Read Investigation,Medium,Closed,2024-10-03,2024-10-04
SR00001739,EXC00003425,BILL00037684,ACCT003141,CUST003141,2024-04,Residential,SANTA CLARA,Account Status Review,Low,Closed,2024-05-03,2024-05-31
SR00001740,EXC00004260,BILL00047198,ACCT003934,CUST003934,2024-02,Residential,FRESNO,Account Status Review,High,Closed,2024-03-03,2024-03-10
SR00001741,EXC00002949,BILL00033807,ACCT002818,CUST002818,2024-03,Residential,SUTTER,Account Status Review,Medium,Closed,2024-04-03,2024-04-22
SR00001742,EXC00001158,BILL00014136,ACCT001178,CUST001178,2024-12,Residential,SANTA CLARA,Account Status Review,High,Closed,2025-01-03,2025-01-09
SR00001743,EXC00001878,BILL00022191,ACCT001850,CUST001850,2024-03,Residential,CONTRA COSTA,Account Status Review,Medium,Closed,2024-04-03,2024-04-10
SR00001744,EXC00001892,BILL00022285,ACCT001858,CUST001858,2024-01,Residential,ALAMEDA,Missing Read Investigation,Medium,In Progress,2024-02-03,
SR00001745,EXC00000745,BILL00008876,ACCT000740,CUST000740,2024-08,Residential,KERN,Missing Read Investigation,Medium,Closed,2024-09-03,2024-09-29
SR00001746,EXC00002241,BILL00025566,ACCT002131,CUST002131,2024-06,Residential,ALAMEDA,Missing Read Investigation,Medium,In Progress,2024-07-03,
SR00001747,EXC00005268,BILL00057717,ACCT004810,CUST004810,2024-09,Commercial,PLACER,Account Status Review,Low,Closed,2024-10-03,2024-10-06
SR00001748,EXC00001706,BILL00020224,ACCT001686,CUST001686,2024-04,Commercial,CONTRA COSTA,Meter Data Investigation,High,Open,2024-05-03,
SR00001749,EXC00002909,BILL00033452,ACCT002788,CUST002788,2024-08,Residential,YOLO,Account Status Review,Medium,Closed,2024-09-03,2024-09-17
SR00001750,EXC00005185,BILL00056990,ACCT004750,CUST004750,2024-02,Commercial,TUOLUMNE,Account Status Review,Low,In Progress,2024-03-03,
SR00001751,EXC00004697,BILL00052050,ACCT004338,CUST004338,2024-06,Commercial,HUMBOLDT,Account Status Review,Medium,Closed,2024-07-03,2024-07-29
SR00001752,EXC00003075,BILL00034954,ACCT002913,CUST002913,2024-10,Residential,PLACER,Account Status Review,High,Open,2024-11-03,
SR00001753,EXC00000104,BILL00001225,ACCT000103,CUST000103,2024-01,Residential,SAN FRANCISCO,Account Status Review,Low,Closed,2024-02-03,2024-02-21
SR00001754,EXC00003440,BILL00037756,ACCT003147,CUST003147,2024-04,Commercial,ALAMEDA,Account Status Review,Medium,Closed,2024-05-03,2024-05-10
SR00001755,EXC00002084,BILL00024125,ACCT002011,CUST002011,2024-05,Residential,ALAMEDA,Account Status Review,High,Open,2024-06-03,
SR00001756,EXC00000784,BILL00009645,ACCT000804,CUST000804,2024-09,Residential,SAN JOAQUIN,Account Status Review,Low,Closed,2024-10-03,2024-10-06
SR00001757,EXC00003942,BILL00044168,ACCT003681,CUST003681,2024-08,Residential,CONTRA COSTA,Account Status Review,Medium,Closed,2024-09-03,2024-09-26
SR00001758,EXC00003719,BILL00041014,ACCT003418,CUST003418,2024-10,Residential,SAN FRANCISCO,Account Status Review,Low,Closed,2024-11-03,2024-11-09
SR00001759,EXC00000230,BILL00003168,ACCT000264,CUST000264,2024-12,Residential,CONTRA COSTA,Account Status Review,High,Closed,2025-01-03,2025-01-29
SR00001760,EXC00000858,BILL00010385,ACCT000866,CUST000866,2024-05,Residential,KERN,Account Status Review,Medium,Closed,2024-06-03,2024-06-29
SR00001761,EXC00003950,BILL00044207,ACCT003684,CUST003684,2024-11,Residential,SAN LUIS OBISPO,Missing Read Investigation,Medium,Closed,2024-12-03,2024-12-10
SR00001762,EXC00001402,BILL00016660,ACCT001389,CUST001389,2024-04,Agriculture And Water Pumping,ALAMEDA,Account Status Review,Medium,Closed,2024-05-03,2024-05-15
SR00001763,EXC00004353,BILL00048119,ACCT004010,CUST004010,2024-11,Residential,SAN FRANCISCO,Account Status Review,Low,In Progress,2024-12-03,
SR00001764,EXC00000409,BILL00005319,ACCT000444,CUST000444,2024-03,Residential,NAPA,Account Status Review,Critical,Open,2024-04-03,
SR00001765,EXC00000171,BILL00002584,ACCT000216,CUST000216,2024-04,Residential,EL DORADO,Missing Read Investigation,High,Open,2024-05-03,
SR00001766,EXC00000541,BILL00006914,ACCT000577,CUST000577,2024-02,Residential,SANTA BARBARA,Account Status Review,Medium,Closed,2024-03-03,2024-03-15
SR00001767,EXC00001860,BILL00022022,ACCT001836,CUST001836,2024-02,Residential,SANTA CLARA,Missing Read Investigation,Medium,Open,2024-03-03,
SR00001768,EXC00002581,BILL00028901,ACCT002409,CUST002409,2024-05,"Transportation, Communications, & Utilities",SANTA CLARA,Account Status Review,Medium,Closed,2024-06-03,2024-06-06
SR00001769,EXC00002690,BILL00029773,ACCT002482,CUST002482,2024-01,Commercial,SANTA CLARA,Missing Read Investigation,Medium,Open,2024-02-03,
SR00001770,EXC00002989,BILL00034336,ACCT002862,CUST002862,2024-04,Residential,SANTA CLARA,Account Status Review,Low,Closed,2024-05-03,2024-05-31
SR00001771,EXC00000614,BILL00007720,ACCT000644,CUST000644,2024-04,Residential,SAN MATEO,Account Status Review,High,Closed,2024-05-03,2024-05-06
SR00001772,EXC00003786,BILL00041881,ACCT003491,CUST003491,2024-01,Residential,SAN JOAQUIN,Missing Read Investigation,Low,Closed,2024-02-03,2024-02-27
SR00001773,EXC00002230,BILL00025526,ACCT002128,CUST002128,2024-02,Residential,ALAMEDA,Account Status Review,Medium,Open,2024-03-03,
SR00001774,EXC00004016,BILL00044693,ACCT003725,CUST003725,2024-05,Residential,MONTEREY,Account Status Review,Low,Closed,2024-06-03,2024-06-22
SR00001775,EXC00001162,BILL00014170,ACCT001181,CUST001181,2024-10,Agriculture And Water Pumping,SAN LUIS OBISPO,Missing Read Investigation,Medium,Closed,2024-11-03,2024-11-19
SR00001776,EXC00004890,BILL00053570,ACCT004465,CUST004465,2024-02,Residential,SAN JOAQUIN,Account Status Review,Critical,Closed,2024-03-03,2024-03-29
SR00001777,EXC00002756,BILL00030215,ACCT002518,CUST002518,2024-11,Residential,ALAMEDA,Account Status Review,Medium,Open,2024-12-03,
SR00001778,EXC00002513,BILL00028008,ACCT002334,CUST002334,2024-12,Residential,PLACER,Account Status Review,Medium,Cancelled,2025-01-03,2025-01-27
SR00001779,EXC00001701,BILL00020216,ACCT001685,CUST001685,2024-08,Residential,FRESNO,Account Status Review,Low,Cancelled,2024-09-03,2024-09-18
SR00001780,EXC00002367,BILL00026925,ACCT002244,CUST002244,2024-09,Streetlighting,PLACER,Meter Data Investigation,Medium,In Progress,2024-10-03,
SR00001781,EXC00002105,BILL00024287,ACCT002024,CUST002024,2024-11,Residential,MERCED,Account Status Review,High,Open,2024-12-03,
SR00001782,EXC00001610,BILL00019380,ACCT001615,CUST001615,2024-12,Residential,SANTA CLARA,Meter Data Investigation,High,Closed,2025-01-03,2025-01-27
SR00001783,EXC00002880,BILL00032667,ACCT002723,CUST002723,2024-03,Residential,CONTRA COSTA,Missing Read Investigation,Medium,Open,2024-04-03,
SR00001784,EXC00005100,BILL00055665,ACCT004639,CUST004639,2024-09,Residential,KERN,Meter Data Investigation,Medium,Cancelled,2024-10-03,2024-10-13
SR00001785,EXC00000565,BILL00007030,ACCT000586,CUST000586,2024-10,Residential,CONTRA COSTA,Missing Read Investigation,Medium,In Progress,2024-11-03,
SR00001786,EXC00005123,BILL00056053,ACCT004672,CUST004672,2024-01,Commercial,FRESNO,Meter Data Investigation,High,Closed,2024-02-03,2024-02-07
SR00001787,EXC00004843,BILL00053170,ACCT004431,CUST004431,2024-10,Residential,SAN JOAQUIN,Account Status Review,Medium,Closed,2024-11-03,2024-11-11
SR00001788,EXC00004589,BILL00050826,ACCT004236,CUST004236,2024-06,Residential,SAN MATEO,Account Status Review,Low,Closed,2024-07-03,2024-07-18
SR00001789,EXC00002405,BILL00027378,ACCT002282,CUST002282,2024-06,Residential,CONTRA COSTA,Account Status Review,Low,In Progress,2024-07-03,
SR00001790,EXC00001967,BILL00023086,ACCT001924,CUST001924,2024-10,Residential,SAN FRANCISCO,Account Status Review,High,Closed,2024-11-03,2024-11-13
SR00001791,EXC00004029,BILL00044706,ACCT003726,CUST003726,2024-06,Industrial,SOLANO,Account Status Review,High,Closed,2024-07-03,2024-07-22
SR00001792,EXC00001833,BILL00021728,ACCT001811,CUST001811,2024-08,Residential,MERCED,Account Status Review,Critical,Closed,2024-09-03,2024-09-26
SR00001793,EXC00002079,BILL00024120,ACCT002010,CUST002010,2024-12,Residential,SANTA CLARA,Account Status Review,Medium,Open,2025-01-03,
SR00001794,EXC00005325,BILL00058882,ACCT004907,CUST004907,2024-10,Agriculture And Water Pumping,SAN JOAQUIN,Meter Data Investigation,Low,Open,2024-11-03,
SR00001795,EXC00004766,BILL00052395,ACCT004367,CUST004367,2024-03,Residential,PLACER,Account Status Review,High,Open,2024-04-03,
SR00001796,EXC00004060,BILL00044795,ACCT003733,CUST003733,2024-11,Residential,ALAMEDA,Account Status Review,High,In Progress,2024-12-03,
SR00001797,EXC00003829,BILL00042828,ACCT003569,CUST003569,2024-12,Residential,KERN,Account Status Review,Low,Open,2025-01-03,
SR00001798,EXC00004875,BILL00053521,ACCT004461,CUST004461,2024-01,Residential,FRESNO,Account Status Review,Medium,Open,2024-02-03,
SR00001799,EXC00002790,BILL00030824,ACCT002569,CUST002569,2024-08,Commercial,SAN JOAQUIN,Missing Read Investigation,Low,Closed,2024-09-03,2024-09-05
SR00001800,EXC00003930,BILL00044097,ACCT003675,CUST003675,2024-09,Residential,CONTRA COSTA,Account Status Review,Low,Open,2024-10-03,
SR00001801,EXC00001841,BILL00021736,ACCT001812,CUST001812,2024-04,Residential,CONTRA COSTA,Account Status Review,Low,Closed,2024-05-03,2024-05-05
SR00001802,EXC00001173,BILL00014231,ACCT001186,CUST001186,2024-11,Industrial,SAN JOAQUIN,Account Status Review,High,Closed,2024-12-03,2024-12-19
SR00001803,EXC00001903,BILL00022447,ACCT001871,CUST001871,2024-07,Commercial,KERN,Account Status Review,Low,Closed,2024-08-03,2024-08-24
SR00001804,EXC00000326,BILL00004202,ACCT000351,CUST000351,2024-02,Residential,SOLANO,Meter Data Investigation,Medium,Closed,2024-03-03,2024-03-24
SR00001805,EXC00001052,BILL00013177,ACCT001099,CUST001099,2024-01,Residential,SANTA CLARA,Missing Read Investigation,Medium,In Progress,2024-02-03,
SR00001806,EXC00003435,BILL00037718,ACCT003144,CUST003144,2024-02,Residential,MARIN,Meter Data Investigation,Low,In Progress,2024-03-03,
SR00001807,EXC00005385,BILL00059652,ACCT004971,CUST004971,2024-12,Residential,CONTRA COSTA,Account Status Review,Medium,In Progress,2025-01-03,
SR00001808,EXC00003367,BILL00037148,ACCT003096,CUST003096,2024-08,Residential,SONOMA,Account Status Review,High,Closed,2024-09-03,2024-09-25
SR00001809,EXC00005381,BILL00059648,ACCT004971,CUST004971,2024-08,Residential,CONTRA COSTA,Account Status Review,Medium,Closed,2024-09-03,2024-09-09
SR00001810,EXC00001752,BILL00020921,ACCT001744,CUST001744,2024-05,Residential,BUTTE,Account Status Review,Medium,Closed,2024-06-03,2024-06-05
SR00001811,EXC00002006,BILL00023494,ACCT001958,CUST001958,2024-10,Residential,FRESNO,Account Status Review,Low,Closed,2024-11-03,2024-11-25
SR00001812,EXC00004079,BILL00044990,ACCT003750,CUST003750,2024-02,Commercial,SANTA CLARA,Missing Read Investigation,Critical,Open,2024-03-03,
SR00001813,EXC00001197,BILL00014657,ACCT001222,CUST001222,2024-05,Residential,FRESNO,Missing Read Investigation,Medium,Open,2024-06-03,
SR00001814,EXC00000621,BILL00007727,ACCT000644,CUST000644,2024-11,Residential,SAN MATEO,Account Status Review,Low,Cancelled,2024-12-03,2024-12-05
SR00001815,EXC00002768,BILL00030472,ACCT002540,CUST002540,2024-04,Residential,KERN,Missing Read Investigation,High,In Progress,2024-05-03,
SR00001816,EXC00003952,BILL00044245,ACCT003688,CUST003688,2024-01,Residential,SANTA CLARA,Account Status Review,Medium,Closed,2024-02-03,2024-02-29
SR00001817,EXC00001483,BILL00017680,ACCT001474,CUST001474,2024-04,Residential,KINGS,Meter Data Investigation,Medium,Closed,2024-05-03,2024-05-18
SR00001818,EXC00001190,BILL00014399,ACCT001200,CUST001200,2024-11,Residential,CONTRA COSTA,Account Status Review,Low,Closed,2024-12-03,2024-12-17
SR00001819,EXC00000329,BILL00004258,ACCT000355,CUST000355,2024-10,Residential,PLACER,Missing Read Investigation,High,Open,2024-11-03,
SR00001820,EXC00000649,BILL00008174,ACCT000682,CUST000682,2024-02,Residential,KERN,Account Status Review,Low,Open,2024-03-03,
SR00001821,EXC00002654,BILL00029309,ACCT002443,CUST002443,2024-05,Residential,SANTA CLARA,Missing Read Investigation,High,In Progress,2024-06-03,
SR00001822,EXC00000898,BILL00011392,ACCT000950,CUST000950,2024-04,Residential,SAN JOAQUIN,Account Status Review,Medium,Closed,2024-05-03,2024-05-23
SR00001823,EXC00005101,BILL00055689,ACCT004641,CUST004641,2024-09,Industrial,KERN,Meter Data Investigation,High,In Progress,2024-10-03,
SR00001824,EXC00001124,BILL00014067,ACCT001173,CUST001173,2024-03,Residential,CONTRA COSTA,Account Status Review,High,Closed,2024-04-03,2024-04-05
SR00001825,EXC00003780,BILL00041828,ACCT003486,CUST003486,2024-08,Residential,MERCED,Account Status Review,Medium,Closed,2024-09-03,2024-09-27
SR00001826,EXC00005014,BILL00054859,ACCT004572,CUST004572,2024-07,Residential,SANTA CLARA,Account Status Review,Medium,Closed,2024-08-03,2024-08-26
SR00001827,EXC00002237,BILL00025533,ACCT002128,CUST002128,2024-09,Residential,ALAMEDA,Account Status Review,Low,Open,2024-10-03,
SR00001828,EXC00001863,BILL00022114,ACCT001843,CUST001843,2024-10,Residential,SANTA CLARA,Missing Read Investigation,Medium,Closed,2024-11-03,2024-11-18
SR00001829,EXC00002621,BILL00029048,ACCT002421,CUST002421,2024-08,Residential,SANTA CLARA,Account Status Review,Medium,In Progress,2024-09-03,
SR00001830,EXC00004670,BILL00051898,ACCT004325,CUST004325,2024-10,Commercial,SANTA CLARA,Account Status Review,Medium,Closed,2024-11-03,2024-11-05
SR00001831,EXC00002830,BILL00031468,ACCT002623,CUST002623,2024-04,Residential,SANTA CLARA,Account Status Review,Medium,Closed,2024-05-03,2024-06-01
SR00001832,EXC00003867,BILL00043138,ACCT003595,CUST003595,2024-10,Residential,SOLANO,Meter Data Investigation,Medium,In Progress,2024-11-03,
SR00001833,EXC00003430,BILL00037689,ACCT003141,CUST003141,2024-09,Residential,SANTA CLARA,Account Status Review,Critical,In Progress,2024-10-03,
SR00001834,EXC00003009,BILL00034493,ACCT002875,CUST002875,2024-05,Residential,PLACER,Account Status Review,Low,Cancelled,2024-06-03,2024-06-16
SR00001835,EXC00003590,BILL00039425,ACCT003286,CUST003286,2024-05,Residential,SAN JOAQUIN,Account Status Review,Medium,Cancelled,2024-06-03,2024-06-28
SR00001836,EXC00001520,BILL00018139,ACCT001512,CUST001512,2024-07,Residential,MERCED,Missing Read Investigation,Medium,Closed,2024-08-03,2024-08-31
SR00001837,EXC00002742,BILL00030142,ACCT002512,CUST002512,2024-10,Commercial,YUBA,Account Status Review,Low,Closed,2024-11-03,2024-11-04
SR00001838,EXC00002025,BILL00023760,ACCT001980,CUST001980,2024-12,Commercial,CONTRA COSTA,Missing Read Investigation,Critical,In Progress,2025-01-03,
SR00001839,EXC00003827,BILL00042826,ACCT003569,CUST003569,2024-10,Residential,KERN,Account Status Review,High,In Progress,2024-11-03,
SR00001840,EXC00001024,BILL00012867,ACCT001073,CUST001073,2024-03,Residential,SANTA CLARA,Missing Read Investigation,High,In Progress,2024-04-03,
SR00001841,EXC00004791,BILL00052516,ACCT004377,CUST004377,2024-04,Residential,FRESNO,Missing Read Investigation,Medium,Open,2024-05-03,
SR00001842,EXC00002788,BILL00030746,ACCT002563,CUST002563,2024-02,Residential,SANTA CLARA,Missing Read Investigation,Medium,Open,2024-03-03,
SR00001843,EXC00005357,BILL00059349,ACCT004946,CUST004946,2024-09,Industrial,ALAMEDA,Account Status Review,Low,Closed,2024-10-03,2024-10-15
SR00001844,EXC00005294,BILL00058173,ACCT004848,CUST004848,2024-09,Residential,SAN MATEO,Account Status Review,Low,Closed,2024-10-03,2024-10-11
SR00001845,EXC00005288,BILL00058167,ACCT004848,CUST004848,2024-03,Residential,SAN MATEO,Account Status Review,High,Open,2024-04-03,
SR00001846,EXC00004618,BILL00051090,ACCT004258,CUST004258,2024-06,Residential,SANTA CLARA,Account Status Review,High,Open,2024-07-03,
SR00001847,EXC00000810,BILL00009869,ACCT000823,CUST000823,2024-05,Residential,FRESNO,Account Status Review,Medium,In Progress,2024-06-03,
SR00001848,EXC00003323,BILL00036893,ACCT003075,CUST003075,2024-05,Residential,SAN JOAQUIN,Account Status Review,Medium,Cancelled,2024-06-03,2024-06-05
SR00001849,EXC00001676,BILL00019941,ACCT001662,CUST001662,2024-09,Residential,KERN,Account Status Review,Low,Closed,2024-10-03,2024-10-13
SR00001850,EXC00001747,BILL00020914,ACCT001743,CUST001743,2024-10,Residential,SAN FRANCISCO,Meter Data Investigation,Medium,Closed,2024-11-03,2024-11-07
SR00001851,EXC00000979,BILL00012236,ACCT001020,CUST001020,2024-08,Residential,SANTA CLARA,Account Status Review,Medium,Closed,2024-09-03,2024-09-27
SR00001852,EXC00002442,BILL00027617,ACCT002302,CUST002302,2024-05,Residential,KERN,Missing Read Investigation,Medium,Closed,2024-06-03,2024-06-16
SR00001853,EXC00001737,BILL00020520,ACCT001710,CUST001710,2024-12,Residential,SONOMA,Meter Data Investigation,Medium,Open,2025-01-03,
SR00001854,EXC00001630,BILL00019689,ACCT001641,CUST001641,2024-09,Residential,MADERA,Account Status Review,Low,Closed,2024-10-03,2024-10-24
SR00001855,EXC00003133,BILL00035698,ACCT002975,CUST002975,2024-10,Residential,PLACER,Account Status Review,High,Closed,2024-11-03,2024-11-20
SR00001856,EXC00000431,BILL00005400,ACCT000450,CUST000450,2024-12,Residential,SANTA CLARA,Account Status Review,Medium,Closed,2025-01-03,2025-01-08
SR00001857,EXC00002115,BILL00024504,ACCT002042,CUST002042,2024-12,Residential,KERN,Missing Read Investigation,Medium,Cancelled,2025-01-03,2025-01-23
SR00001858,EXC00001809,BILL00021644,ACCT001804,CUST001804,2024-08,Residential,KERN,Account Status Review,Medium,Closed,2024-09-03,2024-09-21
SR00001859,EXC00004018,BILL00044695,ACCT003725,CUST003725,2024-07,Residential,MONTEREY,Account Status Review,Medium,Closed,2024-08-03,2024-08-15
SR00001860,EXC00003878,BILL00043523,ACCT003627,CUST003627,2024-11,Residential,ALAMEDA,Meter Data Investigation,Low,Closed,2024-12-03,2024-12-10
SR00001861,EXC00001873,BILL00022138,ACCT001845,CUST001845,2024-10,Industrial,CALAVERAS,Account Status Review,Critical,Closed,2024-11-03,2024-11-26
SR00001862,EXC00002802,BILL00030852,ACCT002571,CUST002571,2024-12,Residential,SAN MATEO,Account Status Review,Medium,Open,2025-01-03,
SR00001863,EXC00002438,BILL00027609,ACCT002301,CUST002301,2024-09,Commercial,SANTA CLARA,Account Status Review,Medium,Closed,2024-10-03,2024-10-19
SR00001864,EXC00004280,BILL00047408,ACCT003951,CUST003951,2024-08,Residential,ALAMEDA,Account Status Review,Low,Open,2024-09-03,
SR00001865,EXC00003438,BILL00037754,ACCT003147,CUST003147,2024-02,Commercial,ALAMEDA,Account Status Review,Low,Closed,2024-03-03,2024-03-17
SR00001866,EXC00002844,BILL00031708,ACCT002643,CUST002643,2024-04,Residential,KERN,Missing Read Investigation,Low,Closed,2024-05-03,2024-05-15
SR00001867,EXC00000175,BILL00002667,ACCT000223,CUST000223,2024-03,Residential,SANTA CLARA,Account Status Review,Low,Open,2024-04-03,
SR00001868,EXC00002671,BILL00029493,ACCT002458,CUST002458,2024-09,Residential,KERN,Missing Read Investigation,Medium,Open,2024-10-03,
SR00001869,EXC00005280,BILL00057952,ACCT004830,CUST004830,2024-04,Residential,FRESNO,Missing Read Investigation,Low,Closed,2024-05-03,2024-05-20
SR00001870,EXC00003134,BILL00035699,ACCT002975,CUST002975,2024-11,Residential,PLACER,Account Status Review,Critical,Open,2024-12-03,
SR00001871,EXC00001753,BILL00020922,ACCT001744,CUST001744,2024-06,Residential,BUTTE,Account Status Review,Low,Closed,2024-07-03,2024-07-18
SR00001872,EXC00002688,BILL00029641,ACCT002471,CUST002471,2024-01,Residential,SAN JOAQUIN,Missing Read Investigation,High,Closed,2024-02-03,2024-02-15
SR00001873,EXC00004824,BILL00053045,ACCT004421,CUST004421,2024-05,Residential,YOLO,Account Status Review,Medium,Closed,2024-06-03,2024-06-17
SR00001874,EXC00000218,BILL00003132,ACCT000261,CUST000261,2024-12,Residential,SANTA CLARA,Missing Read Investigation,Medium,Closed,2025-01-03,2025-01-11
SR00001875,EXC00004803,BILL00052853,ACCT004405,CUST004405,2024-05,"Transportation, Communications, & Utilities",SANTA CLARA,Missing Read Investigation,Medium,Closed,2024-06-03,2024-06-30
SR00001876,EXC00001722,BILL00020482,ACCT001707,CUST001707,2024-10,Residential,MENDOCINO,Account Status Review,Low,In Progress,2024-11-03,
SR00001877,EXC00005209,BILL00057214,ACCT004768,CUST004768,2024-10,Residential,MADERA,Account Status Review,Medium,Closed,2024-11-03,2024-11-11
SR00001878,EXC00001445,BILL00017192,ACCT001433,CUST001433,2024-08,Residential,MONTEREY,Account Status Review,Medium,In Progress,2024-09-03,
SR00001879,EXC00000691,BILL00008363,ACCT000697,CUST000697,2024-11,Residential,KERN,Account Status Review,Low,Closed,2024-12-03,2024-12-11
SR00001880,EXC00004770,BILL00052399,ACCT004367,CUST004367,2024-07,Residential,PLACER,Account Status Review,High,In Progress,2024-08-03,
SR00001881,EXC00003002,BILL00034478,ACCT002874,CUST002874,2024-02,Residential,SONOMA,Missing Read Investigation,Low,Closed,2024-03-03,2024-03-26
SR00001882,EXC00002608,BILL00028964,ACCT002414,CUST002414,2024-08,Residential,SAN JOAQUIN,Account Status Review,Low,Closed,2024-09-03,2024-09-14
SR00001883,EXC00005352,BILL00059344,ACCT004946,CUST004946,2024-04,Industrial,ALAMEDA,Account Status Review,Medium,Closed,2024-05-03,2024-05-16
SR00001884,EXC00001107,BILL00013873,ACCT001157,CUST001157,2024-01,Residential,SOLANO,Account Status Review,High,Closed,2024-02-03,2024-02-09
SR00001885,EXC00005170,BILL00056766,ACCT004731,CUST004731,2024-06,Residential,SANTA CLARA,Account Status Review,Medium,In Progress,2024-07-03,
SR00001886,EXC00000819,BILL00009905,ACCT000826,CUST000826,2024-05,Commercial,SAN MATEO,Meter Data Investigation,Medium,Closed,2024-06-03,2024-06-19
SR00001887,EXC00003803,BILL00042270,ACCT003523,CUST003523,2024-06,Residential,SANTA CLARA,Missing Read Investigation,Medium,Closed,2024-07-03,2024-07-12
SR00001888,EXC00001874,BILL00022139,ACCT001845,CUST001845,2024-11,Industrial,CALAVERAS,Account Status Review,Medium,Open,2024-12-03,
SR00001889,EXC00000612,BILL00007718,ACCT000644,CUST000644,2024-02,Residential,SAN MATEO,Account Status Review,Medium,Closed,2024-03-03,2024-03-07
SR00001890,EXC00003354,BILL00037054,ACCT003088,CUST003088,2024-10,Residential,SOLANO,Account Status Review,Critical,Closed,2024-11-03,2024-11-16
SR00001891,EXC00004276,BILL00047404,ACCT003951,CUST003951,2024-04,Residential,ALAMEDA,Account Status Review,Low,Cancelled,2024-05-03,2024-05-17
SR00001892,EXC00001698,BILL00020213,ACCT001685,CUST001685,2024-05,Residential,FRESNO,Account Status Review,Low,Closed,2024-06-03,2024-06-12
SR00001893,EXC00000137,BILL00001800,ACCT000150,CUST000150,2024-12,Residential,SANTA CLARA,Missing Read Investigation,Low,Closed,2025-01-03,2025-01-29
SR00001894,EXC00002423,BILL00027512,ACCT002293,CUST002293,2024-08,Residential,SANTA CLARA,Account Status Review,High,Closed,2024-09-03,2024-09-19
SR00001895,EXC00004650,BILL00051655,ACCT004305,CUST004305,2024-07,Commercial,SOLANO,Missing Read Investigation,High,Closed,2024-08-03,2024-08-28
SR00001896,EXC00000577,BILL00007449,ACCT000621,CUST000621,2024-09,Residential,SANTA CLARA,Meter Data Investigation,Medium,Open,2024-10-03,
SR00001897,EXC00003484,BILL00038275,ACCT003190,CUST003190,2024-07,Residential,SAN MATEO,Account Status Review,Low,Closed,2024-08-03,2024-08-16
SR00001898,EXC00002852,BILL00031724,ACCT002644,CUST002644,2024-08,Residential,ALAMEDA,Account Status Review,Low,Open,2024-09-03,
SR00001899,EXC00004797,BILL00052680,ACCT004390,CUST004390,2024-12,Residential,SAN FRANCISCO,Meter Data Investigation,High,Closed,2025-01-03,2025-01-20
SR00001900,EXC00001181,BILL00014390,ACCT001200,CUST001200,2024-02,Residential,CONTRA COSTA,Account Status Review,Medium,Closed,2024-03-03,2024-03-29
SR00001901,EXC00002827,BILL00031465,ACCT002623,CUST002623,2024-01,Residential,SANTA CLARA,Account Status Review,High,Closed,2024-02-03,2024-02-19
SR00001902,EXC00000889,BILL00011073,ACCT000923,CUST000923,2024-09,Commercial,SANTA CLARA,Missing Read Investigation,High,In Progress,2024-10-03,
SR00001903,EXC00003656,BILL00040288,ACCT003358,CUST003358,2024-04,Residential,PLACER,Account Status Review,Low,Closed,2024-05-03,2024-06-01
SR00001904,EXC00000325,BILL00004155,ACCT000347,CUST000347,2024-03,Residential,CONTRA COSTA,Missing Read Investigation,Medium,Open,2024-04-03,
SR00001905,EXC00003338,BILL00036955,ACCT003080,CUST003080,2024-07,Industrial,KERN,Account Status Review,Low,Closed,2024-08-03,2024-08-17
SR00001906,EXC00002380,BILL00027121,ACCT002261,CUST002261,2024-01,Residential,ALAMEDA,Account Status Review,Low,In Progress,2024-02-03,
SR00001907,EXC00000818,BILL00009904,ACCT000826,CUST000826,2024-04,Commercial,SAN MATEO,Meter Data Investigation,Medium,Open,2024-05-03,
SR00001908,EXC00003828,BILL00042827,ACCT003569,CUST003569,2024-11,Residential,KERN,Account Status Review,Critical,Closed,2024-12-03,2024-12-30
SR00001909,EXC00002577,BILL00028897,ACCT002409,CUST002409,2024-01,"Transportation, Communications, & Utilities",SANTA CLARA,Account Status Review,Medium,Closed,2024-02-03,2024-03-01
SR00001910,EXC00000209,BILL00002981,ACCT000249,CUST000249,2024-05,Agriculture And Water Pumping,KERN,Account Status Review,Medium,Closed,2024-06-03,2024-06-20
SR00001911,EXC00000294,BILL00003753,ACCT000313,CUST000313,2024-09,Residential,YOLO,Account Status Review,Low,Closed,2024-10-03,2024-10-11
SR00001912,EXC00002639,BILL00029172,ACCT002431,CUST002431,2024-12,Residential,ALAMEDA,Account Status Review,Low,Closed,2025-01-03,2025-01-30
SR00001913,EXC00001120,BILL00014001,ACCT001167,CUST001167,2024-09,Commercial,KERN,Meter Data Investigation,Medium,In Progress,2024-10-03,
SR00001914,EXC00003902,BILL00043863,ACCT003656,CUST003656,2024-03,Residential,KERN,Account Status Review,Medium,Closed,2024-04-03,2024-04-14
SR00001915,EXC00002585,BILL00028905,ACCT002409,CUST002409,2024-09,"Transportation, Communications, & Utilities",SANTA CLARA,Account Status Review,Low,Closed,2024-10-03,2024-10-09
SR00001916,EXC00003096,BILL00035473,ACCT002957,CUST002957,2024-01,Residential,FRESNO,Account Status Review,Medium,Open,2024-02-03,
SR00001917,EXC00002104,BILL00024286,ACCT002024,CUST002024,2024-10,Residential,MERCED,Account Status Review,Low,Cancelled,2024-11-03,2024-12-02
SR00001918,EXC00001265,BILL00015442,ACCT001287,CUST001287,2024-10,Residential,MONTEREY,Account Status Review,Medium,Closed,2024-11-03,2024-11-29
SR00001919,EXC00000991,BILL00012421,ACCT001036,CUST001036,2024-01,Residential,ALAMEDA,Account Status Review,Low,Closed,2024-02-03,2024-02-12
SR00001920,EXC00002657,BILL00029366,ACCT002448,CUST002448,2024-02,Residential,ALAMEDA,Account Status Review,Low,Open,2024-03-03,
SR00001921,EXC00001615,BILL00019519,ACCT001627,CUST001627,2024-07,Residential,SAN JOAQUIN,Missing Read Investigation,Medium,Closed,2024-08-03,2024-09-01
SR00001922,EXC00003307,BILL00036763,ACCT003064,CUST003064,2024-07,Residential,SANTA CLARA,Account Status Review,Low,Closed,2024-08-03,2024-08-22
SR00001923,EXC00001740,BILL00020585,ACCT001716,CUST001716,2024-05,Mining,KERN,Missing Read Investigation,Low,Open,2024-06-03,
SR00001924,EXC00004535,BILL00050186,ACCT004183,CUST004183,2024-02,Residential,SANTA CLARA,Meter Data Investigation,Medium,Closed,2024-03-03,2024-03-26
SR00001925,EXC00002026,BILL00023811,ACCT001985,CUST001985,2024-03,Residential,SAN JOAQUIN,Missing Read Investigation,Medium,Open,2024-04-03,
SR00001926,EXC00001663,BILL00019892,ACCT001658,CUST001658,2024-08,Residential,ALAMEDA,Account Status Review,High,Closed,2024-09-03,2024-09-26
SR00001927,EXC00000354,BILL00004494,ACCT000375,CUST000375,2024-06,Residential,KERN,Account Status Review,Medium,Closed,2024-07-03,2024-07-14
SR00001928,EXC00005311,BILL00058661,ACCT004889,CUST004889,2024-05,Residential,SANTA CLARA,Account Status Review,Medium,Closed,2024-06-03,2024-06-27
SR00001929,EXC00004126,BILL00045560,ACCT003797,CUST003797,2024-08,Residential,SANTA CLARA,Account Status Review,Medium,In Progress,2024-09-03,
SR00001930,EXC00003257,BILL00036457,ACCT003039,CUST003039,2024-01,Residential,SAN MATEO,Missing Read Investigation,Medium,In Progress,2024-02-03,
SR00001931,EXC00001655,BILL00019884,ACCT001657,CUST001657,2024-12,Residential,ALAMEDA,Account Status Review,Medium,Open,2025-01-03,
SR00001932,EXC00003558,BILL00039184,ACCT003266,CUST003266,2024-04,Residential,CONTRA COSTA,Account Status Review,Medium,Open,2024-05-03,
SR00001933,EXC00001490,BILL00017881,ACCT001491,CUST001491,2024-01,Residential,SAN LUIS OBISPO,Account Status Review,Medium,Closed,2024-02-03,2024-02-10
SR00001934,EXC00005086,BILL00055324,ACCT004611,CUST004611,2024-04,Residential,FRESNO,Missing Read Investigation,Medium,Closed,2024-05-03,2024-06-01
SR00001935,EXC00003296,BILL00036661,ACCT003056,CUST003056,2024-01,Agriculture And Water Pumping,KERN,Meter Data Investigation,Medium,Closed,2024-02-03,2024-02-19
SR00001936,EXC00003564,BILL00039190,ACCT003266,CUST003266,2024-10,Residential,CONTRA COSTA,Account Status Review,Medium,Cancelled,2024-11-03,2024-11-26
SR00001937,EXC00001229,BILL00015069,ACCT001256,CUST001256,2024-09,Residential,SAN FRANCISCO,Account Status Review,Low,Closed,2024-10-03,2024-10-31
SR00001938,EXC00000260,BILL00003578,ACCT000299,CUST000299,2024-02,Residential,KERN,Meter Data Investigation,Low,Closed,2024-03-03,2024-03-08
SR00001939,EXC00002169,BILL00024884,ACCT002074,CUST002074,2024-08,Commercial,GLENN,Account Status Review,Medium,Open,2024-09-03,
SR00001940,EXC00004505,BILL00049422,ACCT004119,CUST004119,2024-06,Residential,AMADOR,Account Status Review,Medium,Closed,2024-07-03,2024-07-23
SR00001941,EXC00005121,BILL00055978,ACCT004665,CUST004665,2024-10,Commercial,ALAMEDA,Missing Read Investigation,Medium,In Progress,2024-11-03,
SR00001942,EXC00004585,BILL00050822,ACCT004236,CUST004236,2024-02,Residential,SAN MATEO,Account Status Review,High,Closed,2024-03-03,2024-03-08
SR00001943,EXC00002961,BILL00033923,ACCT002827,CUST002827,2024-11,Residential,SUTTER,Missing Read Investigation,Critical,Closed,2024-12-03,2024-12-26
SR00001944,EXC00000053,BILL00000726,ACCT000061,CUST000061,2024-06,Residential,TUOLUMNE,Missing Read Investigation,Low,Closed,2024-07-03,2024-07-09
SR00001945,EXC00005215,BILL00057319,ACCT004777,CUST004777,2024-07,Residential,PLACER,Meter Data Investigation,Medium,In Progress,2024-08-03,
SR00001946,EXC00002865,BILL00032113,ACCT002677,CUST002677,2024-01,Residential,SOLANO,Missing Read Investigation,Medium,In Progress,2024-02-03,
SR00001947,EXC00000412,BILL00005322,ACCT000444,CUST000444,2024-06,Residential,NAPA,Account Status Review,Medium,Closed,2024-07-03,2024-07-24
SR00001948,EXC00003574,BILL00039224,ACCT003269,CUST003269,2024-08,Residential,EL DORADO,Account Status Review,Medium,Closed,2024-09-03,2024-09-18
SR00001949,EXC00002808,BILL00031057,ACCT002589,CUST002589,2024-01,Residential,PLACER,Account Status Review,Low,Closed,2024-02-03,2024-02-16
SR00001950,EXC00001906,BILL00022450,ACCT001871,CUST001871,2024-10,Commercial,KERN,Account Status Review,Critical,Closed,2024-11-03,2024-11-19
SR00001951,EXC00003249,BILL00036271,ACCT003023,CUST003023,2024-07,Residential,SAN JOAQUIN,Account Status Review,Medium,Open,2024-08-03,
SR00001952,EXC00002733,BILL00030133,ACCT002512,CUST002512,2024-01,Commercial,YUBA,Account Status Review,Medium,In Progress,2024-02-03,
SR00001953,EXC00003003,BILL00034481,ACCT002874,CUST002874,2024-05,Residential,SONOMA,Missing Read Investigation,Low,Open,2024-06-03,
SR00001954,EXC00001590,BILL00019233,ACCT001603,CUST001603,2024-09,Residential,SAN MATEO,Account Status Review,Medium,In Progress,2024-10-03,
SR00001955,EXC00001480,BILL00017674,ACCT001473,CUST001473,2024-10,Commercial,SANTA BARBARA,Account Status Review,High,Closed,2024-11-03,2024-11-22
SR00001956,EXC00001508,BILL00017992,ACCT001500,CUST001500,2024-04,Commercial,MERCED,Account Status Review,Medium,Open,2024-05-03,
SR00001957,EXC00001034,BILL00012968,ACCT001081,CUST001081,2024-08,Residential,KERN,Account Status Review,High,Cancelled,2024-09-03,2024-09-13
SR00001958,EXC00001098,BILL00013702,ACCT001142,CUST001142,2024-10,Residential,SAN MATEO,Account Status Review,Medium,Closed,2024-11-03,2024-11-21
SR00001959,EXC00001470,BILL00017555,ACCT001463,CUST001463,2024-11,Residential,NAPA,Missing Read Investigation,Medium,In Progress,2024-12-03,
SR00001960,EXC00000544,BILL00006917,ACCT000577,CUST000577,2024-05,Residential,SANTA BARBARA,Account Status Review,Medium,Closed,2024-06-03,2024-06-04
SR00001961,EXC00001047,BILL00013088,ACCT001091,CUST001091,2024-08,Industrial,KERN,Account Status Review,Low,Closed,2024-09-03,2024-09-29
SR00001962,EXC00002289,BILL00026315,ACCT002193,CUST002193,2024-11,Residential,KERN,Account Status Review,Medium,In Progress,2024-12-03,
SR00001963,EXC00000337,BILL00004349,ACCT000363,CUST000363,2024-05,Residential,SAN FRANCISCO,Account Status Review,Low,In Progress,2024-06-03,
SR00001964,EXC00000031,BILL00000384,ACCT000032,CUST000032,2024-12,Residential,PLACER,Account Status Review,High,In Progress,2025-01-03,
SR00001965,EXC00000726,BILL00008572,ACCT000715,CUST000715,2024-04,Residential,FRESNO,Account Status Review,High,Open,2024-05-03,
SR00001966,EXC00005012,BILL00054857,ACCT004572,CUST004572,2024-05,Residential,SANTA CLARA,Account Status Review,High,Closed,2024-06-03,2024-06-15
SR00001967,EXC00002440,BILL00027611,ACCT002301,CUST002301,2024-11,Commercial,SANTA CLARA,Account Status Review,Medium,Cancelled,2024-12-03,2024-12-16
SR00001968,EXC00002192,BILL00025228,ACCT002103,CUST002103,2024-04,Residential,LAKE,Account Status Review,Medium,In Progress,2024-05-03,
SR00001969,EXC00005321,BILL00058702,ACCT004892,CUST004892,2024-10,Residential,SANTA CLARA,Meter Data Investigation,Low,In Progress,2024-11-03,
SR00001970,EXC00001427,BILL00017068,ACCT001423,CUST001423,2024-04,Residential,CONTRA COSTA,Account Status Review,Critical,Cancelled,2024-05-03,2024-05-04
SR00001971,EXC00003414,BILL00037627,ACCT003136,CUST003136,2024-07,Residential,CONTRA COSTA,Account Status Review,Low,In Progress,2024-08-03,
SR00001972,EXC00003705,BILL00040922,ACCT003411,CUST003411,2024-02,Residential,KERN,Missing Read Investigation,Low,In Progress,2024-03-03,
SR00001973,EXC00000437,BILL00005417,ACCT000452,CUST000452,2024-05,Residential,ALAMEDA,Account Status Review,Low,Open,2024-06-03,
SR00001974,EXC00002374,BILL00026995,ACCT002250,CUST002250,2024-07,Residential,SAN JOAQUIN,Account Status Review,Medium,Closed,2024-08-03,2024-08-20
SR00001975,EXC00003126,BILL00035691,ACCT002975,CUST002975,2024-03,Residential,PLACER,Account Status Review,High,Closed,2024-04-03,2024-04-28
SR00001976,EXC00000913,BILL00011628,ACCT000969,CUST000969,2024-12,Residential,AMADOR,Missing Read Investigation,Medium,Closed,2025-01-03,2025-01-07
SR00001977,EXC00004561,BILL00050539,ACCT004212,CUST004212,2024-07,Residential,SUTTER,Account Status Review,Medium,Closed,2024-08-03,2024-08-18
SR00001978,EXC00004994,BILL00054797,ACCT004567,CUST004567,2024-05,Residential,SANTA CRUZ,Account Status Review,Low,In Progress,2024-06-03,
SR00001979,EXC00001589,BILL00019232,ACCT001603,CUST001603,2024-08,Residential,SAN MATEO,Account Status Review,Medium,Closed,2024-09-03,2024-09-27
SR00001980,EXC00004501,BILL00049418,ACCT004119,CUST004119,2024-02,Residential,AMADOR,Account Status Review,High,Closed,2024-03-03,2024-03-23
SR00001981,EXC00004877,BILL00053523,ACCT004461,CUST004461,2024-03,Residential,FRESNO,Account Status Review,High,Closed,2024-04-03,2024-04-22
SR00001982,EXC00002846,BILL00031718,ACCT002644,CUST002644,2024-02,Residential,ALAMEDA,Account Status Review,Low,Open,2024-03-03,
SR00001983,EXC00003888,BILL00043556,ACCT003630,CUST003630,2024-08,Residential,FRESNO,Account Status Review,High,Closed,2024-09-03,2024-09-21
SR00001984,EXC00001591,BILL00019234,ACCT001603,CUST001603,2024-10,Residential,SAN MATEO,Account Status Review,High,Closed,2024-11-03,2024-12-02
SR00001985,EXC00004574,BILL00050659,ACCT004222,CUST004222,2024-07,Residential,NEVADA,Account Status Review,High,Closed,2024-08-03,2024-08-10
SR00001986,EXC00002672,BILL00029522,ACCT002461,CUST002461,2024-02,Mining,KERN,Meter Data Investigation,Medium,Open,2024-03-03,
SR00001987,EXC00003936,BILL00044162,ACCT003681,CUST003681,2024-02,Residential,CONTRA COSTA,Account Status Review,High,In Progress,2024-03-03,
SR00001988,EXC00001239,BILL00015284,ACCT001274,CUST001274,2024-08,Residential,SAN FRANCISCO,Meter Data Investigation,Medium,Closed,2024-09-03,2024-09-25
SR00001989,EXC00000904,BILL00011398,ACCT000950,CUST000950,2024-10,Residential,SAN JOAQUIN,Account Status Review,Low,Closed,2024-11-03,2024-11-22
SR00001990,EXC00005104,BILL00055818,ACCT004652,CUST004652,2024-06,Residential,SANTA CLARA,Meter Data Investigation,Low,Closed,2024-07-03,2024-07-07
SR00001991,EXC00004767,BILL00052396,ACCT004367,CUST004367,2024-04,Residential,PLACER,Account Status Review,Medium,Closed,2024-05-03,2024-05-31
SR00001992,EXC00002017,BILL00023528,ACCT001961,CUST001961,2024-08,Residential,PLACER,Account Status Review,High,Open,2024-09-03,
SR00001993,EXC00000508,BILL00006623,ACCT000552,CUST000552,2024-11,Commercial,KERN,Missing Read Investigation,Medium,Closed,2024-12-03,2024-12-11
SR00001994,EXC00002955,BILL00033813,ACCT002818,CUST002818,2024-09,Residential,SUTTER,Account Status Review,Low,Closed,2024-10-03,2024-10-06
SR00001995,EXC00003766,BILL00041529,ACCT003461,CUST003461,2024-09,Residential,KINGS,Account Status Review,Low,Closed,2024-10-03,2024-10-24
SR00001996,EXC00000184,BILL00002676,ACCT000223,CUST000223,2024-12,Residential,SANTA CLARA,Account Status Review,Low,Closed,2025-01-03,2025-01-21
SR00001997,EXC00002347,BILL00026827,ACCT002236,CUST002236,2024-07,Residential,KERN,Account Status Review,Medium,In Progress,2024-08-03,
SR00001998,EXC00001498,BILL00017889,ACCT001491,CUST001491,2024-09,Residential,SAN LUIS OBISPO,Account Status Review,Medium,Closed,2024-10-03,2024-10-24
SR00001999,EXC00000450,BILL00005548,ACCT000463,CUST000463,2024-04,Residential,CONTRA COSTA,Account Status Review,Medium,Closed,2024-05-03,2024-05-24
SR00002000,EXC00000322,BILL00004094,ACCT000342,CUST000342,2024-02,Residential,NAPA,Missing Read Investigation,Medium,Closed,2024-03-03,2024-03-04
SR00002001,EXC00001212,BILL00014783,ACCT001232,CUST001232,2024-11,Residential,YOLO,Missing Read Investigation,High,Closed,2024-12-03,2025-01-01
SR00002002,EXC00004759,BILL00052332,ACCT004361,CUST004361,2024-12,Residential,PLACER,Account Status Review,Medium,Closed,2025-01-03,2025-01-18
SR00002003,EXC00003209,BILL00036089,ACCT003008,CUST003008,2024-05,Residential,ALAMEDA,Account Status Review,Medium,Closed,2024-06-03,2024-06-10
SR00002004,EXC00002198,BILL00025234,ACCT002103,CUST002103,2024-10,Residential,LAKE,Account Status Review,Medium,Closed,2024-11-03,2024-11-22
SR00002005,EXC00001770,BILL00021290,ACCT001775,CUST001775,2024-02,Residential,KERN,Account Status Review,Medium,In Progress,2024-03-03,
SR00002006,EXC00002771,BILL00030501,ACCT002542,CUST002542,2024-09,Residential,CONTRA COSTA,Missing Read Investigation,Critical,Closed,2024-10-03,2024-10-29
SR00002007,EXC00002550,BILL00028699,ACCT002392,CUST002392,2024-07,Residential,CONTRA COSTA,Account Status Review,Medium,Closed,2024-08-03,2024-08-21
SR00002008,EXC00003893,BILL00043562,ACCT003631,CUST003631,2024-02,Residential,FRESNO,Meter Data Investigation,Critical,In Progress,2024-03-03,
SR00002009,EXC00004602,BILL00050994,ACCT004250,CUST004250,2024-06,Agriculture And Water Pumping,ALAMEDA,Account Status Review,High,In Progress,2024-07-03,
SR00002010,EXC00002463,BILL00027829,ACCT002320,CUST002320,2024-01,Residential,NAPA,Account Status Review,Low,Open,2024-02-03,
SR00002011,EXC00001552,BILL00018574,ACCT001548,CUST001548,2024-10,Residential,KERN,Account Status Review,Low,In Progress,2024-11-03,
SR00002012,EXC00005334,BILL00059222,ACCT004936,CUST004936,2024-02,Residential,SANTA CLARA,Account Status Review,Medium,Closed,2024-03-03,2024-03-24
SR00002013,EXC00001147,BILL00014125,ACCT001178,CUST001178,2024-01,Residential,SANTA CLARA,Account Status Review,Low,Closed,2024-02-03,2024-02-05
SR00002014,EXC00002410,BILL00027383,ACCT002282,CUST002282,2024-11,Residential,CONTRA COSTA,Account Status Review,Low,Closed,2024-12-03,2024-12-21
SR00002015,EXC00003833,BILL00042882,ACCT003574,CUST003574,2024-06,"Transportation, Communications, & Utilities",ALAMEDA,Meter Data Investigation,Medium,Closed,2024-07-03,2024-07-10
SR00002016,EXC00000045,BILL00000594,ACCT000050,CUST000050,2024-06,Residential,PLACER,Account Status Review,Medium,In Progress,2024-07-03,
SR00002017,EXC00001314,BILL00015829,ACCT001320,CUST001320,2024-01,Residential,CONTRA COSTA,Account Status Review,Medium,Open,2024-02-03,
SR00002018,EXC00002016,BILL00023527,ACCT001961,CUST001961,2024-07,Residential,PLACER,Account Status Review,Low,Open,2024-08-03,
SR00002019,EXC00004474,BILL00049127,ACCT004094,CUST004094,2024-11,Industrial,FRESNO,Account Status Review,Medium,Closed,2024-12-03,2025-01-01
SR00002020,EXC00003436,BILL00037749,ACCT003146,CUST003146,2024-09,Residential,CONTRA COSTA,Missing Read Investigation,Low,Closed,2024-10-03,2024-10-04
SR00002021,EXC00002046,BILL00023912,ACCT001993,CUST001993,2024-08,Residential,ALAMEDA,Account Status Review,Medium,Closed,2024-09-03,2024-09-04
SR00002022,EXC00005251,BILL00057629,ACCT004803,CUST004803,2024-05,Commercial,SANTA CLARA,Account Status Review,Low,In Progress,2024-06-03,
SR00002023,EXC00002715,BILL00030069,ACCT002506,CUST002506,2024-09,Residential,NAPA,Account Status Review,Low,Closed,2024-10-03,2024-10-07
SR00002024,EXC00003897,BILL00043816,ACCT003652,CUST003652,2024-04,Residential,KERN,Missing Read Investigation,Medium,Open,2024-05-03,
SR00002025,EXC00001379,BILL00016405,ACCT001368,CUST001368,2024-01,Commercial,SANTA CLARA,Account Status Review,Medium,Closed,2024-02-03,2024-02-21
SR00002026,EXC00003258,BILL00036482,ACCT003041,CUST003041,2024-02,Residential,HUMBOLDT,Missing Read Investigation,Medium,In Progress,2024-03-03,
SR00002027,EXC00003521,BILL00038723,ACCT003227,CUST003227,2024-11,Residential,SAN MATEO,Meter Data Investigation,Medium,Cancelled,2024-12-03,2024-12-12
SR00002028,EXC00002670,BILL00029487,ACCT002458,CUST002458,2024-03,Residential,KERN,Meter Data Investigation,Low,Closed,2024-04-03,2024-04-08
SR00002029,EXC00000414,BILL00005324,ACCT000444,CUST000444,2024-08,Residential,NAPA,Account Status Review,Medium,Open,2024-09-03,
SR00002030,EXC00002971,BILL00034157,ACCT002847,CUST002847,2024-05,Residential,SAN JOAQUIN,Account Status Review,Medium,Open,2024-06-03,
SR00002031,EXC00001408,BILL00016666,ACCT001389,CUST001389,2024-10,Agriculture And Water Pumping,ALAMEDA,Account Status Review,Medium,Closed,2024-11-03,2024-11-05
SR00002032,EXC00004289,BILL00047429,ACCT003953,CUST003953,2024-05,Agriculture And Water Pumping,CONTRA COSTA,Account Status Review,Medium,Closed,2024-06-03,2024-06-29
SR00002033,EXC00000942,BILL00012061,ACCT001006,CUST001006,2024-01,Residential,KINGS,Account Status Review,Medium,Open,2024-02-03,
SR00002034,EXC00000802,BILL00009758,ACCT000814,CUST000814,2024-02,Commercial,ALAMEDA,Meter Data Investigation,Low,Open,2024-03-03,
SR00002035,EXC00001289,BILL00015757,ACCT001314,CUST001314,2024-01,Commercial,ALAMEDA,Account Status Review,Low,Open,2024-02-03,
SR00002036,EXC00001559,BILL00018593,ACCT001550,CUST001550,2024-05,Residential,KERN,Account Status Review,High,Closed,2024-06-03,2024-06-19
SR00002037,EXC00002544,BILL00028693,ACCT002392,CUST002392,2024-01,Residential,CONTRA COSTA,Account Status Review,Medium,Closed,2024-02-03,2024-02-19
SR00002038,EXC00002847,BILL00031719,ACCT002644,CUST002644,2024-03,Residential,ALAMEDA,Account Status Review,High,Cancelled,2024-04-03,2024-04-07
SR00002039,EXC00002331,BILL00026776,ACCT002232,CUST002232,2024-04,Residential,KERN,Account Status Review,Medium,Closed,2024-05-03,2024-05-16
SR00002040,EXC00002706,BILL00030019,ACCT002502,CUST002502,2024-07,Residential,SAN JOAQUIN,Missing Read Investigation,Medium,Cancelled,2024-08-03,2024-08-31
SR00002041,EXC00001700,BILL00020215,ACCT001685,CUST001685,2024-07,Residential,FRESNO,Account Status Review,Low,Cancelled,2024-08-03,2024-08-17
SR00002042,EXC00000257,BILL00003550,ACCT000296,CUST000296,2024-10,Residential,SANTA CLARA,Account Status Review,Low,Open,2024-11-03,
SR00002043,EXC00004565,BILL00050543,ACCT004212,CUST004212,2024-11,Residential,SUTTER,Account Status Review,Medium,Cancelled,2024-12-03,2024-12-09
SR00002044,EXC00005299,BILL00058243,ACCT004854,CUST004854,2024-07,Residential,SAN FRANCISCO,Meter Data Investigation,High,Open,2024-08-03,
SR00002045,EXC00001152,BILL00014130,ACCT001178,CUST001178,2024-06,Residential,SANTA CLARA,Account Status Review,Low,Cancelled,2024-07-03,2024-07-15
SR00002046,EXC00002687,BILL00029639,ACCT002470,CUST002470,2024-11,Residential,SAN MATEO,Missing Read Investigation,High,In Progress,2024-12-03,
SR00002047,EXC00001925,BILL00022821,ACCT001902,CUST001902,2024-09,Residential,SANTA CLARA,Account Status Review,Medium,Closed,2024-10-03,2024-10-14
SR00002048,EXC00000648,BILL00008173,ACCT000682,CUST000682,2024-01,Residential,KERN,Account Status Review,Medium,Open,2024-02-03,
SR00002049,EXC00001768,BILL00021258,ACCT001772,CUST001772,2024-06,Residential,MONTEREY,Missing Read Investigation,Medium,Closed,2024-07-03,2024-07-28
SR00002050,EXC00004539,BILL00050247,ACCT004188,CUST004188,2024-03,Residential,CONTRA COSTA,Account Status Review,Medium,Open,2024-04-03,
SR00002051,EXC00002053,BILL00023930,ACCT001995,CUST001995,2024-02,Residential,MENDOCINO,Account Status Review,High,Cancelled,2024-03-03,2024-03-26
SR00002052,EXC00004917,BILL00053725,ACCT004478,CUST004478,2024-01,Residential,MONTEREY,Account Status Review,Medium,Closed,2024-02-03,2024-02-09
SR00002053,EXC00002750,BILL00030209,ACCT002518,CUST002518,2024-05,Residential,ALAMEDA,Account Status Review,Medium,Closed,2024-06-03,2024-06-21
SR00002054,EXC00000025,BILL00000378,ACCT000032,CUST000032,2024-06,Residential,PLACER,Account Status Review,Low,Closed,2024-07-03,2024-07-29
SR00002055,EXC00001089,BILL00013693,ACCT001142,CUST001142,2024-01,Residential,SAN MATEO,Account Status Review,Medium,Cancelled,2024-02-03,2024-02-26
SR00002056,EXC00004387,BILL00048386,ACCT004033,CUST004033,2024-02,Residential,SAN MATEO,Missing Read Investigation,Low,Open,2024-03-03,
SR00002057,EXC00004309,BILL00047469,ACCT003956,CUST003956,2024-09,Commercial,ALAMEDA,Meter Data Investigation,High,In Progress,2024-10-03,
SR00002058,EXC00000113,BILL00001234,ACCT000103,CUST000103,2024-10,Residential,SAN FRANCISCO,Account Status Review,High,Closed,2024-11-03,2024-11-12
SR00002059,EXC00004241,BILL00046781,ACCT003899,CUST003899,2024-05,Residential,GLENN,Account Status Review,High,Open,2024-06-03,
SR00002060,EXC00000057,BILL00000889,ACCT000075,CUST000075,2024-01,Residential,KINGS,Account Status Review,Medium,Closed,2024-02-03,2024-02-07
SR00002061,EXC00001310,BILL00015778,ACCT001315,CUST001315,2024-10,Residential,ALAMEDA,Account Status Review,Medium,In Progress,2024-11-03,
SR00002062,EXC00000696,BILL00008440,ACCT000704,CUST000704,2024-04,Residential,ALAMEDA,Account Status Review,High,Cancelled,2024-05-03,2024-05-14
SR00002063,EXC00001228,BILL00015068,ACCT001256,CUST001256,2024-08,Residential,SAN FRANCISCO,Account Status Review,High,Open,2024-09-03,
SR00002064,EXC00003495,BILL00038357,ACCT003197,CUST003197,2024-05,Industrial,FRESNO,Account Status Review,Low,Open,2024-06-03,
SR00002065,EXC00000277,BILL00003724,ACCT000311,CUST000311,2024-04,Residential,SAN MATEO,Account Status Review,Low,Closed,2024-05-03,2024-05-08
SR00002066,EXC00002938,BILL00033552,ACCT002796,CUST002796,2024-12,Residential,CONTRA COSTA,Account Status Review,High,Closed,2025-01-03,2025-01-09
SR00002067,EXC00001834,BILL00021729,ACCT001811,CUST001811,2024-09,Residential,MERCED,Account Status Review,Critical,Closed,2024-10-03,2024-10-25
SR00002068,EXC00000683,BILL00008355,ACCT000697,CUST000697,2024-03,Residential,KERN,Account Status Review,Medium,Closed,2024-04-03,2024-04-05
SR00002069,EXC00002575,BILL00028860,ACCT002405,CUST002405,2024-12,Residential,SAN MATEO,Account Status Review,Low,Closed,2025-01-03,2025-01-28
SR00002070,EXC00003756,BILL00041507,ACCT003459,CUST003459,2024-11,Residential,LAKE,Account Status Review,Low,In Progress,2024-12-03,
SR00002071,EXC00004094,BILL00045167,ACCT003764,CUST003764,2024-11,Residential,SONOMA,Account Status Review,Medium,Closed,2024-12-03,2024-12-15
SR00002072,EXC00002851,BILL00031723,ACCT002644,CUST002644,2024-07,Residential,ALAMEDA,Account Status Review,Low,Closed,2024-08-03,2024-08-14
SR00002073,EXC00003542,BILL00038874,ACCT003240,CUST003240,2024-06,Residential,SANTA CLARA,Account Status Review,Medium,Closed,2024-07-03,2024-07-12
SR00002074,EXC00003205,BILL00036085,ACCT003008,CUST003008,2024-01,Residential,ALAMEDA,Account Status Review,High,In Progress,2024-02-03,
SR00002075,EXC00004086,BILL00045159,ACCT003764,CUST003764,2024-03,Residential,SONOMA,Account Status Review,High,Cancelled,2024-04-03,2024-04-10
SR00002076,EXC00002578,BILL00028898,ACCT002409,CUST002409,2024-02,"Transportation, Communications, & Utilities",SANTA CLARA,Account Status Review,Critical,Closed,2024-03-03,2024-03-18
SR00002077,EXC00003092,BILL00035396,ACCT002950,CUST002950,2024-08,Industrial,ALAMEDA,Missing Read Investigation,Low,In Progress,2024-09-03,
SR00002078,EXC00003230,BILL00036222,ACCT003019,CUST003019,2024-06,Residential,KERN,Missing Read Investigation,Medium,Open,2024-07-03,
SR00002079,EXC00004429,BILL00048803,ACCT004067,CUST004067,2024-11,Residential,ALAMEDA,Account Status Review,Medium,Open,2024-12-03,
SR00002080,EXC00004796,BILL00052625,ACCT004386,CUST004386,2024-05,Residential,MONTEREY,Missing Read Investigation,Medium,Closed,2024-06-03,2024-06-21
SR00002081,EXC00003661,BILL00040293,ACCT003358,CUST003358,2024-09,Residential,PLACER,Account Status Review,Medium,Closed,2024-10-03,2024-10-07
SR00002082,EXC00005248,BILL00057626,ACCT004803,CUST004803,2024-02,Commercial,SANTA CLARA,Account Status Review,Medium,In Progress,2024-03-03,
SR00002083,EXC00002118,BILL00024564,ACCT002047,CUST002047,2024-12,Residential,SOLANO,Missing Read Investigation,Medium,Closed,2025-01-03,2025-02-01
SR00002084,EXC00004918,BILL00053726,ACCT004478,CUST004478,2024-02,Residential,MONTEREY,Account Status Review,Medium,Closed,2024-03-03,2024-03-20
SR00002085,EXC00004507,BILL00049424,ACCT004119,CUST004119,2024-08,Residential,AMADOR,Account Status Review,Low,Open,2024-09-03,
SR00002086,EXC00004448,BILL00048995,ACCT004083,CUST004083,2024-11,Residential,ALAMEDA,Account Status Review,Low,In Progress,2024-12-03,
SR00002087,EXC00000082,BILL00000960,ACCT000080,CUST000080,2024-12,Residential,KERN,Account Status Review,Low,Closed,2025-01-03,2025-01-17
SR00002088,EXC00001973,BILL00023246,ACCT001938,CUST001938,2024-02,Commercial,MERCED,Meter Data Investigation,Critical,Closed,2024-03-03,2024-03-14
SR00002089,EXC00001715,BILL00020475,ACCT001707,CUST001707,2024-03,Residential,MENDOCINO,Account Status Review,Low,Closed,2024-04-03,2024-04-15
SR00002090,EXC00002292,BILL00026378,ACCT002199,CUST002199,2024-02,Residential,TUOLUMNE,Missing Read Investigation,Low,Cancelled,2024-03-03,2024-03-29
SR00002091,EXC00003456,BILL00037970,ACCT003165,CUST003165,2024-02,Residential,MARIN,Missing Read Investigation,Medium,Closed,2024-03-03,2024-03-18
SR00002092,EXC00001947,BILL00023007,ACCT001918,CUST001918,2024-03,Residential,CALAVERAS,Account Status Review,High,Closed,2024-04-03,2024-04-08
SR00002093,EXC00002729,BILL00030095,ACCT002508,CUST002508,2024-11,Residential,ALAMEDA,Account Status Review,High,Open,2024-12-03,
SR00002094,EXC00003553,BILL00039112,ACCT003260,CUST003260,2024-04,Commercial,MERCED,Meter Data Investigation,Low,Closed,2024-05-03,2024-05-29
SR00002095,EXC00001611,BILL00019430,ACCT001620,CUST001620,2024-02,Residential,SOLANO,Missing Read Investigation,Medium,Closed,2024-03-03,2024-03-20
SR00002096,EXC00002663,BILL00029372,ACCT002448,CUST002448,2024-08,Residential,ALAMEDA,Account Status Review,Critical,Open,2024-09-03,
SR00002097,EXC00003609,BILL00039557,ACCT003297,CUST003297,2024-05,Residential,EL DORADO,Account Status Review,Low,Closed,2024-06-03,2024-06-19
SR00002098,EXC00003405,BILL00037428,ACCT003119,CUST003119,2024-12,Residential,SANTA CLARA,Account Status Review,High,Closed,2025-01-03,2025-01-04
SR00002099,EXC00005278,BILL00057895,ACCT004825,CUST004825,2024-07,Residential,KERN,Meter Data Investigation,Critical,Open,2024-08-03,
SR00002100,EXC00004174,BILL00045999,ACCT003834,CUST003834,2024-03,Residential,KERN,Account Status Review,Low,Closed,2024-04-03,2024-04-14
SR00002101,EXC00000666,BILL00008306,ACCT000693,CUST000693,2024-02,Residential,FRESNO,Account Status Review,Low,Closed,2024-03-03,2024-03-16
SR00002102,EXC00004495,BILL00049320,ACCT004110,CUST004110,2024-12,Residential,FRESNO,Missing Read Investigation,High,Closed,2025-01-03,2025-01-28
SR00002103,EXC00004608,BILL00051000,ACCT004250,CUST004250,2024-12,Agriculture And Water Pumping,ALAMEDA,Account Status Review,Medium,Closed,2025-01-03,2025-01-16
SR00002104,EXC00001018,BILL00012660,ACCT001055,CUST001055,2024-12,Streetlighting,SAN JOAQUIN,Account Status Review,Medium,Closed,2025-01-03,2025-01-13
SR00002105,EXC00000558,BILL00006979,ACCT000582,CUST000582,2024-07,"Transportation, Communications, & Utilities",SAN MATEO,Account Status Review,High,Open,2024-08-03,
SR00002106,EXC00003823,BILL00042822,ACCT003569,CUST003569,2024-06,Residential,KERN,Account Status Review,Medium,Closed,2024-07-03,2024-07-09
SR00002107,EXC00005235,BILL00057601,ACCT004801,CUST004801,2024-01,Residential,MERCED,Account Status Review,Medium,In Progress,2024-02-03,
SR00002108,EXC00001208,BILL00014735,ACCT001228,CUST001228,2024-11,Residential,SHASTA,Account Status Review,Medium,Closed,2024-12-03,2024-12-22
SR00002109,EXC00003730,BILL00041206,ACCT003434,CUST003434,2024-10,Residential,MONTEREY,Missing Read Investigation,High,Closed,2024-11-03,2024-11-11
SR00002110,EXC00002488,BILL00027967,ACCT002331,CUST002331,2024-07,Residential,SANTA CLARA,Meter Data Investigation,High,Open,2024-08-03,
SR00002111,EXC00001511,BILL00017995,ACCT001500,CUST001500,2024-07,Commercial,MERCED,Account Status Review,Critical,Open,2024-08-03,
SR00002112,EXC00003606,BILL00039554,ACCT003297,CUST003297,2024-02,Residential,EL DORADO,Account Status Review,Low,Closed,2024-03-03,2024-03-17
SR00002113,EXC00003352,BILL00037052,ACCT003088,CUST003088,2024-08,Residential,SOLANO,Account Status Review,High,Closed,2024-09-03,2024-09-12
SR00002114,EXC00000267,BILL00003642,ACCT000304,CUST000304,2024-06,Residential,SONOMA,Account Status Review,Medium,Closed,2024-07-03,2024-07-23
SR00002115,EXC00002908,BILL00033451,ACCT002788,CUST002788,2024-07,Residential,YOLO,Account Status Review,Critical,Closed,2024-08-03,2024-08-22
SR00002116,EXC00004757,BILL00052330,ACCT004361,CUST004361,2024-10,Residential,PLACER,Account Status Review,Medium,Cancelled,2024-11-03,2024-11-07
SR00002117,EXC00002112,BILL00024458,ACCT002039,CUST002039,2024-02,Residential,PLACER,Missing Read Investigation,High,Closed,2024-03-03,2024-03-30
SR00002118,EXC00002421,BILL00027510,ACCT002293,CUST002293,2024-06,Residential,SANTA CLARA,Account Status Review,Medium,Closed,2024-07-03,2024-07-24
SR00002119,EXC00001910,BILL00022520,ACCT001877,CUST001877,2024-08,Residential,SANTA CLARA,Missing Read Investigation,Medium,Closed,2024-09-03,2024-09-30
SR00002120,EXC00003214,BILL00036094,ACCT003008,CUST003008,2024-10,Residential,ALAMEDA,Account Status Review,High,Open,2024-11-03,
SR00002121,EXC00004634,BILL00051199,ACCT004267,CUST004267,2024-07,Residential,ALAMEDA,Account Status Review,Medium,Closed,2024-08-03,2024-08-17
SR00002122,EXC00004726,BILL00052138,ACCT004345,CUST004345,2024-10,Residential,CONTRA COSTA,Account Status Review,High,Closed,2024-11-03,2024-11-04
SR00002123,EXC00002641,BILL00029221,ACCT002436,CUST002436,2024-01,Residential,SONOMA,Account Status Review,Critical,Closed,2024-02-03,2024-03-03
SR00002124,EXC00001785,BILL00021446,ACCT001788,CUST001788,2024-02,Residential,SAN JOAQUIN,Meter Data Investigation,Medium,Closed,2024-03-03,2024-03-15
SR00002125,EXC00001238,BILL00015229,ACCT001270,CUST001270,2024-01,Residential,SANTA BARBARA,Missing Read Investigation,Medium,Cancelled,2024-02-03,2024-02-25
SR00002126,EXC00005330,BILL00059180,ACCT004932,CUST004932,2024-08,Residential,SANTA CLARA,Missing Read Investigation,High,Closed,2024-09-03,2024-09-05
SR00002127,EXC00002893,BILL00033194,ACCT002767,CUST002767,2024-02,Residential,ALAMEDA,Meter Data Investigation,High,Closed,2024-03-03,2024-03-23
SR00002128,EXC00000909,BILL00011526,ACCT000961,CUST000961,2024-06,Residential,KERN,Missing Read Investigation,Low,Closed,2024-07-03,2024-07-17
SR00002129,EXC00001304,BILL00015772,ACCT001315,CUST001315,2024-04,Residential,ALAMEDA,Account Status Review,Medium,Closed,2024-05-03,2024-05-31
SR00002130,EXC00004838,BILL00053165,ACCT004431,CUST004431,2024-05,Residential,SAN JOAQUIN,Account Status Review,Medium,Open,2024-06-03,
SR00002131,EXC00001628,BILL00019687,ACCT001641,CUST001641,2024-07,Residential,MADERA,Account Status Review,High,Open,2024-08-03,
SR00002132,EXC00001523,BILL00018299,ACCT001525,CUST001525,2024-11,Residential,CONTRA COSTA,Missing Read Investigation,Medium,In Progress,2024-12-03,
SR00002133,EXC00000836,BILL00010121,ACCT000844,CUST000844,2024-05,Agriculture And Water Pumping,CONTRA COSTA,Meter Data Investigation,High,Closed,2024-06-03,2024-06-17
SR00002134,EXC00000359,BILL00004499,ACCT000375,CUST000375,2024-11,Residential,KERN,Account Status Review,Medium,Closed,2024-12-03,2024-12-16
SR00002135,EXC00000139,BILL00001845,ACCT000154,CUST000154,2024-09,Residential,MADERA,Meter Data Investigation,Low,Closed,2024-10-03,2024-10-31
SR00002136,EXC00000300,BILL00003865,ACCT000323,CUST000323,2024-01,Residential,KERN,Account Status Review,Medium,Closed,2024-02-03,2024-02-13
SR00002137,EXC00001557,BILL00018591,ACCT001550,CUST001550,2024-03,Residential,KERN,Account Status Review,Low,Open,2024-04-03,
SR00002138,EXC00001004,BILL00012505,ACCT001043,CUST001043,2024-01,Residential,KERN,Missing Read Investigation,Low,Closed,2024-02-03,2024-02-20
SR00002139,EXC00000383,BILL00004852,ACCT000405,CUST000405,2024-04,Residential,SAN MATEO,Account Status Review,Low,Closed,2024-05-03,2024-05-08
SR00002140,EXC00003033,BILL00034667,ACCT002889,CUST002889,2024-11,Commercial,ALAMEDA,Account Status Review,Low,Closed,2024-12-03,2024-12-12
SR00002141,EXC00000762,BILL00009364,ACCT000781,CUST000781,2024-04,Residential,SANTA BARBARA,Account Status Review,Medium,Open,2024-05-03,
SR00002142,EXC00002969,BILL00034155,ACCT002847,CUST002847,2024-03,Residential,SAN JOAQUIN,Account Status Review,Low,Closed,2024-04-03,2024-04-11
SR00002143,EXC00002560,BILL00028818,ACCT002402,CUST002402,2024-06,Residential,FRESNO,Meter Data Investigation,Medium,Closed,2024-07-03,2024-07-14
SR00002144,EXC00003251,BILL00036273,ACCT003023,CUST003023,2024-09,Residential,SAN JOAQUIN,Account Status Review,Medium,Closed,2024-10-03,2024-10-07
SR00002145,EXC00004376,BILL00048224,ACCT004019,CUST004019,2024-08,Residential,CONTRA COSTA,Account Status Review,High,Closed,2024-09-03,2024-09-15
SR00002146,EXC00001403,BILL00016661,ACCT001389,CUST001389,2024-05,Agriculture And Water Pumping,ALAMEDA,Account Status Review,Medium,Closed,2024-06-03,2024-06-09
SR00002147,EXC00002388,BILL00027129,ACCT002261,CUST002261,2024-09,Residential,ALAMEDA,Account Status Review,Critical,In Progress,2024-10-03,
SR00002148,EXC00004651,BILL00051661,ACCT004306,CUST004306,2024-01,Residential,SANTA CLARA,Meter Data Investigation,Medium,Open,2024-02-03,
SR00002149,EXC00001933,BILL00022982,ACCT001916,CUST001916,2024-02,Residential,SANTA CLARA,Account Status Review,High,Open,2024-03-03,
SR00002150,EXC00004099,BILL00045234,ACCT003770,CUST003770,2024-06,Residential,SANTA CLARA,Missing Read Investigation,Medium,Closed,2024-07-03,2024-07-16
SR00002151,EXC00004314,BILL00047594,ACCT003967,CUST003967,2024-02,Residential,NEVADA,Account Status Review,High,Open,2024-03-03,
SR00002152,EXC00002324,BILL00026591,ACCT002216,CUST002216,2024-11,Residential,EL DORADO,Missing Read Investigation,Medium,Closed,2024-12-03,2024-12-20
SR00002153,EXC00003186,BILL00036033,ACCT003003,CUST003003,2024-09,Residential,SANTA CLARA,Account Status Review,Low,Closed,2024-10-03,2024-10-19
SR00002154,EXC00000059,BILL00000891,ACCT000075,CUST000075,2024-03,Residential,KINGS,Account Status Review,High,Closed,2024-04-03,2024-04-10
SR00002155,EXC00000077,BILL00000955,ACCT000080,CUST000080,2024-07,Residential,KERN,Account Status Review,High,Closed,2024-08-03,2024-08-28
SR00002156,EXC00000797,BILL00009658,ACCT000805,CUST000805,2024-10,Residential,MARIN,Account Status Review,Medium,Closed,2024-11-03,2024-11-10
SR00002157,EXC00003810,BILL00042476,ACCT003540,CUST003540,2024-08,Residential,MONTEREY,Missing Read Investigation,Medium,Closed,2024-09-03,2024-09-12
SR00002158,EXC00000786,BILL00009647,ACCT000804,CUST000804,2024-11,Residential,SAN JOAQUIN,Account Status Review,Medium,Open,2024-12-03,
SR00002159,EXC00003680,BILL00040533,ACCT003378,CUST003378,2024-09,Residential,SANTA CLARA,Account Status Review,Medium,In Progress,2024-10-03,
SR00002160,EXC00003195,BILL00036075,ACCT003007,CUST003007,2024-03,Commercial,MADERA,Account Status Review,Medium,In Progress,2024-04-03,
SR00002161,EXC00002883,BILL00032830,ACCT002736,CUST002736,2024-10,Residential,SANTA BARBARA,Meter Data Investigation,Critical,Closed,2024-11-03,2024-11-05
SR00002162,EXC00002760,BILL00030292,ACCT002525,CUST002525,2024-04,Commercial,SAN MATEO,Missing Read Investigation,Low,In Progress,2024-05-03,
SR00002163,EXC00004177,BILL00046002,ACCT003834,CUST003834,2024-06,Residential,KERN,Account Status Review,Critical,Closed,2024-07-03,2024-07-18
SR00002164,EXC00000911,BILL00011600,ACCT000967,CUST000967,2024-08,Residential,SONOMA,Missing Read Investigation,Low,Closed,2024-09-03,2024-09-14
SR00002165,EXC00002896,BILL00033250,ACCT002771,CUST002771,2024-10,Residential,KERN,Meter Data Investigation,Medium,In Progress,2024-11-03,
SR00002166,EXC00005061,BILL00055162,ACCT004597,CUST004597,2024-10,Residential,KERN,Missing Read Investigation,Low,In Progress,2024-11-03,
SR00002167,EXC00001258,BILL00015435,ACCT001287,CUST001287,2024-03,Residential,MONTEREY,Account Status Review,High,Closed,2024-04-03,2024-04-17
SR00002168,EXC00004370,BILL00048218,ACCT004019,CUST004019,2024-02,Residential,CONTRA COSTA,Account Status Review,Low,Closed,2024-03-03,2024-03-13
SR00002169,EXC00002941,BILL00033612,ACCT002801,CUST002801,2024-12,Residential,CONTRA COSTA,Meter Data Investigation,Medium,Open,2025-01-03,
SR00002170,EXC00001179,BILL00014385,ACCT001199,CUST001199,2024-09,Residential,SANTA CLARA,Missing Read Investigation,Low,Closed,2024-10-03,2024-11-01
SR00002171,EXC00004052,BILL00044787,ACCT003733,CUST003733,2024-03,Residential,ALAMEDA,Account Status Review,Low,In Progress,2024-04-03,
SR00002172,EXC00004421,BILL00048795,ACCT004067,CUST004067,2024-03,Residential,ALAMEDA,Account Status Review,High,Closed,2024-04-03,2024-04-26
SR00002173,EXC00000443,BILL00005423,ACCT000452,CUST000452,2024-11,Residential,ALAMEDA,Account Status Review,Medium,Closed,2024-12-03,2024-12-25
SR00002174,EXC00004923,BILL00053731,ACCT004478,CUST004478,2024-07,Residential,MONTEREY,Account Status Review,Low,Open,2024-08-03,
SR00002175,EXC00002499,BILL00027983,ACCT002332,CUST002332,2024-11,Residential,BUTTE,Account Status Review,Medium,Cancelled,2024-12-03,2024-12-19
SR00002176,EXC00004666,BILL00051894,ACCT004325,CUST004325,2024-06,Commercial,SANTA CLARA,Account Status Review,Medium,Closed,2024-07-03,2024-07-04
SR00002177,EXC00005154,BILL00056409,ACCT004701,CUST004701,2024-09,Residential,MERCED,Account Status Review,Medium,Closed,2024-10-03,2024-10-05
SR00002178,EXC00004049,BILL00044771,ACCT003731,CUST003731,2024-11,Residential,SANTA CLARA,Missing Read Investigation,Low,Open,2024-12-03,
SR00002179,EXC00004516,BILL00049646,ACCT004138,CUST004138,2024-02,Residential,ALAMEDA,Missing Read Investigation,Medium,Closed,2024-03-03,2024-03-21
SR00002180,EXC00004150,BILL00045767,ACCT003814,CUST003814,2024-11,Residential,SAN MATEO,Missing Read Investigation,Medium,Closed,2024-12-03,2024-12-30
SR00002181,EXC00004084,BILL00045157,ACCT003764,CUST003764,2024-01,Residential,SONOMA,Account Status Review,Medium,Closed,2024-02-03,2024-02-26
SR00002182,EXC00003832,BILL00042871,ACCT003573,CUST003573,2024-07,Commercial,ALAMEDA,Missing Read Investigation,Medium,Closed,2024-08-03,2024-08-05
SR00002183,EXC00003600,BILL00039469,ACCT003290,CUST003290,2024-01,Residential,KERN,Meter Data Investigation,Medium,Closed,2024-02-03,2024-03-02
SR00002184,EXC00004464,BILL00049117,ACCT004094,CUST004094,2024-01,Industrial,FRESNO,Account Status Review,Medium,Open,2024-02-03,
SR00002185,EXC00002285,BILL00026311,ACCT002193,CUST002193,2024-07,Residential,KERN,Account Status Review,Medium,In Progress,2024-08-03,
SR00002186,EXC00003551,BILL00038999,ACCT003250,CUST003250,2024-11,Residential,SAN JOAQUIN,Missing Read Investigation,Low,Closed,2024-12-03,2024-12-19
SR00002187,EXC00001503,BILL00017940,ACCT001495,CUST001495,2024-12,Residential,KINGS,Missing Read Investigation,Medium,Open,2025-01-03,
SR00002188,EXC00004461,BILL00049091,ACCT004091,CUST004091,2024-11,Residential,KERN,Account Status Review,Low,Open,2024-12-03,
SR00002189,EXC00003164,BILL00035952,ACCT002996,CUST002996,2024-12,Commercial,ALAMEDA,Account Status Review,Low,Closed,2025-01-03,2025-01-12
SR00002190,EXC00002012,BILL00023523,ACCT001961,CUST001961,2024-03,Residential,PLACER,Account Status Review,Low,Closed,2024-04-03,2024-04-17
SR00002191,EXC00004103,BILL00045323,ACCT003777,CUST003777,2024-11,Commercial,KINGS,Missing Read Investigation,Medium,Open,2024-12-03,
SR00002192,EXC00002524,BILL00028388,ACCT002366,CUST002366,2024-08,Residential,MARIN,Missing Read Investigation,Medium,Open,2024-09-03,
SR00002193,EXC00005024,BILL00054917,ACCT004577,CUST004577,2024-05,Residential,FRESNO,Account Status Review,High,Closed,2024-06-03,2024-06-29
SR00002194,EXC00004085,BILL00045158,ACCT003764,CUST003764,2024-02,Residential,SONOMA,Account Status Review,Low,Closed,2024-03-03,2024-03-19
SR00002195,EXC00000007,BILL00000050,ACCT000005,CUST000005,2024-02,Residential,MONTEREY,Missing Read Investigation,Medium,In Progress,2024-03-03,
SR00002196,EXC00000679,BILL00008343,ACCT000696,CUST000696,2024-03,Residential,ALAMEDA,Meter Data Investigation,Medium,Closed,2024-04-03,2024-04-14
SR00002197,EXC00001944,BILL00023004,ACCT001917,CUST001917,2024-12,Commercial,MARIN,Missing Read Investigation,Low,Closed,2025-01-03,2025-01-30
SR00002198,EXC00004380,BILL00048228,ACCT004019,CUST004019,2024-12,Residential,CONTRA COSTA,Account Status Review,Medium,Open,2025-01-03,
SR00002199,EXC00005171,BILL00056767,ACCT004731,CUST004731,2024-07,Residential,SANTA CLARA,Account Status Review,Low,In Progress,2024-08-03,
SR00002200,EXC00003560,BILL00039186,ACCT003266,CUST003266,2024-06,Residential,CONTRA COSTA,Account Status Review,High,Closed,2024-07-03,2024-07-25
SR00002201,EXC00004156,BILL00045867,ACCT003823,CUST003823,2024-03,Commercial,SANTA CLARA,Account Status Review,Medium,In Progress,2024-04-03,
SR00002202,EXC00002933,BILL00033547,ACCT002796,CUST002796,2024-07,Residential,CONTRA COSTA,Account Status Review,Medium,In Progress,2024-08-03,
SR00002203,EXC00005144,BILL00056310,ACCT004693,CUST004693,2024-06,Residential,KERN,Missing Read Investigation,Medium,In Progress,2024-07-03,
SR00002204,EXC00001065,BILL00013206,ACCT001101,CUST001101,2024-06,Residential,SAN MATEO,Meter Data Investigation,Low,In Progress,2024-07-03,
SR00002205,EXC00003071,BILL00034950,ACCT002913,CUST002913,2024-06,Residential,PLACER,Account Status Review,Medium,Closed,2024-07-03,2024-07-24
SR00002206,EXC00001475,BILL00017669,ACCT001473,CUST001473,2024-05,Commercial,SANTA BARBARA,Account Status Review,Medium,Closed,2024-06-03,2024-06-16
SR00002207,EXC00003939,BILL00044165,ACCT003681,CUST003681,2024-05,Residential,CONTRA COSTA,Account Status Review,Low,Cancelled,2024-06-03,2024-06-12
SR00002208,EXC00004083,BILL00045049,ACCT003755,CUST003755,2024-01,Residential,LAKE,Meter Data Investigation,Medium,Closed,2024-02-03,2024-02-06
SR00002209,EXC00002842,BILL00031687,ACCT002641,CUST002641,2024-07,Residential,KERN,Missing Read Investigation,Low,Open,2024-08-03,
SR00002210,EXC00002022,BILL00023589,ACCT001966,CUST001966,2024-09,Residential,SANTA CLARA,Meter Data Investigation,High,In Progress,2024-10-03,
SR00002211,EXC00004259,BILL00047197,ACCT003934,CUST003934,2024-01,Residential,FRESNO,Account Status Review,Medium,Closed,2024-02-03,2024-02-10
SR00002212,EXC00003530,BILL00038862,ACCT003239,CUST003239,2024-06,Residential,COLUSA,Account Status Review,Medium,Open,2024-07-03,
SR00002213,EXC00002810,BILL00031059,ACCT002589,CUST002589,2024-03,Residential,PLACER,Account Status Review,Medium,Closed,2024-04-03,2024-04-16
SR00002214,EXC00001131,BILL00014074,ACCT001173,CUST001173,2024-10,Residential,CONTRA COSTA,Account Status Review,Medium,Closed,2024-11-03,2024-11-23
SR00002215,EXC00001462,BILL00017456,ACCT001455,CUST001455,2024-08,Residential,SONOMA,Account Status Review,Medium,Closed,2024-09-03,2024-09-06
SR00002216,EXC00004895,BILL00053575,ACCT004465,CUST004465,2024-07,Residential,SAN JOAQUIN,Account Status Review,Medium,Closed,2024-08-03,2024-08-15
SR00002217,EXC00003097,BILL00035474,ACCT002957,CUST002957,2024-02,Residential,FRESNO,Account Status Review,Critical,Closed,2024-03-03,2024-03-30
SR00002218,EXC00004830,BILL00053051,ACCT004421,CUST004421,2024-11,Residential,YOLO,Account Status Review,Medium,In Progress,2024-12-03,
SR00002219,EXC00000223,BILL00003161,ACCT000264,CUST000264,2024-05,Residential,CONTRA COSTA,Account Status Review,High,In Progress,2024-06-03,
SR00002220,EXC00005011,BILL00054856,ACCT004572,CUST004572,2024-04,Residential,SANTA CLARA,Account Status Review,Medium,Closed,2024-05-03,2024-05-11
SR00002221,EXC00000049,BILL00000598,ACCT000050,CUST000050,2024-10,Residential,PLACER,Account Status Review,Medium,Closed,2024-11-03,2024-11-18
SR00002222,EXC00000574,BILL00007290,ACCT000608,CUST000608,2024-06,Residential,SONOMA,Meter Data Investigation,Medium,Cancelled,2024-07-03,2024-07-18
SR00002223,EXC00001237,BILL00015224,ACCT001269,CUST001269,2024-08,Residential,ALAMEDA,Meter Data Investigation,Medium,Closed,2024-09-03,2024-09-12
SR00002224,EXC00004117,BILL00045371,ACCT003781,CUST003781,2024-11,Residential,SANTA CLARA,Account Status Review,Low,In Progress,2024-12-03,
SR00002225,EXC00005239,BILL00057605,ACCT004801,CUST004801,2024-05,Residential,MERCED,Account Status Review,Medium,In Progress,2024-06-03,
SR00002226,EXC00005318,BILL00058668,ACCT004889,CUST004889,2024-12,Residential,SANTA CLARA,Account Status Review,High,Closed,2025-01-03,2025-01-09
SR00002227,EXC00000268,BILL00003643,ACCT000304,CUST000304,2024-07,Residential,SONOMA,Account Status Review,Low,In Progress,2024-08-03,
SR00002228,EXC00001105,BILL00013850,ACCT001155,CUST001155,2024-02,Residential,SANTA CLARA,Meter Data Investigation,Medium,Closed,2024-03-03,2024-03-22
SR00002229,EXC00001936,BILL00022985,ACCT001916,CUST001916,2024-05,Residential,SANTA CLARA,Account Status Review,Medium,Open,2024-06-03,
SR00002230,EXC00000387,BILL00004856,ACCT000405,CUST000405,2024-08,Residential,SAN MATEO,Account Status Review,Medium,Closed,2024-09-03,2024-09-29
SR00002231,EXC00003863,BILL00043089,ACCT003591,CUST003591,2024-09,Agriculture And Water Pumping,SAN JOAQUIN,Missing Read Investigation,Low,In Progress,2024-10-03,
SR00002232,EXC00003613,BILL00039561,ACCT003297,CUST003297,2024-09,Residential,EL DORADO,Account Status Review,High,Closed,2024-10-03,2024-10-16
SR00002233,EXC00004851,BILL00053390,ACCT004450,CUST004450,2024-02,Residential,ALAMEDA,Account Status Review,Medium,Closed,2024-03-03,2024-03-08
SR00002234,EXC00005220,BILL00057375,ACCT004782,CUST004782,2024-03,Residential,KERN,Account Status Review,Medium,In Progress,2024-04-03,
SR00002235,EXC00001564,BILL00018598,ACCT001550,CUST001550,2024-10,Residential,KERN,Account Status Review,High,Open,2024-11-03,
SR00002236,EXC00002946,BILL00033772,ACCT002815,CUST002815,2024-04,Residential,SANTA CLARA,Meter Data Investigation,Medium,In Progress,2024-05-03,
SR00002237,EXC00000210,BILL00002982,ACCT000249,CUST000249,2024-06,Agriculture And Water Pumping,KERN,Account Status Review,High,Open,2024-07-03,
SR00002238,EXC00000910,BILL00011543,ACCT000962,CUST000962,2024-11,Residential,NAPA,Missing Read Investigation,Medium,Open,2024-12-03,
SR00002239,EXC00001290,BILL00015758,ACCT001314,CUST001314,2024-02,Commercial,ALAMEDA,Account Status Review,Medium,Cancelled,2024-03-03,2024-03-17
SR00002240,EXC00004915,BILL00053663,ACCT004472,CUST004472,2024-11,Mining,FRESNO,Account Status Review,Low,Cancelled,2024-12-03,2024-12-16
SR00002241,EXC00003949,BILL00044195,ACCT003683,CUST003683,2024-11,Residential,SANTA CLARA,Missing Read Investigation,Medium,Open,2024-12-03,
SR00002242,EXC00001843,BILL00021738,ACCT001812,CUST001812,2024-06,Residential,CONTRA COSTA,Account Status Review,Medium,In Progress,2024-07-03,
SR00002243,EXC00005395,BILL00059791,ACCT004983,CUST004983,2024-07,Residential,ALAMEDA,Account Status Review,Medium,Closed,2024-08-03,2024-08-16
SR00002244,EXC00002991,BILL00034338,ACCT002862,CUST002862,2024-06,Residential,SANTA CLARA,Account Status Review,Medium,Open,2024-07-03,
SR00002245,EXC00000959,BILL00012147,ACCT001013,CUST001013,2024-03,Industrial,HUMBOLDT,Account Status Review,Medium,Closed,2024-04-03,2024-04-15
SR00002246,EXC00001794,BILL00021511,ACCT001793,CUST001793,2024-07,Residential,KERN,Account Status Review,Medium,Closed,2024-08-03,2024-08-29
SR00002247,EXC00002089,BILL00024130,ACCT002011,CUST002011,2024-10,Residential,ALAMEDA,Account Status Review,Low,In Progress,2024-11-03,
SR00002248,EXC00000332,BILL00004325,ACCT000361,CUST000361,2024-05,Residential,SAN LUIS OBISPO,Missing Read Investigation,Low,Closed,2024-06-03,2024-06-16
SR00002249,EXC00004950,BILL00054228,ACCT004519,CUST004519,2024-12,Residential,PLACER,Account Status Review,Medium,In Progress,2025-01-03,
SR00002250,EXC00003196,BILL00036076,ACCT003007,CUST003007,2024-04,Commercial,MADERA,Account Status Review,Medium,Closed,2024-05-03,2024-05-08
SR00002251,EXC00002843,BILL00031696,ACCT002642,CUST002642,2024-04,Residential,ALAMEDA,Missing Read Investigation,High,Open,2024-05-03,
SR00002252,EXC00001775,BILL00021295,ACCT001775,CUST001775,2024-07,Residential,KERN,Account Status Review,Low,Closed,2024-08-03,2024-08-22
SR00002253,EXC00004193,BILL00046041,ACCT003837,CUST003837,2024-09,Industrial,KERN,Account Status Review,Low,Closed,2024-10-03,2024-10-21
SR00002254,EXC00004358,BILL00048194,ACCT004017,CUST004017,2024-02,Commercial,SANTA CLARA,Account Status Review,High,Closed,2024-03-03,2024-03-10
SR00002255,EXC00004395,BILL00048709,ACCT004060,CUST004060,2024-01,Mining,SANTA CLARA,Account Status Review,Medium,Closed,2024-02-03,2024-02-19
SR00002256,EXC00004619,BILL00051091,ACCT004258,CUST004258,2024-07,Residential,SANTA CLARA,Account Status Review,Low,Closed,2024-08-03,2024-08-26
SR00002257,EXC00003102,BILL00035479,ACCT002957,CUST002957,2024-07,Residential,FRESNO,Account Status Review,Low,Closed,2024-08-03,2024-08-06
SR00002258,EXC00003044,BILL00034725,ACCT002894,CUST002894,2024-09,Residential,KERN,Account Status Review,Medium,Closed,2024-10-03,2024-10-12
SR00002259,EXC00003937,BILL00044163,ACCT003681,CUST003681,2024-03,Residential,CONTRA COSTA,Account Status Review,Medium,Cancelled,2024-04-03,2024-04-06
SR00002260,EXC00004134,BILL00045592,ACCT003800,CUST003800,2024-04,Residential,KERN,Missing Read Investigation,Medium,Closed,2024-05-03,2024-05-14
SR00002261,EXC00001367,BILL00016185,ACCT001349,CUST001349,2024-09,"Transportation, Communications, & Utilities",SAN LUIS OBISPO,Missing Read Investigation,Medium,Open,2024-10-03,
SR00002262,EXC00000174,BILL00002666,ACCT000223,CUST000223,2024-02,Residential,SANTA CLARA,Account Status Review,Low,Closed,2024-03-03,2024-03-27
SR00002263,EXC00003324,BILL00036894,ACCT003075,CUST003075,2024-06,Residential,SAN JOAQUIN,Account Status Review,High,Closed,2024-07-03,2024-07-30
SR00002264,EXC00003890,BILL00043558,ACCT003630,CUST003630,2024-10,Residential,FRESNO,Account Status Review,Medium,Open,2024-11-03,
SR00002265,EXC00002381,BILL00027122,ACCT002261,CUST002261,2024-02,Residential,ALAMEDA,Account Status Review,High,In Progress,2024-03-03,
SR00002266,EXC00004729,BILL00052153,ACCT004347,CUST004347,2024-01,Commercial,MADERA,Missing Read Investigation,High,In Progress,2024-02-03,
SR00002267,EXC00001953,BILL00023013,ACCT001918,CUST001918,2024-09,Residential,CALAVERAS,Account Status Review,Low,Open,2024-10-03,
SR00002268,EXC00004328,BILL00047768,ACCT003981,CUST003981,2024-08,Commercial,MADERA,Missing Read Investigation,Low,Closed,2024-09-03,2024-09-08
SR00002269,EXC00002037,BILL00023879,ACCT001990,CUST001990,2024-11,Residential,CONTRA COSTA,Account Status Review,Medium,In Progress,2024-12-03,
SR00002270,EXC00003743,BILL00041232,ACCT003436,CUST003436,2024-12,Residential,ALAMEDA,Account Status Review,Medium,Closed,2025-01-03,2025-01-13
SR00002271,EXC00004215,BILL00046304,ACCT003859,CUST003859,2024-08,Residential,SAN FRANCISCO,Missing Read Investigation,Low,Closed,2024-09-03,2024-09-17
SR00002272,EXC00003469,BILL00038260,ACCT003189,CUST003189,2024-04,Commercial,PLACER,Account Status Review,Medium,Open,2024-05-03,
SR00002273,EXC00000001,BILL00000009,ACCT000001,CUST000001,2024-09,Residential,KERN,Meter Data Investigation,Critical,Open,2024-10-03,
SR00002274,EXC00002175,BILL00024890,ACCT002075,CUST002075,2024-02,Commercial,KERN,Missing Read Investigation,Low,Open,2024-03-03,
SR00002275,EXC00001357,BILL00016155,ACCT001347,CUST001347,2024-03,Residential,ALAMEDA,Account Status Review,Low,Closed,2024-04-03,2024-04-11
SR00002276,EXC00003965,BILL00044270,ACCT003690,CUST003690,2024-02,Residential,SANTA CLARA,Meter Data Investigation,Low,Open,2024-03-03,
SR00002277,EXC00003254,BILL00036276,ACCT003023,CUST003023,2024-12,Residential,SAN JOAQUIN,Account Status Review,High,Open,2025-01-03,
SR00002278,EXC00002593,BILL00028913,ACCT002410,CUST002410,2024-05,Residential,SAN LUIS OBISPO,Account Status Review,Low,Closed,2024-06-03,2024-06-30
SR00002279,EXC00000397,BILL00005164,ACCT000431,CUST000431,2024-04,Residential,EL DORADO,Meter Data Investigation,Medium,Closed,2024-05-03,2024-05-28
SR00002280,EXC00004041,BILL00044718,ACCT003727,CUST003727,2024-06,Residential,KERN,Account Status Review,Medium,Closed,2024-07-03,2024-07-07
SR00002281,EXC00002751,BILL00030210,ACCT002518,CUST002518,2024-06,Residential,ALAMEDA,Account Status Review,Low,Closed,2024-07-03,2024-07-31
SR00002282,EXC00001813,BILL00021648,ACCT001804,CUST001804,2024-12,Residential,KERN,Account Status Review,Medium,Closed,2025-01-03,2025-02-01
SR00002283,EXC00003716,BILL00041011,ACCT003418,CUST003418,2024-07,Residential,SAN FRANCISCO,Account Status Review,Medium,Closed,2024-08-03,2024-08-17
SR00002284,EXC00003648,BILL00040123,ACCT003344,CUST003344,2024-07,Residential,KERN,Missing Read Investigation,Medium,Closed,2024-08-03,2024-08-11
SR00002285,EXC00000817,BILL00009876,ACCT000823,CUST000823,2024-12,Residential,FRESNO,Account Status Review,Medium,Closed,2025-01-03,2025-01-08
SR00002286,EXC00001573,BILL00018865,ACCT001573,CUST001573,2024-01,Residential,SANTA CLARA,Missing Read Investigation,High,In Progress,2024-02-03,
SR00002287,EXC00003758,BILL00041521,ACCT003461,CUST003461,2024-01,Residential,KINGS,Account Status Review,High,Closed,2024-02-03,2024-03-03
SR00002288,EXC00001801,BILL00021587,ACCT001799,CUST001799,2024-11,Residential,SANTA CLARA,Missing Read Investigation,Medium,Closed,2024-12-03,2024-12-11
SR00002289,EXC00002281,BILL00026307,ACCT002193,CUST002193,2024-03,Residential,KERN,Account Status Review,Low,Closed,2024-04-03,2024-04-10
SR00002290,EXC00004282,BILL00047410,ACCT003951,CUST003951,2024-10,Residential,ALAMEDA,Account Status Review,Medium,Closed,2024-11-03,2024-11-14
SR00002291,EXC00004090,BILL00045163,ACCT003764,CUST003764,2024-07,Residential,SONOMA,Account Status Review,Low,Closed,2024-08-03,2024-08-13
SR00002292,EXC00002699,BILL00029949,ACCT002496,CUST002496,2024-09,Residential,SANTA CLARA,Account Status Review,Medium,Cancelled,2024-10-03,2024-10-15
SR00002293,EXC00004672,BILL00051900,ACCT004325,CUST004325,2024-12,Commercial,SANTA CLARA,Account Status Review,Medium,Closed,2025-01-03,2025-01-13
SR00002294,EXC00003177,BILL00036012,ACCT003001,CUST003001,2024-12,Residential,FRESNO,Account Status Review,Critical,Open,2025-01-03,
SR00002295,EXC00005196,BILL00057017,ACCT004752,CUST004752,2024-05,Residential,SANTA CLARA,Meter Data Investigation,High,Closed,2024-06-03,2024-07-01
SR00002296,EXC00002722,BILL00030088,ACCT002508,CUST002508,2024-04,Residential,ALAMEDA,Account Status Review,Medium,In Progress,2024-05-03,
SR00002297,EXC00003933,BILL00044100,ACCT003675,CUST003675,2024-12,Residential,CONTRA COSTA,Account Status Review,Critical,Open,2025-01-03,
SR00002298,EXC00003699,BILL00040810,ACCT003401,CUST003401,2024-10,Residential,KERN,Account Status Review,Medium,Closed,2024-11-03,2024-11-24
SR00002299,EXC00000555,BILL00006976,ACCT000582,CUST000582,2024-04,"Transportation, Communications, & Utilities",SAN MATEO,Account Status Review,Medium,Closed,2024-05-03,2024-05-05
SR00002300,EXC00001160,BILL00014154,ACCT001180,CUST001180,2024-06,Residential,ALAMEDA,Meter Data Investigation,Medium,In Progress,2024-07-03,
SR00002301,EXC00001214,BILL00014825,ACCT001236,CUST001236,2024-05,Residential,SAN JOAQUIN,Meter Data Investigation,Medium,Open,2024-06-03,
SR00002302,EXC00003989,BILL00044407,ACCT003701,CUST003701,2024-07,Residential,MENDOCINO,Account Status Review,High,In Progress,2024-08-03,
SR00002303,EXC00001326,BILL00015889,ACCT001325,CUST001325,2024-01,"Transportation, Communications, & Utilities",SANTA CLARA,Account Status Review,Low,Closed,2024-02-03,2024-02-04
SR00002304,EXC00002700,BILL00029950,ACCT002496,CUST002496,2024-10,Residential,SANTA CLARA,Account Status Review,Low,Cancelled,2024-11-03,2024-11-30
SR00002305,EXC00002758,BILL00030244,ACCT002521,CUST002521,2024-04,Residential,SAN MATEO,Missing Read Investigation,High,Closed,2024-05-03,2024-05-28
SR00002306,EXC00000701,BILL00008445,ACCT000704,CUST000704,2024-09,Residential,ALAMEDA,Account Status Review,Low,Closed,2024-10-03,2024-10-24
SR00002307,EXC00003689,BILL00040778,ACCT003399,CUST003399,2024-02,Residential,BUTTE,Missing Read Investigation,Low,Closed,2024-03-03,2024-03-24
SR00002308,EXC00004808,BILL00053017,ACCT004419,CUST004419,2024-01,Residential,PLACER,Account Status Review,Critical,Open,2024-02-03,
SR00002309,EXC00003866,BILL00043131,ACCT003595,CUST003595,2024-03,Residential,SOLANO,Missing Read Investigation,Medium,Closed,2024-04-03,2024-04-07
SR00002310,EXC00001456,BILL00017450,ACCT001455,CUST001455,2024-02,Residential,SONOMA,Account Status Review,Medium,Closed,2024-03-03,2024-03-18
SR00002311,EXC00004533,BILL00050172,ACCT004181,CUST004181,2024-12,Residential,KERN,Meter Data Investigation,Low,Closed,2025-01-03,2025-01-18
SR00002312,EXC00003333,BILL00036950,ACCT003080,CUST003080,2024-02,Industrial,KERN,Account Status Review,Medium,Open,2024-03-03,
SR00002313,EXC00002352,BILL00026832,ACCT002236,CUST002236,2024-12,Residential,KERN,Account Status Review,Medium,Open,2025-01-03,
SR00002314,EXC00000867,BILL00010427,ACCT000869,CUST000869,2024-11,Commercial,SAN JOAQUIN,Meter Data Investigation,Medium,In Progress,2024-12-03,
SR00002315,EXC00001645,BILL00019874,ACCT001657,CUST001657,2024-02,Residential,ALAMEDA,Account Status Review,Critical,In Progress,2024-03-03,
SR00002316,EXC00003711,BILL00041006,ACCT003418,CUST003418,2024-02,Residential,SAN FRANCISCO,Account Status Review,Medium,Closed,2024-03-03,2024-03-12
SR00002317,EXC00003289,BILL00036630,ACCT003053,CUST003053,2024-06,Residential,KINGS,Account Status Review,Low,Closed,2024-07-03,2024-07-18
SR00002318,EXC00002836,BILL00031474,ACCT002623,CUST002623,2024-10,Residential,SANTA CLARA,Account Status Review,Medium,Open,2024-11-03,
SR00002319,EXC00001491,BILL00017882,ACCT001491,CUST001491,2024-02,Residential,SAN LUIS OBISPO,Account Status Review,Low,Closed,2024-03-03,2024-03-17
SR00002320,EXC00002537,BILL00028663,ACCT002389,CUST002389,2024-07,Residential,ALAMEDA,Account Status Review,Low,Closed,2024-08-03,2024-08-12
SR00002321,EXC00000730,BILL00008576,ACCT000715,CUST000715,2024-08,Residential,FRESNO,Account Status Review,Medium,In Progress,2024-09-03,
SR00002322,EXC00003165,BILL00035953,ACCT002997,CUST002997,2024-01,Residential,SANTA CLARA,Missing Read Investigation,Low,Closed,2024-02-03,2024-02-06
SR00002323,EXC00002882,BILL00032804,ACCT002734,CUST002734,2024-08,Agriculture And Water Pumping,SAN JOAQUIN,Missing Read Investigation,Medium,Open,2024-09-03,
SR00002324,EXC00001937,BILL00022986,ACCT001916,CUST001916,2024-06,Residential,SANTA CLARA,Account Status Review,Medium,Closed,2024-07-03,2024-07-30
SR00002325,EXC00003693,BILL00040804,ACCT003401,CUST003401,2024-04,Residential,KERN,Account Status Review,Low,Open,2024-05-03,
SR00002326,EXC00001111,BILL00013877,ACCT001157,CUST001157,2024-05,Residential,SOLANO,Account Status Review,Medium,Open,2024-06-03,
SR00002327,EXC00004398,BILL00048712,ACCT004060,CUST004060,2024-04,Mining,SANTA CLARA,Account Status Review,Medium,In Progress,2024-05-03,
SR00002328,EXC00004834,BILL00053161,ACCT004431,CUST004431,2024-01,Residential,SAN JOAQUIN,Account Status Review,Low,In Progress,2024-02-03,
SR00002329,EXC00001186,BILL00014395,ACCT001200,CUST001200,2024-07,Residential,CONTRA COSTA,Account Status Review,Low,Closed,2024-08-03,2024-08-05
SR00002330,EXC00002008,BILL00023496,ACCT001958,CUST001958,2024-12,Residential,FRESNO,Account Status Review,Medium,Open,2025-01-03,
SR00002331,EXC00000194,BILL00002942,ACCT000246,CUST000246,2024-02,Industrial,SAN FRANCISCO,Account Status Review,Medium,In Progress,2024-03-03,
SR00002332,EXC00001516,BILL00018000,ACCT001500,CUST001500,2024-12,Commercial,MERCED,Account Status Review,Medium,Closed,2025-01-03,2025-01-14
SR00002333,EXC00000579,BILL00007464,ACCT000622,CUST000622,2024-12,Residential,CALAVERAS,Meter Data Investigation,High,In Progress,2025-01-03,
SR00002334,EXC00002124,BILL00024570,ACCT002048,CUST002048,2024-06,Residential,CONTRA COSTA,Account Status Review,Medium,Cancelled,2024-07-03,2024-07-25
SR00002335,EXC00001430,BILL00017071,ACCT001423,CUST001423,2024-07,Residential,CONTRA COSTA,Account Status Review,Low,In Progress,2024-08-03,
SR00002336,EXC00000772,BILL00009505,ACCT000793,CUST000793,2024-01,Residential,KINGS,Missing Read Investigation,Low,Closed,2024-02-03,2024-02-24
SR00002337,EXC00005350,BILL00059342,ACCT004946,CUST004946,2024-02,Industrial,ALAMEDA,Account Status Review,Low,Closed,2024-03-03,2024-03-10
SR00002338,EXC00001847,BILL00021742,ACCT001812,CUST001812,2024-10,Residential,CONTRA COSTA,Account Status Review,High,Open,2024-11-03,
SR00002339,EXC00000132,BILL00001572,ACCT000131,CUST000131,2024-12,Residential,SAN FRANCISCO,Account Status Review,High,In Progress,2025-01-03,
SR00002340,EXC00000179,BILL00002671,ACCT000223,CUST000223,2024-07,Residential,SANTA CLARA,Account Status Review,High,In Progress,2024-08-03,
SR00002341,EXC00004829,BILL00053050,ACCT004421,CUST004421,2024-10,Residential,YOLO,Account Status Review,Low,Closed,2024-11-03,2024-11-23
SR00002342,EXC00003138,BILL00035833,ACCT002987,CUST002987,2024-01,Residential,MERCED,Account Status Review,Low,Open,2024-02-03,
SR00002343,EXC00004696,BILL00052049,ACCT004338,CUST004338,2024-05,Commercial,HUMBOLDT,Account Status Review,Medium,Closed,2024-06-03,2024-06-29
SR00002344,EXC00002981,BILL00034256,ACCT002855,CUST002855,2024-08,Residential,KERN,Meter Data Investigation,Low,Open,2024-09-03,
SR00002345,EXC00002764,BILL00030406,ACCT002534,CUST002534,2024-10,Residential,KERN,Missing Read Investigation,Medium,Open,2024-11-03,
SR00002346,EXC00003385,BILL00037306,ACCT003109,CUST003109,2024-10,Residential,SOLANO,Account Status Review,Low,Closed,2024-11-03,2024-12-02
SR00002347,EXC00002074,BILL00024115,ACCT002010,CUST002010,2024-07,Residential,SANTA CLARA,Account Status Review,Low,Open,2024-08-03,
SR00002348,EXC00000659,BILL00008184,ACCT000682,CUST000682,2024-12,Residential,KERN,Account Status Review,Low,Cancelled,2025-01-03,2025-01-28
SR00002349,EXC00001897,BILL00022441,ACCT001871,CUST001871,2024-01,Commercial,KERN,Account Status Review,High,Closed,2024-02-03,2024-02-07
SR00002350,EXC00003873,BILL00043288,ACCT003608,CUST003608,2024-04,Residential,ALAMEDA,Missing Read Investigation,Medium,Closed,2024-05-03,2024-05-24
SR00002351,EXC00002222,BILL00025482,ACCT002124,CUST002124,2024-06,Residential,MONTEREY,Account Status Review,High,Closed,2024-07-03,2024-07-17
SR00002352,EXC00003625,BILL00039890,ACCT003325,CUST003325,2024-02,Residential,CONTRA COSTA,Missing Read Investigation,High,Closed,2024-03-03,2024-03-21
SR00002353,EXC00000343,BILL00004355,ACCT000363,CUST000363,2024-11,Residential,SAN FRANCISCO,Account Status Review,High,Cancelled,2024-12-03,2024-12-04
SR00002354,EXC00003113,BILL00035514,ACCT002960,CUST002960,2024-06,Commercial,CONTRA COSTA,Account Status Review,Medium,Open,2024-07-03,
SR00002355,EXC00000728,BILL00008574,ACCT000715,CUST000715,2024-06,Residential,FRESNO,Account Status Review,High,Cancelled,2024-07-03,2024-07-20
SR00002356,EXC00004712,BILL00052124,ACCT004344,CUST004344,2024-08,Commercial,MADERA,Account Status Review,Medium,Closed,2024-09-03,2024-09-20
SR00002357,EXC00000977,BILL00012234,ACCT001020,CUST001020,2024-06,Residential,SANTA CLARA,Account Status Review,High,Closed,2024-07-03,2024-07-20
SR00002358,EXC00004483,BILL00049171,ACCT004098,CUST004098,2024-07,Residential,SANTA CLARA,Account Status Review,High,Cancelled,2024-08-03,2024-08-24
SR00002359,EXC00005218,BILL00057373,ACCT004782,CUST004782,2024-01,Residential,KERN,Account Status Review,Medium,Open,2024-02-03,
SR00002360,EXC00001929,BILL00022827,ACCT001903,CUST001903,2024-03,Residential,CONTRA COSTA,Missing Read Investigation,High,Closed,2024-04-03,2024-04-14
SR00002361,EXC00003040,BILL00034721,ACCT002894,CUST002894,2024-05,Residential,KERN,Account Status Review,Medium,Closed,2024-06-03,2024-06-12
SR00002362,EXC00003784,BILL00041832,ACCT003486,CUST003486,2024-12,Residential,MERCED,Account Status Review,Medium,In Progress,2025-01-03,
SR00002363,EXC00001300,BILL00015768,ACCT001314,CUST001314,2024-12,Commercial,ALAMEDA,Account Status Review,Low,In Progress,2025-01-03,
SR00002364,EXC00003492,BILL00038354,ACCT003197,CUST003197,2024-02,Industrial,FRESNO,Account Status Review,Medium,Closed,2024-03-03,2024-03-26
SR00002365,EXC00004966,BILL00054282,ACCT004524,CUST004524,2024-06,Residential,FRESNO,Missing Read Investigation,Medium,Closed,2024-07-03,2024-07-28
SR00002366,EXC00000661,BILL00008197,ACCT000684,CUST000684,2024-01,Residential,SANTA CLARA,Meter Data Investigation,Low,Closed,2024-02-03,2024-02-09
SR00002367,EXC00001791,BILL00021508,ACCT001793,CUST001793,2024-04,Residential,KERN,Account Status Review,High,In Progress,2024-05-03,
SR00002368,EXC00005315,BILL00058665,ACCT004889,CUST004889,2024-09,Residential,SANTA CLARA,Account Status Review,High,Closed,2024-10-03,2024-10-05
SR00002369,EXC00003245,BILL00036267,ACCT003023,CUST003023,2024-03,Residential,SAN JOAQUIN,Account Status Review,Low,Cancelled,2024-04-03,2024-04-24
SR00002370,EXC00003472,BILL00038263,ACCT003189,CUST003189,2024-07,Commercial,PLACER,Account Status Review,Medium,Closed,2024-08-03,2024-08-18
SR00002371,EXC00002556,BILL00028729,ACCT002395,CUST002395,2024-01,Commercial,ALAMEDA,Missing Read Investigation,Low,Open,2024-02-03,
SR00002372,EXC00003843,BILL00042945,ACCT003579,CUST003579,2024-09,Residential,SAN MATEO,Account Status Review,Low,In Progress,2024-10-03,
SR00002373,EXC00004138,BILL00045628,ACCT003803,CUST003803,2024-04,Commercial,KERN,Account Status Review,Medium,Closed,2024-05-03,2024-05-06
SR00002374,EXC00003150,BILL00035851,ACCT002988,CUST002988,2024-07,Residential,KERN,Meter Data Investigation,High,Cancelled,2024-08-03,2024-08-28
SR00002375,EXC00001086,BILL00013678,ACCT001140,CUST001140,2024-10,Residential,SAN JOAQUIN,Account Status Review,Medium,In Progress,2024-11-03,
SR00002376,EXC00003729,BILL00041166,ACCT003431,CUST003431,2024-06,Residential,SANTA CLARA,Meter Data Investigation,Low,Closed,2024-07-03,2024-07-27
SR00002377,EXC00001279,BILL00015677,ACCT001307,CUST001307,2024-05,Residential,MARIN,Account Status Review,Medium,Closed,2024-06-03,2024-06-21
SR00002378,EXC00003587,BILL00039422,ACCT003286,CUST003286,2024-02,Residential,SAN JOAQUIN,Account Status Review,Low,In Progress,2024-03-03,
SR00002379,EXC00001622,BILL00019681,ACCT001641,CUST001641,2024-01,Residential,MADERA,Account Status Review,Medium,Closed,2024-02-03,2024-02-14
SR00002380,EXC00003524,BILL00038830,ACCT003236,CUST003236,2024-10,Residential,SAN FRANCISCO,Meter Data Investigation,Low,Closed,2024-11-03,2024-11-22
SR00002381,EXC00003297,BILL00036682,ACCT003057,CUST003057,2024-10,Residential,SAN MATEO,Missing Read Investigation,Medium,Open,2024-11-03,
SR00002382,EXC00000068,BILL00000900,ACCT000075,CUST000075,2024-12,Residential,KINGS,Account Status Review,Medium,Open,2025-01-03,
SR00002383,EXC00004240,BILL00046780,ACCT003899,CUST003899,2024-04,Residential,GLENN,Account Status Review,Medium,In Progress,2024-05-03,
SR00002384,EXC00004237,BILL00046777,ACCT003899,CUST003899,2024-01,Residential,GLENN,Account Status Review,Medium,Closed,2024-02-03,2024-02-05
SR00002385,EXC00002270,BILL00026082,ACCT002174,CUST002174,2024-06,Commercial,SOLANO,Account Status Review,High,In Progress,2024-07-03,
SR00002386,EXC00003576,BILL00039226,ACCT003269,CUST003269,2024-10,Residential,EL DORADO,Account Status Review,Medium,Closed,2024-11-03,2024-11-16
SR00002387,EXC00004294,BILL00047434,ACCT003953,CUST003953,2024-10,Agriculture And Water Pumping,CONTRA COSTA,Account Status Review,Medium,Closed,2024-11-03,2024-12-02
SR00002388,EXC00000821,BILL00010021,ACCT000836,CUST000836,2024-01,Residential,SAN LUIS OBISPO,Account Status Review,Low,Closed,2024-02-03,2024-02-18
SR00002389,EXC00001227,BILL00015067,ACCT001256,CUST001256,2024-07,Residential,SAN FRANCISCO,Account Status Review,Medium,In Progress,2024-08-03,
SR00002390,EXC00003494,BILL00038356,ACCT003197,CUST003197,2024-04,Industrial,FRESNO,Account Status Review,Low,Open,2024-05-03,
SR00002391,EXC00004526,BILL00049945,ACCT004163,CUST004163,2024-01,Residential,MERCED,Missing Read Investigation,Critical,Closed,2024-02-03,2024-02-29
SR00002392,EXC00002368,BILL00026989,ACCT002250,CUST002250,2024-01,Residential,SAN JOAQUIN,Account Status Review,Medium,Closed,2024-02-03,2024-02-13
SR00002393,EXC00003227,BILL00036178,ACCT003015,CUST003015,2024-10,Residential,FRESNO,Account Status Review,Medium,Cancelled,2024-11-03,2024-12-01
SR00002394,EXC00003198,BILL00036078,ACCT003007,CUST003007,2024-06,Commercial,MADERA,Account Status Review,Medium,Cancelled,2024-07-03,2024-07-26
SR00002395,EXC00004819,BILL00053028,ACCT004419,CUST004419,2024-12,Residential,PLACER,Account Status Review,Low,Closed,2025-01-03,2025-01-12
SR00002396,EXC00004965,BILL00054280,ACCT004524,CUST004524,2024-04,Residential,FRESNO,Missing Read Investigation,Medium,Closed,2024-05-03,2024-05-14
SR00002397,EXC00003912,BILL00043881,ACCT003657,CUST003657,2024-09,Residential,PLACER,Missing Read Investigation,Medium,Closed,2024-10-03,2024-11-01
SR00002398,EXC00001144,BILL00014099,ACCT001175,CUST001175,2024-11,Residential,KERN,Account Status Review,Low,Closed,2024-12-03,2024-12-10
SR00002399,EXC00000398,BILL00005199,ACCT000434,CUST000434,2024-03,Residential,CONTRA COSTA,Missing Read Investigation,Medium,Open,2024-04-03,
SR00002400,EXC00003769,BILL00041532,ACCT003461,CUST003461,2024-12,Residential,KINGS,Account Status Review,Medium,Open,2025-01-03,
SR00002401,EXC00004646,BILL00051399,ACCT004284,CUST004284,2024-03,Residential,SANTA CLARA,Missing Read Investigation,Medium,In Progress,2024-04-03,
SR00002402,EXC00003218,BILL00036169,ACCT003015,CUST003015,2024-01,Residential,FRESNO,Account Status Review,High,Open,2024-02-03,
SR00002403,EXC00001399,BILL00016657,ACCT001389,CUST001389,2024-01,Agriculture And Water Pumping,ALAMEDA,Account Status Review,Medium,Open,2024-02-03,
SR00002404,EXC00001660,BILL00019889,ACCT001658,CUST001658,2024-05,Residential,ALAMEDA,Account Status Review,Medium,Closed,2024-06-03,2024-07-02
SR00002405,EXC00002221,BILL00025481,ACCT002124,CUST002124,2024-05,Residential,MONTEREY,Account Status Review,Medium,In Progress,2024-06-03,
SR00002406,EXC00000980,BILL00012237,ACCT001020,CUST001020,2024-09,Residential,SANTA CLARA,Account Status Review,Medium,In Progress,2024-10-03,
SR00002407,EXC00002332,BILL00026777,ACCT002232,CUST002232,2024-05,Residential,KERN,Account Status Review,Low,Closed,2024-06-03,2024-06-23
SR00002408,EXC00001299,BILL00015767,ACCT001314,CUST001314,2024-11,Commercial,ALAMEDA,Account Status Review,Medium,Cancelled,2024-12-03,2025-01-01
SR00002409,EXC00003797,BILL00042142,ACCT003512,CUST003512,2024-10,Residential,SANTA BARBARA,Account Status Review,Low,Open,2024-11-03,
SR00002410,EXC00000083,BILL00000980,ACCT000082,CUST000082,2024-08,Residential,SANTA CLARA,Missing Read Investigation,Medium,Closed,2024-09-03,2024-09-18
SR00002411,EXC00003412,BILL00037625,ACCT003136,CUST003136,2024-05,Residential,CONTRA COSTA,Account Status Review,High,Closed,2024-06-03,2024-06-06
SR00002412,EXC00002868,BILL00032233,ACCT002687,CUST002687,2024-01,Residential,SOLANO,Missing Read Investigation,Low,Closed,2024-02-03,2024-02-28
SR00002413,EXC00004529,BILL00050052,ACCT004171,CUST004171,2024-12,Residential,ALAMEDA,Missing Read Investigation,Medium,Closed,2025-01-03,2025-01-09
SR00002414,EXC00004261,BILL00047199,ACCT003934,CUST003934,2024-03,Residential,FRESNO,Account Status Review,Low,Closed,2024-04-03,2024-04-23
SR00002415,EXC00002992,BILL00034339,ACCT002862,CUST002862,2024-07,Residential,SANTA CLARA,Account Status Review,High,In Progress,2024-08-03,
SR00002416,EXC00000424,BILL00005393,ACCT000450,CUST000450,2024-05,Residential,SANTA CLARA,Account Status Review,Medium,Closed,2024-06-03,2024-06-11
SR00002417,EXC00004687,BILL00052029,ACCT004336,CUST004336,2024-09,Residential,SANTA CLARA,Account Status Review,Medium,Closed,2024-10-03,2024-10-21
SR00002418,EXC00001905,BILL00022449,ACCT001871,CUST001871,2024-09,Commercial,KERN,Account Status Review,Medium,Open,2024-10-03,
SR00002419,EXC00004904,BILL00053646,ACCT004471,CUST004471,2024-06,Commercial,KERN,Missing Read Investigation,Medium,Closed,2024-07-03,2024-07-25
SR00002420,EXC00003915,BILL00043915,ACCT003660,CUST003660,2024-07,Commercial,MONTEREY,Missing Read Investigation,Low,In Progress,2024-08-03,
SR00002421,EXC00003627,BILL00039923,ACCT003327,CUST003327,2024-11,Commercial,SANTA CLARA,Missing Read Investigation,Medium,Closed,2024-12-03,2024-12-21
SR00002422,EXC00001566,BILL00018600,ACCT001550,CUST001550,2024-12,Residential,KERN,Account Status Review,Medium,In Progress,2025-01-03,
SR00002423,EXC00003919,BILL00043993,ACCT003667,CUST003667,2024-01,Commercial,FRESNO,Missing Read Investigation,High,Closed,2024-02-03,2024-02-09
SR00002424,EXC00000840,BILL00010309,ACCT000860,CUST000860,2024-01,Residential,NEVADA,Missing Read Investigation,Critical,Open,2024-02-03,
SR00002425,EXC00000501,BILL00006561,ACCT000547,CUST000547,2024-09,Residential,SANTA CLARA,Account Status Review,Low,Open,2024-10-03,
SR00002426,EXC00000142,BILL00001883,ACCT000157,CUST000157,2024-11,Residential,SANTA CLARA,Meter Data Investigation,High,In Progress,2024-12-03,
SR00002427,EXC00001378,BILL00016372,ACCT001365,CUST001365,2024-04,Residential,KERN,Missing Read Investigation,Medium,Closed,2024-05-03,2024-05-11
SR00002428,EXC00004205,BILL00046229,ACCT003853,CUST003853,2024-05,Residential,CONTRA COSTA,Account Status Review,Medium,Closed,2024-06-03,2024-06-22
SR00002429,EXC00002267,BILL00026079,ACCT002174,CUST002174,2024-03,Commercial,SOLANO,Account Status Review,High,Open,2024-04-03,
SR00002430,EXC00002498,BILL00027982,ACCT002332,CUST002332,2024-10,Residential,BUTTE,Account Status Review,Critical,In Progress,2024-11-03,
SR00002431,EXC00001139,BILL00014094,ACCT001175,CUST001175,2024-06,Residential,KERN,Account Status Review,Medium,In Progress,2024-07-03,
SR00002432,EXC00003980,BILL00044363,ACCT003697,CUST003697,2024-11,Agriculture And Water Pumping,KINGS,Account Status Review,High,Closed,2024-12-03,2024-12-09
SR00002433,EXC00003875,BILL00043380,ACCT003615,CUST003615,2024-12,Residential,ALAMEDA,Meter Data Investigation,Low,Open,2025-01-03,
SR00002434,EXC00001788,BILL00021505,ACCT001793,CUST001793,2024-01,Residential,KERN,Account Status Review,High,Closed,2024-02-03,2024-02-16
SR00002435,EXC00002988,BILL00034335,ACCT002862,CUST002862,2024-03,Residential,SANTA CLARA,Account Status Review,Medium,Open,2024-04-03,
SR00002436,EXC00000551,BILL00006924,ACCT000577,CUST000577,2024-12,Residential,SANTA BARBARA,Account Status Review,Critical,Closed,2025-01-03,2025-01-28
SR00002437,EXC00003667,BILL00040325,ACCT003361,CUST003361,2024-05,Commercial,SAN JOAQUIN,Meter Data Investigation,High,Open,2024-06-03,
SR00002438,EXC00002020,BILL00023531,ACCT001961,CUST001961,2024-11,Residential,PLACER,Account Status Review,Medium,Closed,2024-12-03,2024-12-18
SR00002439,EXC00000949,BILL00012068,ACCT001006,CUST001006,2024-08,Residential,KINGS,Account Status Review,Medium,Closed,2024-09-03,2024-09-19
SR00002440,EXC00002642,BILL00029222,ACCT002436,CUST002436,2024-02,Residential,SONOMA,Account Status Review,Low,Closed,2024-03-03,2024-03-11
SR00002441,EXC00003210,BILL00036090,ACCT003008,CUST003008,2024-06,Residential,ALAMEDA,Account Status Review,Critical,Open,2024-07-03,
SR00002442,EXC00000533,BILL00006742,ACCT000562,CUST000562,2024-10,Residential,YUBA,Account Status Review,Low,Open,2024-11-03,
SR00002443,EXC00003162,BILL00035950,ACCT002996,CUST002996,2024-10,Commercial,ALAMEDA,Account Status Review,Low,Closed,2024-11-03,2024-11-15
SR00002444,EXC00001830,BILL00021725,ACCT001811,CUST001811,2024-05,Residential,MERCED,Account Status Review,Medium,Open,2024-06-03,
SR00002445,EXC00005025,BILL00054918,ACCT004577,CUST004577,2024-06,Residential,FRESNO,Account Status Review,High,Open,2024-07-03,
SR00002446,EXC00005036,BILL00055033,ACCT004587,CUST004587,2024-01,Residential,SANTA CLARA,Account Status Review,Medium,Closed,2024-02-03,2024-02-18
SR00002447,EXC00004311,BILL00047534,ACCT003962,CUST003962,2024-02,Residential,PLACER,Missing Read Investigation,Medium,Cancelled,2024-03-03,2024-03-06
SR00002448,EXC00001603,BILL00019362,ACCT001614,CUST001614,2024-06,Residential,CONTRA COSTA,Account Status Review,Low,Closed,2024-07-03,2024-07-09
SR00002449,EXC00002239,BILL00025535,ACCT002128,CUST002128,2024-11,Residential,ALAMEDA,Account Status Review,Medium,Closed,2024-12-03,2024-12-10
SR00002450,EXC00000640,BILL00007871,ACCT000656,CUST000656,2024-11,Residential,SANTA CLARA,Missing Read Investigation,Medium,Closed,2024-12-03,2024-12-21
SR00002451,EXC00005219,BILL00057374,ACCT004782,CUST004782,2024-02,Residential,KERN,Account Status Review,Medium,In Progress,2024-03-03,
SR00002452,EXC00000968,BILL00012156,ACCT001013,CUST001013,2024-12,Industrial,HUMBOLDT,Account Status Review,Medium,In Progress,2025-01-03,
SR00002453,EXC00004578,BILL00050663,ACCT004222,CUST004222,2024-11,Residential,NEVADA,Account Status Review,Medium,Closed,2024-12-03,2024-12-24
SR00002454,EXC00003054,BILL00034933,ACCT002912,CUST002912,2024-01,Residential,KERN,Account Status Review,High,In Progress,2024-02-03,
SR00002455,EXC00001684,BILL00020043,ACCT001671,CUST001671,2024-03,Residential,SAN MATEO,Missing Read Investigation,Low,Closed,2024-04-03,2024-04-26
SR00002456,EXC00002249,BILL00025699,ACCT002142,CUST002142,2024-07,Residential,SANTA CLARA,Account Status Review,Low,Closed,2024-08-03,2024-08-06
SR00002457,EXC00004833,BILL00053124,ACCT004427,CUST004427,2024-12,Residential,ALAMEDA,Meter Data Investigation,Medium,Closed,2025-01-03,2025-01-29
SR00002458,EXC00004690,BILL00052032,ACCT004336,CUST004336,2024-12,Residential,SANTA CLARA,Account Status Review,Critical,In Progress,2025-01-03,
SR00002459,EXC00000156,BILL00002392,ACCT000200,CUST000200,2024-04,Residential,ALAMEDA,Missing Read Investigation,High,Closed,2024-05-03,2024-05-29
SR00002460,EXC00002296,BILL00026489,ACCT002208,CUST002208,2024-05,Commercial,KERN,Meter Data Investigation,Low,Closed,2024-06-03,2024-06-07
SR00002461,EXC00002900,BILL00033369,ACCT002781,CUST002781,2024-09,Residential,KERN,Missing Read Investigation,Low,Open,2024-10-03,
SR00002462,EXC00003306,BILL00036762,ACCT003064,CUST003064,2024-06,Residential,SANTA CLARA,Account Status Review,Low,Open,2024-07-03,
SR00002463,EXC00001090,BILL00013694,ACCT001142,CUST001142,2024-02,Residential,SAN MATEO,Account Status Review,High,Open,2024-03-03,
SR00002464,EXC00005108,BILL00055885,ACCT004658,CUST004658,2024-01,Residential,SANTA CLARA,Missing Read Investigation,Medium,Open,2024-02-03,
SR00002465,EXC00002320,BILL00026566,ACCT002214,CUST002214,2024-10,Agriculture And Water Pumping,KERN,Account Status Review,High,Open,2024-11-03,
SR00002466,EXC00004642,BILL00051258,ACCT004272,CUST004272,2024-06,Agriculture And Water Pumping,PLACER,Meter Data Investigation,Medium,In Progress,2024-07-03,
SR00002467,EXC00000289,BILL00003748,ACCT000313,CUST000313,2024-04,Residential,YOLO,Account Status Review,High,Closed,2024-05-03,2024-05-04
SR00002468,EXC00000931,BILL00011838,ACCT000987,CUST000987,2024-06,Residential,SAN FRANCISCO,Meter Data Investigation,Low,Cancelled,2024-07-03,2024-07-14
SR00002469,EXC00002953,BILL00033811,ACCT002818,CUST002818,2024-07,Residential,SUTTER,Account Status Review,Medium,Open,2024-08-03,
SR00002470,EXC00004344,BILL00048110,ACCT004010,CUST004010,2024-02,Residential,SAN FRANCISCO,Account Status Review,High,Closed,2024-03-03,2024-03-06
SR00002471,EXC00003657,BILL00040289,ACCT003358,CUST003358,2024-05,Residential,PLACER,Account Status Review,High,In Progress,2024-06-03,
SR00002472,EXC00004907,BILL00053655,ACCT004472,CUST004472,2024-03,Mining,FRESNO,Account Status Review,Medium,Open,2024-04-03,
SR00002473,EXC00003941,BILL00044167,ACCT003681,CUST003681,2024-07,Residential,CONTRA COSTA,Account Status Review,Low,Closed,2024-08-03,2024-08-21
SR00002474,EXC00002759,BILL00030262,ACCT002522,CUST002522,2024-10,Residential,KERN,Missing Read Investigation,High,Open,2024-11-03,
SR00002475,EXC00003845,BILL00042947,ACCT003579,CUST003579,2024-11,Residential,SAN MATEO,Account Status Review,Critical,In Progress,2024-12-03,
SR00002476,EXC00000943,BILL00012062,ACCT001006,CUST001006,2024-02,Residential,KINGS,Account Status Review,Critical,Cancelled,2024-03-03,2024-03-05
SR00002477,EXC00002355,BILL00026870,ACCT002240,CUST002240,2024-02,Residential,KERN,Account Status Review,Low,Closed,2024-03-03,2024-03-10
SR00002478,EXC00004699,BILL00052052,ACCT004338,CUST004338,2024-08,Commercial,HUMBOLDT,Account Status Review,Medium,Closed,2024-09-03,2024-09-28
SR00002479,EXC00005037,BILL00055034,ACCT004587,CUST004587,2024-02,Residential,SANTA CLARA,Account Status Review,Medium,Closed,2024-03-03,2024-03-20
SR00002480,EXC00001699,BILL00020214,ACCT001685,CUST001685,2024-06,Residential,FRESNO,Account Status Review,Medium,Open,2024-07-03,
SR00002481,EXC00005087,BILL00055383,ACCT004616,CUST004616,2024-03,Residential,BUTTE,Meter Data Investigation,Medium,Closed,2024-04-03,2024-04-05
SR00002482,EXC00004760,BILL00052341,ACCT004362,CUST004362,2024-09,Residential,SAN JOAQUIN,Meter Data Investigation,Medium,Closed,2024-10-03,2024-10-14
SR00002483,EXC00004471,BILL00049124,ACCT004094,CUST004094,2024-08,Industrial,FRESNO,Account Status Review,High,Open,2024-09-03,
SR00002484,EXC00003275,BILL00036580,ACCT003049,CUST003049,2024-04,Residential,MONTEREY,Account Status Review,Medium,Open,2024-05-03,
SR00002485,EXC00003584,BILL00039361,ACCT003281,CUST003281,2024-01,Residential,SAN MATEO,Missing Read Investigation,Medium,Closed,2024-02-03,2024-02-23
SR00002486,EXC00000986,BILL00012299,ACCT001025,CUST001025,2024-11,Industrial,SANTA CLARA,Missing Read Investigation,Medium,Open,2024-12-03,
SR00002487,EXC00003478,BILL00038269,ACCT003190,CUST003190,2024-01,Residential,SAN MATEO,Account Status Review,High,Closed,2024-02-03,2024-02-12
SR00002488,EXC00002555,BILL00028704,ACCT002392,CUST002392,2024-12,Residential,CONTRA COSTA,Account Status Review,Low,Cancelled,2025-01-03,2025-01-11
SR00002489,EXC00002599,BILL00028919,ACCT002410,CUST002410,2024-11,Residential,SAN LUIS OBISPO,Account Status Review,Critical,In Progress,2024-12-03,
SR00002490,EXC00005161,BILL00056672,ACCT004723,CUST004723,2024-08,Residential,FRESNO,Missing Read Investigation,Medium,Closed,2024-09-03,2024-09-27
SR00002491,EXC00000982,BILL00012239,ACCT001020,CUST001020,2024-11,Residential,SANTA CLARA,Account Status Review,Low,Closed,2024-12-03,2024-12-28
SR00002492,EXC00005267,BILL00057716,ACCT004810,CUST004810,2024-08,Commercial,PLACER,Account Status Review,High,Open,2024-09-03,
SR00002493,EXC00002834,BILL00031472,ACCT002623,CUST002623,2024-08,Residential,SANTA CLARA,Account Status Review,Low,In Progress,2024-09-03,
SR00002494,EXC00003695,BILL00040806,ACCT003401,CUST003401,2024-06,Residential,KERN,Account Status Review,Medium,Closed,2024-07-03,2024-07-15
SR00002495,EXC00005142,BILL00056268,ACCT004689,CUST004689,2024-12,Residential,KERN,Account Status Review,Low,Closed,2025-01-03,2025-01-29
SR00002496,EXC00004236,BILL00046727,ACCT003894,CUST003894,2024-11,Residential,KERN,Missing Read Investigation,Medium,Closed,2024-12-03,2024-12-25
SR00002497,EXC00002765,BILL00030413,ACCT002535,CUST002535,2024-05,Residential,SAN JOAQUIN,Missing Read Investigation,Low,Closed,2024-06-03,2024-06-18
SR00002498,EXC00004295,BILL00047435,ACCT003953,CUST003953,2024-11,Agriculture And Water Pumping,CONTRA COSTA,Account Status Review,Low,Closed,2024-12-03,2024-12-12
SR00002499,EXC00001458,BILL00017452,ACCT001455,CUST001455,2024-04,Residential,SONOMA,Account Status Review,High,Closed,2024-05-03,2024-05-30
SR00002500,EXC00001396,BILL00016538,ACCT001379,CUST001379,2024-02,Residential,KINGS,Missing Read Investigation,Low,Closed,2024-03-03,2024-03-29
SR00002501,,,ACCT001942,CUST001942,2024-05,Residential,MONTEREY,Outage Follow Up,Low,Closed,2024-06-03,2024-06-28
SR00002502,,,ACCT004089,CUST004089,2024-10,Commercial,SANTA CLARA,Outage Follow Up,Low,Closed,2024-11-03,2024-11-06
SR00002503,,,ACCT004565,CUST004565,2024-04,Residential,MARIN,Outage Follow Up,Medium,In Progress,2024-05-03,
SR00002504,,,ACCT002076,CUST002076,2024-11,Commercial,SANTA CLARA,High Bill Inquiry,Medium,Open,2024-12-03,
SR00002505,,,ACCT000004,CUST000004,2024-10,Residential,SAN MATEO,Meter Issue,Critical,Closed,2024-11-03,2024-11-15
SR00002506,,,ACCT004137,CUST004137,2024-09,Residential,FRESNO,Outage Follow Up,High,Closed,2024-10-03,2024-10-10
SR00002507,,,ACCT003237,CUST003237,2024-11,Residential,FRESNO,High Bill Inquiry,Low,In Progress,2024-12-03,
SR00002508,,,ACCT004273,CUST004273,2024-01,Residential,FRESNO,Meter Issue,Low,Open,2024-02-03,
SR00002509,,,ACCT004518,CUST004518,2024-03,Commercial,FRESNO,Rate Plan Change,Medium,Open,2024-04-03,
SR00002510,,,ACCT002583,CUST002583,2024-10,Residential,CONTRA COSTA,Rate Plan Change,Medium,Closed,2024-11-03,2024-11-14
SR00002511,,,ACCT004573,CUST004573,2024-08,Residential,CONTRA COSTA,Meter Issue,Low,Closed,2024-09-03,2024-09-24
SR00002512,,,ACCT004022,CUST004022,2024-04,Residential,MONTEREY,Outage Follow Up,Medium,In Progress,2024-05-03,
SR00002513,,,ACCT001408,CUST001408,2024-10,Commercial,ALAMEDA,High Bill Inquiry,High,Closed,2024-11-03,2024-11-19
SR00002514,,,ACCT000671,CUST000671,2024-05,Residential,BUTTE,High Bill Inquiry,Medium,In Progress,2024-06-03,
SR00002515,,,ACCT000659,CUST000659,2024-12,Residential,KINGS,Outage Follow Up,Low,Closed,2025-01-03,2025-01-30
SR00002516,,,ACCT000321,CUST000321,2024-09,Residential,ALAMEDA,High Bill Inquiry,High,Open,2024-10-03,
SR00002517,,,ACCT001420,CUST001420,2024-02,Industrial,KERN,Rate Plan Change,Medium,In Progress,2024-03-03,
SR00002518,,,ACCT004827,CUST004827,2024-02,Residential,KERN,Outage Follow Up,Low,Closed,2024-03-03,2024-03-18
SR00002519,,,ACCT004221,CUST004221,2024-11,Residential,SANTA CLARA,Outage Follow Up,Low,In Progress,2024-12-03,
SR00002520,,,ACCT001565,CUST001565,2024-12,Commercial,SANTA CLARA,High Bill Inquiry,Low,In Progress,2025-01-03,
SR00002521,,,ACCT002534,CUST002534,2024-01,Residential,KERN,High Bill Inquiry,High,Closed,2024-02-03,2024-02-12
SR00002522,,,ACCT003145,CUST003145,2024-04,Residential,NAPA,Outage Follow Up,Low,Closed,2024-05-03,2024-05-18
SR00002523,,,ACCT003051,CUST003051,2024-09,Residential,SANTA CLARA,High Bill Inquiry,High,Open,2024-10-03,
SR00002524,,,ACCT001204,CUST001204,2024-12,Residential,SANTA BARBARA,Meter Issue,Low,Closed,2025-01-03,2025-01-15
SR00002525,,,ACCT002236,CUST002236,2024-02,Residential,KERN,Outage Follow Up,Medium,Closed,2024-03-03,2024-03-17
SR00002526,,,ACCT001632,CUST001632,2024-04,Residential,SANTA CLARA,Rate Plan Change,Medium,Open,2024-05-03,
SR00002527,,,ACCT004232,CUST004232,2024-02,Residential,SANTA CLARA,Rate Plan Change,Medium,Closed,2024-03-03,2024-03-07
SR00002528,,,ACCT001152,CUST001152,2024-08,Commercial,PLACER,Outage Follow Up,Low,Closed,2024-09-03,2024-09-26
SR00002529,,,ACCT001588,CUST001588,2024-12,Residential,CONTRA COSTA,High Bill Inquiry,Low,Open,2025-01-03,
SR00002530,,,ACCT001662,CUST001662,2024-01,Residential,KERN,Outage Follow Up,Medium,Open,2024-02-03,
SR00002531,,,ACCT004747,CUST004747,2024-01,Residential,MERCED,Meter Issue,Medium,Closed,2024-02-03,2024-02-19
SR00002532,,,ACCT003624,CUST003624,2024-03,Commercial,SAN JOAQUIN,Rate Plan Change,Medium,Closed,2024-04-03,2024-04-16
SR00002533,,,ACCT004252,CUST004252,2024-08,Residential,SANTA BARBARA,Rate Plan Change,Low,Closed,2024-09-03,2024-09-26
SR00002534,,,ACCT004746,CUST004746,2024-12,Residential,FRESNO,Outage Follow Up,Low,Cancelled,2025-01-03,2025-01-07
SR00002535,,,ACCT003611,CUST003611,2024-11,Residential,KERN,Rate Plan Change,Critical,Closed,2024-12-03,2024-12-16
SR00002536,,,ACCT001158,CUST001158,2024-04,Commercial,SOLANO,Meter Issue,Medium,Closed,2024-05-03,2024-05-07
SR00002537,,,ACCT002044,CUST002044,2024-11,Residential,SANTA CLARA,Meter Issue,High,Closed,2024-12-03,2024-12-04
SR00002538,,,ACCT004561,CUST004561,2024-12,Residential,SAN JOAQUIN,Outage Follow Up,Medium,Closed,2025-01-03,2025-01-09
SR00002539,,,ACCT001383,CUST001383,2024-05,Agriculture And Water Pumping,CONTRA COSTA,High Bill Inquiry,Low,Open,2024-06-03,
SR00002540,,,ACCT002141,CUST002141,2024-03,Commercial,PLUMAS,Rate Plan Change,Low,Open,2024-04-03,
SR00002541,,,ACCT003911,CUST003911,2024-12,Residential,SOLANO,Outage Follow Up,Medium,In Progress,2025-01-03,
SR00002542,,,ACCT001448,CUST001448,2024-05,Commercial,KERN,Meter Issue,Medium,Closed,2024-06-03,2024-06-21
SR00002543,,,ACCT002182,CUST002182,2024-08,Residential,KERN,Rate Plan Change,Low,In Progress,2024-09-03,
SR00002544,,,ACCT004412,CUST004412,2024-07,Residential,FRESNO,Outage Follow Up,High,Open,2024-08-03,
SR00002545,,,ACCT001487,CUST001487,2024-09,Residential,NAPA,Meter Issue,Medium,Open,2024-10-03,
SR00002546,,,ACCT001510,CUST001510,2024-10,Residential,FRESNO,Outage Follow Up,Low,Closed,2024-11-03,2024-11-30
SR00002547,,,ACCT001990,CUST001990,2024-10,Residential,CONTRA COSTA,High Bill Inquiry,High,In Progress,2024-11-03,
SR00002548,,,ACCT002415,CUST002415,2024-02,Residential,KERN,Outage Follow Up,Low,Closed,2024-03-03,2024-03-20
SR00002549,,,ACCT002455,CUST002455,2024-03,Residential,MONTEREY,Rate Plan Change,Medium,Closed,2024-04-03,2024-04-10
SR00002550,,,ACCT003903,CUST003903,2024-01,Commercial,MERCED,Outage Follow Up,Medium,In Progress,2024-02-03,
SR00002551,,,ACCT004622,CUST004622,2024-06,Residential,CONTRA COSTA,High Bill Inquiry,Medium,Closed,2024-07-03,2024-07-18
SR00002552,,,ACCT002309,CUST002309,2024-07,Residential,MERCED,Outage Follow Up,High,Closed,2024-08-03,2024-08-23
SR00002553,,,ACCT003456,CUST003456,2024-07,Residential,SANTA CLARA,Outage Follow Up,Medium,Closed,2024-08-03,2024-08-10
SR00002554,,,ACCT004633,CUST004633,2024-02,Commercial,SANTA CLARA,Outage Follow Up,Medium,Open,2024-03-03,
SR00002555,,,ACCT002517,CUST002517,2024-06,Residential,ALAMEDA,Meter Issue,High,Closed,2024-07-03,2024-07-10
SR00002556,,,ACCT001993,CUST001993,2024-12,Residential,ALAMEDA,Meter Issue,Low,Open,2025-01-03,
SR00002557,,,ACCT000687,CUST000687,2024-09,Residential,KERN,Meter Issue,Medium,Closed,2024-10-03,2024-10-28
SR00002558,,,ACCT003334,CUST003334,2024-11,Residential,KERN,High Bill Inquiry,Medium,Cancelled,2024-12-03,2024-12-10
SR00002559,,,ACCT001142,CUST001142,2024-06,Residential,SAN MATEO,High Bill Inquiry,Medium,Closed,2024-07-03,2024-07-16
SR00002560,,,ACCT004818,CUST004818,2024-03,Commercial,KERN,Meter Issue,Medium,Closed,2024-04-03,2024-04-11
SR00002561,,,ACCT000323,CUST000323,2024-05,Residential,KERN,Rate Plan Change,Medium,Closed,2024-06-03,2024-06-18
SR00002562,,,ACCT004113,CUST004113,2024-05,Residential,PLACER,High Bill Inquiry,High,Closed,2024-06-03,2024-06-05
SR00002563,,,ACCT001772,CUST001772,2024-02,Residential,MONTEREY,Rate Plan Change,Low,Open,2024-03-03,
SR00002564,,,ACCT004583,CUST004583,2024-10,Residential,SANTA CLARA,Rate Plan Change,Medium,Open,2024-11-03,
SR00002565,,,ACCT000457,CUST000457,2024-03,Residential,SAN MATEO,Rate Plan Change,Low,Cancelled,2024-04-03,2024-04-04
SR00002566,,,ACCT004488,CUST004488,2024-03,Residential,SANTA CLARA,Rate Plan Change,Medium,Open,2024-04-03,
SR00002567,,,ACCT000973,CUST000973,2024-08,Residential,SAN JOAQUIN,Outage Follow Up,Medium,Open,2024-09-03,
SR00002568,,,ACCT001851,CUST001851,2024-12,Residential,SANTA CLARA,High Bill Inquiry,Medium,Closed,2025-01-03,2025-01-10
SR00002569,,,ACCT003562,CUST003562,2024-09,Commercial,SONOMA,Rate Plan Change,Low,Closed,2024-10-03,2024-10-31
SR00002570,,,ACCT004847,CUST004847,2024-12,Industrial,SAN JOAQUIN,Outage Follow Up,Medium,Open,2025-01-03,
SR00002571,,,ACCT000293,CUST000293,2024-12,Commercial,CONTRA COSTA,Outage Follow Up,Critical,Closed,2025-01-03,2025-01-20
SR00002572,,,ACCT004067,CUST004067,2024-11,Residential,ALAMEDA,High Bill Inquiry,Low,In Progress,2024-12-03,
SR00002573,,,ACCT002133,CUST002133,2024-07,Residential,FRESNO,Meter Issue,Medium,Closed,2024-08-03,2024-08-25
SR00002574,,,ACCT004993,CUST004993,2024-07,Residential,KERN,Meter Issue,Low,Closed,2024-08-03,2024-09-01
SR00002575,,,ACCT002356,CUST002356,2024-03,Residential,MADERA,High Bill Inquiry,Low,Open,2024-04-03,
SR00002576,,,ACCT001338,CUST001338,2024-01,Residential,SANTA CLARA,Outage Follow Up,Medium,Closed,2024-02-03,2024-02-06
SR00002577,,,ACCT003514,CUST003514,2024-04,Commercial,FRESNO,Meter Issue,Low,Open,2024-05-03,
SR00002578,,,ACCT000390,CUST000390,2024-04,Commercial,MONTEREY,High Bill Inquiry,Medium,In Progress,2024-05-03,
SR00002579,,,ACCT000470,CUST000470,2024-06,Agriculture And Water Pumping,SAN MATEO,Outage Follow Up,Medium,Closed,2024-07-03,2024-07-10
SR00002580,,,ACCT000105,CUST000105,2024-01,Commercial,ALAMEDA,High Bill Inquiry,Low,Closed,2024-02-03,2024-02-09
SR00002581,,,ACCT003363,CUST003363,2024-08,Residential,ALAMEDA,High Bill Inquiry,Low,Open,2024-09-03,
SR00002582,,,ACCT002224,CUST002224,2024-04,Residential,ALAMEDA,Meter Issue,Medium,Closed,2024-05-03,2024-05-16
SR00002583,,,ACCT002623,CUST002623,2024-04,Residential,SANTA CLARA,Outage Follow Up,High,Closed,2024-05-03,2024-05-30
SR00002584,,,ACCT004114,CUST004114,2024-10,Residential,KERN,Meter Issue,Critical,Closed,2024-11-03,2024-11-07
SR00002585,,,ACCT002528,CUST002528,2024-09,Agriculture And Water Pumping,SAN FRANCISCO,Meter Issue,Medium,Open,2024-10-03,
SR00002586,,,ACCT003353,CUST003353,2024-04,Commercial,BUTTE,Outage Follow Up,Medium,Closed,2024-05-03,2024-05-14
SR00002587,,,ACCT004925,CUST004925,2024-06,Residential,PLACER,Rate Plan Change,High,Open,2024-07-03,
SR00002588,,,ACCT003802,CUST003802,2024-10,Industrial,ALAMEDA,Meter Issue,Medium,Closed,2024-11-03,2024-11-19
SR00002589,,,ACCT002844,CUST002844,2024-01,Agriculture And Water Pumping,KERN,High Bill Inquiry,Critical,Closed,2024-02-03,2024-02-09
SR00002590,,,ACCT004698,CUST004698,2024-02,Residential,SOLANO,High Bill Inquiry,Medium,Closed,2024-03-03,2024-03-17
SR00002591,,,ACCT001897,CUST001897,2024-11,Residential,SAN JOAQUIN,Rate Plan Change,High,Closed,2024-12-03,2024-12-17
SR00002592,,,ACCT000392,CUST000392,2024-04,Residential,SAN FRANCISCO,Outage Follow Up,Low,Closed,2024-05-03,2024-05-30
SR00002593,,,ACCT003699,CUST003699,2024-11,Industrial,KERN,High Bill Inquiry,Medium,Closed,2024-12-03,2024-12-10
SR00002594,,,ACCT001890,CUST001890,2024-03,Mining,KERN,Outage Follow Up,Low,Open,2024-04-03,
SR00002595,,,ACCT004513,CUST004513,2024-03,Residential,GLENN,High Bill Inquiry,Medium,Closed,2024-04-03,2024-04-18
SR00002596,,,ACCT002367,CUST002367,2024-09,Residential,KERN,High Bill Inquiry,Low,Closed,2024-10-03,2024-10-13
SR00002597,,,ACCT001088,CUST001088,2024-06,Residential,SANTA CLARA,Meter Issue,Medium,Open,2024-07-03,
SR00002598,,,ACCT000956,CUST000956,2024-07,Residential,SANTA CRUZ,Rate Plan Change,Low,In Progress,2024-08-03,
SR00002599,,,ACCT004686,CUST004686,2024-04,Residential,KERN,High Bill Inquiry,Medium,Open,2024-05-03,
SR00002600,,,ACCT002891,CUST002891,2024-07,Residential,SANTA CLARA,Meter Issue,Medium,Open,2024-08-03,
SR00002601,,,ACCT002612,CUST002612,2024-02,Residential,SANTA CLARA,High Bill Inquiry,High,In Progress,2024-03-03,
SR00002602,,,ACCT001329,CUST001329,2024-04,Residential,KERN,High Bill Inquiry,Low,Closed,2024-05-03,2024-05-15
SR00002603,,,ACCT000526,CUST000526,2024-02,Residential,CONTRA COSTA,Rate Plan Change,High,Closed,2024-03-03,2024-03-22
SR00002604,,,ACCT004182,CUST004182,2024-02,Residential,KERN,Meter Issue,Low,In Progress,2024-03-03,
SR00002605,,,ACCT002674,CUST002674,2024-03,Residential,PLACER,Meter Issue,High,Closed,2024-04-03,2024-05-02
SR00002606,,,ACCT000998,CUST000998,2024-04,Residential,MADERA,High Bill Inquiry,High,Closed,2024-05-03,2024-05-23
SR00002607,,,ACCT001418,CUST001418,2024-08,Residential,YOLO,Outage Follow Up,Medium,Open,2024-09-03,
SR00002608,,,ACCT001903,CUST001903,2024-12,Residential,CONTRA COSTA,High Bill Inquiry,Low,Closed,2025-01-03,2025-01-30
SR00002609,,,ACCT001615,CUST001615,2024-01,Residential,SANTA CLARA,High Bill Inquiry,Medium,Closed,2024-02-03,2024-02-12
SR00002610,,,ACCT003975,CUST003975,2024-10,Residential,KERN,Rate Plan Change,High,Closed,2024-11-03,2024-11-04
SR00002611,,,ACCT000791,CUST000791,2024-09,Residential,ALAMEDA,Outage Follow Up,Medium,Open,2024-10-03,
SR00002612,,,ACCT000906,CUST000906,2024-12,Commercial,SANTA CRUZ,High Bill Inquiry,Low,Closed,2025-01-03,2025-01-16
SR00002613,,,ACCT000972,CUST000972,2024-06,Industrial,SANTA CLARA,High Bill Inquiry,Low,Closed,2024-07-03,2024-07-18
SR00002614,,,ACCT003003,CUST003003,2024-06,Residential,SANTA CLARA,Meter Issue,Medium,Closed,2024-07-03,2024-07-26
SR00002615,,,ACCT004155,CUST004155,2024-04,Residential,SANTA CLARA,Outage Follow Up,Medium,Closed,2024-05-03,2024-05-16
SR00002616,,,ACCT004014,CUST004014,2024-12,Residential,CONTRA COSTA,Meter Issue,Medium,Closed,2025-01-03,2025-01-31
SR00002617,,,ACCT001842,CUST001842,2024-10,Residential,SANTA CLARA,Meter Issue,Low,Closed,2024-11-03,2024-11-11
SR00002618,,,ACCT002775,CUST002775,2024-10,Residential,SAN MATEO,High Bill Inquiry,Medium,Open,2024-11-03,
SR00002619,,,ACCT001749,CUST001749,2024-10,Residential,SHASTA,High Bill Inquiry,Medium,Closed,2024-11-03,2024-11-26
SR00002620,,,ACCT002650,CUST002650,2024-10,Residential,NEVADA,High Bill Inquiry,Low,Open,2024-11-03,
SR00002621,,,ACCT002711,CUST002711,2024-07,Residential,CONTRA COSTA,Outage Follow Up,Medium,In Progress,2024-08-03,
SR00002622,,,ACCT004158,CUST004158,2024-06,Commercial,SAN LUIS OBISPO,High Bill Inquiry,Medium,Closed,2024-07-03,2024-07-08
SR00002623,,,ACCT000318,CUST000318,2024-07,Residential,LAKE,Rate Plan Change,Low,Closed,2024-08-03,2024-08-05
SR00002624,,,ACCT000274,CUST000274,2024-11,Commercial,MERCED,High Bill Inquiry,Low,Open,2024-12-03,
SR00002625,,,ACCT001034,CUST001034,2024-10,Residential,ALAMEDA,Outage Follow Up,Low,Closed,2024-11-03,2024-11-11
SR00002626,,,ACCT002204,CUST002204,2024-10,Residential,SANTA CLARA,High Bill Inquiry,Low,Open,2024-11-03,
SR00002627,,,ACCT004610,CUST004610,2024-03,Residential,SOLANO,High Bill Inquiry,Medium,Open,2024-04-03,
SR00002628,,,ACCT001218,CUST001218,2024-07,Residential,SAN MATEO,Outage Follow Up,Medium,In Progress,2024-08-03,
SR00002629,,,ACCT004460,CUST004460,2024-04,Residential,SAN MATEO,Outage Follow Up,Medium,Closed,2024-05-03,2024-05-20
SR00002630,,,ACCT000348,CUST000348,2024-06,Residential,ALAMEDA,Rate Plan Change,Medium,Closed,2024-07-03,2024-07-13
SR00002631,,,ACCT000588,CUST000588,2024-06,Residential,KERN,High Bill Inquiry,Medium,Closed,2024-07-03,2024-07-22
SR00002632,,,ACCT003912,CUST003912,2024-06,Residential,MERCED,Meter Issue,Low,Cancelled,2024-07-03,2024-07-04
SR00002633,,,ACCT000966,CUST000966,2024-09,Residential,SONOMA,Rate Plan Change,Medium,Open,2024-10-03,
SR00002634,,,ACCT003757,CUST003757,2024-09,Residential,SANTA CLARA,High Bill Inquiry,Critical,Open,2024-10-03,
SR00002635,,,ACCT002358,CUST002358,2024-01,Residential,PLUMAS,High Bill Inquiry,Low,In Progress,2024-02-03,
SR00002636,,,ACCT003373,CUST003373,2024-07,Residential,KERN,Outage Follow Up,High,Closed,2024-08-03,2024-08-06
SR00002637,,,ACCT002325,CUST002325,2024-11,Commercial,CONTRA COSTA,Outage Follow Up,Low,In Progress,2024-12-03,
SR00002638,,,ACCT000646,CUST000646,2024-02,Commercial,ALAMEDA,Rate Plan Change,High,Closed,2024-03-03,2024-03-09
SR00002639,,,ACCT002693,CUST002693,2024-07,Residential,ALAMEDA,Rate Plan Change,Low,Closed,2024-08-03,2024-08-25
SR00002640,,,ACCT000193,CUST000193,2024-06,Commercial,MADERA,Outage Follow Up,Medium,In Progress,2024-07-03,
SR00002641,,,ACCT001165,CUST001165,2024-12,Residential,ALAMEDA,Outage Follow Up,Medium,Closed,2025-01-03,2025-01-08
SR00002642,,,ACCT000735,CUST000735,2024-10,Residential,FRESNO,Outage Follow Up,High,Closed,2024-11-03,2024-11-10
SR00002643,,,ACCT003847,CUST003847,2024-04,Agriculture And Water Pumping,TUOLUMNE,High Bill Inquiry,Low,In Progress,2024-05-03,
SR00002644,,,ACCT001540,CUST001540,2024-04,Residential,EL DORADO,High Bill Inquiry,Medium,Closed,2024-05-03,2024-05-16
SR00002645,,,ACCT002755,CUST002755,2024-04,Commercial,ALAMEDA,High Bill Inquiry,Medium,Open,2024-05-03,
SR00002646,,,ACCT000042,CUST000042,2024-11,Residential,NEVADA,Outage Follow Up,Low,Open,2024-12-03,
SR00002647,,,ACCT001999,CUST001999,2024-06,Residential,SAN MATEO,Meter Issue,Low,Open,2024-07-03,
SR00002648,,,ACCT001818,CUST001818,2024-10,Residential,TUOLUMNE,Outage Follow Up,Medium,Closed,2024-11-03,2024-11-18
SR00002649,,,ACCT002984,CUST002984,2024-11,Commercial,SANTA CLARA,Meter Issue,Medium,Closed,2024-12-03,2024-12-28
SR00002650,,,ACCT002898,CUST002898,2024-12,Residential,KERN,Rate Plan Change,Low,In Progress,2025-01-03,
SR00002651,,,ACCT002782,CUST002782,2024-03,Commercial,CONTRA COSTA,Rate Plan Change,Medium,Closed,2024-04-03,2024-04-22
SR00002652,,,ACCT000685,CUST000685,2024-04,Industrial,SANTA CLARA,High Bill Inquiry,Low,Closed,2024-05-03,2024-05-22
SR00002653,,,ACCT001867,CUST001867,2024-09,Residential,KERN,High Bill Inquiry,Low,Closed,2024-10-03,2024-10-30
SR00002654,,,ACCT000639,CUST000639,2024-07,Residential,CONTRA COSTA,Rate Plan Change,Critical,Closed,2024-08-03,2024-08-23
SR00002655,,,ACCT000334,CUST000334,2024-04,Residential,ALAMEDA,High Bill Inquiry,Medium,Closed,2024-05-03,2024-05-25
SR00002656,,,ACCT002723,CUST002723,2024-06,Residential,CONTRA COSTA,Rate Plan Change,High,In Progress,2024-07-03,
SR00002657,,,ACCT002869,CUST002869,2024-10,Residential,SAN MATEO,High Bill Inquiry,Medium,Closed,2024-11-03,2024-11-18
SR00002658,,,ACCT004117,CUST004117,2024-08,Commercial,SAN LUIS OBISPO,Rate Plan Change,Medium,Closed,2024-09-03,2024-10-01
SR00002659,,,ACCT002390,CUST002390,2024-11,Residential,KERN,High Bill Inquiry,Medium,Closed,2024-12-03,2024-12-12
SR00002660,,,ACCT000624,CUST000624,2024-07,Residential,MADERA,High Bill Inquiry,High,Closed,2024-08-03,2024-08-20
SR00002661,,,ACCT001224,CUST001224,2024-06,Industrial,SAN MATEO,High Bill Inquiry,Medium,Open,2024-07-03,
SR00002662,,,ACCT004286,CUST004286,2024-09,Residential,SOLANO,Outage Follow Up,Medium,Closed,2024-10-03,2024-10-07
SR00002663,,,ACCT000629,CUST000629,2024-05,Residential,SAN FRANCISCO,Outage Follow Up,Low,In Progress,2024-06-03,
SR00002664,,,ACCT000189,CUST000189,2024-05,Residential,AMADOR,Meter Issue,Medium,Closed,2024-06-03,2024-06-06
SR00002665,,,ACCT000722,CUST000722,2024-09,Residential,KERN,Outage Follow Up,Medium,Closed,2024-10-03,2024-10-15
SR00002666,,,ACCT000260,CUST000260,2024-08,Residential,MONTEREY,Outage Follow Up,Medium,Closed,2024-09-03,2024-09-28
SR00002667,,,ACCT000223,CUST000223,2024-02,Residential,SANTA CLARA,Outage Follow Up,High,Closed,2024-03-03,2024-04-01
SR00002668,,,ACCT003487,CUST003487,2024-07,Residential,SANTA CLARA,Outage Follow Up,High,Closed,2024-08-03,2024-08-21
SR00002669,,,ACCT000989,CUST000989,2024-06,Residential,FRESNO,Outage Follow Up,Medium,Open,2024-07-03,
SR00002670,,,ACCT002677,CUST002677,2024-12,Residential,SOLANO,Outage Follow Up,Low,Closed,2025-01-03,2025-01-23
SR00002671,,,ACCT002132,CUST002132,2024-06,Residential,KERN,Outage Follow Up,Low,Closed,2024-07-03,2024-07-22
SR00002672,,,ACCT001327,CUST001327,2024-10,Residential,NAPA,Rate Plan Change,Low,Closed,2024-11-03,2024-11-14
SR00002673,,,ACCT000142,CUST000142,2024-08,Residential,SANTA CLARA,Outage Follow Up,Low,Closed,2024-09-03,2024-09-19
SR00002674,,,ACCT002692,CUST002692,2024-05,Residential,MONTEREY,High Bill Inquiry,Medium,Closed,2024-06-03,2024-06-12
SR00002675,,,ACCT003846,CUST003846,2024-07,Residential,SOLANO,High Bill Inquiry,Low,Closed,2024-08-03,2024-08-15
SR00002676,,,ACCT001365,CUST001365,2024-02,Residential,KERN,Outage Follow Up,Medium,Closed,2024-03-03,2024-03-18
SR00002677,,,ACCT001712,CUST001712,2024-12,Residential,ALAMEDA,Outage Follow Up,Medium,Closed,2025-01-03,2025-01-19
SR00002678,,,ACCT003886,CUST003886,2024-07,Industrial,FRESNO,Meter Issue,Medium,Closed,2024-08-03,2024-09-01
SR00002679,,,ACCT002810,CUST002810,2024-07,Residential,CONTRA COSTA,High Bill Inquiry,High,Closed,2024-08-03,2024-08-17
SR00002680,,,ACCT001007,CUST001007,2024-04,Residential,PLACER,High Bill Inquiry,Low,Closed,2024-05-03,2024-05-13
SR00002681,,,ACCT003623,CUST003623,2024-08,Residential,KERN,Outage Follow Up,Medium,Closed,2024-09-03,2024-09-23
SR00002682,,,ACCT004352,CUST004352,2024-03,Residential,SAN MATEO,High Bill Inquiry,Medium,Open,2024-04-03,
SR00002683,,,ACCT001380,CUST001380,2024-07,Residential,SONOMA,Outage Follow Up,High,Open,2024-08-03,
SR00002684,,,ACCT000673,CUST000673,2024-03,Residential,SANTA BARBARA,Outage Follow Up,Medium,Closed,2024-04-03,2024-04-05
SR00002685,,,ACCT003365,CUST003365,2024-10,Industrial,PLACER,Outage Follow Up,Medium,Closed,2024-11-03,2024-11-11
SR00002686,,,ACCT001491,CUST001491,2024-04,Residential,SAN LUIS OBISPO,High Bill Inquiry,Low,In Progress,2024-05-03,
SR00002687,,,ACCT002584,CUST002584,2024-09,Residential,SANTA CLARA,Rate Plan Change,Critical,Open,2024-10-03,
SR00002688,,,ACCT003380,CUST003380,2024-11,Residential,KERN,Outage Follow Up,Low,Closed,2024-12-03,2024-12-07
SR00002689,,,ACCT002263,CUST002263,2024-02,Commercial,FRESNO,Meter Issue,Low,Closed,2024-03-03,2024-03-05
SR00002690,,,ACCT001545,CUST001545,2024-06,Agriculture And Water Pumping,KERN,Meter Issue,Low,Closed,2024-07-03,2024-07-09
SR00002691,,,ACCT002446,CUST002446,2024-09,Residential,FRESNO,Meter Issue,High,In Progress,2024-10-03,
SR00002692,,,ACCT004160,CUST004160,2024-01,Residential,KERN,Outage Follow Up,Low,Closed,2024-02-03,2024-02-14
SR00002693,,,ACCT002890,CUST002890,2024-08,Commercial,KERN,Rate Plan Change,Low,Closed,2024-09-03,2024-09-10
SR00002694,,,ACCT001293,CUST001293,2024-06,Residential,NAPA,Outage Follow Up,Low,Cancelled,2024-07-03,2024-07-12
SR00002695,,,ACCT001580,CUST001580,2024-01,Residential,SAN FRANCISCO,Outage Follow Up,High,In Progress,2024-02-03,
SR00002696,,,ACCT000314,CUST000314,2024-03,Agriculture And Water Pumping,KINGS,Rate Plan Change,Medium,Closed,2024-04-03,2024-04-18
SR00002697,,,ACCT004032,CUST004032,2024-07,Residential,FRESNO,Outage Follow Up,High,Closed,2024-08-03,2024-08-26
SR00002698,,,ACCT002865,CUST002865,2024-01,Residential,ALAMEDA,Rate Plan Change,Medium,Closed,2024-02-03,2024-02-14
SR00002699,,,ACCT000179,CUST000179,2024-02,Industrial,PLACER,High Bill Inquiry,Medium,Cancelled,2024-03-03,2024-03-07
SR00002700,,,ACCT001474,CUST001474,2024-07,Residential,KINGS,Outage Follow Up,Low,Closed,2024-08-03,2024-08-26
SR00002701,,,ACCT001344,CUST001344,2024-02,Residential,SAN JOAQUIN,Rate Plan Change,Low,Closed,2024-03-03,2024-03-14
SR00002702,,,ACCT001386,CUST001386,2024-07,Residential,SANTA CRUZ,Meter Issue,High,Closed,2024-08-03,2024-08-07
SR00002703,,,ACCT001949,CUST001949,2024-07,Residential,MONTEREY,Meter Issue,High,Closed,2024-08-03,2024-08-09
SR00002704,,,ACCT002578,CUST002578,2024-03,Residential,FRESNO,Outage Follow Up,Low,Closed,2024-04-03,2024-04-19
SR00002705,,,ACCT003688,CUST003688,2024-04,Residential,SANTA CLARA,Rate Plan Change,Medium,Closed,2024-05-03,2024-05-15
SR00002706,,,ACCT001975,CUST001975,2024-05,Residential,SAN FRANCISCO,High Bill Inquiry,High,Closed,2024-06-03,2024-06-09
SR00002707,,,ACCT002468,CUST002468,2024-03,Residential,SANTA BARBARA,Rate Plan Change,Low,Closed,2024-04-03,2024-05-01
SR00002708,,,ACCT003395,CUST003395,2024-10,Commercial,MERCED,Rate Plan Change,High,Closed,2024-11-03,2024-11-08
SR00002709,,,ACCT004801,CUST004801,2024-02,Residential,MERCED,Outage Follow Up,High,Open,2024-03-03,
SR00002710,,,ACCT000682,CUST000682,2024-09,Residential,KERN,Rate Plan Change,Low,Closed,2024-10-03,2024-10-06
SR00002711,,,ACCT000229,CUST000229,2024-10,Commercial,SANTA CLARA,High Bill Inquiry,Medium,Closed,2024-11-03,2024-11-30
SR00002712,,,ACCT003669,CUST003669,2024-03,Residential,ALAMEDA,Meter Issue,Low,Closed,2024-04-03,2024-04-12
SR00002713,,,ACCT004360,CUST004360,2024-12,Residential,FRESNO,Rate Plan Change,High,Open,2025-01-03,
SR00002714,,,ACCT002140,CUST002140,2024-01,Commercial,SANTA CLARA,Outage Follow Up,Medium,Closed,2024-02-03,2024-02-24
SR00002715,,,ACCT002331,CUST002331,2024-04,Residential,SANTA CLARA,Rate Plan Change,Low,Open,2024-05-03,
SR00002716,,,ACCT002018,CUST002018,2024-03,Commercial,SANTA CLARA,Outage Follow Up,Critical,In Progress,2024-04-03,
SR00002717,,,ACCT002444,CUST002444,2024-01,Commercial,SANTA BARBARA,High Bill Inquiry,Low,Closed,2024-02-03,2024-02-12
SR00002718,,,ACCT000886,CUST000886,2024-03,Residential,KERN,High Bill Inquiry,Low,Closed,2024-04-03,2024-04-17
SR00002719,,,ACCT004957,CUST004957,2024-10,Residential,SOLANO,Outage Follow Up,Medium,In Progress,2024-11-03,
SR00002720,,,ACCT002603,CUST002603,2024-05,Residential,SAN FRANCISCO,Meter Issue,Medium,Closed,2024-06-03,2024-06-12
SR00002721,,,ACCT004054,CUST004054,2024-03,Residential,ALAMEDA,Rate Plan Change,High,In Progress,2024-04-03,
SR00002722,,,ACCT002305,CUST002305,2024-09,Industrial,CONTRA COSTA,Rate Plan Change,High,Closed,2024-10-03,2024-10-05
SR00002723,,,ACCT003308,CUST003308,2024-07,Residential,SAN MATEO,Outage Follow Up,Low,In Progress,2024-08-03,
SR00002724,,,ACCT002740,CUST002740,2024-09,Residential,SANTA CLARA,Outage Follow Up,Medium,Open,2024-10-03,
SR00002725,,,ACCT003646,CUST003646,2024-05,Residential,KERN,Meter Issue,Medium,Closed,2024-06-03,2024-06-05
SR00002726,,,ACCT001005,CUST001005,2024-01,Commercial,SANTA CLARA,High Bill Inquiry,Medium,Closed,2024-02-03,2024-02-13
SR00002727,,,ACCT002508,CUST002508,2024-12,Residential,ALAMEDA,Outage Follow Up,Medium,In Progress,2025-01-03,
SR00002728,,,ACCT003444,CUST003444,2024-01,Streetlighting,KERN,Meter Issue,Medium,In Progress,2024-02-03,
SR00002729,,,ACCT002876,CUST002876,2024-12,Residential,SAN FRANCISCO,Rate Plan Change,Medium,Open,2025-01-03,
SR00002730,,,ACCT004025,CUST004025,2024-03,Residential,PLACER,Outage Follow Up,Medium,In Progress,2024-04-03,
SR00002731,,,ACCT002994,CUST002994,2024-12,Residential,ALAMEDA,High Bill Inquiry,Low,Open,2025-01-03,
SR00002732,,,ACCT001446,CUST001446,2024-10,Residential,PLACER,Outage Follow Up,Medium,Closed,2024-11-03,2024-11-05
SR00002733,,,ACCT000503,CUST000503,2024-02,Residential,ALAMEDA,High Bill Inquiry,Medium,Open,2024-03-03,
SR00002734,,,ACCT002155,CUST002155,2024-09,Residential,ALAMEDA,Rate Plan Change,Medium,In Progress,2024-10-03,
SR00002735,,,ACCT003366,CUST003366,2024-04,Residential,MADERA,Rate Plan Change,Low,Closed,2024-05-03,2024-05-16
SR00002736,,,ACCT003622,CUST003622,2024-05,Residential,SANTA CLARA,Outage Follow Up,Low,In Progress,2024-06-03,
SR00002737,,,ACCT002344,CUST002344,2024-02,Residential,KERN,High Bill Inquiry,Medium,Closed,2024-03-03,2024-03-21
SR00002738,,,ACCT001509,CUST001509,2024-04,Residential,BUTTE,High Bill Inquiry,Low,Closed,2024-05-03,2024-05-22
SR00002739,,,ACCT002118,CUST002118,2024-12,Residential,CONTRA COSTA,High Bill Inquiry,High,In Progress,2025-01-03,
SR00002740,,,ACCT003184,CUST003184,2024-07,Residential,YUBA,Meter Issue,Medium,Closed,2024-08-03,2024-08-05
SR00002741,,,ACCT003240,CUST003240,2024-07,Residential,SANTA CLARA,High Bill Inquiry,Medium,In Progress,2024-08-03,
SR00002742,,,ACCT004029,CUST004029,2024-07,Residential,YUBA,High Bill Inquiry,Medium,Closed,2024-08-03,2024-08-20
SR00002743,,,ACCT000859,CUST000859,2024-11,Residential,CONTRA COSTA,Meter Issue,Medium,Open,2024-12-03,
SR00002744,,,ACCT004687,CUST004687,2024-12,Residential,ALAMEDA,Outage Follow Up,Medium,Closed,2025-01-03,2025-01-21
SR00002745,,,ACCT000017,CUST000017,2024-04,Residential,CONTRA COSTA,Outage Follow Up,Low,Closed,2024-05-03,2024-05-30
SR00002746,,,ACCT002003,CUST002003,2024-07,Commercial,SAN JOAQUIN,High Bill Inquiry,High,Closed,2024-08-03,2024-08-25
SR00002747,,,ACCT003869,CUST003869,2024-07,Residential,SANTA BARBARA,High Bill Inquiry,Low,In Progress,2024-08-03,
SR00002748,,,ACCT003643,CUST003643,2024-01,Residential,ALAMEDA,Outage Follow Up,Medium,In Progress,2024-02-03,
SR00002749,,,ACCT001826,CUST001826,2024-08,Residential,SAN JOAQUIN,High Bill Inquiry,Low,Open,2024-09-03,
SR00002750,,,ACCT003454,CUST003454,2024-11,Residential,KERN,High Bill Inquiry,Medium,Closed,2024-12-03,2024-12-04
SR00002751,,,ACCT004480,CUST004480,2024-11,Residential,SANTA CLARA,High Bill Inquiry,Medium,In Progress,2024-12-03,
SR00002752,,,ACCT004869,CUST004869,2024-06,Residential,CALAVERAS,Meter Issue,Low,Open,2024-07-03,
SR00002753,,,ACCT004208,CUST004208,2024-04,Residential,FRESNO,Outage Follow Up,Medium,Closed,2024-05-03,2024-05-07
SR00002754,,,ACCT001681,CUST001681,2024-06,Residential,FRESNO,Meter Issue,Low,Closed,2024-07-03,2024-07-13
SR00002755,,,ACCT000436,CUST000436,2024-10,Residential,SOLANO,High Bill Inquiry,Low,Open,2024-11-03,
SR00002756,,,ACCT004405,CUST004405,2024-03,"Transportation, Communications, & Utilities",SANTA CLARA,High Bill Inquiry,High,Cancelled,2024-04-03,2024-04-25
SR00002757,,,ACCT003841,CUST003841,2024-12,Residential,SAN FRANCISCO,Outage Follow Up,High,Closed,2025-01-03,2025-01-11
SR00002758,,,ACCT001846,CUST001846,2024-12,Residential,SANTA CLARA,High Bill Inquiry,Medium,Closed,2025-01-03,2025-02-01
SR00002759,,,ACCT004349,CUST004349,2024-10,Commercial,SANTA BARBARA,Outage Follow Up,Medium,Closed,2024-11-03,2024-11-29
SR00002760,,,ACCT003806,CUST003806,2024-05,Agriculture And Water Pumping,SAN JOAQUIN,Rate Plan Change,Medium,Closed,2024-06-03,2024-06-11
SR00002761,,,ACCT003885,CUST003885,2024-12,Commercial,SAN JOAQUIN,Meter Issue,Medium,Cancelled,2025-01-03,2025-01-31
SR00002762,,,ACCT000257,CUST000257,2024-02,Industrial,CONTRA COSTA,Meter Issue,Medium,Open,2024-03-03,
SR00002763,,,ACCT004942,CUST004942,2024-07,Residential,CONTRA COSTA,Outage Follow Up,Medium,Closed,2024-08-03,2024-08-27
SR00002764,,,ACCT003331,CUST003331,2024-08,Residential,SOLANO,High Bill Inquiry,Medium,In Progress,2024-09-03,
SR00002765,,,ACCT001020,CUST001020,2024-03,Residential,SANTA CLARA,Meter Issue,Medium,Open,2024-04-03,
SR00002766,,,ACCT002592,CUST002592,2024-11,Commercial,SAN JOAQUIN,Rate Plan Change,Critical,Closed,2024-12-03,2024-12-24
SR00002767,,,ACCT000064,CUST000064,2024-06,Residential,ALAMEDA,Outage Follow Up,Low,Closed,2024-07-03,2024-07-15
SR00002768,,,ACCT001472,CUST001472,2024-08,Residential,SAN JOAQUIN,Outage Follow Up,Low,In Progress,2024-09-03,
SR00002769,,,ACCT004786,CUST004786,2024-02,Residential,MERCED,Outage Follow Up,High,Closed,2024-03-03,2024-03-11
SR00002770,,,ACCT001067,CUST001067,2024-10,Residential,KERN,High Bill Inquiry,High,Closed,2024-11-03,2024-12-02
SR00002771,,,ACCT003407,CUST003407,2024-08,Commercial,CONTRA COSTA,Outage Follow Up,High,Closed,2024-09-03,2024-09-27
SR00002772,,,ACCT002484,CUST002484,2024-05,Residential,KERN,Outage Follow Up,Medium,Open,2024-06-03,
SR00002773,,,ACCT003596,CUST003596,2024-01,Residential,SAN FRANCISCO,Outage Follow Up,High,Closed,2024-02-03,2024-02-04
SR00002774,,,ACCT001185,CUST001185,2024-06,Residential,CONTRA COSTA,High Bill Inquiry,Medium,Open,2024-07-03,
SR00002775,,,ACCT003323,CUST003323,2024-11,Residential,SANTA CLARA,Rate Plan Change,Critical,In Progress,2024-12-03,
SR00002776,,,ACCT001375,CUST001375,2024-10,Residential,SANTA CLARA,Outage Follow Up,Critical,Closed,2024-11-03,2024-11-22
SR00002777,,,ACCT000479,CUST000479,2024-04,Agriculture And Water Pumping,MERCED,Outage Follow Up,Medium,In Progress,2024-05-03,
SR00002778,,,ACCT002780,CUST002780,2024-02,Residential,PLACER,Rate Plan Change,Medium,In Progress,2024-03-03,
SR00002779,,,ACCT000456,CUST000456,2024-11,Residential,SANTA CLARA,Rate Plan Change,High,In Progress,2024-12-03,
SR00002780,,,ACCT001161,CUST001161,2024-02,Commercial,SANTA CLARA,High Bill Inquiry,Medium,Closed,2024-03-03,2024-03-15
SR00002781,,,ACCT002361,CUST002361,2024-01,Residential,FRESNO,Rate Plan Change,High,In Progress,2024-02-03,
SR00002782,,,ACCT000487,CUST000487,2024-04,Residential,SANTA CLARA,High Bill Inquiry,Medium,Closed,2024-05-03,2024-05-20
SR00002783,,,ACCT003042,CUST003042,2024-03,Agriculture And Water Pumping,ALAMEDA,Outage Follow Up,Low,Closed,2024-04-03,2024-04-07
SR00002784,,,ACCT001289,CUST001289,2024-08,Residential,KINGS,High Bill Inquiry,Low,In Progress,2024-09-03,
SR00002785,,,ACCT003873,CUST003873,2024-05,Residential,FRESNO,Meter Issue,Low,In Progress,2024-06-03,
SR00002786,,,ACCT004623,CUST004623,2024-03,Residential,KERN,Meter Issue,Medium,Closed,2024-04-03,2024-04-14
SR00002787,,,ACCT001370,CUST001370,2024-10,Residential,SAN JOAQUIN,High Bill Inquiry,High,Closed,2024-11-03,2024-11-07
SR00002788,,,ACCT003645,CUST003645,2024-07,Residential,PLACER,Outage Follow Up,High,In Progress,2024-08-03,
SR00002789,,,ACCT004895,CUST004895,2024-06,Residential,SOLANO,Rate Plan Change,Medium,Closed,2024-07-03,2024-07-06
SR00002790,,,ACCT000590,CUST000590,2024-07,Residential,SANTA BARBARA,High Bill Inquiry,High,In Progress,2024-08-03,
SR00002791,,,ACCT002989,CUST002989,2024-11,Residential,MERCED,Outage Follow Up,High,Cancelled,2024-12-03,2024-12-22
SR00002792,,,ACCT003246,CUST003246,2024-06,Residential,FRESNO,Rate Plan Change,Low,Closed,2024-07-03,2024-07-04
SR00002793,,,ACCT001659,CUST001659,2024-07,Residential,SANTA CLARA,Rate Plan Change,Medium,In Progress,2024-08-03,
SR00002794,,,ACCT004771,CUST004771,2024-01,Residential,MERCED,Meter Issue,Medium,Open,2024-02-03,
SR00002795,,,ACCT003656,CUST003656,2024-10,Residential,KERN,Outage Follow Up,High,Open,2024-11-03,
SR00002796,,,ACCT000211,CUST000211,2024-10,Residential,NAPA,Outage Follow Up,Low,Closed,2024-11-03,2024-11-17
SR00002797,,,ACCT004397,CUST004397,2024-11,Residential,CONTRA COSTA,High Bill Inquiry,Medium,Open,2024-12-03,
SR00002798,,,ACCT004189,CUST004189,2024-10,Residential,NAPA,Outage Follow Up,Low,In Progress,2024-11-03,
SR00002799,,,ACCT003238,CUST003238,2024-02,Agriculture And Water Pumping,MERCED,Rate Plan Change,Low,Closed,2024-03-03,2024-03-15
SR00002800,,,ACCT002665,CUST002665,2024-05,Residential,SAN MATEO,High Bill Inquiry,High,Closed,2024-06-03,2024-06-17
SR00002801,,,ACCT002478,CUST002478,2024-04,Residential,CONTRA COSTA,Outage Follow Up,High,Closed,2024-05-03,2024-05-16
SR00002802,,,ACCT004312,CUST004312,2024-03,Industrial,SAN MATEO,High Bill Inquiry,High,In Progress,2024-04-03,
SR00002803,,,ACCT003714,CUST003714,2024-02,Residential,KERN,High Bill Inquiry,Low,Open,2024-03-03,
SR00002804,,,ACCT002026,CUST002026,2024-03,Residential,KERN,High Bill Inquiry,Medium,Closed,2024-04-03,2024-04-22
SR00002805,,,ACCT002681,CUST002681,2024-09,Residential,AMADOR,Meter Issue,Low,Cancelled,2024-10-03,2024-10-15
SR00002806,,,ACCT000522,CUST000522,2024-07,Residential,SAN FRANCISCO,Outage Follow Up,Low,Closed,2024-08-03,2024-08-20
SR00002807,,,ACCT003135,CUST003135,2024-01,Residential,FRESNO,Outage Follow Up,Medium,Closed,2024-02-03,2024-02-13
SR00002808,,,ACCT000452,CUST000452,2024-04,Residential,ALAMEDA,Meter Issue,Medium,Closed,2024-05-03,2024-05-13
SR00002809,,,ACCT000747,CUST000747,2024-05,Residential,FRESNO,Outage Follow Up,Low,Closed,2024-06-03,2024-06-14
SR00002810,,,ACCT003078,CUST003078,2024-04,Residential,SAN FRANCISCO,Rate Plan Change,Medium,Open,2024-05-03,
SR00002811,,,ACCT001649,CUST001649,2024-04,Residential,FRESNO,Outage Follow Up,Low,Closed,2024-05-03,2024-05-30
SR00002812,,,ACCT001325,CUST001325,2024-03,"Transportation, Communications, & Utilities",SANTA CLARA,Rate Plan Change,High,In Progress,2024-04-03,
SR00002813,,,ACCT002585,CUST002585,2024-03,Residential,PLACER,Outage Follow Up,Medium,In Progress,2024-04-03,
SR00002814,,,ACCT004127,CUST004127,2024-10,Residential,KERN,Outage Follow Up,Low,In Progress,2024-11-03,
SR00002815,,,ACCT000827,CUST000827,2024-07,Residential,SANTA BARBARA,High Bill Inquiry,Low,Closed,2024-08-03,2024-08-20
SR00002816,,,ACCT003019,CUST003019,2024-01,Residential,KERN,High Bill Inquiry,Medium,Cancelled,2024-02-03,2024-02-14
SR00002817,,,ACCT002294,CUST002294,2024-01,Residential,KERN,High Bill Inquiry,Medium,In Progress,2024-02-03,
SR00002818,,,ACCT004931,CUST004931,2024-04,Residential,SAN JOAQUIN,Rate Plan Change,High,Open,2024-05-03,
SR00002819,,,ACCT001940,CUST001940,2024-10,Residential,ALAMEDA,Meter Issue,Medium,Open,2024-11-03,
SR00002820,,,ACCT002766,CUST002766,2024-01,Agriculture And Water Pumping,SANTA CRUZ,Outage Follow Up,High,Closed,2024-02-03,2024-02-28
SR00002821,,,ACCT000987,CUST000987,2024-03,Residential,SAN FRANCISCO,Outage Follow Up,Medium,Closed,2024-04-03,2024-04-05
SR00002822,,,ACCT003595,CUST003595,2024-08,Residential,SOLANO,Rate Plan Change,Low,In Progress,2024-09-03,
SR00002823,,,ACCT002881,CUST002881,2024-06,Residential,CONTRA COSTA,High Bill Inquiry,Medium,Closed,2024-07-03,2024-07-04
SR00002824,,,ACCT001839,CUST001839,2024-09,Industrial,SANTA CLARA,Outage Follow Up,High,Open,2024-10-03,
SR00002825,,,ACCT001198,CUST001198,2024-05,Agriculture And Water Pumping,SAN JOAQUIN,Rate Plan Change,Medium,Closed,2024-06-03,2024-06-14
SR00002826,,,ACCT000283,CUST000283,2024-10,Residential,SANTA CLARA,High Bill Inquiry,Low,Closed,2024-11-03,2024-11-12
SR00002827,,,ACCT003529,CUST003529,2024-02,Agriculture And Water Pumping,FRESNO,Meter Issue,Low,Closed,2024-03-03,2024-03-22
SR00002828,,,ACCT002671,CUST002671,2024-06,Residential,MERCED,Meter Issue,Medium,Open,2024-07-03,
SR00002829,,,ACCT001183,CUST001183,2024-04,Residential,SANTA CLARA,Outage Follow Up,Low,Closed,2024-05-03,2024-05-08
SR00002830,,,ACCT002545,CUST002545,2024-04,Residential,SANTA CLARA,High Bill Inquiry,Low,In Progress,2024-05-03,
SR00002831,,,ACCT000106,CUST000106,2024-12,Residential,SANTA CLARA,High Bill Inquiry,Low,Closed,2025-01-03,2025-01-13
SR00002832,,,ACCT004644,CUST004644,2024-04,Residential,SANTA CLARA,High Bill Inquiry,Medium,Closed,2024-05-03,2024-05-20
SR00002833,,,ACCT001904,CUST001904,2024-12,Residential,SANTA BARBARA,Rate Plan Change,Low,Closed,2025-01-03,2025-01-07
SR00002834,,,ACCT004434,CUST004434,2024-09,Commercial,ALAMEDA,Outage Follow Up,High,Open,2024-10-03,
SR00002835,,,ACCT000684,CUST000684,2024-09,Residential,SANTA CLARA,Meter Issue,Medium,Closed,2024-10-03,2024-10-30
SR00002836,,,ACCT003557,CUST003557,2024-09,Residential,CONTRA COSTA,High Bill Inquiry,High,Closed,2024-10-03,2024-10-19
SR00002837,,,ACCT002659,CUST002659,2024-04,Residential,KERN,High Bill Inquiry,Medium,Closed,2024-05-03,2024-05-17
SR00002838,,,ACCT002061,CUST002061,2024-05,Residential,SUTTER,Outage Follow Up,Medium,Closed,2024-06-03,2024-06-22
SR00002839,,,ACCT003966,CUST003966,2024-04,Residential,FRESNO,Meter Issue,Medium,Closed,2024-05-03,2024-05-04
SR00002840,,,ACCT002175,CUST002175,2024-10,Residential,SANTA CLARA,Meter Issue,Medium,Closed,2024-11-03,2024-11-21
SR00002841,,,ACCT002945,CUST002945,2024-07,Residential,KERN,Meter Issue,Low,Closed,2024-08-03,2024-08-04
SR00002842,,,ACCT001393,CUST001393,2024-10,Residential,SOLANO,Outage Follow Up,Low,Closed,2024-11-03,2024-11-09
SR00002843,,,ACCT000916,CUST000916,2024-05,Residential,SANTA CLARA,Meter Issue,Low,Open,2024-06-03,
SR00002844,,,ACCT004909,CUST004909,2024-03,Residential,SANTA CLARA,High Bill Inquiry,Low,In Progress,2024-04-03,
SR00002845,,,ACCT003878,CUST003878,2024-12,Commercial,SAN MATEO,High Bill Inquiry,High,Closed,2025-01-03,2025-01-13
SR00002846,,,ACCT000117,CUST000117,2024-03,Commercial,KERN,Outage Follow Up,Medium,Closed,2024-04-03,2024-04-19
SR00002847,,,ACCT002080,CUST002080,2024-02,Residential,SOLANO,High Bill Inquiry,Medium,Closed,2024-03-03,2024-03-30
SR00002848,,,ACCT004723,CUST004723,2024-01,Residential,FRESNO,Rate Plan Change,Low,Closed,2024-02-03,2024-02-13
SR00002849,,,ACCT004033,CUST004033,2024-03,Residential,SAN MATEO,Rate Plan Change,Low,Open,2024-04-03,
SR00002850,,,ACCT002203,CUST002203,2024-07,Residential,PLACER,Outage Follow Up,Medium,Closed,2024-08-03,2024-08-24
SR00002851,,,ACCT004396,CUST004396,2024-11,Commercial,CONTRA COSTA,Outage Follow Up,Low,Open,2024-12-03,
SR00002852,,,ACCT000316,CUST000316,2024-08,Residential,KERN,Outage Follow Up,High,Closed,2024-09-03,2024-09-12
SR00002853,,,ACCT002914,CUST002914,2024-08,Agriculture And Water Pumping,CONTRA COSTA,Rate Plan Change,High,Closed,2024-09-03,2024-09-20
SR00002854,,,ACCT002343,CUST002343,2024-07,Residential,FRESNO,High Bill Inquiry,Low,In Progress,2024-08-03,
SR00002855,,,ACCT000903,CUST000903,2024-08,Residential,SANTA CLARA,High Bill Inquiry,Medium,Open,2024-09-03,
SR00002856,,,ACCT000119,CUST000119,2024-07,Commercial,MADERA,Outage Follow Up,Medium,Open,2024-08-03,
SR00002857,,,ACCT000029,CUST000029,2024-12,Residential,SOLANO,High Bill Inquiry,High,Open,2025-01-03,
SR00002858,,,ACCT003501,CUST003501,2024-11,Residential,KERN,High Bill Inquiry,Medium,Closed,2024-12-03,2024-12-29
SR00002859,,,ACCT004150,CUST004150,2024-08,Residential,SAN FRANCISCO,Outage Follow Up,Medium,Closed,2024-09-03,2024-09-20
SR00002860,,,ACCT004861,CUST004861,2024-10,Residential,SAN JOAQUIN,High Bill Inquiry,Medium,Cancelled,2024-11-03,2024-11-12
SR00002861,,,ACCT004630,CUST004630,2024-08,Residential,KERN,Meter Issue,Low,Open,2024-09-03,
SR00002862,,,ACCT001479,CUST001479,2024-01,Commercial,PLACER,High Bill Inquiry,High,In Progress,2024-02-03,
SR00002863,,,ACCT000937,CUST000937,2024-05,Residential,FRESNO,Outage Follow Up,Medium,Closed,2024-06-03,2024-06-19
SR00002864,,,ACCT000669,CUST000669,2024-09,Residential,CONTRA COSTA,Rate Plan Change,High,Cancelled,2024-10-03,2024-10-17
SR00002865,,,ACCT002052,CUST002052,2024-03,Residential,PLACER,High Bill Inquiry,Low,Closed,2024-04-03,2024-04-23
SR00002866,,,ACCT002678,CUST002678,2024-11,Residential,KINGS,High Bill Inquiry,Low,Open,2024-12-03,
SR00002867,,,ACCT000714,CUST000714,2024-06,Residential,PLUMAS,High Bill Inquiry,Medium,Closed,2024-07-03,2024-07-28
SR00002868,,,ACCT004256,CUST004256,2024-06,Residential,ALAMEDA,Rate Plan Change,Critical,Open,2024-07-03,
SR00002869,,,ACCT001181,CUST001181,2024-01,Agriculture And Water Pumping,SAN LUIS OBISPO,Outage Follow Up,High,Closed,2024-02-03,2024-02-09
SR00002870,,,ACCT000075,CUST000075,2024-01,Residential,KINGS,Outage Follow Up,Medium,In Progress,2024-02-03,
SR00002871,,,ACCT002950,CUST002950,2024-04,Industrial,ALAMEDA,Outage Follow Up,Low,Closed,2024-05-03,2024-05-06
SR00002872,,,ACCT001241,CUST001241,2024-09,Commercial,YOLO,Rate Plan Change,Low,Closed,2024-10-03,2024-10-29
SR00002873,,,ACCT002034,CUST002034,2024-06,Agriculture And Water Pumping,NEVADA,High Bill Inquiry,Low,Closed,2024-07-03,2024-07-08
SR00002874,,,ACCT004343,CUST004343,2024-03,Commercial,SAN JOAQUIN,High Bill Inquiry,Medium,Open,2024-04-03,
SR00002875,,,ACCT000595,CUST000595,2024-11,Commercial,SAN MATEO,High Bill Inquiry,Medium,Closed,2024-12-03,2024-12-25
SR00002876,,,ACCT003937,CUST003937,2024-10,Residential,SANTA CLARA,Meter Issue,Medium,In Progress,2024-11-03,
SR00002877,,,ACCT002940,CUST002940,2024-05,Residential,KERN,High Bill Inquiry,Medium,In Progress,2024-06-03,
SR00002878,,,ACCT000347,CUST000347,2024-07,Residential,CONTRA COSTA,Rate Plan Change,Medium,Closed,2024-08-03,2024-08-29
SR00002879,,,ACCT000407,CUST000407,2024-03,Residential,KINGS,Outage Follow Up,Low,In Progress,2024-04-03,
SR00002880,,,ACCT002357,CUST002357,2024-02,Commercial,SHASTA,Outage Follow Up,Medium,Closed,2024-03-03,2024-03-18
SR00002881,,,ACCT002642,CUST002642,2024-09,Residential,ALAMEDA,High Bill Inquiry,Medium,Cancelled,2024-10-03,2024-10-21
SR00002882,,,ACCT004912,CUST004912,2024-08,Residential,SONOMA,Outage Follow Up,Low,Closed,2024-09-03,2024-09-14
SR00002883,,,ACCT000693,CUST000693,2024-11,Residential,FRESNO,High Bill Inquiry,Low,Cancelled,2024-12-03,2024-12-30
SR00002884,,,ACCT000763,CUST000763,2024-01,Residential,SUTTER,Outage Follow Up,Low,Closed,2024-02-03,2024-02-06
SR00002885,,,ACCT004960,CUST004960,2024-04,Residential,ALAMEDA,High Bill Inquiry,Low,Closed,2024-05-03,2024-05-13
SR00002886,,,ACCT001676,CUST001676,2024-10,Residential,BUTTE,Outage Follow Up,Low,Open,2024-11-03,
SR00002887,,,ACCT003433,CUST003433,2024-06,Residential,CONTRA COSTA,High Bill Inquiry,Low,Open,2024-07-03,
SR00002888,,,ACCT002569,CUST002569,2024-12,Commercial,SAN JOAQUIN,Outage Follow Up,Low,Open,2025-01-03,
SR00002889,,,ACCT000858,CUST000858,2024-01,Residential,CONTRA COSTA,Outage Follow Up,Medium,In Progress,2024-02-03,
SR00002890,,,ACCT002993,CUST002993,2024-10,Residential,ALAMEDA,High Bill Inquiry,Low,Closed,2024-11-03,2024-11-05
SR00002891,,,ACCT004850,CUST004850,2024-05,Residential,KERN,Outage Follow Up,Medium,In Progress,2024-06-03,
SR00002892,,,ACCT004162,CUST004162,2024-09,Residential,SANTA BARBARA,Rate Plan Change,Low,Open,2024-10-03,
SR00002893,,,ACCT000413,CUST000413,2024-03,Agriculture And Water Pumping,SOLANO,High Bill Inquiry,Medium,Closed,2024-04-03,2024-04-18
SR00002894,,,ACCT000219,CUST000219,2024-08,Residential,SANTA CLARA,Meter Issue,Low,Closed,2024-09-03,2024-09-26
SR00002895,,,ACCT004799,CUST004799,2024-03,Residential,KERN,Rate Plan Change,Medium,Closed,2024-04-03,2024-04-26
SR00002896,,,ACCT001806,CUST001806,2024-09,Residential,SAN JOAQUIN,High Bill Inquiry,High,Closed,2024-10-03,2024-10-11
SR00002897,,,ACCT002783,CUST002783,2024-11,"Transportation, Communications, & Utilities",MONTEREY,Outage Follow Up,Medium,Cancelled,2024-12-03,2024-12-06
SR00002898,,,ACCT000533,CUST000533,2024-08,Streetlighting,FRESNO,Outage Follow Up,Medium,Open,2024-09-03,
SR00002899,,,ACCT000346,CUST000346,2024-09,Residential,PLACER,High Bill Inquiry,Low,Cancelled,2024-10-03,2024-10-05
SR00002900,,,ACCT004641,CUST004641,2024-05,Industrial,KERN,Rate Plan Change,Medium,Closed,2024-06-03,2024-06-23
SR00002901,,,ACCT000134,CUST000134,2024-01,Residential,CONTRA COSTA,Outage Follow Up,Low,Closed,2024-02-03,2024-02-20
SR00002902,,,ACCT004013,CUST004013,2024-12,Residential,SANTA CLARA,High Bill Inquiry,Medium,Closed,2025-01-03,2025-01-30
SR00002903,,,ACCT000126,CUST000126,2024-06,Residential,EL DORADO,Meter Issue,High,Closed,2024-07-03,2024-07-28
SR00002904,,,ACCT002641,CUST002641,2024-06,Residential,KERN,Outage Follow Up,Medium,Closed,2024-07-03,2024-07-26
SR00002905,,,ACCT001882,CUST001882,2024-03,Commercial,SANTA CLARA,Outage Follow Up,High,Closed,2024-04-03,2024-05-01
SR00002906,,,ACCT003074,CUST003074,2024-05,Residential,FRESNO,Outage Follow Up,Low,Closed,2024-06-03,2024-06-04
SR00002907,,,ACCT003484,CUST003484,2024-01,Commercial,TUOLUMNE,Outage Follow Up,Medium,Closed,2024-02-03,2024-02-12
SR00002908,,,ACCT000760,CUST000760,2024-11,Residential,ALAMEDA,Meter Issue,Critical,Closed,2024-12-03,2024-12-17
SR00002909,,,ACCT000802,CUST000802,2024-03,Residential,SANTA CLARA,Rate Plan Change,High,Closed,2024-04-03,2024-04-20
SR00002910,,,ACCT001143,CUST001143,2024-09,Residential,SANTA CLARA,High Bill Inquiry,Critical,Open,2024-10-03,
SR00002911,,,ACCT002895,CUST002895,2024-03,Residential,KERN,Rate Plan Change,High,In Progress,2024-04-03,
SR00002912,,,ACCT001335,CUST001335,2024-03,Agriculture And Water Pumping,ALAMEDA,Outage Follow Up,Medium,Open,2024-04-03,
SR00002913,,,ACCT000926,CUST000926,2024-08,Residential,FRESNO,Outage Follow Up,High,Closed,2024-09-03,2024-09-09
SR00002914,,,ACCT002150,CUST002150,2024-02,Commercial,EL DORADO,Rate Plan Change,Low,In Progress,2024-03-03,
SR00002915,,,ACCT000955,CUST000955,2024-08,Residential,CONTRA COSTA,Outage Follow Up,Critical,In Progress,2024-09-03,
SR00002916,,,ACCT002127,CUST002127,2024-10,Residential,CONTRA COSTA,Meter Issue,Low,Closed,2024-11-03,2024-11-14
SR00002917,,,ACCT003244,CUST003244,2024-04,Residential,KERN,Outage Follow Up,Medium,Closed,2024-05-03,2024-05-15
SR00002918,,,ACCT000201,CUST000201,2024-06,Residential,ALAMEDA,High Bill Inquiry,Medium,Cancelled,2024-07-03,2024-07-17
SR00002919,,,ACCT003315,CUST003315,2024-07,Residential,KERN,Outage Follow Up,Critical,Closed,2024-08-03,2024-08-26
SR00002920,,,ACCT000232,CUST000232,2024-02,Residential,KERN,High Bill Inquiry,Medium,Open,2024-03-03,
SR00002921,,,ACCT003397,CUST003397,2024-10,Commercial,NEVADA,Outage Follow Up,High,In Progress,2024-11-03,
SR00002922,,,ACCT002416,CUST002416,2024-03,Agriculture And Water Pumping,SAN FRANCISCO,Outage Follow Up,Medium,Closed,2024-04-03,2024-04-11
SR00002923,,,ACCT001094,CUST001094,2024-12,Residential,SAN FRANCISCO,Rate Plan Change,High,Cancelled,2025-01-03,2025-01-19
SR00002924,,,ACCT004253,CUST004253,2024-10,Residential,ALAMEDA,Rate Plan Change,Medium,Closed,2024-11-03,2024-11-09
SR00002925,,,ACCT001859,CUST001859,2024-05,Commercial,CALAVERAS,Outage Follow Up,Medium,Closed,2024-06-03,2024-06-26
SR00002926,,,ACCT001434,CUST001434,2024-02,Residential,PLACER,Rate Plan Change,Medium,Open,2024-03-03,
SR00002927,,,ACCT001686,CUST001686,2024-11,Commercial,CONTRA COSTA,High Bill Inquiry,Medium,Closed,2024-12-03,2024-12-08
SR00002928,,,ACCT003679,CUST003679,2024-11,Commercial,PLACER,Outage Follow Up,Medium,Closed,2024-12-03,2024-12-21
SR00002929,,,ACCT001821,CUST001821,2024-07,Residential,KERN,Meter Issue,Medium,Open,2024-08-03,
SR00002930,,,ACCT000805,CUST000805,2024-12,Residential,MARIN,Outage Follow Up,Low,Closed,2025-01-03,2025-01-28
SR00002931,,,ACCT004904,CUST004904,2024-07,Residential,SAN FRANCISCO,Rate Plan Change,Medium,In Progress,2024-08-03,
SR00002932,,,ACCT002598,CUST002598,2024-10,Residential,CONTRA COSTA,Outage Follow Up,Critical,Closed,2024-11-03,2024-11-17
SR00002933,,,ACCT000878,CUST000878,2024-05,Residential,FRESNO,Outage Follow Up,Medium,Closed,2024-06-03,2024-06-20
SR00002934,,,ACCT000090,CUST000090,2024-03,Residential,SANTA CLARA,Rate Plan Change,High,Closed,2024-04-03,2024-04-09
SR00002935,,,ACCT000982,CUST000982,2024-04,Residential,CONTRA COSTA,Outage Follow Up,Low,Cancelled,2024-05-03,2024-05-04
SR00002936,,,ACCT000764,CUST000764,2024-04,Residential,SANTA CLARA,Outage Follow Up,Medium,Closed,2024-05-03,2024-05-23
SR00002937,,,ACCT003491,CUST003491,2024-01,Residential,SAN JOAQUIN,Meter Issue,Low,Closed,2024-02-03,2024-02-07
SR00002938,,,ACCT000256,CUST000256,2024-03,Residential,KERN,Meter Issue,Low,Cancelled,2024-04-03,2024-04-28
SR00002939,,,ACCT002880,CUST002880,2024-04,Residential,CONTRA COSTA,Outage Follow Up,High,Closed,2024-05-03,2024-05-18
SR00002940,,,ACCT000609,CUST000609,2024-10,Residential,KERN,High Bill Inquiry,Medium,Open,2024-11-03,
SR00002941,,,ACCT001694,CUST001694,2024-09,Residential,SAN JOAQUIN,Outage Follow Up,Medium,Closed,2024-10-03,2024-10-14
SR00002942,,,ACCT003774,CUST003774,2024-11,Residential,KERN,Meter Issue,Medium,Closed,2024-12-03,2024-12-08
SR00002943,,,ACCT002143,CUST002143,2024-09,Residential,MERCED,Rate Plan Change,Low,In Progress,2024-10-03,
SR00002944,,,ACCT000053,CUST000053,2024-10,Industrial,SANTA CLARA,High Bill Inquiry,Low,Open,2024-11-03,
SR00002945,,,ACCT001958,CUST001958,2024-10,Residential,FRESNO,High Bill Inquiry,Low,Closed,2024-11-03,2024-11-19
SR00002946,,,ACCT002582,CUST002582,2024-11,Commercial,KERN,Rate Plan Change,High,Closed,2024-12-03,2024-12-27
SR00002947,,,ACCT001979,CUST001979,2024-06,Commercial,MERCED,Rate Plan Change,Medium,Closed,2024-07-03,2024-07-07
SR00002948,,,ACCT004276,CUST004276,2024-08,Residential,SAN MATEO,Outage Follow Up,Medium,Closed,2024-09-03,2024-09-30
SR00002949,,,ACCT000571,CUST000571,2024-12,Residential,HUMBOLDT,High Bill Inquiry,High,Open,2025-01-03,
SR00002950,,,ACCT002276,CUST002276,2024-07,Residential,MONTEREY,High Bill Inquiry,Low,In Progress,2024-08-03,
SR00002951,,,ACCT000284,CUST000284,2024-09,Residential,SONOMA,Rate Plan Change,Medium,Closed,2024-10-03,2024-10-04
SR00002952,,,ACCT002771,CUST002771,2024-07,Residential,KERN,Meter Issue,Medium,Cancelled,2024-08-03,2024-08-04
SR00002953,,,ACCT002340,CUST002340,2024-12,Residential,PLACER,Outage Follow Up,Medium,Closed,2025-01-03,2025-01-15
SR00002954,,,ACCT004938,CUST004938,2024-10,Residential,FRESNO,Meter Issue,Low,Closed,2024-11-03,2024-11-14
SR00002955,,,ACCT001628,CUST001628,2024-11,Residential,FRESNO,Outage Follow Up,Medium,Closed,2024-12-03,2024-12-15
SR00002956,,,ACCT004430,CUST004430,2024-06,Commercial,SAN JOAQUIN,Rate Plan Change,High,In Progress,2024-07-03,
SR00002957,,,ACCT002951,CUST002951,2024-10,Commercial,NAPA,Rate Plan Change,Medium,In Progress,2024-11-03,
SR00002958,,,ACCT000415,CUST000415,2024-05,Residential,CONTRA COSTA,Rate Plan Change,Medium,Closed,2024-06-03,2024-06-14
SR00002959,,,ACCT000328,CUST000328,2024-10,Residential,SANTA CLARA,High Bill Inquiry,High,Closed,2024-11-03,2024-12-01
SR00002960,,,ACCT001625,CUST001625,2024-02,Residential,SAN JOAQUIN,High Bill Inquiry,Low,Open,2024-03-03,
SR00002961,,,ACCT001102,CUST001102,2024-04,Agriculture And Water Pumping,FRESNO,Outage Follow Up,Low,Closed,2024-05-03,2024-05-10
SR00002962,,,ACCT001117,CUST001117,2024-09,Residential,FRESNO,Outage Follow Up,Low,Closed,2024-10-03,2024-10-18
SR00002963,,,ACCT004656,CUST004656,2024-03,Residential,SAN FRANCISCO,Meter Issue,Low,Closed,2024-04-03,2024-04-20
SR00002964,,,ACCT003196,CUST003196,2024-06,Residential,ALAMEDA,Outage Follow Up,Low,Open,2024-07-03,
SR00002965,,,ACCT001795,CUST001795,2024-07,Residential,KERN,Outage Follow Up,Low,Closed,2024-08-03,2024-08-16
SR00002966,,,ACCT004737,CUST004737,2024-06,Residential,FRESNO,Meter Issue,Low,Closed,2024-07-03,2024-07-28
SR00002967,,,ACCT001667,CUST001667,2024-10,Residential,ALAMEDA,High Bill Inquiry,High,Closed,2024-11-03,2024-11-18
SR00002968,,,ACCT000262,CUST000262,2024-03,Mining,SAN JOAQUIN,High Bill Inquiry,Low,Closed,2024-04-03,2024-04-14
SR00002969,,,ACCT001812,CUST001812,2024-09,Residential,CONTRA COSTA,Meter Issue,Low,Cancelled,2024-10-03,2024-10-16
SR00002970,,,ACCT002963,CUST002963,2024-07,Residential,SANTA CLARA,Outage Follow Up,Medium,In Progress,2024-08-03,
SR00002971,,,ACCT004615,CUST004615,2024-05,Residential,SHASTA,High Bill Inquiry,Medium,Closed,2024-06-03,2024-06-27
SR00002972,,,ACCT004347,CUST004347,2024-07,Commercial,MADERA,Meter Issue,High,Closed,2024-08-03,2024-08-09
SR00002973,,,ACCT003173,CUST003173,2024-08,Residential,KERN,High Bill Inquiry,High,Closed,2024-09-03,2024-09-18
SR00002974,,,ACCT004112,CUST004112,2024-04,Residential,PLACER,Rate Plan Change,Medium,Open,2024-05-03,
SR00002975,,,ACCT003290,CUST003290,2024-10,Residential,KERN,Rate Plan Change,Medium,Open,2024-11-03,
SR00002976,,,ACCT002337,CUST002337,2024-07,Residential,CONTRA COSTA,Outage Follow Up,High,In Progress,2024-08-03,
SR00002977,,,ACCT000100,CUST000100,2024-08,Residential,CONTRA COSTA,High Bill Inquiry,Medium,Closed,2024-09-03,2024-09-08
SR00002978,,,ACCT004237,CUST004237,2024-02,Residential,CONTRA COSTA,High Bill Inquiry,High,Open,2024-03-03,
SR00002979,,,ACCT002537,CUST002537,2024-11,Residential,MERCED,Rate Plan Change,Medium,In Progress,2024-12-03,
SR00002980,,,ACCT004932,CUST004932,2024-10,Residential,SANTA CLARA,Meter Issue,Low,In Progress,2024-11-03,
SR00002981,,,ACCT000248,CUST000248,2024-01,Agriculture And Water Pumping,MONTEREY,High Bill Inquiry,Low,Closed,2024-02-03,2024-03-03
SR00002982,,,ACCT003338,CUST003338,2024-08,Residential,KERN,High Bill Inquiry,Medium,In Progress,2024-09-03,
SR00002983,,,ACCT000270,CUST000270,2024-02,Residential,ALAMEDA,High Bill Inquiry,Medium,Closed,2024-03-03,2024-03-12
SR00002984,,,ACCT004697,CUST004697,2024-04,Residential,SANTA CLARA,Meter Issue,Medium,Closed,2024-05-03,2024-05-17
SR00002985,,,ACCT003726,CUST003726,2024-08,Industrial,SOLANO,High Bill Inquiry,Low,Closed,2024-09-03,2024-09-15
SR00002986,,,ACCT003955,CUST003955,2024-01,Residential,SAN MATEO,Outage Follow Up,Medium,Closed,2024-02-03,2024-02-10
SR00002987,,,ACCT003025,CUST003025,2024-09,Residential,SANTA CLARA,Rate Plan Change,Low,Closed,2024-10-03,2024-11-01
SR00002988,,,ACCT002048,CUST002048,2024-02,Residential,CONTRA COSTA,Meter Issue,Low,Closed,2024-03-03,2024-03-28
SR00002989,,,ACCT004083,CUST004083,2024-07,Residential,ALAMEDA,High Bill Inquiry,Medium,Closed,2024-08-03,2024-08-20
SR00002990,,,ACCT004104,CUST004104,2024-02,Residential,FRESNO,Outage Follow Up,Low,Closed,2024-03-03,2024-03-19
SR00002991,,,ACCT000315,CUST000315,2024-09,Commercial,KERN,High Bill Inquiry,Low,In Progress,2024-10-03,
SR00002992,,,ACCT001189,CUST001189,2024-04,Residential,SANTA CLARA,Rate Plan Change,High,Closed,2024-05-03,2024-05-27
SR00002993,,,ACCT003287,CUST003287,2024-12,Residential,KERN,Outage Follow Up,Medium,Cancelled,2025-01-03,2025-01-25
SR00002994,,,ACCT001642,CUST001642,2024-05,Commercial,MERCED,Rate Plan Change,Low,Open,2024-06-03,
SR00002995,,,ACCT001409,CUST001409,2024-02,Residential,KERN,Outage Follow Up,Medium,Closed,2024-03-03,2024-03-20
SR00002996,,,ACCT002885,CUST002885,2024-05,Residential,SANTA CLARA,Rate Plan Change,Medium,In Progress,2024-06-03,
SR00002997,,,ACCT002166,CUST002166,2024-10,"Transportation, Communications, & Utilities",CONTRA COSTA,Meter Issue,Medium,Closed,2024-11-03,2024-11-13
SR00002998,,,ACCT002952,CUST002952,2024-10,Residential,CONTRA COSTA,Rate Plan Change,Medium,Cancelled,2024-11-03,2024-11-19
SR00002999,,,ACCT001985,CUST001985,2024-11,Residential,SAN JOAQUIN,Rate Plan Change,Medium,Open,2024-12-03,
SR00003000,,,ACCT003980,CUST003980,2024-04,Residential,ALAMEDA,Outage Follow Up,Low,Open,2024-05-03,
