billing_cycle_id,customer_segment,county,rate_plan_id,bill_status,bill_count,account_count,total_bill_amount,avg_bill_amount,total_kwh_usage,avg_kwh_usage,paid_bills,generated_bills,past_due_bills,exception_bills
2024-01,Agriculture And Water Pumping,ALAMEDA,R-AGR-PUMP,Exception,2,2,0.0,,39301.41,19650.71,0,0,0,2
2024-01,Agriculture And Water Pumping,ALAMEDA,R-AGR-PUMP,Generated,3,3,15781.35,5260.45,63838.34,21279.45,0,3,0,0
2024-01,Agriculture And Water Pumping,ALAMEDA,R-AGR-PUMP,Paid,9,9,25099.53,2788.84,108865.53,12096.17,9,0,0,0
2024-01,Agriculture And Water Pumping,AMADOR,R-AGR-PUMP,Paid,1,1,1659.67,1659.67,7923.36,7923.36,1,0,0,0
2024-01,Agriculture And Water Pumping,BUTTE,R-AGR-PUMP,Paid,1,1,2388.03,2388.03,10640.87,10640.87,1,0,0,0
2024-01,Agriculture And Water Pumping,CONTRA COSTA,R-AGR-PUMP,Exception,2,2,0.0,,17295.78,17295.78,0,0,0,2
2024-01,Agriculture And Water Pumping,CONTRA COSTA,R-AGR-PUMP,Generated,1,1,7154.1,7154.1,28292.98,28292.98,0,1,0,0
2024-01,Agriculture And Water Pumping,CONTRA COSTA,R-AGR-PUMP,Paid,9,9,22377.01,2486.33,99044.55,11004.95,9,0,0,0
2024-01,Agriculture And Water Pumping,CONTRA COSTA,R-AGR-PUMP,Past Due,2,2,7451.41,3725.7,31190.42,15595.21,0,0,2,0
2024-01,Agriculture And Water Pumping,EL DORADO,R-AGR-PUMP,Paid,2,2,4829.68,2414.84,21480.32,10740.16,2,0,0,0
2024-01,Agriculture And Water Pumping,FRESNO,R-AGR-PUMP,Generated,2,2,5484.69,2742.35,23906.26,11953.13,0,2,0,0
2024-01,Agriculture And Water Pumping,FRESNO,R-AGR-PUMP,Paid,6,6,14255.47,2375.91,63403.12,10567.19,6,0,0,0
2024-01,Agriculture And Water Pumping,FRESNO,R-AGR-PUMP,Past Due,2,2,3849.39,1924.7,17849.6,8924.8,0,0,2,0
2024-01,Agriculture And Water Pumping,KERN,R-AGR-PUMP,Exception,3,3,0.0,,24873.48,12436.74,0,0,0,3
2024-01,Agriculture And Water Pumping,KERN,R-AGR-PUMP,Generated,4,4,10011.74,2502.93,43983.32,10995.83,0,4,0,0
2024-01,Agriculture And Water Pumping,KERN,R-AGR-PUMP,Paid,6,6,20105.95,3350.99,85244.31,14207.39,6,0,0,0
2024-01,Agriculture And Water Pumping,KERN,R-AGR-PUMP,Past Due,1,1,9170.65,9170.65,35761.65,35761.65,0,0,1,0
2024-01,Agriculture And Water Pumping,KINGS,R-AGR-PUMP,Exception,1,1,0.0,,21752.95,21752.95,0,0,0,1
2024-01,Agriculture And Water Pumping,KINGS,R-AGR-PUMP,Generated,1,1,1221.71,1221.71,5733.55,5733.55,0,1,0,0
2024-01,Agriculture And Water Pumping,MERCED,R-AGR-PUMP,Paid,4,4,6967.19,1741.8,32239.64,8059.91,4,0,0,0
2024-01,Agriculture And Water Pumping,MERCED,R-AGR-PUMP,Past Due,1,1,3304.95,3304.95,14036.86,14036.86,0,0,1,0
2024-01,Agriculture And Water Pumping,MONTEREY,R-AGR-PUMP,Paid,3,3,8160.62,2720.21,35613.43,11871.14,3,0,0,0
2024-01,Agriculture And Water Pumping,MONTEREY,R-AGR-PUMP,Past Due,1,1,5852.32,5852.32,23471.56,23471.56,0,0,1,0
2024-01,Agriculture And Water Pumping,NEVADA,R-AGR-PUMP,Paid,1,1,4159.41,4159.41,17201.52,17201.52,1,0,0,0
2024-01,Agriculture And Water Pumping,PLACER,R-AGR-PUMP,Paid,4,4,15003.76,3750.94,62462.67,15615.67,4,0,0,0
2024-01,Agriculture And Water Pumping,PLACER,R-AGR-PUMP,Past Due,1,1,1919.27,1919.27,8904.71,8904.71,0,0,1,0
2024-01,Agriculture And Water Pumping,SAN FRANCISCO,R-AGR-PUMP,Generated,1,1,1866.9,1866.9,8710.74,8710.74,0,1,0,0
2024-01,Agriculture And Water Pumping,SAN FRANCISCO,R-AGR-PUMP,Paid,9,9,36633.74,4070.42,151847.2,16871.91,9,0,0,0
2024-01,Agriculture And Water Pumping,SAN FRANCISCO,R-AGR-PUMP,Past Due,1,1,2900.48,2900.48,12538.83,12538.83,0,0,1,0
2024-01,Agriculture And Water Pumping,SAN JOAQUIN,R-AGR-PUMP,Exception,2,2,0.0,,0.0,,0,0,0,2
2024-01,Agriculture And Water Pumping,SAN JOAQUIN,R-AGR-PUMP,Generated,2,2,4891.66,2445.83,21709.87,10854.94,0,2,0,0
2024-01,Agriculture And Water Pumping,SAN JOAQUIN,R-AGR-PUMP,Paid,6,6,19709.61,3284.93,83776.28,13962.71,6,0,0,0
2024-01,Agriculture And Water Pumping,SAN LUIS OBISPO,R-AGR-PUMP,Generated,1,1,2485.45,2485.45,11001.65,11001.65,0,1,0,0
2024-01,Agriculture And Water Pumping,SAN MATEO,R-AGR-PUMP,Paid,5,5,15994.05,3198.81,68137.3,13627.46,5,0,0,0
2024-01,Agriculture And Water Pumping,SAN MATEO,R-AGR-PUMP,Past Due,1,1,3758.66,3758.66,15717.25,15717.25,0,0,1,0
2024-01,Agriculture And Water Pumping,SANTA BARBARA,R-AGR-PUMP,Paid,2,2,6727.92,3363.96,28236.08,14118.04,2,0,0,0
2024-01,Agriculture And Water Pumping,SANTA CLARA,R-AGR-PUMP,Generated,2,2,7586.78,3793.39,31691.76,15845.88,0,2,0,0
2024-01,Agriculture And Water Pumping,SANTA CLARA,R-AGR-PUMP,Paid,18,18,52529.61,2918.31,225672.3,12537.35,18,0,0,0
2024-01,Agriculture And Water Pumping,SANTA CLARA,R-AGR-PUMP,Past Due,1,1,3144.75,3144.75,13443.52,13443.52,0,0,1,0
2024-01,Agriculture And Water Pumping,SANTA CRUZ,R-AGR-PUMP,Paid,2,2,7006.3,3503.15,29541.84,14770.92,2,0,0,0
2024-01,Agriculture And Water Pumping,SHASTA,R-AGR-PUMP,Paid,1,1,2413.7,2413.7,10735.94,10735.94,1,0,0,0
2024-01,Agriculture And Water Pumping,SOLANO,R-AGR-PUMP,Generated,2,2,6124.12,3062.06,26274.52,13137.26,0,2,0,0
2024-01,Agriculture And Water Pumping,SOLANO,R-AGR-PUMP,Paid,1,1,4085.43,4085.43,16927.51,16927.51,1,0,0,0
2024-01,Agriculture And Water Pumping,SOLANO,R-AGR-PUMP,Past Due,1,1,2027.37,2027.37,9305.07,9305.07,0,0,1,0
2024-01,Agriculture And Water Pumping,SUTTER,R-AGR-PUMP,Paid,1,1,2909.79,2909.79,12573.3,12573.3,1,0,0,0
2024-01,Agriculture And Water Pumping,TUOLUMNE,R-AGR-PUMP,Generated,1,1,2763.66,2763.66,12032.06,12032.06,0,1,0,0
2024-01,Agriculture And Water Pumping,TUOLUMNE,R-AGR-PUMP,Paid,1,1,2700.2,2700.2,11797.04,11797.04,1,0,0,0
2024-01,Agriculture And Water Pumping,YOLO,R-AGR-PUMP,Generated,1,1,4717.98,4717.98,19270.29,19270.29,0,1,0,0
2024-01,Agriculture And Water Pumping,YOLO,R-AGR-PUMP,Paid,2,2,4735.39,2367.7,21131.08,10565.54,2,0,0,0
2024-01,Commercial,ALAMEDA,R-COM-GEN,Exception,8,8,0.0,,29170.83,5834.17,0,0,0,8
2024-01,Commercial,ALAMEDA,R-COM-GEN,Generated,12,12,18385.83,1532.15,65847.99,5487.33,0,12,0,0
2024-01,Commercial,ALAMEDA,R-COM-GEN,Paid,43,43,64852.22,1508.19,233016.63,5418.99,43,0,0,0
2024-01,Commercial,ALAMEDA,R-COM-GEN,Past Due,5,5,5398.63,1079.73,20199.53,4039.91,0,0,5,0
2024-01,Commercial,AMADOR,R-COM-GEN,Paid,3,3,4190.26,1396.75,15147.61,5049.2,3,0,0,0
2024-01,Commercial,BUTTE,R-COM-GEN,Generated,2,2,3162.72,1581.36,11331.36,5665.68,0,2,0,0
2024-01,Commercial,BUTTE,R-COM-GEN,Paid,9,9,13852.57,1539.17,49766.37,5529.6,9,0,0,0
2024-01,Commercial,BUTTE,R-COM-GEN,Past Due,1,1,628.42,628.42,2472.6,2472.6,0,0,1,0
2024-01,Commercial,CALAVERAS,R-COM-GEN,Paid,3,3,3591.28,1197.09,13080.43,4360.14,3,0,0,0
2024-01,Commercial,COLUSA,R-COM-GEN,Generated,1,1,1973.42,1973.42,6930.4,6930.4,0,1,0,0
2024-01,Commercial,CONTRA COSTA,R-COM-GEN,Exception,4,4,0.0,,10772.23,5386.11,0,0,0,4
2024-01,Commercial,CONTRA COSTA,R-COM-GEN,Generated,11,11,18833.58,1712.14,66917.85,6083.44,0,11,0,0
2024-01,Commercial,CONTRA COSTA,R-COM-GEN,Paid,31,31,40313.67,1300.44,147239.13,4749.65,31,0,0,0
2024-01,Commercial,CONTRA COSTA,R-COM-GEN,Past Due,2,2,1994.0,997.0,7561.31,3780.65,0,0,2,0
2024-01,Commercial,EL DORADO,R-COM-GEN,Exception,1,1,0.0,,0.0,,0,0,0,1
2024-01,Commercial,EL DORADO,R-COM-GEN,Generated,2,2,4509.75,2254.88,15676.64,7838.32,0,2,0,0
2024-01,Commercial,EL DORADO,R-COM-GEN,Paid,3,3,3298.2,1099.4,12332.89,4110.96,3,0,0,0
2024-01,Commercial,EL DORADO,R-COM-GEN,Past Due,1,1,1389.25,1389.25,5045.96,5045.96,0,0,1,0
2024-01,Commercial,FRESNO,R-COM-GEN,Exception,2,2,0.0,,0.0,,0,0,0,2
2024-01,Commercial,FRESNO,R-COM-GEN,Generated,5,5,5480.99,1096.2,20443.31,4088.66,0,5,0,0
2024-01,Commercial,FRESNO,R-COM-GEN,Paid,34,34,43124.27,1268.36,157934.29,4645.13,34,0,0,0
2024-01,Commercial,FRESNO,R-COM-GEN,Past Due,4,4,4837.8,1209.45,17863.88,4465.97,0,0,4,0
2024-01,Commercial,GLENN,R-COM-GEN,Exception,1,1,0.0,,5688.92,5688.92,0,0,0,1
2024-01,Commercial,GLENN,R-COM-GEN,Generated,1,1,920.6,920.6,3534.2,3534.2,0,1,0,0
2024-01,Commercial,GLENN,R-COM-GEN,Paid,2,2,2644.92,1322.46,9661.04,4830.52,2,0,0,0
2024-01,Commercial,HUMBOLDT,R-COM-GEN,Exception,1,1,0.0,,6496.31,6496.31,0,0,0,1
2024-01,Commercial,HUMBOLDT,R-COM-GEN,Generated,1,1,911.31,911.31,3504.24,3504.24,0,1,0,0
2024-01,Commercial,HUMBOLDT,R-COM-GEN,Paid,3,3,3107.42,1035.81,11717.5,3905.83,3,0,0,0
2024-01,Commercial,KERN,R-COM-GEN,Exception,5,5,0.0,,10027.04,5013.52,0,0,0,5
2024-01,Commercial,KERN,R-COM-GEN,Generated,22,22,29406.93,1336.68,106648.77,4847.67,0,22,0,0
2024-01,Commercial,KERN,R-COM-GEN,Paid,53,53,69446.41,1310.31,253431.96,4781.74,53,0,0,0
2024-01,Commercial,KERN,R-COM-GEN,Past Due,3,3,4050.65,1350.22,14760.16,4920.05,0,0,3,0
2024-01,Commercial,KINGS,R-COM-GEN,Generated,2,2,3180.52,1590.26,11388.76,5694.38,0,2,0,0
2024-01,Commercial,KINGS,R-COM-GEN,Paid,5,5,6833.97,1366.79,24867.65,4973.53,5,0,0,0
2024-01,Commercial,LAKE,R-COM-GEN,Paid,1,1,572.94,572.94,2241.4,2241.4,1,0,0,0
2024-01,Commercial,MADERA,R-COM-GEN,Exception,3,3,0.0,,5784.56,2892.28,0,0,0,3
2024-01,Commercial,MADERA,R-COM-GEN,Paid,5,5,5494.44,1098.89,20546.54,4109.31,5,0,0,0
2024-01,Commercial,MADERA,R-COM-GEN,Past Due,1,1,1511.15,1511.15,5439.19,5439.19,0,0,1,0
2024-01,Commercial,MARIN,R-COM-GEN,Generated,2,2,1477.59,738.79,5633.95,2816.97,0,2,0,0
2024-01,Commercial,MARIN,R-COM-GEN,Paid,3,3,5852.62,1950.87,20572.93,6857.64,3,0,0,0
2024-01,Commercial,MARIPOSA,R-COM-GEN,Generated,1,1,1141.53,1141.53,4246.86,4246.86,0,1,0,0
2024-01,Commercial,MENDOCINO,R-COM-GEN,Generated,2,2,2015.52,1007.76,7587.0,3793.5,0,2,0,0
2024-01,Commercial,MENDOCINO,R-COM-GEN,Paid,2,2,2560.77,1280.38,9389.56,4694.78,2,0,0,0
2024-01,Commercial,MERCED,R-COM-GEN,Exception,1,1,0.0,,3425.08,3425.08,0,0,0,1
2024-01,Commercial,MERCED,R-COM-GEN,Generated,3,3,3637.96,1212.65,13428.91,4476.3,0,3,0,0
2024-01,Commercial,MERCED,R-COM-GEN,Paid,12,12,14953.18,1246.1,54942.44,4578.54,12,0,0,0
2024-01,Commercial,MERCED,R-COM-GEN,Past Due,2,2,2583.31,1291.65,9462.29,4731.15,0,0,2,0
2024-01,Commercial,MONTEREY,R-COM-GEN,Exception,1,1,0.0,,0.0,,0,0,0,1
2024-01,Commercial,MONTEREY,R-COM-GEN,Generated,6,6,6882.5,1147.08,25452.14,4242.02,0,6,0,0
2024-01,Commercial,MONTEREY,R-COM-GEN,Paid,9,9,11813.02,1312.56,43043.76,4782.64,9,0,0,0
2024-01,Commercial,NAPA,R-COM-GEN,Generated,1,1,2164.69,2164.69,7547.4,7547.4,0,1,0,0
2024-01,Commercial,NAPA,R-COM-GEN,Paid,4,4,5022.2,1255.55,18458.7,4614.68,4,0,0,0
2024-01,Commercial,NEVADA,R-COM-GEN,Exception,1,1,0.0,,6125.71,6125.71,0,0,0,1
2024-01,Commercial,NEVADA,R-COM-GEN,Generated,1,1,1332.89,1332.89,4864.15,4864.15,0,1,0,0
2024-01,Commercial,NEVADA,R-COM-GEN,Paid,3,3,3744.54,1248.18,13629.32,4543.11,3,0,0,0
2024-01,Commercial,NEVADA,R-COM-GEN,Past Due,2,2,2307.84,1153.92,8573.69,4286.85,0,0,2,0
2024-01,Commercial,PLACER,R-COM-GEN,Exception,2,2,0.0,,7915.34,3957.67,0,0,0,2
2024-01,Commercial,PLACER,R-COM-GEN,Generated,3,3,4466.25,1488.75,16100.78,5366.93,0,3,0,0
2024-01,Commercial,PLACER,R-COM-GEN,Paid,13,13,18118.33,1393.72,65665.82,5051.22,13,0,0,0
2024-01,Commercial,PLACER,R-COM-GEN,Past Due,3,3,3822.87,1274.29,13989.31,4663.1,0,0,3,0
2024-01,Commercial,PLUMAS,R-COM-GEN,Generated,1,1,1177.0,1177.0,4361.29,4361.29,0,1,0,0
2024-01,Commercial,PLUMAS,R-COM-GEN,Paid,2,2,2998.32,1499.16,10801.03,5400.51,2,0,0,0
2024-01,Commercial,PLUMAS,R-COM-GEN,Past Due,1,1,1392.66,1392.66,5056.98,5056.98,0,0,1,0
2024-01,Commercial,SAN FRANCISCO,R-COM-GEN,Generated,9,9,11520.38,1280.04,42071.37,4674.6,0,9,0,0
2024-01,Commercial,SAN FRANCISCO,R-COM-GEN,Paid,23,23,32348.79,1406.47,116946.59,5084.63,23,0,0,0
2024-01,Commercial,SAN FRANCISCO,R-COM-GEN,Past Due,2,2,1751.86,875.93,6685.19,3342.59,0,0,2,0
2024-01,Commercial,SAN JOAQUIN,R-COM-GEN,Exception,2,2,0.0,,0.0,,0,0,0,2
2024-01,Commercial,SAN JOAQUIN,R-COM-GEN,Generated,9,9,11597.74,1288.64,42372.17,4708.02,0,9,0,0
2024-01,Commercial,SAN JOAQUIN,R-COM-GEN,Paid,23,23,29469.14,1281.27,107914.94,4691.95,23,0,0,0
2024-01,Commercial,SAN JOAQUIN,R-COM-GEN,Past Due,1,1,1689.94,1689.94,6015.94,6015.94,0,0,1,0
2024-01,Commercial,SAN LUIS OBISPO,R-COM-GEN,Generated,1,1,636.88,636.88,2507.83,2507.83,0,1,0,0
2024-01,Commercial,SAN LUIS OBISPO,R-COM-GEN,Paid,8,8,9642.31,1205.29,35520.83,4440.1,8,0,0,0
2024-01,Commercial,SAN LUIS OBISPO,R-COM-GEN,Past Due,3,3,3233.9,1077.97,12101.39,4033.8,0,0,3,0
2024-01,Commercial,SAN MATEO,R-COM-GEN,Generated,3,3,2367.0,789.0,9269.05,3089.68,0,3,0,0
2024-01,Commercial,SAN MATEO,R-COM-GEN,Paid,18,18,24039.87,1335.55,87473.25,4859.63,18,0,0,0
2024-01,Commercial,SAN MATEO,R-COM-GEN,Past Due,3,3,3881.79,1293.93,14036.92,4678.97,0,0,3,0
2024-01,Commercial,SANTA BARBARA,R-COM-GEN,Exception,1,1,0.0,,3328.86,3328.86,0,0,0,1
2024-01,Commercial,SANTA BARBARA,R-COM-GEN,Generated,4,4,3441.53,860.38,13286.98,3321.74,0,4,0,0
2024-01,Commercial,SANTA BARBARA,R-COM-GEN,Paid,6,6,7248.79,1208.13,26765.28,4460.88,6,0,0,0
2024-01,Commercial,SANTA BARBARA,R-COM-GEN,Past Due,2,2,4169.58,2084.79,14579.29,7289.65,0,0,2,0
2024-01,Commercial,SANTA CLARA,R-COM-GEN,Exception,11,11,0.0,,23733.76,3955.63,0,0,0,11
2024-01,Commercial,SANTA CLARA,R-COM-GEN,Generated,19,19,22613.69,1190.19,83495.37,4394.49,0,19,0,0
2024-01,Commercial,SANTA CLARA,R-COM-GEN,Paid,55,55,70847.85,1288.14,259139.0,4711.62,55,0,0,0
2024-01,Commercial,SANTA CLARA,R-COM-GEN,Past Due,8,8,11643.53,1455.44,42075.94,5259.49,0,0,8,0
2024-01,Commercial,SANTA CRUZ,R-COM-GEN,Generated,1,1,942.03,942.03,3603.32,3603.32,0,1,0,0
2024-01,Commercial,SANTA CRUZ,R-COM-GEN,Paid,3,3,4265.61,1421.87,15453.59,5151.2,3,0,0,0
2024-01,Commercial,SHASTA,R-COM-GEN,Generated,4,4,5795.9,1448.97,20954.54,5238.64,0,4,0,0
2024-01,Commercial,SHASTA,R-COM-GEN,Paid,5,5,6429.9,1285.98,23531.86,4706.37,5,0,0,0
2024-01,Commercial,SOLANO,R-COM-GEN,Exception,1,1,0.0,,6677.37,6677.37,0,0,0,1
2024-01,Commercial,SOLANO,R-COM-GEN,Generated,3,3,2827.0,942.33,10704.56,3568.19,0,3,0,0
2024-01,Commercial,SOLANO,R-COM-GEN,Paid,7,7,9677.98,1382.57,35170.88,5024.41,7,0,0,0
2024-01,Commercial,SONOMA,R-COM-GEN,Exception,2,2,0.0,,0.0,,0,0,0,2
2024-01,Commercial,SONOMA,R-COM-GEN,Generated,1,1,1436.08,1436.08,5197.03,5197.03,0,1,0,0
2024-01,Commercial,SONOMA,R-COM-GEN,Paid,9,9,10257.47,1139.72,38164.2,4240.47,9,0,0,0
2024-01,Commercial,SONOMA,R-COM-GEN,Past Due,1,1,708.09,708.09,2804.54,2804.54,0,0,1,0
2024-01,Commercial,SUTTER,R-COM-GEN,Generated,4,4,3871.46,967.87,14746.62,3686.65,0,4,0,0
2024-01,Commercial,SUTTER,R-COM-GEN,Paid,2,2,2322.43,1161.21,8620.74,4310.37,2,0,0,0
2024-01,Commercial,TUOLUMNE,R-COM-GEN,Exception,1,1,0.0,,7304.56,7304.56,0,0,0,1
2024-01,Commercial,TUOLUMNE,R-COM-GEN,Generated,1,1,2425.68,2425.68,8389.28,8389.28,0,1,0,0
2024-01,Commercial,TUOLUMNE,R-COM-GEN,Paid,4,4,6155.78,1538.94,22115.42,5528.86,4,0,0,0
2024-01,Commercial,YOLO,R-COM-GEN,Generated,2,2,3944.27,1972.13,13852.5,6926.25,0,2,0,0
2024-01,Commercial,YOLO,R-COM-GEN,Paid,7,7,9821.72,1403.1,35605.69,5086.53,7,0,0,0
2024-01,Commercial,YUBA,R-COM-GEN,Exception,1,1,0.0,,2969.08,2969.08,0,0,0,1
2024-01,Commercial,YUBA,R-COM-GEN,Paid,2,2,1925.09,962.55,7089.79,3544.89,2,0,0,0
2024-01,Industrial,ALAMEDA,R-IND-GEN,Exception,1,1,0.0,,49250.22,49250.22,0,0,0,1
2024-01,Industrial,ALAMEDA,R-IND-GEN,Generated,5,5,45502.54,9100.51,221429.75,44285.95,0,5,0,0
2024-01,Industrial,ALAMEDA,R-IND-GEN,Paid,8,8,113749.85,14218.73,524917.29,65614.66,8,0,0,0
2024-01,Industrial,BUTTE,R-IND-GEN,Paid,1,1,16648.65,16648.65,75827.7,75827.7,1,0,0,0
2024-01,Industrial,CALAVERAS,R-IND-GEN,Exception,1,1,0.0,,30338.22,30338.22,0,0,0,1
2024-01,Industrial,CONTRA COSTA,R-IND-GEN,Generated,1,1,8763.0,8763.0,42970.85,42970.85,0,1,0,0
2024-01,Industrial,CONTRA COSTA,R-IND-GEN,Paid,5,5,44792.8,8958.56,218928.37,43785.67,5,0,0,0
2024-01,Industrial,EL DORADO,R-IND-GEN,Paid,1,1,8747.46,8747.46,42906.09,42906.09,1,0,0,0
2024-01,Industrial,FRESNO,R-IND-GEN,Exception,2,2,0.0,,73380.21,73380.21,0,0,0,2
2024-01,Industrial,FRESNO,R-IND-GEN,Paid,7,7,69727.26,9961.04,335168.19,47881.17,7,0,0,0
2024-01,Industrial,HUMBOLDT,R-IND-GEN,Exception,1,1,0.0,,36724.13,36724.13,0,0,0,1
2024-01,Industrial,HUMBOLDT,R-IND-GEN,Generated,1,1,10204.73,10204.73,48978.03,48978.03,0,1,0,0
2024-01,Industrial,KERN,R-IND-GEN,Exception,3,3,0.0,,136128.83,45376.28,0,0,0,3
2024-01,Industrial,KERN,R-IND-GEN,Generated,5,5,43906.1,8781.22,214500.16,42900.03,0,5,0,0
2024-01,Industrial,KERN,R-IND-GEN,Paid,12,12,113406.11,9450.51,546119.21,45509.93,12,0,0,0
2024-01,Industrial,KERN,R-IND-GEN,Past Due,1,1,5478.78,5478.78,29048.75,29048.75,0,0,1,0
2024-01,Industrial,KINGS,R-IND-GEN,Generated,3,3,16344.66,5448.22,85139.57,28379.86,0,3,0,0
2024-01,Industrial,LAKE,R-IND-GEN,Paid,1,1,9350.28,9350.28,45417.84,45417.84,1,0,0,0
2024-01,Industrial,MADERA,R-IND-GEN,Exception,1,1,0.0,,0.0,,0,0,0,1
2024-01,Industrial,MARIN,R-IND-GEN,Exception,1,1,0.0,,0.0,,0,0,0,1
2024-01,Industrial,MARIN,R-IND-GEN,Generated,1,1,11117.16,11117.16,52779.83,52779.83,0,1,0,0
2024-01,Industrial,MERCED,R-IND-GEN,Paid,1,1,9151.21,9151.21,44588.37,44588.37,1,0,0,0
2024-01,Industrial,MONTEREY,R-IND-GEN,Paid,1,1,8561.11,8561.11,42129.61,42129.61,1,0,0,0
2024-01,Industrial,NEVADA,R-IND-GEN,Paid,1,1,5998.85,5998.85,31453.54,31453.54,1,0,0,0
2024-01,Industrial,PLACER,R-IND-GEN,Generated,2,2,22037.72,11018.86,104740.49,52370.25,0,2,0,0
2024-01,Industrial,PLACER,R-IND-GEN,Paid,3,3,29478.87,9826.29,142203.6,47401.2,3,0,0,0
2024-01,Industrial,PLUMAS,R-IND-GEN,Paid,1,1,6573.5,6573.5,33847.92,33847.92,1,0,0,0
2024-01,Industrial,SAN FRANCISCO,R-IND-GEN,Exception,1,1,0.0,,83478.17,83478.17,0,0,0,1
2024-01,Industrial,SAN FRANCISCO,R-IND-GEN,Paid,1,1,7494.81,7494.81,37686.71,37686.71,1,0,0,0
2024-01,Industrial,SAN JOAQUIN,R-IND-GEN,Exception,1,1,0.0,,30708.96,30708.96,0,0,0,1
2024-01,Industrial,SAN JOAQUIN,R-IND-GEN,Paid,3,3,19744.46,6581.49,100414.34,33471.45,3,0,0,0
2024-01,Industrial,SAN JOAQUIN,R-IND-GEN,Past Due,3,3,28707.57,9569.19,138989.83,46329.94,0,0,3,0
2024-01,Industrial,SAN LUIS OBISPO,R-IND-GEN,Paid,3,3,32534.75,10844.92,154936.48,51645.49,3,0,0,0
2024-01,Industrial,SAN MATEO,R-IND-GEN,Paid,4,4,48866.53,12216.63,229443.86,57360.96,4,0,0,0
2024-01,Industrial,SAN MATEO,R-IND-GEN,Past Due,2,2,18012.85,9006.42,87970.21,43985.1,0,0,2,0
2024-01,Industrial,SANTA BARBARA,R-IND-GEN,Generated,1,1,9505.7,9505.7,46065.4,46065.4,0,1,0,0
2024-01,Industrial,SANTA BARBARA,R-IND-GEN,Paid,2,2,12421.11,6210.56,63503.82,31751.91,2,0,0,0
2024-01,Industrial,SANTA BARBARA,R-IND-GEN,Past Due,1,1,15765.11,15765.11,72146.31,72146.31,0,0,1,0
2024-01,Industrial,SANTA CLARA,R-IND-GEN,Exception,2,2,0.0,,57543.87,57543.87,0,0,0,2
2024-01,Industrial,SANTA CLARA,R-IND-GEN,Generated,5,5,53648.5,10729.7,255827.12,51165.42,0,5,0,0
2024-01,Industrial,SANTA CLARA,R-IND-GEN,Paid,9,9,108973.07,12108.12,512066.53,56896.28,9,0,0,0
2024-01,Industrial,SANTA CLARA,R-IND-GEN,Past Due,3,3,46195.72,15398.57,211857.19,70619.06,0,0,3,0
2024-01,Industrial,SHASTA,R-IND-GEN,Paid,2,2,12749.56,6374.78,65837.24,32918.62,2,0,0,0
2024-01,Industrial,SHASTA,R-IND-GEN,Past Due,1,1,5559.44,5559.44,29496.9,29496.9,0,0,1,0
2024-01,Industrial,SOLANO,R-IND-GEN,Exception,1,1,0.0,,0.0,,0,0,0,1
2024-01,Industrial,SOLANO,R-IND-GEN,Generated,1,1,9551.68,9551.68,46257.01,46257.01,0,1,0,0
2024-01,Industrial,SONOMA,R-IND-GEN,Paid,1,1,9615.39,9615.39,46522.44,46522.44,1,0,0,0
2024-01,Industrial,SONOMA,R-IND-GEN,Past Due,1,1,5265.78,5265.78,27865.47,27865.47,0,0,1,0
2024-01,Industrial,YOLO,R-IND-GEN,Paid,3,3,39054.81,13018.27,182103.36,60701.12,3,0,0,0
2024-01,Industrial,YOLO,R-IND-GEN,Past Due,1,1,11816.12,11816.12,55692.16,55692.16,0,0,1,0
2024-01,Mining,ALAMEDA,R-MIN-GEN,Past Due,1,1,2688.17,2688.17,14636.27,14636.27,0,0,1,0
2024-01,Mining,CONTRA COSTA,R-MIN-GEN,Generated,1,1,8538.99,8538.99,43586.32,43586.32,0,1,0,0
2024-01,Mining,CONTRA COSTA,R-MIN-GEN,Paid,1,1,5378.76,5378.76,29221.62,29221.62,1,0,0,0
2024-01,Mining,FRESNO,R-MIN-GEN,Exception,1,1,0.0,,57261.57,57261.57,0,0,0,1
2024-01,Mining,FRESNO,R-MIN-GEN,Paid,2,2,20365.04,10182.52,102113.83,51056.92,2,0,0,0
2024-01,Mining,KERN,R-MIN-GEN,Generated,3,3,22488.04,7496.01,116536.58,38845.53,0,3,0,0
2024-01,Mining,KERN,R-MIN-GEN,Paid,1,1,6089.45,6089.45,32452.05,32452.05,1,0,0,0
2024-01,Mining,NEVADA,R-MIN-GEN,Generated,1,1,11327.12,11327.12,56259.65,56259.65,0,1,0,0
2024-01,Mining,SAN FRANCISCO,R-MIN-GEN,Paid,1,1,12965.4,12965.4,63706.38,63706.38,1,0,0,0
2024-01,Mining,SAN JOAQUIN,R-MIN-GEN,Paid,2,2,19847.95,9923.98,99763.41,49881.71,2,0,0,0
2024-01,Mining,SAN LUIS OBISPO,R-MIN-GEN,Paid,1,1,10693.51,10693.51,53379.59,53379.59,1,0,0,0
2024-01,Mining,SANTA CLARA,R-MIN-GEN,Exception,1,1,0.0,,58095.2,58095.2,0,0,0,1
2024-01,Mining,SANTA CLARA,R-MIN-GEN,Generated,1,1,10442.15,10442.15,52237.06,52237.06,0,1,0,0
2024-01,Mining,SANTA CLARA,R-MIN-GEN,Paid,2,2,9818.68,4909.34,54129.37,27064.69,2,0,0,0
2024-01,Mining,SANTA CLARA,R-MIN-GEN,Past Due,3,3,20842.95,6947.65,109058.86,36352.95,0,0,3,0
2024-01,Mining,SONOMA,R-MIN-GEN,Paid,2,2,13670.55,6835.27,71684.34,35842.17,2,0,0,0
2024-01,Mining,YOLO,R-MIN-GEN,Generated,1,1,5608.1,5608.1,30264.08,30264.08,0,1,0,0
2024-01,Residential,ALAMEDA,R-RES-TOU,Exception,39,39,0.0,,16324.79,604.62,0,0,0,39
2024-01,Residential,ALAMEDA,R-RES-TOU,Generated,58,58,11001.5,189.68,35255.84,607.86,0,58,0,0
2024-01,Residential,ALAMEDA,R-RES-TOU,Paid,278,278,52706.21,189.59,169390.22,609.32,278,0,0,0
2024-01,Residential,ALAMEDA,R-RES-TOU,Past Due,41,41,8197.7,199.94,26128.75,637.29,0,0,41,0
2024-01,Residential,AMADOR,R-RES-TOU,Exception,1,1,0.0,,424.83,424.83,0,0,0,1
2024-01,Residential,AMADOR,R-RES-TOU,Generated,2,2,164.74,82.37,521.26,260.63,0,2,0,0
2024-01,Residential,AMADOR,R-RES-TOU,Paid,12,12,2428.12,202.34,7769.68,647.47,12,0,0,0
2024-01,Residential,AMADOR,R-RES-TOU,Past Due,1,1,252.82,252.82,793.94,793.94,0,0,1,0
2024-01,Residential,BUTTE,R-RES-TOU,Exception,4,4,0.0,,1019.85,509.93,0,0,0,4
2024-01,Residential,BUTTE,R-RES-TOU,Generated,9,9,1837.45,204.16,5824.03,647.11,0,9,0,0
2024-01,Residential,BUTTE,R-RES-TOU,Paid,33,33,5833.48,176.77,18837.16,570.82,33,0,0,0
2024-01,Residential,BUTTE,R-RES-TOU,Past Due,1,1,97.43,97.43,316.41,316.41,0,0,1,0
2024-01,Residential,CALAVERAS,R-RES-TOU,Exception,1,1,0.0,,312.84,312.84,0,0,0,1
2024-01,Residential,CALAVERAS,R-RES-TOU,Generated,3,3,619.65,206.55,1968.07,656.02,0,3,0,0
2024-01,Residential,CALAVERAS,R-RES-TOU,Paid,11,11,2354.65,214.06,7452.65,677.51,11,0,0,0
2024-01,Residential,COLUSA,R-RES-TOU,Exception,1,1,0.0,,516.69,516.69,0,0,0,1
2024-01,Residential,COLUSA,R-RES-TOU,Generated,1,1,278.4,278.4,865.0,865.0,0,1,0,0
2024-01,Residential,COLUSA,R-RES-TOU,Paid,7,7,1252.52,178.93,4073.5,581.93,7,0,0,0
2024-01,Residential,COLUSA,R-RES-TOU,Past Due,1,1,97.45,97.45,316.48,316.48,0,0,1,0
2024-01,Residential,CONTRA COSTA,R-RES-TOU,Exception,33,33,0.0,,15592.47,577.5,0,0,0,33
2024-01,Residential,CONTRA COSTA,R-RES-TOU,Generated,47,47,9368.26,199.32,29909.26,636.37,0,47,0,0
2024-01,Residential,CONTRA COSTA,R-RES-TOU,Paid,182,182,34082.88,187.27,109355.88,600.86,182,0,0,0
2024-01,Residential,CONTRA COSTA,R-RES-TOU,Past Due,28,28,5229.4,186.76,16795.54,599.84,0,0,28,0
2024-01,Residential,EL DORADO,R-RES-TOU,Exception,5,5,0.0,,1644.36,548.12,0,0,0,5
2024-01,Residential,EL DORADO,R-RES-TOU,Generated,9,9,2306.72,256.3,7181.89,797.99,0,9,0,0
2024-01,Residential,EL DORADO,R-RES-TOU,Paid,25,25,4461.04,178.44,14498.41,579.94,25,0,0,0
2024-01,Residential,EL DORADO,R-RES-TOU,Past Due,2,2,313.87,156.94,989.74,494.87,0,0,2,0
2024-01,Residential,FRESNO,R-RES-TOU,Exception,13,13,0.0,,5825.0,485.42,0,0,0,13
2024-01,Residential,FRESNO,R-RES-TOU,Generated,51,51,9086.66,178.17,29426.78,577.0,0,51,0,0
2024-01,Residential,FRESNO,R-RES-TOU,Paid,180,180,35604.4,197.8,113935.52,632.98,180,0,0,0
2024-01,Residential,FRESNO,R-RES-TOU,Past Due,27,27,5652.16,209.34,17930.24,664.08,0,0,27,0
2024-01,Residential,GLENN,R-RES-TOU,Exception,2,2,0.0,,398.47,398.47,0,0,0,2
2024-01,Residential,GLENN,R-RES-TOU,Generated,1,1,117.17,117.17,389.52,389.52,0,1,0,0
2024-01,Residential,GLENN,R-RES-TOU,Paid,11,11,1830.4,166.4,5916.48,537.86,11,0,0,0
2024-01,Residential,HUMBOLDT,R-RES-TOU,Generated,6,6,914.9,152.48,2983.37,497.23,0,6,0,0
2024-01,Residential,HUMBOLDT,R-RES-TOU,Paid,16,16,2809.87,175.62,9107.26,569.2,16,0,0,0
2024-01,Residential,HUMBOLDT,R-RES-TOU,Past Due,2,2,722.63,361.31,2190.63,1095.32,0,0,2,0
2024-01,Residential,KERN,R-RES-TOU,Exception,54,54,0.0,,20926.47,634.14,0,0,0,54
2024-01,Residential,KERN,R-RES-TOU,Generated,97,97,16823.28,173.44,54430.53,561.14,0,97,0,0
2024-01,Residential,KERN,R-RES-TOU,Paid,409,409,74746.24,182.75,240521.79,588.07,409,0,0,0
2024-01,Residential,KERN,R-RES-TOU,Past Due,39,39,7783.43,199.58,24869.49,637.68,0,0,39,0
2024-01,Residential,KINGS,R-RES-TOU,Exception,8,8,0.0,,2810.86,562.17,0,0,0,8
2024-01,Residential,KINGS,R-RES-TOU,Generated,10,10,1919.45,191.94,6174.07,617.41,0,10,0,0
2024-01,Residential,KINGS,R-RES-TOU,Paid,35,35,6684.47,190.98,21478.59,613.67,35,0,0,0
2024-01,Residential,KINGS,R-RES-TOU,Past Due,5,5,852.52,170.5,2760.3,552.06,0,0,5,0
2024-01,Residential,LAKE,R-RES-TOU,Exception,3,3,0.0,,666.36,333.18,0,0,0,3
2024-01,Residential,LAKE,R-RES-TOU,Generated,3,3,638.59,212.86,2048.87,682.96,0,3,0,0
2024-01,Residential,LAKE,R-RES-TOU,Paid,8,8,1391.78,173.97,4508.75,563.59,8,0,0,0
2024-01,Residential,LAKE,R-RES-TOU,Past Due,1,1,114.57,114.57,379.88,379.88,0,0,1,0
2024-01,Residential,MADERA,R-RES-TOU,Exception,4,4,0.0,,1980.67,495.17,0,0,0,4
2024-01,Residential,MADERA,R-RES-TOU,Generated,6,6,1160.57,193.43,3710.87,618.48,0,6,0,0
2024-01,Residential,MADERA,R-RES-TOU,Paid,37,37,6865.5,185.55,21973.16,593.87,37,0,0,0
2024-01,Residential,MADERA,R-RES-TOU,Past Due,2,2,404.12,202.06,1232.2,616.1,0,0,2,0
2024-01,Residential,MARIN,R-RES-TOU,Exception,4,4,0.0,,630.61,315.31,0,0,0,4
2024-01,Residential,MARIN,R-RES-TOU,Generated,14,14,2745.77,196.13,8838.75,631.34,0,14,0,0
2024-01,Residential,MARIN,R-RES-TOU,Paid,25,25,5064.38,202.58,16227.93,649.12,25,0,0,0
2024-01,Residential,MARIN,R-RES-TOU,Past Due,3,3,468.85,156.28,1523.93,507.98,0,0,3,0
2024-01,Residential,MARIPOSA,R-RES-TOU,Paid,2,2,436.77,218.38,1396.6,698.3,2,0,0,0
2024-01,Residential,MARIPOSA,R-RES-TOU,Past Due,1,1,144.91,144.91,492.25,492.25,0,0,1,0
2024-01,Residential,MENDOCINO,R-RES-TOU,Exception,3,3,0.0,,1667.59,555.86,0,0,0,3
2024-01,Residential,MENDOCINO,R-RES-TOU,Generated,4,4,798.93,199.73,2565.01,641.25,0,4,0,0
2024-01,Residential,MENDOCINO,R-RES-TOU,Paid,12,12,2549.1,212.42,8087.33,673.94,12,0,0,0
2024-01,Residential,MENDOCINO,R-RES-TOU,Past Due,1,1,137.25,137.25,463.9,463.9,0,0,1,0
2024-01,Residential,MERCED,R-RES-TOU,Exception,11,11,0.0,,4302.0,614.57,0,0,0,11
2024-01,Residential,MERCED,R-RES-TOU,Generated,21,21,3601.21,171.49,11824.9,563.09,0,21,0,0
2024-01,Residential,MERCED,R-RES-TOU,Paid,79,79,14399.16,182.27,46517.13,588.82,79,0,0,0
2024-01,Residential,MERCED,R-RES-TOU,Past Due,7,7,1474.09,210.58,4704.1,672.01,0,0,7,0
2024-01,Residential,MONTEREY,R-RES-TOU,Exception,10,10,0.0,,4615.38,576.92,0,0,0,10
2024-01,Residential,MONTEREY,R-RES-TOU,Generated,7,7,1374.21,196.32,4442.6,634.66,0,7,0,0
2024-01,Residential,MONTEREY,R-RES-TOU,Paid,58,58,9599.02,165.5,31161.65,537.27,58,0,0,0
2024-01,Residential,MONTEREY,R-RES-TOU,Past Due,6,6,891.58,148.6,2886.71,481.12,0,0,6,0
2024-01,Residential,NAPA,R-RES-TOU,Exception,4,4,0.0,,1491.63,372.91,0,0,0,4
2024-01,Residential,NAPA,R-RES-TOU,Generated,6,6,1126.96,187.83,3614.62,602.44,0,6,0,0
2024-01,Residential,NAPA,R-RES-TOU,Paid,31,31,6033.43,194.63,19389.98,625.48,31,0,0,0
2024-01,Residential,NAPA,R-RES-TOU,Past Due,3,3,792.98,264.33,2477.73,825.91,0,0,3,0
2024-01,Residential,NEVADA,R-RES-TOU,Exception,3,3,0.0,,598.24,299.12,0,0,0,3
2024-01,Residential,NEVADA,R-RES-TOU,Generated,8,8,1774.33,221.79,5564.89,695.61,0,8,0,0
2024-01,Residential,NEVADA,R-RES-TOU,Paid,11,11,1663.93,151.27,5458.05,496.19,11,0,0,0
2024-01,Residential,NEVADA,R-RES-TOU,Past Due,1,1,301.95,301.95,930.41,930.41,0,0,1,0
2024-01,Residential,PLACER,R-RES-TOU,Exception,18,18,0.0,,8977.43,641.25,0,0,0,18
2024-01,Residential,PLACER,R-RES-TOU,Generated,21,21,4786.39,227.92,15116.1,719.81,0,21,0,0
2024-01,Residential,PLACER,R-RES-TOU,Paid,65,65,11717.53,180.27,37841.44,582.18,65,0,0,0
2024-01,Residential,PLACER,R-RES-TOU,Past Due,8,8,1603.09,200.39,5183.08,647.88,0,0,8,0
2024-01,Residential,PLUMAS,R-RES-TOU,Generated,1,1,167.96,167.96,558.23,558.23,0,1,0,0
2024-01,Residential,PLUMAS,R-RES-TOU,Paid,4,4,606.97,151.74,1971.08,492.77,4,0,0,0
2024-01,Residential,PLUMAS,R-RES-TOU,Past Due,1,1,120.44,120.44,401.62,401.62,0,0,1,0
2024-01,Residential,SAN FRANCISCO,R-RES-TOU,Exception,14,14,0.0,,5174.17,646.77,0,0,0,14
2024-01,Residential,SAN FRANCISCO,R-RES-TOU,Generated,30,30,6624.64,220.82,20946.48,698.22,0,30,0,0
2024-01,Residential,SAN FRANCISCO,R-RES-TOU,Paid,119,119,21479.34,180.5,69342.91,582.71,119,0,0,0
2024-01,Residential,SAN FRANCISCO,R-RES-TOU,Past Due,14,14,2624.15,187.44,8407.66,600.55,0,0,14,0
2024-01,Residential,SAN JOAQUIN,R-RES-TOU,Exception,17,17,0.0,,6390.93,532.58,0,0,0,17
2024-01,Residential,SAN JOAQUIN,R-RES-TOU,Generated,31,31,6012.54,193.95,19145.87,617.61,0,31,0,0
2024-01,Residential,SAN JOAQUIN,R-RES-TOU,Paid,130,130,23728.99,182.53,76269.62,586.69,130,0,0,0
2024-01,Residential,SAN JOAQUIN,R-RES-TOU,Past Due,15,15,2532.3,168.82,8174.96,545.0,0,0,15,0
2024-01,Residential,SAN LUIS OBISPO,R-RES-TOU,Exception,5,5,0.0,,2019.96,673.32,0,0,0,5
2024-01,Residential,SAN LUIS OBISPO,R-RES-TOU,Generated,9,9,1475.83,163.98,4848.6,538.73,0,9,0,0
2024-01,Residential,SAN LUIS OBISPO,R-RES-TOU,Paid,40,40,7544.89,188.62,24286.41,607.16,40,0,0,0
2024-01,Residential,SAN LUIS OBISPO,R-RES-TOU,Past Due,2,2,299.11,149.56,980.9,490.45,0,0,2,0
2024-01,Residential,SAN MATEO,R-RES-TOU,Exception,18,18,0.0,,7351.54,565.5,0,0,0,18
2024-01,Residential,SAN MATEO,R-RES-TOU,Generated,20,20,3977.8,198.89,12650.39,632.52,0,20,0,0
2024-01,Residential,SAN MATEO,R-RES-TOU,Paid,100,100,17989.17,179.89,58036.53,580.37,100,0,0,0
2024-01,Residential,SAN MATEO,R-RES-TOU,Past Due,8,8,1277.77,159.72,4185.17,523.15,0,0,8,0
2024-01,Residential,SANTA BARBARA,R-RES-TOU,Exception,6,6,0.0,,3512.71,702.54,0,0,0,6
2024-01,Residential,SANTA BARBARA,R-RES-TOU,Generated,13,13,2100.99,161.61,6815.87,524.3,0,13,0,0
2024-01,Residential,SANTA BARBARA,R-RES-TOU,Paid,62,62,12042.5,194.23,38423.11,619.73,62,0,0,0
2024-01,Residential,SANTA BARBARA,R-RES-TOU,Past Due,6,6,1189.07,198.18,3850.35,641.73,0,0,6,0
2024-01,Residential,SANTA CLARA,R-RES-TOU,Exception,54,54,0.0,,18609.67,563.93,0,0,0,54
2024-01,Residential,SANTA CLARA,R-RES-TOU,Generated,117,117,21590.29,184.53,69498.31,594.0,0,117,0,0
2024-01,Residential,SANTA CLARA,R-RES-TOU,Paid,404,404,77426.91,191.65,248609.73,615.37,404,0,0,0
2024-01,Residential,SANTA CLARA,R-RES-TOU,Past Due,45,45,9356.43,207.92,29809.06,662.42,0,0,45,0
2024-01,Residential,SANTA CRUZ,R-RES-TOU,Exception,4,4,0.0,,946.85,473.43,0,0,0,4
2024-01,Residential,SANTA CRUZ,R-RES-TOU,Generated,11,11,2269.12,206.28,7275.05,661.37,0,11,0,0
2024-01,Residential,SANTA CRUZ,R-RES-TOU,Paid,19,19,3722.36,195.91,11917.5,627.24,19,0,0,0
2024-01,Residential,SANTA CRUZ,R-RES-TOU,Past Due,1,1,295.22,295.22,911.73,911.73,0,0,1,0
2024-01,Residential,SHASTA,R-RES-TOU,Exception,3,3,0.0,,697.95,697.95,0,0,0,3
2024-01,Residential,SHASTA,R-RES-TOU,Generated,10,10,1581.64,158.16,5196.24,519.62,0,10,0,0
2024-01,Residential,SHASTA,R-RES-TOU,Paid,17,17,3230.36,190.02,10417.07,612.77,17,0,0,0
2024-01,Residential,SHASTA,R-RES-TOU,Past Due,6,6,1349.9,224.98,4250.32,708.39,0,0,6,0
2024-01,Residential,SOLANO,R-RES-TOU,Exception,8,8,0.0,,1446.0,482.0,0,0,0,8
2024-01,Residential,SOLANO,R-RES-TOU,Generated,24,24,4856.16,202.34,15459.62,644.15,0,24,0,0
2024-01,Residential,SOLANO,R-RES-TOU,Paid,56,56,10872.54,194.15,34659.01,618.91,56,0,0,0
2024-01,Residential,SOLANO,R-RES-TOU,Past Due,14,14,2287.31,163.38,7471.52,533.68,0,0,14,0
2024-01,Residential,SONOMA,R-RES-TOU,Exception,6,6,0.0,,3114.95,519.16,0,0,0,6
2024-01,Residential,SONOMA,R-RES-TOU,Generated,16,16,3275.41,204.71,10508.22,656.76,0,16,0,0
2024-01,Residential,SONOMA,R-RES-TOU,Paid,48,48,8130.67,169.39,26565.43,553.45,48,0,0,0
2024-01,Residential,SONOMA,R-RES-TOU,Past Due,14,14,2147.87,153.42,6953.85,496.7,0,0,14,0
2024-01,Residential,SUTTER,R-RES-TOU,Exception,3,3,0.0,,1951.35,650.45,0,0,0,3
2024-01,Residential,SUTTER,R-RES-TOU,Generated,5,5,841.64,168.33,2769.45,553.89,0,5,0,0
2024-01,Residential,SUTTER,R-RES-TOU,Paid,16,16,3573.08,223.32,11261.65,703.85,16,0,0,0
2024-01,Residential,SUTTER,R-RES-TOU,Past Due,2,2,460.81,230.41,1442.97,721.49,0,0,2,0
2024-01,Residential,TUOLUMNE,R-RES-TOU,Exception,1,1,0.0,,677.96,677.96,0,0,0,1
2024-01,Residential,TUOLUMNE,R-RES-TOU,Generated,3,3,592.44,197.48,1909.31,636.44,0,3,0,0
2024-01,Residential,TUOLUMNE,R-RES-TOU,Paid,14,14,2297.58,164.11,7464.06,533.15,14,0,0,0
2024-01,Residential,TUOLUMNE,R-RES-TOU,Past Due,2,2,542.49,271.25,1690.23,845.12,0,0,2,0
2024-01,Residential,YOLO,R-RES-TOU,Exception,4,4,0.0,,1985.38,496.35,0,0,0,4
2024-01,Residential,YOLO,R-RES-TOU,Generated,6,6,1054.57,175.76,3441.86,573.64,0,6,0,0
2024-01,Residential,YOLO,R-RES-TOU,Paid,39,39,7356.66,188.63,23636.88,606.07,39,0,0,0
2024-01,Residential,YOLO,R-RES-TOU,Past Due,3,3,872.71,290.9,2656.56,885.52,0,0,3,0
2024-01,Residential,YUBA,R-RES-TOU,Exception,1,1,0.0,,958.12,958.12,0,0,0,1
2024-01,Residential,YUBA,R-RES-TOU,Generated,1,1,201.71,201.71,651.98,651.98,0,1,0,0
2024-01,Residential,YUBA,R-RES-TOU,Paid,15,15,3073.91,204.93,9787.59,652.51,15,0,0,0
2024-01,Residential,YUBA,R-RES-TOU,Past Due,3,3,867.79,289.26,2685.53,895.18,0,0,3,0
2024-01,Streetlighting,ALAMEDA,R-STLIGHT,Paid,6,6,3533.47,588.91,16710.49,2785.08,6,0,0,0
2024-01,Streetlighting,CONTRA COSTA,R-STLIGHT,Paid,1,1,581.11,581.11,2754.62,2754.62,1,0,0,0
2024-01,Streetlighting,FRESNO,R-STLIGHT,Exception,1,1,0.0,,0.0,,0,0,0,1
2024-01,Streetlighting,FRESNO,R-STLIGHT,Paid,1,1,344.8,344.8,1709.47,1709.47,1,0,0,0
2024-01,Streetlighting,KERN,R-STLIGHT,Generated,1,1,673.67,673.67,3140.29,3140.29,0,1,0,0
2024-01,Streetlighting,KERN,R-STLIGHT,Paid,1,1,823.94,823.94,3766.4,3766.4,1,0,0,0
2024-01,Streetlighting,NEVADA,R-STLIGHT,Paid,1,1,785.54,785.54,3606.4,3606.4,1,0,0,0
2024-01,Streetlighting,PLACER,R-STLIGHT,Paid,1,1,766.56,766.56,3527.32,3527.32,1,0,0,0
2024-01,Streetlighting,SAN FRANCISCO,R-STLIGHT,Paid,1,1,646.89,646.89,3028.69,3028.69,1,0,0,0
2024-01,Streetlighting,SAN JOAQUIN,R-STLIGHT,Exception,1,1,0.0,,5560.53,5560.53,0,0,0,1
2024-01,Streetlighting,SAN JOAQUIN,R-STLIGHT,Paid,2,2,1369.54,684.77,6373.09,3186.55,2,0,0,0
2024-01,Streetlighting,SANTA CLARA,R-STLIGHT,Generated,2,2,1337.39,668.69,6239.14,3119.57,0,2,0,0
2024-01,Streetlighting,SANTA CLARA,R-STLIGHT,Paid,3,3,2327.67,775.89,10698.65,3566.22,3,0,0,0
2024-01,Streetlighting,SOLANO,R-STLIGHT,Paid,2,2,2087.37,1043.68,9364.02,4682.01,2,0,0,0
2024-01,"Transportation, Communications, & Utilities",ALAMEDA,R-TCU-GEN,Generated,1,1,1716.93,1716.93,7349.66,7349.66,0,1,0,0
2024-01,"Transportation, Communications, & Utilities",ALAMEDA,R-TCU-GEN,Paid,5,5,24606.51,4921.3,97608.64,19521.73,5,0,0,0
2024-01,"Transportation, Communications, & Utilities",BUTTE,R-TCU-GEN,Generated,1,1,10381.43,10381.43,38349.77,38349.77,0,1,0,0
2024-01,"Transportation, Communications, & Utilities",BUTTE,R-TCU-GEN,Paid,1,1,5168.91,5168.91,20375.54,20375.54,1,0,0,0
2024-01,"Transportation, Communications, & Utilities",CONTRA COSTA,R-TCU-GEN,Generated,1,1,3221.36,3221.36,13659.87,13659.87,0,1,0,0
2024-01,"Transportation, Communications, & Utilities",CONTRA COSTA,R-TCU-GEN,Paid,5,5,27114.88,5422.98,106258.22,21251.64,5,0,0,0
2024-01,"Transportation, Communications, & Utilities",FRESNO,R-TCU-GEN,Paid,5,5,26082.87,5216.57,102699.51,20539.9,5,0,0,0
2024-01,"Transportation, Communications, & Utilities",FRESNO,R-TCU-GEN,Past Due,1,1,4419.42,4419.42,17791.1,17791.1,0,0,1,0
2024-01,"Transportation, Communications, & Utilities",KERN,R-TCU-GEN,Paid,6,6,32710.17,5451.69,128104.05,21350.67,6,0,0,0
2024-01,"Transportation, Communications, & Utilities",MADERA,R-TCU-GEN,Generated,1,1,2664.76,2664.76,11657.98,11657.98,0,1,0,0
2024-01,"Transportation, Communications, & Utilities",MENDOCINO,R-TCU-GEN,Paid,1,1,3594.89,3594.89,14947.89,14947.89,1,0,0,0
2024-01,"Transportation, Communications, & Utilities",MERCED,R-TCU-GEN,Paid,1,1,4418.22,4418.22,17786.97,17786.97,1,0,0,0
2024-01,"Transportation, Communications, & Utilities",MONTEREY,R-TCU-GEN,Paid,2,2,10909.09,5454.55,42721.01,21360.51,2,0,0,0
2024-01,"Transportation, Communications, & Utilities",PLACER,R-TCU-GEN,Generated,2,2,8391.88,4195.94,34040.97,17020.49,0,2,0,0
2024-01,"Transportation, Communications, & Utilities",PLACER,R-TCU-GEN,Paid,1,1,3272.86,3272.86,13837.46,13837.46,1,0,0,0
2024-01,"Transportation, Communications, & Utilities",SAN FRANCISCO,R-TCU-GEN,Paid,3,3,16825.3,5608.43,65673.41,21891.14,3,0,0,0
2024-01,"Transportation, Communications, & Utilities",SAN JOAQUIN,R-TCU-GEN,Paid,2,2,10824.21,5412.1,42428.33,21214.17,2,0,0,0
2024-01,"Transportation, Communications, & Utilities",SAN JOAQUIN,R-TCU-GEN,Past Due,1,1,8644.92,8644.92,32361.79,32361.79,0,0,1,0
2024-01,"Transportation, Communications, & Utilities",SAN LUIS OBISPO,R-TCU-GEN,Paid,1,1,3416.46,3416.46,14332.62,14332.62,1,0,0,0
2024-01,"Transportation, Communications, & Utilities",SAN MATEO,R-TCU-GEN,Exception,1,1,0.0,,20305.67,20305.67,0,0,0,1
2024-01,"Transportation, Communications, & Utilities",SAN MATEO,R-TCU-GEN,Generated,2,2,8116.04,4058.02,33089.79,16544.9,0,2,0,0
2024-01,"Transportation, Communications, & Utilities",SAN MATEO,R-TCU-GEN,Paid,2,2,8693.83,4346.91,35082.17,17541.08,2,0,0,0
2024-01,"Transportation, Communications, & Utilities",SAN MATEO,R-TCU-GEN,Past Due,1,1,5960.52,5960.52,23105.25,23105.25,0,0,1,0
2024-01,"Transportation, Communications, & Utilities",SANTA BARBARA,R-TCU-GEN,Paid,1,1,2489.4,2489.4,10860.92,10860.92,1,0,0,0
2024-01,"Transportation, Communications, & Utilities",SANTA BARBARA,R-TCU-GEN,Past Due,1,1,3547.73,3547.73,14785.28,14785.28,0,0,1,0
2024-01,"Transportation, Communications, & Utilities",SANTA CLARA,R-TCU-GEN,Exception,2,2,0.0,,40638.84,20319.42,0,0,0,2
2024-01,"Transportation, Communications, & Utilities",SANTA CLARA,R-TCU-GEN,Generated,3,3,13381.79,4460.6,53799.27,17933.09,0,3,0,0
2024-01,"Transportation, Communications, & Utilities",SANTA CLARA,R-TCU-GEN,Paid,13,13,61769.54,4751.5,245881.57,18913.97,13,0,0,0
2024-01,"Transportation, Communications, & Utilities",SANTA CRUZ,R-TCU-GEN,Paid,1,1,6906.92,6906.92,26368.7,26368.7,1,0,0,0
2024-01,"Transportation, Communications, & Utilities",SHASTA,R-TCU-GEN,Paid,1,1,7110.35,7110.35,27070.16,27070.16,1,0,0,0
2024-01,"Transportation, Communications, & Utilities",SHASTA,R-TCU-GEN,Past Due,1,1,4267.72,4267.72,17268.01,17268.01,0,0,1,0
2024-02,Agriculture And Water Pumping,ALAMEDA,R-AGR-PUMP,Exception,3,3,0.0,,31804.07,15902.03,0,0,0,3
2024-02,Agriculture And Water Pumping,ALAMEDA,R-AGR-PUMP,Generated,3,3,9704.55,3234.85,41008.48,13669.49,0,3,0,0
2024-02,Agriculture And Water Pumping,ALAMEDA,R-AGR-PUMP,Paid,7,7,21987.73,3141.1,94010.14,13430.02,7,0,0,0
2024-02,Agriculture And Water Pumping,ALAMEDA,R-AGR-PUMP,Past Due,1,1,2465.33,2465.33,10927.15,10927.15,0,0,1,0
2024-02,Agriculture And Water Pumping,AMADOR,R-AGR-PUMP,Paid,1,1,2003.52,2003.52,9216.75,9216.75,1,0,0,0
2024-02,Agriculture And Water Pumping,BUTTE,R-AGR-PUMP,Paid,1,1,1918.54,1918.54,8902.0,8902.0,1,0,0,0
2024-02,Agriculture And Water Pumping,CONTRA COSTA,R-AGR-PUMP,Exception,1,1,0.0,,11326.29,11326.29,0,0,0,1
2024-02,Agriculture And Water Pumping,CONTRA COSTA,R-AGR-PUMP,Generated,2,2,7731.15,3865.57,32093.78,16046.89,0,2,0,0
2024-02,Agriculture And Water Pumping,CONTRA COSTA,R-AGR-PUMP,Paid,10,10,22843.85,2284.38,102185.29,10218.53,10,0,0,0
2024-02,Agriculture And Water Pumping,CONTRA COSTA,R-AGR-PUMP,Past Due,1,1,1957.43,1957.43,9046.04,9046.04,0,0,1,0
2024-02,Agriculture And Water Pumping,EL DORADO,R-AGR-PUMP,Paid,2,2,3533.56,1766.78,16679.86,8339.93,2,0,0,0
2024-02,Agriculture And Water Pumping,FRESNO,R-AGR-PUMP,Generated,3,3,7571.66,2523.89,33432.07,11144.02,0,3,0,0
2024-02,Agriculture And Water Pumping,FRESNO,R-AGR-PUMP,Paid,7,7,14820.92,2117.27,67032.78,9576.11,7,0,0,0
2024-02,Agriculture And Water Pumping,KERN,R-AGR-PUMP,Exception,2,2,0.0,,21591.39,10795.69,0,0,0,2
2024-02,Agriculture And Water Pumping,KERN,R-AGR-PUMP,Generated,3,3,5988.35,1996.12,27482.26,9160.75,0,3,0,0
2024-02,Agriculture And Water Pumping,KERN,R-AGR-PUMP,Paid,9,9,29787.13,3309.68,126068.44,14007.6,9,0,0,0
2024-02,Agriculture And Water Pumping,KINGS,R-AGR-PUMP,Exception,1,1,0.0,,25050.99,25050.99,0,0,0,1
2024-02,Agriculture And Water Pumping,KINGS,R-AGR-PUMP,Paid,1,1,1230.37,1230.37,5776.87,5776.87,1,0,0,0
2024-02,Agriculture And Water Pumping,MERCED,R-AGR-PUMP,Generated,2,2,4421.45,2210.72,19487.31,9743.66,0,2,0,0
2024-02,Agriculture And Water Pumping,MERCED,R-AGR-PUMP,Paid,3,3,5206.31,1735.44,24246.19,8082.06,3,0,0,0
2024-02,Agriculture And Water Pumping,MONTEREY,R-AGR-PUMP,Generated,1,1,2351.37,2351.37,10505.09,10505.09,0,1,0,0
2024-02,Agriculture And Water Pumping,MONTEREY,R-AGR-PUMP,Paid,1,1,6557.6,6557.6,26083.72,26083.72,1,0,0,0
2024-02,Agriculture And Water Pumping,MONTEREY,R-AGR-PUMP,Past Due,2,2,3972.65,1986.32,18306.11,9153.06,0,0,2,0
2024-02,Agriculture And Water Pumping,NEVADA,R-AGR-PUMP,Paid,1,1,4650.02,4650.02,19018.6,19018.6,1,0,0,0
2024-02,Agriculture And Water Pumping,PLACER,R-AGR-PUMP,Generated,1,1,4853.14,4853.14,19770.88,19770.88,0,1,0,0
2024-02,Agriculture And Water Pumping,PLACER,R-AGR-PUMP,Paid,4,4,7228.88,1807.22,33647.49,8411.87,4,0,0,0
2024-02,Agriculture And Water Pumping,SAN FRANCISCO,R-AGR-PUMP,Generated,4,4,10824.65,2706.16,46923.2,11730.8,0,4,0,0
2024-02,Agriculture And Water Pumping,SAN FRANCISCO,R-AGR-PUMP,Paid,6,6,21952.46,3658.74,92083.18,15347.2,6,0,0,0
2024-02,Agriculture And Water Pumping,SAN FRANCISCO,R-AGR-PUMP,Past Due,1,1,4446.75,4446.75,18265.73,18265.73,0,0,1,0
2024-02,Agriculture And Water Pumping,SAN JOAQUIN,R-AGR-PUMP,Exception,1,1,0.0,,0.0,,0,0,0,1
2024-02,Agriculture And Water Pumping,SAN JOAQUIN,R-AGR-PUMP,Generated,4,4,11865.57,2966.39,50750.07,12687.52,0,4,0,0
2024-02,Agriculture And Water Pumping,SAN JOAQUIN,R-AGR-PUMP,Paid,4,4,11376.0,2844.0,49318.5,12329.63,4,0,0,0
2024-02,Agriculture And Water Pumping,SAN JOAQUIN,R-AGR-PUMP,Past Due,1,1,1738.57,1738.57,8235.44,8235.44,0,0,1,0
2024-02,Agriculture And Water Pumping,SAN LUIS OBISPO,R-AGR-PUMP,Paid,1,1,2578.19,2578.19,11345.16,11345.16,1,0,0,0
2024-02,Agriculture And Water Pumping,SAN MATEO,R-AGR-PUMP,Generated,1,1,3778.54,3778.54,15790.88,15790.88,0,1,0,0
2024-02,Agriculture And Water Pumping,SAN MATEO,R-AGR-PUMP,Paid,5,5,11657.34,2331.47,52156.82,10431.36,5,0,0,0
2024-02,Agriculture And Water Pumping,SANTA BARBARA,R-AGR-PUMP,Paid,2,2,6085.77,3042.88,25364.71,12682.35,2,0,0,0
2024-02,Agriculture And Water Pumping,SANTA CLARA,R-AGR-PUMP,Exception,1,1,0.0,,0.0,,0,0,0,1
2024-02,Agriculture And Water Pumping,SANTA CLARA,R-AGR-PUMP,Generated,4,4,12271.28,3067.82,52634.39,13158.6,0,4,0,0
2024-02,Agriculture And Water Pumping,SANTA CLARA,R-AGR-PUMP,Paid,14,14,35394.51,2528.18,154854.02,11061.0,14,0,0,0
2024-02,Agriculture And Water Pumping,SANTA CLARA,R-AGR-PUMP,Past Due,2,2,3763.75,1881.88,17082.18,8541.09,0,0,2,0
2024-02,Agriculture And Water Pumping,SANTA CRUZ,R-AGR-PUMP,Paid,2,2,5743.01,2871.51,24863.02,12431.51,2,0,0,0
2024-02,Agriculture And Water Pumping,SHASTA,R-AGR-PUMP,Paid,1,1,2716.92,2716.92,11858.97,11858.97,1,0,0,0
2024-02,Agriculture And Water Pumping,SOLANO,R-AGR-PUMP,Paid,4,4,8586.36,2146.59,38986.53,9746.63,4,0,0,0
2024-02,Agriculture And Water Pumping,SUTTER,R-AGR-PUMP,Paid,1,1,2027.43,2027.43,9305.29,9305.29,1,0,0,0
2024-02,Agriculture And Water Pumping,TUOLUMNE,R-AGR-PUMP,Paid,2,2,4764.34,2382.17,21238.31,10619.16,2,0,0,0
2024-02,Agriculture And Water Pumping,YOLO,R-AGR-PUMP,Paid,3,3,9256.36,3085.45,39671.68,13223.89,3,0,0,0
2024-02,Commercial,ALAMEDA,R-COM-GEN,Exception,6,6,0.0,,23216.16,4643.23,0,0,0,6
2024-02,Commercial,ALAMEDA,R-COM-GEN,Generated,10,10,13024.57,1302.46,47223.23,4722.32,0,10,0,0
2024-02,Commercial,ALAMEDA,R-COM-GEN,Paid,45,45,59965.1,1332.56,218473.1,4854.96,45,0,0,0
2024-02,Commercial,ALAMEDA,R-COM-GEN,Past Due,7,7,7045.7,1006.53,26372.36,3767.48,0,0,7,0
2024-02,Commercial,AMADOR,R-COM-GEN,Paid,3,3,3296.2,1098.73,12171.62,4057.21,3,0,0,0
2024-02,Commercial,BUTTE,R-COM-GEN,Generated,2,2,3585.49,1792.74,12695.13,6347.56,0,2,0,0
2024-02,Commercial,BUTTE,R-COM-GEN,Paid,9,9,10539.83,1171.09,38731.44,4303.49,9,0,0,0
2024-02,Commercial,BUTTE,R-COM-GEN,Past Due,1,1,1098.25,1098.25,4107.26,4107.26,0,0,1,0
2024-02,Commercial,CALAVERAS,R-COM-GEN,Generated,1,1,1252.79,1252.79,4605.79,4605.79,0,1,0,0
2024-02,Commercial,CALAVERAS,R-COM-GEN,Paid,2,2,1623.34,811.67,6216.28,3108.14,2,0,0,0
2024-02,Commercial,COLUSA,R-COM-GEN,Past Due,1,1,1386.1,1386.1,5035.82,5035.82,0,0,1,0
2024-02,Commercial,CONTRA COSTA,R-COM-GEN,Exception,2,2,0.0,,8694.74,4347.37,0,0,0,2
2024-02,Commercial,CONTRA COSTA,R-COM-GEN,Generated,9,9,13621.44,1513.49,49020.74,5446.75,0,9,0,0
2024-02,Commercial,CONTRA COSTA,R-COM-GEN,Paid,35,35,38644.17,1104.12,143593.13,4102.66,35,0,0,0
2024-02,Commercial,CONTRA COSTA,R-COM-GEN,Past Due,2,2,3580.84,1790.42,12680.15,6340.07,0,0,2,0
2024-02,Commercial,EL DORADO,R-COM-GEN,Generated,1,1,953.1,953.1,3639.04,3639.04,0,1,0,0
2024-02,Commercial,EL DORADO,R-COM-GEN,Paid,6,6,8044.35,1340.72,29336.61,4889.44,6,0,0,0
2024-02,Commercial,FRESNO,R-COM-GEN,Exception,1,1,0.0,,0.0,,0,0,0,1
2024-02,Commercial,FRESNO,R-COM-GEN,Generated,13,13,16523.47,1271.04,60519.88,4655.38,0,13,0,0
2024-02,Commercial,FRESNO,R-COM-GEN,Paid,30,30,31148.4,1038.28,116453.46,3881.78,30,0,0,0
2024-02,Commercial,FRESNO,R-COM-GEN,Past Due,1,1,822.25,822.25,3216.92,3216.92,0,0,1,0
2024-02,Commercial,GLENN,R-COM-GEN,Exception,2,2,0.0,,4490.84,4490.84,0,0,0,2
2024-02,Commercial,GLENN,R-COM-GEN,Paid,1,1,1015.48,1015.48,3840.27,3840.27,1,0,0,0
2024-02,Commercial,GLENN,R-COM-GEN,Past Due,1,1,1240.66,1240.66,4566.65,4566.65,0,0,1,0
2024-02,Commercial,HUMBOLDT,R-COM-GEN,Exception,1,1,0.0,,5760.09,5760.09,0,0,0,1
2024-02,Commercial,HUMBOLDT,R-COM-GEN,Generated,1,1,885.96,885.96,3422.45,3422.45,0,1,0,0
2024-02,Commercial,HUMBOLDT,R-COM-GEN,Paid,3,3,3377.7,1125.9,12589.33,4196.44,3,0,0,0
2024-02,Commercial,KERN,R-COM-GEN,Exception,8,8,0.0,,9775.81,4887.9,0,0,0,8
2024-02,Commercial,KERN,R-COM-GEN,Generated,20,20,19055.65,952.78,71972.31,3598.62,0,20,0,0
2024-02,Commercial,KERN,R-COM-GEN,Paid,45,45,50023.8,1111.64,185179.76,4115.11,45,0,0,0
2024-02,Commercial,KERN,R-COM-GEN,Past Due,10,10,12478.87,1247.89,45623.9,4562.39,0,0,10,0
2024-02,Commercial,KINGS,R-COM-GEN,Generated,1,1,810.11,810.11,3177.79,3177.79,0,1,0,0
2024-02,Commercial,KINGS,R-COM-GEN,Paid,6,6,7788.5,1298.08,28511.25,4751.88,6,0,0,0
2024-02,Commercial,LAKE,R-COM-GEN,Paid,1,1,715.79,715.79,2836.64,2836.64,1,0,0,0
2024-02,Commercial,MADERA,R-COM-GEN,Exception,2,2,0.0,,5590.37,2795.18,0,0,0,2
2024-02,Commercial,MADERA,R-COM-GEN,Paid,7,7,6428.07,918.3,24557.56,3508.22,7,0,0,0
2024-02,Commercial,MARIN,R-COM-GEN,Generated,2,2,2179.02,1089.51,8158.14,4079.07,0,2,0,0
2024-02,Commercial,MARIN,R-COM-GEN,Paid,3,3,4959.9,1653.3,17551.5,5850.5,3,0,0,0
2024-02,Commercial,MARIPOSA,R-COM-GEN,Past Due,1,1,999.52,999.52,3788.76,3788.76,0,0,1,0
2024-02,Commercial,MENDOCINO,R-COM-GEN,Paid,4,4,4490.84,1122.71,16744.69,4186.17,4,0,0,0
2024-02,Commercial,MERCED,R-COM-GEN,Exception,3,3,0.0,,2749.51,2749.51,0,0,0,3
2024-02,Commercial,MERCED,R-COM-GEN,Generated,4,4,4330.02,1082.51,16225.88,4056.47,0,4,0,0
2024-02,Commercial,MERCED,R-COM-GEN,Paid,10,10,10313.66,1031.37,38685.22,3868.52,10,0,0,0
2024-02,Commercial,MERCED,R-COM-GEN,Past Due,1,1,1053.29,1053.29,3962.22,3962.22,0,0,1,0
2024-02,Commercial,MONTEREY,R-COM-GEN,Generated,2,2,2205.56,1102.78,8243.76,4121.88,0,2,0,0
2024-02,Commercial,MONTEREY,R-COM-GEN,Paid,11,11,11307.39,1027.94,42014.76,3819.52,11,0,0,0
2024-02,Commercial,MONTEREY,R-COM-GEN,Past Due,3,3,3452.6,1150.87,12830.03,4276.68,0,0,3,0
2024-02,Commercial,NAPA,R-COM-GEN,Exception,1,1,0.0,,0.0,,0,0,0,1
2024-02,Commercial,NAPA,R-COM-GEN,Generated,1,1,1066.08,1066.08,4003.48,4003.48,0,1,0,0
2024-02,Commercial,NAPA,R-COM-GEN,Paid,3,3,4045.94,1348.65,14744.97,4914.99,3,0,0,0
2024-02,Commercial,NEVADA,R-COM-GEN,Exception,1,1,0.0,,5689.38,5689.38,0,0,0,1
2024-02,Commercial,NEVADA,R-COM-GEN,Paid,4,4,4805.88,1201.47,17727.85,4431.96,4,0,0,0
2024-02,Commercial,NEVADA,R-COM-GEN,Past Due,2,2,1701.9,850.95,6498.12,3249.06,0,0,2,0
2024-02,Commercial,PLACER,R-COM-GEN,Exception,2,2,0.0,,6245.37,3122.69,0,0,0,2
2024-02,Commercial,PLACER,R-COM-GEN,Generated,3,3,4769.22,1589.74,17078.13,5692.71,0,3,0,0
2024-02,Commercial,PLACER,R-COM-GEN,Paid,14,14,15298.57,1092.75,56703.23,4050.23,14,0,0,0
2024-02,Commercial,PLACER,R-COM-GEN,Past Due,2,2,2253.22,1126.61,8319.15,4159.57,0,0,2,0
2024-02,Commercial,PLUMAS,R-COM-GEN,Paid,3,3,4351.65,1450.55,15731.17,5243.72,3,0,0,0
2024-02,Commercial,PLUMAS,R-COM-GEN,Past Due,1,1,1089.61,1089.61,4079.38,4079.38,0,0,1,0
2024-02,Commercial,SAN FRANCISCO,R-COM-GEN,Generated,7,7,10225.91,1460.84,36904.49,5272.07,0,7,0,0
2024-02,Commercial,SAN FRANCISCO,R-COM-GEN,Paid,23,23,24032.9,1044.91,89611.21,3896.14,23,0,0,0
2024-02,Commercial,SAN FRANCISCO,R-COM-GEN,Past Due,4,4,4401.26,1100.32,16205.49,4051.37,0,0,4,0
2024-02,Commercial,SAN JOAQUIN,R-COM-GEN,Exception,1,1,0.0,,0.0,,0,0,0,1
2024-02,Commercial,SAN JOAQUIN,R-COM-GEN,Generated,9,9,9484.25,1053.81,35352.38,3928.04,0,9,0,0
2024-02,Commercial,SAN JOAQUIN,R-COM-GEN,Paid,24,24,29066.93,1211.12,107010.73,4458.78,24,0,0,0
2024-02,Commercial,SAN JOAQUIN,R-COM-GEN,Past Due,1,1,1662.92,1662.92,5928.76,5928.76,0,0,1,0
2024-02,Commercial,SAN LUIS OBISPO,R-COM-GEN,Generated,4,4,5505.87,1376.47,20018.94,5004.73,0,4,0,0
2024-02,Commercial,SAN LUIS OBISPO,R-COM-GEN,Paid,8,8,7499.63,937.45,27946.76,3493.34,8,0,0,0
2024-02,Commercial,SAN MATEO,R-COM-GEN,Generated,3,3,2889.65,963.22,10885.45,3628.48,0,3,0,0
2024-02,Commercial,SAN MATEO,R-COM-GEN,Paid,16,16,17723.16,1107.7,65974.22,4123.39,16,0,0,0
2024-02,Commercial,SAN MATEO,R-COM-GEN,Past Due,5,5,6660.34,1332.07,24202.75,4840.55,0,0,5,0
2024-02,Commercial,SANTA BARBARA,R-COM-GEN,Exception,1,1,0.0,,2672.7,2672.7,0,0,0,1
2024-02,Commercial,SANTA BARBARA,R-COM-GEN,Paid,11,11,11338.88,1030.81,42604.44,3873.13,11,0,0,0
2024-02,Commercial,SANTA BARBARA,R-COM-GEN,Past Due,1,1,1127.18,1127.18,4200.58,4200.58,0,0,1,0
2024-02,Commercial,SANTA CLARA,R-COM-GEN,Exception,14,14,0.0,,24527.44,3503.92,0,0,0,14
2024-02,Commercial,SANTA CLARA,R-COM-GEN,Generated,19,19,20019.42,1053.65,75007.66,3947.77,0,19,0,0
2024-02,Commercial,SANTA CLARA,R-COM-GEN,Paid,51,51,59264.22,1162.04,219144.26,4296.95,51,0,0,0
2024-02,Commercial,SANTA CLARA,R-COM-GEN,Past Due,9,9,9028.87,1003.21,34206.0,3800.67,0,0,9,0
2024-02,Commercial,SANTA CRUZ,R-COM-GEN,Generated,1,1,947.12,947.12,3619.73,3619.73,0,1,0,0
2024-02,Commercial,SANTA CRUZ,R-COM-GEN,Paid,3,3,3988.44,1329.48,14559.49,4853.16,3,0,0,0
2024-02,Commercial,SHASTA,R-COM-GEN,Generated,2,2,2445.93,1222.97,8955.16,4477.58,0,2,0,0
2024-02,Commercial,SHASTA,R-COM-GEN,Paid,5,5,5872.68,1174.54,21766.66,4353.33,5,0,0,0
2024-02,Commercial,SHASTA,R-COM-GEN,Past Due,2,2,1815.02,907.51,6753.31,3376.65,0,0,2,0
2024-02,Commercial,SOLANO,R-COM-GEN,Exception,1,1,0.0,,5341.98,5341.98,0,0,0,1
2024-02,Commercial,SOLANO,R-COM-GEN,Generated,2,2,3135.23,1567.62,11242.68,5621.34,0,2,0,0
2024-02,Commercial,SOLANO,R-COM-GEN,Paid,7,7,8255.08,1179.3,30457.97,4351.14,7,0,0,0
2024-02,Commercial,SOLANO,R-COM-GEN,Past Due,1,1,646.98,646.98,2549.91,2549.91,0,0,1,0
2024-02,Commercial,SONOMA,R-COM-GEN,Paid,12,12,12862.26,1071.86,47900.65,3991.72,12,0,0,0
2024-02,Commercial,SONOMA,R-COM-GEN,Past Due,1,1,1179.73,1179.73,4370.1,4370.1,0,0,1,0
2024-02,Commercial,SUTTER,R-COM-GEN,Paid,5,5,3952.54,790.51,15202.36,3040.47,5,0,0,0
2024-02,Commercial,SUTTER,R-COM-GEN,Past Due,1,1,1432.28,1432.28,5184.77,5184.77,0,0,1,0
2024-02,Commercial,TUOLUMNE,R-COM-GEN,Exception,1,1,0.0,,0.0,,0,0,0,1
2024-02,Commercial,TUOLUMNE,R-COM-GEN,Paid,5,5,7291.88,1458.38,26344.76,5268.95,5,0,0,0
2024-02,Commercial,YOLO,R-COM-GEN,Exception,1,1,0.0,,0.0,,0,0,0,1
2024-02,Commercial,YOLO,R-COM-GEN,Generated,2,2,2037.34,1018.67,7658.08,3829.04,0,2,0,0
2024-02,Commercial,YOLO,R-COM-GEN,Paid,5,5,6634.21,1326.84,24221.12,4844.22,5,0,0,0
2024-02,Commercial,YOLO,R-COM-GEN,Past Due,1,1,2540.9,2540.9,8760.96,8760.96,0,0,1,0
2024-02,Commercial,YUBA,R-COM-GEN,Exception,1,1,0.0,,2727.71,2727.71,0,0,0,1
2024-02,Commercial,YUBA,R-COM-GEN,Generated,1,1,1269.94,1269.94,4661.1,4661.1,0,1,0,0
2024-02,Commercial,YUBA,R-COM-GEN,Paid,1,1,362.23,362.23,1363.44,1363.44,1,0,0,0
2024-02,Industrial,ALAMEDA,R-IND-GEN,Exception,1,1,0.0,,43456.91,43456.91,0,0,0,1
2024-02,Industrial,ALAMEDA,R-IND-GEN,Generated,4,4,38648.83,9662.21,185703.9,46425.97,0,4,0,0
2024-02,Industrial,ALAMEDA,R-IND-GEN,Paid,8,8,78514.02,9814.25,377758.26,47219.78,8,0,0,0
2024-02,Industrial,ALAMEDA,R-IND-GEN,Past Due,1,1,15555.88,15555.88,71274.51,71274.51,0,0,1,0
2024-02,Industrial,BUTTE,R-IND-GEN,Paid,1,1,9730.65,9730.65,47002.71,47002.71,1,0,0,0
2024-02,Industrial,CALAVERAS,R-IND-GEN,Exception,1,1,0.0,,28526.01,28526.01,0,0,0,1
2024-02,Industrial,CONTRA COSTA,R-IND-GEN,Generated,2,2,13357.46,6678.73,67596.2,33798.1,0,2,0,0
2024-02,Industrial,CONTRA COSTA,R-IND-GEN,Paid,4,4,34779.66,8694.92,170748.56,42687.14,4,0,0,0
2024-02,Industrial,EL DORADO,R-IND-GEN,Paid,1,1,8763.07,8763.07,42971.13,42971.13,1,0,0,0
2024-02,Industrial,FRESNO,R-IND-GEN,Exception,2,2,0.0,,35906.8,35906.8,0,0,0,2
2024-02,Industrial,FRESNO,R-IND-GEN,Generated,1,1,5705.38,5705.38,30230.73,30230.73,0,1,0,0
2024-02,Industrial,FRESNO,R-IND-GEN,Paid,4,4,37782.52,9445.63,183104.73,45776.18,4,0,0,0
2024-02,Industrial,FRESNO,R-IND-GEN,Past Due,2,2,12959.75,6479.88,65559.45,32779.72,0,0,2,0
2024-02,Industrial,HUMBOLDT,R-IND-GEN,Exception,1,1,0.0,,35696.35,35696.35,0,0,0,1
2024-02,Industrial,HUMBOLDT,R-IND-GEN,Paid,1,1,8233.71,8233.71,40765.45,40765.45,1,0,0,0
2024-02,Industrial,KERN,R-IND-GEN,Exception,3,3,0.0,,129653.86,43217.95,0,0,0,3
2024-02,Industrial,KERN,R-IND-GEN,Generated,5,5,57138.53,11427.71,269782.89,53956.58,0,5,0,0
2024-02,Industrial,KERN,R-IND-GEN,Paid,12,12,83370.61,6947.55,418216.18,34851.35,12,0,0,0
2024-02,Industrial,KERN,R-IND-GEN,Past Due,1,1,7328.85,7328.85,36995.21,36995.21,0,0,1,0
2024-02,Industrial,KINGS,R-IND-GEN,Paid,2,2,10838.58,5419.29,55300.8,27650.4,2,0,0,0
2024-02,Industrial,KINGS,R-IND-GEN,Past Due,1,1,5594.44,5594.44,29691.33,29691.33,0,0,1,0
2024-02,Industrial,LAKE,R-IND-GEN,Generated,1,1,9139.37,9139.37,44539.03,44539.03,0,1,0,0
2024-02,Industrial,MADERA,R-IND-GEN,Paid,1,1,4887.81,4887.81,25765.61,25765.61,1,0,0,0
2024-02,Industrial,MARIN,R-IND-GEN,Paid,2,2,30685.47,15342.74,140772.83,70386.41,2,0,0,0
2024-02,Industrial,MERCED,R-IND-GEN,Paid,1,1,5528.51,5528.51,29325.07,29325.07,1,0,0,0
2024-02,Industrial,MONTEREY,R-IND-GEN,Generated,1,1,8475.78,8475.78,41774.07,41774.07,0,1,0,0
2024-02,Industrial,NEVADA,R-IND-GEN,Paid,1,1,4658.05,4658.05,24489.14,24489.14,1,0,0,0
2024-02,Industrial,PLACER,R-IND-GEN,Paid,4,4,34081.92,8520.48,167506.68,41876.67,4,0,0,0
2024-02,Industrial,PLACER,R-IND-GEN,Past Due,1,1,9363.17,9363.17,45471.56,45471.56,0,0,1,0
2024-02,Industrial,PLUMAS,R-IND-GEN,Paid,1,1,7054.45,7054.45,35851.89,35851.89,1,0,0,0
2024-02,Industrial,SAN FRANCISCO,R-IND-GEN,Exception,1,1,0.0,,69887.44,69887.44,0,0,0,1
2024-02,Industrial,SAN FRANCISCO,R-IND-GEN,Paid,1,1,9435.77,9435.77,45774.04,45774.04,1,0,0,0
2024-02,Industrial,SAN JOAQUIN,R-IND-GEN,Exception,1,1,0.0,,21494.36,21494.36,0,0,0,1
2024-02,Industrial,SAN JOAQUIN,R-IND-GEN,Generated,3,3,16265.01,5421.67,84347.22,28115.74,0,3,0,0
2024-02,Industrial,SAN JOAQUIN,R-IND-GEN,Paid,3,3,23212.24,7737.41,114268.29,38089.43,3,0,0,0
2024-02,Industrial,SAN LUIS OBISPO,R-IND-GEN,Generated,2,2,21108.67,10554.33,100869.44,50434.72,0,2,0,0
2024-02,Industrial,SAN LUIS OBISPO,R-IND-GEN,Paid,1,1,4741.37,4741.37,24952.06,24952.06,1,0,0,0
2024-02,Industrial,SAN MATEO,R-IND-GEN,Generated,2,2,25333.35,12666.67,118472.28,59236.14,0,2,0,0
2024-02,Industrial,SAN MATEO,R-IND-GEN,Paid,4,4,38662.6,9665.65,186927.53,46731.88,4,0,0,0
2024-02,Industrial,SANTA BARBARA,R-IND-GEN,Generated,1,1,3433.65,3433.65,17686.96,17686.96,0,1,0,0
2024-02,Industrial,SANTA BARBARA,R-IND-GEN,Paid,2,2,15162.38,7581.19,76093.28,38046.64,2,0,0,0
2024-02,Industrial,SANTA BARBARA,R-IND-GEN,Past Due,1,1,6741.53,6741.53,34548.04,34548.04,0,0,1,0
2024-02,Industrial,SANTA CLARA,R-IND-GEN,Exception,2,2,0.0,,53067.63,53067.63,0,0,0,2
2024-02,Industrial,SANTA CLARA,R-IND-GEN,Generated,2,2,16315.45,8157.73,80897.68,40448.84,0,2,0,0
2024-02,Industrial,SANTA CLARA,R-IND-GEN,Paid,13,13,151251.84,11634.76,713698.99,54899.92,13,0,0,0
2024-02,Industrial,SANTA CLARA,R-IND-GEN,Past Due,2,2,11696.47,5848.24,61651.93,30825.97,0,0,2,0
2024-02,Industrial,SHASTA,R-IND-GEN,Generated,1,1,5301.04,5301.04,28061.33,28061.33,0,1,0,0
2024-02,Industrial,SHASTA,R-IND-GEN,Paid,2,2,11729.24,5864.62,60995.92,30497.96,2,0,0,0
2024-02,Industrial,SOLANO,R-IND-GEN,Exception,1,1,0.0,,33086.91,33086.91,0,0,0,1
2024-02,Industrial,SOLANO,R-IND-GEN,Past Due,1,1,4576.48,4576.48,24036.0,24036.0,0,0,1,0
2024-02,Industrial,SONOMA,R-IND-GEN,Generated,1,1,4662.96,4662.96,24516.45,24516.45,0,1,0,0
2024-02,Industrial,SONOMA,R-IND-GEN,Paid,1,1,7628.58,7628.58,38244.08,38244.08,1,0,0,0
2024-02,Industrial,YOLO,R-IND-GEN,Exception,1,1,0.0,,0.0,,0,0,0,1
2024-02,Industrial,YOLO,R-IND-GEN,Paid,3,3,27659.53,9219.84,132849.67,44283.22,3,0,0,0
2024-02,Mining,ALAMEDA,R-MIN-GEN,Paid,1,1,2705.1,2705.1,14735.9,14735.9,1,0,0,0
2024-02,Mining,CONTRA COSTA,R-MIN-GEN,Generated,1,1,6863.63,6863.63,35971.06,35971.06,0,1,0,0
2024-02,Mining,CONTRA COSTA,R-MIN-GEN,Past Due,1,1,9064.99,9064.99,45977.23,45977.23,0,0,1,0
2024-02,Mining,FRESNO,R-MIN-GEN,Exception,1,1,0.0,,0.0,,0,0,0,1
2024-02,Mining,FRESNO,R-MIN-GEN,Paid,2,2,16153.97,8076.99,82972.63,41486.32,2,0,0,0
2024-02,Mining,KERN,R-MIN-GEN,Exception,1,1,0.0,,0.0,,0,0,0,1
2024-02,Mining,KERN,R-MIN-GEN,Generated,1,1,7992.41,7992.41,41101.86,41101.86,0,1,0,0
2024-02,Mining,KERN,R-MIN-GEN,Paid,2,2,12254.71,6127.35,65248.7,32624.35,2,0,0,0
2024-02,Mining,NEVADA,R-MIN-GEN,Generated,1,1,8906.45,8906.45,45256.58,45256.58,0,1,0,0
2024-02,Mining,SAN FRANCISCO,R-MIN-GEN,Paid,1,1,11300.41,11300.41,56138.22,56138.22,1,0,0,0
2024-02,Mining,SAN JOAQUIN,R-MIN-GEN,Generated,1,1,5966.85,5966.85,31894.79,31894.79,0,1,0,0
2024-02,Mining,SAN JOAQUIN,R-MIN-GEN,Paid,1,1,11362.44,11362.44,56420.17,56420.17,1,0,0,0
2024-02,Mining,SAN LUIS OBISPO,R-MIN-GEN,Paid,1,1,11841.18,11841.18,58596.28,58596.28,1,0,0,0
2024-02,Mining,SANTA CLARA,R-MIN-GEN,Exception,1,1,0.0,,54864.4,54864.4,0,0,0,1
2024-02,Mining,SANTA CLARA,R-MIN-GEN,Generated,3,3,18915.54,6305.18,100297.92,33432.64,0,3,0,0
2024-02,Mining,SANTA CLARA,R-MIN-GEN,Paid,3,3,20357.41,6785.8,106851.87,35617.29,3,0,0,0
2024-02,Mining,SONOMA,R-MIN-GEN,Paid,2,2,10155.73,5077.86,55334.38,27667.19,2,0,0,0
2024-02,Mining,YOLO,R-MIN-GEN,Paid,1,1,5457.59,5457.59,29579.94,29579.94,1,0,0,0
2024-02,Residential,ALAMEDA,R-RES-TOU,Exception,35,35,0.0,,14701.01,525.04,0,0,0,35
2024-02,Residential,ALAMEDA,R-RES-TOU,Generated,72,72,12133.75,168.52,39457.06,548.01,0,72,0,0
2024-02,Residential,ALAMEDA,R-RES-TOU,Paid,276,276,44858.48,162.53,145486.03,527.12,276,0,0,0
2024-02,Residential,ALAMEDA,R-RES-TOU,Past Due,33,33,5686.84,172.33,18326.83,555.36,0,0,33,0
2024-02,Residential,AMADOR,R-RES-TOU,Exception,1,1,0.0,,315.36,315.36,0,0,0,1
2024-02,Residential,AMADOR,R-RES-TOU,Generated,2,2,322.97,161.49,1045.51,522.75,0,2,0,0
2024-02,Residential,AMADOR,R-RES-TOU,Paid,12,12,1991.59,165.97,6438.41,536.53,12,0,0,0
2024-02,Residential,AMADOR,R-RES-TOU,Past Due,1,1,84.96,84.96,270.23,270.23,0,0,1,0
2024-02,Residential,BUTTE,R-RES-TOU,Exception,5,5,0.0,,1354.83,451.61,0,0,0,5
2024-02,Residential,BUTTE,R-RES-TOU,Generated,13,13,1950.49,150.04,6356.97,489.0,0,13,0,0
2024-02,Residential,BUTTE,R-RES-TOU,Paid,27,27,4476.83,165.81,14381.84,532.66,27,0,0,0
2024-02,Residential,BUTTE,R-RES-TOU,Past Due,2,2,268.84,134.42,878.04,439.02,0,0,2,0
2024-02,Residential,CALAVERAS,R-RES-TOU,Exception,1,1,0.0,,308.53,308.53,0,0,0,1
2024-02,Residential,CALAVERAS,R-RES-TOU,Generated,3,3,728.99,243.0,2278.64,759.55,0,3,0,0
2024-02,Residential,CALAVERAS,R-RES-TOU,Paid,7,7,1300.26,185.75,4156.69,593.81,7,0,0,0
2024-02,Residential,CALAVERAS,R-RES-TOU,Past Due,4,4,720.33,180.08,2361.37,590.34,0,0,4,0
2024-02,Residential,COLUSA,R-RES-TOU,Exception,1,1,0.0,,314.49,314.49,0,0,0,1
2024-02,Residential,COLUSA,R-RES-TOU,Paid,8,8,1239.41,154.93,4032.41,504.05,8,0,0,0
2024-02,Residential,COLUSA,R-RES-TOU,Past Due,1,1,90.81,90.81,291.9,291.9,0,0,1,0
2024-02,Residential,CONTRA COSTA,R-RES-TOU,Exception,35,35,0.0,,14704.38,525.16,0,0,0,35
2024-02,Residential,CONTRA COSTA,R-RES-TOU,Generated,54,54,8532.36,158.01,27720.33,513.34,0,54,0,0
2024-02,Residential,CONTRA COSTA,R-RES-TOU,Paid,181,181,30211.68,166.92,97981.31,541.33,181,0,0,0
2024-02,Residential,CONTRA COSTA,R-RES-TOU,Past Due,20,20,3000.8,150.04,9771.43,488.57,0,0,20,0
2024-02,Residential,EL DORADO,R-RES-TOU,Exception,3,3,0.0,,1229.15,409.72,0,0,0,3
2024-02,Residential,EL DORADO,R-RES-TOU,Generated,8,8,1654.09,206.76,5210.25,651.28,0,8,0,0
2024-02,Residential,EL DORADO,R-RES-TOU,Paid,27,27,4633.9,171.63,15041.71,557.1,27,0,0,0
2024-02,Residential,EL DORADO,R-RES-TOU,Past Due,3,3,323.18,107.73,1063.63,354.54,0,0,3,0
2024-02,Residential,FRESNO,R-RES-TOU,Exception,17,17,0.0,,5184.23,432.02,0,0,0,17
2024-02,Residential,FRESNO,R-RES-TOU,Generated,44,44,7169.35,162.94,23336.24,530.37,0,44,0,0
2024-02,Residential,FRESNO,R-RES-TOU,Paid,188,188,32192.08,171.23,104115.24,553.8,188,0,0,0
2024-02,Residential,FRESNO,R-RES-TOU,Past Due,22,22,3623.17,164.69,11711.25,532.33,0,0,22,0
2024-02,Residential,GLENN,R-RES-TOU,Exception,1,1,0.0,,443.63,443.63,0,0,0,1
2024-02,Residential,GLENN,R-RES-TOU,Paid,12,12,2034.78,169.56,6562.04,546.84,12,0,0,0
2024-02,Residential,GLENN,R-RES-TOU,Past Due,1,1,86.2,86.2,274.83,274.83,0,0,1,0
2024-02,Residential,HUMBOLDT,R-RES-TOU,Exception,2,2,0.0,,0.0,,0,0,0,2
2024-02,Residential,HUMBOLDT,R-RES-TOU,Generated,2,2,436.96,218.48,1335.07,667.54,0,2,0,0
2024-02,Residential,HUMBOLDT,R-RES-TOU,Paid,17,17,2493.67,146.69,8161.77,480.1,17,0,0,0
2024-02,Residential,HUMBOLDT,R-RES-TOU,Past Due,3,3,442.11,147.37,1476.92,492.31,0,0,3,0
2024-02,Residential,KERN,R-RES-TOU,Exception,57,57,0.0,,18734.29,535.27,0,0,0,57
2024-02,Residential,KERN,R-RES-TOU,Generated,109,109,16784.39,153.99,54547.3,500.43,0,109,0,0
2024-02,Residential,KERN,R-RES-TOU,Paid,393,393,63898.57,162.59,207560.26,528.14,393,0,0,0
2024-02,Residential,KERN,R-RES-TOU,Past Due,40,40,6040.68,151.02,19870.32,496.76,0,0,40,0
2024-02,Residential,KINGS,R-RES-TOU,Exception,7,7,0.0,,930.78,310.26,0,0,0,7
2024-02,Residential,KINGS,R-RES-TOU,Generated,12,12,1749.11,145.76,5759.88,479.99,0,12,0,0
2024-02,Residential,KINGS,R-RES-TOU,Paid,37,37,5758.62,155.64,18721.87,506.0,37,0,0,0
2024-02,Residential,KINGS,R-RES-TOU,Past Due,2,2,435.52,217.76,1393.1,696.55,0,0,2,0
2024-02,Residential,LAKE,R-RES-TOU,Exception,3,3,0.0,,748.84,374.42,0,0,0,3
2024-02,Residential,LAKE,R-RES-TOU,Generated,2,2,343.46,171.73,1114.97,557.49,0,2,0,0
2024-02,Residential,LAKE,R-RES-TOU,Paid,9,9,1248.86,138.76,4127.73,458.64,9,0,0,0
2024-02,Residential,LAKE,R-RES-TOU,Past Due,1,1,157.58,157.58,529.39,529.39,0,0,1,0
2024-02,Residential,MADERA,R-RES-TOU,Exception,5,5,0.0,,1653.84,413.46,0,0,0,5
2024-02,Residential,MADERA,R-RES-TOU,Generated,9,9,1661.77,184.64,5281.09,586.79,0,9,0,0
2024-02,Residential,MADERA,R-RES-TOU,Paid,31,31,5065.39,163.4,16298.96,525.77,31,0,0,0
2024-02,Residential,MADERA,R-RES-TOU,Past Due,4,4,618.79,154.7,2046.63,511.66,0,0,4,0
2024-02,Residential,MARIN,R-RES-TOU,Exception,4,4,0.0,,745.93,372.96,0,0,0,4
2024-02,Residential,MARIN,R-RES-TOU,Generated,9,9,1355.54,150.62,4494.23,499.36,0,9,0,0
2024-02,Residential,MARIN,R-RES-TOU,Paid,33,33,5794.92,175.6,18743.63,567.99,33,0,0,0
2024-02,Residential,MARIPOSA,R-RES-TOU,Generated,2,2,310.29,155.14,1032.92,516.46,0,2,0,0
2024-02,Residential,MARIPOSA,R-RES-TOU,Paid,1,1,171.4,171.4,567.78,567.78,1,0,0,0
2024-02,Residential,MENDOCINO,R-RES-TOU,Exception,3,3,0.0,,1397.35,465.78,0,0,0,3
2024-02,Residential,MENDOCINO,R-RES-TOU,Generated,4,4,641.26,160.31,2097.96,524.49,0,4,0,0
2024-02,Residential,MENDOCINO,R-RES-TOU,Paid,11,11,1828.38,166.22,5963.79,542.16,11,0,0,0
2024-02,Residential,MENDOCINO,R-RES-TOU,Past Due,2,2,335.82,167.91,1089.09,544.54,0,0,2,0
2024-02,Residential,MERCED,R-RES-TOU,Exception,11,11,0.0,,4100.69,585.81,0,0,0,11
2024-02,Residential,MERCED,R-RES-TOU,Generated,21,21,3263.41,155.4,10569.47,503.31,0,21,0,0
2024-02,Residential,MERCED,R-RES-TOU,Paid,76,76,11680.94,153.7,38153.31,502.02,76,0,0,0
2024-02,Residential,MERCED,R-RES-TOU,Past Due,10,10,1696.09,169.61,5533.83,553.38,0,0,10,0
2024-02,Residential,MONTEREY,R-RES-TOU,Exception,11,11,0.0,,3847.83,480.98,0,0,0,11
2024-02,Residential,MONTEREY,R-RES-TOU,Generated,17,17,2461.21,144.78,8047.69,473.39,0,17,0,0
2024-02,Residential,MONTEREY,R-RES-TOU,Paid,50,50,7467.98,149.36,24341.48,486.83,50,0,0,0
2024-02,Residential,MONTEREY,R-RES-TOU,Past Due,3,3,433.54,144.51,1402.29,467.43,0,0,3,0
2024-02,Residential,NAPA,R-RES-TOU,Exception,6,6,0.0,,1667.34,416.83,0,0,0,6
2024-02,Residential,NAPA,R-RES-TOU,Generated,8,8,1563.91,195.49,5054.55,631.82,0,8,0,0
2024-02,Residential,NAPA,R-RES-TOU,Paid,27,27,4278.05,158.45,13970.14,517.41,27,0,0,0
2024-02,Residential,NAPA,R-RES-TOU,Past Due,3,3,643.63,214.54,2062.86,687.62,0,0,3,0
2024-02,Residential,NEVADA,R-RES-TOU,Exception,2,2,0.0,,672.16,336.08,0,0,0,2
2024-02,Residential,NEVADA,R-RES-TOU,Generated,4,4,627.09,156.77,2048.85,512.21,0,4,0,0
2024-02,Residential,NEVADA,R-RES-TOU,Paid,17,17,2822.95,166.06,9165.14,539.13,17,0,0,0
2024-02,Residential,PLACER,R-RES-TOU,Exception,19,19,0.0,,8504.37,566.96,0,0,0,19
2024-02,Residential,PLACER,R-RES-TOU,Generated,19,19,3152.33,165.91,10238.56,538.87,0,19,0,0
2024-02,Residential,PLACER,R-RES-TOU,Paid,67,67,11340.62,169.26,36453.31,544.08,67,0,0,0
2024-02,Residential,PLACER,R-RES-TOU,Past Due,7,7,1168.73,166.96,3824.07,546.3,0,0,7,0
2024-02,Residential,PLUMAS,R-RES-TOU,Paid,6,6,875.32,145.89,2858.08,476.35,6,0,0,0
2024-02,Residential,SAN FRANCISCO,R-RES-TOU,Exception,11,11,0.0,,5551.96,616.88,0,0,0,11
2024-02,Residential,SAN FRANCISCO,R-RES-TOU,Generated,34,34,5106.09,150.18,16808.57,494.37,0,34,0,0
2024-02,Residential,SAN FRANCISCO,R-RES-TOU,Paid,117,117,19832.25,169.51,63924.83,546.37,117,0,0,0
2024-02,Residential,SAN FRANCISCO,R-RES-TOU,Past Due,15,15,2016.4,134.43,6615.11,441.01,0,0,15,0
2024-02,Residential,SAN JOAQUIN,R-RES-TOU,Exception,15,15,0.0,,6024.93,463.46,0,0,0,15
2024-02,Residential,SAN JOAQUIN,R-RES-TOU,Generated,33,33,5938.71,179.96,19159.82,580.6,0,33,0,0
2024-02,Residential,SAN JOAQUIN,R-RES-TOU,Paid,133,133,20441.49,153.7,66464.75,499.73,133,0,0,0
2024-02,Residential,SAN JOAQUIN,R-RES-TOU,Past Due,12,12,2393.33,199.44,7589.27,632.44,0,0,12,0
2024-02,Residential,SAN LUIS OBISPO,R-RES-TOU,Exception,4,4,0.0,,1864.22,621.41,0,0,0,4
2024-02,Residential,SAN LUIS OBISPO,R-RES-TOU,Generated,10,10,1800.27,180.03,5844.07,584.41,0,10,0,0
2024-02,Residential,SAN LUIS OBISPO,R-RES-TOU,Paid,36,36,5090.42,141.4,16767.34,465.76,36,0,0,0
2024-02,Residential,SAN LUIS OBISPO,R-RES-TOU,Past Due,6,6,1250.41,208.4,4010.16,668.36,0,0,6,0
2024-02,Residential,SAN MATEO,R-RES-TOU,Exception,17,17,0.0,,6341.68,487.82,0,0,0,17
2024-02,Residential,SAN MATEO,R-RES-TOU,Generated,34,34,5155.08,151.62,16884.5,496.6,0,34,0,0
2024-02,Residential,SAN MATEO,R-RES-TOU,Paid,84,84,13360.28,159.05,43492.0,517.76,84,0,0,0
2024-02,Residential,SAN MATEO,R-RES-TOU,Past Due,11,11,1669.17,151.74,5408.82,491.71,0,0,11,0
2024-02,Residential,SANTA BARBARA,R-RES-TOU,Exception,7,7,0.0,,1860.78,620.26,0,0,0,7
2024-02,Residential,SANTA BARBARA,R-RES-TOU,Generated,12,12,2123.6,176.97,6845.93,570.49,0,12,0,0
2024-02,Residential,SANTA BARBARA,R-RES-TOU,Paid,60,60,9657.57,160.96,31401.06,523.35,60,0,0,0
2024-02,Residential,SANTA BARBARA,R-RES-TOU,Past Due,8,8,1484.44,185.56,4847.03,605.88,0,0,8,0
2024-02,Residential,SANTA CLARA,R-RES-TOU,Exception,50,50,0.0,,17831.63,509.48,0,0,0,50
2024-02,Residential,SANTA CLARA,R-RES-TOU,Generated,101,101,15821.17,156.65,51635.11,511.24,0,101,0,0
2024-02,Residential,SANTA CLARA,R-RES-TOU,Paid,423,423,70054.04,165.61,227463.05,537.74,423,0,0,0
2024-02,Residential,SANTA CLARA,R-RES-TOU,Past Due,46,46,7957.05,172.98,25861.81,562.21,0,0,46,0
2024-02,Residential,SANTA CRUZ,R-RES-TOU,Exception,3,3,0.0,,846.57,423.28,0,0,0,3
2024-02,Residential,SANTA CRUZ,R-RES-TOU,Generated,6,6,1068.92,178.15,3408.53,568.09,0,6,0,0
2024-02,Residential,SANTA CRUZ,R-RES-TOU,Paid,24,24,4190.04,174.59,13574.66,565.61,24,0,0,0
2024-02,Residential,SANTA CRUZ,R-RES-TOU,Past Due,2,2,362.88,181.44,1191.34,595.67,0,0,2,0
2024-02,Residential,SHASTA,R-RES-TOU,Exception,3,3,0.0,,494.34,494.34,0,0,0,3
2024-02,Residential,SHASTA,R-RES-TOU,Generated,9,9,1320.81,146.76,4376.47,486.27,0,9,0,0
2024-02,Residential,SHASTA,R-RES-TOU,Paid,23,23,3685.77,160.25,11958.61,519.94,23,0,0,0
2024-02,Residential,SHASTA,R-RES-TOU,Past Due,1,1,158.71,158.71,532.52,532.52,0,0,1,0
2024-02,Residential,SOLANO,R-RES-TOU,Exception,6,6,0.0,,1295.12,431.71,0,0,0,6
2024-02,Residential,SOLANO,R-RES-TOU,Generated,18,18,2558.87,142.16,8406.71,467.04,0,18,0,0
2024-02,Residential,SOLANO,R-RES-TOU,Paid,73,73,12813.19,175.52,41121.91,563.31,73,0,0,0
2024-02,Residential,SOLANO,R-RES-TOU,Past Due,5,5,1236.88,247.38,3882.27,776.45,0,0,5,0
2024-02,Residential,SONOMA,R-RES-TOU,Exception,11,11,0.0,,2245.11,449.02,0,0,0,11
2024-02,Residential,SONOMA,R-RES-TOU,Generated,10,10,1580.66,158.07,5161.55,516.15,0,10,0,0
2024-02,Residential,SONOMA,R-RES-TOU,Paid,58,58,8688.08,149.79,28473.5,490.92,58,0,0,0
2024-02,Residential,SONOMA,R-RES-TOU,Past Due,5,5,783.61,156.72,2549.5,509.9,0,0,5,0
2024-02,Residential,SUTTER,R-RES-TOU,Exception,3,3,0.0,,1692.76,564.25,0,0,0,3
2024-02,Residential,SUTTER,R-RES-TOU,Generated,2,2,330.33,165.16,1060.95,530.48,0,2,0,0
2024-02,Residential,SUTTER,R-RES-TOU,Paid,19,19,3295.68,173.46,10581.74,556.93,19,0,0,0
2024-02,Residential,SUTTER,R-RES-TOU,Past Due,2,2,379.94,189.97,1214.36,607.18,0,0,2,0
2024-02,Residential,TUOLUMNE,R-RES-TOU,Exception,2,2,0.0,,540.4,540.4,0,0,0,2
2024-02,Residential,TUOLUMNE,R-RES-TOU,Generated,4,4,454.56,113.64,1505.74,376.44,0,4,0,0
2024-02,Residential,TUOLUMNE,R-RES-TOU,Paid,12,12,2085.55,173.8,6744.88,562.07,12,0,0,0
2024-02,Residential,TUOLUMNE,R-RES-TOU,Past Due,2,2,274.93,137.46,929.38,464.69,0,0,2,0
2024-02,Residential,YOLO,R-RES-TOU,Exception,6,6,0.0,,1912.61,478.15,0,0,0,6
2024-02,Residential,YOLO,R-RES-TOU,Generated,7,7,1021.94,145.99,3375.75,482.25,0,7,0,0
2024-02,Residential,YOLO,R-RES-TOU,Paid,34,34,5998.04,176.41,19324.32,568.36,34,0,0,0
2024-02,Residential,YOLO,R-RES-TOU,Past Due,5,5,681.8,136.36,2224.26,444.85,0,0,5,0
2024-02,Residential,YUBA,R-RES-TOU,Exception,2,2,0.0,,918.05,918.05,0,0,0,2
2024-02,Residential,YUBA,R-RES-TOU,Generated,1,1,157.06,157.06,527.94,527.94,0,1,0,0
2024-02,Residential,YUBA,R-RES-TOU,Paid,14,14,2486.52,177.61,7991.81,570.84,14,0,0,0
2024-02,Residential,YUBA,R-RES-TOU,Past Due,3,3,893.56,297.85,2757.1,919.03,0,0,3,0
2024-02,Streetlighting,ALAMEDA,R-STLIGHT,Generated,2,2,913.38,456.69,4414.84,2207.42,0,2,0,0
2024-02,Streetlighting,ALAMEDA,R-STLIGHT,Paid,4,4,2013.56,503.39,9624.71,2406.18,4,0,0,0
2024-02,Streetlighting,CONTRA COSTA,R-STLIGHT,Exception,1,1,0.0,,0.0,,0,0,0,1
2024-02,Streetlighting,FRESNO,R-STLIGHT,Exception,1,1,0.0,,5181.59,5181.59,0,0,0,1
2024-02,Streetlighting,FRESNO,R-STLIGHT,Paid,1,1,306.44,306.44,1507.56,1507.56,1,0,0,0
2024-02,Streetlighting,KERN,R-STLIGHT,Paid,2,2,1286.3,643.15,6026.25,3013.13,2,0,0,0
2024-02,Streetlighting,NEVADA,R-STLIGHT,Paid,1,1,718.07,718.07,3325.31,3325.31,1,0,0,0
2024-02,Streetlighting,PLACER,R-STLIGHT,Paid,1,1,526.1,526.1,2525.43,2525.43,1,0,0,0
2024-02,Streetlighting,SAN FRANCISCO,R-STLIGHT,Past Due,1,1,493.08,493.08,2387.85,2387.85,0,0,1,0
2024-02,Streetlighting,SAN JOAQUIN,R-STLIGHT,Exception,1,1,0.0,,5714.06,5714.06,0,0,0,1
2024-02,Streetlighting,SAN JOAQUIN,R-STLIGHT,Paid,1,1,644.8,644.8,3020.0,3020.0,1,0,0,0
2024-02,Streetlighting,SAN JOAQUIN,R-STLIGHT,Past Due,1,1,511.71,511.71,2465.47,2465.47,0,0,1,0
2024-02,Streetlighting,SANTA CLARA,R-STLIGHT,Generated,1,1,649.68,649.68,3040.34,3040.34,0,1,0,0
2024-02,Streetlighting,SANTA CLARA,R-STLIGHT,Paid,3,3,1794.48,598.16,8477.02,2825.67,3,0,0,0
2024-02,Streetlighting,SANTA CLARA,R-STLIGHT,Past Due,1,1,766.12,766.12,3525.52,3525.52,0,0,1,0
2024-02,Streetlighting,SOLANO,R-STLIGHT,Generated,1,1,1219.78,1219.78,5415.74,5415.74,0,1,0,0
2024-02,Streetlighting,SOLANO,R-STLIGHT,Paid,1,1,989.31,989.31,4455.47,4455.47,1,0,0,0
2024-02,"Transportation, Communications, & Utilities",ALAMEDA,R-TCU-GEN,Paid,4,4,15756.59,3939.15,62964.85,15741.21,4,0,0,0
2024-02,"Transportation, Communications, & Utilities",ALAMEDA,R-TCU-GEN,Past Due,2,2,6327.54,3163.77,26466.57,13233.28,0,0,2,0
2024-02,"Transportation, Communications, & Utilities",BUTTE,R-TCU-GEN,Generated,1,1,6060.97,6060.97,23451.63,23451.63,0,1,0,0
2024-02,"Transportation, Communications, & Utilities",BUTTE,R-TCU-GEN,Paid,1,1,8037.07,8037.07,30265.77,30265.77,1,0,0,0
2024-02,"Transportation, Communications, & Utilities",CONTRA COSTA,R-TCU-GEN,Generated,3,3,9212.07,3070.69,39163.05,13054.35,0,3,0,0
2024-02,"Transportation, Communications, & Utilities",CONTRA COSTA,R-TCU-GEN,Paid,3,3,15933.18,5311.06,62597.15,20865.72,3,0,0,0
2024-02,"Transportation, Communications, & Utilities",FRESNO,R-TCU-GEN,Generated,2,2,10742.74,5371.37,42147.36,21073.68,0,2,0,0
2024-02,"Transportation, Communications, & Utilities",FRESNO,R-TCU-GEN,Paid,4,4,16253.03,4063.26,66251.81,16562.95,4,0,0,0
2024-02,"Transportation, Communications, & Utilities",KERN,R-TCU-GEN,Exception,1,1,0.0,,0.0,,0,0,0,1
2024-02,"Transportation, Communications, & Utilities",KERN,R-TCU-GEN,Paid,4,4,14937.14,3734.28,61714.28,15428.57,4,0,0,0
2024-02,"Transportation, Communications, & Utilities",KERN,R-TCU-GEN,Past Due,1,1,4685.33,4685.33,18708.05,18708.05,0,0,1,0
2024-02,"Transportation, Communications, & Utilities",MADERA,R-TCU-GEN,Paid,1,1,2284.56,2284.56,9929.84,9929.84,1,0,0,0
2024-02,"Transportation, Communications, & Utilities",MENDOCINO,R-TCU-GEN,Generated,1,1,2762.64,2762.64,12078.06,12078.06,0,1,0,0
2024-02,"Transportation, Communications, & Utilities",MERCED,R-TCU-GEN,Paid,1,1,3631.82,3631.82,15075.25,15075.25,1,0,0,0
2024-02,"Transportation, Communications, & Utilities",MONTEREY,R-TCU-GEN,Paid,2,2,10459.28,5229.64,41169.95,20584.97,2,0,0,0
2024-02,"Transportation, Communications, & Utilities",PLACER,R-TCU-GEN,Paid,3,3,11122.65,3707.55,45917.4,15305.8,3,0,0,0
2024-02,"Transportation, Communications, & Utilities",SAN FRANCISCO,R-TCU-GEN,Generated,1,1,4816.76,4816.76,19161.25,19161.25,0,1,0,0
2024-02,"Transportation, Communications, & Utilities",SAN FRANCISCO,R-TCU-GEN,Paid,2,2,9831.09,4915.55,39003.78,19501.89,2,0,0,0
2024-02,"Transportation, Communications, & Utilities",SAN JOAQUIN,R-TCU-GEN,Paid,3,3,22384.25,7461.42,84842.23,28280.74,3,0,0,0
2024-02,"Transportation, Communications, & Utilities",SAN LUIS OBISPO,R-TCU-GEN,Paid,1,1,3012.71,3012.71,12940.39,12940.39,1,0,0,0
2024-02,"Transportation, Communications, & Utilities",SAN MATEO,R-TCU-GEN,Exception,1,1,0.0,,16389.22,16389.22,0,0,0,1
2024-02,"Transportation, Communications, & Utilities",SAN MATEO,R-TCU-GEN,Paid,4,4,15068.63,3767.16,61705.74,15426.44,4,0,0,0
2024-02,"Transportation, Communications, & Utilities",SAN MATEO,R-TCU-GEN,Past Due,1,1,3334.08,3334.08,14048.54,14048.54,0,0,1,0
2024-02,"Transportation, Communications, & Utilities",SANTA BARBARA,R-TCU-GEN,Paid,1,1,2449.36,2449.36,10678.9,10678.9,1,0,0,0
2024-02,"Transportation, Communications, & Utilities",SANTA BARBARA,R-TCU-GEN,Past Due,1,1,3147.77,3147.77,13406.12,13406.12,0,0,1,0
2024-02,"Transportation, Communications, & Utilities",SANTA CLARA,R-TCU-GEN,Exception,2,2,0.0,,34719.23,17359.61,0,0,0,2
2024-02,"Transportation, Communications, & Utilities",SANTA CLARA,R-TCU-GEN,Generated,2,2,6959.33,3479.66,29101.12,14550.56,0,2,0,0
2024-02,"Transportation, Communications, & Utilities",SANTA CLARA,R-TCU-GEN,Paid,10,10,35447.67,3544.77,146031.65,14603.16,10,0,0,0
2024-02,"Transportation, Communications, & Utilities",SANTA CLARA,R-TCU-GEN,Past Due,4,4,16410.14,4102.53,65927.89,16481.97,0,0,4,0
2024-02,"Transportation, Communications, & Utilities",SANTA CRUZ,R-TCU-GEN,Paid,1,1,6934.71,6934.71,26464.53,26464.53,1,0,0,0
2024-02,"Transportation, Communications, & Utilities",SHASTA,R-TCU-GEN,Paid,2,2,9683.36,4841.68,38159.76,19079.88,2,0,0,0
2024-03,Agriculture And Water Pumping,ALAMEDA,R-AGR-PUMP,Exception,2,2,0.0,,30445.63,15222.81,0,0,0,2
2024-03,Agriculture And Water Pumping,ALAMEDA,R-AGR-PUMP,Generated,2,2,6172.17,3086.09,26452.49,13226.24,0,2,0,0
2024-03,Agriculture And Water Pumping,ALAMEDA,R-AGR-PUMP,Paid,10,10,31803.97,3180.4,135262.02,13526.2,10,0,0,0
2024-03,Agriculture And Water Pumping,AMADOR,R-AGR-PUMP,Paid,1,1,2033.84,2033.84,9329.02,9329.02,1,0,0,0
2024-03,Agriculture And Water Pumping,BUTTE,R-AGR-PUMP,Paid,1,1,1664.96,1664.96,7949.78,7949.78,1,0,0,0
2024-03,Agriculture And Water Pumping,CONTRA COSTA,R-AGR-PUMP,Exception,1,1,0.0,,12845.16,12845.16,0,0,0,1
2024-03,Agriculture And Water Pumping,CONTRA COSTA,R-AGR-PUMP,Generated,4,4,7923.45,1980.86,36531.28,9132.82,0,4,0,0
2024-03,Agriculture And Water Pumping,CONTRA COSTA,R-AGR-PUMP,Paid,8,8,20488.96,2561.12,89487.98,11186.0,8,0,0,0
2024-03,Agriculture And Water Pumping,CONTRA COSTA,R-AGR-PUMP,Past Due,1,1,2827.32,2827.32,12267.86,12267.86,0,0,1,0
2024-03,Agriculture And Water Pumping,EL DORADO,R-AGR-PUMP,Paid,1,1,1478.99,1478.99,7019.97,7019.97,1,0,0,0
2024-03,Agriculture And Water Pumping,EL DORADO,R-AGR-PUMP,Past Due,1,1,1792.72,1792.72,8435.99,8435.99,0,0,1,0
2024-03,Agriculture And Water Pumping,FRESNO,R-AGR-PUMP,Exception,1,1,0.0,,0.0,,0,0,0,1
2024-03,Agriculture And Water Pumping,FRESNO,R-AGR-PUMP,Generated,3,3,7509.45,2503.15,33143.61,11047.87,0,3,0,0
2024-03,Agriculture And Water Pumping,FRESNO,R-AGR-PUMP,Paid,5,5,10650.55,2130.11,47985.9,9597.18,5,0,0,0
2024-03,Agriculture And Water Pumping,FRESNO,R-AGR-PUMP,Past Due,1,1,1704.53,1704.53,8109.37,8109.37,0,0,1,0
2024-03,Agriculture And Water Pumping,KERN,R-AGR-PUMP,Exception,2,2,0.0,,21109.98,10554.99,0,0,0,2
2024-03,Agriculture And Water Pumping,KERN,R-AGR-PUMP,Generated,3,3,11810.57,3936.86,49131.71,16377.24,0,3,0,0
2024-03,Agriculture And Water Pumping,KERN,R-AGR-PUMP,Paid,6,6,14868.7,2478.12,65513.2,10918.87,6,0,0,0
2024-03,Agriculture And Water Pumping,KERN,R-AGR-PUMP,Past Due,3,3,7066.2,2355.4,31560.0,10520.0,0,0,3,0
2024-03,Agriculture And Water Pumping,KINGS,R-AGR-PUMP,Exception,1,1,0.0,,19689.7,19689.7,0,0,0,1
2024-03,Agriculture And Water Pumping,KINGS,R-AGR-PUMP,Paid,1,1,1106.59,1106.59,5157.94,5157.94,1,0,0,0
2024-03,Agriculture And Water Pumping,MERCED,R-AGR-PUMP,Generated,2,2,3956.7,1978.35,18247.03,9123.51,0,2,0,0
2024-03,Agriculture And Water Pumping,MERCED,R-AGR-PUMP,Paid,3,3,4322.24,1440.75,20486.21,6828.74,3,0,0,0
2024-03,Agriculture And Water Pumping,MONTEREY,R-AGR-PUMP,Generated,1,1,2476.37,2476.37,10968.02,10968.02,0,1,0,0
2024-03,Agriculture And Water Pumping,MONTEREY,R-AGR-PUMP,Paid,2,2,7152.43,3576.22,30083.08,15041.54,2,0,0,0
2024-03,Agriculture And Water Pumping,MONTEREY,R-AGR-PUMP,Past Due,1,1,1787.6,1787.6,8417.04,8417.04,0,0,1,0
2024-03,Agriculture And Water Pumping,NEVADA,R-AGR-PUMP,Paid,1,1,4075.31,4075.31,16890.03,16890.03,1,0,0,0
2024-03,Agriculture And Water Pumping,PLACER,R-AGR-PUMP,Paid,3,3,6097.33,2032.44,27202.04,9067.35,3,0,0,0
2024-03,Agriculture And Water Pumping,PLACER,R-AGR-PUMP,Past Due,2,2,5956.26,2978.13,25652.81,12826.41,0,0,2,0
2024-03,Agriculture And Water Pumping,SAN FRANCISCO,R-AGR-PUMP,Paid,10,10,32989.21,3298.92,140145.24,14014.52,10,0,0,0
2024-03,Agriculture And Water Pumping,SAN FRANCISCO,R-AGR-PUMP,Past Due,1,1,1601.11,1601.11,7630.57,7630.57,0,0,1,0
2024-03,Agriculture And Water Pumping,SAN JOAQUIN,R-AGR-PUMP,Paid,10,10,29305.74,2930.57,126354.84,12635.48,10,0,0,0
2024-03,Agriculture And Water Pumping,SAN LUIS OBISPO,R-AGR-PUMP,Exception,1,1,0.0,,0.0,,0,0,0,1
2024-03,Agriculture And Water Pumping,SAN MATEO,R-AGR-PUMP,Generated,1,1,2411.66,2411.66,10728.38,10728.38,0,1,0,0
2024-03,Agriculture And Water Pumping,SAN MATEO,R-AGR-PUMP,Paid,5,5,12782.76,2556.55,56325.07,11265.01,5,0,0,0
2024-03,Agriculture And Water Pumping,SANTA BARBARA,R-AGR-PUMP,Paid,2,2,6560.75,3280.38,27011.42,13505.71,2,0,0,0
2024-03,Agriculture And Water Pumping,SANTA CLARA,R-AGR-PUMP,Exception,1,1,0.0,,0.0,,0,0,0,1
2024-03,Agriculture And Water Pumping,SANTA CLARA,R-AGR-PUMP,Generated,8,8,19758.43,2469.8,87010.84,10876.35,0,8,0,0
2024-03,Agriculture And Water Pumping,SANTA CLARA,R-AGR-PUMP,Paid,10,10,22884.02,2288.4,101876.12,10187.61,10,0,0,0
2024-03,Agriculture And Water Pumping,SANTA CLARA,R-AGR-PUMP,Past Due,2,2,7212.06,3606.03,30303.94,15151.97,0,0,2,0
2024-03,Agriculture And Water Pumping,SANTA CRUZ,R-AGR-PUMP,Paid,2,2,5320.28,2660.14,23297.34,11648.67,2,0,0,0
2024-03,Agriculture And Water Pumping,SHASTA,R-AGR-PUMP,Past Due,1,1,2352.99,2352.99,10511.07,10511.07,0,0,1,0
2024-03,Agriculture And Water Pumping,SOLANO,R-AGR-PUMP,Paid,4,4,9934.37,2483.59,43979.15,10994.79,4,0,0,0
2024-03,Agriculture And Water Pumping,SUTTER,R-AGR-PUMP,Paid,1,1,2147.65,2147.65,9750.55,9750.55,1,0,0,0
2024-03,Agriculture And Water Pumping,TUOLUMNE,R-AGR-PUMP,Paid,2,2,5750.71,2875.36,24891.51,12445.76,2,0,0,0
2024-03,Agriculture And Water Pumping,YOLO,R-AGR-PUMP,Generated,1,1,4019.67,4019.67,16683.96,16683.96,0,1,0,0
2024-03,Agriculture And Water Pumping,YOLO,R-AGR-PUMP,Paid,2,2,4290.54,2145.27,19483.48,9741.74,2,0,0,0
2024-03,Commercial,ALAMEDA,R-COM-GEN,Exception,5,5,0.0,,23593.73,4718.75,0,0,0,5
2024-03,Commercial,ALAMEDA,R-COM-GEN,Generated,10,10,12246.1,1224.61,45148.73,4514.87,0,10,0,0
2024-03,Commercial,ALAMEDA,R-COM-GEN,Paid,47,47,59640.17,1268.94,217588.62,4629.55,47,0,0,0
2024-03,Commercial,ALAMEDA,R-COM-GEN,Past Due,6,6,8057.77,1342.96,29323.95,4887.32,0,0,6,0
2024-03,Commercial,AMADOR,R-COM-GEN,Paid,3,3,3502.7,1167.57,12829.91,4276.64,3,0,0,0
2024-03,Commercial,BUTTE,R-COM-GEN,Generated,4,4,3582.31,895.58,13449.69,3362.42,0,4,0,0
2024-03,Commercial,BUTTE,R-COM-GEN,Paid,8,8,12337.4,1542.17,44314.2,5539.27,8,0,0,0
2024-03,Commercial,CALAVERAS,R-COM-GEN,Paid,3,3,2454.96,818.32,9394.43,3131.48,3,0,0,0
2024-03,Commercial,COLUSA,R-COM-GEN,Paid,1,1,1566.67,1566.67,5618.28,5618.28,1,0,0,0
2024-03,Commercial,CONTRA COSTA,R-COM-GEN,Exception,3,3,0.0,,8943.14,4471.57,0,0,0,3
2024-03,Commercial,CONTRA COSTA,R-COM-GEN,Generated,5,5,6129.76,1225.95,22555.69,4511.14,0,5,0,0
2024-03,Commercial,CONTRA COSTA,R-COM-GEN,Paid,37,37,41505.34,1121.77,154111.03,4165.16,37,0,0,0
2024-03,Commercial,CONTRA COSTA,R-COM-GEN,Past Due,3,3,2680.47,893.49,10340.24,3446.75,0,0,3,0
2024-03,Commercial,EL DORADO,R-COM-GEN,Generated,1,1,1222.92,1222.92,4509.43,4509.43,0,1,0,0
2024-03,Commercial,EL DORADO,R-COM-GEN,Paid,6,6,7936.11,1322.69,28987.45,4831.24,6,0,0,0
2024-03,Commercial,FRESNO,R-COM-GEN,Exception,2,2,0.0,,0.0,,0,0,0,2
2024-03,Commercial,FRESNO,R-COM-GEN,Generated,12,12,11611.5,967.63,43989.34,3665.78,0,12,0,0
2024-03,Commercial,FRESNO,R-COM-GEN,Paid,30,30,32581.85,1086.06,120336.31,4011.21,30,0,0,0
2024-03,Commercial,FRESNO,R-COM-GEN,Past Due,1,1,1200.44,1200.44,4436.9,4436.9,0,0,1,0
2024-03,Commercial,GLENN,R-COM-GEN,Exception,1,1,0.0,,4953.32,4953.32,0,0,0,1
2024-03,Commercial,GLENN,R-COM-GEN,Generated,1,1,1358.66,1358.66,4947.29,4947.29,0,1,0,0
2024-03,Commercial,GLENN,R-COM-GEN,Paid,2,2,1654.38,827.19,6464.65,3232.32,2,0,0,0
2024-03,Commercial,HUMBOLDT,R-COM-GEN,Exception,1,1,0.0,,6253.62,6253.62,0,0,0,1
2024-03,Commercial,HUMBOLDT,R-COM-GEN,Generated,2,2,1658.55,829.28,6340.29,3170.14,0,2,0,0
2024-03,Commercial,HUMBOLDT,R-COM-GEN,Paid,2,2,2317.2,1158.6,8603.88,4301.94,2,0,0,0
2024-03,Commercial,KERN,R-COM-GEN,Exception,5,5,0.0,,9570.07,4785.03,0,0,0,5
2024-03,Commercial,KERN,R-COM-GEN,Generated,10,10,10811.85,1081.18,40218.37,4021.84,0,10,0,0
2024-03,Commercial,KERN,R-COM-GEN,Paid,64,64,70355.62,1099.31,261086.48,4079.48,64,0,0,0
2024-03,Commercial,KERN,R-COM-GEN,Past Due,4,4,4277.13,1069.28,15916.97,3979.24,0,0,4,0
2024-03,Commercial,KINGS,R-COM-GEN,Generated,1,1,1511.5,1511.5,5440.31,5440.31,0,1,0,0
2024-03,Commercial,KINGS,R-COM-GEN,Paid,6,6,6934.36,1155.73,25745.66,4290.94,6,0,0,0
2024-03,Commercial,LAKE,R-COM-GEN,Paid,1,1,490.55,490.55,1898.13,1898.13,1,0,0,0
2024-03,Commercial,MADERA,R-COM-GEN,Exception,2,2,0.0,,5119.81,2559.9,0,0,0,2
2024-03,Commercial,MADERA,R-COM-GEN,Generated,1,1,533.77,533.77,2078.21,2078.21,0,1,0,0
2024-03,Commercial,MADERA,R-COM-GEN,Paid,6,6,5427.66,904.61,20834.27,3472.38,6,0,0,0
2024-03,Commercial,MARIN,R-COM-GEN,Generated,2,2,1538.55,769.27,5980.61,2990.31,0,2,0,0
2024-03,Commercial,MARIN,R-COM-GEN,Paid,3,3,3469.68,1156.56,12629.6,4209.87,3,0,0,0
2024-03,Commercial,MARIPOSA,R-COM-GEN,Past Due,1,1,700.31,700.31,2772.13,2772.13,0,0,1,0
2024-03,Commercial,MENDOCINO,R-COM-GEN,Generated,1,1,1196.64,1196.64,4424.64,4424.64,0,1,0,0
2024-03,Commercial,MENDOCINO,R-COM-GEN,Paid,2,2,1827.01,913.5,7022.63,3511.32,2,0,0,0
2024-03,Commercial,MENDOCINO,R-COM-GEN,Past Due,1,1,777.86,777.86,3073.73,3073.73,0,0,1,0
2024-03,Commercial,MERCED,R-COM-GEN,Exception,1,1,0.0,,2421.07,2421.07,0,0,0,1
2024-03,Commercial,MERCED,R-COM-GEN,Generated,5,5,4371.04,874.21,16655.4,3331.08,0,5,0,0
2024-03,Commercial,MERCED,R-COM-GEN,Paid,11,11,11542.34,1049.3,43203.81,3927.62,11,0,0,0
2024-03,Commercial,MERCED,R-COM-GEN,Past Due,1,1,1208.3,1208.3,4462.27,4462.27,0,0,1,0
2024-03,Commercial,MONTEREY,R-COM-GEN,Generated,2,2,1399.57,699.78,5524.06,2762.03,0,2,0,0
2024-03,Commercial,MONTEREY,R-COM-GEN,Paid,14,14,14606.31,1043.31,54417.21,3886.94,14,0,0,0
2024-03,Commercial,NAPA,R-COM-GEN,Exception,1,1,0.0,,0.0,,0,0,0,1
2024-03,Commercial,NAPA,R-COM-GEN,Paid,4,4,5069.26,1267.32,18585.26,4646.32,4,0,0,0
2024-03,Commercial,NEVADA,R-COM-GEN,Exception,1,1,0.0,,6983.55,6983.55,0,0,0,1
2024-03,Commercial,NEVADA,R-COM-GEN,Generated,1,1,514.94,514.94,1999.76,1999.76,0,1,0,0
2024-03,Commercial,NEVADA,R-COM-GEN,Paid,5,5,5541.33,1108.27,20603.23,4120.65,5,0,0,0
2024-03,Commercial,PLACER,R-COM-GEN,Exception,2,2,0.0,,5899.11,2949.56,0,0,0,2
2024-03,Commercial,PLACER,R-COM-GEN,Generated,5,5,6860.14,1372.03,24880.8,4976.16,0,5,0,0
2024-03,Commercial,PLACER,R-COM-GEN,Paid,11,11,10659.45,969.04,39909.18,3628.11,11,0,0,0
2024-03,Commercial,PLACER,R-COM-GEN,Past Due,3,3,4867.35,1622.45,17394.65,5798.22,0,0,3,0
2024-03,Commercial,PLUMAS,R-COM-GEN,Generated,2,2,2309.2,1154.6,8578.07,4289.03,0,2,0,0
2024-03,Commercial,PLUMAS,R-COM-GEN,Paid,2,2,2720.92,1360.46,9906.19,4953.09,2,0,0,0
2024-03,Commercial,SAN FRANCISCO,R-COM-GEN,Exception,1,1,0.0,,0.0,,0,0,0,1
2024-03,Commercial,SAN FRANCISCO,R-COM-GEN,Generated,6,6,8552.34,1425.39,30652.28,5108.71,0,6,0,0
2024-03,Commercial,SAN FRANCISCO,R-COM-GEN,Paid,23,23,23911.45,1039.63,88991.8,3869.21,23,0,0,0
2024-03,Commercial,SAN FRANCISCO,R-COM-GEN,Past Due,4,4,3887.37,971.84,14610.44,3652.61,0,0,4,0
2024-03,Commercial,SAN JOAQUIN,R-COM-GEN,Exception,2,2,0.0,,0.0,,0,0,0,2
2024-03,Commercial,SAN JOAQUIN,R-COM-GEN,Generated,8,8,9264.73,1158.09,34247.97,4281.0,0,8,0,0
2024-03,Commercial,SAN JOAQUIN,R-COM-GEN,Paid,25,25,28389.14,1135.57,105404.35,4216.17,25,0,0,0
2024-03,Commercial,SAN LUIS OBISPO,R-COM-GEN,Paid,12,12,12320.41,1026.7,46009.3,3834.11,12,0,0,0
2024-03,Commercial,SAN MATEO,R-COM-GEN,Generated,3,3,3427.85,1142.62,12751.13,4250.38,0,3,0,0
2024-03,Commercial,SAN MATEO,R-COM-GEN,Paid,21,21,23961.34,1141.02,88417.75,4210.37,21,0,0,0
2024-03,Commercial,SANTA BARBARA,R-COM-GEN,Exception,2,2,0.0,,2552.96,2552.96,0,0,0,2
2024-03,Commercial,SANTA BARBARA,R-COM-GEN,Paid,9,9,8781.8,975.76,32956.95,3661.88,9,0,0,0
2024-03,Commercial,SANTA BARBARA,R-COM-GEN,Past Due,2,2,1559.67,779.84,6121.75,3060.88,0,0,2,0
2024-03,Commercial,SANTA CLARA,R-COM-GEN,Exception,8,8,0.0,,18111.67,3018.61,0,0,0,8
2024-03,Commercial,SANTA CLARA,R-COM-GEN,Generated,9,9,10305.35,1145.04,38233.11,4248.12,0,9,0,0
2024-03,Commercial,SANTA CLARA,R-COM-GEN,Paid,68,68,71689.43,1054.26,268098.24,3942.62,68,0,0,0
2024-03,Commercial,SANTA CLARA,R-COM-GEN,Past Due,8,8,8955.6,1119.45,33153.67,4144.21,0,0,8,0
2024-03,Commercial,SANTA CRUZ,R-COM-GEN,Generated,1,1,605.24,605.24,2376.02,2376.02,0,1,0,0
2024-03,Commercial,SANTA CRUZ,R-COM-GEN,Paid,2,2,3099.73,1549.87,11128.16,5564.08,2,0,0,0
2024-03,Commercial,SANTA CRUZ,R-COM-GEN,Past Due,1,1,839.04,839.04,3271.09,3271.09,0,0,1,0
2024-03,Commercial,SHASTA,R-COM-GEN,Generated,1,1,548.47,548.47,2139.45,2139.45,0,1,0,0
2024-03,Commercial,SHASTA,R-COM-GEN,Paid,8,8,8943.89,1117.99,33209.97,4151.25,8,0,0,0
2024-03,Commercial,SOLANO,R-COM-GEN,Exception,1,1,0.0,,4854.73,4854.73,0,0,0,1
2024-03,Commercial,SOLANO,R-COM-GEN,Generated,1,1,646.51,646.51,2547.94,2547.94,0,1,0,0
2024-03,Commercial,SOLANO,R-COM-GEN,Paid,9,9,11236.14,1248.46,41112.61,4568.07,9,0,0,0
2024-03,Commercial,SONOMA,R-COM-GEN,Generated,4,4,4012.65,1003.16,14974.63,3743.66,0,4,0,0
2024-03,Commercial,SONOMA,R-COM-GEN,Paid,6,6,6274.43,1045.74,23408.78,3901.46,6,0,0,0
2024-03,Commercial,SONOMA,R-COM-GEN,Past Due,3,3,3476.4,1158.8,12805.08,4268.36,0,0,3,0
2024-03,Commercial,SUTTER,R-COM-GEN,Exception,1,1,0.0,,0.0,,0,0,0,1
2024-03,Commercial,SUTTER,R-COM-GEN,Generated,1,1,638.01,638.01,2512.54,2512.54,0,1,0,0
2024-03,Commercial,SUTTER,R-COM-GEN,Paid,4,4,3762.04,940.51,14133.66,3533.41,4,0,0,0
2024-03,Commercial,TUOLUMNE,R-COM-GEN,Exception,1,1,0.0,,6782.17,6782.17,0,0,0,1
2024-03,Commercial,TUOLUMNE,R-COM-GEN,Generated,1,1,1067.13,1067.13,4006.87,4006.87,0,1,0,0
2024-03,Commercial,TUOLUMNE,R-COM-GEN,Paid,4,4,5429.37,1357.34,19772.18,4943.05,4,0,0,0
2024-03,Commercial,YOLO,R-COM-GEN,Generated,2,2,2545.49,1272.74,9340.29,4670.15,0,2,0,0
2024-03,Commercial,YOLO,R-COM-GEN,Paid,6,6,8205.44,1367.57,29751.75,4958.63,6,0,0,0
2024-03,Commercial,YOLO,R-COM-GEN,Past Due,1,1,1113.6,1113.6,4156.76,4156.76,0,0,1,0
2024-03,Commercial,YUBA,R-COM-GEN,Exception,1,1,0.0,,3115.09,3115.09,0,0,0,1
2024-03,Commercial,YUBA,R-COM-GEN,Paid,2,2,1934.17,967.09,7149.76,3574.88,2,0,0,0
2024-03,Industrial,ALAMEDA,R-IND-GEN,Exception,1,1,0.0,,46588.34,46588.34,0,0,0,1
2024-03,Industrial,ALAMEDA,R-IND-GEN,Generated,3,3,43915.68,14638.56,202357.02,67452.34,0,3,0,0
2024-03,Industrial,ALAMEDA,R-IND-GEN,Paid,9,9,82858.02,9206.45,402794.45,44754.94,9,0,0,0
2024-03,Industrial,ALAMEDA,R-IND-GEN,Past Due,1,1,8848.24,8848.24,43325.98,43325.98,0,0,1,0
2024-03,Industrial,BUTTE,R-IND-GEN,Generated,1,1,14780.91,14780.91,68045.45,68045.45,0,1,0,0
2024-03,Industrial,CALAVERAS,R-IND-GEN,Exception,1,1,0.0,,28400.52,28400.52,0,0,0,1
2024-03,Industrial,CONTRA COSTA,R-IND-GEN,Generated,2,2,11838.59,5919.3,61525.02,30762.51,0,2,0,0
2024-03,Industrial,CONTRA COSTA,R-IND-GEN,Paid,4,4,31819.52,7954.88,158414.69,39603.67,4,0,0,0
2024-03,Industrial,EL DORADO,R-IND-GEN,Paid,1,1,6124.13,6124.13,31975.53,31975.53,1,0,0,0
2024-03,Industrial,FRESNO,R-IND-GEN,Exception,2,2,0.0,,91788.65,45894.32,0,0,0,2
2024-03,Industrial,FRESNO,R-IND-GEN,Generated,2,2,17739.32,8869.66,85431.36,42715.68,0,2,0,0
2024-03,Industrial,FRESNO,R-IND-GEN,Paid,4,4,35353.59,8838.4,173139.96,43284.99,4,0,0,0
2024-03,Industrial,FRESNO,R-IND-GEN,Past Due,1,1,5660.23,5660.23,30042.61,30042.61,0,0,1,0
2024-03,Industrial,HUMBOLDT,R-IND-GEN,Exception,1,1,0.0,,26186.41,26186.41,0,0,0,1
2024-03,Industrial,HUMBOLDT,R-IND-GEN,Paid,1,1,9821.35,9821.35,47380.63,47380.63,1,0,0,0
2024-03,Industrial,KERN,R-IND-GEN,Exception,3,3,0.0,,126118.05,42039.35,0,0,0,3
2024-03,Industrial,KERN,R-IND-GEN,Generated,4,4,32833.31,8208.33,161002.41,40250.6,0,4,0,0
2024-03,Industrial,KERN,R-IND-GEN,Paid,14,14,106802.29,7628.73,525891.56,37563.68,14,0,0,0
2024-03,Industrial,KINGS,R-IND-GEN,Generated,1,1,3664.44,3664.44,18969.13,18969.13,0,1,0,0
2024-03,Industrial,KINGS,R-IND-GEN,Paid,2,2,11294.88,5647.44,58407.27,29203.64,2,0,0,0
2024-03,Industrial,LAKE,R-IND-GEN,Generated,1,1,8986.59,8986.59,43902.44,43902.44,0,1,0,0
2024-03,Industrial,MADERA,R-IND-GEN,Paid,1,1,6897.24,6897.24,35196.84,35196.84,1,0,0,0
2024-03,Industrial,MARIN,R-IND-GEN,Paid,2,2,24140.87,12070.44,113503.64,56751.82,2,0,0,0
2024-03,Industrial,MERCED,R-IND-GEN,Paid,1,1,7651.39,7651.39,38339.12,38339.12,1,0,0,0
2024-03,Industrial,MONTEREY,R-IND-GEN,Paid,1,1,7131.58,7131.58,36173.25,36173.25,1,0,0,0
2024-03,Industrial,NEVADA,R-IND-GEN,Paid,1,1,5846.73,5846.73,30819.7,30819.7,1,0,0,0
2024-03,Industrial,PLACER,R-IND-GEN,Generated,1,1,7329.97,7329.97,36999.87,36999.87,0,1,0,0
2024-03,Industrial,PLACER,R-IND-GEN,Paid,3,3,26743.45,8914.48,130806.06,43602.02,3,0,0,0
2024-03,Industrial,PLACER,R-IND-GEN,Past Due,1,1,6326.99,6326.99,32820.8,32820.8,0,0,1,0
2024-03,Industrial,PLUMAS,R-IND-GEN,Past Due,1,1,6801.76,6801.76,34799.0,34799.0,0,0,1,0
2024-03,Industrial,SAN FRANCISCO,R-IND-GEN,Exception,1,1,0.0,,60449.57,60449.57,0,0,0,1
2024-03,Industrial,SAN FRANCISCO,R-IND-GEN,Paid,1,1,7386.49,7386.49,37235.37,37235.37,1,0,0,0
2024-03,Industrial,SAN JOAQUIN,R-IND-GEN,Exception,1,1,0.0,,26663.46,26663.46,0,0,0,1
2024-03,Industrial,SAN JOAQUIN,R-IND-GEN,Generated,1,1,6624.7,6624.7,34061.26,34061.26,0,1,0,0
2024-03,Industrial,SAN JOAQUIN,R-IND-GEN,Paid,5,5,37373.93,7474.79,185785.41,37157.08,5,0,0,0
2024-03,Industrial,SAN LUIS OBISPO,R-IND-GEN,Paid,2,2,17264.79,8632.4,84677.65,42338.82,2,0,0,0
2024-03,Industrial,SAN LUIS OBISPO,R-IND-GEN,Past Due,1,1,8808.98,8808.98,43162.41,43162.41,0,0,1,0
2024-03,Industrial,SAN MATEO,R-IND-GEN,Paid,5,5,52331.14,10466.23,250338.04,50067.61,5,0,0,0
2024-03,Industrial,SAN MATEO,R-IND-GEN,Past Due,1,1,7449.06,7449.06,37496.08,37496.08,0,0,1,0
2024-03,Industrial,SANTA BARBARA,R-IND-GEN,Generated,2,2,16810.97,8405.49,82838.22,41419.11,0,2,0,0
2024-03,Industrial,SANTA BARBARA,R-IND-GEN,Paid,2,2,8748.08,4374.04,45822.67,22911.33,2,0,0,0
2024-03,Industrial,SANTA CLARA,R-IND-GEN,Exception,1,1,0.0,,45833.44,45833.44,0,0,0,1
2024-03,Industrial,SANTA CLARA,R-IND-GEN,Generated,3,3,25521.1,8507.03,125712.91,41904.3,0,3,0,0
2024-03,Industrial,SANTA CLARA,R-IND-GEN,Paid,13,13,142210.06,10939.24,675876.09,51990.47,13,0,0,0
2024-03,Industrial,SANTA CLARA,R-IND-GEN,Past Due,2,2,18501.15,9250.58,88781.87,44390.93,0,0,2,0
2024-03,Industrial,SHASTA,R-IND-GEN,Paid,3,3,18029.05,6009.68,94496.05,31498.68,3,0,0,0
2024-03,Industrial,SOLANO,R-IND-GEN,Exception,1,1,0.0,,33154.17,33154.17,0,0,0,1
2024-03,Industrial,SOLANO,R-IND-GEN,Paid,1,1,7445.0,7445.0,37479.15,37479.15,1,0,0,0
2024-03,Industrial,SONOMA,R-IND-GEN,Paid,2,2,10822.16,5411.08,56369.37,28184.69,2,0,0,0
2024-03,Industrial,YOLO,R-IND-GEN,Generated,1,1,17902.75,17902.75,81053.13,81053.13,0,1,0,0
2024-03,Industrial,YOLO,R-IND-GEN,Paid,3,3,26320.89,8773.63,128409.21,42803.07,3,0,0,0
2024-03,Mining,ALAMEDA,R-MIN-GEN,Past Due,1,1,2101.09,2101.09,11182.87,11182.87,0,0,1,0
2024-03,Mining,CONTRA COSTA,R-MIN-GEN,Generated,1,1,4551.13,4551.13,25459.66,25459.66,0,1,0,0
2024-03,Mining,CONTRA COSTA,R-MIN-GEN,Paid,1,1,5924.14,5924.14,31700.63,31700.63,1,0,0,0
2024-03,Mining,FRESNO,R-MIN-GEN,Exception,1,1,0.0,,46553.59,46553.59,0,0,0,1
2024-03,Mining,FRESNO,R-MIN-GEN,Generated,1,1,9685.17,9685.17,48796.25,48796.25,0,1,0,0
2024-03,Mining,FRESNO,R-MIN-GEN,Paid,1,1,5999.3,5999.3,32042.25,32042.25,1,0,0,0
2024-03,Mining,KERN,R-MIN-GEN,Generated,2,2,13517.45,6758.73,70988.37,35494.18,0,2,0,0
2024-03,Mining,KERN,R-MIN-GEN,Paid,2,2,11317.61,5658.81,60989.13,30494.56,2,0,0,0
2024-03,Mining,NEVADA,R-MIN-GEN,Paid,1,1,8675.26,8675.26,44205.72,44205.72,1,0,0,0
2024-03,Mining,SAN FRANCISCO,R-MIN-GEN,Paid,1,1,11026.88,11026.88,54894.93,54894.93,1,0,0,0
2024-03,Mining,SAN JOAQUIN,R-MIN-GEN,Exception,1,1,0.0,,0.0,,0,0,0,1
2024-03,Mining,SAN JOAQUIN,R-MIN-GEN,Past Due,1,1,4643.93,4643.93,25881.48,25881.48,0,0,1,0
2024-03,Mining,SAN LUIS OBISPO,R-MIN-GEN,Paid,1,1,13644.39,13644.39,66792.69,66792.69,1,0,0,0
2024-03,Mining,SANTA CLARA,R-MIN-GEN,Exception,1,1,0.0,,38162.22,38162.22,0,0,0,1
2024-03,Mining,SANTA CLARA,R-MIN-GEN,Generated,1,1,6328.36,6328.36,33537.99,33537.99,0,1,0,0
2024-03,Mining,SANTA CLARA,R-MIN-GEN,Paid,3,3,16216.04,5405.35,87301.1,29100.37,3,0,0,0
2024-03,Mining,SANTA CLARA,R-MIN-GEN,Past Due,2,2,13779.25,6889.63,72178.37,36089.18,0,0,2,0
2024-03,Mining,SONOMA,R-MIN-GEN,Exception,1,1,0.0,,0.0,,0,0,0,1
2024-03,Mining,SONOMA,R-MIN-GEN,Paid,1,1,5240.88,5240.88,28594.9,28594.9,1,0,0,0
2024-03,Mining,YOLO,R-MIN-GEN,Paid,1,1,4564.97,4564.97,25522.59,25522.59,1,0,0,0
2024-03,Residential,ALAMEDA,R-RES-TOU,Exception,44,44,0.0,,14114.2,504.08,0,0,0,44
2024-03,Residential,ALAMEDA,R-RES-TOU,Generated,77,77,12151.2,157.81,39394.14,511.61,0,77,0,0
2024-03,Residential,ALAMEDA,R-RES-TOU,Paid,260,260,41922.06,161.24,136023.85,523.17,260,0,0,0
2024-03,Residential,ALAMEDA,R-RES-TOU,Past Due,35,35,5364.77,153.28,17488.57,499.67,0,0,35,0
2024-03,Residential,AMADOR,R-RES-TOU,Exception,1,1,0.0,,322.7,322.7,0,0,0,1
2024-03,Residential,AMADOR,R-RES-TOU,Generated,6,6,1070.33,178.39,3505.78,584.3,0,6,0,0
2024-03,Residential,AMADOR,R-RES-TOU,Paid,8,8,1343.22,167.9,4318.53,539.82,8,0,0,0
2024-03,Residential,AMADOR,R-RES-TOU,Past Due,1,1,62.31,62.31,186.32,186.32,0,0,1,0
2024-03,Residential,BUTTE,R-RES-TOU,Exception,5,5,0.0,,1312.7,437.57,0,0,0,5
2024-03,Residential,BUTTE,R-RES-TOU,Generated,8,8,1178.04,147.25,3839.01,479.88,0,8,0,0
2024-03,Residential,BUTTE,R-RES-TOU,Paid,27,27,4185.16,155.01,13635.69,505.03,27,0,0,0
2024-03,Residential,BUTTE,R-RES-TOU,Past Due,7,7,1045.38,149.34,3393.84,484.83,0,0,7,0
2024-03,Residential,CALAVERAS,R-RES-TOU,Exception,1,1,0.0,,219.87,219.87,0,0,0,1
2024-03,Residential,CALAVERAS,R-RES-TOU,Generated,4,4,494.34,123.59,1618.38,404.6,0,4,0,0
2024-03,Residential,CALAVERAS,R-RES-TOU,Paid,9,9,1798.55,199.84,5776.35,641.82,9,0,0,0
2024-03,Residential,CALAVERAS,R-RES-TOU,Past Due,1,1,246.29,246.29,775.81,775.81,0,0,1,0
2024-03,Residential,COLUSA,R-RES-TOU,Exception,1,1,0.0,,369.59,369.59,0,0,0,1
2024-03,Residential,COLUSA,R-RES-TOU,Generated,2,2,391.81,195.91,1271.7,635.85,0,2,0,0
2024-03,Residential,COLUSA,R-RES-TOU,Paid,5,5,739.29,147.86,2441.27,488.25,5,0,0,0
2024-03,Residential,COLUSA,R-RES-TOU,Past Due,2,2,148.43,74.22,460.83,230.42,0,0,2,0
2024-03,Residential,CONTRA COSTA,R-RES-TOU,Exception,40,40,0.0,,12646.54,505.86,0,0,0,40
2024-03,Residential,CONTRA COSTA,R-RES-TOU,Generated,46,46,8440.24,183.48,27115.12,589.46,0,46,0,0
2024-03,Residential,CONTRA COSTA,R-RES-TOU,Paid,184,184,29165.94,158.51,94822.39,515.34,184,0,0,0
2024-03,Residential,CONTRA COSTA,R-RES-TOU,Past Due,20,20,2798.11,139.91,9162.14,458.11,0,0,20,0
2024-03,Residential,EL DORADO,R-RES-TOU,Exception,4,4,0.0,,1202.59,400.86,0,0,0,4
2024-03,Residential,EL DORADO,R-RES-TOU,Generated,7,7,1433.47,204.78,4556.14,650.88,0,7,0,0
2024-03,Residential,EL DORADO,R-RES-TOU,Paid,26,26,3854.56,148.25,12734.28,489.78,26,0,0,0
2024-03,Residential,EL DORADO,R-RES-TOU,Past Due,4,4,781.98,195.5,2472.64,618.16,0,0,4,0
2024-03,Residential,FRESNO,R-RES-TOU,Exception,19,19,0.0,,3899.97,390.0,0,0,0,19
2024-03,Residential,FRESNO,R-RES-TOU,Generated,54,54,8815.58,163.25,28762.91,532.65,0,54,0,0
2024-03,Residential,FRESNO,R-RES-TOU,Paid,181,181,30310.63,167.46,97896.8,540.87,181,0,0,0
2024-03,Residential,FRESNO,R-RES-TOU,Past Due,17,17,3147.99,185.18,10116.96,595.12,0,0,17,0
2024-03,Residential,GLENN,R-RES-TOU,Exception,1,1,0.0,,384.46,384.46,0,0,0,1
2024-03,Residential,GLENN,R-RES-TOU,Generated,2,2,371.65,185.82,1195.45,597.73,0,2,0,0
2024-03,Residential,GLENN,R-RES-TOU,Paid,8,8,1364.68,170.59,4344.13,543.02,8,0,0,0
2024-03,Residential,GLENN,R-RES-TOU,Past Due,3,3,372.47,124.16,1242.47,414.16,0,0,3,0
2024-03,Residential,HUMBOLDT,R-RES-TOU,Generated,3,3,469.1,156.37,1492.02,497.34,0,3,0,0
2024-03,Residential,HUMBOLDT,R-RES-TOU,Paid,19,19,2786.49,146.66,9198.55,484.13,19,0,0,0
2024-03,Residential,HUMBOLDT,R-RES-TOU,Past Due,2,2,230.26,115.13,763.92,381.96,0,0,2,0
2024-03,Residential,KERN,R-RES-TOU,Exception,46,46,0.0,,19381.93,553.77,0,0,0,46
2024-03,Residential,KERN,R-RES-TOU,Generated,108,108,16469.94,152.5,53534.88,495.69,0,108,0,0
2024-03,Residential,KERN,R-RES-TOU,Paid,402,402,61015.91,151.78,199014.21,495.06,402,0,0,0
2024-03,Residential,KERN,R-RES-TOU,Past Due,43,43,7196.93,167.37,23273.97,541.26,0,0,43,0
2024-03,Residential,KINGS,R-RES-TOU,Exception,6,6,0.0,,2484.5,496.9,0,0,0,6
2024-03,Residential,KINGS,R-RES-TOU,Generated,7,7,1285.0,183.57,4162.67,594.67,0,7,0,0
2024-03,Residential,KINGS,R-RES-TOU,Paid,40,40,6398.94,159.97,20714.18,517.85,40,0,0,0
2024-03,Residential,KINGS,R-RES-TOU,Past Due,5,5,711.6,142.32,2348.03,469.61,0,0,5,0
2024-03,Residential,LAKE,R-RES-TOU,Exception,4,4,0.0,,761.17,380.58,0,0,0,4
2024-03,Residential,LAKE,R-RES-TOU,Generated,3,3,574.06,191.35,1869.63,623.21,0,3,0,0
2024-03,Residential,LAKE,R-RES-TOU,Paid,8,8,1186.16,148.27,3927.49,490.94,8,0,0,0
2024-03,Residential,MADERA,R-RES-TOU,Exception,4,4,0.0,,1652.85,413.21,0,0,0,4
2024-03,Residential,MADERA,R-RES-TOU,Generated,8,8,1512.5,189.06,4845.22,605.65,0,8,0,0
2024-03,Residential,MADERA,R-RES-TOU,Paid,33,33,5002.45,151.59,16226.57,491.71,33,0,0,0
2024-03,Residential,MADERA,R-RES-TOU,Past Due,4,4,505.67,126.42,1650.99,412.75,0,0,4,0
2024-03,Residential,MARIN,R-RES-TOU,Exception,3,3,0.0,,666.49,333.25,0,0,0,3
2024-03,Residential,MARIN,R-RES-TOU,Generated,4,4,518.4,129.6,1719.96,429.99,0,4,0,0
2024-03,Residential,MARIN,R-RES-TOU,Paid,38,38,6306.85,165.97,20533.28,540.35,38,0,0,0
2024-03,Residential,MARIN,R-RES-TOU,Past Due,1,1,182.23,182.23,597.85,597.85,0,0,1,0
2024-03,Residential,MARIPOSA,R-RES-TOU,Paid,3,3,449.85,149.95,1489.89,496.63,3,0,0,0
2024-03,Residential,MENDOCINO,R-RES-TOU,Exception,4,4,0.0,,1488.66,496.22,0,0,0,4
2024-03,Residential,MENDOCINO,R-RES-TOU,Generated,6,6,1079.34,179.89,3526.67,587.78,0,6,0,0
2024-03,Residential,MENDOCINO,R-RES-TOU,Paid,9,9,1702.56,189.17,5453.07,605.9,9,0,0,0
2024-03,Residential,MENDOCINO,R-RES-TOU,Past Due,1,1,126.98,126.98,425.85,425.85,0,0,1,0
2024-03,Residential,MERCED,R-RES-TOU,Exception,8,8,0.0,,3191.78,531.96,0,0,0,8
2024-03,Residential,MERCED,R-RES-TOU,Generated,23,23,3925.94,170.69,12700.4,552.19,0,23,0,0
2024-03,Residential,MERCED,R-RES-TOU,Paid,80,80,12038.12,150.48,39218.03,490.23,80,0,0,0
2024-03,Residential,MERCED,R-RES-TOU,Past Due,7,7,1275.13,182.16,4135.38,590.77,0,0,7,0
2024-03,Residential,MONTEREY,R-RES-TOU,Exception,8,8,0.0,,4064.78,508.1,0,0,0,8
2024-03,Residential,MONTEREY,R-RES-TOU,Generated,15,15,2184.24,145.62,7170.66,478.04,0,15,0,0
2024-03,Residential,MONTEREY,R-RES-TOU,Paid,52,52,7625.22,146.64,24873.22,478.33,52,0,0,0
2024-03,Residential,MONTEREY,R-RES-TOU,Past Due,6,6,997.67,166.28,3201.91,533.65,0,0,6,0
2024-03,Residential,NAPA,R-RES-TOU,Exception,4,4,0.0,,1577.19,394.3,0,0,0,4
2024-03,Residential,NAPA,R-RES-TOU,Generated,4,4,750.22,187.56,2436.87,609.22,0,4,0,0
2024-03,Residential,NAPA,R-RES-TOU,Paid,32,32,5263.47,164.48,17116.58,534.89,32,0,0,0
2024-03,Residential,NAPA,R-RES-TOU,Past Due,4,4,571.38,142.84,1889.28,472.32,0,0,4,0
2024-03,Residential,NEVADA,R-RES-TOU,Exception,2,2,0.0,,573.17,286.58,0,0,0,2
2024-03,Residential,NEVADA,R-RES-TOU,Generated,3,3,423.22,141.07,1353.34,451.11,0,3,0,0
2024-03,Residential,NEVADA,R-RES-TOU,Paid,16,16,2442.98,152.69,7888.43,493.03,16,0,0,0
2024-03,Residential,NEVADA,R-RES-TOU,Past Due,2,2,385.1,192.55,1253.06,626.53,0,0,2,0
2024-03,Residential,PLACER,R-RES-TOU,Exception,16,16,0.0,,8083.63,577.4,0,0,0,16
2024-03,Residential,PLACER,R-RES-TOU,Generated,17,17,3246.1,190.95,10322.68,607.22,0,17,0,0
2024-03,Residential,PLACER,R-RES-TOU,Paid,67,67,10068.4,150.27,32916.12,491.29,67,0,0,0
2024-03,Residential,PLACER,R-RES-TOU,Past Due,12,12,2070.37,172.53,6605.94,550.5,0,0,12,0
2024-03,Residential,PLUMAS,R-RES-TOU,Exception,1,1,0.0,,0.0,,0,0,0,1
2024-03,Residential,PLUMAS,R-RES-TOU,Paid,5,5,571.73,114.35,1886.13,377.23,5,0,0,0
2024-03,Residential,SAN FRANCISCO,R-RES-TOU,Exception,12,12,0.0,,4931.77,547.97,0,0,0,12
2024-03,Residential,SAN FRANCISCO,R-RES-TOU,Generated,35,35,5605.74,160.16,18150.99,518.6,0,35,0,0
2024-03,Residential,SAN FRANCISCO,R-RES-TOU,Paid,114,114,18064.85,158.46,58613.78,514.16,114,0,0,0
2024-03,Residential,SAN FRANCISCO,R-RES-TOU,Past Due,16,16,2250.35,140.65,7438.63,464.91,0,0,16,0
2024-03,Residential,SAN JOAQUIN,R-RES-TOU,Exception,18,18,0.0,,5928.97,456.07,0,0,0,18
2024-03,Residential,SAN JOAQUIN,R-RES-TOU,Generated,44,44,7319.86,166.36,23758.93,539.98,0,44,0,0
2024-03,Residential,SAN JOAQUIN,R-RES-TOU,Paid,123,123,18798.47,152.83,61219.35,497.72,123,0,0,0
2024-03,Residential,SAN JOAQUIN,R-RES-TOU,Past Due,8,8,1178.51,147.31,3849.75,481.22,0,0,8,0
2024-03,Residential,SAN LUIS OBISPO,R-RES-TOU,Exception,4,4,0.0,,1696.42,565.47,0,0,0,4
2024-03,Residential,SAN LUIS OBISPO,R-RES-TOU,Generated,11,11,1505.89,136.9,4938.81,448.98,0,11,0,0
2024-03,Residential,SAN LUIS OBISPO,R-RES-TOU,Paid,38,38,5927.73,155.99,19246.53,506.49,38,0,0,0
2024-03,Residential,SAN LUIS OBISPO,R-RES-TOU,Past Due,3,3,532.79,177.6,1742.82,580.94,0,0,3,0
2024-03,Residential,SAN MATEO,R-RES-TOU,Exception,16,16,0.0,,6255.83,481.22,0,0,0,16
2024-03,Residential,SAN MATEO,R-RES-TOU,Generated,23,23,3300.12,143.48,10763.34,467.97,0,23,0,0
2024-03,Residential,SAN MATEO,R-RES-TOU,Paid,97,97,14837.01,152.96,48449.88,499.48,97,0,0,0
2024-03,Residential,SAN MATEO,R-RES-TOU,Past Due,10,10,1511.55,151.16,4947.54,494.75,0,0,10,0
2024-03,Residential,SANTA BARBARA,R-RES-TOU,Exception,7,7,0.0,,3142.38,628.48,0,0,0,7
2024-03,Residential,SANTA BARBARA,R-RES-TOU,Generated,19,19,2690.26,141.59,8823.27,464.38,0,19,0,0
2024-03,Residential,SANTA BARBARA,R-RES-TOU,Paid,52,52,9196.59,176.86,29771.87,572.54,52,0,0,0
2024-03,Residential,SANTA BARBARA,R-RES-TOU,Past Due,9,9,1037.7,115.3,3425.26,380.58,0,0,9,0
2024-03,Residential,SANTA CLARA,R-RES-TOU,Exception,55,55,0.0,,16922.01,497.71,0,0,0,55
2024-03,Residential,SANTA CLARA,R-RES-TOU,Generated,122,122,19895.43,163.08,64480.15,528.53,0,122,0,0
2024-03,Residential,SANTA CLARA,R-RES-TOU,Paid,402,402,62467.05,155.39,203318.06,505.77,402,0,0,0
2024-03,Residential,SANTA CLARA,R-RES-TOU,Past Due,41,41,6797.81,165.8,22251.4,542.72,0,0,41,0
2024-03,Residential,SANTA CRUZ,R-RES-TOU,Exception,4,4,0.0,,857.01,428.5,0,0,0,4
2024-03,Residential,SANTA CRUZ,R-RES-TOU,Generated,4,4,816.67,204.17,2596.53,649.13,0,4,0,0
2024-03,Residential,SANTA CRUZ,R-RES-TOU,Paid,24,24,3835.99,159.83,12561.94,523.41,24,0,0,0
2024-03,Residential,SANTA CRUZ,R-RES-TOU,Past Due,3,3,382.57,127.52,1283.59,427.86,0,0,3,0
2024-03,Residential,SHASTA,R-RES-TOU,Exception,2,2,0.0,,444.62,444.62,0,0,0,2
2024-03,Residential,SHASTA,R-RES-TOU,Generated,6,6,810.52,135.09,2679.56,446.59,0,6,0,0
2024-03,Residential,SHASTA,R-RES-TOU,Paid,27,27,4388.24,162.53,14348.69,531.43,27,0,0,0
2024-03,Residential,SHASTA,R-RES-TOU,Past Due,1,1,124.9,124.9,418.15,418.15,0,0,1,0
2024-03,Residential,SOLANO,R-RES-TOU,Exception,7,7,0.0,,1372.83,457.61,0,0,0,7
2024-03,Residential,SOLANO,R-RES-TOU,Generated,26,26,4283.35,164.74,13782.17,530.08,0,26,0,0
2024-03,Residential,SOLANO,R-RES-TOU,Paid,58,58,9810.79,169.15,31616.62,545.11,58,0,0,0
2024-03,Residential,SOLANO,R-RES-TOU,Past Due,11,11,1880.04,170.91,6022.74,547.52,0,0,11,0
2024-03,Residential,SONOMA,R-RES-TOU,Exception,10,10,0.0,,2581.52,430.25,0,0,0,10
2024-03,Residential,SONOMA,R-RES-TOU,Generated,12,12,1691.39,140.95,5599.77,466.65,0,12,0,0
2024-03,Residential,SONOMA,R-RES-TOU,Paid,55,55,7820.29,142.19,25588.5,465.25,55,0,0,0
2024-03,Residential,SONOMA,R-RES-TOU,Past Due,7,7,963.35,137.62,3208.41,458.34,0,0,7,0
2024-03,Residential,SUTTER,R-RES-TOU,Exception,5,5,0.0,,1626.64,542.21,0,0,0,5
2024-03,Residential,SUTTER,R-RES-TOU,Generated,4,4,788.4,197.1,2430.32,607.58,0,4,0,0
2024-03,Residential,SUTTER,R-RES-TOU,Paid,15,15,2594.23,172.95,8340.12,556.01,15,0,0,0
2024-03,Residential,SUTTER,R-RES-TOU,Past Due,2,2,297.1,148.55,986.33,493.16,0,0,2,0
2024-03,Residential,TUOLUMNE,R-RES-TOU,Exception,2,2,0.0,,471.7,471.7,0,0,0,2
2024-03,Residential,TUOLUMNE,R-RES-TOU,Generated,3,3,343.67,114.56,1110.25,370.08,0,3,0,0
2024-03,Residential,TUOLUMNE,R-RES-TOU,Paid,14,14,2378.4,169.89,7662.84,547.35,14,0,0,0
2024-03,Residential,TUOLUMNE,R-RES-TOU,Past Due,1,1,169.15,169.15,561.54,561.54,0,0,1,0
2024-03,Residential,YOLO,R-RES-TOU,Exception,4,4,0.0,,1788.06,447.01,0,0,0,4
2024-03,Residential,YOLO,R-RES-TOU,Generated,12,12,1609.02,134.09,5215.6,434.63,0,12,0,0
2024-03,Residential,YOLO,R-RES-TOU,Paid,29,29,5040.36,173.81,16257.17,560.59,29,0,0,0
2024-03,Residential,YOLO,R-RES-TOU,Past Due,7,7,1310.97,187.28,4216.6,602.37,0,0,7,0
2024-03,Residential,YUBA,R-RES-TOU,Exception,2,2,0.0,,899.89,899.89,0,0,0,2
2024-03,Residential,YUBA,R-RES-TOU,Generated,5,5,845.42,169.08,2714.77,542.95,0,5,0,0
2024-03,Residential,YUBA,R-RES-TOU,Paid,13,13,2403.49,184.88,7734.95,595.0,13,0,0,0
2024-03,Streetlighting,ALAMEDA,R-STLIGHT,Generated,2,2,1200.22,600.11,5646.13,2823.07,0,2,0,0
2024-03,Streetlighting,ALAMEDA,R-STLIGHT,Paid,3,3,1216.16,405.39,5956.82,1985.61,3,0,0,0
2024-03,Streetlighting,ALAMEDA,R-STLIGHT,Past Due,1,1,350.38,350.38,1738.85,1738.85,0,0,1,0
2024-03,Streetlighting,CONTRA COSTA,R-STLIGHT,Generated,1,1,412.84,412.84,2053.5,2053.5,0,1,0,0
2024-03,Streetlighting,FRESNO,R-STLIGHT,Exception,1,1,0.0,,4930.8,4930.8,0,0,0,1
2024-03,Streetlighting,FRESNO,R-STLIGHT,Paid,1,1,278.84,278.84,1362.34,1362.34,1,0,0,0
2024-03,Streetlighting,KERN,R-STLIGHT,Generated,1,1,691.03,691.03,3212.63,3212.63,0,1,0,0
2024-03,Streetlighting,KERN,R-STLIGHT,Paid,1,1,556.66,556.66,2652.76,2652.76,1,0,0,0
2024-03,Streetlighting,NEVADA,R-STLIGHT,Paid,1,1,684.04,684.04,3183.51,3183.51,1,0,0,0
2024-03,Streetlighting,PLACER,R-STLIGHT,Paid,1,1,553.95,553.95,2641.45,2641.45,1,0,0,0
2024-03,Streetlighting,SAN FRANCISCO,R-STLIGHT,Exception,1,1,0.0,,0.0,,0,0,0,1
2024-03,Streetlighting,SAN JOAQUIN,R-STLIGHT,Exception,1,1,0.0,,6052.72,6052.72,0,0,0,1
2024-03,Streetlighting,SAN JOAQUIN,R-STLIGHT,Paid,2,2,1096.03,548.01,5233.48,2616.74,2,0,0,0
2024-03,Streetlighting,SANTA CLARA,R-STLIGHT,Generated,2,2,1009.36,504.68,4872.34,2436.17,0,2,0,0
2024-03,Streetlighting,SANTA CLARA,R-STLIGHT,Paid,3,3,1930.25,643.42,9042.71,3014.24,3,0,0,0
2024-03,Streetlighting,SOLANO,R-STLIGHT,Paid,2,2,2076.69,1038.35,9319.52,4659.76,2,0,0,0
2024-03,"Transportation, Communications, & Utilities",ALAMEDA,R-TCU-GEN,Generated,2,2,6903.53,3451.76,28908.73,14454.36,0,2,0,0
2024-03,"Transportation, Communications, & Utilities",ALAMEDA,R-TCU-GEN,Paid,4,4,15237.36,3809.34,61025.27,15256.32,4,0,0,0
2024-03,"Transportation, Communications, & Utilities",BUTTE,R-TCU-GEN,Paid,1,1,5089.39,5089.39,20101.36,20101.36,1,0,0,0
2024-03,"Transportation, Communications, & Utilities",BUTTE,R-TCU-GEN,Past Due,1,1,7547.7,7547.7,28578.28,28578.28,0,0,1,0
2024-03,"Transportation, Communications, & Utilities",CONTRA COSTA,R-TCU-GEN,Exception,1,1,0.0,,0.0,,0,0,0,1
2024-03,"Transportation, Communications, & Utilities",CONTRA COSTA,R-TCU-GEN,Paid,5,5,27333.28,5466.66,107011.31,21402.26,5,0,0,0
2024-03,"Transportation, Communications, & Utilities",FRESNO,R-TCU-GEN,Generated,1,1,5133.42,5133.42,20253.17,20253.17,0,1,0,0
2024-03,"Transportation, Communications, & Utilities",FRESNO,R-TCU-GEN,Paid,3,3,9607.2,3202.4,40367.1,13455.7,3,0,0,0
2024-03,"Transportation, Communications, & Utilities",FRESNO,R-TCU-GEN,Past Due,2,2,8778.99,4389.49,35375.81,17687.9,0,0,2,0
2024-03,"Transportation, Communications, & Utilities",KERN,R-TCU-GEN,Generated,1,1,4129.11,4129.11,16790.03,16790.03,0,1,0,0
2024-03,"Transportation, Communications, & Utilities",KERN,R-TCU-GEN,Paid,5,5,23581.76,4716.35,93303.11,18660.62,5,0,0,0
2024-03,"Transportation, Communications, & Utilities",MADERA,R-TCU-GEN,Paid,1,1,2318.05,2318.05,10082.05,10082.05,1,0,0,0
2024-03,"Transportation, Communications, & Utilities",MENDOCINO,R-TCU-GEN,Generated,1,1,3238.12,3238.12,13717.66,13717.66,0,1,0,0
2024-03,"Transportation, Communications, & Utilities",MERCED,R-TCU-GEN,Paid,1,1,3170.89,3170.89,13485.84,13485.84,1,0,0,0
2024-03,"Transportation, Communications, & Utilities",MONTEREY,R-TCU-GEN,Paid,2,2,8797.64,4398.82,35440.14,17720.07,2,0,0,0
2024-03,"Transportation, Communications, & Utilities",PLACER,R-TCU-GEN,Paid,3,3,8783.31,2927.77,37209.82,12403.27,3,0,0,0
2024-03,"Transportation, Communications, & Utilities",SAN FRANCISCO,R-TCU-GEN,Paid,3,3,13649.84,4549.95,54723.59,18241.2,3,0,0,0
2024-03,"Transportation, Communications, & Utilities",SAN JOAQUIN,R-TCU-GEN,Generated,1,1,6186.09,6186.09,23883.07,23883.07,0,1,0,0
2024-03,"Transportation, Communications, & Utilities",SAN JOAQUIN,R-TCU-GEN,Paid,2,2,13312.01,6656.01,50422.44,25211.22,2,0,0,0
2024-03,"Transportation, Communications, & Utilities",SAN LUIS OBISPO,R-TCU-GEN,Paid,1,1,3727.1,3727.1,15403.8,15403.8,1,0,0,0
2024-03,"Transportation, Communications, & Utilities",SAN MATEO,R-TCU-GEN,Exception,1,1,0.0,,18033.57,18033.57,0,0,0,1
2024-03,"Transportation, Communications, & Utilities",SAN MATEO,R-TCU-GEN,Paid,5,5,18726.79,3745.36,77314.42,15462.88,5,0,0,0
2024-03,"Transportation, Communications, & Utilities",SANTA BARBARA,R-TCU-GEN,Generated,1,1,3148.15,3148.15,13407.41,13407.41,0,1,0,0
2024-03,"Transportation, Communications, & Utilities",SANTA BARBARA,R-TCU-GEN,Paid,1,1,2425.51,2425.51,10570.5,10570.5,1,0,0,0
2024-03,"Transportation, Communications, & Utilities",SANTA CLARA,R-TCU-GEN,Exception,2,2,0.0,,32094.09,16047.05,0,0,0,2
2024-03,"Transportation, Communications, & Utilities",SANTA CLARA,R-TCU-GEN,Generated,1,1,4095.62,4095.62,16674.55,16674.55,0,1,0,0
2024-03,"Transportation, Communications, & Utilities",SANTA CLARA,R-TCU-GEN,Paid,13,13,50307.27,3869.79,204542.95,15734.07,13,0,0,0
2024-03,"Transportation, Communications, & Utilities",SANTA CLARA,R-TCU-GEN,Past Due,2,2,6123.48,3061.74,26218.88,13109.44,0,0,2,0
2024-03,"Transportation, Communications, & Utilities",SANTA CRUZ,R-TCU-GEN,Paid,1,1,5931.4,5931.4,23004.83,23004.83,1,0,0,0
2024-03,"Transportation, Communications, & Utilities",SHASTA,R-TCU-GEN,Generated,1,1,5104.68,5104.68,20154.07,20154.07,0,1,0,0
2024-03,"Transportation, Communications, & Utilities",SHASTA,R-TCU-GEN,Paid,1,1,2664.7,2664.7,11657.75,11657.75,1,0,0,0
2024-04,Agriculture And Water Pumping,ALAMEDA,R-AGR-PUMP,Exception,2,2,0.0,,27866.94,13933.47,0,0,0,2
2024-04,Agriculture And Water Pumping,ALAMEDA,R-AGR-PUMP,Generated,2,2,6604.24,3302.12,27600.72,13800.36,0,2,0,0
2024-04,Agriculture And Water Pumping,ALAMEDA,R-AGR-PUMP,Paid,7,7,16049.03,2292.72,71276.89,10182.41,7,0,0,0
2024-04,Agriculture And Water Pumping,ALAMEDA,R-AGR-PUMP,Past Due,3,3,9954.38,3318.13,42256.97,14085.66,0,0,3,0
2024-04,Agriculture And Water Pumping,AMADOR,R-AGR-PUMP,Generated,1,1,1713.74,1713.74,8143.48,8143.48,0,1,0,0
2024-04,Agriculture And Water Pumping,BUTTE,R-AGR-PUMP,Paid,1,1,2237.9,2237.9,10084.82,10084.82,1,0,0,0
2024-04,Agriculture And Water Pumping,CONTRA COSTA,R-AGR-PUMP,Exception,2,2,0.0,,10683.68,10683.68,0,0,0,2
2024-04,Agriculture And Water Pumping,CONTRA COSTA,R-AGR-PUMP,Generated,4,4,9004.6,2251.15,39851.17,9962.79,0,4,0,0
2024-04,Agriculture And Water Pumping,CONTRA COSTA,R-AGR-PUMP,Paid,7,7,13413.11,1916.16,62026.1,8860.87,7,0,0,0
2024-04,Agriculture And Water Pumping,CONTRA COSTA,R-AGR-PUMP,Past Due,1,1,5779.25,5779.25,23200.93,23200.93,0,0,1,0
2024-04,Agriculture And Water Pumping,EL DORADO,R-AGR-PUMP,Paid,2,2,3040.94,1520.47,14079.41,7039.7,2,0,0,0
2024-04,Agriculture And Water Pumping,FRESNO,R-AGR-PUMP,Generated,2,2,4110.04,2055.02,18794.71,9397.35,0,2,0,0
2024-04,Agriculture And Water Pumping,FRESNO,R-AGR-PUMP,Paid,7,7,14765.54,2109.36,66232.42,9461.77,7,0,0,0
2024-04,Agriculture And Water Pumping,FRESNO,R-AGR-PUMP,Past Due,1,1,1487.6,1487.6,7063.01,7063.01,0,0,1,0
2024-04,Agriculture And Water Pumping,KERN,R-AGR-PUMP,Exception,3,3,0.0,,20714.86,10357.43,0,0,0,3
2024-04,Agriculture And Water Pumping,KERN,R-AGR-PUMP,Generated,2,2,3188.54,1594.27,14909.41,7454.7,0,2,0,0
2024-04,Agriculture And Water Pumping,KERN,R-AGR-PUMP,Paid,8,8,24447.28,3055.91,104805.43,13100.68,8,0,0,0
2024-04,Agriculture And Water Pumping,KERN,R-AGR-PUMP,Past Due,1,1,2090.4,2090.4,9538.5,9538.5,0,0,1,0
2024-04,Agriculture And Water Pumping,KINGS,R-AGR-PUMP,Exception,2,2,0.0,,14943.52,14943.52,0,0,0,2
2024-04,Agriculture And Water Pumping,MERCED,R-AGR-PUMP,Paid,5,5,8391.59,1678.32,38650.05,7730.01,5,0,0,0
2024-04,Agriculture And Water Pumping,MONTEREY,R-AGR-PUMP,Paid,4,4,10926.56,2731.64,47635.78,11908.94,4,0,0,0
2024-04,Agriculture And Water Pumping,NEVADA,R-AGR-PUMP,Paid,1,1,4221.27,4221.27,17430.63,17430.63,1,0,0,0
2024-04,Agriculture And Water Pumping,PLACER,R-AGR-PUMP,Exception,1,1,0.0,,0.0,,0,0,0,1
2024-04,Agriculture And Water Pumping,PLACER,R-AGR-PUMP,Paid,4,4,7427.89,1856.97,34200.53,8550.13,4,0,0,0
2024-04,Agriculture And Water Pumping,SAN FRANCISCO,R-AGR-PUMP,Generated,1,1,4930.13,4930.13,20056.03,20056.03,0,1,0,0
2024-04,Agriculture And Water Pumping,SAN FRANCISCO,R-AGR-PUMP,Paid,8,8,25255.76,3156.97,107206.02,13400.75,8,0,0,0
2024-04,Agriculture And Water Pumping,SAN FRANCISCO,R-AGR-PUMP,Past Due,2,2,4254.49,2127.24,19349.97,9674.99,0,0,2,0
2024-04,Agriculture And Water Pumping,SAN JOAQUIN,R-AGR-PUMP,Exception,1,1,0.0,,0.0,,0,0,0,1
2024-04,Agriculture And Water Pumping,SAN JOAQUIN,R-AGR-PUMP,Generated,2,2,7934.9,3967.45,32981.11,16490.56,0,2,0,0
2024-04,Agriculture And Water Pumping,SAN JOAQUIN,R-AGR-PUMP,Paid,7,7,19701.37,2814.48,85285.04,12183.58,7,0,0,0
2024-04,Agriculture And Water Pumping,SAN LUIS OBISPO,R-AGR-PUMP,Paid,1,1,2343.54,2343.54,10476.07,10476.07,1,0,0,0
2024-04,Agriculture And Water Pumping,SAN MATEO,R-AGR-PUMP,Generated,1,1,1934.53,1934.53,8961.24,8961.24,0,1,0,0
2024-04,Agriculture And Water Pumping,SAN MATEO,R-AGR-PUMP,Paid,4,4,9974.53,2493.63,44120.63,11030.16,4,0,0,0
2024-04,Agriculture And Water Pumping,SAN MATEO,R-AGR-PUMP,Past Due,1,1,2847.68,2847.68,12343.26,12343.26,0,0,1,0
2024-04,Agriculture And Water Pumping,SANTA BARBARA,R-AGR-PUMP,Generated,1,1,5079.2,5079.2,20608.13,20608.13,0,1,0,0
2024-04,Agriculture And Water Pumping,SANTA BARBARA,R-AGR-PUMP,Paid,1,1,727.85,727.85,3264.24,3264.24,1,0,0,0
2024-04,Agriculture And Water Pumping,SANTA CLARA,R-AGR-PUMP,Exception,1,1,0.0,,0.0,,0,0,0,1
2024-04,Agriculture And Water Pumping,SANTA CLARA,R-AGR-PUMP,Generated,5,5,8596.9,1719.38,39201.12,7840.22,0,5,0,0
2024-04,Agriculture And Water Pumping,SANTA CLARA,R-AGR-PUMP,Paid,12,12,32840.58,2736.72,142362.82,11863.57,12,0,0,0
2024-04,Agriculture And Water Pumping,SANTA CLARA,R-AGR-PUMP,Past Due,3,3,6831.44,2277.15,30414.23,10138.08,0,0,3,0
2024-04,Agriculture And Water Pumping,SANTA CRUZ,R-AGR-PUMP,Paid,2,2,5267.07,2633.53,23100.25,11550.13,2,0,0,0
2024-04,Agriculture And Water Pumping,SHASTA,R-AGR-PUMP,Paid,1,1,2443.98,2443.98,10848.06,10848.06,1,0,0,0
2024-04,Agriculture And Water Pumping,SOLANO,R-AGR-PUMP,Exception,1,1,0.0,,0.0,,0,0,0,1
2024-04,Agriculture And Water Pumping,SOLANO,R-AGR-PUMP,Paid,2,2,4406.26,2203.13,19912.06,9956.03,2,0,0,0
2024-04,Agriculture And Water Pumping,SOLANO,R-AGR-PUMP,Past Due,1,1,1518.42,1518.42,7217.11,7217.11,0,0,1,0
2024-04,Agriculture And Water Pumping,SUTTER,R-AGR-PUMP,Paid,1,1,1616.98,1616.98,7709.89,7709.89,1,0,0,0
2024-04,Agriculture And Water Pumping,TUOLUMNE,R-AGR-PUMP,Paid,2,2,4387.47,2193.74,19832.95,9916.48,2,0,0,0
2024-04,Agriculture And Water Pumping,YOLO,R-AGR-PUMP,Generated,1,1,1675.91,1675.91,8003.36,8003.36,0,1,0,0
2024-04,Agriculture And Water Pumping,YOLO,R-AGR-PUMP,Paid,2,2,5178.46,2589.23,22676.47,11338.24,2,0,0,0
2024-04,Commercial,ALAMEDA,R-COM-GEN,Exception,8,8,0.0,,22961.15,4592.23,0,0,0,8
2024-04,Commercial,ALAMEDA,R-COM-GEN,Generated,12,12,12291.26,1024.27,46095.28,3841.27,0,12,0,0
2024-04,Commercial,ALAMEDA,R-COM-GEN,Paid,41,41,52226.84,1273.83,190345.8,4642.58,41,0,0,0
2024-04,Commercial,ALAMEDA,R-COM-GEN,Past Due,7,7,6314.3,902.04,23933.07,3419.01,0,0,7,0
2024-04,Commercial,AMADOR,R-COM-GEN,Generated,1,1,1556.76,1556.76,5586.33,5586.33,0,1,0,0
2024-04,Commercial,AMADOR,R-COM-GEN,Paid,2,2,1501.84,750.92,5824.69,2912.35,2,0,0,0
2024-04,Commercial,BUTTE,R-COM-GEN,Generated,3,3,3241.21,1080.4,11962.72,3987.57,0,3,0,0
2024-04,Commercial,BUTTE,R-COM-GEN,Paid,8,8,9443.29,1180.41,34800.76,4350.1,8,0,0,0
2024-04,Commercial,BUTTE,R-COM-GEN,Past Due,1,1,1552.79,1552.79,5573.53,5573.53,0,0,1,0
2024-04,Commercial,CALAVERAS,R-COM-GEN,Paid,2,2,1740.78,870.39,6536.03,3268.01,2,0,0,0
2024-04,Commercial,CALAVERAS,R-COM-GEN,Past Due,1,1,1172.12,1172.12,4345.54,4345.54,0,0,1,0
2024-04,Commercial,COLUSA,R-COM-GEN,Past Due,1,1,1263.47,1263.47,4640.22,4640.22,0,0,1,0
2024-04,Commercial,CONTRA COSTA,R-COM-GEN,Exception,5,5,0.0,,9264.7,4632.35,0,0,0,5
2024-04,Commercial,CONTRA COSTA,R-COM-GEN,Generated,4,4,3569.61,892.4,13690.37,3422.59,0,4,0,0
2024-04,Commercial,CONTRA COSTA,R-COM-GEN,Paid,36,36,39972.11,1110.34,148392.25,4122.01,36,0,0,0
2024-04,Commercial,CONTRA COSTA,R-COM-GEN,Past Due,3,3,3825.0,1275.0,13874.57,4624.86,0,0,3,0
2024-04,Commercial,EL DORADO,R-COM-GEN,Generated,2,2,3214.31,1607.15,11497.77,5748.89,0,2,0,0
2024-04,Commercial,EL DORADO,R-COM-GEN,Paid,3,3,2856.76,952.25,10791.25,3597.08,3,0,0,0
2024-04,Commercial,EL DORADO,R-COM-GEN,Past Due,2,2,1875.19,937.6,7178.04,3589.02,0,0,2,0
2024-04,Commercial,FRESNO,R-COM-GEN,Exception,1,1,0.0,,0.0,,0,0,0,1
2024-04,Commercial,FRESNO,R-COM-GEN,Generated,9,9,10433.15,1159.24,38634.03,4292.67,0,9,0,0
2024-04,Commercial,FRESNO,R-COM-GEN,Paid,30,30,27813.46,927.12,105335.5,3511.18,30,0,0,0
2024-04,Commercial,FRESNO,R-COM-GEN,Past Due,5,5,4743.49,948.7,17896.61,3579.32,0,0,5,0
2024-04,Commercial,GLENN,R-COM-GEN,Exception,1,1,0.0,,4912.29,4912.29,0,0,0,1
2024-04,Commercial,GLENN,R-COM-GEN,Paid,2,2,1540.62,770.31,6098.76,3049.38,2,0,0,0
2024-04,Commercial,GLENN,R-COM-GEN,Past Due,1,1,1269.24,1269.24,4658.84,4658.84,0,0,1,0
2024-04,Commercial,HUMBOLDT,R-COM-GEN,Exception,1,1,0.0,,5224.62,5224.62,0,0,0,1
2024-04,Commercial,HUMBOLDT,R-COM-GEN,Generated,1,1,876.64,876.64,3392.4,3392.4,0,1,0,0
2024-04,Commercial,HUMBOLDT,R-COM-GEN,Paid,3,3,3216.61,1072.2,12069.71,4023.24,3,0,0,0
2024-04,Commercial,KERN,R-COM-GEN,Exception,4,4,0.0,,8205.44,4102.72,0,0,0,4
2024-04,Commercial,KERN,R-COM-GEN,Generated,19,19,22423.82,1180.2,82897.25,4363.01,0,19,0,0
2024-04,Commercial,KERN,R-COM-GEN,Paid,55,55,55477.21,1008.68,207539.8,3773.45,55,0,0,0
2024-04,Commercial,KERN,R-COM-GEN,Past Due,5,5,4648.86,929.77,17624.49,3524.9,0,0,5,0
2024-04,Commercial,KINGS,R-COM-GEN,Paid,7,7,7621.58,1088.8,28522.93,4074.7,7,0,0,0
2024-04,Commercial,LAKE,R-COM-GEN,Paid,1,1,519.92,519.92,2020.5,2020.5,1,0,0,0
2024-04,Commercial,MADERA,R-COM-GEN,Exception,2,2,0.0,,5080.37,2540.19,0,0,0,2
2024-04,Commercial,MADERA,R-COM-GEN,Generated,1,1,849.54,849.54,3304.98,3304.98,0,1,0,0
2024-04,Commercial,MADERA,R-COM-GEN,Paid,5,5,4711.03,942.21,17787.02,3557.4,5,0,0,0
2024-04,Commercial,MADERA,R-COM-GEN,Past Due,1,1,511.24,511.24,1984.35,1984.35,0,0,1,0
2024-04,Commercial,MARIN,R-COM-GEN,Generated,1,1,608.58,608.58,2389.9,2389.9,0,1,0,0
2024-04,Commercial,MARIN,R-COM-GEN,Paid,2,2,1582.31,791.15,5917.42,2958.71,2,0,0,0
2024-04,Commercial,MARIN,R-COM-GEN,Past Due,2,2,3166.84,1583.42,11344.63,5672.32,0,0,2,0
2024-04,Commercial,MARIPOSA,R-COM-GEN,Generated,1,1,703.11,703.11,2783.8,2783.8,0,1,0,0
2024-04,Commercial,MENDOCINO,R-COM-GEN,Exception,2,2,0.0,,0.0,,0,0,0,2
2024-04,Commercial,MENDOCINO,R-COM-GEN,Generated,1,1,1063.76,1063.76,3996.01,3996.01,0,1,0,0
2024-04,Commercial,MENDOCINO,R-COM-GEN,Paid,1,1,858.91,858.91,3335.18,3335.18,1,0,0,0
2024-04,Commercial,MERCED,R-COM-GEN,Exception,2,2,0.0,,2323.93,2323.93,0,0,0,2
2024-04,Commercial,MERCED,R-COM-GEN,Paid,15,15,15046.03,1003.07,56504.87,3766.99,15,0,0,0
2024-04,Commercial,MERCED,R-COM-GEN,Past Due,1,1,951.23,951.23,3632.99,3632.99,0,0,1,0
2024-04,Commercial,MONTEREY,R-COM-GEN,Generated,2,2,2020.63,1010.32,7636.85,3818.43,0,2,0,0
2024-04,Commercial,MONTEREY,R-COM-GEN,Paid,13,13,12351.33,950.1,46119.63,3547.66,13,0,0,0
2024-04,Commercial,MONTEREY,R-COM-GEN,Past Due,1,1,694.9,694.9,2749.57,2749.57,0,0,1,0
2024-04,Commercial,NAPA,R-COM-GEN,Generated,2,2,2618.84,1309.42,9576.93,4788.47,0,2,0,0
2024-04,Commercial,NAPA,R-COM-GEN,Paid,3,3,4034.63,1344.88,14708.5,4902.83,3,0,0,0
2024-04,Commercial,NEVADA,R-COM-GEN,Exception,1,1,0.0,,5978.6,5978.6,0,0,0,1
2024-04,Commercial,NEVADA,R-COM-GEN,Paid,4,4,3403.25,850.81,12913.32,3228.33,4,0,0,0
2024-04,Commercial,NEVADA,R-COM-GEN,Past Due,2,2,1886.59,943.3,7195.18,3597.59,0,0,2,0
2024-04,Commercial,PLACER,R-COM-GEN,Exception,3,3,0.0,,6342.97,3171.49,0,0,0,3
2024-04,Commercial,PLACER,R-COM-GEN,Paid,18,18,20227.8,1123.77,74419.73,4134.43,18,0,0,0
2024-04,Commercial,PLUMAS,R-COM-GEN,Generated,2,2,2284.77,1142.38,8499.27,4249.64,0,2,0,0
2024-04,Commercial,PLUMAS,R-COM-GEN,Paid,1,1,1698.65,1698.65,6044.02,6044.02,1,0,0,0
2024-04,Commercial,PLUMAS,R-COM-GEN,Past Due,1,1,1141.1,1141.1,4245.48,4245.48,0,0,1,0
2024-04,Commercial,SAN FRANCISCO,R-COM-GEN,Generated,3,3,2413.53,804.51,9209.68,3069.89,0,3,0,0
2024-04,Commercial,SAN FRANCISCO,R-COM-GEN,Paid,25,25,25918.97,1036.76,96964.54,3878.58,25,0,0,0
2024-04,Commercial,SAN FRANCISCO,R-COM-GEN,Past Due,6,6,6492.24,1082.04,23937.66,3989.61,0,0,6,0
2024-04,Commercial,SAN JOAQUIN,R-COM-GEN,Exception,3,3,0.0,,0.0,,0,0,0,3
2024-04,Commercial,SAN JOAQUIN,R-COM-GEN,Generated,6,6,7198.63,1199.77,26364.89,4394.15,0,6,0,0
2024-04,Commercial,SAN JOAQUIN,R-COM-GEN,Paid,22,22,21814.59,991.57,82360.01,3743.64,22,0,0,0
2024-04,Commercial,SAN JOAQUIN,R-COM-GEN,Past Due,4,4,4177.47,1044.37,15695.48,3923.87,0,0,4,0
2024-04,Commercial,SAN LUIS OBISPO,R-COM-GEN,Generated,2,2,1629.52,814.76,6205.68,3102.84,0,2,0,0
2024-04,Commercial,SAN LUIS OBISPO,R-COM-GEN,Paid,8,8,8691.06,1086.38,32224.21,4028.03,8,0,0,0
2024-04,Commercial,SAN LUIS OBISPO,R-COM-GEN,Past Due,2,2,1235.72,617.86,4798.03,2399.01,0,0,2,0
2024-04,Commercial,SAN MATEO,R-COM-GEN,Exception,2,2,0.0,,0.0,,0,0,0,2
2024-04,Commercial,SAN MATEO,R-COM-GEN,Generated,6,6,5530.99,921.83,20876.31,3479.38,0,6,0,0
2024-04,Commercial,SAN MATEO,R-COM-GEN,Paid,13,13,13811.81,1062.45,51325.4,3948.11,13,0,0,0
2024-04,Commercial,SAN MATEO,R-COM-GEN,Past Due,3,3,3485.58,1161.86,12832.76,4277.59,0,0,3,0
2024-04,Commercial,SANTA BARBARA,R-COM-GEN,Exception,3,3,0.0,,3245.52,3245.52,0,0,0,3
2024-04,Commercial,SANTA BARBARA,R-COM-GEN,Generated,3,3,2434.99,811.66,9209.63,3069.88,0,3,0,0
2024-04,Commercial,SANTA BARBARA,R-COM-GEN,Paid,6,6,6602.66,1100.44,24549.02,4091.5,6,0,0,0
2024-04,Commercial,SANTA BARBARA,R-COM-GEN,Past Due,1,1,825.65,825.65,3227.9,3227.9,0,0,1,0
2024-04,Commercial,SANTA CLARA,R-COM-GEN,Exception,9,9,0.0,,20554.73,3425.79,0,0,0,9
2024-04,Commercial,SANTA CLARA,R-COM-GEN,Generated,20,20,19008.26,950.41,71825.58,3591.28,0,20,0,0
2024-04,Commercial,SANTA CLARA,R-COM-GEN,Paid,56,56,58133.74,1038.1,217957.31,3892.09,56,0,0,0
2024-04,Commercial,SANTA CLARA,R-COM-GEN,Past Due,8,8,9097.46,1137.18,33789.2,4223.65,0,0,8,0
2024-04,Commercial,SANTA CRUZ,R-COM-GEN,Generated,1,1,645.89,645.89,2545.36,2545.36,0,1,0,0
2024-04,Commercial,SANTA CRUZ,R-COM-GEN,Paid,3,3,3570.61,1190.2,13211.65,4403.88,3,0,0,0
2024-04,Commercial,SHASTA,R-COM-GEN,Generated,3,3,3338.75,1112.92,12396.37,4132.12,0,3,0,0
2024-04,Commercial,SHASTA,R-COM-GEN,Paid,5,5,4747.37,949.47,17877.15,3575.43,5,0,0,0
2024-04,Commercial,SHASTA,R-COM-GEN,Past Due,1,1,732.34,732.34,2905.58,2905.58,0,0,1,0
2024-04,Commercial,SOLANO,R-COM-GEN,Exception,1,1,0.0,,4737.04,4737.04,0,0,0,1
2024-04,Commercial,SOLANO,R-COM-GEN,Generated,4,4,4568.92,1142.23,16914.88,4228.72,0,4,0,0
2024-04,Commercial,SOLANO,R-COM-GEN,Paid,5,5,5696.58,1139.32,20806.31,4161.26,5,0,0,0
2024-04,Commercial,SOLANO,R-COM-GEN,Past Due,1,1,783.04,783.04,3090.44,3090.44,0,0,1,0
2024-04,Commercial,SONOMA,R-COM-GEN,Paid,13,13,12002.2,923.25,45414.82,3493.45,13,0,0,0
2024-04,Commercial,SUTTER,R-COM-GEN,Paid,5,5,4715.12,943.02,17792.89,3558.58,5,0,0,0
2024-04,Commercial,SUTTER,R-COM-GEN,Past Due,1,1,693.46,693.46,2743.57,2743.57,0,0,1,0
2024-04,Commercial,TUOLUMNE,R-COM-GEN,Exception,1,1,0.0,,7759.84,7759.84,0,0,0,1
2024-04,Commercial,TUOLUMNE,R-COM-GEN,Generated,3,3,3981.22,1327.07,14536.2,4845.4,0,3,0,0
2024-04,Commercial,TUOLUMNE,R-COM-GEN,Paid,2,2,3013.66,1506.83,10850.51,5425.26,2,0,0,0
2024-04,Commercial,YOLO,R-COM-GEN,Generated,4,4,3945.96,986.49,14865.24,3716.31,0,4,0,0
2024-04,Commercial,YOLO,R-COM-GEN,Paid,5,5,7581.06,1516.21,27240.83,5448.17,5,0,0,0
2024-04,Commercial,YUBA,R-COM-GEN,Exception,1,1,0.0,,2677.31,2677.31,0,0,0,1
2024-04,Commercial,YUBA,R-COM-GEN,Paid,2,2,1876.02,938.01,6963.51,3481.76,2,0,0,0
2024-04,Industrial,ALAMEDA,R-IND-GEN,Exception,1,1,0.0,,40115.59,40115.59,0,0,0,1
2024-04,Industrial,ALAMEDA,R-IND-GEN,Generated,2,2,21119.84,10559.92,100916.01,50458.0,0,2,0,0
2024-04,Industrial,ALAMEDA,R-IND-GEN,Paid,11,11,113906.27,10355.12,543832.99,49439.36,11,0,0,0
2024-04,Industrial,BUTTE,R-IND-GEN,Past Due,1,1,12429.16,12429.16,58246.52,58246.52,0,0,1,0
2024-04,Industrial,CALAVERAS,R-IND-GEN,Exception,1,1,0.0,,23287.9,23287.9,0,0,0,1
2024-04,Industrial,CONTRA COSTA,R-IND-GEN,Generated,1,1,7507.29,7507.29,37738.71,37738.71,0,1,0,0
2024-04,Industrial,CONTRA COSTA,R-IND-GEN,Paid,4,4,23682.69,5920.67,121190.69,30297.67,4,0,0,0
2024-04,Industrial,CONTRA COSTA,R-IND-GEN,Past Due,1,1,7991.48,7991.48,39756.18,39756.18,0,0,1,0
2024-04,Industrial,EL DORADO,R-IND-GEN,Paid,1,1,7329.48,7329.48,36997.83,36997.83,1,0,0,0
2024-04,Industrial,FRESNO,R-IND-GEN,Exception,2,2,0.0,,91064.19,45532.1,0,0,0,2
2024-04,Industrial,FRESNO,R-IND-GEN,Generated,1,1,6374.77,6374.77,33019.88,33019.88,0,1,0,0
2024-04,Industrial,FRESNO,R-IND-GEN,Paid,6,6,47563.07,7927.18,234648.01,39108.0,6,0,0,0
2024-04,Industrial,HUMBOLDT,R-IND-GEN,Exception,1,1,0.0,,26839.34,26839.34,0,0,0,1
2024-04,Industrial,HUMBOLDT,R-IND-GEN,Past Due,1,1,8578.88,8578.88,42203.67,42203.67,0,0,1,0
2024-04,Industrial,KERN,R-IND-GEN,Exception,3,3,0.0,,127750.66,42583.55,0,0,0,3
2024-04,Industrial,KERN,R-IND-GEN,Generated,2,2,13215.7,6607.85,67641.3,33820.65,0,2,0,0
2024-04,Industrial,KERN,R-IND-GEN,Paid,15,15,111253.93,7416.93,549718.35,36647.89,15,0,0,0
2024-04,Industrial,KERN,R-IND-GEN,Past Due,1,1,4072.33,4072.33,21235.18,21235.18,0,0,1,0
2024-04,Industrial,KINGS,R-IND-GEN,Paid,3,3,15280.91,5093.64,80727.28,26909.09,3,0,0,0
2024-04,Industrial,LAKE,R-IND-GEN,Generated,1,1,8451.8,8451.8,41674.17,41674.17,0,1,0,0
2024-04,Industrial,MADERA,R-IND-GEN,Paid,1,1,4689.49,4689.49,24663.85,24663.85,1,0,0,0
2024-04,Industrial,MARIN,R-IND-GEN,Paid,2,2,23241.47,11620.74,109756.13,54878.07,2,0,0,0
2024-04,Industrial,MERCED,R-IND-GEN,Paid,1,1,5732.06,5732.06,30341.91,30341.91,1,0,0,0
2024-04,Industrial,MONTEREY,R-IND-GEN,Paid,1,1,7176.51,7176.51,36360.47,36360.47,1,0,0,0
2024-04,Industrial,NEVADA,R-IND-GEN,Paid,1,1,6440.47,6440.47,33293.64,33293.64,1,0,0,0
2024-04,Industrial,PLACER,R-IND-GEN,Generated,2,2,14438.83,7219.41,72297.61,36148.81,0,2,0,0
2024-04,Industrial,PLACER,R-IND-GEN,Paid,3,3,26882.67,8960.89,131386.16,43795.39,3,0,0,0
2024-04,Industrial,PLUMAS,R-IND-GEN,Paid,1,1,5747.72,5747.72,30407.17,30407.17,1,0,0,0
2024-04,Industrial,SAN FRANCISCO,R-IND-GEN,Exception,1,1,0.0,,56594.41,56594.41,0,0,0,1
2024-04,Industrial,SAN FRANCISCO,R-IND-GEN,Paid,1,1,6632.64,6632.64,34094.33,34094.33,1,0,0,0
2024-04,Industrial,SAN JOAQUIN,R-IND-GEN,Exception,1,1,0.0,,22958.08,22958.08,0,0,0,1
2024-04,Industrial,SAN JOAQUIN,R-IND-GEN,Generated,2,2,13212.47,6606.24,66517.17,33258.58,0,2,0,0
2024-04,Industrial,SAN JOAQUIN,R-IND-GEN,Paid,4,4,26608.6,6652.15,135906.25,33976.56,4,0,0,0
2024-04,Industrial,SAN LUIS OBISPO,R-IND-GEN,Paid,3,3,26135.69,8711.9,128273.7,42757.9,3,0,0,0
2024-04,Industrial,SAN MATEO,R-IND-GEN,Generated,1,1,13313.98,13313.98,61933.26,61933.26,0,1,0,0
2024-04,Industrial,SAN MATEO,R-IND-GEN,Paid,4,4,39111.74,9777.93,188798.91,47199.73,4,0,0,0
2024-04,Industrial,SAN MATEO,R-IND-GEN,Past Due,1,1,8371.53,8371.53,41339.72,41339.72,0,0,1,0
2024-04,Industrial,SANTA BARBARA,R-IND-GEN,Generated,3,3,18106.89,6035.63,92411.95,30803.98,0,3,0,0
2024-04,Industrial,SANTA BARBARA,R-IND-GEN,Paid,1,1,11220.72,11220.72,53211.34,53211.34,1,0,0,0
2024-04,Industrial,SANTA CLARA,R-IND-GEN,Exception,1,1,0.0,,47561.49,47561.49,0,0,0,1
2024-04,Industrial,SANTA CLARA,R-IND-GEN,Generated,6,6,67789.0,11298.17,319269.5,53211.58,0,6,0,0
2024-04,Industrial,SANTA CLARA,R-IND-GEN,Paid,11,11,84687.2,7698.84,422475.63,38406.88,11,0,0,0
2024-04,Industrial,SANTA CLARA,R-IND-GEN,Past Due,1,1,14075.71,14075.71,65107.13,65107.13,0,0,1,0
2024-04,Industrial,SHASTA,R-IND-GEN,Exception,1,1,0.0,,0.0,,0,0,0,1
2024-04,Industrial,SHASTA,R-IND-GEN,Generated,1,1,5258.32,5258.32,27823.99,27823.99,0,1,0,0
2024-04,Industrial,SHASTA,R-IND-GEN,Paid,1,1,5198.84,5198.84,27493.56,27493.56,1,0,0,0
2024-04,Industrial,SOLANO,R-IND-GEN,Exception,1,1,0.0,,33190.72,33190.72,0,0,0,1
2024-04,Industrial,SOLANO,R-IND-GEN,Paid,1,1,5702.09,5702.09,30217.05,30217.05,1,0,0,0
2024-04,Industrial,SONOMA,R-IND-GEN,Generated,1,1,7035.48,7035.48,35772.83,35772.83,0,1,0,0
2024-04,Industrial,SONOMA,R-IND-GEN,Paid,1,1,4429.1,4429.1,23217.2,23217.2,1,0,0,0
2024-04,Industrial,YOLO,R-IND-GEN,Generated,2,2,13448.19,6724.1,67154.8,33577.4,0,2,0,0
2024-04,Industrial,YOLO,R-IND-GEN,Paid,2,2,32850.5,16425.25,149793.77,74896.89,2,0,0,0
2024-04,Mining,ALAMEDA,R-MIN-GEN,Paid,1,1,2135.13,2135.13,11383.13,11383.13,1,0,0,0
2024-04,Mining,CONTRA COSTA,R-MIN-GEN,Paid,2,2,9354.14,4677.07,51991.84,25995.92,2,0,0,0
2024-04,Mining,FRESNO,R-MIN-GEN,Exception,1,1,0.0,,43590.35,43590.35,0,0,0,1
2024-04,Mining,FRESNO,R-MIN-GEN,Paid,2,2,14134.69,7067.34,73794.03,36897.01,2,0,0,0
2024-04,Mining,KERN,R-MIN-GEN,Generated,1,1,4890.31,4890.31,27001.4,27001.4,0,1,0,0
2024-04,Mining,KERN,R-MIN-GEN,Paid,3,3,17518.13,5839.38,93276.42,31092.14,3,0,0,0
2024-04,Mining,NEVADA,R-MIN-GEN,Paid,1,1,7848.8,7848.8,40449.1,40449.1,1,0,0,0
2024-04,Mining,SAN FRANCISCO,R-MIN-GEN,Paid,1,1,7038.88,7038.88,36767.62,36767.62,1,0,0,0
2024-04,Mining,SAN JOAQUIN,R-MIN-GEN,Paid,2,2,16812.43,8406.22,85965.62,42982.81,2,0,0,0
2024-04,Mining,SAN LUIS OBISPO,R-MIN-GEN,Paid,1,1,9624.81,9624.81,48521.86,48521.86,1,0,0,0
2024-04,Mining,SANTA CLARA,R-MIN-GEN,Exception,1,1,0.0,,43359.0,43359.0,0,0,0,1
2024-04,Mining,SANTA CLARA,R-MIN-GEN,Paid,4,4,22532.55,5633.14,121511.6,30377.9,4,0,0,0
2024-04,Mining,SANTA CLARA,R-MIN-GEN,Past Due,2,2,12156.48,6078.24,64007.32,32003.66,0,0,2,0
2024-04,Mining,SONOMA,R-MIN-GEN,Paid,1,1,5047.89,5047.89,27717.69,27717.69,1,0,0,0
2024-04,Mining,SONOMA,R-MIN-GEN,Past Due,1,1,6625.89,6625.89,34890.43,34890.43,0,0,1,0
2024-04,Mining,YOLO,R-MIN-GEN,Exception,1,1,0.0,,0.0,,0,0,0,1
2024-04,Residential,ALAMEDA,R-RES-TOU,Exception,40,40,0.0,,13261.67,473.63,0,0,0,40
2024-04,Residential,ALAMEDA,R-RES-TOU,Generated,81,81,12408.96,153.2,40446.95,499.35,0,81,0,0
2024-04,Residential,ALAMEDA,R-RES-TOU,Paid,254,254,39052.06,153.75,126801.92,499.22,254,0,0,0
2024-04,Residential,ALAMEDA,R-RES-TOU,Past Due,41,41,5921.42,144.42,19235.37,469.16,0,0,41,0
2024-04,Residential,AMADOR,R-RES-TOU,Exception,1,1,0.0,,379.68,379.68,0,0,0,1
2024-04,Residential,AMADOR,R-RES-TOU,Generated,1,1,146.5,146.5,498.15,498.15,0,1,0,0
2024-04,Residential,AMADOR,R-RES-TOU,Paid,12,12,1933.23,161.1,6197.31,516.44,12,0,0,0
2024-04,Residential,AMADOR,R-RES-TOU,Past Due,2,2,311.94,155.97,1032.29,516.14,0,0,2,0
2024-04,Residential,BUTTE,R-RES-TOU,Exception,3,3,0.0,,1160.18,386.73,0,0,0,3
2024-04,Residential,BUTTE,R-RES-TOU,Generated,12,12,1599.09,133.26,5262.14,438.51,0,12,0,0
2024-04,Residential,BUTTE,R-RES-TOU,Paid,29,29,4224.95,145.69,13711.06,472.8,29,0,0,0
2024-04,Residential,BUTTE,R-RES-TOU,Past Due,3,3,480.57,160.19,1579.46,526.49,0,0,3,0
2024-04,Residential,CALAVERAS,R-RES-TOU,Exception,2,2,0.0,,257.19,257.19,0,0,0,2
2024-04,Residential,CALAVERAS,R-RES-TOU,Generated,2,2,388.09,194.05,1232.64,616.32,0,2,0,0
2024-04,Residential,CALAVERAS,R-RES-TOU,Paid,11,11,1976.91,179.72,6387.27,580.66,11,0,0,0
2024-04,Residential,COLUSA,R-RES-TOU,Exception,1,1,0.0,,426.3,426.3,0,0,0,1
2024-04,Residential,COLUSA,R-RES-TOU,Generated,1,1,164.29,164.29,548.03,548.03,0,1,0,0
2024-04,Residential,COLUSA,R-RES-TOU,Paid,8,8,1115.13,139.39,3633.53,454.19,8,0,0,0
2024-04,Residential,CONTRA COSTA,R-RES-TOU,Exception,38,38,0.0,,13005.41,464.48,0,0,0,38
2024-04,Residential,CONTRA COSTA,R-RES-TOU,Generated,43,43,7329.83,170.46,23607.06,549.0,0,43,0,0
2024-04,Residential,CONTRA COSTA,R-RES-TOU,Paid,190,190,28057.49,147.67,91478.81,481.47,190,0,0,0
2024-04,Residential,CONTRA COSTA,R-RES-TOU,Past Due,19,19,3037.41,159.86,9930.26,522.65,0,0,19,0
2024-04,Residential,EL DORADO,R-RES-TOU,Exception,6,6,0.0,,761.36,380.68,0,0,0,6
2024-04,Residential,EL DORADO,R-RES-TOU,Generated,7,7,1145.47,163.64,3627.62,518.23,0,7,0,0
2024-04,Residential,EL DORADO,R-RES-TOU,Paid,25,25,3956.3,158.25,12857.9,514.32,25,0,0,0
2024-04,Residential,EL DORADO,R-RES-TOU,Past Due,3,3,465.3,155.1,1505.51,501.84,0,0,3,0
2024-04,Residential,FRESNO,R-RES-TOU,Exception,23,23,0.0,,4718.18,428.93,0,0,0,23
2024-04,Residential,FRESNO,R-RES-TOU,Generated,46,46,7656.81,166.45,24885.25,540.98,0,46,0,0
2024-04,Residential,FRESNO,R-RES-TOU,Paid,181,181,28297.83,156.34,91892.51,507.69,181,0,0,0
2024-04,Residential,FRESNO,R-RES-TOU,Past Due,21,21,3634.81,173.09,11719.92,558.09,0,0,21,0
2024-04,Residential,GLENN,R-RES-TOU,Exception,1,1,0.0,,299.58,299.58,0,0,0,1
2024-04,Residential,GLENN,R-RES-TOU,Generated,3,3,329.01,109.67,1065.2,355.07,0,3,0,0
2024-04,Residential,GLENN,R-RES-TOU,Paid,8,8,1283.65,160.46,4106.01,513.25,8,0,0,0
2024-04,Residential,GLENN,R-RES-TOU,Past Due,2,2,295.05,147.53,965.39,482.69,0,0,2,0
2024-04,Residential,HUMBOLDT,R-RES-TOU,Generated,4,4,510.45,127.61,1693.43,423.36,0,4,0,0
2024-04,Residential,HUMBOLDT,R-RES-TOU,Paid,16,16,2307.75,144.23,7525.79,470.36,16,0,0,0
2024-04,Residential,HUMBOLDT,R-RES-TOU,Past Due,4,4,602.74,150.69,1967.02,491.75,0,0,4,0
2024-04,Residential,KERN,R-RES-TOU,Exception,48,48,0.0,,16115.73,488.36,0,0,0,48
2024-04,Residential,KERN,R-RES-TOU,Generated,125,125,18180.94,145.45,59556.26,476.45,0,125,0,0
2024-04,Residential,KERN,R-RES-TOU,Paid,385,385,57684.13,149.83,187978.95,488.26,385,0,0,0
2024-04,Residential,KERN,R-RES-TOU,Past Due,41,41,5754.47,140.35,18705.82,456.24,0,0,41,0
2024-04,Residential,KINGS,R-RES-TOU,Exception,7,7,0.0,,2179.61,435.92,0,0,0,7
2024-04,Residential,KINGS,R-RES-TOU,Generated,10,10,1338.14,133.81,4364.85,436.49,0,10,0,0
2024-04,Residential,KINGS,R-RES-TOU,Paid,38,38,5852.21,154.01,19002.9,500.08,38,0,0,0
2024-04,Residential,KINGS,R-RES-TOU,Past Due,3,3,521.31,173.77,1709.82,569.94,0,0,3,0
2024-04,Residential,LAKE,R-RES-TOU,Exception,2,2,0.0,,645.92,322.96,0,0,0,2
2024-04,Residential,LAKE,R-RES-TOU,Generated,3,3,446.83,148.94,1450.17,483.39,0,3,0,0
2024-04,Residential,LAKE,R-RES-TOU,Paid,9,9,1163.23,129.25,3865.55,429.51,9,0,0,0
2024-04,Residential,LAKE,R-RES-TOU,Past Due,1,1,125.32,125.32,419.69,419.69,0,0,1,0
2024-04,Residential,MADERA,R-RES-TOU,Exception,5,5,0.0,,685.74,342.87,0,0,0,5
2024-04,Residential,MADERA,R-RES-TOU,Generated,12,12,1677.19,139.77,5468.83,455.74,0,12,0,0
2024-04,Residential,MADERA,R-RES-TOU,Paid,29,29,4303.28,148.39,13948.71,480.99,29,0,0,0
2024-04,Residential,MADERA,R-RES-TOU,Past Due,3,3,339.96,113.32,1111.41,370.47,0,0,3,0
2024-04,Residential,MARIN,R-RES-TOU,Exception,3,3,0.0,,554.61,277.31,0,0,0,3
2024-04,Residential,MARIN,R-RES-TOU,Generated,8,8,1427.13,178.39,4642.13,580.27,0,8,0,0
2024-04,Residential,MARIN,R-RES-TOU,Paid,33,33,4869.95,147.57,16015.54,485.32,33,0,0,0
2024-04,Residential,MARIN,R-RES-TOU,Past Due,2,2,387.37,193.69,1239.72,619.86,0,0,2,0
2024-04,Residential,MARIPOSA,R-RES-TOU,Paid,3,3,419.23,139.74,1406.62,468.87,3,0,0,0
2024-04,Residential,MENDOCINO,R-RES-TOU,Exception,3,3,0.0,,1173.71,391.24,0,0,0,3
2024-04,Residential,MENDOCINO,R-RES-TOU,Generated,6,6,901.41,150.23,2973.08,495.51,0,6,0,0
2024-04,Residential,MENDOCINO,R-RES-TOU,Paid,10,10,1750.3,175.03,5589.46,558.95,10,0,0,0
2024-04,Residential,MENDOCINO,R-RES-TOU,Past Due,1,1,225.57,225.57,718.26,718.26,0,0,1,0
2024-04,Residential,MERCED,R-RES-TOU,Exception,7,7,0.0,,3931.32,561.62,0,0,0,7
2024-04,Residential,MERCED,R-RES-TOU,Generated,25,25,3431.81,137.27,11313.32,452.53,0,25,0,0
2024-04,Residential,MERCED,R-RES-TOU,Paid,80,80,12059.67,150.75,39189.56,489.87,80,0,0,0
2024-04,Residential,MERCED,R-RES-TOU,Past Due,6,6,692.75,115.46,2299.11,383.19,0,0,6,0
2024-04,Residential,MONTEREY,R-RES-TOU,Exception,11,11,0.0,,3775.55,471.94,0,0,0,11
2024-04,Residential,MONTEREY,R-RES-TOU,Generated,16,16,1781.86,111.37,5814.29,363.39,0,16,0,0
2024-04,Residential,MONTEREY,R-RES-TOU,Paid,52,52,7637.53,146.88,24966.73,480.13,52,0,0,0
2024-04,Residential,MONTEREY,R-RES-TOU,Past Due,2,2,301.13,150.56,1005.08,502.54,0,0,2,0
2024-04,Residential,NAPA,R-RES-TOU,Exception,5,5,0.0,,1374.82,343.7,0,0,0,5
2024-04,Residential,NAPA,R-RES-TOU,Generated,5,5,556.31,111.26,1838.16,367.63,0,5,0,0
2024-04,Residential,NAPA,R-RES-TOU,Paid,31,31,5057.82,163.16,16455.27,530.82,31,0,0,0
2024-04,Residential,NAPA,R-RES-TOU,Past Due,3,3,458.74,152.91,1527.29,509.1,0,0,3,0
2024-04,Residential,NEVADA,R-RES-TOU,Exception,3,3,0.0,,519.07,259.53,0,0,0,3
2024-04,Residential,NEVADA,R-RES-TOU,Generated,7,7,1113.84,159.12,3644.72,520.67,0,7,0,0
2024-04,Residential,NEVADA,R-RES-TOU,Paid,10,10,1175.79,117.58,3808.72,380.87,10,0,0,0
2024-04,Residential,NEVADA,R-RES-TOU,Past Due,3,3,691.99,230.66,2197.2,732.4,0,0,3,0
2024-04,Residential,PLACER,R-RES-TOU,Exception,17,17,0.0,,7968.19,531.21,0,0,0,17
2024-04,Residential,PLACER,R-RES-TOU,Generated,13,13,1819.93,139.99,5951.31,457.79,0,13,0,0
2024-04,Residential,PLACER,R-RES-TOU,Paid,74,74,11272.06,152.33,36717.26,496.18,74,0,0,0
2024-04,Residential,PLACER,R-RES-TOU,Past Due,8,8,1387.17,173.4,4480.59,560.07,0,0,8,0
2024-04,Residential,PLUMAS,R-RES-TOU,Generated,1,1,97.57,97.57,316.93,316.93,0,1,0,0
2024-04,Residential,PLUMAS,R-RES-TOU,Paid,5,5,616.81,123.36,2021.76,404.35,5,0,0,0
2024-04,Residential,SAN FRANCISCO,R-RES-TOU,Exception,15,15,0.0,,4925.41,547.27,0,0,0,15
2024-04,Residential,SAN FRANCISCO,R-RES-TOU,Generated,36,36,4759.87,132.22,15608.56,433.57,0,36,0,0
2024-04,Residential,SAN FRANCISCO,R-RES-TOU,Paid,112,112,17007.77,151.86,55293.44,493.69,112,0,0,0
2024-04,Residential,SAN FRANCISCO,R-RES-TOU,Past Due,14,14,2337.33,166.95,7592.77,542.34,0,0,14,0
2024-04,Residential,SAN JOAQUIN,R-RES-TOU,Exception,14,14,0.0,,5711.47,439.34,0,0,0,14
2024-04,Residential,SAN JOAQUIN,R-RES-TOU,Generated,34,34,4755.21,139.86,15510.94,456.2,0,34,0,0
2024-04,Residential,SAN JOAQUIN,R-RES-TOU,Paid,132,132,20633.45,156.31,66830.26,506.29,132,0,0,0
2024-04,Residential,SAN JOAQUIN,R-RES-TOU,Past Due,13,13,1673.7,128.75,5510.33,423.87,0,0,13,0
2024-04,Residential,SAN LUIS OBISPO,R-RES-TOU,Exception,3,3,0.0,,1627.66,542.55,0,0,0,3
2024-04,Residential,SAN LUIS OBISPO,R-RES-TOU,Generated,11,11,1485.58,135.05,4925.37,447.76,0,11,0,0
2024-04,Residential,SAN LUIS OBISPO,R-RES-TOU,Paid,41,41,6126.94,149.44,20021.04,488.32,41,0,0,0
2024-04,Residential,SAN LUIS OBISPO,R-RES-TOU,Past Due,1,1,258.43,258.43,809.53,809.53,0,0,1,0
2024-04,Residential,SAN MATEO,R-RES-TOU,Exception,18,18,0.0,,5863.7,451.05,0,0,0,18
2024-04,Residential,SAN MATEO,R-RES-TOU,Generated,27,27,3628.99,134.41,11875.66,439.84,0,27,0,0
2024-04,Residential,SAN MATEO,R-RES-TOU,Paid,90,90,13464.88,149.61,43954.44,488.38,90,0,0,0
2024-04,Residential,SAN MATEO,R-RES-TOU,Past Due,11,11,1509.18,137.2,4931.3,448.3,0,0,11,0
2024-04,Residential,SANTA BARBARA,R-RES-TOU,Exception,7,7,0.0,,2808.64,561.73,0,0,0,7
2024-04,Residential,SANTA BARBARA,R-RES-TOU,Generated,13,13,2006.03,154.31,6604.15,508.01,0,13,0,0
2024-04,Residential,SANTA BARBARA,R-RES-TOU,Paid,62,62,9513.94,153.45,30905.37,498.47,62,0,0,0
2024-04,Residential,SANTA BARBARA,R-RES-TOU,Past Due,5,5,801.21,160.24,2538.11,507.62,0,0,5,0
2024-04,Residential,SANTA CLARA,R-RES-TOU,Exception,55,55,0.0,,16061.86,458.91,0,0,0,55
2024-04,Residential,SANTA CLARA,R-RES-TOU,Generated,108,108,16152.61,149.56,52498.91,486.1,0,108,0,0
2024-04,Residential,SANTA CLARA,R-RES-TOU,Paid,408,408,62909.82,154.19,204974.29,502.39,408,0,0,0
2024-04,Residential,SANTA CLARA,R-RES-TOU,Past Due,49,49,7274.73,148.46,23928.92,488.35,0,0,49,0
2024-04,Residential,SANTA CRUZ,R-RES-TOU,Exception,2,2,0.0,,819.75,409.88,0,0,0,2
2024-04,Residential,SANTA CRUZ,R-RES-TOU,Generated,7,7,999.27,142.75,3327.47,475.35,0,7,0,0
2024-04,Residential,SANTA CRUZ,R-RES-TOU,Paid,23,23,3666.13,159.4,11949.65,519.55,23,0,0,0
2024-04,Residential,SANTA CRUZ,R-RES-TOU,Past Due,3,3,662.33,220.78,2070.56,690.19,0,0,3,0
2024-04,Residential,SHASTA,R-RES-TOU,Exception,1,1,0.0,,401.42,401.42,0,0,0,1
2024-04,Residential,SHASTA,R-RES-TOU,Generated,6,6,874.89,145.81,2800.45,466.74,0,6,0,0
2024-04,Residential,SHASTA,R-RES-TOU,Paid,23,23,3610.01,156.96,11767.27,511.62,23,0,0,0
2024-04,Residential,SHASTA,R-RES-TOU,Past Due,6,6,888.49,148.08,2937.3,489.55,0,0,6,0
2024-04,Residential,SOLANO,R-RES-TOU,Exception,4,4,0.0,,1139.25,379.75,0,0,0,4
2024-04,Residential,SOLANO,R-RES-TOU,Generated,19,19,2679.83,141.04,8751.8,460.62,0,19,0,0
2024-04,Residential,SOLANO,R-RES-TOU,Paid,67,67,10619.74,158.5,34375.03,513.06,67,0,0,0
2024-04,Residential,SOLANO,R-RES-TOU,Past Due,12,12,2073.82,172.82,6675.51,556.29,0,0,12,0
2024-04,Residential,SONOMA,R-RES-TOU,Exception,7,7,0.0,,2431.16,405.19,0,0,0,7
2024-04,Residential,SONOMA,R-RES-TOU,Generated,12,12,1717.57,143.13,5699.28,474.94,0,12,0,0
2024-04,Residential,SONOMA,R-RES-TOU,Paid,60,60,8245.04,137.42,27001.33,450.02,60,0,0,0
2024-04,Residential,SONOMA,R-RES-TOU,Past Due,5,5,536.1,107.22,1763.33,352.67,0,0,5,0
2024-04,Residential,SUTTER,R-RES-TOU,Exception,3,3,0.0,,1385.6,461.87,0,0,0,3
2024-04,Residential,SUTTER,R-RES-TOU,Generated,6,6,931.53,155.25,3092.02,515.34,0,6,0,0
2024-04,Residential,SUTTER,R-RES-TOU,Paid,13,13,2001.6,153.97,6394.04,491.85,13,0,0,0
2024-04,Residential,SUTTER,R-RES-TOU,Past Due,4,4,779.39,194.85,2466.75,616.69,0,0,4,0
2024-04,Residential,TUOLUMNE,R-RES-TOU,Exception,1,1,0.0,,490.35,490.35,0,0,0,1
2024-04,Residential,TUOLUMNE,R-RES-TOU,Generated,2,2,262.48,131.24,883.27,441.63,0,2,0,0
2024-04,Residential,TUOLUMNE,R-RES-TOU,Paid,15,15,2047.52,136.5,6680.3,445.35,15,0,0,0
2024-04,Residential,TUOLUMNE,R-RES-TOU,Past Due,2,2,433.67,216.83,1370.3,685.15,0,0,2,0
2024-04,Residential,YOLO,R-RES-TOU,Exception,6,6,0.0,,1811.05,452.76,0,0,0,6
2024-04,Residential,YOLO,R-RES-TOU,Generated,6,6,1278.02,213.0,4072.82,678.8,0,6,0,0
2024-04,Residential,YOLO,R-RES-TOU,Paid,37,37,5765.9,155.84,18631.69,503.56,37,0,0,0
2024-04,Residential,YOLO,R-RES-TOU,Past Due,3,3,344.92,114.97,1144.14,381.38,0,0,3,0
2024-04,Residential,YUBA,R-RES-TOU,Exception,1,1,0.0,,868.08,868.08,0,0,0,1
2024-04,Residential,YUBA,R-RES-TOU,Generated,4,4,797.75,199.44,2529.22,632.31,0,4,0,0
2024-04,Residential,YUBA,R-RES-TOU,Paid,11,11,1926.57,175.14,6128.92,557.17,11,0,0,0
2024-04,Residential,YUBA,R-RES-TOU,Past Due,4,4,586.05,146.51,1956.63,489.16,0,0,4,0
2024-04,Streetlighting,ALAMEDA,R-STLIGHT,Paid,6,6,2768.61,461.44,13419.65,2236.61,6,0,0,0
2024-04,Streetlighting,CONTRA COSTA,R-STLIGHT,Paid,1,1,418.89,418.89,2078.72,2078.72,1,0,0,0
2024-04,Streetlighting,FRESNO,R-STLIGHT,Exception,1,1,0.0,,5326.05,5326.05,0,0,0,1
2024-04,Streetlighting,FRESNO,R-STLIGHT,Generated,1,1,272.47,272.47,1328.78,1328.78,0,1,0,0
2024-04,Streetlighting,KERN,R-STLIGHT,Generated,1,1,618.33,618.33,2909.7,2909.7,0,1,0,0
2024-04,Streetlighting,KERN,R-STLIGHT,Paid,1,1,387.3,387.3,1933.16,1933.16,1,0,0,0
2024-04,Streetlighting,NEVADA,R-STLIGHT,Paid,1,1,447.65,447.65,2198.54,2198.54,1,0,0,0
2024-04,Streetlighting,PLACER,R-STLIGHT,Paid,1,1,561.9,561.9,2674.58,2674.58,1,0,0,0
2024-04,Streetlighting,SAN FRANCISCO,R-STLIGHT,Past Due,1,1,353.17,353.17,1753.54,1753.54,0,0,1,0
2024-04,Streetlighting,SAN JOAQUIN,R-STLIGHT,Exception,1,1,0.0,,3900.73,3900.73,0,0,0,1
2024-04,Streetlighting,SAN JOAQUIN,R-STLIGHT,Paid,2,2,1085.06,542.53,5187.75,2593.88,2,0,0,0
2024-04,Streetlighting,SANTA CLARA,R-STLIGHT,Generated,1,1,642.11,642.11,3008.78,3008.78,0,1,0,0
2024-04,Streetlighting,SANTA CLARA,R-STLIGHT,Paid,3,3,1597.99,532.66,7658.3,2552.77,3,0,0,0
2024-04,Streetlighting,SANTA CLARA,R-STLIGHT,Past Due,1,1,628.24,628.24,2951.0,2951.0,0,0,1,0
2024-04,Streetlighting,SOLANO,R-STLIGHT,Generated,1,1,1236.74,1236.74,5486.42,5486.42,0,1,0,0
2024-04,Streetlighting,SOLANO,R-STLIGHT,Paid,1,1,741.75,741.75,3423.96,3423.96,1,0,0,0
2024-04,"Transportation, Communications, & Utilities",ALAMEDA,R-TCU-GEN,Generated,2,2,5915.14,2957.57,23939.68,11969.84,0,2,0,0
2024-04,"Transportation, Communications, & Utilities",ALAMEDA,R-TCU-GEN,Paid,4,4,15038.26,3759.57,61569.51,15392.38,4,0,0,0
2024-04,"Transportation, Communications, & Utilities",BUTTE,R-TCU-GEN,Paid,2,2,11241.72,5620.86,43868.01,21934.0,2,0,0,0
2024-04,"Transportation, Communications, & Utilities",CONTRA COSTA,R-TCU-GEN,Exception,1,1,0.0,,0.0,,0,0,0,1
2024-04,"Transportation, Communications, & Utilities",CONTRA COSTA,R-TCU-GEN,Paid,5,5,17881.58,3576.32,73728.76,14745.75,5,0,0,0
2024-04,"Transportation, Communications, & Utilities",FRESNO,R-TCU-GEN,Generated,3,3,11423.76,3807.92,47047.45,15682.48,0,3,0,0
2024-04,"Transportation, Communications, & Utilities",FRESNO,R-TCU-GEN,Paid,3,3,13002.48,4334.16,52491.3,17497.1,3,0,0,0
2024-04,"Transportation, Communications, & Utilities",KERN,R-TCU-GEN,Generated,1,1,3528.62,3528.62,14719.39,14719.39,0,1,0,0
2024-04,"Transportation, Communications, & Utilities",KERN,R-TCU-GEN,Paid,4,4,20662.67,5165.67,81457.5,20364.38,4,0,0,0
2024-04,"Transportation, Communications, & Utilities",KERN,R-TCU-GEN,Past Due,1,1,1872.51,1872.51,8056.88,8056.88,0,0,1,0
2024-04,"Transportation, Communications, & Utilities",MADERA,R-TCU-GEN,Paid,1,1,2367.63,2367.63,10307.43,10307.43,1,0,0,0
2024-04,"Transportation, Communications, & Utilities",MENDOCINO,R-TCU-GEN,Generated,1,1,3585.62,3585.62,14915.93,14915.93,0,1,0,0
2024-04,"Transportation, Communications, & Utilities",MERCED,R-TCU-GEN,Past Due,1,1,2572.29,2572.29,11237.67,11237.67,0,0,1,0
2024-04,"Transportation, Communications, & Utilities",MONTEREY,R-TCU-GEN,Paid,2,2,10277.82,5138.91,40544.21,20272.1,2,0,0,0
2024-04,"Transportation, Communications, & Utilities",PLACER,R-TCU-GEN,Generated,1,1,2452.22,2452.22,10691.92,10691.92,0,1,0,0
2024-04,"Transportation, Communications, & Utilities",PLACER,R-TCU-GEN,Paid,2,2,5915.32,2957.66,24847.18,12423.59,2,0,0,0
2024-04,"Transportation, Communications, & Utilities",SAN FRANCISCO,R-TCU-GEN,Paid,3,3,13825.84,4608.61,55330.51,18443.5,3,0,0,0
2024-04,"Transportation, Communications, & Utilities",SAN JOAQUIN,R-TCU-GEN,Generated,3,3,17537.38,5845.79,67026.5,22342.17,0,3,0,0
2024-04,"Transportation, Communications, & Utilities",SAN LUIS OBISPO,R-TCU-GEN,Past Due,1,1,3407.88,3407.88,14303.03,14303.03,0,0,1,0
2024-04,"Transportation, Communications, & Utilities",SAN MATEO,R-TCU-GEN,Exception,1,1,0.0,,15434.44,15434.44,0,0,0,1
2024-04,"Transportation, Communications, & Utilities",SAN MATEO,R-TCU-GEN,Generated,2,2,6035.77,3017.89,25644.3,12822.15,0,2,0,0
2024-04,"Transportation, Communications, & Utilities",SAN MATEO,R-TCU-GEN,Paid,3,3,11104.84,3701.61,45947.69,15315.9,3,0,0,0
2024-04,"Transportation, Communications, & Utilities",SANTA BARBARA,R-TCU-GEN,Paid,2,2,6209.98,3104.99,25772.41,12886.2,2,0,0,0
2024-04,"Transportation, Communications, & Utilities",SANTA CLARA,R-TCU-GEN,Exception,2,2,0.0,,29801.46,14900.73,0,0,0,2
2024-04,"Transportation, Communications, & Utilities",SANTA CLARA,R-TCU-GEN,Generated,3,3,15733.88,5244.63,61909.94,20636.65,0,3,0,0
2024-04,"Transportation, Communications, & Utilities",SANTA CLARA,R-TCU-GEN,Paid,11,11,38182.28,3471.12,158193.86,14381.26,11,0,0,0
2024-04,"Transportation, Communications, & Utilities",SANTA CLARA,R-TCU-GEN,Past Due,2,2,7204.68,3602.34,29656.64,14828.32,0,0,2,0
2024-04,"Transportation, Communications, & Utilities",SANTA CRUZ,R-TCU-GEN,Paid,1,1,5227.9,5227.9,20578.98,20578.98,1,0,0,0
2024-04,"Transportation, Communications, & Utilities",SHASTA,R-TCU-GEN,Paid,2,2,8746.84,4373.42,34805.83,17402.92,2,0,0,0
2024-05,Agriculture And Water Pumping,ALAMEDA,R-AGR-PUMP,Exception,2,2,0.0,,26936.08,13468.04,0,0,0,2
2024-05,Agriculture And Water Pumping,ALAMEDA,R-AGR-PUMP,Generated,3,3,7069.63,2356.54,31572.69,10524.23,0,3,0,0
2024-05,Agriculture And Water Pumping,ALAMEDA,R-AGR-PUMP,Paid,9,9,25374.0,2819.33,109513.8,12168.2,9,0,0,0
2024-05,Agriculture And Water Pumping,AMADOR,R-AGR-PUMP,Generated,1,1,1722.75,1722.75,8176.84,8176.84,0,1,0,0
2024-05,Agriculture And Water Pumping,BUTTE,R-AGR-PUMP,Generated,1,1,2301.49,2301.49,10320.35,10320.35,0,1,0,0
2024-05,Agriculture And Water Pumping,CONTRA COSTA,R-AGR-PUMP,Exception,2,2,0.0,,12243.94,12243.94,0,0,0,2
2024-05,Agriculture And Water Pumping,CONTRA COSTA,R-AGR-PUMP,Generated,3,3,10091.39,3363.8,42455.24,14151.75,0,3,0,0
2024-05,Agriculture And Water Pumping,CONTRA COSTA,R-AGR-PUMP,Paid,8,8,18880.91,2360.11,84152.16,10519.02,8,0,0,0
2024-05,Agriculture And Water Pumping,CONTRA COSTA,R-AGR-PUMP,Past Due,1,1,1574.38,1574.38,7496.89,7496.89,0,0,1,0
2024-05,Agriculture And Water Pumping,EL DORADO,R-AGR-PUMP,Paid,2,2,3281.38,1640.69,15608.48,7804.24,2,0,0,0
2024-05,Agriculture And Water Pumping,FRESNO,R-AGR-PUMP,Exception,1,1,0.0,,0.0,,0,0,0,1
2024-05,Agriculture And Water Pumping,FRESNO,R-AGR-PUMP,Generated,2,2,4874.49,2437.24,21646.27,10823.14,0,2,0,0
2024-05,Agriculture And Water Pumping,FRESNO,R-AGR-PUMP,Paid,7,7,14821.45,2117.35,66898.5,9556.93,7,0,0,0
2024-05,Agriculture And Water Pumping,KERN,R-AGR-PUMP,Exception,3,3,0.0,,22120.74,11060.37,0,0,0,3
2024-05,Agriculture And Water Pumping,KERN,R-AGR-PUMP,Generated,5,5,11182.25,2236.45,50035.92,10007.18,0,5,0,0
2024-05,Agriculture And Water Pumping,KERN,R-AGR-PUMP,Paid,4,4,16626.52,4156.63,68764.89,17191.22,4,0,0,0
2024-05,Agriculture And Water Pumping,KERN,R-AGR-PUMP,Past Due,2,2,4234.12,2117.06,19274.49,9637.24,0,0,2,0
2024-05,Agriculture And Water Pumping,KINGS,R-AGR-PUMP,Exception,1,1,0.0,,18033.79,18033.79,0,0,0,1
2024-05,Agriculture And Water Pumping,KINGS,R-AGR-PUMP,Paid,1,1,1009.64,1009.64,4673.21,4673.21,1,0,0,0
2024-05,Agriculture And Water Pumping,MERCED,R-AGR-PUMP,Generated,2,2,4028.27,2014.13,18374.11,9187.06,0,2,0,0
2024-05,Agriculture And Water Pumping,MERCED,R-AGR-PUMP,Paid,3,3,4632.57,1544.19,22012.85,7337.62,3,0,0,0
2024-05,Agriculture And Water Pumping,MONTEREY,R-AGR-PUMP,Paid,3,3,9848.45,3282.82,41864.6,13954.87,3,0,0,0
2024-05,Agriculture And Water Pumping,MONTEREY,R-AGR-PUMP,Past Due,1,1,1576.03,1576.03,7505.17,7505.17,0,0,1,0
2024-05,Agriculture And Water Pumping,NEVADA,R-AGR-PUMP,Paid,1,1,3270.35,3270.35,13908.71,13908.71,1,0,0,0
2024-05,Agriculture And Water Pumping,PLACER,R-AGR-PUMP,Generated,1,1,2159.29,2159.29,9793.66,9793.66,0,1,0,0
2024-05,Agriculture And Water Pumping,PLACER,R-AGR-PUMP,Paid,3,3,8966.77,2988.92,38013.63,12671.21,3,0,0,0
2024-05,Agriculture And Water Pumping,PLACER,R-AGR-PUMP,Past Due,1,1,1572.63,1572.63,7488.15,7488.15,0,0,1,0
2024-05,Agriculture And Water Pumping,SAN FRANCISCO,R-AGR-PUMP,Generated,3,3,7468.76,2489.59,33050.97,11016.99,0,3,0,0
2024-05,Agriculture And Water Pumping,SAN FRANCISCO,R-AGR-PUMP,Paid,8,8,24634.44,3079.31,105176.52,13147.07,8,0,0,0
2024-05,Agriculture And Water Pumping,SAN JOAQUIN,R-AGR-PUMP,Generated,2,2,4133.17,2066.59,18900.63,9450.31,0,2,0,0
2024-05,Agriculture And Water Pumping,SAN JOAQUIN,R-AGR-PUMP,Paid,7,7,21223.62,3031.95,90917.91,12988.27,7,0,0,0
2024-05,Agriculture And Water Pumping,SAN JOAQUIN,R-AGR-PUMP,Past Due,1,1,1459.71,1459.71,6923.56,6923.56,0,0,1,0
2024-05,Agriculture And Water Pumping,SAN LUIS OBISPO,R-AGR-PUMP,Paid,1,1,2142.62,2142.62,9731.94,9731.94,1,0,0,0
2024-05,Agriculture And Water Pumping,SAN MATEO,R-AGR-PUMP,Paid,6,6,13790.08,2298.35,61852.15,10308.69,6,0,0,0
2024-05,Agriculture And Water Pumping,SANTA BARBARA,R-AGR-PUMP,Generated,1,1,1158.06,1158.06,5415.28,5415.28,0,1,0,0
2024-05,Agriculture And Water Pumping,SANTA BARBARA,R-AGR-PUMP,Paid,1,1,5548.81,5548.81,22347.44,22347.44,1,0,0,0
2024-05,Agriculture And Water Pumping,SANTA CLARA,R-AGR-PUMP,Generated,4,4,9103.2,2275.8,40728.18,10182.05,0,4,0,0
2024-05,Agriculture And Water Pumping,SANTA CLARA,R-AGR-PUMP,Paid,17,17,40496.41,2382.14,177904.26,10464.96,17,0,0,0
2024-05,Agriculture And Water Pumping,SANTA CRUZ,R-AGR-PUMP,Paid,1,1,2410.61,2410.61,10724.49,10724.49,1,0,0,0
2024-05,Agriculture And Water Pumping,SANTA CRUZ,R-AGR-PUMP,Past Due,1,1,3286.66,3286.66,13969.1,13969.1,0,0,1,0
2024-05,Agriculture And Water Pumping,SHASTA,R-AGR-PUMP,Past Due,1,1,1795.38,1795.38,8445.85,8445.85,0,0,1,0
2024-05,Agriculture And Water Pumping,SOLANO,R-AGR-PUMP,Generated,1,1,2352.46,2352.46,10509.11,10509.11,0,1,0,0
2024-05,Agriculture And Water Pumping,SOLANO,R-AGR-PUMP,Paid,3,3,5969.42,1989.81,27275.91,9091.97,3,0,0,0
2024-05,Agriculture And Water Pumping,SUTTER,R-AGR-PUMP,Paid,1,1,2036.3,2036.3,9338.13,9338.13,1,0,0,0
2024-05,Agriculture And Water Pumping,TUOLUMNE,R-AGR-PUMP,Generated,1,1,2901.11,2901.11,12541.16,12541.16,0,1,0,0
2024-05,Agriculture And Water Pumping,TUOLUMNE,R-AGR-PUMP,Paid,1,1,2263.52,2263.52,10179.71,10179.71,1,0,0,0
2024-05,Agriculture And Water Pumping,YOLO,R-AGR-PUMP,Generated,1,1,3639.56,3639.56,15276.15,15276.15,0,1,0,0
2024-05,Agriculture And Water Pumping,YOLO,R-AGR-PUMP,Paid,2,2,4401.35,2200.68,19893.89,9946.94,2,0,0,0
2024-05,Commercial,ALAMEDA,R-COM-GEN,Exception,7,7,0.0,,22873.91,4574.78,0,0,0,7
2024-05,Commercial,ALAMEDA,R-COM-GEN,Generated,11,11,13442.24,1222.02,49012.01,4455.64,0,11,0,0
2024-05,Commercial,ALAMEDA,R-COM-GEN,Paid,42,42,50486.29,1202.05,185630.34,4419.77,42,0,0,0
2024-05,Commercial,ALAMEDA,R-COM-GEN,Past Due,8,8,7339.63,917.45,27838.81,3479.85,0,0,8,0
2024-05,Commercial,AMADOR,R-COM-GEN,Generated,1,1,1246.56,1246.56,4585.69,4585.69,0,1,0,0
2024-05,Commercial,AMADOR,R-COM-GEN,Paid,2,2,1859.01,929.51,6886.24,3443.12,2,0,0,0
2024-05,Commercial,BUTTE,R-COM-GEN,Exception,1,1,0.0,,0.0,,0,0,0,1
2024-05,Commercial,BUTTE,R-COM-GEN,Generated,1,1,1004.21,1004.21,3803.9,3803.9,0,1,0,0
2024-05,Commercial,BUTTE,R-COM-GEN,Paid,10,10,12662.42,1266.24,46304.15,4630.41,10,0,0,0
2024-05,Commercial,CALAVERAS,R-COM-GEN,Paid,2,2,2273.79,1136.89,8259.29,4129.65,2,0,0,0
2024-05,Commercial,CALAVERAS,R-COM-GEN,Past Due,1,1,980.05,980.05,3725.98,3725.98,0,0,1,0
2024-05,Commercial,COLUSA,R-COM-GEN,Generated,1,1,1251.24,1251.24,4600.76,4600.76,0,1,0,0
2024-05,Commercial,CONTRA COSTA,R-COM-GEN,Exception,3,3,0.0,,9399.52,4699.76,0,0,0,3
2024-05,Commercial,CONTRA COSTA,R-COM-GEN,Generated,14,14,14450.45,1032.17,54041.36,3860.1,0,14,0,0
2024-05,Commercial,CONTRA COSTA,R-COM-GEN,Paid,30,30,34974.0,1165.8,129152.13,4305.07,30,0,0,0
2024-05,Commercial,CONTRA COSTA,R-COM-GEN,Past Due,1,1,736.87,736.87,2924.45,2924.45,0,0,1,0
2024-05,Commercial,EL DORADO,R-COM-GEN,Exception,2,2,0.0,,0.0,,0,0,0,2
2024-05,Commercial,EL DORADO,R-COM-GEN,Generated,1,1,1387.88,1387.88,5041.54,5041.54,0,1,0,0
2024-05,Commercial,EL DORADO,R-COM-GEN,Paid,3,3,2921.17,973.72,11090.77,3696.92,3,0,0,0
2024-05,Commercial,EL DORADO,R-COM-GEN,Past Due,1,1,1029.38,1029.38,3885.11,3885.11,0,0,1,0
2024-05,Commercial,FRESNO,R-COM-GEN,Exception,1,1,0.0,,0.0,,0,0,0,1
2024-05,Commercial,FRESNO,R-COM-GEN,Generated,10,10,10497.87,1049.79,39257.56,3925.76,0,10,0,0
2024-05,Commercial,FRESNO,R-COM-GEN,Paid,31,31,31293.27,1009.46,117588.12,3793.17,31,0,0,0
2024-05,Commercial,FRESNO,R-COM-GEN,Past Due,3,3,3006.06,1002.02,11275.27,3758.42,0,0,3,0
2024-05,Commercial,GLENN,R-COM-GEN,Exception,1,1,0.0,,4342.92,4342.92,0,0,0,1
2024-05,Commercial,GLENN,R-COM-GEN,Generated,1,1,756.32,756.32,3004.26,3004.26,0,1,0,0
2024-05,Commercial,GLENN,R-COM-GEN,Paid,2,2,2305.19,1152.6,8565.13,4282.56,2,0,0,0
2024-05,Commercial,HUMBOLDT,R-COM-GEN,Exception,1,1,0.0,,5049.39,5049.39,0,0,0,1
2024-05,Commercial,HUMBOLDT,R-COM-GEN,Generated,3,3,3201.86,1067.29,12022.15,4007.38,0,3,0,0
2024-05,Commercial,HUMBOLDT,R-COM-GEN,Paid,1,1,757.08,757.08,3006.71,3006.71,1,0,0,0
2024-05,Commercial,KERN,R-COM-GEN,Exception,4,4,0.0,,8373.16,4186.58,0,0,0,4
2024-05,Commercial,KERN,R-COM-GEN,Generated,16,16,17259.96,1078.75,64122.21,4007.64,0,16,0,0
2024-05,Commercial,KERN,R-COM-GEN,Paid,58,58,62137.66,1071.34,231309.33,3988.09,58,0,0,0
2024-05,Commercial,KERN,R-COM-GEN,Past Due,5,5,5248.16,1049.63,19675.39,3935.08,0,0,5,0
2024-05,Commercial,KINGS,R-COM-GEN,Generated,3,3,3182.31,1060.77,11917.47,3972.49,0,3,0,0
2024-05,Commercial,KINGS,R-COM-GEN,Paid,3,3,2990.46,996.82,11237.14,3745.71,3,0,0,0
2024-05,Commercial,KINGS,R-COM-GEN,Past Due,1,1,842.78,842.78,3283.16,3283.16,0,0,1,0
2024-05,Commercial,LAKE,R-COM-GEN,Generated,1,1,631.98,631.98,2487.41,2487.41,0,1,0,0
2024-05,Commercial,MADERA,R-COM-GEN,Exception,2,2,0.0,,4823.2,2411.6,0,0,0,2
2024-05,Commercial,MADERA,R-COM-GEN,Generated,3,3,2522.48,840.83,9665.75,3221.92,0,3,0,0
2024-05,Commercial,MADERA,R-COM-GEN,Paid,3,3,2582.48,860.83,9894.91,3298.3,3,0,0,0
2024-05,Commercial,MADERA,R-COM-GEN,Past Due,1,1,1336.14,1336.14,4874.64,4874.64,0,0,1,0
2024-05,Commercial,MARIN,R-COM-GEN,Generated,1,1,353.49,353.49,1327.03,1327.03,0,1,0,0
2024-05,Commercial,MARIN,R-COM-GEN,Paid,4,4,5285.97,1321.49,19309.58,4827.4,4,0,0,0
2024-05,Commercial,MARIPOSA,R-COM-GEN,Paid,1,1,714.35,714.35,2830.63,2830.63,1,0,0,0
2024-05,Commercial,MENDOCINO,R-COM-GEN,Generated,1,1,751.98,751.98,2987.42,2987.42,0,1,0,0
2024-05,Commercial,MENDOCINO,R-COM-GEN,Paid,3,3,3086.68,1028.89,11650.6,3883.53,3,0,0,0
2024-05,Commercial,MERCED,R-COM-GEN,Exception,1,1,0.0,,2398.4,2398.4,0,0,0,1
2024-05,Commercial,MERCED,R-COM-GEN,Generated,2,2,2161.63,1080.82,7955.37,3977.68,0,2,0,0
2024-05,Commercial,MERCED,R-COM-GEN,Paid,14,14,13800.28,985.73,52246.02,3731.86,14,0,0,0
2024-05,Commercial,MERCED,R-COM-GEN,Past Due,1,1,891.07,891.07,3438.92,3438.92,0,0,1,0
2024-05,Commercial,MONTEREY,R-COM-GEN,Exception,2,2,0.0,,0.0,,0,0,0,2
2024-05,Commercial,MONTEREY,R-COM-GEN,Generated,3,3,3019.04,1006.35,11285.4,3761.8,0,3,0,0
2024-05,Commercial,MONTEREY,R-COM-GEN,Paid,11,11,11035.9,1003.26,41094.31,3735.85,11,0,0,0
2024-05,Commercial,NAPA,R-COM-GEN,Generated,1,1,638.9,638.9,2516.27,2516.27,0,1,0,0
2024-05,Commercial,NAPA,R-COM-GEN,Paid,3,3,3728.33,1242.78,13720.42,4573.47,3,0,0,0
2024-05,Commercial,NAPA,R-COM-GEN,Past Due,1,1,2094.36,2094.36,7320.52,7320.52,0,0,1,0
2024-05,Commercial,NEVADA,R-COM-GEN,Exception,1,1,0.0,,4872.39,4872.39,0,0,0,1
2024-05,Commercial,NEVADA,R-COM-GEN,Generated,1,1,478.67,478.67,1848.62,1848.62,0,1,0,0
2024-05,Commercial,NEVADA,R-COM-GEN,Paid,5,5,5877.53,1175.51,21697.76,4339.55,5,0,0,0
2024-05,Commercial,PLACER,R-COM-GEN,Exception,3,3,0.0,,5443.82,2721.91,0,0,0,3
2024-05,Commercial,PLACER,R-COM-GEN,Generated,3,3,4452.61,1484.2,15893.22,5297.74,0,3,0,0
2024-05,Commercial,PLACER,R-COM-GEN,Paid,12,12,13045.36,1087.11,48432.78,4036.07,12,0,0,0
2024-05,Commercial,PLACER,R-COM-GEN,Past Due,3,3,2689.93,896.64,10037.2,3345.73,0,0,3,0
2024-05,Commercial,PLUMAS,R-COM-GEN,Generated,1,1,1361.89,1361.89,4957.71,4957.71,0,1,0,0
2024-05,Commercial,PLUMAS,R-COM-GEN,Paid,3,3,3263.46,1087.82,12220.85,4073.62,3,0,0,0
2024-05,Commercial,SAN FRANCISCO,R-COM-GEN,Exception,1,1,0.0,,0.0,,0,0,0,1
2024-05,Commercial,SAN FRANCISCO,R-COM-GEN,Generated,6,6,7662.78,1277.13,27745.27,4624.21,0,6,0,0
2024-05,Commercial,SAN FRANCISCO,R-COM-GEN,Paid,21,21,21610.62,1029.08,80310.64,3824.32,21,0,0,0
2024-05,Commercial,SAN FRANCISCO,R-COM-GEN,Past Due,6,6,6075.13,1012.52,22843.89,3807.32,0,0,6,0
2024-05,Commercial,SAN JOAQUIN,R-COM-GEN,Exception,1,1,0.0,,0.0,,0,0,0,1
2024-05,Commercial,SAN JOAQUIN,R-COM-GEN,Generated,8,8,9883.88,1235.48,36141.24,4517.65,0,8,0,0
2024-05,Commercial,SAN JOAQUIN,R-COM-GEN,Paid,25,25,27019.89,1080.8,100388.13,4015.53,25,0,0,0
2024-05,Commercial,SAN JOAQUIN,R-COM-GEN,Past Due,1,1,1449.23,1449.23,5239.45,5239.45,0,0,1,0
2024-05,Commercial,SAN LUIS OBISPO,R-COM-GEN,Exception,1,1,0.0,,0.0,,0,0,0,1
2024-05,Commercial,SAN LUIS OBISPO,R-COM-GEN,Generated,5,5,3865.08,773.02,14799.17,2959.83,0,5,0,0
2024-05,Commercial,SAN LUIS OBISPO,R-COM-GEN,Paid,4,4,4621.51,1155.38,16940.13,4235.03,4,0,0,0
2024-05,Commercial,SAN LUIS OBISPO,R-COM-GEN,Past Due,2,2,2493.7,1246.85,9173.23,4586.61,0,0,2,0
2024-05,Commercial,SAN MATEO,R-COM-GEN,Exception,1,1,0.0,,0.0,,0,0,0,1
2024-05,Commercial,SAN MATEO,R-COM-GEN,Generated,5,5,6288.83,1257.77,23109.13,4621.83,0,5,0,0
2024-05,Commercial,SAN MATEO,R-COM-GEN,Paid,18,18,18405.61,1022.53,68831.48,3823.97,18,0,0,0
2024-05,Commercial,SANTA BARBARA,R-COM-GEN,Exception,1,1,0.0,,2822.73,2822.73,0,0,0,1
2024-05,Commercial,SANTA BARBARA,R-COM-GEN,Generated,1,1,752.22,752.22,2988.43,2988.43,0,1,0,0
2024-05,Commercial,SANTA BARBARA,R-COM-GEN,Paid,10,10,9569.84,956.98,35876.65,3587.66,10,0,0,0
2024-05,Commercial,SANTA BARBARA,R-COM-GEN,Past Due,1,1,792.95,792.95,3122.41,3122.41,0,0,1,0
2024-05,Commercial,SANTA CLARA,R-COM-GEN,Exception,12,12,0.0,,22254.21,3179.17,0,0,0,12
2024-05,Commercial,SANTA CLARA,R-COM-GEN,Generated,14,14,14460.66,1032.9,54176.71,3869.76,0,14,0,0
2024-05,Commercial,SANTA CLARA,R-COM-GEN,Paid,61,61,63164.81,1035.49,236600.17,3878.69,61,0,0,0
2024-05,Commercial,SANTA CLARA,R-COM-GEN,Past Due,6,6,5288.79,881.47,20319.87,3386.64,0,0,6,0
2024-05,Commercial,SANTA CRUZ,R-COM-GEN,Paid,4,4,4136.85,1034.21,15534.85,3883.71,4,0,0,0
2024-05,Commercial,SHASTA,R-COM-GEN,Generated,3,3,3560.44,1186.81,13178.85,4392.95,0,3,0,0
2024-05,Commercial,SHASTA,R-COM-GEN,Paid,6,6,5435.58,905.93,20624.37,3437.39,6,0,0,0
2024-05,Commercial,SOLANO,R-COM-GEN,Exception,1,1,0.0,,4226.27,4226.27,0,0,0,1
2024-05,Commercial,SOLANO,R-COM-GEN,Generated,3,3,4152.92,1384.31,14866.62,4955.54,0,3,0,0
2024-05,Commercial,SOLANO,R-COM-GEN,Paid,7,7,7304.21,1043.46,27494.38,3927.77,7,0,0,0
2024-05,Commercial,SONOMA,R-COM-GEN,Exception,1,1,0.0,,0.0,,0,0,0,1
2024-05,Commercial,SONOMA,R-COM-GEN,Generated,2,2,1676.09,838.05,6333.2,3166.6,0,2,0,0
2024-05,Commercial,SONOMA,R-COM-GEN,Paid,8,8,8309.27,1038.66,31210.75,3901.34,8,0,0,0
2024-05,Commercial,SONOMA,R-COM-GEN,Past Due,2,2,2015.99,1007.99,7469.13,3734.57,0,0,2,0
2024-05,Commercial,SUTTER,R-COM-GEN,Exception,1,1,0.0,,0.0,,0,0,0,1
2024-05,Commercial,SUTTER,R-COM-GEN,Generated,1,1,595.09,595.09,2333.72,2333.72,0,1,0,0
2024-05,Commercial,SUTTER,R-COM-GEN,Paid,3,3,3354.54,1118.18,12402.05,4134.02,3,0,0,0
2024-05,Commercial,SUTTER,R-COM-GEN,Past Due,1,1,1116.19,1116.19,4165.13,4165.13,0,0,1,0
2024-05,Commercial,TUOLUMNE,R-COM-GEN,Exception,1,1,0.0,,7694.04,7694.04,0,0,0,1
2024-05,Commercial,TUOLUMNE,R-COM-GEN,Generated,1,1,1736.57,1736.57,6166.36,6166.36,0,1,0,0
2024-05,Commercial,TUOLUMNE,R-COM-GEN,Paid,4,4,5213.22,1303.31,19074.89,4768.72,4,0,0,0
2024-05,Commercial,YOLO,R-COM-GEN,Generated,2,2,2625.62,1312.81,9598.78,4799.39,0,2,0,0
2024-05,Commercial,YOLO,R-COM-GEN,Paid,6,6,6475.09,1079.18,24106.14,4017.69,6,0,0,0
2024-05,Commercial,YOLO,R-COM-GEN,Past Due,1,1,2153.76,2153.76,7512.12,7512.12,0,0,1,0
2024-05,Commercial,YUBA,R-COM-GEN,Exception,1,1,0.0,,2473.02,2473.02,0,0,0,1
2024-05,Commercial,YUBA,R-COM-GEN,Generated,1,1,491.72,491.72,1902.98,1902.98,0,1,0,0
2024-05,Commercial,YUBA,R-COM-GEN,Paid,1,1,1361.47,1361.47,4956.37,4956.37,1,0,0,0
2024-05,Industrial,ALAMEDA,R-IND-GEN,Exception,1,1,0.0,,53899.61,53899.61,0,0,0,1
2024-05,Industrial,ALAMEDA,R-IND-GEN,Generated,2,2,27530.28,13765.14,127626.15,63813.07,0,2,0,0
2024-05,Industrial,ALAMEDA,R-IND-GEN,Paid,9,9,79946.99,8883.0,388827.89,43203.1,9,0,0,0
2024-05,Industrial,ALAMEDA,R-IND-GEN,Past Due,2,2,20420.96,10210.48,98004.01,49002.01,0,0,2,0
2024-05,Industrial,BUTTE,R-IND-GEN,Paid,1,1,12789.29,12789.29,59747.06,59747.06,1,0,0,0
2024-05,Industrial,CALAVERAS,R-IND-GEN,Exception,1,1,0.0,,22011.14,22011.14,0,0,0,1
2024-05,Industrial,CONTRA COSTA,R-IND-GEN,Generated,1,1,6632.23,6632.23,34092.62,34092.62,0,1,0,0
2024-05,Industrial,CONTRA COSTA,R-IND-GEN,Paid,5,5,36400.24,7280.05,183684.64,36736.93,5,0,0,0
2024-05,Industrial,EL DORADO,R-IND-GEN,Paid,1,1,6325.88,6325.88,32816.18,32816.18,1,0,0,0
2024-05,Industrial,FRESNO,R-IND-GEN,Exception,2,2,0.0,,91338.32,45669.16,0,0,0,2
2024-05,Industrial,FRESNO,R-IND-GEN,Generated,1,1,5415.05,5415.05,28694.7,28694.7,0,1,0,0
2024-05,Industrial,FRESNO,R-IND-GEN,Paid,6,6,47786.52,7964.42,236609.42,39434.9,6,0,0,0
2024-05,Industrial,HUMBOLDT,R-IND-GEN,Exception,1,1,0.0,,34406.69,34406.69,0,0,0,1
2024-05,Industrial,HUMBOLDT,R-IND-GEN,Paid,1,1,10544.4,10544.4,50393.32,50393.32,1,0,0,0
2024-05,Industrial,KERN,R-IND-GEN,Exception,3,3,0.0,,119327.0,39775.67,0,0,0,3
2024-05,Industrial,KERN,R-IND-GEN,Generated,6,6,51725.92,8620.99,249941.29,41656.88,0,6,0,0
2024-05,Industrial,KERN,R-IND-GEN,Paid,12,12,89814.44,7484.54,445424.68,37118.72,12,0,0,0
2024-05,Industrial,KINGS,R-IND-GEN,Generated,1,1,6456.37,6456.37,33359.88,33359.88,0,1,0,0
2024-05,Industrial,KINGS,R-IND-GEN,Paid,2,2,11212.31,5606.15,56985.18,28492.59,2,0,0,0
2024-05,Industrial,LAKE,R-IND-GEN,Generated,1,1,7910.55,7910.55,39418.97,39418.97,0,1,0,0
2024-05,Industrial,MADERA,R-IND-GEN,Generated,1,1,4615.23,4615.23,24251.3,24251.3,0,1,0,0
2024-05,Industrial,MARIN,R-IND-GEN,Paid,1,1,16443.0,16443.0,74970.82,74970.82,1,0,0,0
2024-05,Industrial,MARIN,R-IND-GEN,Past Due,1,1,10682.37,10682.37,50968.22,50968.22,0,0,1,0
2024-05,Industrial,MERCED,R-IND-GEN,Generated,1,1,8924.0,8924.0,43641.67,43641.67,0,1,0,0
2024-05,Industrial,MONTEREY,R-IND-GEN,Paid,1,1,7467.54,7467.54,37573.08,37573.08,1,0,0,0
2024-05,Industrial,NEVADA,R-IND-GEN,Paid,1,1,5945.44,5945.44,31231.0,31231.0,1,0,0,0
2024-05,Industrial,PLACER,R-IND-GEN,Generated,2,2,15171.21,7585.6,76130.05,38065.02,0,2,0,0
2024-05,Industrial,PLACER,R-IND-GEN,Paid,3,3,27543.3,9181.1,134138.77,44712.92,3,0,0,0
2024-05,Industrial,PLUMAS,R-IND-GEN,Paid,1,1,7273.13,7273.13,36763.05,36763.05,1,0,0,0
2024-05,Industrial,SAN FRANCISCO,R-IND-GEN,Exception,1,1,0.0,,58670.61,58670.61,0,0,0,1
2024-05,Industrial,SAN FRANCISCO,R-IND-GEN,Paid,1,1,6498.15,6498.15,33533.94,33533.94,1,0,0,0
2024-05,Industrial,SAN JOAQUIN,R-IND-GEN,Exception,1,1,0.0,,17823.16,17823.16,0,0,0,1
2024-05,Industrial,SAN JOAQUIN,R-IND-GEN,Generated,2,2,14258.61,7129.31,70925.97,35462.99,0,2,0,0
2024-05,Industrial,SAN JOAQUIN,R-IND-GEN,Paid,4,4,25623.0,6405.75,130552.92,32638.23,4,0,0,0
2024-05,Industrial,SAN LUIS OBISPO,R-IND-GEN,Paid,3,3,27675.06,9225.02,134687.77,44895.92,3,0,0,0
2024-05,Industrial,SAN MATEO,R-IND-GEN,Exception,1,1,0.0,,0.0,,0,0,0,1
2024-05,Industrial,SAN MATEO,R-IND-GEN,Paid,5,5,42137.75,8427.55,206510.15,41302.03,5,0,0,0
2024-05,Industrial,SANTA BARBARA,R-IND-GEN,Generated,1,1,8318.49,8318.49,41118.72,41118.72,0,1,0,0
2024-05,Industrial,SANTA BARBARA,R-IND-GEN,Paid,3,3,21961.26,7320.42,108622.42,36207.47,3,0,0,0
2024-05,Industrial,SANTA CLARA,R-IND-GEN,Exception,1,1,0.0,,40645.7,40645.7,0,0,0,1
2024-05,Industrial,SANTA CLARA,R-IND-GEN,Generated,3,3,36364.06,12121.35,170891.9,56963.97,0,3,0,0
2024-05,Industrial,SANTA CLARA,R-IND-GEN,Paid,13,13,130063.65,10004.9,624594.55,48045.73,13,0,0,0
2024-05,Industrial,SANTA CLARA,R-IND-GEN,Past Due,2,2,10449.67,5224.84,55275.91,27637.96,0,0,2,0
2024-05,Industrial,SHASTA,R-IND-GEN,Paid,3,3,16784.5,5594.83,87859.92,29286.64,3,0,0,0
2024-05,Industrial,SOLANO,R-IND-GEN,Exception,1,1,0.0,,34604.39,34604.39,0,0,0,1
2024-05,Industrial,SOLANO,R-IND-GEN,Paid,1,1,6024.16,6024.16,31559.0,31559.0,1,0,0,0
2024-05,Industrial,SONOMA,R-IND-GEN,Paid,2,2,13680.0,6840.0,69253.86,34626.93,2,0,0,0
2024-05,Industrial,YOLO,R-IND-GEN,Paid,3,3,39434.23,13144.74,183684.27,61228.09,3,0,0,0
2024-05,Industrial,YOLO,R-IND-GEN,Past Due,1,1,5442.32,5442.32,28846.24,28846.24,0,0,1,0
2024-05,Mining,ALAMEDA,R-MIN-GEN,Paid,1,1,2250.13,2250.13,12059.58,12059.58,1,0,0,0
2024-05,Mining,CONTRA COSTA,R-MIN-GEN,Generated,1,1,6661.37,6661.37,35051.66,35051.66,0,1,0,0
2024-05,Mining,CONTRA COSTA,R-MIN-GEN,Paid,1,1,4867.02,4867.02,26895.54,26895.54,1,0,0,0
2024-05,Mining,FRESNO,R-MIN-GEN,Exception,1,1,0.0,,49386.97,49386.97,0,0,0,1
2024-05,Mining,FRESNO,R-MIN-GEN,Paid,2,2,15406.68,7703.34,78980.08,39490.04,2,0,0,0
2024-05,Mining,KERN,R-MIN-GEN,Exception,1,1,0.0,,0.0,,0,0,0,1
2024-05,Mining,KERN,R-MIN-GEN,Generated,1,1,5180.18,5180.18,28319.01,28319.01,0,1,0,0
2024-05,Mining,KERN,R-MIN-GEN,Paid,2,2,14683.09,7341.55,76286.77,38143.39,2,0,0,0
2024-05,Mining,NEVADA,R-MIN-GEN,Paid,1,1,6678.54,6678.54,35129.71,35129.71,1,0,0,0
2024-05,Mining,SAN FRANCISCO,R-MIN-GEN,Paid,1,1,7819.83,7819.83,40317.39,40317.39,1,0,0,0
2024-05,Mining,SAN JOAQUIN,R-MIN-GEN,Paid,1,1,4763.68,4763.68,26425.8,26425.8,1,0,0,0
2024-05,Mining,SAN JOAQUIN,R-MIN-GEN,Past Due,1,1,11680.83,11680.83,57867.4,57867.4,0,0,1,0
2024-05,Mining,SAN LUIS OBISPO,R-MIN-GEN,Paid,1,1,8432.61,8432.61,43102.76,43102.76,1,0,0,0
2024-05,Mining,SANTA CLARA,R-MIN-GEN,Exception,1,1,0.0,,56216.06,56216.06,0,0,0,1
2024-05,Mining,SANTA CLARA,R-MIN-GEN,Generated,2,2,9693.04,4846.52,52888.63,26444.32,0,2,0,0
2024-05,Mining,SANTA CLARA,R-MIN-GEN,Paid,2,2,15519.53,7759.76,80088.79,40044.4,2,0,0,0
2024-05,Mining,SANTA CLARA,R-MIN-GEN,Past Due,2,2,9279.25,4639.63,50139.19,25069.6,0,0,2,0
2024-05,Mining,SONOMA,R-MIN-GEN,Generated,1,1,4925.09,4925.09,27159.48,27159.48,0,1,0,0
2024-05,Mining,SONOMA,R-MIN-GEN,Past Due,1,1,4618.87,4618.87,25767.61,25767.61,0,0,1,0
2024-05,Mining,YOLO,R-MIN-GEN,Paid,1,1,4093.78,4093.78,22904.56,22904.56,1,0,0,0
2024-05,Residential,ALAMEDA,R-RES-TOU,Exception,40,40,0.0,,13088.58,484.76,0,0,0,40
2024-05,Residential,ALAMEDA,R-RES-TOU,Generated,72,72,11306.46,157.03,36838.14,511.64,0,72,0,0
2024-05,Residential,ALAMEDA,R-RES-TOU,Paid,269,269,41627.03,154.75,135358.03,503.19,269,0,0,0
2024-05,Residential,ALAMEDA,R-RES-TOU,Past Due,35,35,4688.25,133.95,15377.96,439.37,0,0,35,0
2024-05,Residential,AMADOR,R-RES-TOU,Exception,2,2,0.0,,375.03,375.03,0,0,0,2
2024-05,Residential,AMADOR,R-RES-TOU,Paid,13,13,2015.57,155.04,6528.21,502.17,13,0,0,0
2024-05,Residential,AMADOR,R-RES-TOU,Past Due,1,1,161.09,161.09,539.15,539.15,0,0,1,0
2024-05,Residential,BUTTE,R-RES-TOU,Exception,4,4,0.0,,1338.76,446.25,0,0,0,4
2024-05,Residential,BUTTE,R-RES-TOU,Generated,9,9,1529.72,169.97,4948.69,549.85,0,9,0,0
2024-05,Residential,BUTTE,R-RES-TOU,Paid,32,32,4505.29,140.79,14723.51,460.11,32,0,0,0
2024-05,Residential,BUTTE,R-RES-TOU,Past Due,2,2,189.41,94.7,612.64,306.32,0,0,2,0
2024-05,Residential,CALAVERAS,R-RES-TOU,Exception,1,1,0.0,,224.17,224.17,0,0,0,1
2024-05,Residential,CALAVERAS,R-RES-TOU,Generated,4,4,487.98,122.0,1618.62,404.65,0,4,0,0
2024-05,Residential,CALAVERAS,R-RES-TOU,Paid,10,10,2013.69,201.37,6432.33,643.23,10,0,0,0
2024-05,Residential,COLUSA,R-RES-TOU,Exception,1,1,0.0,,399.55,399.55,0,0,0,1
2024-05,Residential,COLUSA,R-RES-TOU,Generated,1,1,78.14,78.14,244.96,244.96,0,1,0,0
2024-05,Residential,COLUSA,R-RES-TOU,Paid,8,8,1258.14,157.27,4063.49,507.94,8,0,0,0
2024-05,Residential,CONTRA COSTA,R-RES-TOU,Exception,33,33,0.0,,13165.71,487.62,0,0,0,33
2024-05,Residential,CONTRA COSTA,R-RES-TOU,Generated,48,48,6858.46,142.88,22281.78,464.2,0,48,0,0
2024-05,Residential,CONTRA COSTA,R-RES-TOU,Paid,197,197,31007.09,157.4,100529.27,510.3,197,0,0,0
2024-05,Residential,CONTRA COSTA,R-RES-TOU,Past Due,12,12,1879.26,156.6,6140.16,511.68,0,0,12,0
2024-05,Residential,EL DORADO,R-RES-TOU,Exception,7,7,0.0,,1335.04,445.01,0,0,0,7
2024-05,Residential,EL DORADO,R-RES-TOU,Generated,3,3,677.67,225.89,2109.31,703.1,0,3,0,0
2024-05,Residential,EL DORADO,R-RES-TOU,Paid,30,30,4280.37,142.68,14034.15,467.81,30,0,0,0
2024-05,Residential,EL DORADO,R-RES-TOU,Past Due,1,1,192.04,192.04,625.11,625.11,0,0,1,0
2024-05,Residential,FRESNO,R-RES-TOU,Exception,20,20,0.0,,4977.77,414.81,0,0,0,20
2024-05,Residential,FRESNO,R-RES-TOU,Generated,53,53,8915.73,168.22,28722.62,541.94,0,53,0,0
2024-05,Residential,FRESNO,R-RES-TOU,Paid,178,178,28846.3,162.06,93868.33,527.35,178,0,0,0
2024-05,Residential,FRESNO,R-RES-TOU,Past Due,20,20,2723.37,136.17,8924.08,446.2,0,0,20,0
2024-05,Residential,GLENN,R-RES-TOU,Exception,1,1,0.0,,453.67,453.67,0,0,0,1
2024-05,Residential,GLENN,R-RES-TOU,Generated,4,4,550.08,137.52,1707.29,426.82,0,4,0,0
2024-05,Residential,GLENN,R-RES-TOU,Paid,7,7,993.39,141.91,3232.74,461.82,7,0,0,0
2024-05,Residential,GLENN,R-RES-TOU,Past Due,2,2,335.01,167.5,1113.91,556.95,0,0,2,0
2024-05,Residential,HUMBOLDT,R-RES-TOU,Generated,6,6,989.68,164.95,3126.83,521.14,0,6,0,0
2024-05,Residential,HUMBOLDT,R-RES-TOU,Paid,18,18,2477.62,137.65,8242.97,457.94,18,0,0,0
2024-05,Residential,KERN,R-RES-TOU,Exception,45,45,0.0,,16053.59,517.86,0,0,0,45
2024-05,Residential,KERN,R-RES-TOU,Generated,111,111,16795.24,151.31,54595.27,491.85,0,111,0,0
2024-05,Residential,KERN,R-RES-TOU,Paid,410,410,61889.38,150.95,201676.28,491.89,410,0,0,0
2024-05,Residential,KERN,R-RES-TOU,Past Due,33,33,4863.77,147.39,15862.15,480.67,0,0,33,0
2024-05,Residential,KINGS,R-RES-TOU,Exception,8,8,0.0,,2499.35,499.87,0,0,0,8
2024-05,Residential,KINGS,R-RES-TOU,Generated,10,10,1459.67,145.97,4744.54,474.45,0,10,0,0
2024-05,Residential,KINGS,R-RES-TOU,Paid,35,35,5552.64,158.65,17960.22,513.15,35,0,0,0
2024-05,Residential,KINGS,R-RES-TOU,Past Due,5,5,719.91,143.98,2366.98,473.4,0,0,5,0
2024-05,Residential,LAKE,R-RES-TOU,Exception,2,2,0.0,,710.14,355.07,0,0,0,2
2024-05,Residential,LAKE,R-RES-TOU,Paid,11,11,1396.79,126.98,4615.26,419.57,11,0,0,0
2024-05,Residential,LAKE,R-RES-TOU,Past Due,2,2,306.64,153.32,1034.08,517.04,0,0,2,0
2024-05,Residential,MADERA,R-RES-TOU,Exception,5,5,0.0,,1417.14,354.29,0,0,0,5
2024-05,Residential,MADERA,R-RES-TOU,Generated,13,13,1577.09,121.31,5137.31,395.18,0,13,0,0
2024-05,Residential,MADERA,R-RES-TOU,Paid,25,25,3840.65,153.63,12492.22,499.69,25,0,0,0
2024-05,Residential,MADERA,R-RES-TOU,Past Due,6,6,991.11,165.19,3203.29,533.88,0,0,6,0
2024-05,Residential,MARIN,R-RES-TOU,Exception,4,4,0.0,,175.19,175.19,0,0,0,4
2024-05,Residential,MARIN,R-RES-TOU,Generated,7,7,1015.01,145.0,3358.7,479.81,0,7,0,0
2024-05,Residential,MARIN,R-RES-TOU,Paid,31,31,5128.6,165.44,16763.49,540.76,31,0,0,0
2024-05,Residential,MARIN,R-RES-TOU,Past Due,4,4,630.96,157.74,2033.8,508.45,0,0,4,0
2024-05,Residential,MARIPOSA,R-RES-TOU,Paid,3,3,521.0,173.67,1682.79,560.93,3,0,0,0
2024-05,Residential,MENDOCINO,R-RES-TOU,Exception,3,3,0.0,,1358.63,452.88,0,0,0,3
2024-05,Residential,MENDOCINO,R-RES-TOU,Paid,16,16,2671.91,166.99,8687.18,542.95,16,0,0,0
2024-05,Residential,MENDOCINO,R-RES-TOU,Past Due,1,1,190.77,190.77,621.58,621.58,0,0,1,0
2024-05,Residential,MERCED,R-RES-TOU,Exception,11,11,0.0,,3665.77,523.68,0,0,0,11
2024-05,Residential,MERCED,R-RES-TOU,Generated,26,26,4097.27,157.59,13278.26,510.7,0,26,0,0
2024-05,Residential,MERCED,R-RES-TOU,Paid,76,76,11258.33,148.14,36902.06,485.55,76,0,0,0
2024-05,Residential,MERCED,R-RES-TOU,Past Due,5,5,884.98,177.0,2837.64,567.53,0,0,5,0
2024-05,Residential,MONTEREY,R-RES-TOU,Exception,14,14,0.0,,3931.83,491.48,0,0,0,14
2024-05,Residential,MONTEREY,R-RES-TOU,Generated,11,11,1652.08,150.19,5401.44,491.04,0,11,0,0
2024-05,Residential,MONTEREY,R-RES-TOU,Paid,52,52,7711.7,148.3,25259.19,485.75,52,0,0,0
2024-05,Residential,MONTEREY,R-RES-TOU,Past Due,4,4,763.3,190.83,2425.86,606.47,0,0,4,0
2024-05,Residential,NAPA,R-RES-TOU,Exception,5,5,0.0,,1355.84,338.96,0,0,0,5
2024-05,Residential,NAPA,R-RES-TOU,Generated,4,4,639.74,159.94,2095.45,523.86,0,4,0,0
2024-05,Residential,NAPA,R-RES-TOU,Paid,31,31,4967.69,160.25,16237.05,523.78,31,0,0,0
2024-05,Residential,NAPA,R-RES-TOU,Past Due,4,4,595.97,148.99,1923.65,480.91,0,0,4,0
2024-05,Residential,NEVADA,R-RES-TOU,Exception,2,2,0.0,,682.9,341.45,0,0,0,2
2024-05,Residential,NEVADA,R-RES-TOU,Generated,2,2,225.0,112.5,744.45,372.23,0,2,0,0
2024-05,Residential,NEVADA,R-RES-TOU,Paid,17,17,2590.44,152.38,8403.81,494.34,17,0,0,0
2024-05,Residential,NEVADA,R-RES-TOU,Past Due,2,2,387.48,193.74,1245.75,622.88,0,0,2,0
2024-05,Residential,PLACER,R-RES-TOU,Exception,18,18,0.0,,7792.0,519.47,0,0,0,18
2024-05,Residential,PLACER,R-RES-TOU,Generated,15,15,2212.83,147.52,7177.89,478.53,0,15,0,0
2024-05,Residential,PLACER,R-RES-TOU,Paid,71,71,10855.53,152.89,35340.52,497.75,71,0,0,0
2024-05,Residential,PLACER,R-RES-TOU,Past Due,8,8,1404.59,175.57,4512.76,564.1,0,0,8,0
2024-05,Residential,PLUMAS,R-RES-TOU,Paid,5,5,584.03,116.81,1920.27,384.05,5,0,0,0
2024-05,Residential,PLUMAS,R-RES-TOU,Past Due,1,1,165.81,165.81,552.25,552.25,0,0,1,0
2024-05,Residential,SAN FRANCISCO,R-RES-TOU,Exception,14,14,0.0,,5184.04,576.0,0,0,0,14
2024-05,Residential,SAN FRANCISCO,R-RES-TOU,Generated,28,28,3705.32,132.33,12165.83,434.49,0,28,0,0
2024-05,Residential,SAN FRANCISCO,R-RES-TOU,Paid,119,119,18433.65,154.9,59875.87,503.16,119,0,0,0
2024-05,Residential,SAN FRANCISCO,R-RES-TOU,Past Due,16,16,2477.03,154.81,8065.44,504.09,0,0,16,0
2024-05,Residential,SAN JOAQUIN,R-RES-TOU,Exception,19,19,0.0,,5101.64,463.79,0,0,0,19
2024-05,Residential,SAN JOAQUIN,R-RES-TOU,Generated,33,33,5009.96,151.82,16193.57,490.71,0,33,0,0
2024-05,Residential,SAN JOAQUIN,R-RES-TOU,Paid,129,129,19799.41,153.48,64399.91,499.22,129,0,0,0
2024-05,Residential,SAN JOAQUIN,R-RES-TOU,Past Due,12,12,1816.87,151.41,5954.51,496.21,0,0,12,0
2024-05,Residential,SAN LUIS OBISPO,R-RES-TOU,Exception,4,4,0.0,,1689.86,563.29,0,0,0,4
2024-05,Residential,SAN LUIS OBISPO,R-RES-TOU,Generated,7,7,949.07,135.58,3148.57,449.8,0,7,0,0
2024-05,Residential,SAN LUIS OBISPO,R-RES-TOU,Paid,39,39,6147.64,157.63,20078.22,514.83,39,0,0,0
2024-05,Residential,SAN LUIS OBISPO,R-RES-TOU,Past Due,6,6,801.23,133.54,2597.89,432.98,0,0,6,0
2024-05,Residential,SAN MATEO,R-RES-TOU,Exception,20,20,0.0,,5256.0,438.0,0,0,0,20
2024-05,Residential,SAN MATEO,R-RES-TOU,Generated,29,29,4118.15,142.01,13332.02,459.72,0,29,0,0
2024-05,Residential,SAN MATEO,R-RES-TOU,Paid,88,88,13027.06,148.03,42584.05,483.91,88,0,0,0
2024-05,Residential,SAN MATEO,R-RES-TOU,Past Due,9,9,1223.53,135.95,4000.49,444.5,0,0,9,0
2024-05,Residential,SANTA BARBARA,R-RES-TOU,Exception,5,5,0.0,,2660.2,532.04,0,0,0,5
2024-05,Residential,SANTA BARBARA,R-RES-TOU,Generated,16,16,2431.45,151.97,7861.12,491.32,0,16,0,0
2024-05,Residential,SANTA BARBARA,R-RES-TOU,Paid,63,63,9564.68,151.82,31135.83,494.22,63,0,0,0
2024-05,Residential,SANTA BARBARA,R-RES-TOU,Past Due,3,3,600.27,200.09,1898.23,632.74,0,0,3,0
2024-05,Residential,SANTA CLARA,R-RES-TOU,Exception,55,55,0.0,,16407.05,468.77,0,0,0,55
2024-05,Residential,SANTA CLARA,R-RES-TOU,Generated,100,100,15603.85,156.04,50893.35,508.93,0,100,0,0
2024-05,Residential,SANTA CLARA,R-RES-TOU,Paid,415,415,63619.68,153.3,207516.39,500.04,415,0,0,0
2024-05,Residential,SANTA CLARA,R-RES-TOU,Past Due,50,50,7363.4,147.27,23928.57,478.57,0,0,50,0
2024-05,Residential,SANTA CRUZ,R-RES-TOU,Exception,3,3,0.0,,720.26,360.13,0,0,0,3
2024-05,Residential,SANTA CRUZ,R-RES-TOU,Generated,5,5,851.05,170.21,2822.32,564.46,0,5,0,0
2024-05,Residential,SANTA CRUZ,R-RES-TOU,Paid,26,26,4464.25,171.7,14411.04,554.27,26,0,0,0
2024-05,Residential,SANTA CRUZ,R-RES-TOU,Past Due,1,1,172.02,172.02,569.51,569.51,0,0,1,0
2024-05,Residential,SHASTA,R-RES-TOU,Exception,2,2,0.0,,366.73,366.73,0,0,0,2
2024-05,Residential,SHASTA,R-RES-TOU,Generated,8,8,1072.66,134.08,3598.16,449.77,0,8,0,0
2024-05,Residential,SHASTA,R-RES-TOU,Paid,20,20,2936.68,146.83,9603.47,480.17,20,0,0,0
2024-05,Residential,SHASTA,R-RES-TOU,Past Due,6,6,913.98,152.33,2980.18,496.7,0,0,6,0
2024-05,Residential,SOLANO,R-RES-TOU,Exception,5,5,0.0,,1212.19,404.06,0,0,0,5
2024-05,Residential,SOLANO,R-RES-TOU,Generated,18,18,2743.71,152.43,8828.24,490.46,0,18,0,0
2024-05,Residential,SOLANO,R-RES-TOU,Paid,70,70,11398.43,162.83,36900.31,527.15,70,0,0,0
2024-05,Residential,SOLANO,R-RES-TOU,Past Due,9,9,1217.98,135.33,3961.46,440.16,0,0,9,0
2024-05,Residential,SONOMA,R-RES-TOU,Exception,7,7,0.0,,2342.58,390.43,0,0,0,7
2024-05,Residential,SONOMA,R-RES-TOU,Generated,22,22,2862.51,130.11,9412.06,427.82,0,22,0,0
2024-05,Residential,SONOMA,R-RES-TOU,Paid,48,48,6607.24,137.65,21804.17,454.25,48,0,0,0
2024-05,Residential,SONOMA,R-RES-TOU,Past Due,7,7,1029.64,147.09,3356.08,479.44,0,0,7,0
2024-05,Residential,SUTTER,R-RES-TOU,Exception,3,3,0.0,,1453.97,484.66,0,0,0,3
2024-05,Residential,SUTTER,R-RES-TOU,Generated,5,5,848.93,169.79,2760.71,552.14,0,5,0,0
2024-05,Residential,SUTTER,R-RES-TOU,Paid,16,16,2725.1,170.32,8687.88,542.99,16,0,0,0
2024-05,Residential,SUTTER,R-RES-TOU,Past Due,2,2,432.17,216.08,1383.82,691.91,0,0,2,0
2024-05,Residential,TUOLUMNE,R-RES-TOU,Exception,2,2,0.0,,492.79,492.79,0,0,0,2
2024-05,Residential,TUOLUMNE,R-RES-TOU,Generated,4,4,431.46,107.86,1420.2,355.05,0,4,0,0
2024-05,Residential,TUOLUMNE,R-RES-TOU,Paid,13,13,1922.8,147.91,6276.55,482.81,13,0,0,0
2024-05,Residential,TUOLUMNE,R-RES-TOU,Past Due,1,1,354.18,354.18,1075.49,1075.49,0,0,1,0
2024-05,Residential,YOLO,R-RES-TOU,Exception,7,7,0.0,,1808.33,452.08,0,0,0,7
2024-05,Residential,YOLO,R-RES-TOU,Generated,7,7,1338.29,191.18,4277.96,611.14,0,7,0,0
2024-05,Residential,YOLO,R-RES-TOU,Paid,34,34,5425.8,159.58,17560.74,516.49,34,0,0,0
2024-05,Residential,YOLO,R-RES-TOU,Past Due,4,4,601.89,150.47,1949.26,487.31,0,0,4,0
2024-05,Residential,YUBA,R-RES-TOU,Exception,1,1,0.0,,593.58,593.58,0,0,0,1
2024-05,Residential,YUBA,R-RES-TOU,Generated,5,5,1092.39,218.48,3425.45,685.09,0,5,0,0
2024-05,Residential,YUBA,R-RES-TOU,Paid,9,9,1485.4,165.04,4837.82,537.54,9,0,0,0
2024-05,Residential,YUBA,R-RES-TOU,Past Due,5,5,711.93,142.39,2329.86,465.97,0,0,5,0
2024-05,Streetlighting,ALAMEDA,R-STLIGHT,Paid,6,6,2607.51,434.59,12696.53,2116.09,6,0,0,0
2024-05,Streetlighting,CONTRA COSTA,R-STLIGHT,Paid,1,1,382.63,382.63,1908.57,1908.57,1,0,0,0
2024-05,Streetlighting,FRESNO,R-STLIGHT,Exception,2,2,0.0,,4929.6,4929.6,0,0,0,2
2024-05,Streetlighting,KERN,R-STLIGHT,Generated,1,1,549.99,549.99,2624.95,2624.95,0,1,0,0
2024-05,Streetlighting,KERN,R-STLIGHT,Paid,1,1,494.36,494.36,2393.15,2393.15,1,0,0,0
2024-05,Streetlighting,NEVADA,R-STLIGHT,Generated,1,1,881.91,881.91,4007.95,4007.95,0,1,0,0
2024-05,Streetlighting,PLACER,R-STLIGHT,Paid,1,1,535.61,535.61,2565.05,2565.05,1,0,0,0
2024-05,Streetlighting,SAN FRANCISCO,R-STLIGHT,Paid,1,1,361.05,361.05,1795.02,1795.02,1,0,0,0
2024-05,Streetlighting,SAN JOAQUIN,R-STLIGHT,Exception,1,1,0.0,,4742.66,4742.66,0,0,0,1
2024-05,Streetlighting,SAN JOAQUIN,R-STLIGHT,Paid,1,1,425.92,425.92,2108.01,2108.01,1,0,0,0
2024-05,Streetlighting,SAN JOAQUIN,R-STLIGHT,Past Due,1,1,575.46,575.46,2731.08,2731.08,0,0,1,0
2024-05,Streetlighting,SANTA CLARA,R-STLIGHT,Paid,5,5,2972.3,594.46,14026.0,2805.2,5,0,0,0
2024-05,Streetlighting,SOLANO,R-STLIGHT,Paid,2,2,1866.6,933.3,8444.15,4222.07,2,0,0,0
2024-05,"Transportation, Communications, & Utilities",ALAMEDA,R-TCU-GEN,Generated,3,3,10827.21,3609.07,44769.69,14923.23,0,3,0,0
2024-05,"Transportation, Communications, & Utilities",ALAMEDA,R-TCU-GEN,Paid,3,3,8726.1,2908.7,36220.14,12073.38,3,0,0,0
2024-05,"Transportation, Communications, & Utilities",BUTTE,R-TCU-GEN,Paid,2,2,10733.91,5366.95,42116.94,21058.47,2,0,0,0
2024-05,"Transportation, Communications, & Utilities",CONTRA COSTA,R-TCU-GEN,Generated,1,1,3826.51,3826.51,15746.59,15746.59,0,1,0,0
2024-05,"Transportation, Communications, & Utilities",CONTRA COSTA,R-TCU-GEN,Paid,5,5,21038.1,4207.62,84828.14,16965.63,5,0,0,0
2024-05,"Transportation, Communications, & Utilities",FRESNO,R-TCU-GEN,Generated,1,1,3776.27,3776.27,15573.36,15573.36,0,1,0,0
2024-05,"Transportation, Communications, & Utilities",FRESNO,R-TCU-GEN,Paid,3,3,13186.33,4395.44,53125.3,17708.43,3,0,0,0
2024-05,"Transportation, Communications, & Utilities",FRESNO,R-TCU-GEN,Past Due,2,2,8238.98,4119.49,33513.75,16756.88,0,0,2,0
2024-05,"Transportation, Communications, & Utilities",KERN,R-TCU-GEN,Generated,2,2,7046.76,3523.38,29402.61,14701.31,0,2,0,0
2024-05,"Transportation, Communications, & Utilities",KERN,R-TCU-GEN,Paid,4,4,17559.89,4389.97,70340.88,17585.22,4,0,0,0
2024-05,"Transportation, Communications, & Utilities",MADERA,R-TCU-GEN,Generated,1,1,2047.86,2047.86,8853.89,8853.89,0,1,0,0
2024-05,"Transportation, Communications, & Utilities",MENDOCINO,R-TCU-GEN,Generated,1,1,3492.92,3492.92,14596.28,14596.28,0,1,0,0
2024-05,"Transportation, Communications, & Utilities",MERCED,R-TCU-GEN,Past Due,1,1,2758.56,2758.56,12063.99,12063.99,0,0,1,0
2024-05,"Transportation, Communications, & Utilities",MONTEREY,R-TCU-GEN,Paid,2,2,9835.11,4917.56,39017.64,19508.82,2,0,0,0
2024-05,"Transportation, Communications, & Utilities",PLACER,R-TCU-GEN,Paid,2,2,6251.14,3125.57,26212.75,13106.38,2,0,0,0
2024-05,"Transportation, Communications, & Utilities",PLACER,R-TCU-GEN,Past Due,1,1,3337.55,3337.55,14060.53,14060.53,0,0,1,0
2024-05,"Transportation, Communications, & Utilities",SAN FRANCISCO,R-TCU-GEN,Paid,3,3,12118.5,4039.5,49443.07,16481.02,3,0,0,0
2024-05,"Transportation, Communications, & Utilities",SAN JOAQUIN,R-TCU-GEN,Generated,1,1,2411.89,2411.89,10508.59,10508.59,0,1,0,0
2024-05,"Transportation, Communications, & Utilities",SAN JOAQUIN,R-TCU-GEN,Paid,1,1,11163.74,11163.74,41047.39,41047.39,1,0,0,0
2024-05,"Transportation, Communications, & Utilities",SAN JOAQUIN,R-TCU-GEN,Past Due,1,1,7444.56,7444.56,28222.63,28222.63,0,0,1,0
2024-05,"Transportation, Communications, & Utilities",SAN LUIS OBISPO,R-TCU-GEN,Paid,1,1,3338.07,3338.07,14062.31,14062.31,1,0,0,0
2024-05,"Transportation, Communications, & Utilities",SAN MATEO,R-TCU-GEN,Exception,1,1,0.0,,16394.23,16394.23,0,0,0,1
2024-05,"Transportation, Communications, & Utilities",SAN MATEO,R-TCU-GEN,Generated,1,1,4394.2,4394.2,17704.15,17704.15,0,1,0,0
2024-05,"Transportation, Communications, & Utilities",SAN MATEO,R-TCU-GEN,Paid,3,3,8438.92,2812.97,35833.5,11944.5,3,0,0,0
2024-05,"Transportation, Communications, & Utilities",SAN MATEO,R-TCU-GEN,Past Due,1,1,4911.93,4911.93,19489.41,19489.41,0,0,1,0
2024-05,"Transportation, Communications, & Utilities",SANTA BARBARA,R-TCU-GEN,Paid,2,2,5486.67,2743.34,23351.57,11675.78,2,0,0,0
2024-05,"Transportation, Communications, & Utilities",SANTA CLARA,R-TCU-GEN,Exception,4,4,0.0,,30018.49,15009.25,0,0,0,4
2024-05,"Transportation, Communications, & Utilities",SANTA CLARA,R-TCU-GEN,Generated,7,7,27501.71,3928.82,111919.36,15988.48,0,7,0,0
2024-05,"Transportation, Communications, & Utilities",SANTA CLARA,R-TCU-GEN,Paid,7,7,24510.73,3501.53,101819.47,14545.64,7,0,0,0
2024-05,"Transportation, Communications, & Utilities",SANTA CRUZ,R-TCU-GEN,Paid,1,1,5083.65,5083.65,20081.55,20081.55,1,0,0,0
2024-05,"Transportation, Communications, & Utilities",SHASTA,R-TCU-GEN,Paid,2,2,7261.58,3630.79,30143.37,15071.68,2,0,0,0
2024-06,Agriculture And Water Pumping,ALAMEDA,R-AGR-PUMP,Exception,2,2,0.0,,31406.46,15703.23,0,0,0,2
2024-06,Agriculture And Water Pumping,ALAMEDA,R-AGR-PUMP,Generated,5,5,15776.59,3155.32,67136.4,13427.28,0,5,0,0
2024-06,Agriculture And Water Pumping,ALAMEDA,R-AGR-PUMP,Paid,6,6,22219.22,3703.2,92982.4,15497.07,6,0,0,0
2024-06,Agriculture And Water Pumping,ALAMEDA,R-AGR-PUMP,Past Due,1,1,2991.02,2991.02,12874.13,12874.13,0,0,1,0
2024-06,Agriculture And Water Pumping,AMADOR,R-AGR-PUMP,Paid,1,1,1936.09,1936.09,8967.01,8967.01,1,0,0,0
2024-06,Agriculture And Water Pumping,BUTTE,R-AGR-PUMP,Paid,1,1,1988.75,1988.75,9162.02,9162.02,1,0,0,0
2024-06,Agriculture And Water Pumping,CONTRA COSTA,R-AGR-PUMP,Exception,1,1,0.0,,14562.83,14562.83,0,0,0,1
2024-06,Agriculture And Water Pumping,CONTRA COSTA,R-AGR-PUMP,Generated,4,4,15125.92,3781.48,63026.17,15756.54,0,4,0,0
2024-06,Agriculture And Water Pumping,CONTRA COSTA,R-AGR-PUMP,Paid,9,9,19527.02,2169.67,87557.34,9728.59,9,0,0,0
2024-06,Agriculture And Water Pumping,EL DORADO,R-AGR-PUMP,Generated,2,2,3672.9,1836.45,17195.91,8597.95,0,2,0,0
2024-06,Agriculture And Water Pumping,FRESNO,R-AGR-PUMP,Exception,2,2,0.0,,0.0,,0,0,0,2
2024-06,Agriculture And Water Pumping,FRESNO,R-AGR-PUMP,Generated,3,3,6374.27,2124.76,28957.86,9652.62,0,3,0,0
2024-06,Agriculture And Water Pumping,FRESNO,R-AGR-PUMP,Paid,5,5,10707.3,2141.46,48515.99,9703.2,5,0,0,0
2024-06,Agriculture And Water Pumping,KERN,R-AGR-PUMP,Exception,2,2,0.0,,20168.76,10084.38,0,0,0,2
2024-06,Agriculture And Water Pumping,KERN,R-AGR-PUMP,Generated,3,3,15786.14,5262.05,63856.08,21285.36,0,3,0,0
2024-06,Agriculture And Water Pumping,KERN,R-AGR-PUMP,Paid,9,9,22538.98,2504.33,99516.97,11057.44,9,0,0,0
2024-06,Agriculture And Water Pumping,KINGS,R-AGR-PUMP,Exception,1,1,0.0,,17605.81,17605.81,0,0,0,1
2024-06,Agriculture And Water Pumping,KINGS,R-AGR-PUMP,Generated,1,1,1278.89,1278.89,6019.44,6019.44,0,1,0,0
2024-06,Agriculture And Water Pumping,MERCED,R-AGR-PUMP,Generated,3,3,4847.92,1615.97,23055.99,7685.33,0,3,0,0
2024-06,Agriculture And Water Pumping,MERCED,R-AGR-PUMP,Paid,2,2,3853.71,1926.86,17865.59,8932.79,2,0,0,0
2024-06,Agriculture And Water Pumping,MONTEREY,R-AGR-PUMP,Paid,3,3,8747.39,2915.8,37758.41,12586.14,3,0,0,0
2024-06,Agriculture And Water Pumping,MONTEREY,R-AGR-PUMP,Past Due,1,1,2840.86,2840.86,12318.0,12318.0,0,0,1,0
2024-06,Agriculture And Water Pumping,NEVADA,R-AGR-PUMP,Paid,1,1,4155.38,4155.38,17186.58,17186.58,1,0,0,0
2024-06,Agriculture And Water Pumping,PLACER,R-AGR-PUMP,Exception,1,1,0.0,,0.0,,0,0,0,1
2024-06,Agriculture And Water Pumping,PLACER,R-AGR-PUMP,Generated,1,1,6973.36,6973.36,27623.55,27623.55,0,1,0,0
2024-06,Agriculture And Water Pumping,PLACER,R-AGR-PUMP,Paid,2,2,4536.55,2268.28,20073.41,10036.7,2,0,0,0
2024-06,Agriculture And Water Pumping,PLACER,R-AGR-PUMP,Past Due,1,1,1907.1,1907.1,8859.63,8859.63,0,0,1,0
2024-06,Agriculture And Water Pumping,SAN FRANCISCO,R-AGR-PUMP,Paid,9,9,31937.21,3548.58,133860.26,14873.36,9,0,0,0
2024-06,Agriculture And Water Pumping,SAN FRANCISCO,R-AGR-PUMP,Past Due,2,2,7809.9,3904.95,32518.15,16259.07,0,0,2,0
2024-06,Agriculture And Water Pumping,SAN JOAQUIN,R-AGR-PUMP,Generated,2,2,8345.34,4172.67,34501.25,17250.63,0,2,0,0
2024-06,Agriculture And Water Pumping,SAN JOAQUIN,R-AGR-PUMP,Paid,8,8,22333.68,2791.71,96627.49,12078.44,8,0,0,0
2024-06,Agriculture And Water Pumping,SAN LUIS OBISPO,R-AGR-PUMP,Paid,1,1,2359.87,2359.87,10536.55,10536.55,1,0,0,0
2024-06,Agriculture And Water Pumping,SAN MATEO,R-AGR-PUMP,Generated,2,2,5163.0,2581.5,22714.81,11357.41,0,2,0,0
2024-06,Agriculture And Water Pumping,SAN MATEO,R-AGR-PUMP,Paid,4,4,10030.02,2507.51,44333.37,11083.34,4,0,0,0
2024-06,Agriculture And Water Pumping,SANTA BARBARA,R-AGR-PUMP,Paid,2,2,6108.6,3054.3,25328.43,12664.22,2,0,0,0
2024-06,Agriculture And Water Pumping,SANTA CLARA,R-AGR-PUMP,Generated,4,4,12648.53,3162.13,54031.58,13507.9,0,4,0,0
2024-06,Agriculture And Water Pumping,SANTA CLARA,R-AGR-PUMP,Paid,16,16,36974.24,2310.89,163844.66,10240.29,16,0,0,0
2024-06,Agriculture And Water Pumping,SANTA CLARA,R-AGR-PUMP,Past Due,1,1,6304.54,6304.54,25146.45,25146.45,0,0,1,0
2024-06,Agriculture And Water Pumping,SANTA CRUZ,R-AGR-PUMP,Paid,1,1,3124.23,3124.23,13367.52,13367.52,1,0,0,0
2024-06,Agriculture And Water Pumping,SANTA CRUZ,R-AGR-PUMP,Past Due,1,1,3036.36,3036.36,13042.07,13042.07,0,0,1,0
2024-06,Agriculture And Water Pumping,SHASTA,R-AGR-PUMP,Past Due,1,1,2365.44,2365.44,10557.2,10557.2,0,0,1,0
2024-06,Agriculture And Water Pumping,SOLANO,R-AGR-PUMP,Generated,1,1,2879.3,2879.3,12460.38,12460.38,0,1,0,0
2024-06,Agriculture And Water Pumping,SOLANO,R-AGR-PUMP,Paid,3,3,7409.06,2469.69,32829.87,10943.29,3,0,0,0
2024-06,Agriculture And Water Pumping,SUTTER,R-AGR-PUMP,Paid,1,1,2550.53,2550.53,11242.7,11242.7,1,0,0,0
2024-06,Agriculture And Water Pumping,TUOLUMNE,R-AGR-PUMP,Generated,1,1,2270.32,2270.32,10204.88,10204.88,0,1,0,0
2024-06,Agriculture And Water Pumping,TUOLUMNE,R-AGR-PUMP,Paid,1,1,3502.45,3502.45,14768.32,14768.32,1,0,0,0
2024-06,Agriculture And Water Pumping,YOLO,R-AGR-PUMP,Generated,1,1,2164.28,2164.28,9812.15,9812.15,0,1,0,0
2024-06,Agriculture And Water Pumping,YOLO,R-AGR-PUMP,Paid,2,2,6754.67,3377.34,28609.87,14304.94,2,0,0,0
2024-06,Commercial,ALAMEDA,R-COM-GEN,Exception,6,6,0.0,,18775.92,4693.98,0,0,0,6
2024-06,Commercial,ALAMEDA,R-COM-GEN,Generated,15,15,21715.08,1447.67,78479.49,5231.97,0,15,0,0
2024-06,Commercial,ALAMEDA,R-COM-GEN,Paid,46,46,60115.97,1306.87,218962.78,4760.06,46,0,0,0
2024-06,Commercial,ALAMEDA,R-COM-GEN,Past Due,1,1,3602.2,3602.2,12184.5,12184.5,0,0,1,0
2024-06,Commercial,AMADOR,R-COM-GEN,Paid,1,1,619.98,619.98,2437.4,2437.4,1,0,0,0
2024-06,Commercial,AMADOR,R-COM-GEN,Past Due,2,2,3339.22,1669.61,11900.69,5950.34,0,0,2,0
2024-06,Commercial,BUTTE,R-COM-GEN,Generated,1,1,996.18,996.18,3777.99,3777.99,0,1,0,0
2024-06,Commercial,BUTTE,R-COM-GEN,Paid,10,10,12899.59,1289.96,47037.4,4703.74,10,0,0,0
2024-06,Commercial,BUTTE,R-COM-GEN,Past Due,1,1,1244.88,1244.88,4580.27,4580.27,0,0,1,0
2024-06,Commercial,CALAVERAS,R-COM-GEN,Generated,1,1,1513.18,1513.18,5445.73,5445.73,0,1,0,0
2024-06,Commercial,CALAVERAS,R-COM-GEN,Paid,2,2,1771.61,885.8,6661.42,3330.71,2,0,0,0
2024-06,Commercial,COLUSA,R-COM-GEN,Generated,1,1,1583.07,1583.07,5671.18,5671.18,0,1,0,0
2024-06,Commercial,CONTRA COSTA,R-COM-GEN,Exception,6,6,0.0,,9812.87,4906.43,0,0,0,6
2024-06,Commercial,CONTRA COSTA,R-COM-GEN,Generated,8,8,9429.45,1178.68,34811.64,4351.45,0,8,0,0
2024-06,Commercial,CONTRA COSTA,R-COM-GEN,Paid,31,31,39706.71,1280.86,145358.55,4688.99,31,0,0,0
2024-06,Commercial,CONTRA COSTA,R-COM-GEN,Past Due,3,3,3461.42,1153.81,12859.4,4286.47,0,0,3,0
2024-06,Commercial,EL DORADO,R-COM-GEN,Generated,1,1,1198.08,1198.08,4429.29,4429.29,0,1,0,0
2024-06,Commercial,EL DORADO,R-COM-GEN,Paid,6,6,8802.64,1467.11,31782.71,5297.12,6,0,0,0
2024-06,Commercial,FRESNO,R-COM-GEN,Exception,1,1,0.0,,0.0,,0,0,0,1
2024-06,Commercial,FRESNO,R-COM-GEN,Generated,12,12,14259.21,1188.27,52525.0,4377.08,0,12,0,0
2024-06,Commercial,FRESNO,R-COM-GEN,Paid,28,28,29271.43,1045.41,109419.04,3907.82,28,0,0,0
2024-06,Commercial,FRESNO,R-COM-GEN,Past Due,4,4,3447.18,861.79,13273.2,3318.3,0,0,4,0
2024-06,Commercial,GLENN,R-COM-GEN,Exception,1,1,0.0,,4742.41,4742.41,0,0,0,1
2024-06,Commercial,GLENN,R-COM-GEN,Paid,3,3,3474.65,1158.22,12902.12,4300.71,3,0,0,0
2024-06,Commercial,HUMBOLDT,R-COM-GEN,Exception,1,1,0.0,,5799.25,5799.25,0,0,0,1
2024-06,Commercial,HUMBOLDT,R-COM-GEN,Generated,2,2,2227.91,1113.95,8315.82,4157.91,0,2,0,0
2024-06,Commercial,HUMBOLDT,R-COM-GEN,Paid,2,2,1991.76,995.88,7554.06,3777.03,2,0,0,0
2024-06,Commercial,KERN,R-COM-GEN,Exception,7,7,0.0,,8484.2,4242.1,0,0,0,7
2024-06,Commercial,KERN,R-COM-GEN,Generated,16,16,20874.67,1304.67,76247.8,4765.49,0,16,0,0
2024-06,Commercial,KERN,R-COM-GEN,Paid,53,53,63689.51,1201.69,234394.13,4422.53,53,0,0,0
2024-06,Commercial,KERN,R-COM-GEN,Past Due,7,7,8588.95,1226.99,31647.39,4521.06,0,0,7,0
2024-06,Commercial,KINGS,R-COM-GEN,Exception,1,1,0.0,,0.0,,0,0,0,1
2024-06,Commercial,KINGS,R-COM-GEN,Generated,1,1,786.98,786.98,3103.16,3103.16,0,1,0,0
2024-06,Commercial,KINGS,R-COM-GEN,Paid,4,4,6227.32,1556.83,22346.19,5586.55,4,0,0,0
2024-06,Commercial,KINGS,R-COM-GEN,Past Due,1,1,1571.35,1571.35,5633.39,5633.39,0,0,1,0
2024-06,Commercial,LAKE,R-COM-GEN,Paid,1,1,590.03,590.03,2312.61,2312.61,1,0,0,0
2024-06,Commercial,MADERA,R-COM-GEN,Exception,2,2,0.0,,5330.09,2665.05,0,0,0,2
2024-06,Commercial,MADERA,R-COM-GEN,Generated,1,1,1388.61,1388.61,5043.89,5043.89,0,1,0,0
2024-06,Commercial,MADERA,R-COM-GEN,Paid,6,6,5094.11,849.02,19716.51,3286.09,6,0,0,0
2024-06,Commercial,MARIN,R-COM-GEN,Paid,3,3,5322.52,1774.17,18862.96,6287.65,3,0,0,0
2024-06,Commercial,MARIN,R-COM-GEN,Past Due,2,2,1787.72,893.86,6759.69,3379.85,0,0,2,0
2024-06,Commercial,MARIPOSA,R-COM-GEN,Paid,1,1,929.75,929.75,3563.71,3563.71,1,0,0,0
2024-06,Commercial,MENDOCINO,R-COM-GEN,Generated,3,3,3290.74,1096.91,12308.84,4102.95,0,3,0,0
2024-06,Commercial,MENDOCINO,R-COM-GEN,Paid,1,1,1124.4,1124.4,4191.6,4191.6,1,0,0,0
2024-06,Commercial,MERCED,R-COM-GEN,Exception,2,2,0.0,,3086.71,3086.71,0,0,0,2
2024-06,Commercial,MERCED,R-COM-GEN,Generated,6,6,6374.43,1062.4,23949.76,3991.63,0,6,0,0
2024-06,Commercial,MERCED,R-COM-GEN,Paid,9,9,11124.97,1236.11,40967.63,4551.96,9,0,0,0
2024-06,Commercial,MERCED,R-COM-GEN,Past Due,1,1,1390.39,1390.39,5049.65,5049.65,0,0,1,0
2024-06,Commercial,MONTEREY,R-COM-GEN,Exception,1,1,0.0,,0.0,,0,0,0,1
2024-06,Commercial,MONTEREY,R-COM-GEN,Generated,4,4,4854.53,1213.63,17800.48,4450.12,0,4,0,0
2024-06,Commercial,MONTEREY,R-COM-GEN,Paid,10,10,10953.02,1095.3,40235.97,4023.6,10,0,0,0
2024-06,Commercial,MONTEREY,R-COM-GEN,Past Due,1,1,649.01,649.01,2558.37,2558.37,0,0,1,0
2024-06,Commercial,NAPA,R-COM-GEN,Paid,4,4,5149.59,1287.4,18869.61,4717.4,4,0,0,0
2024-06,Commercial,NAPA,R-COM-GEN,Past Due,1,1,2370.52,2370.52,8211.37,8211.37,0,0,1,0
2024-06,Commercial,NEVADA,R-COM-GEN,Exception,1,1,0.0,,6612.6,6612.6,0,0,0,1
2024-06,Commercial,NEVADA,R-COM-GEN,Generated,1,1,719.19,719.19,2850.8,2850.8,0,1,0,0
2024-06,Commercial,NEVADA,R-COM-GEN,Paid,5,5,5578.85,1115.77,20549.49,4109.9,5,0,0,0
2024-06,Commercial,PLACER,R-COM-GEN,Exception,3,3,0.0,,7111.06,3555.53,0,0,0,3
2024-06,Commercial,PLACER,R-COM-GEN,Generated,3,3,6069.16,2023.05,21271.49,7090.5,0,3,0,0
2024-06,Commercial,PLACER,R-COM-GEN,Paid,14,14,13618.91,972.78,50912.17,3636.58,14,0,0,0
2024-06,Commercial,PLACER,R-COM-GEN,Past Due,1,1,1115.16,1115.16,4161.82,4161.82,0,0,1,0
2024-06,Commercial,PLUMAS,R-COM-GEN,Exception,1,1,0.0,,0.0,,0,0,0,1
2024-06,Commercial,PLUMAS,R-COM-GEN,Generated,1,1,1478.07,1478.07,5332.49,5332.49,0,1,0,0
2024-06,Commercial,PLUMAS,R-COM-GEN,Paid,2,2,2312.92,1156.46,8590.06,4295.03,2,0,0,0
2024-06,Commercial,SAN FRANCISCO,R-COM-GEN,Exception,2,2,0.0,,0.0,,0,0,0,2
2024-06,Commercial,SAN FRANCISCO,R-COM-GEN,Generated,4,4,3721.34,930.34,13951.72,3487.93,0,4,0,0
2024-06,Commercial,SAN FRANCISCO,R-COM-GEN,Paid,26,26,30686.91,1180.27,112851.43,4340.44,26,0,0,0
2024-06,Commercial,SAN FRANCISCO,R-COM-GEN,Past Due,2,2,2548.64,1274.32,9114.42,4557.21,0,0,2,0
2024-06,Commercial,SAN JOAQUIN,R-COM-GEN,Generated,8,8,9335.06,1166.88,34629.26,4328.66,0,8,0,0
2024-06,Commercial,SAN JOAQUIN,R-COM-GEN,Paid,23,23,28632.54,1244.89,104764.81,4554.99,23,0,0,0
2024-06,Commercial,SAN JOAQUIN,R-COM-GEN,Past Due,4,4,5720.07,1430.02,20709.91,5177.48,0,0,4,0
2024-06,Commercial,SAN LUIS OBISPO,R-COM-GEN,Exception,1,1,0.0,,0.0,,0,0,0,1
2024-06,Commercial,SAN LUIS OBISPO,R-COM-GEN,Generated,2,2,1900.8,950.4,7135.29,3567.65,0,2,0,0
2024-06,Commercial,SAN LUIS OBISPO,R-COM-GEN,Paid,8,8,9169.19,1146.15,33971.21,4246.4,8,0,0,0
2024-06,Commercial,SAN LUIS OBISPO,R-COM-GEN,Past Due,1,1,1067.66,1067.66,4008.59,4008.59,0,0,1,0
2024-06,Commercial,SAN MATEO,R-COM-GEN,Exception,1,1,0.0,,0.0,,0,0,0,1
2024-06,Commercial,SAN MATEO,R-COM-GEN,Generated,4,4,5637.24,1409.31,20442.69,5110.67,0,4,0,0
2024-06,Commercial,SAN MATEO,R-COM-GEN,Paid,18,18,18811.75,1045.1,70198.38,3899.91,18,0,0,0
2024-06,Commercial,SAN MATEO,R-COM-GEN,Past Due,1,1,841.7,841.7,3279.69,3279.69,0,0,1,0
2024-06,Commercial,SANTA BARBARA,R-COM-GEN,Exception,2,2,0.0,,4215.82,4215.82,0,0,0,2
2024-06,Commercial,SANTA BARBARA,R-COM-GEN,Generated,1,1,1024.77,1024.77,3870.23,3870.23,0,1,0,0
2024-06,Commercial,SANTA BARBARA,R-COM-GEN,Paid,9,9,10384.51,1153.83,38423.43,4269.27,9,0,0,0
2024-06,Commercial,SANTA BARBARA,R-COM-GEN,Past Due,1,1,1134.01,1134.01,4222.6,4222.6,0,0,1,0
2024-06,Commercial,SANTA CLARA,R-COM-GEN,Exception,9,9,0.0,,28322.52,4046.07,0,0,0,9
2024-06,Commercial,SANTA CLARA,R-COM-GEN,Generated,14,14,15887.89,1134.85,59071.25,4219.38,0,14,0,0
2024-06,Commercial,SANTA CLARA,R-COM-GEN,Paid,65,65,76835.41,1182.08,283636.47,4363.64,65,0,0,0
2024-06,Commercial,SANTA CLARA,R-COM-GEN,Past Due,5,5,5986.13,1197.23,22064.7,4412.94,0,0,5,0
2024-06,Commercial,SANTA CRUZ,R-COM-GEN,Paid,3,3,3553.72,1184.57,13157.17,4385.72,3,0,0,0
2024-06,Commercial,SANTA CRUZ,R-COM-GEN,Past Due,1,1,1317.32,1317.32,4813.95,4813.95,0,0,1,0
2024-06,Commercial,SHASTA,R-COM-GEN,Exception,1,1,0.0,,0.0,,0,0,0,1
2024-06,Commercial,SHASTA,R-COM-GEN,Generated,2,2,1709.58,854.79,6643.82,3321.91,0,2,0,0
2024-06,Commercial,SHASTA,R-COM-GEN,Paid,5,5,6545.95,1309.19,23938.54,4787.71,5,0,0,0
2024-06,Commercial,SHASTA,R-COM-GEN,Past Due,1,1,690.87,690.87,2732.8,2732.8,0,0,1,0
2024-06,Commercial,SOLANO,R-COM-GEN,Exception,1,1,0.0,,5355.96,5355.96,0,0,0,1
2024-06,Commercial,SOLANO,R-COM-GEN,Generated,1,1,720.14,720.14,2854.76,2854.76,0,1,0,0
2024-06,Commercial,SOLANO,R-COM-GEN,Paid,8,8,10446.49,1305.81,37942.49,4742.81,8,0,0,0
2024-06,Commercial,SOLANO,R-COM-GEN,Past Due,1,1,676.05,676.05,2671.05,2671.05,0,0,1,0
2024-06,Commercial,SONOMA,R-COM-GEN,Exception,1,1,0.0,,0.0,,0,0,0,1
2024-06,Commercial,SONOMA,R-COM-GEN,Generated,4,4,3053.96,763.49,11740.33,2935.08,0,4,0,0
2024-06,Commercial,SONOMA,R-COM-GEN,Paid,8,8,8591.04,1073.88,32165.06,4020.63,8,0,0,0
2024-06,Commercial,SUTTER,R-COM-GEN,Generated,1,1,947.61,947.61,3621.32,3621.32,0,1,0,0
2024-06,Commercial,SUTTER,R-COM-GEN,Paid,3,3,2584.42,861.47,10019.26,3339.75,3,0,0,0
2024-06,Commercial,SUTTER,R-COM-GEN,Past Due,2,2,1492.48,746.24,5913.06,2956.53,0,0,2,0
2024-06,Commercial,TUOLUMNE,R-COM-GEN,Exception,1,1,0.0,,6418.87,6418.87,0,0,0,1
2024-06,Commercial,TUOLUMNE,R-COM-GEN,Generated,1,1,1773.92,1773.92,6286.85,6286.85,0,1,0,0
2024-06,Commercial,TUOLUMNE,R-COM-GEN,Paid,4,4,6516.69,1629.17,23279.6,5819.9,4,0,0,0
2024-06,Commercial,YOLO,R-COM-GEN,Generated,2,2,1824.06,912.03,6933.77,3466.88,0,2,0,0
2024-06,Commercial,YOLO,R-COM-GEN,Paid,7,7,9793.82,1399.12,35544.63,5077.8,7,0,0,0
2024-06,Commercial,YUBA,R-COM-GEN,Exception,1,1,0.0,,3521.9,3521.9,0,0,0,1
2024-06,Commercial,YUBA,R-COM-GEN,Paid,2,2,1822.39,911.2,6810.14,3405.07,2,0,0,0
2024-06,Industrial,ALAMEDA,R-IND-GEN,Exception,1,1,0.0,,42123.7,42123.7,0,0,0,1
2024-06,Industrial,ALAMEDA,R-IND-GEN,Generated,4,4,43745.94,10936.49,207552.6,51888.15,0,4,0,0
2024-06,Industrial,ALAMEDA,R-IND-GEN,Paid,9,9,94345.03,10482.78,451229.24,50136.58,9,0,0,0
2024-06,Industrial,BUTTE,R-IND-GEN,Paid,1,1,14216.12,14216.12,65692.17,65692.17,1,0,0,0
2024-06,Industrial,CALAVERAS,R-IND-GEN,Exception,1,1,0.0,,24204.48,24204.48,0,0,0,1
2024-06,Industrial,CONTRA COSTA,R-IND-GEN,Generated,3,3,27219.34,9073.11,132788.91,44262.97,0,3,0,0
2024-06,Industrial,CONTRA COSTA,R-IND-GEN,Paid,3,3,29527.8,9842.6,142407.5,47469.17,3,0,0,0
2024-06,Industrial,EL DORADO,R-IND-GEN,Paid,1,1,8466.23,8466.23,41734.31,41734.31,1,0,0,0
2024-06,Industrial,FRESNO,R-IND-GEN,Exception,2,2,0.0,,114679.39,57339.7,0,0,0,2
2024-06,Industrial,FRESNO,R-IND-GEN,Paid,7,7,60489.59,8641.37,297085.27,42440.75,7,0,0,0
2024-06,Industrial,HUMBOLDT,R-IND-GEN,Exception,1,1,0.0,,35086.08,35086.08,0,0,0,1
2024-06,Industrial,HUMBOLDT,R-IND-GEN,Generated,1,1,10121.5,10121.5,48631.24,48631.24,0,1,0,0
2024-06,Industrial,KERN,R-IND-GEN,Exception,3,3,0.0,,136713.11,45571.04,0,0,0,3
2024-06,Industrial,KERN,R-IND-GEN,Generated,4,4,32977.07,8244.27,162907.87,40726.97,0,4,0,0
2024-06,Industrial,KERN,R-IND-GEN,Paid,12,12,106172.59,8847.72,515109.14,42925.76,12,0,0,0
2024-06,Industrial,KERN,R-IND-GEN,Past Due,2,2,16343.39,8171.69,81014.16,40507.08,0,0,2,0
2024-06,Industrial,KINGS,R-IND-GEN,Generated,1,1,4905.12,4905.12,25861.8,25861.8,0,1,0,0
2024-06,Industrial,KINGS,R-IND-GEN,Paid,2,2,11130.05,5565.02,57705.62,28852.81,2,0,0,0
2024-06,Industrial,LAKE,R-IND-GEN,Paid,1,1,8591.06,8591.06,42254.41,42254.41,1,0,0,0
2024-06,Industrial,MADERA,R-IND-GEN,Paid,1,1,6230.57,6230.57,32419.06,32419.06,1,0,0,0
2024-06,Industrial,MARIN,R-IND-GEN,Generated,1,1,18151.81,18151.81,82090.87,82090.87,0,1,0,0
2024-06,Industrial,MARIN,R-IND-GEN,Paid,1,1,9980.34,9980.34,48043.1,48043.1,1,0,0,0
2024-06,Industrial,MERCED,R-IND-GEN,Past Due,1,1,7781.21,7781.21,38880.04,38880.04,0,0,1,0
2024-06,Industrial,MONTEREY,R-IND-GEN,Paid,1,1,8088.37,8088.37,40159.88,40159.88,1,0,0,0
2024-06,Industrial,NEVADA,R-IND-GEN,Generated,1,1,8161.37,8161.37,40464.03,40464.03,0,1,0,0
2024-06,Industrial,PLACER,R-IND-GEN,Exception,1,1,0.0,,0.0,,0,0,0,1
2024-06,Industrial,PLACER,R-IND-GEN,Generated,1,1,7701.8,7701.8,38549.17,38549.17,0,1,0,0
2024-06,Industrial,PLACER,R-IND-GEN,Paid,3,3,30114.5,10038.17,144852.08,48284.03,3,0,0,0
2024-06,Industrial,PLUMAS,R-IND-GEN,Past Due,1,1,7810.54,7810.54,39002.23,39002.23,0,0,1,0
2024-06,Industrial,SAN FRANCISCO,R-IND-GEN,Exception,1,1,0.0,,69451.83,69451.83,0,0,0,1
2024-06,Industrial,SAN FRANCISCO,R-IND-GEN,Paid,1,1,10744.82,10744.82,51228.42,51228.42,1,0,0,0
2024-06,Industrial,SAN JOAQUIN,R-IND-GEN,Exception,1,1,0.0,,25330.75,25330.75,0,0,0,1
2024-06,Industrial,SAN JOAQUIN,R-IND-GEN,Generated,2,2,11799.31,5899.66,62080.49,31040.25,0,2,0,0
2024-06,Industrial,SAN JOAQUIN,R-IND-GEN,Paid,4,4,30664.14,7666.03,153042.69,38260.67,4,0,0,0
2024-06,Industrial,SAN LUIS OBISPO,R-IND-GEN,Paid,3,3,31864.49,10621.5,152143.7,50714.57,3,0,0,0
2024-06,Industrial,SAN MATEO,R-IND-GEN,Exception,1,1,0.0,,0.0,,0,0,0,1
2024-06,Industrial,SAN MATEO,R-IND-GEN,Generated,2,2,13455.45,6727.73,67984.1,33992.05,0,2,0,0
2024-06,Industrial,SAN MATEO,R-IND-GEN,Paid,3,3,35368.0,11789.33,166741.62,55580.54,3,0,0,0
2024-06,Industrial,SANTA BARBARA,R-IND-GEN,Paid,4,4,35753.46,8938.36,173052.53,43263.13,4,0,0,0
2024-06,Industrial,SANTA CLARA,R-IND-GEN,Exception,3,3,0.0,,56660.52,56660.52,0,0,0,3
2024-06,Industrial,SANTA CLARA,R-IND-GEN,Generated,2,2,27427.37,13713.68,127086.37,63543.18,0,2,0,0
2024-06,Industrial,SANTA CLARA,R-IND-GEN,Paid,12,12,141249.54,11770.8,666039.68,55503.31,12,0,0,0
2024-06,Industrial,SANTA CLARA,R-IND-GEN,Past Due,2,2,19574.94,9787.47,94478.92,47239.46,0,0,2,0
2024-06,Industrial,SHASTA,R-IND-GEN,Paid,2,2,10523.1,5261.55,55683.88,27841.94,2,0,0,0
2024-06,Industrial,SHASTA,R-IND-GEN,Past Due,1,1,6139.9,6139.9,32041.24,32041.24,0,0,1,0
2024-06,Industrial,SOLANO,R-IND-GEN,Exception,1,1,0.0,,36139.31,36139.31,0,0,0,1
2024-06,Industrial,SOLANO,R-IND-GEN,Generated,1,1,7734.79,7734.79,38686.61,38686.61,0,1,0,0
2024-06,Industrial,SONOMA,R-IND-GEN,Exception,1,1,0.0,,0.0,,0,0,0,1
2024-06,Industrial,SONOMA,R-IND-GEN,Past Due,1,1,7974.76,7974.76,39686.52,39686.52,0,0,1,0
2024-06,Industrial,YOLO,R-IND-GEN,Generated,1,1,9954.47,9954.47,47935.28,47935.28,0,1,0,0
2024-06,Industrial,YOLO,R-IND-GEN,Paid,3,3,36987.57,12329.19,173489.83,57829.94,3,0,0,0
2024-06,Mining,ALAMEDA,R-MIN-GEN,Paid,1,1,2157.94,2157.94,11517.28,11517.28,1,0,0,0
2024-06,Mining,CONTRA COSTA,R-MIN-GEN,Paid,2,2,12793.74,6396.87,67087.03,33543.51,2,0,0,0
2024-06,Mining,FRESNO,R-MIN-GEN,Exception,1,1,0.0,,48068.57,48068.57,0,0,0,1
2024-06,Mining,FRESNO,R-MIN-GEN,Paid,2,2,16319.76,8159.88,83726.18,41863.09,2,0,0,0
2024-06,Mining,KERN,R-MIN-GEN,Generated,1,1,7626.91,7626.91,39440.49,39440.49,0,1,0,0
2024-06,Mining,KERN,R-MIN-GEN,Paid,3,3,19769.92,6589.97,104181.41,34727.14,3,0,0,0
2024-06,Mining,NEVADA,R-MIN-GEN,Paid,1,1,10653.46,10653.46,53197.55,53197.55,1,0,0,0
2024-06,Mining,SAN FRANCISCO,R-MIN-GEN,Paid,1,1,11517.08,11517.08,57123.09,57123.09,1,0,0,0
2024-06,Mining,SAN JOAQUIN,R-MIN-GEN,Generated,1,1,6399.46,6399.46,33861.2,33861.2,0,1,0,0
2024-06,Mining,SAN JOAQUIN,R-MIN-GEN,Paid,1,1,12632.93,12632.93,62195.15,62195.15,1,0,0,0
2024-06,Mining,SAN LUIS OBISPO,R-MIN-GEN,Paid,1,1,11081.55,11081.55,55143.43,55143.43,1,0,0,0
2024-06,Mining,SANTA CLARA,R-MIN-GEN,Exception,1,1,0.0,,53307.4,53307.4,0,0,0,1
2024-06,Mining,SANTA CLARA,R-MIN-GEN,Generated,2,2,17344.33,8672.17,88383.3,44191.65,0,2,0,0
2024-06,Mining,SANTA CLARA,R-MIN-GEN,Paid,4,4,21896.86,5474.22,118333.16,29583.29,4,0,0,0
2024-06,Mining,SONOMA,R-MIN-GEN,Generated,1,1,5945.54,5945.54,31797.9,31797.9,0,1,0,0
2024-06,Mining,SONOMA,R-MIN-GEN,Paid,1,1,5489.87,5489.87,29726.68,29726.68,1,0,0,0
2024-06,Mining,YOLO,R-MIN-GEN,Paid,1,1,5555.58,5555.58,30025.37,30025.37,1,0,0,0
2024-06,Residential,ALAMEDA,R-RES-TOU,Exception,42,42,0.0,,14806.49,548.39,0,0,0,42
2024-06,Residential,ALAMEDA,R-RES-TOU,Generated,78,78,12754.54,163.52,41483.13,531.83,0,78,0,0
2024-06,Residential,ALAMEDA,R-RES-TOU,Paid,265,265,46441.07,175.25,149842.15,565.44,265,0,0,0
2024-06,Residential,ALAMEDA,R-RES-TOU,Past Due,31,31,5268.36,169.95,17147.78,553.15,0,0,31,0
2024-06,Residential,AMADOR,R-RES-TOU,Exception,1,1,0.0,,312.84,312.84,0,0,0,1
2024-06,Residential,AMADOR,R-RES-TOU,Generated,5,5,702.62,140.52,2262.26,452.45,0,5,0,0
2024-06,Residential,AMADOR,R-RES-TOU,Paid,10,10,1798.02,179.8,5832.34,583.23,10,0,0,0
2024-06,Residential,BUTTE,R-RES-TOU,Exception,3,3,0.0,,1545.07,515.02,0,0,0,3
2024-06,Residential,BUTTE,R-RES-TOU,Generated,11,11,1865.46,169.59,6008.99,546.27,0,11,0,0
2024-06,Residential,BUTTE,R-RES-TOU,Paid,33,33,5573.29,168.89,17888.41,542.07,33,0,0,0
2024-06,Residential,CALAVERAS,R-RES-TOU,Exception,2,2,0.0,,312.48,312.48,0,0,0,2
2024-06,Residential,CALAVERAS,R-RES-TOU,Generated,8,8,1391.25,173.91,4509.05,563.63,0,8,0,0
2024-06,Residential,CALAVERAS,R-RES-TOU,Paid,3,3,706.09,235.36,2219.79,739.93,3,0,0,0
2024-06,Residential,CALAVERAS,R-RES-TOU,Past Due,2,2,420.47,210.24,1351.3,675.65,0,0,2,0
2024-06,Residential,COLUSA,R-RES-TOU,Exception,1,1,0.0,,453.66,453.66,0,0,0,1
2024-06,Residential,COLUSA,R-RES-TOU,Generated,4,4,569.88,142.47,1875.62,468.9,0,4,0,0
2024-06,Residential,COLUSA,R-RES-TOU,Paid,5,5,919.71,183.94,2969.91,593.98,5,0,0,0
2024-06,Residential,CONTRA COSTA,R-RES-TOU,Exception,34,34,0.0,,15514.22,554.08,0,0,0,34
2024-06,Residential,CONTRA COSTA,R-RES-TOU,Generated,46,46,8034.48,174.66,25949.44,564.12,0,46,0,0
2024-06,Residential,CONTRA COSTA,R-RES-TOU,Paid,191,191,32461.96,169.96,104904.64,549.24,191,0,0,0
2024-06,Residential,CONTRA COSTA,R-RES-TOU,Past Due,19,19,3741.57,196.92,11966.09,629.79,0,0,19,0
2024-06,Residential,EL DORADO,R-RES-TOU,Exception,3,3,0.0,,1588.44,529.48,0,0,0,3
2024-06,Residential,EL DORADO,R-RES-TOU,Generated,3,3,582.02,194.01,1817.83,605.94,0,3,0,0
2024-06,Residential,EL DORADO,R-RES-TOU,Paid,33,33,5948.39,180.25,19210.5,582.14,33,0,0,0
2024-06,Residential,EL DORADO,R-RES-TOU,Past Due,2,2,213.26,106.63,700.99,350.5,0,0,2,0
2024-06,Residential,FRESNO,R-RES-TOU,Exception,18,18,0.0,,5510.45,459.2,0,0,0,18
2024-06,Residential,FRESNO,R-RES-TOU,Generated,57,57,10967.31,192.41,35227.73,618.03,0,57,0,0
2024-06,Residential,FRESNO,R-RES-TOU,Paid,173,173,30620.58,177.0,98872.9,571.52,173,0,0,0
2024-06,Residential,FRESNO,R-RES-TOU,Past Due,23,23,3506.35,152.45,11582.48,503.59,0,0,23,0
2024-06,Residential,GLENN,R-RES-TOU,Exception,1,1,0.0,,454.58,454.58,0,0,0,1
2024-06,Residential,GLENN,R-RES-TOU,Generated,5,5,759.53,151.91,2416.89,483.38,0,5,0,0
2024-06,Residential,GLENN,R-RES-TOU,Paid,8,8,1469.23,183.65,4681.04,585.13,8,0,0,0
2024-06,Residential,HUMBOLDT,R-RES-TOU,Generated,6,6,1042.24,173.71,3392.15,565.36,0,6,0,0
2024-06,Residential,HUMBOLDT,R-RES-TOU,Paid,17,17,2936.9,172.76,9509.51,559.38,17,0,0,0
2024-06,Residential,HUMBOLDT,R-RES-TOU,Past Due,1,1,96.15,96.15,311.68,311.68,0,0,1,0
2024-06,Residential,KERN,R-RES-TOU,Exception,48,48,0.0,,19619.56,577.05,0,0,0,48
2024-06,Residential,KERN,R-RES-TOU,Generated,108,108,18062.38,167.24,58663.35,543.18,0,108,0,0
2024-06,Residential,KERN,R-RES-TOU,Paid,401,401,66001.04,164.59,214289.04,534.39,401,0,0,0
2024-06,Residential,KERN,R-RES-TOU,Past Due,42,42,7129.49,169.75,23018.97,548.07,0,0,42,0
2024-06,Residential,KINGS,R-RES-TOU,Exception,5,5,0.0,,2570.33,514.07,0,0,0,5
2024-06,Residential,KINGS,R-RES-TOU,Generated,6,6,1008.05,168.01,3273.9,545.65,0,6,0,0
2024-06,Residential,KINGS,R-RES-TOU,Paid,41,41,7059.24,172.18,22789.92,555.85,41,0,0,0
2024-06,Residential,KINGS,R-RES-TOU,Past Due,6,6,930.7,155.12,3052.8,508.8,0,0,6,0
2024-06,Residential,LAKE,R-RES-TOU,Exception,2,2,0.0,,772.96,386.48,0,0,0,2
2024-06,Residential,LAKE,R-RES-TOU,Generated,2,2,314.69,157.34,1028.83,514.41,0,2,0,0
2024-06,Residential,LAKE,R-RES-TOU,Paid,9,9,1514.27,168.25,4913.67,545.96,9,0,0,0
2024-06,Residential,LAKE,R-RES-TOU,Past Due,2,2,340.82,170.41,1102.76,551.38,0,0,2,0
2024-06,Residential,MADERA,R-RES-TOU,Exception,7,7,0.0,,1762.48,440.62,0,0,0,7
2024-06,Residential,MADERA,R-RES-TOU,Generated,4,4,776.85,194.21,2433.95,608.49,0,4,0,0
2024-06,Residential,MADERA,R-RES-TOU,Paid,34,34,5342.38,157.13,17403.38,511.86,34,0,0,0
2024-06,Residential,MADERA,R-RES-TOU,Past Due,4,4,729.87,182.47,2357.05,589.26,0,0,4,0
2024-06,Residential,MARIN,R-RES-TOU,Exception,2,2,0.0,,677.83,338.91,0,0,0,2
2024-06,Residential,MARIN,R-RES-TOU,Generated,9,9,1530.0,170.0,4958.09,550.9,0,9,0,0
2024-06,Residential,MARIN,R-RES-TOU,Paid,32,32,5724.67,178.9,18440.42,576.26,32,0,0,0
2024-06,Residential,MARIN,R-RES-TOU,Past Due,3,3,440.06,146.69,1430.66,476.89,0,0,3,0
2024-06,Residential,MARIPOSA,R-RES-TOU,Exception,1,1,0.0,,0.0,,0,0,0,1
2024-06,Residential,MARIPOSA,R-RES-TOU,Generated,1,1,137.03,137.03,463.09,463.09,0,1,0,0
2024-06,Residential,MARIPOSA,R-RES-TOU,Paid,1,1,207.43,207.43,667.85,667.85,1,0,0,0
2024-06,Residential,MENDOCINO,R-RES-TOU,Exception,3,3,0.0,,891.1,445.55,0,0,0,3
2024-06,Residential,MENDOCINO,R-RES-TOU,Generated,2,2,270.42,135.21,894.56,447.28,0,2,0,0
2024-06,Residential,MENDOCINO,R-RES-TOU,Paid,11,11,2285.63,207.78,7317.87,665.26,11,0,0,0
2024-06,Residential,MENDOCINO,R-RES-TOU,Past Due,4,4,521.07,130.27,1705.62,426.4,0,0,4,0
2024-06,Residential,MERCED,R-RES-TOU,Exception,9,9,0.0,,3545.02,590.84,0,0,0,9
2024-06,Residential,MERCED,R-RES-TOU,Generated,14,14,2533.01,180.93,8218.79,587.06,0,14,0,0
2024-06,Residential,MERCED,R-RES-TOU,Paid,86,86,13917.08,161.83,45291.18,526.64,86,0,0,0
2024-06,Residential,MERCED,R-RES-TOU,Past Due,9,9,1538.28,170.92,5040.13,560.01,0,0,9,0
2024-06,Residential,MONTEREY,R-RES-TOU,Exception,14,14,0.0,,4619.27,577.41,0,0,0,14
2024-06,Residential,MONTEREY,R-RES-TOU,Generated,12,12,1737.8,144.82,5751.97,479.33,0,12,0,0
2024-06,Residential,MONTEREY,R-RES-TOU,Paid,48,48,7792.68,162.35,25265.0,526.35,48,0,0,0
2024-06,Residential,MONTEREY,R-RES-TOU,Past Due,7,7,907.5,129.64,2968.89,424.13,0,0,7,0
2024-06,Residential,NAPA,R-RES-TOU,Exception,5,5,0.0,,1416.6,354.15,0,0,0,5
2024-06,Residential,NAPA,R-RES-TOU,Generated,8,8,1481.21,185.15,4747.26,593.41,0,8,0,0
2024-06,Residential,NAPA,R-RES-TOU,Paid,28,28,4985.59,178.06,16180.71,577.88,28,0,0,0
2024-06,Residential,NAPA,R-RES-TOU,Past Due,3,3,464.4,154.8,1558.27,519.42,0,0,3,0
2024-06,Residential,NEVADA,R-RES-TOU,Exception,2,2,0.0,,254.25,254.25,0,0,0,2
2024-06,Residential,NEVADA,R-RES-TOU,Generated,3,3,460.58,153.53,1483.7,494.57,0,3,0,0
2024-06,Residential,NEVADA,R-RES-TOU,Paid,17,17,3084.45,181.44,9921.95,583.64,17,0,0,0
2024-06,Residential,NEVADA,R-RES-TOU,Past Due,1,1,98.75,98.75,321.28,321.28,0,0,1,0
2024-06,Residential,PLACER,R-RES-TOU,Exception,21,21,0.0,,8856.03,590.4,0,0,0,21
2024-06,Residential,PLACER,R-RES-TOU,Generated,18,18,3284.94,182.5,10443.52,580.2,0,18,0,0
2024-06,Residential,PLACER,R-RES-TOU,Paid,66,66,11185.8,169.48,36350.87,550.77,66,0,0,0
2024-06,Residential,PLACER,R-RES-TOU,Past Due,7,7,1413.81,201.97,4527.05,646.72,0,0,7,0
2024-06,Residential,PLUMAS,R-RES-TOU,Exception,1,1,0.0,,0.0,,0,0,0,1
2024-06,Residential,PLUMAS,R-RES-TOU,Generated,1,1,138.17,138.17,467.3,467.3,0,1,0,0
2024-06,Residential,PLUMAS,R-RES-TOU,Paid,4,4,544.39,136.1,1754.97,438.74,4,0,0,0
2024-06,Residential,SAN FRANCISCO,R-RES-TOU,Exception,18,18,0.0,,5466.2,607.36,0,0,0,18
2024-06,Residential,SAN FRANCISCO,R-RES-TOU,Generated,35,35,6051.77,172.91,19472.51,556.36,0,35,0,0
2024-06,Residential,SAN FRANCISCO,R-RES-TOU,Paid,106,106,17877.01,168.65,58034.66,547.5,106,0,0,0
2024-06,Residential,SAN FRANCISCO,R-RES-TOU,Past Due,18,18,3340.05,185.56,10647.22,591.51,0,0,18,0
2024-06,Residential,SAN JOAQUIN,R-RES-TOU,Exception,16,16,0.0,,6532.46,502.5,0,0,0,16
2024-06,Residential,SAN JOAQUIN,R-RES-TOU,Generated,43,43,7526.08,175.03,24169.45,562.08,0,43,0,0
2024-06,Residential,SAN JOAQUIN,R-RES-TOU,Paid,125,125,20782.91,166.26,67516.7,540.13,125,0,0,0
2024-06,Residential,SAN JOAQUIN,R-RES-TOU,Past Due,9,9,1290.11,143.35,4230.94,470.1,0,0,9,0
2024-06,Residential,SAN LUIS OBISPO,R-RES-TOU,Exception,6,6,0.0,,1329.83,664.91,0,0,0,6
2024-06,Residential,SAN LUIS OBISPO,R-RES-TOU,Generated,7,7,1016.56,145.22,3304.94,472.13,0,7,0,0
2024-06,Residential,SAN LUIS OBISPO,R-RES-TOU,Paid,39,39,6779.8,173.84,22036.83,565.05,39,0,0,0
2024-06,Residential,SAN LUIS OBISPO,R-RES-TOU,Past Due,4,4,559.67,139.92,1869.62,467.41,0,0,4,0
2024-06,Residential,SAN MATEO,R-RES-TOU,Exception,17,17,0.0,,6276.11,482.78,0,0,0,17
2024-06,Residential,SAN MATEO,R-RES-TOU,Generated,34,34,6071.38,178.57,19643.69,577.76,0,34,0,0
2024-06,Residential,SAN MATEO,R-RES-TOU,Paid,90,90,14374.26,159.71,46743.9,519.38,90,0,0,0
2024-06,Residential,SAN MATEO,R-RES-TOU,Past Due,5,5,967.04,193.41,3070.77,614.15,0,0,5,0
2024-06,Residential,SANTA BARBARA,R-RES-TOU,Exception,9,9,0.0,,3339.54,667.91,0,0,0,9
2024-06,Residential,SANTA BARBARA,R-RES-TOU,Generated,17,17,2613.77,153.75,8590.46,505.32,0,17,0,0
2024-06,Residential,SANTA BARBARA,R-RES-TOU,Paid,53,53,9785.82,184.64,31430.39,593.03,53,0,0,0
2024-06,Residential,SANTA BARBARA,R-RES-TOU,Past Due,8,8,1139.15,142.39,3689.57,461.2,0,0,8,0
2024-06,Residential,SANTA CLARA,R-RES-TOU,Exception,57,57,0.0,,18994.62,527.63,0,0,0,57
2024-06,Residential,SANTA CLARA,R-RES-TOU,Generated,115,115,19831.46,172.45,64253.98,558.73,0,115,0,0
2024-06,Residential,SANTA CLARA,R-RES-TOU,Paid,408,408,68151.37,167.04,220751.91,541.06,408,0,0,0
2024-06,Residential,SANTA CLARA,R-RES-TOU,Past Due,40,40,7056.17,176.4,22948.89,573.72,0,0,40,0
2024-06,Residential,SANTA CRUZ,R-RES-TOU,Exception,3,3,0.0,,879.79,439.89,0,0,0,3
2024-06,Residential,SANTA CRUZ,R-RES-TOU,Generated,8,8,1485.09,185.64,4752.07,594.01,0,8,0,0
2024-06,Residential,SANTA CRUZ,R-RES-TOU,Paid,23,23,4419.26,192.14,14198.68,617.33,23,0,0,0
2024-06,Residential,SANTA CRUZ,R-RES-TOU,Past Due,1,1,155.01,155.01,522.26,522.26,0,0,1,0
2024-06,Residential,SHASTA,R-RES-TOU,Exception,1,1,0.0,,562.06,562.06,0,0,0,1
2024-06,Residential,SHASTA,R-RES-TOU,Generated,8,8,1358.8,169.85,4402.58,550.32,0,8,0,0
2024-06,Residential,SHASTA,R-RES-TOU,Paid,25,25,3910.38,156.42,12809.76,512.39,25,0,0,0
2024-06,Residential,SHASTA,R-RES-TOU,Past Due,2,2,359.64,179.82,1141.29,570.64,0,0,2,0
2024-06,Residential,SOLANO,R-RES-TOU,Exception,8,8,0.0,,1186.11,395.37,0,0,0,8
2024-06,Residential,SOLANO,R-RES-TOU,Generated,30,30,5601.51,186.72,17929.71,597.66,0,30,0,0
2024-06,Residential,SOLANO,R-RES-TOU,Paid,58,58,9782.68,168.67,31619.95,545.17,58,0,0,0
2024-06,Residential,SOLANO,R-RES-TOU,Past Due,6,6,1152.29,192.05,3667.75,611.29,0,0,6,0
2024-06,Residential,SONOMA,R-RES-TOU,Exception,9,9,0.0,,2666.04,444.34,0,0,0,9
2024-06,Residential,SONOMA,R-RES-TOU,Generated,17,17,2809.39,165.26,9191.31,540.67,0,17,0,0
2024-06,Residential,SONOMA,R-RES-TOU,Paid,51,51,7845.67,153.84,25733.18,504.57,51,0,0,0
2024-06,Residential,SONOMA,R-RES-TOU,Past Due,7,7,1109.81,158.54,3602.75,514.68,0,0,7,0
2024-06,Residential,SUTTER,R-RES-TOU,Exception,3,3,0.0,,1657.66,552.55,0,0,0,3
2024-06,Residential,SUTTER,R-RES-TOU,Generated,6,6,943.55,157.26,3114.92,519.15,0,6,0,0
2024-06,Residential,SUTTER,R-RES-TOU,Paid,14,14,2993.12,213.79,9457.04,675.5,14,0,0,0
2024-06,Residential,SUTTER,R-RES-TOU,Past Due,3,3,342.25,114.08,1134.29,378.1,0,0,3,0
2024-06,Residential,TUOLUMNE,R-RES-TOU,Exception,2,2,0.0,,660.29,660.29,0,0,0,2
2024-06,Residential,TUOLUMNE,R-RES-TOU,Generated,3,3,443.21,147.74,1461.68,487.23,0,3,0,0
2024-06,Residential,TUOLUMNE,R-RES-TOU,Paid,14,14,2323.15,165.94,7411.91,529.42,14,0,0,0
2024-06,Residential,TUOLUMNE,R-RES-TOU,Past Due,1,1,155.44,155.44,523.45,523.45,0,0,1,0
2024-06,Residential,YOLO,R-RES-TOU,Exception,6,6,0.0,,1290.33,430.11,0,0,0,6
2024-06,Residential,YOLO,R-RES-TOU,Generated,6,6,1009.35,168.22,3296.06,549.34,0,6,0,0
2024-06,Residential,YOLO,R-RES-TOU,Paid,37,37,6454.96,174.46,20714.22,559.84,37,0,0,0
2024-06,Residential,YOLO,R-RES-TOU,Past Due,3,3,451.49,150.5,1443.88,481.29,0,0,3,0
2024-06,Residential,YUBA,R-RES-TOU,Exception,1,1,0.0,,816.31,816.31,0,0,0,1
2024-06,Residential,YUBA,R-RES-TOU,Generated,3,3,491.91,163.97,1637.92,545.97,0,3,0,0
2024-06,Residential,YUBA,R-RES-TOU,Paid,15,15,2992.13,199.48,9539.69,635.98,15,0,0,0
2024-06,Residential,YUBA,R-RES-TOU,Past Due,1,1,170.86,170.86,566.27,566.27,0,0,1,0
2024-06,Streetlighting,ALAMEDA,R-STLIGHT,Generated,2,2,1140.18,570.09,5417.41,2708.7,0,2,0,0
2024-06,Streetlighting,ALAMEDA,R-STLIGHT,Paid,3,3,1444.32,481.44,6908.52,2302.84,3,0,0,0
2024-06,Streetlighting,ALAMEDA,R-STLIGHT,Past Due,1,1,373.23,373.23,1859.1,1859.1,0,0,1,0
2024-06,Streetlighting,CONTRA COSTA,R-STLIGHT,Paid,1,1,494.64,494.64,2394.33,2394.33,1,0,0,0
2024-06,Streetlighting,FRESNO,R-STLIGHT,Exception,1,1,0.0,,5504.28,5504.28,0,0,0,1
2024-06,Streetlighting,FRESNO,R-STLIGHT,Paid,1,1,300.29,300.29,1475.19,1475.19,1,0,0,0
2024-06,Streetlighting,KERN,R-STLIGHT,Paid,2,2,1255.77,627.88,5899.02,2949.51,2,0,0,0
2024-06,Streetlighting,NEVADA,R-STLIGHT,Paid,1,1,840.7,840.7,3836.23,3836.23,1,0,0,0
2024-06,Streetlighting,PLACER,R-STLIGHT,Paid,1,1,561.63,561.63,2673.45,2673.45,1,0,0,0
2024-06,Streetlighting,SAN FRANCISCO,R-STLIGHT,Paid,1,1,454.62,454.62,2227.6,2227.6,1,0,0,0
2024-06,Streetlighting,SAN JOAQUIN,R-STLIGHT,Exception,1,1,0.0,,5450.59,5450.59,0,0,0,1
2024-06,Streetlighting,SAN JOAQUIN,R-STLIGHT,Paid,1,1,672.77,672.77,3136.54,3136.54,1,0,0,0
2024-06,Streetlighting,SAN JOAQUIN,R-STLIGHT,Past Due,1,1,656.41,656.41,3068.38,3068.38,0,0,1,0
2024-06,Streetlighting,SANTA CLARA,R-STLIGHT,Paid,5,5,3284.49,656.9,15352.09,3070.42,5,0,0,0
2024-06,Streetlighting,SOLANO,R-STLIGHT,Generated,1,1,865.89,865.89,3941.22,3941.22,0,1,0,0
2024-06,Streetlighting,SOLANO,R-STLIGHT,Paid,1,1,924.25,924.25,4184.37,4184.37,1,0,0,0
2024-06,"Transportation, Communications, & Utilities",ALAMEDA,R-TCU-GEN,Exception,1,1,0.0,,0.0,,0,0,0,1
2024-06,"Transportation, Communications, & Utilities",ALAMEDA,R-TCU-GEN,Generated,1,1,2643.98,2643.98,11563.56,11563.56,0,1,0,0
2024-06,"Transportation, Communications, & Utilities",ALAMEDA,R-TCU-GEN,Paid,3,3,12625.43,4208.48,51191.11,17063.7,3,0,0,0
2024-06,"Transportation, Communications, & Utilities",ALAMEDA,R-TCU-GEN,Past Due,1,1,6407.01,6407.01,24644.86,24644.86,0,0,1,0
2024-06,"Transportation, Communications, & Utilities",BUTTE,R-TCU-GEN,Paid,2,2,14276.27,7138.14,54331.96,27165.98,2,0,0,0
2024-06,"Transportation, Communications, & Utilities",CONTRA COSTA,R-TCU-GEN,Generated,1,1,4333.14,4333.14,17493.6,17493.6,0,1,0,0
2024-06,"Transportation, Communications, & Utilities",CONTRA COSTA,R-TCU-GEN,Paid,4,4,24304.63,6076.16,94015.95,23503.99,4,0,0,0
2024-06,"Transportation, Communications, & Utilities",CONTRA COSTA,R-TCU-GEN,Past Due,1,1,2169.68,2169.68,9407.64,9407.64,0,0,1,0
2024-06,"Transportation, Communications, & Utilities",FRESNO,R-TCU-GEN,Generated,1,1,3661.06,3661.06,15176.06,15176.06,0,1,0,0
2024-06,"Transportation, Communications, & Utilities",FRESNO,R-TCU-GEN,Paid,5,5,24575.14,4915.03,97500.48,19500.1,5,0,0,0
2024-06,"Transportation, Communications, & Utilities",KERN,R-TCU-GEN,Generated,2,2,7652.31,3826.15,30962.38,15481.19,0,2,0,0
2024-06,"Transportation, Communications, & Utilities",KERN,R-TCU-GEN,Paid,4,4,21644.62,5411.15,84843.51,21210.88,4,0,0,0
2024-06,"Transportation, Communications, & Utilities",MADERA,R-TCU-GEN,Generated,1,1,1925.38,1925.38,8297.16,8297.16,0,1,0,0
2024-06,"Transportation, Communications, & Utilities",MENDOCINO,R-TCU-GEN,Paid,1,1,3027.99,3027.99,12993.06,12993.06,1,0,0,0
2024-06,"Transportation, Communications, & Utilities",MERCED,R-TCU-GEN,Paid,1,1,3420.87,3420.87,14347.84,14347.84,1,0,0,0
2024-06,"Transportation, Communications, & Utilities",MONTEREY,R-TCU-GEN,Exception,1,1,0.0,,0.0,,0,0,0,1
2024-06,"Transportation, Communications, & Utilities",MONTEREY,R-TCU-GEN,Generated,1,1,3360.38,3360.38,14139.23,14139.23,0,1,0,0
2024-06,"Transportation, Communications, & Utilities",PLACER,R-TCU-GEN,Generated,1,1,3314.45,3314.45,13980.87,13980.87,0,1,0,0
2024-06,"Transportation, Communications, & Utilities",PLACER,R-TCU-GEN,Paid,2,2,6971.5,3485.75,29048.37,14524.19,2,0,0,0
2024-06,"Transportation, Communications, & Utilities",SAN FRANCISCO,R-TCU-GEN,Generated,2,2,11981.46,5990.73,46418.8,23209.4,0,2,0,0
2024-06,"Transportation, Communications, & Utilities",SAN FRANCISCO,R-TCU-GEN,Paid,1,1,3596.71,3596.71,14954.17,14954.17,1,0,0,0
2024-06,"Transportation, Communications, & Utilities",SAN JOAQUIN,R-TCU-GEN,Paid,2,2,17935.53,8967.76,66950.09,33475.04,2,0,0,0
2024-06,"Transportation, Communications, & Utilities",SAN JOAQUIN,R-TCU-GEN,Past Due,1,1,2750.13,2750.13,12034.93,12034.93,0,0,1,0
2024-06,"Transportation, Communications, & Utilities",SAN LUIS OBISPO,R-TCU-GEN,Paid,1,1,4619.28,4619.28,18480.27,18480.27,1,0,0,0
2024-06,"Transportation, Communications, & Utilities",SAN MATEO,R-TCU-GEN,Exception,1,1,0.0,,18269.85,18269.85,0,0,0,1
2024-06,"Transportation, Communications, & Utilities",SAN MATEO,R-TCU-GEN,Generated,1,1,2720.55,2720.55,11911.58,11911.58,0,1,0,0
2024-06,"Transportation, Communications, & Utilities",SAN MATEO,R-TCU-GEN,Paid,4,4,15666.63,3916.66,64095.99,16024.0,4,0,0,0
2024-06,"Transportation, Communications, & Utilities",SANTA BARBARA,R-TCU-GEN,Generated,1,1,3799.16,3799.16,15652.29,15652.29,0,1,0,0
2024-06,"Transportation, Communications, & Utilities",SANTA BARBARA,R-TCU-GEN,Paid,1,1,2209.14,2209.14,9587.02,9587.02,1,0,0,0
2024-06,"Transportation, Communications, & Utilities",SANTA CLARA,R-TCU-GEN,Exception,2,2,0.0,,39290.29,19645.15,0,0,0,2
2024-06,"Transportation, Communications, & Utilities",SANTA CLARA,R-TCU-GEN,Generated,6,6,25492.89,4248.81,103216.83,17202.81,0,6,0,0
2024-06,"Transportation, Communications, & Utilities",SANTA CLARA,R-TCU-GEN,Paid,9,9,42133.01,4681.45,167564.92,18618.32,9,0,0,0
2024-06,"Transportation, Communications, & Utilities",SANTA CLARA,R-TCU-GEN,Past Due,1,1,3474.94,3474.94,14534.27,14534.27,0,0,1,0
2024-06,"Transportation, Communications, & Utilities",SANTA CRUZ,R-TCU-GEN,Paid,1,1,5465.83,5465.83,21399.42,21399.42,1,0,0,0
2024-06,"Transportation, Communications, & Utilities",SHASTA,R-TCU-GEN,Generated,1,1,6526.77,6526.77,25057.83,25057.83,0,1,0,0
2024-06,"Transportation, Communications, & Utilities",SHASTA,R-TCU-GEN,Paid,1,1,3310.09,3310.09,13965.82,13965.82,1,0,0,0
2024-07,Agriculture And Water Pumping,ALAMEDA,R-AGR-PUMP,Exception,2,2,0.0,,46976.65,23488.33,0,0,0,2
2024-07,Agriculture And Water Pumping,ALAMEDA,R-AGR-PUMP,Generated,4,4,17727.32,4431.83,72841.92,18210.48,0,4,0,0
2024-07,Agriculture And Water Pumping,ALAMEDA,R-AGR-PUMP,Paid,8,8,38004.55,4750.57,154911.66,19363.96,8,0,0,0
2024-07,Agriculture And Water Pumping,AMADOR,R-AGR-PUMP,Paid,1,1,2962.31,2962.31,12767.82,12767.82,1,0,0,0
2024-07,Agriculture And Water Pumping,BUTTE,R-AGR-PUMP,Paid,1,1,3478.0,3478.0,14677.79,14677.79,1,0,0,0
2024-07,Agriculture And Water Pumping,CONTRA COSTA,R-AGR-PUMP,Exception,2,2,0.0,,12333.94,12333.94,0,0,0,2
2024-07,Agriculture And Water Pumping,CONTRA COSTA,R-AGR-PUMP,Generated,4,4,16005.13,4001.28,66463.45,16615.86,0,4,0,0
2024-07,Agriculture And Water Pumping,CONTRA COSTA,R-AGR-PUMP,Paid,7,7,26093.69,3727.67,109217.39,15602.48,7,0,0,0
2024-07,Agriculture And Water Pumping,CONTRA COSTA,R-AGR-PUMP,Past Due,1,1,2304.96,2304.96,10333.18,10333.18,0,0,1,0
2024-07,Agriculture And Water Pumping,EL DORADO,R-AGR-PUMP,Generated,1,1,2480.69,2480.69,10984.02,10984.02,0,1,0,0
2024-07,Agriculture And Water Pumping,EL DORADO,R-AGR-PUMP,Past Due,1,1,2011.58,2011.58,9246.58,9246.58,0,0,1,0
2024-07,Agriculture And Water Pumping,FRESNO,R-AGR-PUMP,Generated,2,2,5126.13,2563.06,22578.28,11289.14,0,2,0,0
2024-07,Agriculture And Water Pumping,FRESNO,R-AGR-PUMP,Paid,7,7,23176.01,3310.86,98411.15,14058.74,7,0,0,0
2024-07,Agriculture And Water Pumping,FRESNO,R-AGR-PUMP,Past Due,1,1,3571.05,3571.05,15022.41,15022.41,0,0,1,0
2024-07,Agriculture And Water Pumping,KERN,R-AGR-PUMP,Exception,3,3,0.0,,30233.23,15116.61,0,0,0,3
2024-07,Agriculture And Water Pumping,KERN,R-AGR-PUMP,Generated,2,2,6657.02,3328.51,28248.22,14124.11,0,2,0,0
2024-07,Agriculture And Water Pumping,KERN,R-AGR-PUMP,Paid,8,8,37649.79,4706.22,153569.4,19196.17,8,0,0,0
2024-07,Agriculture And Water Pumping,KERN,R-AGR-PUMP,Past Due,1,1,3800.33,3800.33,15871.6,15871.6,0,0,1,0
2024-07,Agriculture And Water Pumping,KINGS,R-AGR-PUMP,Exception,1,1,0.0,,24385.01,24385.01,0,0,0,1
2024-07,Agriculture And Water Pumping,KINGS,R-AGR-PUMP,Paid,1,1,1791.96,1791.96,8433.18,8433.18,1,0,0,0
2024-07,Agriculture And Water Pumping,MERCED,R-AGR-PUMP,Paid,4,4,9144.5,2286.13,41053.66,10263.41,4,0,0,0
2024-07,Agriculture And Water Pumping,MERCED,R-AGR-PUMP,Past Due,1,1,3969.2,3969.2,16497.03,16497.03,0,0,1,0
2024-07,Agriculture And Water Pumping,MONTEREY,R-AGR-PUMP,Generated,3,3,13444.68,4481.56,55183.98,18394.66,0,3,0,0
2024-07,Agriculture And Water Pumping,MONTEREY,R-AGR-PUMP,Paid,1,1,2698.42,2698.42,11790.46,11790.46,1,0,0,0
2024-07,Agriculture And Water Pumping,NEVADA,R-AGR-PUMP,Paid,1,1,6504.02,6504.02,25885.25,25885.25,1,0,0,0
2024-07,Agriculture And Water Pumping,PLACER,R-AGR-PUMP,Generated,1,1,1660.22,1660.22,7926.11,7926.11,0,1,0,0
2024-07,Agriculture And Water Pumping,PLACER,R-AGR-PUMP,Paid,3,3,15001.67,5000.56,60950.65,20316.88,3,0,0,0
2024-07,Agriculture And Water Pumping,PLACER,R-AGR-PUMP,Past Due,1,1,2746.09,2746.09,11966.99,11966.99,0,0,1,0
2024-07,Agriculture And Water Pumping,SAN FRANCISCO,R-AGR-PUMP,Exception,1,1,0.0,,0.0,,0,0,0,1
2024-07,Agriculture And Water Pumping,SAN FRANCISCO,R-AGR-PUMP,Generated,2,2,8808.45,4404.23,36216.49,18108.25,0,2,0,0
2024-07,Agriculture And Water Pumping,SAN FRANCISCO,R-AGR-PUMP,Paid,8,8,46131.91,5766.49,185229.29,23153.66,8,0,0,0
2024-07,Agriculture And Water Pumping,SAN JOAQUIN,R-AGR-PUMP,Paid,9,9,40692.47,4521.39,166879.52,18542.17,9,0,0,0
2024-07,Agriculture And Water Pumping,SAN JOAQUIN,R-AGR-PUMP,Past Due,1,1,3814.1,3814.1,15922.58,15922.58,0,0,1,0
2024-07,Agriculture And Water Pumping,SAN LUIS OBISPO,R-AGR-PUMP,Paid,1,1,3920.9,3920.9,16318.16,16318.16,1,0,0,0
2024-07,Agriculture And Water Pumping,SAN MATEO,R-AGR-PUMP,Paid,5,5,19590.8,3918.16,81540.0,16308.0,5,0,0,0
2024-07,Agriculture And Water Pumping,SAN MATEO,R-AGR-PUMP,Past Due,1,1,4106.55,4106.55,17005.74,17005.74,0,0,1,0
2024-07,Agriculture And Water Pumping,SANTA BARBARA,R-AGR-PUMP,Generated,1,1,1825.98,1825.98,8559.2,8559.2,0,1,0,0
2024-07,Agriculture And Water Pumping,SANTA BARBARA,R-AGR-PUMP,Paid,1,1,7112.14,7112.14,28137.56,28137.56,1,0,0,0
2024-07,Agriculture And Water Pumping,SANTA CLARA,R-AGR-PUMP,Exception,1,1,0.0,,0.0,,0,0,0,1
2024-07,Agriculture And Water Pumping,SANTA CLARA,R-AGR-PUMP,Generated,2,2,9053.47,4526.73,37123.96,18561.98,0,2,0,0
2024-07,Agriculture And Water Pumping,SANTA CLARA,R-AGR-PUMP,Paid,15,15,52772.82,3518.19,221952.97,14796.86,15,0,0,0
2024-07,Agriculture And Water Pumping,SANTA CLARA,R-AGR-PUMP,Past Due,3,3,11486.86,3828.95,47932.82,15977.61,0,0,3,0
2024-07,Agriculture And Water Pumping,SANTA CRUZ,R-AGR-PUMP,Paid,1,1,4805.05,4805.05,19592.79,19592.79,1,0,0,0
2024-07,Agriculture And Water Pumping,SANTA CRUZ,R-AGR-PUMP,Past Due,1,1,4751.52,4751.52,19394.53,19394.53,0,0,1,0
2024-07,Agriculture And Water Pumping,SHASTA,R-AGR-PUMP,Paid,1,1,3726.12,3726.12,15596.75,15596.75,1,0,0,0
2024-07,Agriculture And Water Pumping,SOLANO,R-AGR-PUMP,Generated,2,2,6936.94,3468.47,29284.97,14642.49,0,2,0,0
2024-07,Agriculture And Water Pumping,SOLANO,R-AGR-PUMP,Paid,2,2,7399.47,3699.73,30998.04,15499.02,2,0,0,0
2024-07,Agriculture And Water Pumping,SUTTER,R-AGR-PUMP,Paid,1,1,3901.63,3901.63,16246.77,16246.77,1,0,0,0
2024-07,Agriculture And Water Pumping,TUOLUMNE,R-AGR-PUMP,Generated,1,1,3845.55,3845.55,16039.08,16039.08,0,1,0,0
2024-07,Agriculture And Water Pumping,TUOLUMNE,R-AGR-PUMP,Past Due,1,1,3467.91,3467.91,14640.39,14640.39,0,0,1,0
2024-07,Agriculture And Water Pumping,YOLO,R-AGR-PUMP,Generated,2,2,8247.1,4123.55,34137.39,17068.69,0,2,0,0
2024-07,Agriculture And Water Pumping,YOLO,R-AGR-PUMP,Paid,1,1,7487.89,7487.89,29529.24,29529.24,1,0,0,0
2024-07,Commercial,ALAMEDA,R-COM-GEN,Exception,8,8,0.0,,36139.71,7227.94,0,0,0,8
2024-07,Commercial,ALAMEDA,R-COM-GEN,Generated,14,14,23190.68,1656.48,82711.88,5907.99,0,14,0,0
2024-07,Commercial,ALAMEDA,R-COM-GEN,Paid,39,39,74991.8,1922.87,263773.14,6763.41,39,0,0,0
2024-07,Commercial,ALAMEDA,R-COM-GEN,Past Due,7,7,13324.92,1903.56,46935.25,6705.04,0,0,7,0
2024-07,Commercial,AMADOR,R-COM-GEN,Generated,1,1,1856.56,1856.56,6553.43,6553.43,0,1,0,0
2024-07,Commercial,AMADOR,R-COM-GEN,Paid,2,2,3148.87,1574.43,11286.65,5643.32,2,0,0,0
2024-07,Commercial,BUTTE,R-COM-GEN,Exception,1,1,0.0,,0.0,,0,0,0,1
2024-07,Commercial,BUTTE,R-COM-GEN,Generated,6,6,8887.7,1481.28,32057.12,5342.85,0,6,0,0
2024-07,Commercial,BUTTE,R-COM-GEN,Paid,5,5,10828.52,2165.7,37753.26,7550.65,5,0,0,0
2024-07,Commercial,CALAVERAS,R-COM-GEN,Paid,3,3,4054.16,1351.39,14722.32,4907.44,3,0,0,0
2024-07,Commercial,COLUSA,R-COM-GEN,Paid,1,1,2358.96,2358.96,8174.06,8174.06,1,0,0,0
2024-07,Commercial,CONTRA COSTA,R-COM-GEN,Exception,2,2,0.0,,12859.36,6429.68,0,0,0,2
2024-07,Commercial,CONTRA COSTA,R-COM-GEN,Generated,15,15,26643.05,1776.2,94413.08,6294.21,0,15,0,0
2024-07,Commercial,CONTRA COSTA,R-COM-GEN,Paid,26,26,43446.42,1671.02,154827.16,5954.89,26,0,0,0
2024-07,Commercial,CONTRA COSTA,R-COM-GEN,Past Due,5,5,9115.3,1823.06,32226.78,6445.36,0,0,5,0
2024-07,Commercial,EL DORADO,R-COM-GEN,Exception,2,2,0.0,,0.0,,0,0,0,2
2024-07,Commercial,EL DORADO,R-COM-GEN,Generated,3,3,4872.5,1624.17,17411.3,5803.77,0,3,0,0
2024-07,Commercial,EL DORADO,R-COM-GEN,Paid,2,2,2201.95,1100.97,8232.09,4116.05,2,0,0,0
2024-07,Commercial,FRESNO,R-COM-GEN,Exception,1,1,0.0,,0.0,,0,0,0,1
2024-07,Commercial,FRESNO,R-COM-GEN,Generated,9,9,13945.54,1549.5,49868.5,5540.94,0,9,0,0
2024-07,Commercial,FRESNO,R-COM-GEN,Paid,25,25,41593.44,1663.74,148285.3,5931.41,25,0,0,0
2024-07,Commercial,FRESNO,R-COM-GEN,Past Due,10,10,14996.2,1499.62,54020.03,5402.0,0,0,10,0
2024-07,Commercial,GLENN,R-COM-GEN,Exception,2,2,0.0,,7252.29,7252.29,0,0,0,2
2024-07,Commercial,GLENN,R-COM-GEN,Paid,2,2,4012.18,2006.09,14071.55,7035.77,2,0,0,0
2024-07,Commercial,HUMBOLDT,R-COM-GEN,Exception,1,1,0.0,,6897.56,6897.56,0,0,0,1
2024-07,Commercial,HUMBOLDT,R-COM-GEN,Paid,3,3,3967.37,1322.46,14491.49,4830.5,3,0,0,0
2024-07,Commercial,HUMBOLDT,R-COM-GEN,Past Due,1,1,1192.05,1192.05,4409.85,4409.85,0,0,1,0
2024-07,Commercial,KERN,R-COM-GEN,Exception,4,4,0.0,,12006.9,6003.45,0,0,0,4
2024-07,Commercial,KERN,R-COM-GEN,Generated,15,15,24407.46,1627.16,87201.46,5813.43,0,15,0,0
2024-07,Commercial,KERN,R-COM-GEN,Paid,57,57,93949.54,1648.24,335049.57,5878.06,57,0,0,0
2024-07,Commercial,KERN,R-COM-GEN,Past Due,7,7,14371.66,2053.09,50049.04,7149.86,0,0,7,0
2024-07,Commercial,KINGS,R-COM-GEN,Paid,7,7,13345.41,1906.49,47001.31,6714.47,7,0,0,0
2024-07,Commercial,LAKE,R-COM-GEN,Paid,1,1,1101.48,1101.48,4117.67,4117.67,1,0,0,0
2024-07,Commercial,MADERA,R-COM-GEN,Exception,2,2,0.0,,7281.88,3640.94,0,0,0,2
2024-07,Commercial,MADERA,R-COM-GEN,Generated,1,1,1463.33,1463.33,5284.93,5284.93,0,1,0,0
2024-07,Commercial,MADERA,R-COM-GEN,Paid,6,6,9422.59,1570.43,33681.7,5613.62,6,0,0,0
2024-07,Commercial,MARIN,R-COM-GEN,Paid,4,4,8037.99,2009.5,28168.17,7042.04,4,0,0,0
2024-07,Commercial,MARIN,R-COM-GEN,Past Due,1,1,1259.57,1259.57,4627.65,4627.65,0,0,1,0
2024-07,Commercial,MARIPOSA,R-COM-GEN,Paid,1,1,1075.72,1075.72,4034.57,4034.57,1,0,0,0
2024-07,Commercial,MENDOCINO,R-COM-GEN,Generated,1,1,1295.78,1295.78,4744.46,4744.46,0,1,0,0
2024-07,Commercial,MENDOCINO,R-COM-GEN,Paid,3,3,4597.55,1532.52,16524.37,5508.12,3,0,0,0
2024-07,Commercial,MERCED,R-COM-GEN,Exception,1,1,0.0,,3858.34,3858.34,0,0,0,1
2024-07,Commercial,MERCED,R-COM-GEN,Generated,4,4,5473.25,1368.31,19913.72,4978.43,0,4,0,0
2024-07,Commercial,MERCED,R-COM-GEN,Paid,9,9,13507.62,1500.85,48653.61,5405.96,9,0,0,0
2024-07,Commercial,MERCED,R-COM-GEN,Past Due,4,4,7890.28,1972.57,27710.61,6927.65,0,0,4,0
2024-07,Commercial,MONTEREY,R-COM-GEN,Exception,1,1,0.0,,0.0,,0,0,0,1
2024-07,Commercial,MONTEREY,R-COM-GEN,Generated,2,2,2945.86,1472.93,10583.15,5291.57,0,2,0,0
2024-07,Commercial,MONTEREY,R-COM-GEN,Paid,11,11,17397.86,1581.62,62331.8,5666.53,11,0,0,0
2024-07,Commercial,MONTEREY,R-COM-GEN,Past Due,2,2,2487.32,1243.66,9152.64,4576.32,0,0,2,0
2024-07,Commercial,NAPA,R-COM-GEN,Generated,1,1,2616.4,2616.4,9004.52,9004.52,0,1,0,0
2024-07,Commercial,NAPA,R-COM-GEN,Paid,2,2,4248.93,2124.47,14835.26,7417.63,2,0,0,0
2024-07,Commercial,NAPA,R-COM-GEN,Past Due,2,2,4307.47,2153.74,15024.1,7512.05,0,0,2,0
2024-07,Commercial,NEVADA,R-COM-GEN,Exception,1,1,0.0,,8066.05,8066.05,0,0,0,1
2024-07,Commercial,NEVADA,R-COM-GEN,Generated,1,1,3271.03,3271.03,11116.22,11116.22,0,1,0,0
2024-07,Commercial,NEVADA,R-COM-GEN,Paid,5,5,6515.1,1303.02,23815.81,4763.16,5,0,0,0
2024-07,Commercial,PLACER,R-COM-GEN,Exception,3,3,0.0,,8042.25,4021.13,0,0,0,3
2024-07,Commercial,PLACER,R-COM-GEN,Generated,4,4,7548.65,1887.16,26608.57,6652.14,0,4,0,0
2024-07,Commercial,PLACER,R-COM-GEN,Paid,12,12,20942.67,1745.22,74331.19,6194.27,12,0,0,0
2024-07,Commercial,PLACER,R-COM-GEN,Past Due,2,2,3049.78,1524.89,10967.03,5483.52,0,0,2,0
2024-07,Commercial,PLUMAS,R-COM-GEN,Generated,1,1,2091.89,2091.89,7312.54,7312.54,0,1,0,0
2024-07,Commercial,PLUMAS,R-COM-GEN,Paid,3,3,5385.51,1795.17,19066.15,6355.38,3,0,0,0
2024-07,Commercial,SAN FRANCISCO,R-COM-GEN,Generated,6,6,11806.78,1967.8,41281.01,6880.17,0,6,0,0
2024-07,Commercial,SAN FRANCISCO,R-COM-GEN,Paid,27,27,42647.94,1579.55,152582.94,5651.22,27,0,0,0
2024-07,Commercial,SAN FRANCISCO,R-COM-GEN,Past Due,1,1,995.02,995.02,3774.26,3774.26,0,0,1,0
2024-07,Commercial,SAN JOAQUIN,R-COM-GEN,Exception,1,1,0.0,,0.0,,0,0,0,1
2024-07,Commercial,SAN JOAQUIN,R-COM-GEN,Generated,4,4,7841.91,1960.48,27554.58,6888.64,0,4,0,0
2024-07,Commercial,SAN JOAQUIN,R-COM-GEN,Paid,27,27,48207.12,1785.45,170685.6,6321.69,27,0,0,0
2024-07,Commercial,SAN JOAQUIN,R-COM-GEN,Past Due,3,3,4176.65,1392.22,15166.61,5055.54,0,0,3,0
2024-07,Commercial,SAN LUIS OBISPO,R-COM-GEN,Exception,1,1,0.0,,0.0,,0,0,0,1
2024-07,Commercial,SAN LUIS OBISPO,R-COM-GEN,Generated,3,3,2954.81,984.94,11225.21,3741.74,0,3,0,0
2024-07,Commercial,SAN LUIS OBISPO,R-COM-GEN,Paid,8,8,13617.31,1702.16,48442.94,6055.37,8,0,0,0
2024-07,Commercial,SAN MATEO,R-COM-GEN,Exception,2,2,0.0,,0.0,,0,0,0,2
2024-07,Commercial,SAN MATEO,R-COM-GEN,Generated,4,4,5693.37,1423.34,20623.75,5155.94,0,4,0,0
2024-07,Commercial,SAN MATEO,R-COM-GEN,Paid,17,17,27589.72,1622.92,98520.74,5795.34,17,0,0,0
2024-07,Commercial,SAN MATEO,R-COM-GEN,Past Due,1,1,1620.66,1620.66,5792.46,5792.46,0,0,1,0
2024-07,Commercial,SANTA BARBARA,R-COM-GEN,Exception,1,1,0.0,,5120.69,5120.69,0,0,0,1
2024-07,Commercial,SANTA BARBARA,R-COM-GEN,Generated,3,3,5029.96,1676.65,17919.22,5973.07,0,3,0,0
2024-07,Commercial,SANTA BARBARA,R-COM-GEN,Paid,9,9,13533.97,1503.77,48738.59,5415.4,9,0,0,0
2024-07,Commercial,SANTA CLARA,R-COM-GEN,Exception,11,11,0.0,,33939.41,5656.57,0,0,0,11
2024-07,Commercial,SANTA CLARA,R-COM-GEN,Generated,26,26,45302.55,1742.41,160814.74,6185.18,0,26,0,0
2024-07,Commercial,SANTA CLARA,R-COM-GEN,Paid,53,53,85356.39,1610.5,305258.8,5759.6,53,0,0,0
2024-07,Commercial,SANTA CLARA,R-COM-GEN,Past Due,3,3,4050.93,1350.31,14761.08,4920.36,0,0,3,0
2024-07,Commercial,SANTA CRUZ,R-COM-GEN,Generated,1,1,1046.02,1046.02,3938.78,3938.78,0,1,0,0
2024-07,Commercial,SANTA CRUZ,R-COM-GEN,Paid,3,3,6629.86,2209.95,23080.18,7693.39,3,0,0,0
2024-07,Commercial,SHASTA,R-COM-GEN,Generated,1,1,945.28,945.28,3613.82,3613.82,0,1,0,0
2024-07,Commercial,SHASTA,R-COM-GEN,Paid,7,7,11724.28,1674.9,41677.1,5953.87,7,0,0,0
2024-07,Commercial,SHASTA,R-COM-GEN,Past Due,1,1,1367.21,1367.21,4974.88,4974.88,0,0,1,0
2024-07,Commercial,SOLANO,R-COM-GEN,Exception,2,2,0.0,,7177.93,7177.93,0,0,0,2
2024-07,Commercial,SOLANO,R-COM-GEN,Generated,2,2,3129.24,1564.62,11223.34,5611.67,0,2,0,0
2024-07,Commercial,SOLANO,R-COM-GEN,Paid,6,6,7916.01,1319.34,28922.62,4820.44,6,0,0,0
2024-07,Commercial,SOLANO,R-COM-GEN,Past Due,1,1,1515.6,1515.6,5453.56,5453.56,0,0,1,0
2024-07,Commercial,SONOMA,R-COM-GEN,Exception,1,1,0.0,,0.0,,0,0,0,1
2024-07,Commercial,SONOMA,R-COM-GEN,Generated,1,1,904.68,904.68,3482.84,3482.84,0,1,0,0
2024-07,Commercial,SONOMA,R-COM-GEN,Paid,9,9,13651.57,1516.84,49117.98,5457.55,9,0,0,0
2024-07,Commercial,SONOMA,R-COM-GEN,Past Due,2,2,4035.38,2017.69,14146.37,7073.18,0,0,2,0
2024-07,Commercial,SUTTER,R-COM-GEN,Generated,3,3,4396.55,1465.52,15875.96,5291.99,0,3,0,0
2024-07,Commercial,SUTTER,R-COM-GEN,Paid,3,3,3728.81,1242.94,13722.01,4574.0,3,0,0,0
2024-07,Commercial,TUOLUMNE,R-COM-GEN,Exception,1,1,0.0,,11854.78,11854.78,0,0,0,1
2024-07,Commercial,TUOLUMNE,R-COM-GEN,Generated,2,2,4270.21,2135.11,14903.91,7451.95,0,2,0,0
2024-07,Commercial,TUOLUMNE,R-COM-GEN,Paid,3,3,6171.43,2057.14,21601.38,7200.46,3,0,0,0
2024-07,Commercial,YOLO,R-COM-GEN,Exception,1,1,0.0,,0.0,,0,0,0,1
2024-07,Commercial,YOLO,R-COM-GEN,Generated,2,2,2734.56,1367.28,9950.19,4975.09,0,2,0,0
2024-07,Commercial,YOLO,R-COM-GEN,Paid,6,6,13000.47,2166.74,45324.08,7554.01,6,0,0,0
2024-07,Commercial,YUBA,R-COM-GEN,Exception,1,1,0.0,,0.0,,0,0,0,1
2024-07,Commercial,YUBA,R-COM-GEN,Paid,2,2,2620.82,1310.41,9403.15,4701.57,2,0,0,0
2024-07,Industrial,ALAMEDA,R-IND-GEN,Exception,1,1,0.0,,67844.64,67844.64,0,0,0,1
2024-07,Industrial,ALAMEDA,R-IND-GEN,Generated,1,1,21415.25,21415.25,95688.53,95688.53,0,1,0,0
2024-07,Industrial,ALAMEDA,R-IND-GEN,Paid,11,11,156625.58,14238.69,723648.3,65786.21,11,0,0,0
2024-07,Industrial,ALAMEDA,R-IND-GEN,Past Due,1,1,13166.18,13166.18,61317.41,61317.41,0,0,1,0
2024-07,Industrial,BUTTE,R-IND-GEN,Generated,1,1,16723.52,16723.52,76139.67,76139.67,0,1,0,0
2024-07,Industrial,CALAVERAS,R-IND-GEN,Exception,1,1,0.0,,46615.25,46615.25,0,0,0,1
2024-07,Industrial,CONTRA COSTA,R-IND-GEN,Generated,1,1,13247.48,13247.48,61656.18,61656.18,0,1,0,0
2024-07,Industrial,CONTRA COSTA,R-IND-GEN,Paid,5,5,52461.68,10492.34,250881.98,50176.4,5,0,0,0
2024-07,Industrial,EL DORADO,R-IND-GEN,Paid,1,1,12895.06,12895.06,60187.77,60187.77,1,0,0,0
2024-07,Industrial,FRESNO,R-IND-GEN,Exception,2,2,0.0,,129366.97,64683.49,0,0,0,2
2024-07,Industrial,FRESNO,R-IND-GEN,Generated,2,2,17130.24,8565.12,84292.68,42146.34,0,2,0,0
2024-07,Industrial,FRESNO,R-IND-GEN,Paid,5,5,68172.31,13634.46,316342.98,63268.6,5,0,0,0
2024-07,Industrial,HUMBOLDT,R-IND-GEN,Exception,1,1,0.0,,0.0,,0,0,0,1
2024-07,Industrial,HUMBOLDT,R-IND-GEN,Paid,1,1,12092.45,12092.45,56843.55,56843.55,1,0,0,0
2024-07,Industrial,KERN,R-IND-GEN,Exception,4,4,0.0,,168196.25,56065.42,0,0,0,4
2024-07,Industrial,KERN,R-IND-GEN,Generated,2,2,22641.13,11320.56,107254.7,53627.35,0,2,0,0
2024-07,Industrial,KERN,R-IND-GEN,Paid,13,13,145893.99,11222.61,691849.9,53219.22,13,0,0,0
2024-07,Industrial,KERN,R-IND-GEN,Past Due,2,2,31884.52,15942.26,145768.8,72884.4,0,0,2,0
2024-07,Industrial,KINGS,R-IND-GEN,Exception,1,1,0.0,,0.0,,0,0,0,1
2024-07,Industrial,KINGS,R-IND-GEN,Paid,2,2,15441.45,7720.72,77256.02,38628.01,2,0,0,0
2024-07,Industrial,LAKE,R-IND-GEN,Generated,1,1,13767.78,13767.78,63824.07,63824.07,0,1,0,0
2024-07,Industrial,MADERA,R-IND-GEN,Generated,1,1,8274.41,8274.41,40935.03,40935.03,0,1,0,0
2024-07,Industrial,MARIN,R-IND-GEN,Generated,1,1,25081.4,25081.4,110964.15,110964.15,0,1,0,0
2024-07,Industrial,MARIN,R-IND-GEN,Paid,1,1,13860.98,13860.98,64212.4,64212.4,1,0,0,0
2024-07,Industrial,MERCED,R-IND-GEN,Paid,1,1,11997.24,11997.24,56446.82,56446.82,1,0,0,0
2024-07,Industrial,MONTEREY,R-IND-GEN,Paid,1,1,12012.23,12012.23,56509.28,56509.28,1,0,0,0
2024-07,Industrial,NEVADA,R-IND-GEN,Paid,1,1,10428.7,10428.7,49911.25,49911.25,1,0,0,0
2024-07,Industrial,PLACER,R-IND-GEN,Paid,4,4,53313.74,13328.43,247973.93,61993.48,4,0,0,0
2024-07,Industrial,PLACER,R-IND-GEN,Past Due,1,1,12750.14,12750.14,59583.91,59583.91,0,0,1,0
2024-07,Industrial,PLUMAS,R-IND-GEN,Paid,1,1,12994.54,12994.54,60602.26,60602.26,1,0,0,0
2024-07,Industrial,SAN FRANCISCO,R-IND-GEN,Exception,1,1,0.0,,102205.35,102205.35,0,0,0,1
2024-07,Industrial,SAN FRANCISCO,R-IND-GEN,Generated,1,1,11709.82,11709.82,55249.23,55249.23,0,1,0,0
2024-07,Industrial,SAN JOAQUIN,R-IND-GEN,Exception,1,1,0.0,,38741.57,38741.57,0,0,0,1
2024-07,Industrial,SAN JOAQUIN,R-IND-GEN,Paid,6,6,62344.9,10390.82,298520.44,49753.41,6,0,0,0
2024-07,Industrial,SAN LUIS OBISPO,R-IND-GEN,Paid,2,2,23386.23,11693.12,110359.3,55179.65,2,0,0,0
2024-07,Industrial,SAN LUIS OBISPO,R-IND-GEN,Past Due,1,1,21867.92,21867.92,97574.68,97574.68,0,0,1,0
2024-07,Industrial,SAN MATEO,R-IND-GEN,Exception,1,1,0.0,,0.0,,0,0,0,1
2024-07,Industrial,SAN MATEO,R-IND-GEN,Generated,3,3,43054.1,14351.37,198767.08,66255.69,0,3,0,0
2024-07,Industrial,SAN MATEO,R-IND-GEN,Paid,2,2,30333.6,15166.8,139306.69,69653.35,2,0,0,0
2024-07,Industrial,SANTA BARBARA,R-IND-GEN,Paid,4,4,48570.7,12142.67,227235.04,56808.76,4,0,0,0
2024-07,Industrial,SANTA CLARA,R-IND-GEN,Exception,1,1,0.0,,71786.3,71786.3,0,0,0,1
2024-07,Industrial,SANTA CLARA,R-IND-GEN,Generated,7,7,103579.39,14797.06,476789.07,68112.72,0,7,0,0
2024-07,Industrial,SANTA CLARA,R-IND-GEN,Paid,10,10,168016.95,16801.69,764653.98,76465.4,10,0,0,0
2024-07,Industrial,SANTA CLARA,R-IND-GEN,Past Due,1,1,10025.1,10025.1,48229.6,48229.6,0,0,1,0
2024-07,Industrial,SHASTA,R-IND-GEN,Paid,3,3,27621.74,9207.25,134465.57,44821.86,3,0,0,0
2024-07,Industrial,SOLANO,R-IND-GEN,Exception,1,1,0.0,,44910.22,44910.22,0,0,0,1
2024-07,Industrial,SOLANO,R-IND-GEN,Paid,1,1,9660.64,9660.64,46710.99,46710.99,1,0,0,0
2024-07,Industrial,SONOMA,R-IND-GEN,Generated,1,1,13013.8,13013.8,60682.49,60682.49,0,1,0,0
2024-07,Industrial,SONOMA,R-IND-GEN,Paid,1,1,8876.11,8876.11,43442.12,43442.12,1,0,0,0
2024-07,Industrial,YOLO,R-IND-GEN,Exception,1,1,0.0,,0.0,,0,0,0,1
2024-07,Industrial,YOLO,R-IND-GEN,Generated,2,2,34620.09,17310.04,157167.03,78583.51,0,2,0,0
2024-07,Industrial,YOLO,R-IND-GEN,Paid,1,1,8066.2,8066.2,40067.5,40067.5,1,0,0,0
2024-07,Mining,ALAMEDA,R-MIN-GEN,Paid,1,1,2951.64,2951.64,16186.1,16186.1,1,0,0,0
2024-07,Mining,CONTRA COSTA,R-MIN-GEN,Paid,2,2,19113.9,9556.95,96426.83,48213.41,2,0,0,0
2024-07,Mining,FRESNO,R-MIN-GEN,Exception,1,1,0.0,,64178.0,64178.0,0,0,0,1
2024-07,Mining,FRESNO,R-MIN-GEN,Generated,1,1,13956.95,13956.95,68213.4,68213.4,0,1,0,0
2024-07,Mining,FRESNO,R-MIN-GEN,Paid,1,1,6663.13,6663.13,35059.68,35059.68,1,0,0,0
2024-07,Mining,KERN,R-MIN-GEN,Paid,4,4,33031.82,8257.95,169235.53,42308.88,4,0,0,0
2024-07,Mining,NEVADA,R-MIN-GEN,Generated,1,1,13326.85,13326.85,65349.3,65349.3,0,1,0,0
2024-07,Mining,SAN FRANCISCO,R-MIN-GEN,Paid,1,1,16441.35,16441.35,79506.15,79506.15,1,0,0,0
2024-07,Mining,SAN JOAQUIN,R-MIN-GEN,Paid,2,2,24324.58,12162.29,120111.72,60055.86,2,0,0,0
2024-07,Mining,SAN LUIS OBISPO,R-MIN-GEN,Paid,1,1,18032.64,18032.64,86739.25,86739.25,1,0,0,0
2024-07,Mining,SANTA CLARA,R-MIN-GEN,Exception,1,1,0.0,,68267.37,68267.37,0,0,0,1
2024-07,Mining,SANTA CLARA,R-MIN-GEN,Generated,3,3,27489.68,9163.23,139271.31,46423.77,0,3,0,0
2024-07,Mining,SANTA CLARA,R-MIN-GEN,Paid,3,3,31947.97,10649.32,159536.22,53178.74,3,0,0,0
2024-07,Mining,SONOMA,R-MIN-GEN,Paid,1,1,6853.4,6853.4,35924.56,35924.56,1,0,0,0
2024-07,Mining,SONOMA,R-MIN-GEN,Past Due,1,1,8568.9,8568.9,43722.29,43722.29,0,0,1,0
2024-07,Mining,YOLO,R-MIN-GEN,Generated,1,1,6402.32,6402.32,33874.2,33874.2,0,1,0,0
2024-07,Residential,ALAMEDA,R-RES-TOU,Exception,37,37,0.0,,20887.9,773.63,0,0,0,37
2024-07,Residential,ALAMEDA,R-RES-TOU,Generated,81,81,18982.06,234.35,59877.18,739.22,0,81,0,0
2024-07,Residential,ALAMEDA,R-RES-TOU,Paid,262,262,62867.05,239.95,197500.0,753.82,262,0,0,0
2024-07,Residential,ALAMEDA,R-RES-TOU,Past Due,36,36,8737.33,242.7,27499.78,763.88,0,0,36,0
2024-07,Residential,AMADOR,R-RES-TOU,Exception,1,1,0.0,,544.09,544.09,0,0,0,1
2024-07,Residential,AMADOR,R-RES-TOU,Generated,2,2,493.58,246.79,1554.39,777.19,0,2,0,0
2024-07,Residential,AMADOR,R-RES-TOU,Paid,10,10,2645.85,264.58,8232.62,823.26,10,0,0,0
2024-07,Residential,AMADOR,R-RES-TOU,Past Due,3,3,707.15,235.72,2194.94,731.65,0,0,3,0
2024-07,Residential,BUTTE,R-RES-TOU,Exception,6,6,0.0,,1948.68,649.56,0,0,0,6
2024-07,Residential,BUTTE,R-RES-TOU,Generated,7,7,1327.19,189.6,4232.3,604.61,0,7,0,0
2024-07,Residential,BUTTE,R-RES-TOU,Paid,32,32,7446.33,232.7,23453.79,732.93,32,0,0,0
2024-07,Residential,BUTTE,R-RES-TOU,Past Due,2,2,421.61,210.81,1354.46,677.23,0,0,2,0
2024-07,Residential,CALAVERAS,R-RES-TOU,Exception,2,2,0.0,,452.32,452.32,0,0,0,2
2024-07,Residential,CALAVERAS,R-RES-TOU,Generated,3,3,1037.13,345.71,3155.91,1051.97,0,3,0,0
2024-07,Residential,CALAVERAS,R-RES-TOU,Paid,10,10,2541.06,254.11,7957.49,795.75,10,0,0,0
2024-07,Residential,COLUSA,R-RES-TOU,Exception,1,1,0.0,,588.43,588.43,0,0,0,1
2024-07,Residential,COLUSA,R-RES-TOU,Paid,8,8,2014.07,251.76,6290.34,786.29,8,0,0,0
2024-07,Residential,COLUSA,R-RES-TOU,Past Due,1,1,153.55,153.55,518.19,518.19,0,0,1,0
2024-07,Residential,CONTRA COSTA,R-RES-TOU,Exception,31,31,0.0,,18656.48,717.56,0,0,0,31
2024-07,Residential,CONTRA COSTA,R-RES-TOU,Generated,50,50,11363.21,227.26,35920.5,718.41,0,50,0,0
2024-07,Residential,CONTRA COSTA,R-RES-TOU,Paid,186,186,44887.13,241.33,141077.63,758.48,186,0,0,0
2024-07,Residential,CONTRA COSTA,R-RES-TOU,Past Due,23,23,5888.87,256.04,18381.84,799.21,0,0,23,0
2024-07,Residential,EL DORADO,R-RES-TOU,Exception,3,3,0.0,,1626.38,542.13,0,0,0,3
2024-07,Residential,EL DORADO,R-RES-TOU,Generated,12,12,3013.42,251.12,9470.57,789.21,0,12,0,0
2024-07,Residential,EL DORADO,R-RES-TOU,Paid,23,23,5414.88,235.43,16969.77,737.82,23,0,0,0
2024-07,Residential,EL DORADO,R-RES-TOU,Past Due,3,3,819.51,273.17,2551.42,850.47,0,0,3,0
2024-07,Residential,FRESNO,R-RES-TOU,Exception,18,18,0.0,,7125.28,593.77,0,0,0,18
2024-07,Residential,FRESNO,R-RES-TOU,Generated,53,53,12738.29,240.35,39898.92,752.81,0,53,0,0
2024-07,Residential,FRESNO,R-RES-TOU,Paid,181,181,44613.38,246.48,140013.88,773.56,181,0,0,0
2024-07,Residential,FRESNO,R-RES-TOU,Past Due,19,19,4852.7,255.41,15209.77,800.51,0,0,19,0
2024-07,Residential,GLENN,R-RES-TOU,Exception,1,1,0.0,,709.57,709.57,0,0,0,1
2024-07,Residential,GLENN,R-RES-TOU,Generated,1,1,126.05,126.05,422.4,422.4,0,1,0,0
2024-07,Residential,GLENN,R-RES-TOU,Paid,10,10,2367.45,236.74,7436.62,743.66,10,0,0,0
2024-07,Residential,GLENN,R-RES-TOU,Past Due,2,2,573.05,286.52,1775.14,887.57,0,0,2,0
2024-07,Residential,HUMBOLDT,R-RES-TOU,Generated,6,6,1484.9,247.48,4640.4,773.4,0,6,0,0
2024-07,Residential,HUMBOLDT,R-RES-TOU,Paid,16,16,3667.64,229.23,11622.72,726.42,16,0,0,0
2024-07,Residential,HUMBOLDT,R-RES-TOU,Past Due,2,2,415.63,207.81,1323.88,661.94,0,0,2,0
2024-07,Residential,KERN,R-RES-TOU,Exception,49,49,0.0,,27628.19,789.38,0,0,0,49
2024-07,Residential,KERN,R-RES-TOU,Generated,108,108,26111.03,241.77,82111.67,760.29,0,108,0,0
2024-07,Residential,KERN,R-RES-TOU,Paid,396,396,92189.55,232.8,290597.66,733.83,396,0,0,0
2024-07,Residential,KERN,R-RES-TOU,Past Due,46,46,10555.27,229.46,33385.79,725.78,0,0,46,0
2024-07,Residential,KINGS,R-RES-TOU,Exception,5,5,0.0,,3377.25,844.31,0,0,0,5
2024-07,Residential,KINGS,R-RES-TOU,Generated,10,10,2563.27,256.33,7993.32,799.33,0,10,0,0
2024-07,Residential,KINGS,R-RES-TOU,Paid,40,40,9654.04,241.35,30346.14,758.65,40,0,0,0
2024-07,Residential,KINGS,R-RES-TOU,Past Due,3,3,604.99,201.66,1940.81,646.94,0,0,3,0
2024-07,Residential,LAKE,R-RES-TOU,Exception,2,2,0.0,,1036.6,518.3,0,0,0,2
2024-07,Residential,LAKE,R-RES-TOU,Generated,2,2,460.1,230.05,1461.4,730.7,0,2,0,0
2024-07,Residential,LAKE,R-RES-TOU,Paid,10,10,2335.83,233.58,7363.47,736.35,10,0,0,0
2024-07,Residential,LAKE,R-RES-TOU,Past Due,1,1,125.54,125.54,420.52,420.52,0,0,1,0
2024-07,Residential,MADERA,R-RES-TOU,Exception,6,6,0.0,,2497.64,624.41,0,0,0,6
2024-07,Residential,MADERA,R-RES-TOU,Generated,11,11,3118.27,283.48,9625.4,875.04,0,11,0,0
2024-07,Residential,MADERA,R-RES-TOU,Paid,29,29,5986.47,206.43,19107.08,658.86,29,0,0,0
2024-07,Residential,MADERA,R-RES-TOU,Past Due,3,3,837.06,279.02,2600.18,866.73,0,0,3,0
2024-07,Residential,MARIN,R-RES-TOU,Exception,2,2,0.0,,877.14,438.57,0,0,0,2
2024-07,Residential,MARIN,R-RES-TOU,Generated,9,9,2470.67,274.52,7688.0,854.22,0,9,0,0
2024-07,Residential,MARIN,R-RES-TOU,Paid,29,29,6662.33,229.74,21015.17,724.66,29,0,0,0
2024-07,Residential,MARIN,R-RES-TOU,Past Due,6,6,2000.03,333.34,6105.66,1017.61,0,0,6,0
2024-07,Residential,MARIPOSA,R-RES-TOU,Generated,1,1,224.49,224.49,715.24,715.24,0,1,0,0
2024-07,Residential,MARIPOSA,R-RES-TOU,Paid,2,2,403.73,201.87,1304.81,652.4,2,0,0,0
2024-07,Residential,MENDOCINO,R-RES-TOU,Exception,3,3,0.0,,1846.55,615.52,0,0,0,3
2024-07,Residential,MENDOCINO,R-RES-TOU,Generated,2,2,306.9,153.45,1030.62,515.31,0,2,0,0
2024-07,Residential,MENDOCINO,R-RES-TOU,Paid,12,12,3200.78,266.73,9971.44,830.95,12,0,0,0
2024-07,Residential,MENDOCINO,R-RES-TOU,Past Due,3,3,902.13,300.71,2780.92,926.97,0,0,3,0
2024-07,Residential,MERCED,R-RES-TOU,Exception,11,11,0.0,,6066.3,866.61,0,0,0,11
2024-07,Residential,MERCED,R-RES-TOU,Generated,24,24,4931.34,205.47,15808.48,658.69,0,24,0,0
2024-07,Residential,MERCED,R-RES-TOU,Paid,70,70,16361.18,233.73,51663.33,738.05,70,0,0,0
2024-07,Residential,MERCED,R-RES-TOU,Past Due,13,13,3186.54,245.12,10038.47,772.19,0,0,13,0
2024-07,Residential,MONTEREY,R-RES-TOU,Exception,11,11,0.0,,5392.38,770.34,0,0,0,11
2024-07,Residential,MONTEREY,R-RES-TOU,Generated,10,10,2315.87,231.59,7215.54,721.55,0,10,0,0
2024-07,Residential,MONTEREY,R-RES-TOU,Paid,55,55,12457.07,226.49,39430.54,716.92,55,0,0,0
2024-07,Residential,MONTEREY,R-RES-TOU,Past Due,5,5,1215.44,243.09,3792.3,758.46,0,0,5,0
2024-07,Residential,NAPA,R-RES-TOU,Exception,6,6,0.0,,2070.6,517.65,0,0,0,6
2024-07,Residential,NAPA,R-RES-TOU,Generated,8,8,2356.87,294.61,7256.66,907.08,0,8,0,0
2024-07,Residential,NAPA,R-RES-TOU,Paid,24,24,5822.01,242.58,18283.79,761.82,24,0,0,0
2024-07,Residential,NAPA,R-RES-TOU,Past Due,6,6,1610.15,268.36,5022.62,837.1,0,0,6,0
2024-07,Residential,NEVADA,R-RES-TOU,Exception,2,2,0.0,,333.36,333.36,0,0,0,2
2024-07,Residential,NEVADA,R-RES-TOU,Generated,6,6,1548.26,258.04,4847.01,807.84,0,6,0,0
2024-07,Residential,NEVADA,R-RES-TOU,Paid,14,14,3155.36,225.38,9956.9,711.21,14,0,0,0
2024-07,Residential,NEVADA,R-RES-TOU,Past Due,1,1,114.71,114.71,380.41,380.41,0,0,1,0
2024-07,Residential,PLACER,R-RES-TOU,Exception,19,19,0.0,,12053.91,803.59,0,0,0,19
2024-07,Residential,PLACER,R-RES-TOU,Generated,15,15,3739.8,249.32,11729.0,781.93,0,15,0,0
2024-07,Residential,PLACER,R-RES-TOU,Paid,65,65,15054.74,231.61,47580.63,732.01,65,0,0,0
2024-07,Residential,PLACER,R-RES-TOU,Past Due,13,13,3391.59,260.89,10560.25,812.33,0,0,13,0
2024-07,Residential,PLUMAS,R-RES-TOU,Generated,1,1,122.75,122.75,410.2,410.2,0,1,0,0
2024-07,Residential,PLUMAS,R-RES-TOU,Paid,5,5,1103.6,220.72,3450.18,690.04,5,0,0,0
2024-07,Residential,SAN FRANCISCO,R-RES-TOU,Exception,14,14,0.0,,7847.6,871.96,0,0,0,14
2024-07,Residential,SAN FRANCISCO,R-RES-TOU,Generated,34,34,7938.5,233.49,25101.58,738.28,0,34,0,0
2024-07,Residential,SAN FRANCISCO,R-RES-TOU,Paid,117,117,28170.48,240.77,88446.44,755.95,117,0,0,0
2024-07,Residential,SAN FRANCISCO,R-RES-TOU,Past Due,12,12,2857.62,238.13,8959.88,746.66,0,0,12,0
2024-07,Residential,SAN JOAQUIN,R-RES-TOU,Exception,21,21,0.0,,8403.4,700.28,0,0,0,21
2024-07,Residential,SAN JOAQUIN,R-RES-TOU,Generated,37,37,8715.78,235.56,27427.99,741.3,0,37,0,0
2024-07,Residential,SAN JOAQUIN,R-RES-TOU,Paid,125,125,29672.85,237.38,93501.52,748.01,125,0,0,0
2024-07,Residential,SAN JOAQUIN,R-RES-TOU,Past Due,10,10,2444.42,244.44,7677.96,767.8,0,0,10,0
2024-07,Residential,SAN LUIS OBISPO,R-RES-TOU,Exception,5,5,0.0,,2301.58,767.19,0,0,0,5
2024-07,Residential,SAN LUIS OBISPO,R-RES-TOU,Generated,7,7,1526.71,218.1,4870.22,695.75,0,7,0,0
2024-07,Residential,SAN LUIS OBISPO,R-RES-TOU,Paid,39,39,9012.04,231.08,28497.86,730.71,39,0,0,0
2024-07,Residential,SAN LUIS OBISPO,R-RES-TOU,Past Due,5,5,1291.98,258.4,4047.16,809.43,0,0,5,0
2024-07,Residential,SAN MATEO,R-RES-TOU,Exception,16,16,0.0,,8044.34,618.8,0,0,0,16
2024-07,Residential,SAN MATEO,R-RES-TOU,Generated,31,31,6823.34,220.11,21758.72,701.89,0,31,0,0
2024-07,Residential,SAN MATEO,R-RES-TOU,Paid,89,89,19443.34,218.46,61771.08,694.06,89,0,0,0
2024-07,Residential,SAN MATEO,R-RES-TOU,Past Due,10,10,2331.23,233.12,7357.28,735.73,0,0,10,0
2024-07,Residential,SANTA BARBARA,R-RES-TOU,Exception,7,7,0.0,,3833.67,958.42,0,0,0,7
2024-07,Residential,SANTA BARBARA,R-RES-TOU,Generated,18,18,4542.61,252.37,14171.85,787.33,0,18,0,0
2024-07,Residential,SANTA BARBARA,R-RES-TOU,Paid,56,56,13231.07,236.27,41740.96,745.37,56,0,0,0
2024-07,Residential,SANTA BARBARA,R-RES-TOU,Past Due,6,6,1316.34,219.39,4192.82,698.8,0,0,6,0
2024-07,Residential,SANTA CLARA,R-RES-TOU,Exception,49,49,0.0,,25196.68,719.91,0,0,0,49
2024-07,Residential,SANTA CLARA,R-RES-TOU,Generated,134,134,33060.96,246.72,103536.95,772.66,0,134,0,0
2024-07,Residential,SANTA CLARA,R-RES-TOU,Paid,406,406,94716.47,233.29,298633.11,735.55,406,0,0,0
2024-07,Residential,SANTA CLARA,R-RES-TOU,Past Due,31,31,7932.42,255.88,24810.0,800.32,0,0,31,0
2024-07,Residential,SANTA CRUZ,R-RES-TOU,Exception,2,2,0.0,,1264.05,632.03,0,0,0,2
2024-07,Residential,SANTA CRUZ,R-RES-TOU,Generated,6,6,1775.72,295.95,5477.38,912.9,0,6,0,0
2024-07,Residential,SANTA CRUZ,R-RES-TOU,Paid,23,23,5348.39,232.54,16887.02,734.22,23,0,0,0
2024-07,Residential,SANTA CRUZ,R-RES-TOU,Past Due,4,4,1014.09,253.52,3183.58,795.89,0,0,4,0
2024-07,Residential,SHASTA,R-RES-TOU,Exception,1,1,0.0,,672.34,672.34,0,0,0,1
2024-07,Residential,SHASTA,R-RES-TOU,Generated,6,6,1224.0,204.0,3911.52,651.92,0,6,0,0
2024-07,Residential,SHASTA,R-RES-TOU,Paid,27,27,6424.94,237.96,20248.01,749.93,27,0,0,0
2024-07,Residential,SHASTA,R-RES-TOU,Past Due,2,2,722.44,361.22,2190.11,1095.06,0,0,2,0
2024-07,Residential,SOLANO,R-RES-TOU,Exception,7,7,0.0,,1834.57,611.52,0,0,0,7
2024-07,Residential,SOLANO,R-RES-TOU,Generated,26,26,7122.62,273.95,22040.58,847.71,0,26,0,0
2024-07,Residential,SOLANO,R-RES-TOU,Paid,62,62,14431.26,232.76,45467.96,733.35,62,0,0,0
2024-07,Residential,SOLANO,R-RES-TOU,Past Due,7,7,1765.52,252.22,5545.9,792.27,0,0,7,0
2024-07,Residential,SONOMA,R-RES-TOU,Exception,6,6,0.0,,3466.08,577.68,0,0,0,6
2024-07,Residential,SONOMA,R-RES-TOU,Generated,15,15,3246.58,216.44,10358.2,690.55,0,15,0,0
2024-07,Residential,SONOMA,R-RES-TOU,Paid,58,58,12745.22,219.75,40434.72,697.15,58,0,0,0
2024-07,Residential,SONOMA,R-RES-TOU,Past Due,5,5,1043.01,208.6,3343.03,668.61,0,0,5,0
2024-07,Residential,SUTTER,R-RES-TOU,Exception,4,4,0.0,,2313.16,771.05,0,0,0,4
2024-07,Residential,SUTTER,R-RES-TOU,Generated,3,3,1123.41,374.47,3395.26,1131.75,0,3,0,0
2024-07,Residential,SUTTER,R-RES-TOU,Paid,19,19,4392.49,231.18,13874.33,730.23,19,0,0,0
2024-07,Residential,TUOLUMNE,R-RES-TOU,Exception,1,1,0.0,,793.1,793.1,0,0,0,1
2024-07,Residential,TUOLUMNE,R-RES-TOU,Generated,6,6,1586.12,264.35,4953.44,825.57,0,6,0,0
2024-07,Residential,TUOLUMNE,R-RES-TOU,Paid,11,11,2449.7,222.7,7708.85,700.8,11,0,0,0
2024-07,Residential,TUOLUMNE,R-RES-TOU,Past Due,2,2,303.06,151.53,988.84,494.42,0,0,2,0
2024-07,Residential,YOLO,R-RES-TOU,Exception,5,5,0.0,,2689.04,672.26,0,0,0,5
2024-07,Residential,YOLO,R-RES-TOU,Generated,11,11,3308.03,300.73,10192.39,926.58,0,11,0,0
2024-07,Residential,YOLO,R-RES-TOU,Paid,34,34,7845.48,230.75,24790.1,729.12,34,0,0,0
2024-07,Residential,YOLO,R-RES-TOU,Past Due,2,2,507.64,253.82,1558.51,779.25,0,0,2,0
2024-07,Residential,YUBA,R-RES-TOU,Exception,1,1,0.0,,1276.55,1276.55,0,0,0,1
2024-07,Residential,YUBA,R-RES-TOU,Generated,4,4,995.3,248.82,3131.36,782.84,0,4,0,0
2024-07,Residential,YUBA,R-RES-TOU,Paid,13,13,3413.06,262.54,10652.19,819.4,13,0,0,0
2024-07,Residential,YUBA,R-RES-TOU,Past Due,2,2,389.39,194.69,1264.96,632.48,0,0,2,0
2024-07,Streetlighting,ALAMEDA,R-STLIGHT,Exception,1,1,0.0,,0.0,,0,0,0,1
2024-07,Streetlighting,ALAMEDA,R-STLIGHT,Generated,1,1,590.62,590.62,2794.24,2794.24,0,1,0,0
2024-07,Streetlighting,ALAMEDA,R-STLIGHT,Paid,4,4,2749.64,687.41,12790.15,3197.54,4,0,0,0
2024-07,Streetlighting,CONTRA COSTA,R-STLIGHT,Past Due,1,1,731.82,731.82,3382.59,3382.59,0,0,1,0
2024-07,Streetlighting,FRESNO,R-STLIGHT,Exception,1,1,0.0,,6513.3,6513.3,0,0,0,1
2024-07,Streetlighting,FRESNO,R-STLIGHT,Paid,1,1,458.38,458.38,2243.25,2243.25,1,0,0,0
2024-07,Streetlighting,KERN,R-STLIGHT,Paid,2,2,1518.15,759.08,6992.3,3496.15,2,0,0,0
2024-07,Streetlighting,NEVADA,R-STLIGHT,Paid,1,1,1038.03,1038.03,4658.44,4658.44,1,0,0,0
2024-07,Streetlighting,PLACER,R-STLIGHT,Paid,1,1,794.15,794.15,3642.29,3642.29,1,0,0,0
2024-07,Streetlighting,SAN FRANCISCO,R-STLIGHT,Paid,1,1,695.5,695.5,3231.25,3231.25,1,0,0,0
2024-07,Streetlighting,SAN JOAQUIN,R-STLIGHT,Exception,1,1,0.0,,7934.6,7934.6,0,0,0,1
2024-07,Streetlighting,SAN JOAQUIN,R-STLIGHT,Paid,2,2,1517.9,758.95,6991.26,3495.63,2,0,0,0
2024-07,Streetlighting,SANTA CLARA,R-STLIGHT,Paid,5,5,4580.05,916.01,20750.2,4150.04,5,0,0,0
2024-07,Streetlighting,SOLANO,R-STLIGHT,Generated,2,2,3206.96,1603.48,14028.99,7014.49,0,2,0,0
2024-07,"Transportation, Communications, & Utilities",ALAMEDA,R-TCU-GEN,Generated,3,3,16416.24,5472.08,63301.22,21100.41,0,3,0,0
2024-07,"Transportation, Communications, & Utilities",ALAMEDA,R-TCU-GEN,Paid,3,3,19667.31,6555.77,75473.46,25157.82,3,0,0,0
2024-07,"Transportation, Communications, & Utilities",BUTTE,R-TCU-GEN,Paid,2,2,16335.15,8167.57,61431.58,30715.79,2,0,0,0
2024-07,"Transportation, Communications, & Utilities",CONTRA COSTA,R-TCU-GEN,Generated,3,3,18244.49,6081.5,70567.21,23522.4,0,3,0,0
2024-07,"Transportation, Communications, & Utilities",CONTRA COSTA,R-TCU-GEN,Paid,3,3,25673.1,8557.7,96183.09,32061.03,3,0,0,0
2024-07,"Transportation, Communications, & Utilities",FRESNO,R-TCU-GEN,Paid,6,6,42093.79,7015.63,160461.32,26743.55,6,0,0,0
2024-07,"Transportation, Communications, & Utilities",KERN,R-TCU-GEN,Generated,1,1,5205.21,5205.21,20500.71,20500.71,0,1,0,0
2024-07,"Transportation, Communications, & Utilities",KERN,R-TCU-GEN,Paid,4,4,29152.51,7288.13,110588.48,27647.12,4,0,0,0
2024-07,"Transportation, Communications, & Utilities",KERN,R-TCU-GEN,Past Due,1,1,5786.57,5786.57,22505.41,22505.41,0,0,1,0
2024-07,"Transportation, Communications, & Utilities",MADERA,R-TCU-GEN,Paid,1,1,3315.1,3315.1,13983.12,13983.12,1,0,0,0
2024-07,"Transportation, Communications, & Utilities",MENDOCINO,R-TCU-GEN,Paid,1,1,4632.74,4632.74,18526.7,18526.7,1,0,0,0
2024-07,"Transportation, Communications, & Utilities",MERCED,R-TCU-GEN,Paid,1,1,5362.55,5362.55,21043.29,21043.29,1,0,0,0
2024-07,"Transportation, Communications, & Utilities",MONTEREY,R-TCU-GEN,Generated,1,1,11889.58,11889.58,43550.27,43550.27,0,1,0,0
2024-07,"Transportation, Communications, & Utilities",MONTEREY,R-TCU-GEN,Paid,1,1,4720.73,4720.73,18830.1,18830.1,1,0,0,0
2024-07,"Transportation, Communications, & Utilities",PLACER,R-TCU-GEN,Paid,3,3,14399.62,4799.87,57309.04,19103.01,3,0,0,0
2024-07,"Transportation, Communications, & Utilities",SAN FRANCISCO,R-TCU-GEN,Paid,3,3,22225.6,7408.53,84295.17,28098.39,3,0,0,0
2024-07,"Transportation, Communications, & Utilities",SAN JOAQUIN,R-TCU-GEN,Exception,2,2,0.0,,0.0,,0,0,0,2
2024-07,"Transportation, Communications, & Utilities",SAN JOAQUIN,R-TCU-GEN,Paid,1,1,9642.78,9642.78,35802.7,35802.7,1,0,0,0
2024-07,"Transportation, Communications, & Utilities",SAN LUIS OBISPO,R-TCU-GEN,Generated,1,1,6983.66,6983.66,26633.31,26633.31,0,1,0,0
2024-07,"Transportation, Communications, & Utilities",SAN MATEO,R-TCU-GEN,Exception,1,1,0.0,,27327.32,27327.32,0,0,0,1
2024-07,"Transportation, Communications, & Utilities",SAN MATEO,R-TCU-GEN,Generated,2,2,12694.67,6347.34,48878.15,24439.08,0,2,0,0
2024-07,"Transportation, Communications, & Utilities",SAN MATEO,R-TCU-GEN,Paid,3,3,14146.18,4715.39,56435.11,18811.7,3,0,0,0
2024-07,"Transportation, Communications, & Utilities",SANTA BARBARA,R-TCU-GEN,Paid,2,2,8158.84,4079.42,33237.38,16618.69,2,0,0,0
2024-07,"Transportation, Communications, & Utilities",SANTA CLARA,R-TCU-GEN,Exception,2,2,0.0,,55472.37,27736.18,0,0,0,2
2024-07,"Transportation, Communications, & Utilities",SANTA CLARA,R-TCU-GEN,Generated,4,4,29714.42,7428.6,112670.44,28167.61,0,4,0,0
2024-07,"Transportation, Communications, & Utilities",SANTA CLARA,R-TCU-GEN,Paid,12,12,66946.0,5578.83,261156.92,21763.08,12,0,0,0
2024-07,"Transportation, Communications, & Utilities",SANTA CRUZ,R-TCU-GEN,Paid,1,1,6687.99,6687.99,25613.76,25613.76,1,0,0,0
2024-07,"Transportation, Communications, & Utilities",SHASTA,R-TCU-GEN,Paid,2,2,12921.45,6460.73,49660.2,24830.1,2,0,0,0
2024-08,Agriculture And Water Pumping,ALAMEDA,R-AGR-PUMP,Exception,2,2,0.0,,32125.73,32125.73,0,0,0,2
2024-08,Agriculture And Water Pumping,ALAMEDA,R-AGR-PUMP,Generated,1,1,7015.96,7015.96,27781.32,27781.32,0,1,0,0
2024-08,Agriculture And Water Pumping,ALAMEDA,R-AGR-PUMP,Paid,11,11,44475.51,4043.23,184483.38,16771.22,11,0,0,0
2024-08,Agriculture And Water Pumping,AMADOR,R-AGR-PUMP,Paid,1,1,3027.9,3027.9,13010.73,13010.73,1,0,0,0
2024-08,Agriculture And Water Pumping,BUTTE,R-AGR-PUMP,Paid,1,1,3472.1,3472.1,14655.94,14655.94,1,0,0,0
2024-08,Agriculture And Water Pumping,CONTRA COSTA,R-AGR-PUMP,Exception,1,1,0.0,,17044.59,17044.59,0,0,0,1
2024-08,Agriculture And Water Pumping,CONTRA COSTA,R-AGR-PUMP,Generated,2,2,6403.24,3201.62,27308.27,13654.13,0,2,0,0
2024-08,Agriculture And Water Pumping,CONTRA COSTA,R-AGR-PUMP,Paid,10,10,39938.34,3993.83,165882.71,16588.27,10,0,0,0
2024-08,Agriculture And Water Pumping,CONTRA COSTA,R-AGR-PUMP,Past Due,1,1,4345.77,4345.77,17891.75,17891.75,0,0,1,0
2024-08,Agriculture And Water Pumping,EL DORADO,R-AGR-PUMP,Generated,1,1,2720.23,2720.23,11871.24,11871.24,0,1,0,0
2024-08,Agriculture And Water Pumping,EL DORADO,R-AGR-PUMP,Paid,1,1,1944.32,1944.32,8997.49,8997.49,1,0,0,0
2024-08,Agriculture And Water Pumping,FRESNO,R-AGR-PUMP,Generated,4,4,14511.13,3627.78,60930.09,15232.52,0,4,0,0
2024-08,Agriculture And Water Pumping,FRESNO,R-AGR-PUMP,Paid,6,6,19433.62,3238.94,82754.14,13792.36,6,0,0,0
2024-08,Agriculture And Water Pumping,KERN,R-AGR-PUMP,Exception,6,6,0.0,,26916.99,13458.49,0,0,0,6
2024-08,Agriculture And Water Pumping,KERN,R-AGR-PUMP,Generated,2,2,9041.06,4520.53,37078.0,18539.0,0,2,0,0
2024-08,Agriculture And Water Pumping,KERN,R-AGR-PUMP,Paid,5,5,24597.52,4919.5,99593.59,19918.72,5,0,0,0
2024-08,Agriculture And Water Pumping,KERN,R-AGR-PUMP,Past Due,1,1,2922.83,2922.83,12621.58,12621.58,0,0,1,0
2024-08,Agriculture And Water Pumping,KINGS,R-AGR-PUMP,Exception,1,1,0.0,,25811.42,25811.42,0,0,0,1
2024-08,Agriculture And Water Pumping,KINGS,R-AGR-PUMP,Paid,1,1,1851.12,1851.12,8652.29,8652.29,1,0,0,0
2024-08,Agriculture And Water Pumping,MERCED,R-AGR-PUMP,Generated,2,2,6362.31,3181.15,27156.7,13578.35,0,2,0,0
2024-08,Agriculture And Water Pumping,MERCED,R-AGR-PUMP,Paid,3,3,7472.28,2490.76,33064.0,11021.33,3,0,0,0
2024-08,Agriculture And Water Pumping,MONTEREY,R-AGR-PUMP,Paid,3,3,14498.54,4832.85,59087.19,19695.73,3,0,0,0
2024-08,Agriculture And Water Pumping,MONTEREY,R-AGR-PUMP,Past Due,1,1,2195.75,2195.75,9928.7,9928.7,0,0,1,0
2024-08,Agriculture And Water Pumping,NEVADA,R-AGR-PUMP,Paid,1,1,5681.57,5681.57,22839.13,22839.13,1,0,0,0
2024-08,Agriculture And Water Pumping,PLACER,R-AGR-PUMP,Generated,3,3,7608.34,2536.11,33507.72,11169.24,0,3,0,0
2024-08,Agriculture And Water Pumping,PLACER,R-AGR-PUMP,Paid,2,2,9668.08,4834.04,39400.31,19700.15,2,0,0,0
2024-08,Agriculture And Water Pumping,SAN FRANCISCO,R-AGR-PUMP,Generated,2,2,15083.62,7541.81,59457.86,29728.93,0,2,0,0
2024-08,Agriculture And Water Pumping,SAN FRANCISCO,R-AGR-PUMP,Paid,8,8,28796.86,3599.61,121025.4,15128.17,8,0,0,0
2024-08,Agriculture And Water Pumping,SAN FRANCISCO,R-AGR-PUMP,Past Due,1,1,9515.43,9515.43,37038.63,37038.63,0,0,1,0
2024-08,Agriculture And Water Pumping,SAN JOAQUIN,R-AGR-PUMP,Exception,1,1,0.0,,0.0,,0,0,0,1
2024-08,Agriculture And Water Pumping,SAN JOAQUIN,R-AGR-PUMP,Paid,7,7,31097.05,4442.44,127748.37,18249.77,7,0,0,0
2024-08,Agriculture And Water Pumping,SAN JOAQUIN,R-AGR-PUMP,Past Due,2,2,9365.19,4682.6,38278.49,19139.25,0,0,2,0
2024-08,Agriculture And Water Pumping,SAN LUIS OBISPO,R-AGR-PUMP,Paid,1,1,3016.3,3016.3,12967.77,12967.77,1,0,0,0
2024-08,Agriculture And Water Pumping,SAN MATEO,R-AGR-PUMP,Generated,2,2,8188.02,4094.01,33918.58,16959.29,0,2,0,0
2024-08,Agriculture And Water Pumping,SAN MATEO,R-AGR-PUMP,Paid,4,4,14211.43,3552.86,59820.09,14955.02,4,0,0,0
2024-08,Agriculture And Water Pumping,SANTA BARBARA,R-AGR-PUMP,Paid,2,2,8267.6,4133.8,33367.47,16683.74,2,0,0,0
2024-08,Agriculture And Water Pumping,SANTA CLARA,R-AGR-PUMP,Generated,8,8,29362.74,3670.34,123043.69,15380.46,0,8,0,0
2024-08,Agriculture And Water Pumping,SANTA CLARA,R-AGR-PUMP,Paid,11,11,39302.92,3572.99,165325.55,15029.6,11,0,0,0
2024-08,Agriculture And Water Pumping,SANTA CLARA,R-AGR-PUMP,Past Due,2,2,5855.77,2927.89,25280.61,12640.31,0,0,2,0
2024-08,Agriculture And Water Pumping,SANTA CRUZ,R-AGR-PUMP,Generated,2,2,7070.66,3535.33,29780.23,14890.11,0,2,0,0
2024-08,Agriculture And Water Pumping,SHASTA,R-AGR-PUMP,Paid,1,1,3915.63,3915.63,16298.62,16298.62,1,0,0,0
2024-08,Agriculture And Water Pumping,SOLANO,R-AGR-PUMP,Paid,2,2,6780.5,3390.25,28705.55,14352.77,2,0,0,0
2024-08,Agriculture And Water Pumping,SOLANO,R-AGR-PUMP,Past Due,2,2,7929.05,3964.52,32959.46,16479.73,0,0,2,0
2024-08,Agriculture And Water Pumping,SUTTER,R-AGR-PUMP,Paid,1,1,2960.34,2960.34,12760.51,12760.51,1,0,0,0
2024-08,Agriculture And Water Pumping,TUOLUMNE,R-AGR-PUMP,Paid,2,2,8209.14,4104.57,33996.82,16998.41,2,0,0,0
2024-08,Agriculture And Water Pumping,YOLO,R-AGR-PUMP,Generated,2,2,9148.21,4574.1,37474.84,18737.42,0,2,0,0
2024-08,Agriculture And Water Pumping,YOLO,R-AGR-PUMP,Paid,1,1,3737.57,3737.57,15639.16,15639.16,1,0,0,0
2024-08,Commercial,ALAMEDA,R-COM-GEN,Exception,5,5,0.0,,33819.16,6763.83,0,0,0,5
2024-08,Commercial,ALAMEDA,R-COM-GEN,Generated,15,15,32634.87,2175.66,113741.45,7582.76,0,15,0,0
2024-08,Commercial,ALAMEDA,R-COM-GEN,Paid,43,43,72199.28,1679.05,257069.13,5978.35,43,0,0,0
2024-08,Commercial,ALAMEDA,R-COM-GEN,Past Due,5,5,10290.58,2058.12,36017.97,7203.59,0,0,5,0
2024-08,Commercial,AMADOR,R-COM-GEN,Paid,2,2,3098.61,1549.31,11124.55,5562.27,2,0,0,0
2024-08,Commercial,AMADOR,R-COM-GEN,Past Due,1,1,1673.2,1673.2,5961.93,5961.93,0,0,1,0
2024-08,Commercial,BUTTE,R-COM-GEN,Exception,1,1,0.0,,0.0,,0,0,0,1
2024-08,Commercial,BUTTE,R-COM-GEN,Generated,1,1,3545.59,3545.59,12001.91,12001.91,0,1,0,0
2024-08,Commercial,BUTTE,R-COM-GEN,Paid,9,9,13458.96,1495.44,48408.07,5378.67,9,0,0,0
2024-08,Commercial,BUTTE,R-COM-GEN,Past Due,1,1,3372.66,3372.66,11444.06,11444.06,0,0,1,0
2024-08,Commercial,CALAVERAS,R-COM-GEN,Paid,3,3,4516.83,1505.61,16217.83,5405.94,3,0,0,0
2024-08,Commercial,COLUSA,R-COM-GEN,Past Due,1,1,1730.47,1730.47,6146.69,6146.69,0,0,1,0
2024-08,Commercial,CONTRA COSTA,R-COM-GEN,Exception,3,3,0.0,,15089.63,7544.82,0,0,0,3
2024-08,Commercial,CONTRA COSTA,R-COM-GEN,Generated,8,8,13527.83,1690.98,48154.26,6019.28,0,8,0,0
2024-08,Commercial,CONTRA COSTA,R-COM-GEN,Paid,31,31,54197.41,1748.3,192248.08,6201.55,31,0,0,0
2024-08,Commercial,CONTRA COSTA,R-COM-GEN,Past Due,6,6,9110.64,1518.44,32776.26,5462.71,0,0,6,0
2024-08,Commercial,EL DORADO,R-COM-GEN,Generated,1,1,1272.02,1272.02,4667.82,4667.82,0,1,0,0
2024-08,Commercial,EL DORADO,R-COM-GEN,Paid,5,5,7826.08,1565.22,28068.03,5613.61,5,0,0,0
2024-08,Commercial,EL DORADO,R-COM-GEN,Past Due,1,1,5037.82,5037.82,16815.56,16815.56,0,0,1,0
2024-08,Commercial,FRESNO,R-COM-GEN,Generated,9,9,13994.26,1554.92,50223.47,5580.39,0,9,0,0
2024-08,Commercial,FRESNO,R-COM-GEN,Paid,35,35,53618.93,1531.97,192551.43,5501.47,35,0,0,0
2024-08,Commercial,FRESNO,R-COM-GEN,Past Due,1,1,1804.12,1804.12,6384.27,6384.27,0,0,1,0
2024-08,Commercial,GLENN,R-COM-GEN,Exception,1,1,0.0,,6910.45,6910.45,0,0,0,1
2024-08,Commercial,GLENN,R-COM-GEN,Generated,2,2,3749.77,1874.88,13225.07,6612.53,0,2,0,0
2024-08,Commercial,GLENN,R-COM-GEN,Past Due,1,1,1449.16,1449.16,5239.23,5239.23,0,0,1,0
2024-08,Commercial,HUMBOLDT,R-COM-GEN,Exception,2,2,0.0,,7819.89,7819.89,0,0,0,2
2024-08,Commercial,HUMBOLDT,R-COM-GEN,Paid,3,3,4291.56,1430.52,15537.29,5179.1,3,0,0,0
2024-08,Commercial,KERN,R-COM-GEN,Exception,3,3,0.0,,14428.05,7214.02,0,0,0,3
2024-08,Commercial,KERN,R-COM-GEN,Generated,18,18,28570.93,1587.27,102193.85,5677.44,0,18,0,0
2024-08,Commercial,KERN,R-COM-GEN,Paid,54,54,89065.6,1649.36,317668.27,5882.75,54,0,0,0
2024-08,Commercial,KERN,R-COM-GEN,Past Due,8,8,13234.08,1654.26,47206.7,5900.84,0,0,8,0
2024-08,Commercial,KINGS,R-COM-GEN,Generated,1,1,1191.1,1191.1,4406.78,4406.78,0,1,0,0
2024-08,Commercial,KINGS,R-COM-GEN,Paid,6,6,11695.33,1949.22,41113.96,6852.33,6,0,0,0
2024-08,Commercial,LAKE,R-COM-GEN,Paid,1,1,727.07,727.07,2883.62,2883.62,1,0,0,0
2024-08,Commercial,MADERA,R-COM-GEN,Exception,3,3,0.0,,6941.87,3470.93,0,0,0,3
2024-08,Commercial,MADERA,R-COM-GEN,Generated,3,3,4617.49,1539.16,16588.68,5529.56,0,3,0,0
2024-08,Commercial,MADERA,R-COM-GEN,Paid,2,2,2458.7,1229.35,9060.33,4530.16,2,0,0,0
2024-08,Commercial,MADERA,R-COM-GEN,Past Due,1,1,1079.56,1079.56,4046.96,4046.96,0,0,1,0
2024-08,Commercial,MARIN,R-COM-GEN,Generated,2,2,3186.39,1593.2,11407.72,5703.86,0,2,0,0
2024-08,Commercial,MARIN,R-COM-GEN,Paid,2,2,3734.94,1867.47,13085.25,6542.63,2,0,0,0
2024-08,Commercial,MARIN,R-COM-GEN,Past Due,1,1,2328.15,2328.15,8074.67,8074.67,0,0,1,0
2024-08,Commercial,MARIPOSA,R-COM-GEN,Past Due,1,1,1268.34,1268.34,4655.95,4655.95,0,0,1,0
2024-08,Commercial,MENDOCINO,R-COM-GEN,Generated,1,1,1670.8,1670.8,5954.18,5954.18,0,1,0,0
2024-08,Commercial,MENDOCINO,R-COM-GEN,Paid,3,3,4316.84,1438.95,15618.86,5206.29,3,0,0,0
2024-08,Commercial,MERCED,R-COM-GEN,Exception,2,2,0.0,,3284.98,3284.98,0,0,0,2
2024-08,Commercial,MERCED,R-COM-GEN,Generated,2,2,3821.48,1910.74,13456.37,6728.18,0,2,0,0
2024-08,Commercial,MERCED,R-COM-GEN,Paid,14,14,20792.04,1485.15,74974.31,5355.31,14,0,0,0
2024-08,Commercial,MONTEREY,R-COM-GEN,Exception,1,1,0.0,,0.0,,0,0,0,1
2024-08,Commercial,MONTEREY,R-COM-GEN,Generated,3,3,4132.27,1377.42,14959.38,4986.46,0,3,0,0
2024-08,Commercial,MONTEREY,R-COM-GEN,Paid,11,11,16031.75,1457.43,57924.99,5265.91,11,0,0,0
2024-08,Commercial,MONTEREY,R-COM-GEN,Past Due,1,1,974.68,974.68,3708.65,3708.65,0,0,1,0
2024-08,Commercial,NAPA,R-COM-GEN,Generated,2,2,3853.83,1926.91,13560.73,6780.36,0,2,0,0
2024-08,Commercial,NAPA,R-COM-GEN,Paid,3,3,6260.49,2086.83,21888.66,7296.22,3,0,0,0
2024-08,Commercial,NEVADA,R-COM-GEN,Exception,1,1,0.0,,6252.69,6252.69,0,0,0,1
2024-08,Commercial,NEVADA,R-COM-GEN,Generated,3,3,5219.28,1739.76,18529.95,6176.65,0,3,0,0
2024-08,Commercial,NEVADA,R-COM-GEN,Paid,3,3,4277.09,1425.7,15490.61,5163.54,3,0,0,0
2024-08,Commercial,PLACER,R-COM-GEN,Exception,3,3,0.0,,7047.05,3523.53,0,0,0,3
2024-08,Commercial,PLACER,R-COM-GEN,Generated,1,1,700.49,700.49,2772.88,2772.88,0,1,0,0
2024-08,Commercial,PLACER,R-COM-GEN,Paid,17,17,30847.37,1814.55,109029.84,6413.52,17,0,0,0
2024-08,Commercial,PLUMAS,R-COM-GEN,Generated,1,1,2224.66,2224.66,7740.85,7740.85,0,1,0,0
2024-08,Commercial,PLUMAS,R-COM-GEN,Paid,3,3,5042.56,1680.85,17959.85,5986.62,3,0,0,0
2024-08,Commercial,SAN FRANCISCO,R-COM-GEN,Generated,10,10,17444.54,1744.45,61917.85,6191.78,0,10,0,0
2024-08,Commercial,SAN FRANCISCO,R-COM-GEN,Paid,19,19,26455.23,1392.38,95916.63,5048.24,19,0,0,0
2024-08,Commercial,SAN FRANCISCO,R-COM-GEN,Past Due,5,5,10851.01,2170.2,37825.82,7565.16,0,0,5,0
2024-08,Commercial,SAN JOAQUIN,R-COM-GEN,Exception,3,3,0.0,,0.0,,0,0,0,3
2024-08,Commercial,SAN JOAQUIN,R-COM-GEN,Generated,5,5,9366.14,1873.23,33035.94,6607.19,0,5,0,0
2024-08,Commercial,SAN JOAQUIN,R-COM-GEN,Paid,23,23,35911.32,1561.36,128702.95,5595.78,23,0,0,0
2024-08,Commercial,SAN JOAQUIN,R-COM-GEN,Past Due,4,4,7408.35,1852.09,26155.99,6539.0,0,0,4,0
2024-08,Commercial,SAN LUIS OBISPO,R-COM-GEN,Exception,1,1,0.0,,0.0,,0,0,0,1
2024-08,Commercial,SAN LUIS OBISPO,R-COM-GEN,Generated,3,3,5412.62,1804.21,19153.59,6384.53,0,3,0,0
2024-08,Commercial,SAN LUIS OBISPO,R-COM-GEN,Paid,5,5,7761.6,1552.32,27824.7,5564.94,5,0,0,0
2024-08,Commercial,SAN LUIS OBISPO,R-COM-GEN,Past Due,3,3,4868.84,1622.95,17399.48,5799.83,0,0,3,0
2024-08,Commercial,SAN MATEO,R-COM-GEN,Exception,1,1,0.0,,0.0,,0,0,0,1
2024-08,Commercial,SAN MATEO,R-COM-GEN,Generated,4,4,4916.57,1229.14,18093.95,4523.49,0,4,0,0
2024-08,Commercial,SAN MATEO,R-COM-GEN,Paid,15,15,23935.99,1595.73,85655.89,5710.39,15,0,0,0
2024-08,Commercial,SAN MATEO,R-COM-GEN,Past Due,4,4,7643.37,1910.84,26914.11,6728.53,0,0,4,0
2024-08,Commercial,SANTA BARBARA,R-COM-GEN,Exception,1,1,0.0,,4567.82,4567.82,0,0,0,1
2024-08,Commercial,SANTA BARBARA,R-COM-GEN,Generated,6,6,8409.41,1401.57,30514.22,5085.7,0,6,0,0
2024-08,Commercial,SANTA BARBARA,R-COM-GEN,Paid,4,4,6113.41,1528.35,21978.75,5494.69,4,0,0,0
2024-08,Commercial,SANTA BARBARA,R-COM-GEN,Past Due,2,2,3052.46,1526.23,10975.7,5487.85,0,0,2,0
2024-08,Commercial,SANTA CLARA,R-COM-GEN,Exception,8,8,0.0,,28229.73,4704.95,0,0,0,8
2024-08,Commercial,SANTA CLARA,R-COM-GEN,Generated,20,20,32397.92,1619.9,115799.77,5789.99,0,20,0,0
2024-08,Commercial,SANTA CLARA,R-COM-GEN,Paid,60,60,99129.62,1652.16,353620.94,5893.68,60,0,0,0
2024-08,Commercial,SANTA CLARA,R-COM-GEN,Past Due,5,5,8613.37,1722.67,30607.62,6121.52,0,0,5,0
2024-08,Commercial,SANTA CRUZ,R-COM-GEN,Paid,4,4,6741.5,1685.38,24004.81,6001.2,4,0,0,0
2024-08,Commercial,SHASTA,R-COM-GEN,Generated,2,2,2629.11,1314.55,9550.29,4775.15,0,2,0,0
2024-08,Commercial,SHASTA,R-COM-GEN,Paid,7,7,11122.4,1588.91,39786.65,5683.81,7,0,0,0
2024-08,Commercial,SOLANO,R-COM-GEN,Exception,1,1,0.0,,7433.13,7433.13,0,0,0,1
2024-08,Commercial,SOLANO,R-COM-GEN,Generated,1,1,1787.97,1787.97,6332.15,6332.15,0,1,0,0
2024-08,Commercial,SOLANO,R-COM-GEN,Paid,9,9,14546.94,1616.33,51995.45,5777.27,9,0,0,0
2024-08,Commercial,SONOMA,R-COM-GEN,Generated,4,4,6168.29,1542.07,22155.78,5538.94,0,4,0,0
2024-08,Commercial,SONOMA,R-COM-GEN,Paid,9,9,12733.78,1414.86,46060.38,5117.82,9,0,0,0
2024-08,Commercial,SUTTER,R-COM-GEN,Generated,1,1,2365.0,2365.0,8193.54,8193.54,0,1,0,0
2024-08,Commercial,SUTTER,R-COM-GEN,Paid,4,4,5366.16,1341.54,19568.23,4892.06,4,0,0,0
2024-08,Commercial,SUTTER,R-COM-GEN,Past Due,1,1,890.18,890.18,3436.05,3436.05,0,0,1,0
2024-08,Commercial,TUOLUMNE,R-COM-GEN,Exception,1,1,0.0,,9045.93,9045.93,0,0,0,1
2024-08,Commercial,TUOLUMNE,R-COM-GEN,Generated,1,1,2647.27,2647.27,9104.1,9104.1,0,1,0,0
2024-08,Commercial,TUOLUMNE,R-COM-GEN,Paid,4,4,7356.75,1839.19,25989.55,6497.39,4,0,0,0
2024-08,Commercial,YOLO,R-COM-GEN,Generated,1,1,958.62,958.62,3656.85,3656.85,0,1,0,0
2024-08,Commercial,YOLO,R-COM-GEN,Paid,6,6,13003.88,2167.31,45335.12,7555.85,6,0,0,0
2024-08,Commercial,YOLO,R-COM-GEN,Past Due,2,2,4303.88,2151.94,15012.52,7506.26,0,0,2,0
2024-08,Commercial,YUBA,R-COM-GEN,Exception,1,1,0.0,,3150.41,3150.41,0,0,0,1
2024-08,Commercial,YUBA,R-COM-GEN,Paid,2,2,2404.14,1202.07,8771.79,4385.89,2,0,0,0
2024-08,Industrial,ALAMEDA,R-IND-GEN,Exception,2,2,0.0,,63440.29,63440.29,0,0,0,2
2024-08,Industrial,ALAMEDA,R-IND-GEN,Generated,2,2,41646.84,20823.42,186445.15,93222.57,0,2,0,0
2024-08,Industrial,ALAMEDA,R-IND-GEN,Paid,8,8,118403.28,14800.41,545013.68,68126.71,8,0,0,0
2024-08,Industrial,ALAMEDA,R-IND-GEN,Past Due,2,2,21350.79,10675.4,101878.29,50939.14,0,0,2,0
2024-08,Industrial,BUTTE,R-IND-GEN,Paid,1,1,17067.59,17067.59,77573.3,77573.3,1,0,0,0
2024-08,Industrial,CALAVERAS,R-IND-GEN,Exception,1,1,0.0,,35227.74,35227.74,0,0,0,1
2024-08,Industrial,CONTRA COSTA,R-IND-GEN,Generated,1,1,12870.56,12870.56,60085.68,60085.68,0,1,0,0
2024-08,Industrial,CONTRA COSTA,R-IND-GEN,Paid,4,4,54552.5,13638.13,253135.41,63283.85,4,0,0,0
2024-08,Industrial,CONTRA COSTA,R-IND-GEN,Past Due,1,1,7315.65,7315.65,36940.22,36940.22,0,0,1,0
2024-08,Industrial,EL DORADO,R-IND-GEN,Paid,1,1,9626.49,9626.49,46568.7,46568.7,1,0,0,0
2024-08,Industrial,FRESNO,R-IND-GEN,Exception,2,2,0.0,,135999.25,67999.63,0,0,0,2
2024-08,Industrial,FRESNO,R-IND-GEN,Paid,7,7,82018.9,11716.99,386953.74,55279.11,7,0,0,0
2024-08,Industrial,HUMBOLDT,R-IND-GEN,Exception,1,1,0.0,,43838.93,43838.93,0,0,0,1
2024-08,Industrial,HUMBOLDT,R-IND-GEN,Paid,1,1,12229.99,12229.99,57416.62,57416.62,1,0,0,0
2024-08,Industrial,KERN,R-IND-GEN,Exception,3,3,0.0,,200557.11,66852.37,0,0,0,3
2024-08,Industrial,KERN,R-IND-GEN,Generated,4,4,76559.72,19139.93,344832.15,86208.04,0,4,0,0
2024-08,Industrial,KERN,R-IND-GEN,Paid,13,13,134780.27,10367.71,645542.82,49657.14,13,0,0,0
2024-08,Industrial,KERN,R-IND-GEN,Past Due,1,1,6170.31,6170.31,32167.95,32167.95,0,0,1,0
2024-08,Industrial,KINGS,R-IND-GEN,Paid,3,3,26432.07,8810.69,129508.61,43169.54,3,0,0,0
2024-08,Industrial,LAKE,R-IND-GEN,Paid,1,1,12499.85,12499.85,58541.05,58541.05,1,0,0,0
2024-08,Industrial,MADERA,R-IND-GEN,Paid,1,1,10891.36,10891.36,51839.01,51839.01,1,0,0,0
2024-08,Industrial,MARIN,R-IND-GEN,Paid,2,2,38998.75,19499.38,175411.44,87705.72,2,0,0,0
2024-08,Industrial,MERCED,R-IND-GEN,Paid,1,1,10460.79,10460.79,50044.94,50044.94,1,0,0,0
2024-08,Industrial,MONTEREY,R-IND-GEN,Paid,1,1,11509.7,11509.7,54415.4,54415.4,1,0,0,0
2024-08,Industrial,NEVADA,R-IND-GEN,Generated,1,1,8659.72,8659.72,42540.51,42540.51,0,1,0,0
2024-08,Industrial,PLACER,R-IND-GEN,Generated,2,2,26387.55,13193.78,122864.79,61432.39,0,2,0,0
2024-08,Industrial,PLACER,R-IND-GEN,Paid,3,3,40783.86,13594.62,189307.74,63102.58,3,0,0,0
2024-08,Industrial,PLUMAS,R-IND-GEN,Past Due,1,1,11675.71,11675.71,55107.13,55107.13,0,0,1,0
2024-08,Industrial,SAN FRANCISCO,R-IND-GEN,Exception,1,1,0.0,,91329.93,91329.93,0,0,0,1
2024-08,Industrial,SAN FRANCISCO,R-IND-GEN,Paid,1,1,13049.77,13049.77,60832.39,60832.39,1,0,0,0
2024-08,Industrial,SAN JOAQUIN,R-IND-GEN,Exception,1,1,0.0,,31783.55,31783.55,0,0,0,1
2024-08,Industrial,SAN JOAQUIN,R-IND-GEN,Paid,6,6,60215.58,10035.93,289648.28,48274.71,6,0,0,0
2024-08,Industrial,SAN LUIS OBISPO,R-IND-GEN,Generated,2,2,24798.17,12399.08,116242.37,58121.18,0,2,0,0
2024-08,Industrial,SAN LUIS OBISPO,R-IND-GEN,Paid,1,1,16529.48,16529.48,75331.17,75331.17,1,0,0,0
2024-08,Industrial,SAN MATEO,R-IND-GEN,Generated,2,2,24784.82,12392.41,116186.75,58093.38,0,2,0,0
2024-08,Industrial,SAN MATEO,R-IND-GEN,Paid,4,4,57795.66,14448.92,266648.59,66662.15,4,0,0,0
2024-08,Industrial,SANTA BARBARA,R-IND-GEN,Generated,1,1,17321.02,17321.02,78629.25,78629.25,0,1,0,0
2024-08,Industrial,SANTA BARBARA,R-IND-GEN,Paid,3,3,27647.3,9215.77,134572.06,44857.35,3,0,0,0
2024-08,Industrial,SANTA CLARA,R-IND-GEN,Exception,2,2,0.0,,58445.36,58445.36,0,0,0,2
2024-08,Industrial,SANTA CLARA,R-IND-GEN,Generated,2,2,26730.76,13365.38,124294.86,62147.43,0,2,0,0
2024-08,Industrial,SANTA CLARA,R-IND-GEN,Paid,13,13,208190.16,16014.63,951417.32,73185.95,13,0,0,0
2024-08,Industrial,SANTA CLARA,R-IND-GEN,Past Due,2,2,21171.79,10585.9,101132.44,50566.22,0,0,2,0
2024-08,Industrial,SHASTA,R-IND-GEN,Paid,3,3,22602.65,7534.22,113552.74,37850.91,3,0,0,0
2024-08,Industrial,SOLANO,R-IND-GEN,Exception,1,1,0.0,,43430.31,43430.31,0,0,0,1
2024-08,Industrial,SOLANO,R-IND-GEN,Paid,1,1,8656.58,8656.58,42527.41,42527.41,1,0,0,0
2024-08,Industrial,SONOMA,R-IND-GEN,Paid,2,2,18314.79,9157.4,89228.3,44614.15,2,0,0,0
2024-08,Industrial,YOLO,R-IND-GEN,Generated,1,1,25867.07,25867.07,114237.79,114237.79,0,1,0,0
2024-08,Industrial,YOLO,R-IND-GEN,Paid,3,3,38465.49,12821.83,179647.85,59882.62,3,0,0,0
2024-08,Mining,ALAMEDA,R-MIN-GEN,Generated,1,1,3217.11,3217.11,17747.72,17747.72,0,1,0,0
2024-08,Mining,CONTRA COSTA,R-MIN-GEN,Paid,2,2,16612.89,8306.44,85058.58,42529.29,2,0,0,0
2024-08,Mining,FRESNO,R-MIN-GEN,Exception,1,1,0.0,,64550.14,64550.14,0,0,0,1
2024-08,Mining,FRESNO,R-MIN-GEN,Paid,2,2,22939.77,11469.89,113817.14,56908.57,2,0,0,0
2024-08,Mining,KERN,R-MIN-GEN,Generated,2,2,20223.11,10111.56,101468.67,50734.33,0,2,0,0
2024-08,Mining,KERN,R-MIN-GEN,Paid,2,2,16818.94,8409.47,85995.15,42997.57,2,0,0,0
2024-08,Mining,NEVADA,R-MIN-GEN,Paid,1,1,11395.38,11395.38,56569.91,56569.91,1,0,0,0
2024-08,Mining,SAN FRANCISCO,R-MIN-GEN,Paid,1,1,13870.68,13870.68,67821.29,67821.29,1,0,0,0
2024-08,Mining,SAN JOAQUIN,R-MIN-GEN,Paid,2,2,18449.01,9224.5,93404.63,46702.32,2,0,0,0
2024-08,Mining,SAN LUIS OBISPO,R-MIN-GEN,Paid,1,1,16761.83,16761.83,80962.85,80962.85,1,0,0,0
2024-08,Mining,SANTA CLARA,R-MIN-GEN,Exception,1,1,0.0,,74426.57,74426.57,0,0,0,1
2024-08,Mining,SANTA CLARA,R-MIN-GEN,Generated,2,2,20370.07,10185.03,102136.65,51068.32,0,2,0,0
2024-08,Mining,SANTA CLARA,R-MIN-GEN,Paid,4,4,34655.59,8663.9,176616.35,44154.09,4,0,0,0
2024-08,Mining,SONOMA,R-MIN-GEN,Paid,2,2,16287.49,8143.75,83579.5,41789.75,2,0,0,0
2024-08,Mining,YOLO,R-MIN-GEN,Paid,1,1,6906.23,6906.23,36164.66,36164.66,1,0,0,0
2024-08,Residential,ALAMEDA,R-RES-TOU,Exception,39,39,0.0,,20924.52,747.3,0,0,0,39
2024-08,Residential,ALAMEDA,R-RES-TOU,Generated,66,66,15497.08,234.8,48882.17,740.64,0,66,0,0
2024-08,Residential,ALAMEDA,R-RES-TOU,Paid,290,290,68022.45,234.56,214456.55,739.51,290,0,0,0
2024-08,Residential,ALAMEDA,R-RES-TOU,Past Due,21,21,4746.32,226.02,14995.55,714.07,0,0,21,0
2024-08,Residential,AMADOR,R-RES-TOU,Exception,2,2,0.0,,605.27,605.27,0,0,0,2
2024-08,Residential,AMADOR,R-RES-TOU,Generated,2,2,520.8,260.4,1621.92,810.96,0,2,0,0
2024-08,Residential,AMADOR,R-RES-TOU,Paid,11,11,2142.87,194.81,6860.9,623.72,11,0,0,0
2024-08,Residential,AMADOR,R-RES-TOU,Past Due,1,1,290.66,290.66,899.06,899.06,0,0,1,0
2024-08,Residential,BUTTE,R-RES-TOU,Exception,3,3,0.0,,2033.1,677.7,0,0,0,3
2024-08,Residential,BUTTE,R-RES-TOU,Generated,11,11,2897.2,263.38,9023.3,820.3,0,11,0,0
2024-08,Residential,BUTTE,R-RES-TOU,Paid,27,27,5584.32,206.83,17776.5,658.39,27,0,0,0
2024-08,Residential,BUTTE,R-RES-TOU,Past Due,6,6,1127.99,188.0,3604.97,600.83,0,0,6,0
2024-08,Residential,CALAVERAS,R-RES-TOU,Exception,1,1,0.0,,405.54,405.54,0,0,0,1
2024-08,Residential,CALAVERAS,R-RES-TOU,Generated,2,2,756.07,378.03,2283.54,1141.77,0,2,0,0
2024-08,Residential,CALAVERAS,R-RES-TOU,Paid,12,12,3128.79,260.73,9759.96,813.33,12,0,0,0
2024-08,Residential,COLUSA,R-RES-TOU,Exception,1,1,0.0,,547.0,547.0,0,0,0,1
2024-08,Residential,COLUSA,R-RES-TOU,Generated,3,3,561.93,187.31,1809.33,603.11,0,3,0,0
2024-08,Residential,COLUSA,R-RES-TOU,Paid,6,6,1570.88,261.81,4911.69,818.62,6,0,0,0
2024-08,Residential,CONTRA COSTA,R-RES-TOU,Exception,39,39,0.0,,20207.34,721.69,0,0,0,39
2024-08,Residential,CONTRA COSTA,R-RES-TOU,Generated,49,49,11622.61,237.2,36613.82,747.22,0,49,0,0
2024-08,Residential,CONTRA COSTA,R-RES-TOU,Paid,180,180,42294.98,234.97,132980.58,738.78,180,0,0,0
2024-08,Residential,CONTRA COSTA,R-RES-TOU,Past Due,22,22,5087.51,231.25,16104.87,732.04,0,0,22,0
2024-08,Residential,EL DORADO,R-RES-TOU,Exception,5,5,0.0,,1880.28,626.76,0,0,0,5
2024-08,Residential,EL DORADO,R-RES-TOU,Generated,4,4,688.83,172.21,2232.4,558.1,0,4,0,0
2024-08,Residential,EL DORADO,R-RES-TOU,Paid,27,27,6402.95,237.15,20124.51,745.35,27,0,0,0
2024-08,Residential,EL DORADO,R-RES-TOU,Past Due,5,5,1035.18,207.04,3321.01,664.2,0,0,5,0
2024-08,Residential,FRESNO,R-RES-TOU,Exception,21,21,0.0,,7496.51,624.71,0,0,0,21
2024-08,Residential,FRESNO,R-RES-TOU,Generated,58,58,14868.59,256.36,46419.45,800.34,0,58,0,0
2024-08,Residential,FRESNO,R-RES-TOU,Paid,175,175,42119.62,240.68,132656.38,758.04,175,0,0,0
2024-08,Residential,FRESNO,R-RES-TOU,Past Due,17,17,4163.52,244.91,13067.44,768.67,0,0,17,0
2024-08,Residential,GLENN,R-RES-TOU,Exception,1,1,0.0,,573.56,573.56,0,0,0,1
2024-08,Residential,GLENN,R-RES-TOU,Generated,2,2,644.39,322.19,1973.29,986.64,0,2,0,0
2024-08,Residential,GLENN,R-RES-TOU,Paid,8,8,1967.42,245.93,6115.74,764.47,8,0,0,0
2024-08,Residential,GLENN,R-RES-TOU,Past Due,3,3,408.09,136.03,1359.3,453.1,0,0,3,0
2024-08,Residential,HUMBOLDT,R-RES-TOU,Generated,6,6,1805.19,300.87,5529.7,921.62,0,6,0,0
2024-08,Residential,HUMBOLDT,R-RES-TOU,Paid,17,17,3598.1,211.65,11531.46,678.32,17,0,0,0
2024-08,Residential,HUMBOLDT,R-RES-TOU,Past Due,1,1,200.46,200.46,648.5,648.5,0,0,1,0
2024-08,Residential,KERN,R-RES-TOU,Exception,51,51,0.0,,25602.31,753.01,0,0,0,51
2024-08,Residential,KERN,R-RES-TOU,Generated,133,133,31459.73,236.54,99092.81,745.06,0,133,0,0
2024-08,Residential,KERN,R-RES-TOU,Paid,375,375,84467.84,225.25,267154.16,712.41,375,0,0,0
2024-08,Residential,KERN,R-RES-TOU,Past Due,40,40,9533.02,238.33,29959.12,748.98,0,0,40,0
2024-08,Residential,KINGS,R-RES-TOU,Exception,6,6,0.0,,3434.06,686.81,0,0,0,6
2024-08,Residential,KINGS,R-RES-TOU,Generated,12,12,2822.8,235.23,8820.29,735.02,0,12,0,0
2024-08,Residential,KINGS,R-RES-TOU,Paid,35,35,7934.64,226.7,25138.86,718.25,35,0,0,0
2024-08,Residential,KINGS,R-RES-TOU,Past Due,5,5,1097.3,219.46,3462.44,692.49,0,0,5,0
2024-08,Residential,LAKE,R-RES-TOU,Exception,2,2,0.0,,273.58,273.58,0,0,0,2
2024-08,Residential,LAKE,R-RES-TOU,Generated,5,5,939.12,187.82,3046.89,609.38,0,5,0,0
2024-08,Residential,LAKE,R-RES-TOU,Paid,8,8,1860.62,232.58,5867.91,733.49,8,0,0,0
2024-08,Residential,MADERA,R-RES-TOU,Exception,5,5,0.0,,1852.04,617.35,0,0,0,5
2024-08,Residential,MADERA,R-RES-TOU,Generated,7,7,1222.12,174.59,3963.19,566.17,0,7,0,0
2024-08,Residential,MADERA,R-RES-TOU,Paid,30,30,7592.71,253.09,23685.33,789.51,30,0,0,0
2024-08,Residential,MADERA,R-RES-TOU,Past Due,7,7,1362.21,194.6,4417.33,631.05,0,0,7,0
2024-08,Residential,MARIN,R-RES-TOU,Exception,3,3,0.0,,1045.94,522.97,0,0,0,3
2024-08,Residential,MARIN,R-RES-TOU,Generated,11,11,2846.0,258.73,8911.02,810.09,0,11,0,0
2024-08,Residential,MARIN,R-RES-TOU,Paid,28,28,6737.75,240.63,21100.4,753.59,28,0,0,0
2024-08,Residential,MARIN,R-RES-TOU,Past Due,4,4,841.88,210.47,2705.21,676.3,0,0,4,0
2024-08,Residential,MARIPOSA,R-RES-TOU,Generated,1,1,308.42,308.42,948.4,948.4,0,1,0,0
2024-08,Residential,MARIPOSA,R-RES-TOU,Paid,2,2,352.46,176.23,1162.38,581.19,2,0,0,0
2024-08,Residential,MENDOCINO,R-RES-TOU,Exception,4,4,0.0,,1709.97,569.99,0,0,0,4
2024-08,Residential,MENDOCINO,R-RES-TOU,Generated,6,6,1689.05,281.51,5230.63,871.77,0,6,0,0
2024-08,Residential,MENDOCINO,R-RES-TOU,Paid,9,9,2288.7,254.3,7150.56,794.51,9,0,0,0
2024-08,Residential,MENDOCINO,R-RES-TOU,Past Due,1,1,260.72,260.72,815.89,815.89,0,0,1,0
2024-08,Residential,MERCED,R-RES-TOU,Exception,8,8,0.0,,4639.53,773.26,0,0,0,8
2024-08,Residential,MERCED,R-RES-TOU,Generated,24,24,4869.55,202.9,15659.12,652.46,0,24,0,0
2024-08,Residential,MERCED,R-RES-TOU,Paid,81,81,18763.52,231.65,59162.08,730.4,81,0,0,0
2024-08,Residential,MERCED,R-RES-TOU,Past Due,5,5,1318.6,263.72,4121.13,824.23,0,0,5,0
2024-08,Residential,MONTEREY,R-RES-TOU,Exception,10,10,0.0,,5720.97,715.12,0,0,0,10
2024-08,Residential,MONTEREY,R-RES-TOU,Generated,13,13,2742.11,210.93,8690.34,668.49,0,13,0,0
2024-08,Residential,MONTEREY,R-RES-TOU,Paid,50,50,10356.04,207.12,33080.23,661.6,50,0,0,0
2024-08,Residential,MONTEREY,R-RES-TOU,Past Due,8,8,2107.76,263.47,6544.15,818.02,0,0,8,0
2024-08,Residential,NAPA,R-RES-TOU,Exception,5,5,0.0,,1998.97,499.74,0,0,0,5
2024-08,Residential,NAPA,R-RES-TOU,Generated,12,12,2889.13,240.76,9125.34,760.45,0,12,0,0
2024-08,Residential,NAPA,R-RES-TOU,Paid,21,21,5502.41,262.02,17121.91,815.33,21,0,0,0
2024-08,Residential,NAPA,R-RES-TOU,Past Due,6,6,1458.37,243.06,4581.72,763.62,0,0,6,0
2024-08,Residential,NEVADA,R-RES-TOU,Exception,2,2,0.0,,916.26,458.13,0,0,0,2
2024-08,Residential,NEVADA,R-RES-TOU,Generated,5,5,951.33,190.27,3068.49,613.7,0,5,0,0
2024-08,Residential,NEVADA,R-RES-TOU,Paid,14,14,3374.1,241.01,10572.9,755.21,14,0,0,0
2024-08,Residential,NEVADA,R-RES-TOU,Past Due,2,2,378.28,189.14,1234.1,617.05,0,0,2,0
2024-08,Residential,PLACER,R-RES-TOU,Exception,16,16,0.0,,11241.07,749.4,0,0,0,16
2024-08,Residential,PLACER,R-RES-TOU,Generated,20,20,4793.05,239.65,15079.66,753.98,0,20,0,0
2024-08,Residential,PLACER,R-RES-TOU,Paid,73,73,17389.98,238.22,54731.96,749.75,73,0,0,0
2024-08,Residential,PLACER,R-RES-TOU,Past Due,3,3,666.51,222.17,2126.41,708.8,0,0,3,0
2024-08,Residential,PLUMAS,R-RES-TOU,Paid,5,5,918.81,183.76,2921.62,584.32,5,0,0,0
2024-08,Residential,PLUMAS,R-RES-TOU,Past Due,1,1,186.77,186.77,610.46,610.46,0,0,1,0
2024-08,Residential,SAN FRANCISCO,R-RES-TOU,Exception,13,13,0.0,,7703.95,855.99,0,0,0,13
2024-08,Residential,SAN FRANCISCO,R-RES-TOU,Generated,40,40,9968.73,249.22,31202.28,780.06,0,40,0,0
2024-08,Residential,SAN FRANCISCO,R-RES-TOU,Paid,112,112,25049.04,223.65,79137.94,706.59,112,0,0,0
2024-08,Residential,SAN FRANCISCO,R-RES-TOU,Past Due,12,12,2909.99,242.5,9063.43,755.29,0,0,12,0
2024-08,Residential,SAN JOAQUIN,R-RES-TOU,Exception,17,17,0.0,,8923.92,686.46,0,0,0,17
2024-08,Residential,SAN JOAQUIN,R-RES-TOU,Generated,40,40,9617.01,240.43,30291.41,757.29,0,40,0,0
2024-08,Residential,SAN JOAQUIN,R-RES-TOU,Paid,124,124,27951.13,225.41,88348.41,712.49,124,0,0,0
2024-08,Residential,SAN JOAQUIN,R-RES-TOU,Past Due,12,12,2319.14,193.26,7511.4,625.95,0,0,12,0
2024-08,Residential,SAN LUIS OBISPO,R-RES-TOU,Exception,3,3,0.0,,2194.86,731.62,0,0,0,3
2024-08,Residential,SAN LUIS OBISPO,R-RES-TOU,Generated,9,9,1751.48,194.61,5668.53,629.84,0,9,0,0
2024-08,Residential,SAN LUIS OBISPO,R-RES-TOU,Paid,41,41,9574.13,233.52,30191.61,736.38,41,0,0,0
2024-08,Residential,SAN LUIS OBISPO,R-RES-TOU,Past Due,3,3,970.16,323.39,2969.86,989.95,0,0,3,0
2024-08,Residential,SAN MATEO,R-RES-TOU,Exception,16,16,0.0,,8837.21,679.79,0,0,0,16
2024-08,Residential,SAN MATEO,R-RES-TOU,Generated,22,22,5040.3,229.1,15856.88,720.77,0,22,0,0
2024-08,Residential,SAN MATEO,R-RES-TOU,Paid,97,97,20821.69,214.66,66186.59,682.34,97,0,0,0
2024-08,Residential,SAN MATEO,R-RES-TOU,Past Due,11,11,2471.12,224.65,7872.52,715.68,0,0,11,0
2024-08,Residential,SANTA BARBARA,R-RES-TOU,Exception,9,9,0.0,,4558.79,911.76,0,0,0,9
2024-08,Residential,SANTA BARBARA,R-RES-TOU,Generated,17,17,4145.85,243.87,12983.66,763.74,0,17,0,0
2024-08,Residential,SANTA BARBARA,R-RES-TOU,Paid,54,54,12876.19,238.45,40581.11,751.5,54,0,0,0
2024-08,Residential,SANTA BARBARA,R-RES-TOU,Past Due,7,7,1906.11,272.3,5936.45,848.06,0,0,7,0
2024-08,Residential,SANTA CLARA,R-RES-TOU,Exception,56,56,0.0,,22353.56,677.38,0,0,0,56
2024-08,Residential,SANTA CLARA,R-RES-TOU,Generated,120,120,28524.15,237.7,89784.3,748.2,0,120,0,0
2024-08,Residential,SANTA CLARA,R-RES-TOU,Paid,395,395,92772.69,234.87,292189.39,739.72,395,0,0,0
2024-08,Residential,SANTA CLARA,R-RES-TOU,Past Due,49,49,11407.43,232.8,35926.3,733.19,0,0,49,0
2024-08,Residential,SANTA CRUZ,R-RES-TOU,Exception,3,3,0.0,,1195.22,597.61,0,0,0,3
2024-08,Residential,SANTA CRUZ,R-RES-TOU,Generated,6,6,1319.25,219.88,4147.09,691.18,0,6,0,0
2024-08,Residential,SANTA CRUZ,R-RES-TOU,Paid,23,23,6290.4,273.5,19539.16,849.53,23,0,0,0
2024-08,Residential,SANTA CRUZ,R-RES-TOU,Past Due,3,3,856.29,285.43,2653.56,884.52,0,0,3,0
2024-08,Residential,SHASTA,R-RES-TOU,Exception,4,4,0.0,,616.29,616.29,0,0,0,4
2024-08,Residential,SHASTA,R-RES-TOU,Generated,6,6,1373.29,228.88,4364.67,727.45,0,6,0,0
2024-08,Residential,SHASTA,R-RES-TOU,Paid,25,25,5654.2,226.17,17877.44,715.1,25,0,0,0
2024-08,Residential,SHASTA,R-RES-TOU,Past Due,1,1,616.09,616.09,1803.03,1803.03,0,0,1,0
2024-08,Residential,SOLANO,R-RES-TOU,Exception,3,3,0.0,,1757.28,585.76,0,0,0,3
2024-08,Residential,SOLANO,R-RES-TOU,Generated,19,19,4646.61,244.56,14554.04,766.0,0,19,0,0
2024-08,Residential,SOLANO,R-RES-TOU,Paid,73,73,17587.64,240.93,55173.03,755.79,73,0,0,0
2024-08,Residential,SOLANO,R-RES-TOU,Past Due,7,7,1890.18,270.03,5844.99,835.0,0,0,7,0
2024-08,Residential,SONOMA,R-RES-TOU,Exception,8,8,0.0,,3509.03,584.84,0,0,0,8
2024-08,Residential,SONOMA,R-RES-TOU,Generated,20,20,3603.03,180.15,11678.33,583.92,0,20,0,0
2024-08,Residential,SONOMA,R-RES-TOU,Paid,52,52,11215.32,215.68,35733.34,687.18,52,0,0,0
2024-08,Residential,SONOMA,R-RES-TOU,Past Due,4,4,714.13,178.53,2339.77,584.94,0,0,4,0
2024-08,Residential,SUTTER,R-RES-TOU,Exception,4,4,0.0,,2043.76,681.25,0,0,0,4
2024-08,Residential,SUTTER,R-RES-TOU,Generated,2,2,444.08,222.04,1401.3,700.65,0,2,0,0
2024-08,Residential,SUTTER,R-RES-TOU,Paid,20,20,5543.33,277.17,17179.27,858.96,20,0,0,0
2024-08,Residential,TUOLUMNE,R-RES-TOU,Exception,1,1,0.0,,1020.97,1020.97,0,0,0,1
2024-08,Residential,TUOLUMNE,R-RES-TOU,Generated,1,1,340.99,340.99,1038.85,1038.85,0,1,0,0
2024-08,Residential,TUOLUMNE,R-RES-TOU,Paid,17,17,3656.98,215.12,11602.01,682.47,17,0,0,0
2024-08,Residential,TUOLUMNE,R-RES-TOU,Past Due,1,1,224.57,224.57,715.48,715.48,0,0,1,0
2024-08,Residential,YOLO,R-RES-TOU,Exception,6,6,0.0,,2583.48,645.87,0,0,0,6
2024-08,Residential,YOLO,R-RES-TOU,Generated,10,10,2706.31,270.63,8377.53,837.75,0,10,0,0
2024-08,Residential,YOLO,R-RES-TOU,Paid,35,35,8434.69,240.99,26556.18,758.75,35,0,0,0
2024-08,Residential,YOLO,R-RES-TOU,Past Due,1,1,380.03,380.03,1147.31,1147.31,0,0,1,0
2024-08,Residential,YUBA,R-RES-TOU,Exception,1,1,0.0,,1491.25,1491.25,0,0,0,1
2024-08,Residential,YUBA,R-RES-TOU,Generated,4,4,1397.27,349.32,4247.95,1061.99,0,4,0,0
2024-08,Residential,YUBA,R-RES-TOU,Paid,13,13,3046.95,234.38,9640.34,741.56,13,0,0,0
2024-08,Residential,YUBA,R-RES-TOU,Past Due,2,2,518.34,259.17,1623.17,811.59,0,0,2,0
2024-08,Streetlighting,ALAMEDA,R-STLIGHT,Generated,1,1,674.39,674.39,3143.3,3143.3,0,1,0,0
2024-08,Streetlighting,ALAMEDA,R-STLIGHT,Paid,4,4,2837.62,709.4,13156.77,3289.19,4,0,0,0
2024-08,Streetlighting,ALAMEDA,R-STLIGHT,Past Due,1,1,425.63,425.63,2106.8,2106.8,0,0,1,0
2024-08,Streetlighting,CONTRA COSTA,R-STLIGHT,Paid,1,1,495.9,495.9,2399.59,2399.59,1,0,0,0
2024-08,Streetlighting,FRESNO,R-STLIGHT,Exception,1,1,0.0,,7593.77,7593.77,0,0,0,1
2024-08,Streetlighting,FRESNO,R-STLIGHT,Paid,1,1,396.96,396.96,1983.98,1983.98,1,0,0,0
2024-08,Streetlighting,KERN,R-STLIGHT,Paid,2,2,1677.68,838.84,7657.0,3828.5,2,0,0,0
2024-08,Streetlighting,NEVADA,R-STLIGHT,Generated,1,1,1277.85,1277.85,5657.71,5657.71,0,1,0,0
2024-08,Streetlighting,PLACER,R-STLIGHT,Generated,1,1,842.13,842.13,3842.2,3842.2,0,1,0,0
2024-08,Streetlighting,SAN FRANCISCO,R-STLIGHT,Paid,1,1,768.52,768.52,3535.52,3535.52,1,0,0,0
2024-08,Streetlighting,SAN JOAQUIN,R-STLIGHT,Exception,1,1,0.0,,6823.05,6823.05,0,0,0,1
2024-08,Streetlighting,SAN JOAQUIN,R-STLIGHT,Paid,1,1,815.6,815.6,3731.68,3731.68,1,0,0,0
2024-08,Streetlighting,SAN JOAQUIN,R-STLIGHT,Past Due,1,1,657.54,657.54,3073.09,3073.09,0,0,1,0
2024-08,Streetlighting,SANTA CLARA,R-STLIGHT,Paid,5,5,4640.23,928.05,21001.0,4200.2,5,0,0,0
2024-08,Streetlighting,SOLANO,R-STLIGHT,Paid,2,2,2542.01,1271.01,11258.36,5629.18,2,0,0,0
2024-08,"Transportation, Communications, & Utilities",ALAMEDA,R-TCU-GEN,Paid,5,5,29698.73,5939.75,115168.03,23033.61,5,0,0,0
2024-08,"Transportation, Communications, & Utilities",ALAMEDA,R-TCU-GEN,Past Due,1,1,1913.61,1913.61,8243.69,8243.69,0,0,1,0
2024-08,"Transportation, Communications, & Utilities",BUTTE,R-TCU-GEN,Generated,1,1,9707.67,9707.67,36026.45,36026.45,0,1,0,0
2024-08,"Transportation, Communications, & Utilities",BUTTE,R-TCU-GEN,Paid,1,1,7093.56,7093.56,27012.29,27012.29,1,0,0,0
2024-08,"Transportation, Communications, & Utilities",CONTRA COSTA,R-TCU-GEN,Paid,6,6,42267.75,7044.63,161061.19,26843.53,6,0,0,0
2024-08,"Transportation, Communications, & Utilities",FRESNO,R-TCU-GEN,Exception,1,1,0.0,,0.0,,0,0,0,1
2024-08,"Transportation, Communications, & Utilities",FRESNO,R-TCU-GEN,Generated,3,3,18331.41,6110.47,70866.92,23622.31,0,3,0,0
2024-08,"Transportation, Communications, & Utilities",FRESNO,R-TCU-GEN,Paid,2,2,14104.72,7052.36,53740.41,26870.21,2,0,0,0
2024-08,"Transportation, Communications, & Utilities",KERN,R-TCU-GEN,Generated,2,2,11330.43,5665.22,44173.88,22086.94,0,2,0,0
2024-08,"Transportation, Communications, & Utilities",KERN,R-TCU-GEN,Paid,4,4,26350.52,6587.63,101023.21,25255.8,4,0,0,0
2024-08,"Transportation, Communications, & Utilities",MADERA,R-TCU-GEN,Paid,1,1,3396.89,3396.89,14265.15,14265.15,1,0,0,0
2024-08,"Transportation, Communications, & Utilities",MENDOCINO,R-TCU-GEN,Generated,1,1,4761.08,4761.08,18969.23,18969.23,0,1,0,0
2024-08,"Transportation, Communications, & Utilities",MERCED,R-TCU-GEN,Paid,1,1,5016.52,5016.52,19850.07,19850.07,1,0,0,0
2024-08,"Transportation, Communications, & Utilities",MONTEREY,R-TCU-GEN,Paid,1,1,7641.22,7641.22,28900.76,28900.76,1,0,0,0
2024-08,"Transportation, Communications, & Utilities",MONTEREY,R-TCU-GEN,Past Due,1,1,5496.83,5496.83,21506.32,21506.32,0,0,1,0
2024-08,"Transportation, Communications, & Utilities",PLACER,R-TCU-GEN,Paid,3,3,12543.35,4181.12,50908.1,16969.37,3,0,0,0
2024-08,"Transportation, Communications, & Utilities",SAN FRANCISCO,R-TCU-GEN,Generated,2,2,16144.99,8072.49,60775.82,30387.91,0,2,0,0
2024-08,"Transportation, Communications, & Utilities",SAN FRANCISCO,R-TCU-GEN,Paid,1,1,4558.29,4558.29,18269.96,18269.96,1,0,0,0
2024-08,"Transportation, Communications, & Utilities",SAN JOAQUIN,R-TCU-GEN,Paid,3,3,27458.56,9152.85,102339.86,34113.29,3,0,0,0
2024-08,"Transportation, Communications, & Utilities",SAN LUIS OBISPO,R-TCU-GEN,Paid,1,1,4471.8,4471.8,17971.73,17971.73,1,0,0,0
2024-08,"Transportation, Communications, & Utilities",SAN MATEO,R-TCU-GEN,Exception,1,1,0.0,,24892.88,24892.88,0,0,0,1
2024-08,"Transportation, Communications, & Utilities",SAN MATEO,R-TCU-GEN,Generated,2,2,8995.97,4497.99,36124.02,18062.01,0,2,0,0
2024-08,"Transportation, Communications, & Utilities",SAN MATEO,R-TCU-GEN,Paid,3,3,17129.59,5709.86,66722.75,22240.92,3,0,0,0
2024-08,"Transportation, Communications, & Utilities",SANTA BARBARA,R-TCU-GEN,Generated,2,2,8692.67,4346.34,34849.54,17424.77,0,2,0,0
2024-08,"Transportation, Communications, & Utilities",SANTA CLARA,R-TCU-GEN,Exception,2,2,0.0,,45523.94,22761.97,0,0,0,2
2024-08,"Transportation, Communications, & Utilities",SANTA CLARA,R-TCU-GEN,Generated,4,4,22526.54,5631.64,87884.61,21971.15,0,4,0,0
2024-08,"Transportation, Communications, & Utilities",SANTA CLARA,R-TCU-GEN,Paid,12,12,75273.51,6272.79,290184.57,24182.05,12,0,0,0
2024-08,"Transportation, Communications, & Utilities",SANTA CRUZ,R-TCU-GEN,Generated,1,1,5567.08,5567.08,21748.54,21748.54,0,1,0,0
2024-08,"Transportation, Communications, & Utilities",SHASTA,R-TCU-GEN,Exception,1,1,0.0,,0.0,,0,0,0,1
2024-08,"Transportation, Communications, & Utilities",SHASTA,R-TCU-GEN,Generated,1,1,8125.76,8125.76,30571.58,30571.58,0,1,0,0
2024-09,Agriculture And Water Pumping,ALAMEDA,R-AGR-PUMP,Exception,3,3,0.0,,42534.1,21267.05,0,0,0,3
2024-09,Agriculture And Water Pumping,ALAMEDA,R-AGR-PUMP,Generated,1,1,3577.69,3577.69,15047.01,15047.01,0,1,0,0
2024-09,Agriculture And Water Pumping,ALAMEDA,R-AGR-PUMP,Paid,9,9,34020.27,3780.03,142167.64,15796.4,9,0,0,0
2024-09,Agriculture And Water Pumping,ALAMEDA,R-AGR-PUMP,Past Due,1,1,3835.65,3835.65,16002.42,16002.42,0,0,1,0
2024-09,Agriculture And Water Pumping,AMADOR,R-AGR-PUMP,Generated,1,1,1853.76,1853.76,8662.08,8662.08,0,1,0,0
2024-09,Agriculture And Water Pumping,BUTTE,R-AGR-PUMP,Generated,1,1,2774.45,2774.45,12072.02,12072.02,0,1,0,0
2024-09,Agriculture And Water Pumping,CONTRA COSTA,R-AGR-PUMP,Exception,1,1,0.0,,16989.85,16989.85,0,0,0,1
2024-09,Agriculture And Water Pumping,CONTRA COSTA,R-AGR-PUMP,Generated,2,2,5792.88,2896.44,25047.7,12523.85,0,2,0,0
2024-09,Agriculture And Water Pumping,CONTRA COSTA,R-AGR-PUMP,Paid,9,9,28518.65,3168.74,121606.13,13511.79,9,0,0,0
2024-09,Agriculture And Water Pumping,CONTRA COSTA,R-AGR-PUMP,Past Due,2,2,6504.91,3252.45,27684.87,13842.43,0,0,2,0
2024-09,Agriculture And Water Pumping,EL DORADO,R-AGR-PUMP,Paid,2,2,4665.62,2332.81,20872.68,10436.34,2,0,0,0
2024-09,Agriculture And Water Pumping,FRESNO,R-AGR-PUMP,Exception,2,2,0.0,,0.0,,0,0,0,2
2024-09,Agriculture And Water Pumping,FRESNO,R-AGR-PUMP,Generated,2,2,4262.57,2131.28,19349.43,9674.72,0,2,0,0
2024-09,Agriculture And Water Pumping,FRESNO,R-AGR-PUMP,Paid,4,4,10652.38,2663.1,46638.45,11659.61,4,0,0,0
2024-09,Agriculture And Water Pumping,FRESNO,R-AGR-PUMP,Past Due,2,2,5673.12,2836.56,24604.16,12302.08,0,0,2,0
2024-09,Agriculture And Water Pumping,KERN,R-AGR-PUMP,Exception,2,2,0.0,,25656.52,12828.26,0,0,0,2
2024-09,Agriculture And Water Pumping,KERN,R-AGR-PUMP,Generated,5,5,23634.54,4726.91,96516.84,19303.37,0,5,0,0
2024-09,Agriculture And Water Pumping,KERN,R-AGR-PUMP,Paid,6,6,17867.86,2977.98,76955.08,12825.85,6,0,0,0
2024-09,Agriculture And Water Pumping,KERN,R-AGR-PUMP,Past Due,1,1,2499.85,2499.85,11055.01,11055.01,0,0,1,0
2024-09,Agriculture And Water Pumping,KINGS,R-AGR-PUMP,Exception,1,1,0.0,,27924.59,27924.59,0,0,0,1
2024-09,Agriculture And Water Pumping,KINGS,R-AGR-PUMP,Paid,1,1,1553.08,1553.08,7390.41,7390.41,1,0,0,0
2024-09,Agriculture And Water Pumping,MERCED,R-AGR-PUMP,Generated,1,1,2384.02,2384.02,10626.01,10626.01,0,1,0,0
2024-09,Agriculture And Water Pumping,MERCED,R-AGR-PUMP,Paid,4,4,7193.22,1798.31,33589.96,8397.49,4,0,0,0
2024-09,Agriculture And Water Pumping,MONTEREY,R-AGR-PUMP,Generated,2,2,5198.49,2599.24,22846.26,11423.13,0,2,0,0
2024-09,Agriculture And Water Pumping,MONTEREY,R-AGR-PUMP,Paid,2,2,7478.19,3739.09,31289.59,15644.8,2,0,0,0
2024-09,Agriculture And Water Pumping,NEVADA,R-AGR-PUMP,Generated,1,1,5897.27,5897.27,23638.04,23638.04,0,1,0,0
2024-09,Agriculture And Water Pumping,PLACER,R-AGR-PUMP,Exception,2,2,0.0,,0.0,,0,0,0,2
2024-09,Agriculture And Water Pumping,PLACER,R-AGR-PUMP,Paid,1,1,1993.7,1993.7,9180.36,9180.36,1,0,0,0
2024-09,Agriculture And Water Pumping,PLACER,R-AGR-PUMP,Past Due,2,2,4699.16,2349.58,20916.47,10458.24,0,0,2,0
2024-09,Agriculture And Water Pumping,SAN FRANCISCO,R-AGR-PUMP,Generated,3,3,17013.02,5671.01,68400.07,22800.02,0,3,0,0
2024-09,Agriculture And Water Pumping,SAN FRANCISCO,R-AGR-PUMP,Paid,6,6,19150.81,3191.8,81706.74,13617.79,6,0,0,0
2024-09,Agriculture And Water Pumping,SAN FRANCISCO,R-AGR-PUMP,Past Due,2,2,5230.34,2615.17,22964.22,11482.11,0,0,2,0
2024-09,Agriculture And Water Pumping,SAN JOAQUIN,R-AGR-PUMP,Exception,2,2,0.0,,0.0,,0,0,0,2
2024-09,Agriculture And Water Pumping,SAN JOAQUIN,R-AGR-PUMP,Generated,1,1,2510.03,2510.03,11092.72,11092.72,0,1,0,0
2024-09,Agriculture And Water Pumping,SAN JOAQUIN,R-AGR-PUMP,Paid,5,5,18298.3,3659.66,76616.86,15323.37,5,0,0,0
2024-09,Agriculture And Water Pumping,SAN JOAQUIN,R-AGR-PUMP,Past Due,2,2,5522.81,2761.4,24047.46,12023.73,0,0,2,0
2024-09,Agriculture And Water Pumping,SAN LUIS OBISPO,R-AGR-PUMP,Generated,1,1,2527.44,2527.44,11157.19,11157.19,0,1,0,0
2024-09,Agriculture And Water Pumping,SAN MATEO,R-AGR-PUMP,Generated,1,1,2562.91,2562.91,11288.54,11288.54,0,1,0,0
2024-09,Agriculture And Water Pumping,SAN MATEO,R-AGR-PUMP,Paid,5,5,15974.65,3194.93,68146.82,13629.36,5,0,0,0
2024-09,Agriculture And Water Pumping,SANTA BARBARA,R-AGR-PUMP,Generated,1,1,1356.47,1356.47,6407.33,6407.33,0,1,0,0
2024-09,Agriculture And Water Pumping,SANTA BARBARA,R-AGR-PUMP,Paid,1,1,4847.83,4847.83,19751.21,19751.21,1,0,0,0
2024-09,Agriculture And Water Pumping,SANTA CLARA,R-AGR-PUMP,Exception,1,1,0.0,,0.0,,0,0,0,1
2024-09,Agriculture And Water Pumping,SANTA CLARA,R-AGR-PUMP,Generated,4,4,14632.73,3658.18,61087.81,15271.95,0,4,0,0
2024-09,Agriculture And Water Pumping,SANTA CLARA,R-AGR-PUMP,Paid,14,14,44223.34,3158.81,188938.33,13495.59,14,0,0,0
2024-09,Agriculture And Water Pumping,SANTA CLARA,R-AGR-PUMP,Past Due,2,2,5227.73,2613.87,22954.57,11477.28,0,0,2,0
2024-09,Agriculture And Water Pumping,SANTA CRUZ,R-AGR-PUMP,Past Due,2,2,7919.86,3959.93,32925.41,16462.71,0,0,2,0
2024-09,Agriculture And Water Pumping,SHASTA,R-AGR-PUMP,Paid,1,1,4063.33,4063.33,16845.66,16845.66,1,0,0,0
2024-09,Agriculture And Water Pumping,SOLANO,R-AGR-PUMP,Generated,3,3,8682.56,2894.19,37546.51,12515.5,0,3,0,0
2024-09,Agriculture And Water Pumping,SOLANO,R-AGR-PUMP,Paid,1,1,3583.48,3583.48,15068.44,15068.44,1,0,0,0
2024-09,Agriculture And Water Pumping,SUTTER,R-AGR-PUMP,Paid,1,1,2224.15,2224.15,10033.88,10033.88,1,0,0,0
2024-09,Agriculture And Water Pumping,TUOLUMNE,R-AGR-PUMP,Exception,1,1,0.0,,0.0,,0,0,0,1
2024-09,Agriculture And Water Pumping,TUOLUMNE,R-AGR-PUMP,Paid,1,1,3200.44,3200.44,13649.78,13649.78,1,0,0,0
2024-09,Agriculture And Water Pumping,YOLO,R-AGR-PUMP,Generated,1,1,3243.2,3243.2,13808.15,13808.15,0,1,0,0
2024-09,Agriculture And Water Pumping,YOLO,R-AGR-PUMP,Paid,1,1,3397.82,3397.82,14380.83,14380.83,1,0,0,0
2024-09,Agriculture And Water Pumping,YOLO,R-AGR-PUMP,Past Due,1,1,5496.1,5496.1,22152.24,22152.24,0,0,1,0
2024-09,Commercial,ALAMEDA,R-COM-GEN,Exception,9,9,0.0,,22714.89,5678.72,0,0,0,9
2024-09,Commercial,ALAMEDA,R-COM-GEN,Generated,13,13,21501.74,1653.98,76699.23,5899.94,0,13,0,0
2024-09,Commercial,ALAMEDA,R-COM-GEN,Paid,38,38,57412.09,1510.84,206545.13,5435.4,38,0,0,0
2024-09,Commercial,ALAMEDA,R-COM-GEN,Past Due,8,8,14105.73,1763.22,50018.51,6252.31,0,0,8,0
2024-09,Commercial,AMADOR,R-COM-GEN,Paid,3,3,4354.31,1451.44,15739.72,5246.57,3,0,0,0
2024-09,Commercial,BUTTE,R-COM-GEN,Generated,1,1,648.78,648.78,2557.42,2557.42,0,1,0,0
2024-09,Commercial,BUTTE,R-COM-GEN,Paid,10,10,17265.74,1726.57,61341.12,6134.11,10,0,0,0
2024-09,Commercial,BUTTE,R-COM-GEN,Past Due,1,1,1569.1,1569.1,5626.12,5626.12,0,0,1,0
2024-09,Commercial,CALAVERAS,R-COM-GEN,Generated,1,1,672.51,672.51,2656.31,2656.31,0,1,0,0
2024-09,Commercial,CALAVERAS,R-COM-GEN,Paid,2,2,3099.77,1549.88,11128.26,5564.13,2,0,0,0
2024-09,Commercial,COLUSA,R-COM-GEN,Paid,1,1,2081.5,2081.5,7279.04,7279.04,1,0,0,0
2024-09,Commercial,CONTRA COSTA,R-COM-GEN,Exception,3,3,0.0,,11110.85,5555.42,0,0,0,3
2024-09,Commercial,CONTRA COSTA,R-COM-GEN,Generated,11,11,17702.51,1609.32,63314.54,5755.87,0,11,0,0
2024-09,Commercial,CONTRA COSTA,R-COM-GEN,Paid,31,31,43183.58,1393.02,156705.47,5055.02,31,0,0,0
2024-09,Commercial,CONTRA COSTA,R-COM-GEN,Past Due,3,3,3791.37,1263.79,13923.78,4641.26,0,0,3,0
2024-09,Commercial,EL DORADO,R-COM-GEN,Generated,2,2,3679.77,1839.88,12999.24,6499.62,0,2,0,0
2024-09,Commercial,EL DORADO,R-COM-GEN,Paid,4,4,6807.72,1701.93,24218.47,6054.62,4,0,0,0
2024-09,Commercial,EL DORADO,R-COM-GEN,Past Due,1,1,1393.03,1393.03,5058.15,5058.15,0,0,1,0
2024-09,Commercial,FRESNO,R-COM-GEN,Generated,7,7,8146.73,1163.82,30090.75,4298.68,0,7,0,0
2024-09,Commercial,FRESNO,R-COM-GEN,Paid,34,34,46005.34,1353.1,167221.56,4918.28,34,0,0,0
2024-09,Commercial,FRESNO,R-COM-GEN,Past Due,4,4,5636.21,1409.05,20439.38,5109.85,0,0,4,0
2024-09,Commercial,GLENN,R-COM-GEN,Exception,1,1,0.0,,4352.34,4352.34,0,0,0,1
2024-09,Commercial,GLENN,R-COM-GEN,Paid,3,3,3822.2,1274.07,14023.2,4674.4,3,0,0,0
2024-09,Commercial,HUMBOLDT,R-COM-GEN,Exception,1,1,0.0,,6461.65,6461.65,0,0,0,1
2024-09,Commercial,HUMBOLDT,R-COM-GEN,Generated,1,1,1371.59,1371.59,4988.99,4988.99,0,1,0,0
2024-09,Commercial,HUMBOLDT,R-COM-GEN,Paid,2,2,2388.65,1194.33,8834.37,4417.19,2,0,0,0
2024-09,Commercial,HUMBOLDT,R-COM-GEN,Past Due,1,1,1666.47,1666.47,5940.22,5940.22,0,0,1,0
2024-09,Commercial,KERN,R-COM-GEN,Exception,5,5,0.0,,11376.3,5688.15,0,0,0,5
2024-09,Commercial,KERN,R-COM-GEN,Generated,15,15,19878.99,1325.27,72287.58,4819.17,0,15,0,0
2024-09,Commercial,KERN,R-COM-GEN,Paid,60,60,86138.77,1435.65,311270.01,5187.83,60,0,0,0
2024-09,Commercial,KERN,R-COM-GEN,Past Due,3,3,3933.09,1311.03,14380.94,4793.65,0,0,3,0
2024-09,Commercial,KINGS,R-COM-GEN,Paid,7,7,10103.53,1443.36,36543.66,5220.52,7,0,0,0
2024-09,Commercial,LAKE,R-COM-GEN,Paid,1,1,617.81,617.81,2428.38,2428.38,1,0,0,0
2024-09,Commercial,MADERA,R-COM-GEN,Exception,2,2,0.0,,5443.17,2721.59,0,0,0,2
2024-09,Commercial,MADERA,R-COM-GEN,Generated,3,3,2628.37,876.12,10136.17,3378.72,0,3,0,0
2024-09,Commercial,MADERA,R-COM-GEN,Paid,4,4,5402.57,1350.64,19685.7,4921.43,4,0,0,0
2024-09,Commercial,MARIN,R-COM-GEN,Generated,1,1,1722.33,1722.33,6120.43,6120.43,0,1,0,0
2024-09,Commercial,MARIN,R-COM-GEN,Paid,4,4,6439.03,1609.76,22976.17,5744.04,4,0,0,0
2024-09,Commercial,MARIPOSA,R-COM-GEN,Paid,1,1,1160.61,1160.61,4308.41,4308.41,1,0,0,0
2024-09,Commercial,MENDOCINO,R-COM-GEN,Paid,4,4,4896.83,1224.21,18054.29,4513.57,4,0,0,0
2024-09,Commercial,MERCED,R-COM-GEN,Exception,1,1,0.0,,3201.05,3201.05,0,0,0,1
2024-09,Commercial,MERCED,R-COM-GEN,Generated,6,6,7503.1,1250.52,27526.49,4587.75,0,6,0,0
2024-09,Commercial,MERCED,R-COM-GEN,Paid,10,10,14443.92,1444.39,52238.51,5223.85,10,0,0,0
2024-09,Commercial,MERCED,R-COM-GEN,Past Due,1,1,1147.77,1147.77,4267.0,4267.0,0,0,1,0
2024-09,Commercial,MONTEREY,R-COM-GEN,Generated,1,1,721.38,721.38,2859.91,2859.91,0,1,0,0
2024-09,Commercial,MONTEREY,R-COM-GEN,Paid,15,15,20989.47,1399.3,75841.74,5056.12,15,0,0,0
2024-09,Commercial,NAPA,R-COM-GEN,Generated,1,1,2620.54,2620.54,9017.88,9017.88,0,1,0,0
2024-09,Commercial,NAPA,R-COM-GEN,Paid,4,4,6001.08,1500.27,21616.4,5404.1,4,0,0,0
2024-09,Commercial,NEVADA,R-COM-GEN,Exception,1,1,0.0,,5387.9,5387.9,0,0,0,1
2024-09,Commercial,NEVADA,R-COM-GEN,Generated,2,2,1695.72,847.86,6552.43,3276.22,0,2,0,0
2024-09,Commercial,NEVADA,R-COM-GEN,Paid,3,3,3892.48,1297.49,14249.92,4749.97,3,0,0,0
2024-09,Commercial,NEVADA,R-COM-GEN,Past Due,1,1,2202.9,2202.9,7670.66,7670.66,0,0,1,0
2024-09,Commercial,PLACER,R-COM-GEN,Exception,3,3,0.0,,7827.97,3913.98,0,0,0,3
2024-09,Commercial,PLACER,R-COM-GEN,Generated,3,3,5212.65,1737.55,18508.56,6169.52,0,3,0,0
2024-09,Commercial,PLACER,R-COM-GEN,Paid,13,13,18149.66,1396.13,65515.78,5039.68,13,0,0,0
2024-09,Commercial,PLACER,R-COM-GEN,Past Due,2,2,3209.99,1604.99,11483.86,5741.93,0,0,2,0
2024-09,Commercial,PLUMAS,R-COM-GEN,Generated,2,2,3663.41,1831.7,12946.49,6473.24,0,2,0,0
2024-09,Commercial,PLUMAS,R-COM-GEN,Paid,2,2,2747.6,1373.8,9992.25,4996.13,2,0,0,0
2024-09,Commercial,SAN FRANCISCO,R-COM-GEN,Exception,1,1,0.0,,0.0,,0,0,0,1
2024-09,Commercial,SAN FRANCISCO,R-COM-GEN,Generated,5,5,6988.97,1397.79,25367.64,5073.53,0,5,0,0
2024-09,Commercial,SAN FRANCISCO,R-COM-GEN,Paid,26,26,36701.5,1411.6,132831.98,5108.92,26,0,0,0
2024-09,Commercial,SAN FRANCISCO,R-COM-GEN,Past Due,2,2,2870.18,1435.09,10387.67,5193.84,0,0,2,0
2024-09,Commercial,SAN JOAQUIN,R-COM-GEN,Exception,1,1,0.0,,0.0,,0,0,0,1
2024-09,Commercial,SAN JOAQUIN,R-COM-GEN,Generated,9,9,12329.23,1369.91,44818.6,4979.84,0,9,0,0
2024-09,Commercial,SAN JOAQUIN,R-COM-GEN,Paid,23,23,34705.55,1508.94,124937.23,5432.05,23,0,0,0
2024-09,Commercial,SAN JOAQUIN,R-COM-GEN,Past Due,2,2,2609.01,1304.5,9500.42,4750.21,0,0,2,0
2024-09,Commercial,SAN LUIS OBISPO,R-COM-GEN,Generated,3,3,3232.29,1077.43,12001.76,4000.59,0,3,0,0
2024-09,Commercial,SAN LUIS OBISPO,R-COM-GEN,Paid,9,9,11630.04,1292.23,42596.87,4732.99,9,0,0,0
2024-09,Commercial,SAN MATEO,R-COM-GEN,Exception,1,1,0.0,,0.0,,0,0,0,1
2024-09,Commercial,SAN MATEO,R-COM-GEN,Generated,2,2,2602.96,1301.48,9525.67,4762.84,0,2,0,0
2024-09,Commercial,SAN MATEO,R-COM-GEN,Paid,19,19,25366.72,1335.09,92267.02,4856.16,19,0,0,0
2024-09,Commercial,SAN MATEO,R-COM-GEN,Past Due,2,2,3860.53,1930.26,13582.36,6791.18,0,0,2,0
2024-09,Commercial,SANTA BARBARA,R-COM-GEN,Exception,2,2,0.0,,4355.21,4355.21,0,0,0,2
2024-09,Commercial,SANTA BARBARA,R-COM-GEN,Generated,1,1,732.36,732.36,2905.68,2905.68,0,1,0,0
2024-09,Commercial,SANTA BARBARA,R-COM-GEN,Paid,8,8,9644.73,1205.59,35628.15,4453.52,8,0,0,0
2024-09,Commercial,SANTA BARBARA,R-COM-GEN,Past Due,2,2,3518.26,1759.13,12478.26,6239.13,0,0,2,0
2024-09,Commercial,SANTA CLARA,R-COM-GEN,Exception,13,13,0.0,,29069.71,4152.82,0,0,0,13
2024-09,Commercial,SANTA CLARA,R-COM-GEN,Generated,22,22,27773.05,1262.41,101867.48,4630.34,0,22,0,0
2024-09,Commercial,SANTA CLARA,R-COM-GEN,Paid,53,53,78320.36,1477.74,282564.16,5331.4,53,0,0,0
2024-09,Commercial,SANTA CLARA,R-COM-GEN,Past Due,5,5,5446.83,1089.37,20150.39,4030.08,0,0,5,0
2024-09,Commercial,SANTA CRUZ,R-COM-GEN,Generated,2,2,2515.44,1257.72,9243.36,4621.68,0,2,0,0
2024-09,Commercial,SANTA CRUZ,R-COM-GEN,Paid,2,2,2416.65,1208.33,8893.23,4446.61,2,0,0,0
2024-09,Commercial,SHASTA,R-COM-GEN,Exception,1,1,0.0,,0.0,,0,0,0,1
2024-09,Commercial,SHASTA,R-COM-GEN,Generated,2,2,3732.4,1866.2,13169.02,6584.51,0,2,0,0
2024-09,Commercial,SHASTA,R-COM-GEN,Paid,6,6,7301.39,1216.9,26895.93,4482.65,6,0,0,0
2024-09,Commercial,SOLANO,R-COM-GEN,Exception,1,1,0.0,,5877.15,5877.15,0,0,0,1
2024-09,Commercial,SOLANO,R-COM-GEN,Generated,2,2,1738.54,869.27,6589.75,3294.88,0,2,0,0
2024-09,Commercial,SOLANO,R-COM-GEN,Paid,7,7,9372.09,1338.87,34171.52,4881.65,7,0,0,0
2024-09,Commercial,SOLANO,R-COM-GEN,Past Due,1,1,1579.56,1579.56,5659.87,5659.87,0,0,1,0
2024-09,Commercial,SONOMA,R-COM-GEN,Generated,2,2,1841.32,920.66,7068.75,3534.38,0,2,0,0
2024-09,Commercial,SONOMA,R-COM-GEN,Paid,9,9,12694.16,1410.46,46015.42,5112.82,9,0,0,0
2024-09,Commercial,SONOMA,R-COM-GEN,Past Due,2,2,2262.1,1131.05,8426.14,4213.07,0,0,2,0
2024-09,Commercial,SUTTER,R-COM-GEN,Generated,1,1,792.71,792.71,3121.64,3121.64,0,1,0,0
2024-09,Commercial,SUTTER,R-COM-GEN,Paid,5,5,6432.88,1286.58,23490.32,4698.06,5,0,0,0
2024-09,Commercial,TUOLUMNE,R-COM-GEN,Exception,1,1,0.0,,8937.96,8937.96,0,0,0,1
2024-09,Commercial,TUOLUMNE,R-COM-GEN,Paid,5,5,9166.73,1833.35,32392.72,6478.54,5,0,0,0
2024-09,Commercial,YOLO,R-COM-GEN,Generated,2,2,4577.47,2288.74,15895.06,7947.53,0,2,0,0
2024-09,Commercial,YOLO,R-COM-GEN,Paid,5,5,7396.8,1479.36,26683.22,5336.64,5,0,0,0
2024-09,Commercial,YOLO,R-COM-GEN,Past Due,2,2,2587.11,1293.56,9474.53,4737.27,0,0,2,0
2024-09,Commercial,YUBA,R-COM-GEN,Exception,1,1,0.0,,3646.26,3646.26,0,0,0,1
2024-09,Commercial,YUBA,R-COM-GEN,Paid,2,2,2648.54,1324.27,9544.74,4772.37,2,0,0,0
2024-09,Industrial,ALAMEDA,R-IND-GEN,Exception,2,2,0.0,,51832.27,51832.27,0,0,0,2
2024-09,Industrial,ALAMEDA,R-IND-GEN,Generated,4,4,42051.44,10512.86,200458.43,50114.61,0,4,0,0
2024-09,Industrial,ALAMEDA,R-IND-GEN,Paid,7,7,94569.77,13509.97,439249.02,62749.86,7,0,0,0
2024-09,Industrial,ALAMEDA,R-IND-GEN,Past Due,1,1,19323.21,19323.21,86971.69,86971.69,0,0,1,0
2024-09,Industrial,BUTTE,R-IND-GEN,Paid,1,1,16171.31,16171.31,73838.79,73838.79,1,0,0,0
2024-09,Industrial,CALAVERAS,R-IND-GEN,Exception,1,1,0.0,,30793.47,30793.47,0,0,0,1
2024-09,Industrial,CONTRA COSTA,R-IND-GEN,Paid,4,4,35535.69,8883.92,173898.72,43474.68,4,0,0,0
2024-09,Industrial,CONTRA COSTA,R-IND-GEN,Past Due,2,2,18660.58,9330.29,90669.08,45334.54,0,0,2,0
2024-09,Industrial,EL DORADO,R-IND-GEN,Paid,1,1,9130.01,9130.01,44500.03,44500.03,1,0,0,0
2024-09,Industrial,FRESNO,R-IND-GEN,Exception,2,2,0.0,,131176.04,65588.02,0,0,0,2
2024-09,Industrial,FRESNO,R-IND-GEN,Generated,2,2,15648.65,7824.32,78119.39,39059.69,0,2,0,0
2024-09,Industrial,FRESNO,R-IND-GEN,Paid,5,5,57568.85,11513.77,271915.54,54383.11,5,0,0,0
2024-09,Industrial,HUMBOLDT,R-IND-GEN,Exception,1,1,0.0,,39993.18,39993.18,0,0,0,1
2024-09,Industrial,HUMBOLDT,R-IND-GEN,Paid,1,1,11747.33,11747.33,55405.53,55405.53,1,0,0,0
2024-09,Industrial,KERN,R-IND-GEN,Exception,5,5,0.0,,159549.55,53183.18,0,0,0,5
2024-09,Industrial,KERN,R-IND-GEN,Generated,5,5,57994.65,11598.93,273936.03,54787.21,0,5,0,0
2024-09,Industrial,KERN,R-IND-GEN,Paid,10,10,104157.72,10415.77,498573.76,49857.38,10,0,0,0
2024-09,Industrial,KERN,R-IND-GEN,Past Due,1,1,8697.22,8697.22,42696.74,42696.74,0,0,1,0
2024-09,Industrial,KINGS,R-IND-GEN,Paid,3,3,19773.94,6591.31,99964.81,33321.6,3,0,0,0
2024-09,Industrial,LAKE,R-IND-GEN,Paid,1,1,8789.29,8789.29,43080.36,43080.36,1,0,0,0
2024-09,Industrial,MADERA,R-IND-GEN,Generated,1,1,8682.46,8682.46,42635.25,42635.25,0,1,0,0
2024-09,Industrial,MARIN,R-IND-GEN,Paid,1,1,12158.08,12158.08,57117.0,57117.0,1,0,0,0
2024-09,Industrial,MARIN,R-IND-GEN,Past Due,1,1,21281.55,21281.55,95131.44,95131.44,0,0,1,0
2024-09,Industrial,MERCED,R-IND-GEN,Generated,1,1,10380.14,10380.14,49708.93,49708.93,0,1,0,0
2024-09,Industrial,MONTEREY,R-IND-GEN,Paid,1,1,13309.34,13309.34,61913.92,61913.92,1,0,0,0
2024-09,Industrial,NEVADA,R-IND-GEN,Paid,1,1,9710.18,9710.18,46917.42,46917.42,1,0,0,0
2024-09,Industrial,PLACER,R-IND-GEN,Paid,5,5,53048.1,10609.62,253325.4,50665.08,5,0,0,0
2024-09,Industrial,PLUMAS,R-IND-GEN,Paid,1,1,7906.16,7906.16,39400.68,39400.68,1,0,0,0
2024-09,Industrial,SAN FRANCISCO,R-IND-GEN,Exception,1,1,0.0,,59081.03,59081.03,0,0,0,1
2024-09,Industrial,SAN FRANCISCO,R-IND-GEN,Paid,1,1,9215.88,9215.88,44857.85,44857.85,1,0,0,0
2024-09,Industrial,SAN JOAQUIN,R-IND-GEN,Exception,1,1,0.0,,25734.18,25734.18,0,0,0,1
2024-09,Industrial,SAN JOAQUIN,R-IND-GEN,Paid,5,5,38227.1,7645.42,191287.89,38257.58,5,0,0,0
2024-09,Industrial,SAN JOAQUIN,R-IND-GEN,Past Due,1,1,12905.25,12905.25,60230.19,60230.19,0,0,1,0
2024-09,Industrial,SAN LUIS OBISPO,R-IND-GEN,Generated,1,1,11815.97,11815.97,55691.53,55691.53,0,1,0,0
2024-09,Industrial,SAN LUIS OBISPO,R-IND-GEN,Paid,2,2,25246.97,12623.49,118112.41,59056.21,2,0,0,0
2024-09,Industrial,SAN MATEO,R-IND-GEN,Generated,1,1,7636.64,7636.64,38277.68,38277.68,0,1,0,0
2024-09,Industrial,SAN MATEO,R-IND-GEN,Paid,4,4,49928.77,12482.19,233869.88,58467.47,4,0,0,0
2024-09,Industrial,SAN MATEO,R-IND-GEN,Past Due,1,1,8671.79,8671.79,42590.81,42590.81,0,0,1,0
2024-09,Industrial,SANTA BARBARA,R-IND-GEN,Generated,1,1,4624.61,4624.61,24303.39,24303.39,0,1,0,0
2024-09,Industrial,SANTA BARBARA,R-IND-GEN,Paid,3,3,28426.35,9475.45,137818.11,45939.37,3,0,0,0
2024-09,Industrial,SANTA CLARA,R-IND-GEN,Exception,2,2,0.0,,57666.25,57666.25,0,0,0,2
2024-09,Industrial,SANTA CLARA,R-IND-GEN,Generated,4,4,50102.18,12525.55,234592.42,58648.11,0,4,0,0
2024-09,Industrial,SANTA CLARA,R-IND-GEN,Paid,11,11,149252.33,13568.39,691087.68,62826.15,11,0,0,0
2024-09,Industrial,SANTA CLARA,R-IND-GEN,Past Due,2,2,17119.22,8559.61,84246.72,42123.36,0,0,2,0
2024-09,Industrial,SHASTA,R-IND-GEN,Generated,1,1,5985.42,5985.42,31397.59,31397.59,0,1,0,0
2024-09,Industrial,SHASTA,R-IND-GEN,Paid,2,2,15270.06,7635.03,76541.91,38270.96,2,0,0,0
2024-09,Industrial,SOLANO,R-IND-GEN,Exception,1,1,0.0,,47621.77,47621.77,0,0,0,1
2024-09,Industrial,SOLANO,R-IND-GEN,Paid,1,1,7506.09,7506.09,37733.7,37733.7,1,0,0,0
2024-09,Industrial,SONOMA,R-IND-GEN,Paid,2,2,16404.29,8202.15,81267.88,40633.94,2,0,0,0
2024-09,Industrial,YOLO,R-IND-GEN,Generated,2,2,17151.23,8575.61,84153.29,42076.65,0,2,0,0
2024-09,Industrial,YOLO,R-IND-GEN,Paid,2,2,40544.32,20272.16,181851.31,90925.65,2,0,0,0
2024-09,Mining,ALAMEDA,R-MIN-GEN,Generated,1,1,3009.66,3009.66,16527.43,16527.43,0,1,0,0
2024-09,Mining,CONTRA COSTA,R-MIN-GEN,Generated,1,1,7621.54,7621.54,39416.11,39416.11,0,1,0,0
2024-09,Mining,CONTRA COSTA,R-MIN-GEN,Paid,1,1,8804.37,8804.37,44792.57,44792.57,1,0,0,0
2024-09,Mining,FRESNO,R-MIN-GEN,Exception,1,1,0.0,,51599.21,51599.21,0,0,0,1
2024-09,Mining,FRESNO,R-MIN-GEN,Generated,1,1,6171.76,6171.76,32826.19,32826.19,0,1,0,0
2024-09,Mining,FRESNO,R-MIN-GEN,Paid,1,1,15378.98,15378.98,74677.19,74677.19,1,0,0,0
2024-09,Mining,KERN,R-MIN-GEN,Exception,1,1,0.0,,0.0,,0,0,0,1
2024-09,Mining,KERN,R-MIN-GEN,Paid,3,3,21631.15,7210.38,112641.59,37547.2,3,0,0,0
2024-09,Mining,NEVADA,R-MIN-GEN,Paid,1,1,10466.88,10466.88,52349.46,52349.46,1,0,0,0
2024-09,Mining,SAN FRANCISCO,R-MIN-GEN,Paid,1,1,12218.39,12218.39,60310.86,60310.86,1,0,0,0
2024-09,Mining,SAN JOAQUIN,R-MIN-GEN,Paid,2,2,21028.35,10514.17,105128.83,52564.42,2,0,0,0
2024-09,Mining,SAN LUIS OBISPO,R-MIN-GEN,Paid,1,1,18813.58,18813.58,90289.02,90289.02,1,0,0,0
2024-09,Mining,SANTA CLARA,R-MIN-GEN,Exception,1,1,0.0,,52549.75,52549.75,0,0,0,1
2024-09,Mining,SANTA CLARA,R-MIN-GEN,Paid,5,5,40681.96,8136.39,208781.66,41756.33,5,0,0,0
2024-09,Mining,SANTA CLARA,R-MIN-GEN,Past Due,1,1,4740.36,4740.36,26319.81,26319.81,0,0,1,0
2024-09,Mining,SONOMA,R-MIN-GEN,Paid,1,1,4910.99,4910.99,27095.43,27095.43,1,0,0,0
2024-09,Mining,SONOMA,R-MIN-GEN,Past Due,1,1,8204.02,8204.02,42063.75,42063.75,0,0,1,0
2024-09,Mining,YOLO,R-MIN-GEN,Generated,1,1,5772.29,5772.29,31010.4,31010.4,0,1,0,0
2024-09,Residential,ALAMEDA,R-RES-TOU,Exception,33,33,0.0,,16449.13,632.66,0,0,0,33
2024-09,Residential,ALAMEDA,R-RES-TOU,Generated,70,70,13033.91,186.2,41896.17,598.52,0,70,0,0
2024-09,Residential,ALAMEDA,R-RES-TOU,Paid,279,279,57832.46,207.28,184198.93,660.21,279,0,0,0
2024-09,Residential,ALAMEDA,R-RES-TOU,Past Due,34,34,6593.78,193.93,21207.86,623.76,0,0,34,0
2024-09,Residential,AMADOR,R-RES-TOU,Exception,1,1,0.0,,521.77,521.77,0,0,0,1
2024-09,Residential,AMADOR,R-RES-TOU,Generated,2,2,214.85,107.42,706.82,353.41,0,2,0,0
2024-09,Residential,AMADOR,R-RES-TOU,Paid,11,11,2261.42,205.58,7217.73,656.16,11,0,0,0
2024-09,Residential,AMADOR,R-RES-TOU,Past Due,2,2,395.65,197.82,1282.36,641.18,0,0,2,0
2024-09,Residential,BUTTE,R-RES-TOU,Exception,4,4,0.0,,1208.45,604.23,0,0,0,4
2024-09,Residential,BUTTE,R-RES-TOU,Generated,12,12,1807.81,150.65,5835.94,486.33,0,12,0,0
2024-09,Residential,BUTTE,R-RES-TOU,Paid,29,29,5797.23,199.9,18565.67,640.2,29,0,0,0
2024-09,Residential,BUTTE,R-RES-TOU,Past Due,2,2,346.31,173.15,1145.3,572.65,0,0,2,0
2024-09,Residential,CALAVERAS,R-RES-TOU,Exception,1,1,0.0,,339.69,339.69,0,0,0,1
2024-09,Residential,CALAVERAS,R-RES-TOU,Generated,4,4,777.08,194.27,2504.77,626.19,0,4,0,0
2024-09,Residential,CALAVERAS,R-RES-TOU,Paid,10,10,2366.92,236.69,7427.97,742.8,10,0,0,0
2024-09,Residential,COLUSA,R-RES-TOU,Exception,1,1,0.0,,0.0,,0,0,0,1
2024-09,Residential,COLUSA,R-RES-TOU,Generated,2,2,292.66,146.33,962.48,481.24,0,2,0,0
2024-09,Residential,COLUSA,R-RES-TOU,Paid,7,7,1396.87,199.55,4459.7,637.1,7,0,0,0
2024-09,Residential,CONTRA COSTA,R-RES-TOU,Exception,35,35,0.0,,16923.61,626.8,0,0,0,35
2024-09,Residential,CONTRA COSTA,R-RES-TOU,Generated,55,55,10666.19,193.93,34111.68,620.21,0,55,0,0
2024-09,Residential,CONTRA COSTA,R-RES-TOU,Paid,183,183,37407.26,204.41,119322.94,652.04,183,0,0,0
2024-09,Residential,CONTRA COSTA,R-RES-TOU,Past Due,17,17,3238.75,190.51,10395.99,611.53,0,0,17,0
2024-09,Residential,EL DORADO,R-RES-TOU,Exception,3,3,0.0,,1440.63,480.21,0,0,0,3
2024-09,Residential,EL DORADO,R-RES-TOU,Generated,9,9,1641.12,182.35,5267.85,585.32,0,9,0,0
2024-09,Residential,EL DORADO,R-RES-TOU,Paid,28,28,5904.91,210.89,18797.6,671.34,28,0,0,0
2024-09,Residential,EL DORADO,R-RES-TOU,Past Due,1,1,137.8,137.8,465.93,465.93,0,0,1,0
2024-09,Residential,FRESNO,R-RES-TOU,Exception,19,19,0.0,,6372.16,531.01,0,0,0,19
2024-09,Residential,FRESNO,R-RES-TOU,Generated,50,50,9962.44,199.25,31933.33,638.67,0,50,0,0
2024-09,Residential,FRESNO,R-RES-TOU,Paid,179,179,38109.16,212.9,121018.99,676.08,179,0,0,0
2024-09,Residential,FRESNO,R-RES-TOU,Past Due,23,23,4532.88,197.08,14508.12,630.79,0,0,23,0
2024-09,Residential,GLENN,R-RES-TOU,Exception,1,1,0.0,,449.52,449.52,0,0,0,1
2024-09,Residential,GLENN,R-RES-TOU,Generated,2,2,249.99,125.0,837.0,418.5,0,2,0,0
2024-09,Residential,GLENN,R-RES-TOU,Paid,10,10,1964.92,196.49,6283.48,628.35,10,0,0,0
2024-09,Residential,GLENN,R-RES-TOU,Past Due,1,1,252.42,252.42,792.82,792.82,0,0,1,0
2024-09,Residential,HUMBOLDT,R-RES-TOU,Generated,1,1,191.08,191.08,622.44,622.44,0,1,0,0
2024-09,Residential,HUMBOLDT,R-RES-TOU,Paid,21,21,4039.58,192.36,12899.5,614.26,21,0,0,0
2024-09,Residential,HUMBOLDT,R-RES-TOU,Past Due,2,2,534.91,267.46,1669.2,834.6,0,0,2,0
2024-09,Residential,KERN,R-RES-TOU,Exception,53,53,0.0,,22853.98,672.18,0,0,0,53
2024-09,Residential,KERN,R-RES-TOU,Generated,128,128,24017.63,187.64,77508.51,605.54,0,128,0,0
2024-09,Residential,KERN,R-RES-TOU,Paid,370,370,72730.54,196.57,232453.06,628.25,370,0,0,0
2024-09,Residential,KERN,R-RES-TOU,Past Due,48,48,9694.78,201.97,30868.67,643.1,0,0,48,0
2024-09,Residential,KINGS,R-RES-TOU,Exception,7,7,0.0,,2919.49,583.9,0,0,0,7
2024-09,Residential,KINGS,R-RES-TOU,Generated,12,12,2730.34,227.53,8616.44,718.04,0,12,0,0
2024-09,Residential,KINGS,R-RES-TOU,Paid,35,35,6504.19,185.83,20935.82,598.17,35,0,0,0
2024-09,Residential,KINGS,R-RES-TOU,Past Due,4,4,744.12,186.03,2406.59,601.65,0,0,4,0
2024-09,Residential,LAKE,R-RES-TOU,Exception,3,3,0.0,,1019.25,509.63,0,0,0,3
2024-09,Residential,LAKE,R-RES-TOU,Generated,4,4,707.86,176.97,2310.82,577.71,0,4,0,0
2024-09,Residential,LAKE,R-RES-TOU,Paid,8,8,1372.46,171.56,4470.67,558.83,8,0,0,0
2024-09,Residential,MADERA,R-RES-TOU,Exception,5,5,0.0,,1863.84,621.28,0,0,0,5
2024-09,Residential,MADERA,R-RES-TOU,Generated,10,10,2000.02,200.0,6412.83,641.28,0,10,0,0
2024-09,Residential,MADERA,R-RES-TOU,Paid,28,28,5211.7,186.13,16671.99,595.43,28,0,0,0
2024-09,Residential,MADERA,R-RES-TOU,Past Due,6,6,1335.04,222.51,4239.1,706.52,0,0,6,0
2024-09,Residential,MARIN,R-RES-TOU,Exception,2,2,0.0,,875.14,437.57,0,0,0,2
2024-09,Residential,MARIN,R-RES-TOU,Generated,14,14,2818.95,201.35,8934.61,638.19,0,14,0,0
2024-09,Residential,MARIN,R-RES-TOU,Paid,26,26,5556.1,213.7,17664.25,679.39,26,0,0,0
2024-09,Residential,MARIN,R-RES-TOU,Past Due,4,4,1053.54,263.38,3293.17,823.29,0,0,4,0
2024-09,Residential,MARIPOSA,R-RES-TOU,Generated,1,1,150.57,150.57,509.92,509.92,0,1,0,0
2024-09,Residential,MARIPOSA,R-RES-TOU,Paid,2,2,546.41,273.2,1701.16,850.58,2,0,0,0
2024-09,Residential,MENDOCINO,R-RES-TOU,Exception,4,4,0.0,,1756.25,585.42,0,0,0,4
2024-09,Residential,MENDOCINO,R-RES-TOU,Generated,3,3,641.1,213.7,2016.18,672.06,0,3,0,0
2024-09,Residential,MENDOCINO,R-RES-TOU,Paid,13,13,2789.12,214.55,8886.58,683.58,13,0,0,0
2024-09,Residential,MERCED,R-RES-TOU,Exception,10,10,0.0,,4667.33,666.76,0,0,0,10
2024-09,Residential,MERCED,R-RES-TOU,Generated,22,22,5001.87,227.36,15846.69,720.3,0,22,0,0
2024-09,Residential,MERCED,R-RES-TOU,Paid,82,82,15727.75,191.8,50693.87,618.22,82,0,0,0
2024-09,Residential,MERCED,R-RES-TOU,Past Due,4,4,564.59,141.15,1856.49,464.12,0,0,4,0
2024-09,Residential,MONTEREY,R-RES-TOU,Exception,10,10,0.0,,5278.04,659.75,0,0,0,10
2024-09,Residential,MONTEREY,R-RES-TOU,Generated,14,14,2299.24,164.23,7441.19,531.51,0,14,0,0
2024-09,Residential,MONTEREY,R-RES-TOU,Paid,53,53,10091.9,190.41,32492.99,613.08,53,0,0,0
2024-09,Residential,MONTEREY,R-RES-TOU,Past Due,4,4,990.7,247.68,3118.61,779.65,0,0,4,0
2024-09,Residential,NAPA,R-RES-TOU,Exception,5,5,0.0,,1792.76,448.19,0,0,0,5
2024-09,Residential,NAPA,R-RES-TOU,Generated,8,8,1850.14,231.27,5872.64,734.08,0,8,0,0
2024-09,Residential,NAPA,R-RES-TOU,Paid,29,29,6053.78,208.75,19294.37,665.32,29,0,0,0
2024-09,Residential,NAPA,R-RES-TOU,Past Due,2,2,370.38,185.19,1198.1,599.05,0,0,2,0
2024-09,Residential,NEVADA,R-RES-TOU,Exception,2,2,0.0,,728.14,364.07,0,0,0,2
2024-09,Residential,NEVADA,R-RES-TOU,Generated,2,2,418.09,209.05,1344.68,672.34,0,2,0,0
2024-09,Residential,NEVADA,R-RES-TOU,Paid,19,19,3694.43,194.44,11823.72,622.3,19,0,0,0
2024-09,Residential,PLACER,R-RES-TOU,Exception,18,18,0.0,,9459.24,630.62,0,0,0,18
2024-09,Residential,PLACER,R-RES-TOU,Generated,29,29,5805.84,200.2,18540.63,639.33,0,29,0,0
2024-09,Residential,PLACER,R-RES-TOU,Paid,53,53,10390.72,196.05,33226.85,626.92,53,0,0,0
2024-09,Residential,PLACER,R-RES-TOU,Past Due,12,12,2142.82,178.57,6917.76,576.48,0,0,12,0
2024-09,Residential,PLUMAS,R-RES-TOU,Generated,1,1,149.84,149.84,507.88,507.88,0,1,0,0
2024-09,Residential,PLUMAS,R-RES-TOU,Paid,4,4,599.88,149.97,1923.34,480.83,4,0,0,0
2024-09,Residential,PLUMAS,R-RES-TOU,Past Due,1,1,212.89,212.89,683.02,683.02,0,0,1,0
2024-09,Residential,SAN FRANCISCO,R-RES-TOU,Exception,11,11,0.0,,5756.43,719.55,0,0,0,11
2024-09,Residential,SAN FRANCISCO,R-RES-TOU,Generated,34,34,6401.39,188.28,20529.73,603.82,0,34,0,0
2024-09,Residential,SAN FRANCISCO,R-RES-TOU,Paid,125,125,24998.17,199.99,79766.44,638.13,125,0,0,0
2024-09,Residential,SAN FRANCISCO,R-RES-TOU,Past Due,7,7,1810.92,258.7,5663.59,809.08,0,0,7,0
2024-09,Residential,SAN JOAQUIN,R-RES-TOU,Exception,18,18,0.0,,6853.53,623.05,0,0,0,18
2024-09,Residential,SAN JOAQUIN,R-RES-TOU,Generated,35,35,6885.44,196.73,21998.31,628.52,0,35,0,0
2024-09,Residential,SAN JOAQUIN,R-RES-TOU,Paid,123,123,24102.6,195.96,77190.27,627.56,123,0,0,0
2024-09,Residential,SAN JOAQUIN,R-RES-TOU,Past Due,17,17,2762.19,162.48,9059.77,532.93,0,0,17,0
2024-09,Residential,SAN LUIS OBISPO,R-RES-TOU,Exception,5,5,0.0,,2218.82,739.61,0,0,0,5
2024-09,Residential,SAN LUIS OBISPO,R-RES-TOU,Generated,11,11,2194.19,199.47,7072.76,642.98,0,11,0,0
2024-09,Residential,SAN LUIS OBISPO,R-RES-TOU,Paid,34,34,6882.86,202.44,22062.62,648.9,34,0,0,0
2024-09,Residential,SAN LUIS OBISPO,R-RES-TOU,Past Due,6,6,1100.64,183.44,3486.01,581.0,0,0,6,0
2024-09,Residential,SAN MATEO,R-RES-TOU,Exception,15,15,0.0,,8060.23,620.02,0,0,0,15
2024-09,Residential,SAN MATEO,R-RES-TOU,Generated,19,19,4590.1,241.58,14423.29,759.12,0,19,0,0
2024-09,Residential,SAN MATEO,R-RES-TOU,Paid,97,97,17282.63,178.17,55911.19,576.4,97,0,0,0
2024-09,Residential,SAN MATEO,R-RES-TOU,Past Due,15,15,2690.13,179.34,8692.72,579.51,0,0,15,0
2024-09,Residential,SANTA BARBARA,R-RES-TOU,Exception,5,5,0.0,,4182.92,836.58,0,0,0,5
2024-09,Residential,SANTA BARBARA,R-RES-TOU,Generated,20,20,3712.17,185.61,11964.26,598.21,0,20,0,0
2024-09,Residential,SANTA BARBARA,R-RES-TOU,Paid,57,57,11622.0,203.89,37150.49,651.76,57,0,0,0
2024-09,Residential,SANTA BARBARA,R-RES-TOU,Past Due,5,5,904.84,180.97,2936.66,587.33,0,0,5,0
2024-09,Residential,SANTA CLARA,R-RES-TOU,Exception,56,56,0.0,,21563.68,616.11,0,0,0,56
2024-09,Residential,SANTA CLARA,R-RES-TOU,Generated,136,136,26528.95,195.07,84920.38,624.41,0,136,0,0
2024-09,Residential,SANTA CLARA,R-RES-TOU,Paid,386,386,77885.89,201.78,249050.61,645.21,386,0,0,0
2024-09,Residential,SANTA CLARA,R-RES-TOU,Past Due,42,42,8597.11,204.69,27398.12,652.34,0,0,42,0
2024-09,Residential,SANTA CRUZ,R-RES-TOU,Exception,3,3,0.0,,905.8,452.9,0,0,0,3
2024-09,Residential,SANTA CRUZ,R-RES-TOU,Generated,5,5,1266.43,253.29,3976.21,795.24,0,5,0,0
2024-09,Residential,SANTA CRUZ,R-RES-TOU,Paid,21,21,4456.21,212.2,14170.39,674.78,21,0,0,0
2024-09,Residential,SANTA CRUZ,R-RES-TOU,Past Due,6,6,1394.41,232.4,4398.43,733.07,0,0,6,0
2024-09,Residential,SHASTA,R-RES-TOU,Exception,1,1,0.0,,612.93,612.93,0,0,0,1
2024-09,Residential,SHASTA,R-RES-TOU,Generated,9,9,1842.02,204.67,5889.61,654.4,0,9,0,0
2024-09,Residential,SHASTA,R-RES-TOU,Paid,22,22,4211.99,191.45,13567.21,616.69,22,0,0,0
2024-09,Residential,SHASTA,R-RES-TOU,Past Due,4,4,714.73,178.68,2339.18,584.8,0,0,4,0
2024-09,Residential,SOLANO,R-RES-TOU,Exception,10,10,0.0,,1569.22,523.07,0,0,0,10
2024-09,Residential,SOLANO,R-RES-TOU,Generated,14,14,2684.01,191.71,8629.4,616.39,0,14,0,0
2024-09,Residential,SOLANO,R-RES-TOU,Paid,68,68,13336.13,196.12,42540.95,625.6,68,0,0,0
2024-09,Residential,SOLANO,R-RES-TOU,Past Due,10,10,2181.25,218.13,6835.45,683.54,0,0,10,0
2024-09,Residential,SONOMA,R-RES-TOU,Exception,10,10,0.0,,3107.99,518.0,0,0,0,10
2024-09,Residential,SONOMA,R-RES-TOU,Generated,16,16,3104.95,194.06,9997.63,624.85,0,16,0,0
2024-09,Residential,SONOMA,R-RES-TOU,Paid,52,52,9553.41,183.72,30789.44,592.1,52,0,0,0
2024-09,Residential,SONOMA,R-RES-TOU,Past Due,6,6,1282.47,213.75,4052.64,675.44,0,0,6,0
2024-09,Residential,SUTTER,R-RES-TOU,Exception,5,5,0.0,,1944.83,648.28,0,0,0,5
2024-09,Residential,SUTTER,R-RES-TOU,Generated,3,3,939.22,313.07,2849.79,949.93,0,3,0,0
2024-09,Residential,SUTTER,R-RES-TOU,Paid,17,17,3527.4,207.49,11274.08,663.18,17,0,0,0
2024-09,Residential,SUTTER,R-RES-TOU,Past Due,1,1,270.2,270.2,842.21,842.21,0,0,1,0
2024-09,Residential,TUOLUMNE,R-RES-TOU,Exception,2,2,0.0,,696.51,696.51,0,0,0,2
2024-09,Residential,TUOLUMNE,R-RES-TOU,Generated,3,3,412.93,137.64,1348.52,449.51,0,3,0,0
2024-09,Residential,TUOLUMNE,R-RES-TOU,Paid,11,11,2435.81,221.44,7691.32,699.21,11,0,0,0
2024-09,Residential,TUOLUMNE,R-RES-TOU,Past Due,4,4,956.56,239.14,3023.79,755.95,0,0,4,0
2024-09,Residential,YOLO,R-RES-TOU,Exception,4,4,0.0,,2077.15,519.29,0,0,0,4
2024-09,Residential,YOLO,R-RES-TOU,Generated,11,11,2856.64,259.69,8890.67,808.24,0,11,0,0
2024-09,Residential,YOLO,R-RES-TOU,Paid,36,36,7308.32,203.01,23314.36,647.62,36,0,0,0
2024-09,Residential,YOLO,R-RES-TOU,Past Due,1,1,132.99,132.99,448.1,448.1,0,0,1,0
2024-09,Residential,YUBA,R-RES-TOU,Exception,2,2,0.0,,991.71,991.71,0,0,0,2
2024-09,Residential,YUBA,R-RES-TOU,Generated,4,4,963.69,240.92,3007.58,751.89,0,4,0,0
2024-09,Residential,YUBA,R-RES-TOU,Paid,14,14,3166.23,226.16,10017.55,715.54,14,0,0,0
2024-09,Streetlighting,ALAMEDA,R-STLIGHT,Generated,3,3,1638.38,546.13,7826.56,2608.85,0,3,0,0
2024-09,Streetlighting,ALAMEDA,R-STLIGHT,Paid,3,3,1772.71,590.9,8386.31,2795.44,3,0,0,0
2024-09,Streetlighting,CONTRA COSTA,R-STLIGHT,Past Due,1,1,469.14,469.14,2288.08,2288.08,0,0,1,0
2024-09,Streetlighting,FRESNO,R-STLIGHT,Exception,1,1,0.0,,5673.24,5673.24,0,0,0,1
2024-09,Streetlighting,FRESNO,R-STLIGHT,Paid,1,1,289.21,289.21,1416.9,1416.9,1,0,0,0
2024-09,Streetlighting,KERN,R-STLIGHT,Generated,2,2,1507.38,753.69,6947.39,3473.69,0,2,0,0
2024-09,Streetlighting,NEVADA,R-STLIGHT,Paid,1,1,748.26,748.26,3451.1,3451.1,1,0,0,0
2024-09,Streetlighting,PLACER,R-STLIGHT,Exception,1,1,0.0,,0.0,,0,0,0,1
2024-09,Streetlighting,SAN FRANCISCO,R-STLIGHT,Paid,1,1,644.12,644.12,3017.18,3017.18,1,0,0,0
2024-09,Streetlighting,SAN JOAQUIN,R-STLIGHT,Exception,1,1,0.0,,6044.21,6044.21,0,0,0,1
2024-09,Streetlighting,SAN JOAQUIN,R-STLIGHT,Paid,1,1,728.9,728.9,3370.41,3370.41,1,0,0,0
2024-09,Streetlighting,SAN JOAQUIN,R-STLIGHT,Past Due,1,1,839.77,839.77,3832.36,3832.36,0,0,1,0
2024-09,Streetlighting,SANTA CLARA,R-STLIGHT,Generated,1,1,940.33,940.33,4251.37,4251.37,0,1,0,0
2024-09,Streetlighting,SANTA CLARA,R-STLIGHT,Paid,4,4,2679.5,669.88,12497.92,3124.48,4,0,0,0
2024-09,Streetlighting,SOLANO,R-STLIGHT,Exception,1,1,0.0,,0.0,,0,0,0,1
2024-09,Streetlighting,SOLANO,R-STLIGHT,Past Due,1,1,1412.3,1412.3,6217.9,6217.9,0,0,1,0
2024-09,"Transportation, Communications, & Utilities",ALAMEDA,R-TCU-GEN,Paid,5,5,22266.63,4453.33,87897.54,17579.51,5,0,0,0
2024-09,"Transportation, Communications, & Utilities",ALAMEDA,R-TCU-GEN,Past Due,1,1,4271.48,4271.48,17280.95,17280.95,0,0,1,0
2024-09,"Transportation, Communications, & Utilities",BUTTE,R-TCU-GEN,Paid,1,1,10365.28,10365.28,38294.07,38294.07,1,0,0,0
2024-09,"Transportation, Communications, & Utilities",BUTTE,R-TCU-GEN,Past Due,1,1,5836.8,5836.8,22678.63,22678.63,0,0,1,0
2024-09,"Transportation, Communications, & Utilities",CONTRA COSTA,R-TCU-GEN,Generated,2,2,12347.28,6173.64,47680.29,23840.15,0,2,0,0
2024-09,"Transportation, Communications, & Utilities",CONTRA COSTA,R-TCU-GEN,Paid,2,2,7956.33,3978.16,32539.06,16269.53,2,0,0,0
2024-09,"Transportation, Communications, & Utilities",CONTRA COSTA,R-TCU-GEN,Past Due,2,2,12356.95,6178.48,47713.61,23856.81,0,0,2,0
2024-09,"Transportation, Communications, & Utilities",FRESNO,R-TCU-GEN,Exception,1,1,0.0,,0.0,,0,0,0,1
2024-09,"Transportation, Communications, & Utilities",FRESNO,R-TCU-GEN,Generated,1,1,2729.43,2729.43,11951.96,11951.96,0,1,0,0
2024-09,"Transportation, Communications, & Utilities",FRESNO,R-TCU-GEN,Paid,4,4,21646.91,5411.73,84851.44,21212.86,4,0,0,0
2024-09,"Transportation, Communications, & Utilities",KERN,R-TCU-GEN,Exception,1,1,0.0,,0.0,,0,0,0,1
2024-09,"Transportation, Communications, & Utilities",KERN,R-TCU-GEN,Generated,1,1,5842.96,5842.96,22699.85,22699.85,0,1,0,0
2024-09,"Transportation, Communications, & Utilities",KERN,R-TCU-GEN,Paid,4,4,17976.91,4494.23,72176.8,18044.2,4,0,0,0
2024-09,"Transportation, Communications, & Utilities",MADERA,R-TCU-GEN,Paid,1,1,3457.47,3457.47,14474.05,14474.05,1,0,0,0
2024-09,"Transportation, Communications, & Utilities",MENDOCINO,R-TCU-GEN,Paid,1,1,3417.29,3417.29,14335.47,14335.47,1,0,0,0
2024-09,"Transportation, Communications, & Utilities",MERCED,R-TCU-GEN,Paid,1,1,3696.52,3696.52,15298.35,15298.35,1,0,0,0
2024-09,"Transportation, Communications, & Utilities",MONTEREY,R-TCU-GEN,Paid,2,2,13573.66,6786.83,51909.16,25954.58,2,0,0,0
2024-09,"Transportation, Communications, & Utilities",PLACER,R-TCU-GEN,Generated,2,2,7965.82,3982.91,32477.67,16238.84,0,2,0,0
2024-09,"Transportation, Communications, & Utilities",PLACER,R-TCU-GEN,Paid,1,1,3132.7,3132.7,13354.13,13354.13,1,0,0,0
2024-09,"Transportation, Communications, & Utilities",SAN FRANCISCO,R-TCU-GEN,Generated,1,1,3880.17,3880.17,15931.63,15931.63,0,1,0,0
2024-09,"Transportation, Communications, & Utilities",SAN FRANCISCO,R-TCU-GEN,Paid,2,2,16257.06,8128.53,61162.29,30581.14,2,0,0,0
2024-09,"Transportation, Communications, & Utilities",SAN JOAQUIN,R-TCU-GEN,Paid,2,2,12935.68,6467.84,49595.91,24797.96,2,0,0,0
2024-09,"Transportation, Communications, & Utilities",SAN JOAQUIN,R-TCU-GEN,Past Due,1,1,8901.77,8901.77,33247.47,33247.47,0,0,1,0
2024-09,"Transportation, Communications, & Utilities",SAN LUIS OBISPO,R-TCU-GEN,Exception,1,1,0.0,,0.0,,0,0,0,1
2024-09,"Transportation, Communications, & Utilities",SAN MATEO,R-TCU-GEN,Exception,1,1,0.0,,19853.21,19853.21,0,0,0,1
2024-09,"Transportation, Communications, & Utilities",SAN MATEO,R-TCU-GEN,Generated,2,2,11405.33,5702.66,44432.18,22216.09,0,2,0,0
2024-09,"Transportation, Communications, & Utilities",SAN MATEO,R-TCU-GEN,Paid,2,2,9638.85,4819.43,38340.87,19170.43,2,0,0,0
2024-09,"Transportation, Communications, & Utilities",SAN MATEO,R-TCU-GEN,Past Due,1,1,3390.47,3390.47,14243.01,14243.01,0,0,1,0
2024-09,"Transportation, Communications, & Utilities",SANTA BARBARA,R-TCU-GEN,Generated,2,2,8393.45,4196.73,34046.36,17023.18,0,2,0,0
2024-09,"Transportation, Communications, & Utilities",SANTA CLARA,R-TCU-GEN,Exception,2,2,0.0,,19609.58,19609.58,0,0,0,2
2024-09,"Transportation, Communications, & Utilities",SANTA CLARA,R-TCU-GEN,Generated,3,3,13793.05,4597.68,55217.4,18405.8,0,3,0,0
2024-09,"Transportation, Communications, & Utilities",SANTA CLARA,R-TCU-GEN,Paid,13,13,64578.57,4967.58,255583.41,19660.26,13,0,0,0
2024-09,"Transportation, Communications, & Utilities",SANTA CRUZ,R-TCU-GEN,Past Due,1,1,7554.21,7554.21,28600.71,28600.71,0,0,1,0
2024-09,"Transportation, Communications, & Utilities",SHASTA,R-TCU-GEN,Paid,2,2,11122.36,5561.18,43456.4,21728.2,2,0,0,0
2024-10,Agriculture And Water Pumping,ALAMEDA,R-AGR-PUMP,Exception,3,3,0.0,,38534.34,19267.17,0,0,0,3
2024-10,Agriculture And Water Pumping,ALAMEDA,R-AGR-PUMP,Generated,5,5,24845.08,4969.02,101000.27,20200.05,0,5,0,0
2024-10,Agriculture And Water Pumping,ALAMEDA,R-AGR-PUMP,Paid,6,6,19077.35,3179.56,81434.64,13572.44,6,0,0,0
2024-10,Agriculture And Water Pumping,AMADOR,R-AGR-PUMP,Paid,1,1,2152.78,2152.78,9769.54,9769.54,1,0,0,0
2024-10,Agriculture And Water Pumping,BUTTE,R-AGR-PUMP,Exception,1,1,0.0,,0.0,,0,0,0,1
2024-10,Agriculture And Water Pumping,CONTRA COSTA,R-AGR-PUMP,Exception,2,2,0.0,,17058.19,17058.19,0,0,0,2
2024-10,Agriculture And Water Pumping,CONTRA COSTA,R-AGR-PUMP,Generated,1,1,1845.11,1845.11,8630.05,8630.05,0,1,0,0
2024-10,Agriculture And Water Pumping,CONTRA COSTA,R-AGR-PUMP,Paid,11,11,37533.67,3412.15,158772.83,14433.89,11,0,0,0
2024-10,Agriculture And Water Pumping,EL DORADO,R-AGR-PUMP,Paid,2,2,4171.31,2085.65,19041.92,9520.96,2,0,0,0
2024-10,Agriculture And Water Pumping,FRESNO,R-AGR-PUMP,Generated,2,2,7013.61,3506.81,29568.9,14784.45,0,2,0,0
2024-10,Agriculture And Water Pumping,FRESNO,R-AGR-PUMP,Paid,6,6,17448.26,2908.04,75400.99,12566.83,6,0,0,0
2024-10,Agriculture And Water Pumping,FRESNO,R-AGR-PUMP,Past Due,2,2,3802.03,1901.01,17627.89,8813.94,0,0,2,0
2024-10,Agriculture And Water Pumping,KERN,R-AGR-PUMP,Exception,2,2,0.0,,26930.6,13465.3,0,0,0,2
2024-10,Agriculture And Water Pumping,KERN,R-AGR-PUMP,Generated,3,3,6411.53,2137.18,29135.28,9711.76,0,3,0,0
2024-10,Agriculture And Water Pumping,KERN,R-AGR-PUMP,Paid,7,7,28400.55,4057.22,117761.28,16823.04,7,0,0,0
2024-10,Agriculture And Water Pumping,KERN,R-AGR-PUMP,Past Due,2,2,9060.98,4530.49,37151.79,18575.9,0,0,2,0
2024-10,Agriculture And Water Pumping,KINGS,R-AGR-PUMP,Exception,1,1,0.0,,19098.46,19098.46,0,0,0,1
2024-10,Agriculture And Water Pumping,KINGS,R-AGR-PUMP,Paid,1,1,1321.63,1321.63,6233.17,6233.17,1,0,0,0
2024-10,Agriculture And Water Pumping,MERCED,R-AGR-PUMP,Generated,1,1,1987.28,1987.28,9156.6,9156.6,0,1,0,0
2024-10,Agriculture And Water Pumping,MERCED,R-AGR-PUMP,Paid,4,4,10545.26,2636.32,46241.68,11560.42,4,0,0,0
2024-10,Agriculture And Water Pumping,MONTEREY,R-AGR-PUMP,Generated,1,1,2322.45,2322.45,10397.98,10397.98,0,1,0,0
2024-10,Agriculture And Water Pumping,MONTEREY,R-AGR-PUMP,Paid,2,2,9486.6,4743.3,38728.16,19364.08,2,0,0,0
2024-10,Agriculture And Water Pumping,MONTEREY,R-AGR-PUMP,Past Due,1,1,3108.7,3108.7,13309.99,13309.99,0,0,1,0
2024-10,Agriculture And Water Pumping,NEVADA,R-AGR-PUMP,Generated,1,1,4548.08,4548.08,18641.02,18641.02,0,1,0,0
2024-10,Agriculture And Water Pumping,PLACER,R-AGR-PUMP,Generated,1,1,4141.61,4141.61,17135.59,17135.59,0,1,0,0
2024-10,Agriculture And Water Pumping,PLACER,R-AGR-PUMP,Paid,3,3,12290.29,4096.76,50908.49,16969.5,3,0,0,0
2024-10,Agriculture And Water Pumping,PLACER,R-AGR-PUMP,Past Due,1,1,1993.46,1993.46,9179.5,9179.5,0,0,1,0
2024-10,Agriculture And Water Pumping,SAN FRANCISCO,R-AGR-PUMP,Generated,2,2,5224.33,2612.16,22941.96,11470.98,0,2,0,0
2024-10,Agriculture And Water Pumping,SAN FRANCISCO,R-AGR-PUMP,Paid,8,8,37970.63,4746.33,154933.88,19366.74,8,0,0,0
2024-10,Agriculture And Water Pumping,SAN FRANCISCO,R-AGR-PUMP,Past Due,1,1,2166.51,2166.51,9820.42,9820.42,0,0,1,0
2024-10,Agriculture And Water Pumping,SAN JOAQUIN,R-AGR-PUMP,Exception,1,1,0.0,,0.0,,0,0,0,1
2024-10,Agriculture And Water Pumping,SAN JOAQUIN,R-AGR-PUMP,Generated,3,3,15211.53,5070.51,61727.92,20575.97,0,3,0,0
2024-10,Agriculture And Water Pumping,SAN JOAQUIN,R-AGR-PUMP,Paid,5,5,16893.13,3378.63,71548.61,14309.72,5,0,0,0
2024-10,Agriculture And Water Pumping,SAN JOAQUIN,R-AGR-PUMP,Past Due,1,1,3316.01,3316.01,14077.81,14077.81,0,0,1,0
2024-10,Agriculture And Water Pumping,SAN LUIS OBISPO,R-AGR-PUMP,Exception,1,1,0.0,,0.0,,0,0,0,1
2024-10,Agriculture And Water Pumping,SAN MATEO,R-AGR-PUMP,Generated,1,1,3241.63,3241.63,13802.35,13802.35,0,1,0,0
2024-10,Agriculture And Water Pumping,SAN MATEO,R-AGR-PUMP,Paid,5,5,15076.46,3015.29,64820.23,12964.05,5,0,0,0
2024-10,Agriculture And Water Pumping,SANTA BARBARA,R-AGR-PUMP,Paid,1,1,7023.91,7023.91,27810.77,27810.77,1,0,0,0
2024-10,Agriculture And Water Pumping,SANTA BARBARA,R-AGR-PUMP,Past Due,1,1,1199.23,1199.23,5621.16,5621.16,0,0,1,0
2024-10,Agriculture And Water Pumping,SANTA CLARA,R-AGR-PUMP,Exception,1,1,0.0,,0.0,,0,0,0,1
2024-10,Agriculture And Water Pumping,SANTA CLARA,R-AGR-PUMP,Generated,4,4,15683.89,3920.97,65273.66,16318.42,0,4,0,0
2024-10,Agriculture And Water Pumping,SANTA CLARA,R-AGR-PUMP,Paid,15,15,45864.7,3057.65,196813.75,13120.92,15,0,0,0
2024-10,Agriculture And Water Pumping,SANTA CLARA,R-AGR-PUMP,Past Due,1,1,3263.01,3263.01,13881.52,13881.52,0,0,1,0
2024-10,Agriculture And Water Pumping,SANTA CRUZ,R-AGR-PUMP,Paid,2,2,6703.49,3351.74,28420.36,14210.18,2,0,0,0
2024-10,Agriculture And Water Pumping,SHASTA,R-AGR-PUMP,Paid,1,1,3761.8,3761.8,15728.88,15728.88,1,0,0,0
2024-10,Agriculture And Water Pumping,SOLANO,R-AGR-PUMP,Generated,2,2,5040.19,2520.1,22259.99,11130.0,0,2,0,0
2024-10,Agriculture And Water Pumping,SOLANO,R-AGR-PUMP,Paid,2,2,6556.28,3278.14,27875.1,13937.55,2,0,0,0
2024-10,Agriculture And Water Pumping,SUTTER,R-AGR-PUMP,Past Due,1,1,2476.43,2476.43,10968.27,10968.27,0,0,1,0
2024-10,Agriculture And Water Pumping,TUOLUMNE,R-AGR-PUMP,Paid,2,2,5915.09,2957.55,25500.34,12750.17,2,0,0,0
2024-10,Agriculture And Water Pumping,YOLO,R-AGR-PUMP,Generated,1,1,2749.9,2749.9,11981.11,11981.11,0,1,0,0
2024-10,Agriculture And Water Pumping,YOLO,R-AGR-PUMP,Paid,2,2,6417.05,3208.52,27359.44,13679.72,2,0,0,0
2024-10,Commercial,ALAMEDA,R-COM-GEN,Exception,8,8,0.0,,29910.45,5982.09,0,0,0,8
2024-10,Commercial,ALAMEDA,R-COM-GEN,Generated,14,14,29093.6,2078.11,101753.53,7268.11,0,14,0,0
2024-10,Commercial,ALAMEDA,R-COM-GEN,Paid,42,42,67257.56,1601.37,240232.5,5719.82,42,0,0,0
2024-10,Commercial,ALAMEDA,R-COM-GEN,Past Due,4,4,6179.71,1544.93,22192.64,5548.16,0,0,4,0
2024-10,Commercial,AMADOR,R-COM-GEN,Generated,1,1,713.62,713.62,2827.6,2827.6,0,1,0,0
2024-10,Commercial,AMADOR,R-COM-GEN,Paid,2,2,3993.24,1996.62,14010.45,7005.23,2,0,0,0
2024-10,Commercial,BUTTE,R-COM-GEN,Generated,2,2,3211.02,1605.51,11487.15,5743.58,0,2,0,0
2024-10,Commercial,BUTTE,R-COM-GEN,Paid,10,10,14852.42,1485.24,53556.18,5355.62,10,0,0,0
2024-10,Commercial,CALAVERAS,R-COM-GEN,Generated,1,1,1782.94,1782.94,6315.94,6315.94,0,1,0,0
2024-10,Commercial,CALAVERAS,R-COM-GEN,Paid,2,2,1800.72,900.36,6783.49,3391.74,2,0,0,0
2024-10,Commercial,COLUSA,R-COM-GEN,Paid,1,1,2134.99,2134.99,7451.57,7451.57,1,0,0,0
2024-10,Commercial,CONTRA COSTA,R-COM-GEN,Exception,5,5,0.0,,10618.39,5309.19,0,0,0,5
2024-10,Commercial,CONTRA COSTA,R-COM-GEN,Generated,9,9,17549.12,1949.9,61595.65,6843.96,0,9,0,0
2024-10,Commercial,CONTRA COSTA,R-COM-GEN,Paid,34,34,46297.51,1361.69,168495.87,4955.76,34,0,0,0
2024-10,Commercial,EL DORADO,R-COM-GEN,Generated,1,1,1241.87,1241.87,4570.54,4570.54,0,1,0,0
2024-10,Commercial,EL DORADO,R-COM-GEN,Paid,6,6,9346.03,1557.67,33535.58,5589.26,6,0,0,0
2024-10,Commercial,FRESNO,R-COM-GEN,Exception,2,2,0.0,,0.0,,0,0,0,2
2024-10,Commercial,FRESNO,R-COM-GEN,Generated,5,5,7894.95,1578.99,28290.18,5658.04,0,5,0,0
2024-10,Commercial,FRESNO,R-COM-GEN,Paid,35,35,45481.34,1299.47,165772.47,4736.36,35,0,0,0
2024-10,Commercial,FRESNO,R-COM-GEN,Past Due,3,3,4914.15,1638.05,17545.66,5848.55,0,0,3,0
2024-10,Commercial,GLENN,R-COM-GEN,Exception,1,1,0.0,,6255.36,6255.36,0,0,0,1
2024-10,Commercial,GLENN,R-COM-GEN,Generated,1,1,1075.04,1075.04,4032.39,4032.39,0,1,0,0
2024-10,Commercial,GLENN,R-COM-GEN,Paid,2,2,3616.17,1808.09,12794.11,6397.06,2,0,0,0
2024-10,Commercial,HUMBOLDT,R-COM-GEN,Exception,1,1,0.0,,7889.26,7889.26,0,0,0,1
2024-10,Commercial,HUMBOLDT,R-COM-GEN,Generated,1,1,1208.84,1208.84,4464.01,4464.01,0,1,0,0
2024-10,Commercial,HUMBOLDT,R-COM-GEN,Paid,3,3,3924.81,1308.27,14354.22,4784.74,3,0,0,0
2024-10,Commercial,KERN,R-COM-GEN,Exception,4,4,0.0,,2732.87,2732.87,0,0,0,4
2024-10,Commercial,KERN,R-COM-GEN,Generated,16,16,23052.16,1440.76,83204.21,5200.26,0,16,0,0
2024-10,Commercial,KERN,R-COM-GEN,Paid,59,59,86075.5,1458.91,310251.11,5258.49,59,0,0,0
2024-10,Commercial,KERN,R-COM-GEN,Past Due,4,4,7089.22,1772.31,25040.43,6260.11,0,0,4,0
2024-10,Commercial,KINGS,R-COM-GEN,Generated,1,1,1774.43,1774.43,6288.48,6288.48,0,1,0,0
2024-10,Commercial,KINGS,R-COM-GEN,Paid,6,6,9482.29,1580.38,33975.14,5662.52,6,0,0,0
2024-10,Commercial,LAKE,R-COM-GEN,Past Due,1,1,703.51,703.51,2785.44,2785.44,0,0,1,0
2024-10,Commercial,MADERA,R-COM-GEN,Exception,2,2,0.0,,5839.18,2919.59,0,0,0,2
2024-10,Commercial,MADERA,R-COM-GEN,Generated,1,1,1113.2,1113.2,4155.48,4155.48,0,1,0,0
2024-10,Commercial,MADERA,R-COM-GEN,Paid,5,5,5207.85,1041.57,19472.21,3894.44,5,0,0,0
2024-10,Commercial,MADERA,R-COM-GEN,Past Due,1,1,1350.68,1350.68,4921.55,4921.55,0,0,1,0
2024-10,Commercial,MARIN,R-COM-GEN,Generated,1,1,961.81,961.81,3667.14,3667.14,0,1,0,0
2024-10,Commercial,MARIN,R-COM-GEN,Paid,4,4,6173.57,1543.39,22115.71,5528.93,4,0,0,0
2024-10,Commercial,MARIPOSA,R-COM-GEN,Paid,1,1,1159.5,1159.5,4304.83,4304.83,1,0,0,0
2024-10,Commercial,MENDOCINO,R-COM-GEN,Paid,3,3,3491.31,1163.77,12955.84,4318.61,3,0,0,0
2024-10,Commercial,MENDOCINO,R-COM-GEN,Past Due,1,1,1055.84,1055.84,3970.45,3970.45,0,0,1,0
2024-10,Commercial,MERCED,R-COM-GEN,Exception,1,1,0.0,,3197.22,3197.22,0,0,0,1
2024-10,Commercial,MERCED,R-COM-GEN,Generated,3,3,3344.49,1114.83,12482.19,4160.73,0,3,0,0
2024-10,Commercial,MERCED,R-COM-GEN,Paid,13,13,17921.23,1378.56,65052.62,5004.05,13,0,0,0
2024-10,Commercial,MERCED,R-COM-GEN,Past Due,1,1,1471.13,1471.13,5310.09,5310.09,0,0,1,0
2024-10,Commercial,MONTEREY,R-COM-GEN,Generated,5,5,5501.31,1100.26,20555.61,4111.12,0,5,0,0
2024-10,Commercial,MONTEREY,R-COM-GEN,Paid,10,10,14013.81,1401.38,50617.47,5061.75,10,0,0,0
2024-10,Commercial,MONTEREY,R-COM-GEN,Past Due,1,1,1442.73,1442.73,5218.49,5218.49,0,0,1,0
2024-10,Commercial,NAPA,R-COM-GEN,Paid,5,5,9424.04,1884.81,33222.71,6644.54,5,0,0,0
2024-10,Commercial,NEVADA,R-COM-GEN,Exception,1,1,0.0,,6424.44,6424.44,0,0,0,1
2024-10,Commercial,NEVADA,R-COM-GEN,Generated,1,1,1830.94,1830.94,6470.79,6470.79,0,1,0,0
2024-10,Commercial,NEVADA,R-COM-GEN,Paid,5,5,6487.63,1297.53,23604.61,4720.92,5,0,0,0
2024-10,Commercial,PLACER,R-COM-GEN,Exception,2,2,0.0,,8135.4,4067.7,0,0,0,2
2024-10,Commercial,PLACER,R-COM-GEN,Generated,6,6,8109.22,1351.54,29483.7,4913.95,0,6,0,0
2024-10,Commercial,PLACER,R-COM-GEN,Paid,11,11,16342.06,1485.64,58904.55,5354.96,11,0,0,0
2024-10,Commercial,PLACER,R-COM-GEN,Past Due,2,2,4462.71,2231.36,15524.86,7762.43,0,0,2,0
2024-10,Commercial,PLUMAS,R-COM-GEN,Generated,3,3,4692.51,1564.17,16830.66,5610.22,0,3,0,0
2024-10,Commercial,PLUMAS,R-COM-GEN,Paid,1,1,1251.05,1251.05,4600.17,4600.17,1,0,0,0
2024-10,Commercial,SAN FRANCISCO,R-COM-GEN,Exception,1,1,0.0,,0.0,,0,0,0,1
2024-10,Commercial,SAN FRANCISCO,R-COM-GEN,Generated,10,10,15338.15,1533.82,55123.01,5512.3,0,10,0,0
2024-10,Commercial,SAN FRANCISCO,R-COM-GEN,Paid,21,21,28578.19,1360.87,103620.77,4934.32,21,0,0,0
2024-10,Commercial,SAN FRANCISCO,R-COM-GEN,Past Due,2,2,1677.51,838.75,6220.38,3110.19,0,0,2,0
2024-10,Commercial,SAN JOAQUIN,R-COM-GEN,Exception,1,1,0.0,,0.0,,0,0,0,1
2024-10,Commercial,SAN JOAQUIN,R-COM-GEN,Generated,5,5,6520.36,1304.07,23592.01,4718.4,0,5,0,0
2024-10,Commercial,SAN JOAQUIN,R-COM-GEN,Paid,23,23,31554.19,1371.92,114771.54,4990.07,23,0,0,0
2024-10,Commercial,SAN JOAQUIN,R-COM-GEN,Past Due,6,6,11232.14,1872.02,39619.82,6603.3,0,0,6,0
2024-10,Commercial,SAN LUIS OBISPO,R-COM-GEN,Paid,11,11,14796.06,1345.1,53731.5,4884.68,11,0,0,0
2024-10,Commercial,SAN LUIS OBISPO,R-COM-GEN,Past Due,1,1,783.18,783.18,3090.89,3090.89,0,0,1,0
2024-10,Commercial,SAN MATEO,R-COM-GEN,Exception,1,1,0.0,,0.0,,0,0,0,1
2024-10,Commercial,SAN MATEO,R-COM-GEN,Generated,3,3,2948.98,982.99,10979.32,3659.77,0,3,0,0
2024-10,Commercial,SAN MATEO,R-COM-GEN,Paid,18,18,26135.49,1451.97,94262.3,5236.79,18,0,0,0
2024-10,Commercial,SAN MATEO,R-COM-GEN,Past Due,2,2,3226.65,1613.33,11537.58,5768.79,0,0,2,0
2024-10,Commercial,SANTA BARBARA,R-COM-GEN,Exception,1,1,0.0,,2990.12,2990.12,0,0,0,1
2024-10,Commercial,SANTA BARBARA,R-COM-GEN,Paid,11,11,14175.96,1288.72,51824.47,4711.32,11,0,0,0
2024-10,Commercial,SANTA BARBARA,R-COM-GEN,Past Due,1,1,903.35,903.35,3478.56,3478.56,0,0,1,0
2024-10,Commercial,SANTA CLARA,R-COM-GEN,Exception,9,9,0.0,,33031.72,4718.82,0,0,0,9
2024-10,Commercial,SANTA CLARA,R-COM-GEN,Generated,20,20,30257.2,1512.86,108833.26,5441.66,0,20,0,0
2024-10,Commercial,SANTA CLARA,R-COM-GEN,Paid,61,61,82881.26,1358.71,301580.72,4943.95,61,0,0,0
2024-10,Commercial,SANTA CLARA,R-COM-GEN,Past Due,3,3,3979.23,1326.41,14529.76,4843.25,0,0,3,0
2024-10,Commercial,SANTA CRUZ,R-COM-GEN,Exception,1,1,0.0,,0.0,,0,0,0,1
2024-10,Commercial,SANTA CRUZ,R-COM-GEN,Paid,3,3,4697.39,1565.8,16846.43,5615.48,3,0,0,0
2024-10,Commercial,SHASTA,R-COM-GEN,Generated,3,3,3619.93,1206.64,13370.73,4456.91,0,3,0,0
2024-10,Commercial,SHASTA,R-COM-GEN,Paid,6,6,8068.53,1344.75,29172.58,4862.1,6,0,0,0
2024-10,Commercial,SOLANO,R-COM-GEN,Exception,1,1,0.0,,5527.5,5527.5,0,0,0,1
2024-10,Commercial,SOLANO,R-COM-GEN,Generated,2,2,2157.79,1078.89,8070.73,4035.36,0,2,0,0
2024-10,Commercial,SOLANO,R-COM-GEN,Paid,8,8,11782.1,1472.76,42450.56,5306.32,8,0,0,0
2024-10,Commercial,SONOMA,R-COM-GEN,Generated,4,4,5871.79,1467.95,21141.29,5285.32,0,4,0,0
2024-10,Commercial,SONOMA,R-COM-GEN,Paid,8,8,10885.45,1360.68,39630.45,4953.81,8,0,0,0
2024-10,Commercial,SONOMA,R-COM-GEN,Past Due,1,1,666.6,666.6,2631.68,2631.68,0,0,1,0
2024-10,Commercial,SUTTER,R-COM-GEN,Exception,1,1,0.0,,0.0,,0,0,0,1
2024-10,Commercial,SUTTER,R-COM-GEN,Paid,5,5,6448.88,1289.78,23458.56,4691.71,5,0,0,0
2024-10,Commercial,TUOLUMNE,R-COM-GEN,Exception,1,1,0.0,,7315.2,7315.2,0,0,0,1
2024-10,Commercial,TUOLUMNE,R-COM-GEN,Generated,2,2,4119.9,2059.95,14419.05,7209.52,0,2,0,0
2024-10,Commercial,TUOLUMNE,R-COM-GEN,Paid,3,3,5260.06,1753.35,18661.47,6220.49,3,0,0,0
2024-10,Commercial,YOLO,R-COM-GEN,Generated,1,1,1929.17,1929.17,6787.63,6787.63,0,1,0,0
2024-10,Commercial,YOLO,R-COM-GEN,Paid,8,8,12358.89,1544.86,44383.53,5547.94,8,0,0,0
2024-10,Commercial,YUBA,R-COM-GEN,Exception,1,1,0.0,,4835.22,4835.22,0,0,0,1
2024-10,Commercial,YUBA,R-COM-GEN,Paid,2,2,2048.17,1024.09,7514.72,3757.36,2,0,0,0
2024-10,Industrial,ALAMEDA,R-IND-GEN,Exception,1,1,0.0,,56283.25,56283.25,0,0,0,1
2024-10,Industrial,ALAMEDA,R-IND-GEN,Generated,2,2,19207.28,9603.64,92946.99,46473.5,0,2,0,0
2024-10,Industrial,ALAMEDA,R-IND-GEN,Paid,10,10,139175.4,13917.54,642736.2,64273.62,10,0,0,0
2024-10,Industrial,ALAMEDA,R-IND-GEN,Past Due,1,1,9987.1,9987.1,48071.27,48071.27,0,0,1,0
2024-10,Industrial,BUTTE,R-IND-GEN,Generated,1,1,14694.11,14694.11,67683.81,67683.81,0,1,0,0
2024-10,Industrial,CALAVERAS,R-IND-GEN,Exception,1,1,0.0,,35564.55,35564.55,0,0,0,1
2024-10,Industrial,CONTRA COSTA,R-IND-GEN,Generated,1,1,10237.14,10237.14,49113.08,49113.08,0,1,0,0
2024-10,Industrial,CONTRA COSTA,R-IND-GEN,Paid,4,4,37499.86,9374.97,182082.74,45520.68,4,0,0,0
2024-10,Industrial,CONTRA COSTA,R-IND-GEN,Past Due,1,1,8234.26,8234.26,40767.76,40767.76,0,0,1,0
2024-10,Industrial,EL DORADO,R-IND-GEN,Paid,1,1,9877.39,9877.39,47614.14,47614.14,1,0,0,0
2024-10,Industrial,FRESNO,R-IND-GEN,Exception,2,2,0.0,,121478.56,60739.28,0,0,0,2
2024-10,Industrial,FRESNO,R-IND-GEN,Generated,3,3,42063.19,14021.06,194638.27,64879.42,0,3,0,0
2024-10,Industrial,FRESNO,R-IND-GEN,Paid,3,3,27208.92,9069.64,132745.48,44248.49,3,0,0,0
2024-10,Industrial,FRESNO,R-IND-GEN,Past Due,1,1,9047.34,9047.34,44155.6,44155.6,0,0,1,0
2024-10,Industrial,HUMBOLDT,R-IND-GEN,Exception,1,1,0.0,,39142.89,39142.89,0,0,0,1
2024-10,Industrial,HUMBOLDT,R-IND-GEN,Past Due,1,1,13199.19,13199.19,61454.97,61454.97,0,0,1,0
2024-10,Industrial,KERN,R-IND-GEN,Exception,5,5,0.0,,158593.21,52864.4,0,0,0,5
2024-10,Industrial,KERN,R-IND-GEN,Generated,5,5,41990.13,8398.03,206915.0,41383.0,0,5,0,0
2024-10,Industrial,KERN,R-IND-GEN,Paid,7,7,65670.64,9381.52,316768.83,45252.69,7,0,0,0
2024-10,Industrial,KERN,R-IND-GEN,Past Due,4,4,61048.98,15262.25,280204.11,70051.03,0,0,4,0
2024-10,Industrial,KINGS,R-IND-GEN,Generated,1,1,10029.72,10029.72,48248.83,48248.83,0,1,0,0
2024-10,Industrial,KINGS,R-IND-GEN,Paid,2,2,11223.02,5611.51,59101.4,29550.7,2,0,0,0
2024-10,Industrial,LAKE,R-IND-GEN,Paid,1,1,9991.15,9991.15,48088.13,48088.13,1,0,0,0
2024-10,Industrial,MADERA,R-IND-GEN,Generated,1,1,9008.14,9008.14,43992.23,43992.23,0,1,0,0
2024-10,Industrial,MARIN,R-IND-GEN,Paid,1,1,28444.31,28444.31,124976.31,124976.31,1,0,0,0
2024-10,Industrial,MARIN,R-IND-GEN,Past Due,1,1,15536.89,15536.89,71195.36,71195.36,0,0,1,0
2024-10,Industrial,MERCED,R-IND-GEN,Paid,1,1,9460.68,9460.68,45877.84,45877.84,1,0,0,0
2024-10,Industrial,MONTEREY,R-IND-GEN,Generated,1,1,13236.4,13236.4,61610.01,61610.01,0,1,0,0
2024-10,Industrial,NEVADA,R-IND-GEN,Paid,1,1,9159.6,9159.6,44623.35,44623.35,1,0,0,0
2024-10,Industrial,PLACER,R-IND-GEN,Paid,4,4,44033.6,11008.4,209306.72,52326.68,4,0,0,0
2024-10,Industrial,PLACER,R-IND-GEN,Past Due,1,1,12535.77,12535.77,58690.71,58690.71,0,0,1,0
2024-10,Industrial,PLUMAS,R-IND-GEN,Paid,1,1,11442.53,11442.53,54135.55,54135.55,1,0,0,0
2024-10,Industrial,SAN FRANCISCO,R-IND-GEN,Exception,1,1,0.0,,67411.16,67411.16,0,0,0,1
2024-10,Industrial,SAN FRANCISCO,R-IND-GEN,Paid,1,1,9383.02,9383.02,45554.24,45554.24,1,0,0,0
2024-10,Industrial,SAN JOAQUIN,R-IND-GEN,Exception,1,1,0.0,,26880.65,26880.65,0,0,0,1
2024-10,Industrial,SAN JOAQUIN,R-IND-GEN,Generated,1,1,7570.26,7570.26,38001.1,38001.1,0,1,0,0
2024-10,Industrial,SAN JOAQUIN,R-IND-GEN,Paid,5,5,44050.07,8810.01,215833.65,43166.73,5,0,0,0
2024-10,Industrial,SAN LUIS OBISPO,R-IND-GEN,Paid,1,1,10190.45,10190.45,48918.56,48918.56,1,0,0,0
2024-10,Industrial,SAN LUIS OBISPO,R-IND-GEN,Past Due,2,2,26420.07,13210.03,123000.33,61500.16,0,0,2,0
2024-10,Industrial,SAN MATEO,R-IND-GEN,Generated,1,1,9256.07,9256.07,45025.3,45025.3,0,1,0,0
2024-10,Industrial,SAN MATEO,R-IND-GEN,Paid,5,5,62922.68,12584.54,294469.47,58893.89,5,0,0,0
2024-10,Industrial,SANTA BARBARA,R-IND-GEN,Paid,4,4,38013.58,9503.4,184223.22,46055.81,4,0,0,0
2024-10,Industrial,SANTA CLARA,R-IND-GEN,Exception,2,2,0.0,,78801.8,78801.8,0,0,0,2
2024-10,Industrial,SANTA CLARA,R-IND-GEN,Generated,3,3,38808.99,12936.33,181079.11,60359.7,0,3,0,0
2024-10,Industrial,SANTA CLARA,R-IND-GEN,Paid,13,13,169679.04,13052.23,790486.14,60806.63,13,0,0,0
2024-10,Industrial,SANTA CLARA,R-IND-GEN,Past Due,1,1,19765.56,19765.56,88814.83,88814.83,0,0,1,0
2024-10,Industrial,SHASTA,R-IND-GEN,Generated,1,1,7996.97,7996.97,39779.05,39779.05,0,1,0,0
2024-10,Industrial,SHASTA,R-IND-GEN,Paid,2,2,14000.99,7000.49,71254.14,35627.07,2,0,0,0
2024-10,Industrial,SOLANO,R-IND-GEN,Exception,1,1,0.0,,0.0,,0,0,0,1
2024-10,Industrial,SOLANO,R-IND-GEN,Paid,1,1,7383.45,7383.45,37222.72,37222.72,1,0,0,0
2024-10,Industrial,SONOMA,R-IND-GEN,Paid,1,1,9467.05,9467.05,45904.36,45904.36,1,0,0,0
2024-10,Industrial,SONOMA,R-IND-GEN,Past Due,1,1,5965.05,5965.05,31312.7,31312.7,0,0,1,0
2024-10,Industrial,YOLO,R-IND-GEN,Generated,2,2,22020.52,11010.26,103806.04,51903.02,0,2,0,0
2024-10,Industrial,YOLO,R-IND-GEN,Paid,2,2,28816.66,14408.33,132986.05,66493.02,2,0,0,0
2024-10,Mining,ALAMEDA,R-MIN-GEN,Paid,1,1,3654.22,3654.22,20318.96,20318.96,1,0,0,0
2024-10,Mining,CONTRA COSTA,R-MIN-GEN,Paid,2,2,15795.53,7897.76,81343.32,40671.66,2,0,0,0
2024-10,Mining,FRESNO,R-MIN-GEN,Exception,1,1,0.0,,61652.02,61652.02,0,0,0,1
2024-10,Mining,FRESNO,R-MIN-GEN,Paid,2,2,17584.48,8792.24,89474.9,44737.45,2,0,0,0
2024-10,Mining,KERN,R-MIN-GEN,Paid,3,3,24094.4,8031.47,123838.18,41279.39,3,0,0,0
2024-10,Mining,KERN,R-MIN-GEN,Past Due,1,1,7461.6,7461.6,38689.09,38689.09,0,0,1,0
2024-10,Mining,NEVADA,R-MIN-GEN,Paid,1,1,10952.11,10952.11,54555.06,54555.06,1,0,0,0
2024-10,Mining,SAN FRANCISCO,R-MIN-GEN,Paid,1,1,12453.27,12453.27,61378.52,61378.52,1,0,0,0
2024-10,Mining,SAN JOAQUIN,R-MIN-GEN,Generated,2,2,21428.75,10714.38,106948.86,53474.43,0,2,0,0
2024-10,Mining,SAN LUIS OBISPO,R-MIN-GEN,Paid,1,1,13995.81,13995.81,68390.05,68390.05,1,0,0,0
2024-10,Mining,SANTA CLARA,R-MIN-GEN,Exception,1,1,0.0,,70945.16,70945.16,0,0,0,1
2024-10,Mining,SANTA CLARA,R-MIN-GEN,Generated,2,2,19606.44,9803.22,98665.61,49332.81,0,2,0,0
2024-10,Mining,SANTA CLARA,R-MIN-GEN,Paid,3,3,22129.71,7376.57,114907.77,38302.59,3,0,0,0
2024-10,Mining,SANTA CLARA,R-MIN-GEN,Past Due,1,1,5651.79,5651.79,30462.69,30462.69,0,0,1,0
2024-10,Mining,SONOMA,R-MIN-GEN,Paid,2,2,12539.48,6269.74,66543.09,33271.54,2,0,0,0
2024-10,Mining,YOLO,R-MIN-GEN,Paid,1,1,6180.69,6180.69,32866.77,32866.77,1,0,0,0
2024-10,Residential,ALAMEDA,R-RES-TOU,Exception,36,36,0.0,,17666.49,654.31,0,0,0,36
2024-10,Residential,ALAMEDA,R-RES-TOU,Generated,70,70,13202.72,188.61,42401.07,605.73,0,70,0,0
2024-10,Residential,ALAMEDA,R-RES-TOU,Paid,280,280,58623.9,209.37,186771.95,667.04,280,0,0,0
2024-10,Residential,ALAMEDA,R-RES-TOU,Past Due,30,30,6316.76,210.56,20121.08,670.7,0,0,30,0
2024-10,Residential,AMADOR,R-RES-TOU,Exception,2,2,0.0,,461.29,461.29,0,0,0,2
2024-10,Residential,AMADOR,R-RES-TOU,Generated,4,4,865.48,216.37,2712.61,678.15,0,4,0,0
2024-10,Residential,AMADOR,R-RES-TOU,Paid,10,10,2163.5,216.35,6884.67,688.47,10,0,0,0
2024-10,Residential,BUTTE,R-RES-TOU,Exception,5,5,0.0,,1638.04,546.01,0,0,0,5
2024-10,Residential,BUTTE,R-RES-TOU,Generated,8,8,1964.69,245.59,6190.81,773.85,0,8,0,0
2024-10,Residential,BUTTE,R-RES-TOU,Paid,33,33,5668.91,171.79,18349.38,556.04,33,0,0,0
2024-10,Residential,BUTTE,R-RES-TOU,Past Due,1,1,149.22,149.22,506.16,506.16,0,0,1,0
2024-10,Residential,CALAVERAS,R-RES-TOU,Exception,4,4,0.0,,292.27,292.27,0,0,0,4
2024-10,Residential,CALAVERAS,R-RES-TOU,Generated,3,3,883.1,294.37,2728.06,909.35,0,3,0,0
2024-10,Residential,CALAVERAS,R-RES-TOU,Paid,8,8,1904.29,238.04,5955.96,744.5,8,0,0,0
2024-10,Residential,COLUSA,R-RES-TOU,Exception,1,1,0.0,,573.69,573.69,0,0,0,1
2024-10,Residential,COLUSA,R-RES-TOU,Paid,8,8,1543.79,192.97,4930.73,616.34,8,0,0,0
2024-10,Residential,COLUSA,R-RES-TOU,Past Due,1,1,132.43,132.43,446.04,446.04,0,0,1,0
2024-10,Residential,CONTRA COSTA,R-RES-TOU,Exception,35,35,0.0,,17044.01,631.26,0,0,0,35
2024-10,Residential,CONTRA COSTA,R-RES-TOU,Generated,44,44,9504.3,216.01,30112.1,684.37,0,44,0,0
2024-10,Residential,CONTRA COSTA,R-RES-TOU,Paid,193,193,39100.53,202.59,124821.98,646.75,193,0,0,0
2024-10,Residential,CONTRA COSTA,R-RES-TOU,Past Due,18,18,3784.11,210.23,12081.66,671.2,0,0,18,0
2024-10,Residential,EL DORADO,R-RES-TOU,Exception,4,4,0.0,,1860.53,620.18,0,0,0,4
2024-10,Residential,EL DORADO,R-RES-TOU,Generated,7,7,1125.61,160.8,3701.36,528.77,0,7,0,0
2024-10,Residential,EL DORADO,R-RES-TOU,Paid,29,29,5826.51,200.91,18637.26,642.66,29,0,0,0
2024-10,Residential,EL DORADO,R-RES-TOU,Past Due,1,1,603.94,603.94,1769.28,1769.28,0,0,1,0
2024-10,Residential,FRESNO,R-RES-TOU,Exception,20,20,0.0,,6056.97,550.63,0,0,0,20
2024-10,Residential,FRESNO,R-RES-TOU,Generated,52,52,11856.24,228.0,37471.09,720.6,0,52,0,0
2024-10,Residential,FRESNO,R-RES-TOU,Paid,185,185,39198.55,211.88,124579.7,673.4,185,0,0,0
2024-10,Residential,FRESNO,R-RES-TOU,Past Due,14,14,2947.83,210.56,9401.0,671.5,0,0,14,0
2024-10,Residential,GLENN,R-RES-TOU,Exception,2,2,0.0,,449.19,449.19,0,0,0,2
2024-10,Residential,GLENN,R-RES-TOU,Generated,1,1,112.42,112.42,371.93,371.93,0,1,0,0
2024-10,Residential,GLENN,R-RES-TOU,Paid,11,11,2131.73,193.79,6813.34,619.39,11,0,0,0
2024-10,Residential,HUMBOLDT,R-RES-TOU,Generated,5,5,1106.79,221.36,3457.35,691.47,0,5,0,0
2024-10,Residential,HUMBOLDT,R-RES-TOU,Paid,17,17,3369.61,198.21,10839.88,637.64,17,0,0,0
2024-10,Residential,HUMBOLDT,R-RES-TOU,Past Due,2,2,283.27,141.63,960.24,480.12,0,0,2,0
2024-10,Residential,KERN,R-RES-TOU,Exception,53,53,0.0,,21201.34,642.46,0,0,0,53
2024-10,Residential,KERN,R-RES-TOU,Generated,113,113,23114.41,204.55,73631.23,651.6,0,113,0,0
2024-10,Residential,KERN,R-RES-TOU,Paid,390,390,79600.1,204.1,254412.06,652.34,390,0,0,0
2024-10,Residential,KERN,R-RES-TOU,Past Due,43,43,8378.25,194.84,26745.4,621.99,0,0,43,0
2024-10,Residential,KINGS,R-RES-TOU,Exception,5,5,0.0,,3299.86,659.97,0,0,0,5
2024-10,Residential,KINGS,R-RES-TOU,Generated,8,8,2051.94,256.49,6373.61,796.7,0,8,0,0
2024-10,Residential,KINGS,R-RES-TOU,Paid,40,40,7831.56,195.79,25172.48,629.31,40,0,0,0
2024-10,Residential,KINGS,R-RES-TOU,Past Due,5,5,880.92,176.18,2904.05,580.81,0,0,5,0
2024-10,Residential,LAKE,R-RES-TOU,Exception,2,2,0.0,,984.65,492.33,0,0,0,2
2024-10,Residential,LAKE,R-RES-TOU,Generated,2,2,438.06,219.03,1400.17,700.09,0,2,0,0
2024-10,Residential,LAKE,R-RES-TOU,Paid,11,11,2082.44,189.31,6748.9,613.54,11,0,0,0
2024-10,Residential,MADERA,R-RES-TOU,Exception,6,6,0.0,,1944.53,486.13,0,0,0,6
2024-10,Residential,MADERA,R-RES-TOU,Generated,6,6,1584.51,264.08,4947.61,824.6,0,6,0,0
2024-10,Residential,MADERA,R-RES-TOU,Paid,33,33,6596.17,199.88,20980.26,635.77,33,0,0,0
2024-10,Residential,MADERA,R-RES-TOU,Past Due,4,4,634.83,158.71,2116.36,529.09,0,0,4,0
2024-10,Residential,MARIN,R-RES-TOU,Exception,2,2,0.0,,363.46,363.46,0,0,0,2
2024-10,Residential,MARIN,R-RES-TOU,Generated,14,14,3107.18,221.94,9873.8,705.27,0,14,0,0
2024-10,Residential,MARIN,R-RES-TOU,Paid,25,25,4880.97,195.24,15679.89,627.2,25,0,0,0
2024-10,Residential,MARIN,R-RES-TOU,Past Due,5,5,1078.22,215.64,3376.38,675.28,0,0,5,0
2024-10,Residential,MARIPOSA,R-RES-TOU,Paid,3,3,656.52,218.84,2098.65,699.55,3,0,0,0
2024-10,Residential,MENDOCINO,R-RES-TOU,Exception,3,3,0.0,,1544.15,514.72,0,0,0,3
2024-10,Residential,MENDOCINO,R-RES-TOU,Generated,2,2,568.76,284.38,1763.23,881.62,0,2,0,0
2024-10,Residential,MENDOCINO,R-RES-TOU,Paid,14,14,2871.49,205.11,9167.44,654.82,14,0,0,0
2024-10,Residential,MENDOCINO,R-RES-TOU,Past Due,1,1,209.95,209.95,674.85,674.85,0,0,1,0
2024-10,Residential,MERCED,R-RES-TOU,Exception,9,9,0.0,,4932.13,704.59,0,0,0,9
2024-10,Residential,MERCED,R-RES-TOU,Generated,27,27,5008.11,185.49,16126.43,597.28,0,27,0,0
2024-10,Residential,MERCED,R-RES-TOU,Paid,77,77,15868.57,206.09,50738.45,658.94,77,0,0,0
2024-10,Residential,MERCED,R-RES-TOU,Past Due,5,5,1004.88,200.98,3194.56,638.91,0,0,5,0
2024-10,Residential,MONTEREY,R-RES-TOU,Exception,10,10,0.0,,5069.57,633.7,0,0,0,10
2024-10,Residential,MONTEREY,R-RES-TOU,Generated,11,11,2058.9,187.17,6546.02,595.09,0,11,0,0
2024-10,Residential,MONTEREY,R-RES-TOU,Paid,54,54,10267.34,190.14,32971.6,610.59,54,0,0,0
2024-10,Residential,MONTEREY,R-RES-TOU,Past Due,6,6,1151.55,191.92,3648.54,608.09,0,0,6,0
2024-10,Residential,NAPA,R-RES-TOU,Exception,4,4,0.0,,1927.58,481.89,0,0,0,4
2024-10,Residential,NAPA,R-RES-TOU,Generated,7,7,1319.2,188.46,4202.36,600.34,0,7,0,0
2024-10,Residential,NAPA,R-RES-TOU,Paid,28,28,6070.03,216.79,19351.7,691.13,28,0,0,0
2024-10,Residential,NAPA,R-RES-TOU,Past Due,5,5,1232.33,246.47,3880.19,776.04,0,0,5,0
2024-10,Residential,NEVADA,R-RES-TOU,Exception,2,2,0.0,,715.6,357.8,0,0,0,2
2024-10,Residential,NEVADA,R-RES-TOU,Generated,4,4,792.7,198.18,2532.53,633.13,0,4,0,0
2024-10,Residential,NEVADA,R-RES-TOU,Paid,17,17,3669.79,215.87,11632.45,684.26,17,0,0,0
2024-10,Residential,PLACER,R-RES-TOU,Exception,19,19,0.0,,10414.17,694.28,0,0,0,19
2024-10,Residential,PLACER,R-RES-TOU,Generated,16,16,3089.53,193.1,9939.59,621.22,0,16,0,0
2024-10,Residential,PLACER,R-RES-TOU,Paid,69,69,14727.99,213.45,46815.06,678.48,69,0,0,0
2024-10,Residential,PLACER,R-RES-TOU,Past Due,8,8,1944.92,243.12,6105.24,763.15,0,0,8,0
2024-10,Residential,PLUMAS,R-RES-TOU,Generated,1,1,177.42,177.42,584.49,584.49,0,1,0,0
2024-10,Residential,PLUMAS,R-RES-TOU,Paid,5,5,715.4,143.08,2341.7,468.34,5,0,0,0
2024-10,Residential,SAN FRANCISCO,R-RES-TOU,Exception,15,15,0.0,,7210.73,801.19,0,0,0,15
2024-10,Residential,SAN FRANCISCO,R-RES-TOU,Generated,28,28,5574.86,199.1,17763.36,634.41,0,28,0,0
2024-10,Residential,SAN FRANCISCO,R-RES-TOU,Paid,123,123,25225.87,205.09,80511.57,654.57,123,0,0,0
2024-10,Residential,SAN FRANCISCO,R-RES-TOU,Past Due,11,11,2063.89,187.63,6607.74,600.7,0,0,11,0
2024-10,Residential,SAN JOAQUIN,R-RES-TOU,Exception,17,17,0.0,,7753.98,596.46,0,0,0,17
2024-10,Residential,SAN JOAQUIN,R-RES-TOU,Generated,34,34,7470.53,219.72,23645.87,695.47,0,34,0,0
2024-10,Residential,SAN JOAQUIN,R-RES-TOU,Paid,134,134,26187.82,195.43,83895.67,626.09,134,0,0,0
2024-10,Residential,SAN JOAQUIN,R-RES-TOU,Past Due,8,8,1703.01,212.88,5389.35,673.67,0,0,8,0
2024-10,Residential,SAN LUIS OBISPO,R-RES-TOU,Exception,4,4,0.0,,2299.05,766.35,0,0,0,4
2024-10,Residential,SAN LUIS OBISPO,R-RES-TOU,Generated,7,7,1171.23,167.32,3818.85,545.55,0,7,0,0
2024-10,Residential,SAN LUIS OBISPO,R-RES-TOU,Paid,40,40,8084.28,202.11,25952.95,648.82,40,0,0,0
2024-10,Residential,SAN LUIS OBISPO,R-RES-TOU,Past Due,5,5,936.33,187.27,3011.35,602.27,0,0,5,0
2024-10,Residential,SAN MATEO,R-RES-TOU,Exception,17,17,0.0,,7544.51,580.35,0,0,0,17
2024-10,Residential,SAN MATEO,R-RES-TOU,Generated,30,30,5824.42,194.15,18681.18,622.71,0,30,0,0
2024-10,Residential,SAN MATEO,R-RES-TOU,Paid,91,91,18415.59,202.37,58811.3,646.28,91,0,0,0
2024-10,Residential,SAN MATEO,R-RES-TOU,Past Due,8,8,1370.35,171.29,4483.19,560.4,0,0,8,0
2024-10,Residential,SANTA BARBARA,R-RES-TOU,Exception,7,7,0.0,,4120.19,824.04,0,0,0,7
2024-10,Residential,SANTA BARBARA,R-RES-TOU,Generated,13,13,3088.72,237.59,9691.88,745.53,0,13,0,0
2024-10,Residential,SANTA BARBARA,R-RES-TOU,Paid,58,58,11563.69,199.37,37025.65,638.37,58,0,0,0
2024-10,Residential,SANTA BARBARA,R-RES-TOU,Past Due,9,9,1710.19,190.02,5526.08,614.01,0,0,9,0
2024-10,Residential,SANTA CLARA,R-RES-TOU,Exception,55,55,0.0,,21630.96,600.86,0,0,0,55
2024-10,Residential,SANTA CLARA,R-RES-TOU,Generated,105,105,21287.11,202.73,67863.28,646.32,0,105,0,0
2024-10,Residential,SANTA CLARA,R-RES-TOU,Paid,407,407,83424.27,204.97,266083.49,653.77,407,0,0,0
2024-10,Residential,SANTA CLARA,R-RES-TOU,Past Due,53,53,10880.31,205.29,34849.12,657.53,0,0,53,0
2024-10,Residential,SANTA CRUZ,R-RES-TOU,Exception,2,2,0.0,,1052.83,526.41,0,0,0,2
2024-10,Residential,SANTA CRUZ,R-RES-TOU,Generated,5,5,949.34,189.87,3063.52,612.7,0,5,0,0
2024-10,Residential,SANTA CRUZ,R-RES-TOU,Paid,27,27,6212.12,230.08,19633.55,727.17,27,0,0,0
2024-10,Residential,SANTA CRUZ,R-RES-TOU,Past Due,1,1,258.1,258.1,808.62,808.62,0,0,1,0
2024-10,Residential,SHASTA,R-RES-TOU,Exception,1,1,0.0,,700.02,700.02,0,0,0,1
2024-10,Residential,SHASTA,R-RES-TOU,Generated,8,8,1718.38,214.8,5496.64,687.08,0,8,0,0
2024-10,Residential,SHASTA,R-RES-TOU,Paid,26,26,4914.44,189.02,15785.02,607.12,26,0,0,0
2024-10,Residential,SHASTA,R-RES-TOU,Past Due,1,1,315.29,315.29,967.48,967.48,0,0,1,0
2024-10,Residential,SOLANO,R-RES-TOU,Exception,4,4,0.0,,1297.94,432.65,0,0,0,4
2024-10,Residential,SOLANO,R-RES-TOU,Generated,19,19,4283.6,225.45,13499.28,710.49,0,19,0,0
2024-10,Residential,SOLANO,R-RES-TOU,Paid,73,73,14889.45,203.97,47391.73,649.2,73,0,0,0
2024-10,Residential,SOLANO,R-RES-TOU,Past Due,6,6,1129.06,188.18,3576.2,596.03,0,0,6,0
2024-10,Residential,SONOMA,R-RES-TOU,Exception,10,10,0.0,,2839.65,567.93,0,0,0,10
2024-10,Residential,SONOMA,R-RES-TOU,Generated,8,8,1371.82,171.48,4493.45,561.68,0,8,0,0
2024-10,Residential,SONOMA,R-RES-TOU,Paid,57,57,10502.78,184.26,33805.22,593.07,57,0,0,0
2024-10,Residential,SONOMA,R-RES-TOU,Past Due,9,9,1468.31,163.15,4836.82,537.42,0,0,9,0
2024-10,Residential,SUTTER,R-RES-TOU,Exception,3,3,0.0,,2158.42,719.47,0,0,0,3
2024-10,Residential,SUTTER,R-RES-TOU,Generated,3,3,573.49,191.16,1865.86,621.95,0,3,0,0
2024-10,Residential,SUTTER,R-RES-TOU,Paid,20,20,4777.98,238.9,15012.13,750.61,20,0,0,0
2024-10,Residential,TUOLUMNE,R-RES-TOU,Exception,1,1,0.0,,621.79,621.79,0,0,0,1
2024-10,Residential,TUOLUMNE,R-RES-TOU,Generated,3,3,608.01,202.67,1963.93,654.64,0,3,0,0
2024-10,Residential,TUOLUMNE,R-RES-TOU,Paid,16,16,3289.15,205.57,10396.69,649.79,16,0,0,0
2024-10,Residential,YOLO,R-RES-TOU,Exception,4,4,0.0,,2353.98,588.5,0,0,0,4
2024-10,Residential,YOLO,R-RES-TOU,Generated,12,12,3087.14,257.26,9619.58,801.63,0,12,0,0
2024-10,Residential,YOLO,R-RES-TOU,Paid,33,33,6721.4,203.68,21478.88,650.88,33,0,0,0
2024-10,Residential,YOLO,R-RES-TOU,Past Due,3,3,445.46,148.49,1484.66,494.89,0,0,3,0
2024-10,Residential,YUBA,R-RES-TOU,Exception,2,2,0.0,,1367.63,1367.63,0,0,0,2
2024-10,Residential,YUBA,R-RES-TOU,Generated,4,4,901.57,225.39,2871.01,717.75,0,4,0,0
2024-10,Residential,YUBA,R-RES-TOU,Paid,13,13,3095.36,238.1,9735.51,748.89,13,0,0,0
2024-10,Residential,YUBA,R-RES-TOU,Past Due,1,1,185.0,185.0,605.55,605.55,0,0,1,0
2024-10,Streetlighting,ALAMEDA,R-STLIGHT,Generated,5,5,3340.67,668.13,15586.11,3117.22,0,5,0,0
2024-10,Streetlighting,ALAMEDA,R-STLIGHT,Paid,1,1,442.51,442.51,2177.11,2177.11,1,0,0,0
2024-10,Streetlighting,CONTRA COSTA,R-STLIGHT,Paid,1,1,511.47,511.47,2464.46,2464.46,1,0,0,0
2024-10,Streetlighting,FRESNO,R-STLIGHT,Exception,1,1,0.0,,6961.07,6961.07,0,0,0,1
2024-10,Streetlighting,FRESNO,R-STLIGHT,Past Due,1,1,445.24,445.24,2188.51,2188.51,0,0,1,0
2024-10,Streetlighting,KERN,R-STLIGHT,Generated,1,1,715.41,715.41,3314.22,3314.22,0,1,0,0
2024-10,Streetlighting,KERN,R-STLIGHT,Paid,1,1,810.36,810.36,3709.84,3709.84,1,0,0,0
2024-10,Streetlighting,NEVADA,R-STLIGHT,Generated,1,1,1051.08,1051.08,4712.82,4712.82,0,1,0,0
2024-10,Streetlighting,PLACER,R-STLIGHT,Generated,1,1,741.02,741.02,3420.9,3420.9,0,1,0,0
2024-10,Streetlighting,SAN FRANCISCO,R-STLIGHT,Paid,1,1,683.3,683.3,3180.42,3180.42,1,0,0,0
2024-10,Streetlighting,SAN JOAQUIN,R-STLIGHT,Exception,1,1,0.0,,5861.73,5861.73,0,0,0,1
2024-10,Streetlighting,SAN JOAQUIN,R-STLIGHT,Generated,1,1,742.39,742.39,3426.63,3426.63,0,1,0,0
2024-10,Streetlighting,SAN JOAQUIN,R-STLIGHT,Paid,1,1,776.5,776.5,3568.73,3568.73,1,0,0,0
2024-10,Streetlighting,SANTA CLARA,R-STLIGHT,Generated,2,2,2189.35,1094.68,9788.96,4894.48,0,2,0,0
2024-10,Streetlighting,SANTA CLARA,R-STLIGHT,Paid,3,3,2405.08,801.69,11021.18,3673.73,3,0,0,0
2024-10,Streetlighting,SOLANO,R-STLIGHT,Generated,1,1,1024.04,1024.04,4600.18,4600.18,0,1,0,0
2024-10,Streetlighting,SOLANO,R-STLIGHT,Paid,1,1,1489.09,1489.09,6537.87,6537.87,1,0,0,0
2024-10,"Transportation, Communications, & Utilities",ALAMEDA,R-TCU-GEN,Exception,1,1,0.0,,0.0,,0,0,0,1
2024-10,"Transportation, Communications, & Utilities",ALAMEDA,R-TCU-GEN,Paid,4,4,16956.61,4239.15,67532.42,16883.1,4,0,0,0
2024-10,"Transportation, Communications, & Utilities",ALAMEDA,R-TCU-GEN,Past Due,1,1,6461.65,6461.65,24833.29,24833.29,0,0,1,0
2024-10,"Transportation, Communications, & Utilities",BUTTE,R-TCU-GEN,Generated,1,1,8665.03,8665.03,32431.14,32431.14,0,1,0,0
2024-10,"Transportation, Communications, & Utilities",BUTTE,R-TCU-GEN,Paid,1,1,5829.14,5829.14,22652.21,22652.21,1,0,0,0
2024-10,"Transportation, Communications, & Utilities",CONTRA COSTA,R-TCU-GEN,Generated,1,1,4521.96,4521.96,18144.69,18144.69,0,1,0,0
2024-10,"Transportation, Communications, & Utilities",CONTRA COSTA,R-TCU-GEN,Paid,4,4,24758.25,6189.56,95580.18,23895.04,4,0,0,0
2024-10,"Transportation, Communications, & Utilities",CONTRA COSTA,R-TCU-GEN,Past Due,1,1,5723.36,5723.36,22287.44,22287.44,0,0,1,0
2024-10,"Transportation, Communications, & Utilities",FRESNO,R-TCU-GEN,Generated,2,2,13323.74,6661.87,51047.4,25523.7,0,2,0,0
2024-10,"Transportation, Communications, & Utilities",FRESNO,R-TCU-GEN,Paid,4,4,22878.27,5719.57,89097.47,22274.37,4,0,0,0
2024-10,"Transportation, Communications, & Utilities",KERN,R-TCU-GEN,Generated,4,4,24841.33,6210.33,95866.64,23966.66,0,4,0,0
2024-10,"Transportation, Communications, & Utilities",KERN,R-TCU-GEN,Paid,1,1,6127.57,6127.57,23681.26,23681.26,1,0,0,0
2024-10,"Transportation, Communications, & Utilities",KERN,R-TCU-GEN,Past Due,1,1,3798.78,3798.78,15650.95,15650.95,0,0,1,0
2024-10,"Transportation, Communications, & Utilities",MADERA,R-TCU-GEN,Paid,1,1,3270.79,3270.79,13830.31,13830.31,1,0,0,0
2024-10,"Transportation, Communications, & Utilities",MENDOCINO,R-TCU-GEN,Paid,1,1,3915.23,3915.23,16052.52,16052.52,1,0,0,0
2024-10,"Transportation, Communications, & Utilities",MERCED,R-TCU-GEN,Paid,1,1,4393.79,4393.79,17702.74,17702.74,1,0,0,0
2024-10,"Transportation, Communications, & Utilities",MONTEREY,R-TCU-GEN,Exception,1,1,0.0,,0.0,,0,0,0,1
2024-10,"Transportation, Communications, & Utilities",MONTEREY,R-TCU-GEN,Generated,1,1,7636.44,7636.44,28884.27,28884.27,0,1,0,0
2024-10,"Transportation, Communications, & Utilities",PLACER,R-TCU-GEN,Exception,1,1,0.0,,0.0,,0,0,0,1
2024-10,"Transportation, Communications, & Utilities",PLACER,R-TCU-GEN,Paid,1,1,3045.4,3045.4,13053.12,13053.12,1,0,0,0
2024-10,"Transportation, Communications, & Utilities",PLACER,R-TCU-GEN,Past Due,1,1,4292.44,4292.44,17353.25,17353.25,0,0,1,0
2024-10,"Transportation, Communications, & Utilities",SAN FRANCISCO,R-TCU-GEN,Paid,2,2,11128.57,5564.28,43477.84,21738.92,2,0,0,0
2024-10,"Transportation, Communications, & Utilities",SAN FRANCISCO,R-TCU-GEN,Past Due,1,1,4999.03,4999.03,19789.77,19789.77,0,0,1,0
2024-10,"Transportation, Communications, & Utilities",SAN JOAQUIN,R-TCU-GEN,Paid,3,3,22897.71,7632.57,86612.8,28870.93,3,0,0,0
2024-10,"Transportation, Communications, & Utilities",SAN LUIS OBISPO,R-TCU-GEN,Paid,1,1,3714.47,3714.47,15360.25,15360.25,1,0,0,0
2024-10,"Transportation, Communications, & Utilities",SAN MATEO,R-TCU-GEN,Exception,1,1,0.0,,24251.23,24251.23,0,0,0,1
2024-10,"Transportation, Communications, & Utilities",SAN MATEO,R-TCU-GEN,Generated,3,3,14854.77,4951.59,58878.53,19626.18,0,3,0,0
2024-10,"Transportation, Communications, & Utilities",SAN MATEO,R-TCU-GEN,Paid,2,2,11649.85,5824.93,45275.34,22637.67,2,0,0,0
2024-10,"Transportation, Communications, & Utilities",SANTA BARBARA,R-TCU-GEN,Generated,1,1,3714.19,3714.19,15359.27,15359.27,0,1,0,0
2024-10,"Transportation, Communications, & Utilities",SANTA BARBARA,R-TCU-GEN,Paid,1,1,3391.71,3391.71,14247.29,14247.29,1,0,0,0
2024-10,"Transportation, Communications, & Utilities",SANTA CLARA,R-TCU-GEN,Exception,2,2,0.0,,40358.33,20179.17,0,0,0,2
2024-10,"Transportation, Communications, & Utilities",SANTA CLARA,R-TCU-GEN,Generated,5,5,35099.56,7019.91,133791.62,26758.32,0,5,0,0
2024-10,"Transportation, Communications, & Utilities",SANTA CLARA,R-TCU-GEN,Paid,11,11,47896.38,4354.22,192490.53,17499.14,11,0,0,0
2024-10,"Transportation, Communications, & Utilities",SANTA CRUZ,R-TCU-GEN,Past Due,1,1,6776.07,6776.07,25917.48,25917.48,0,0,1,0
2024-10,"Transportation, Communications, & Utilities",SHASTA,R-TCU-GEN,Paid,2,2,11499.29,5749.65,44756.18,22378.09,2,0,0,0
2024-11,Agriculture And Water Pumping,ALAMEDA,R-AGR-PUMP,Exception,2,2,0.0,,30867.59,15433.79,0,0,0,2
2024-11,Agriculture And Water Pumping,ALAMEDA,R-AGR-PUMP,Generated,2,2,2616.04,1308.02,12330.18,6165.09,0,2,0,0
2024-11,Agriculture And Water Pumping,ALAMEDA,R-AGR-PUMP,Paid,9,9,28515.02,3168.34,121777.82,13530.87,9,0,0,0
2024-11,Agriculture And Water Pumping,ALAMEDA,R-AGR-PUMP,Past Due,1,1,1681.77,1681.77,8025.06,8025.06,0,0,1,0
2024-11,Agriculture And Water Pumping,AMADOR,R-AGR-PUMP,Paid,1,1,1666.12,1666.12,7955.62,7955.62,1,0,0,0
2024-11,Agriculture And Water Pumping,BUTTE,R-AGR-PUMP,Generated,1,1,1896.47,1896.47,8820.27,8820.27,0,1,0,0
2024-11,Agriculture And Water Pumping,CONTRA COSTA,R-AGR-PUMP,Exception,1,1,0.0,,11540.05,11540.05,0,0,0,1
2024-11,Agriculture And Water Pumping,CONTRA COSTA,R-AGR-PUMP,Generated,4,4,8059.67,2014.92,37015.35,9253.84,0,4,0,0
2024-11,Agriculture And Water Pumping,CONTRA COSTA,R-AGR-PUMP,Paid,9,9,23388.62,2598.74,101919.5,11324.39,9,0,0,0
2024-11,Agriculture And Water Pumping,EL DORADO,R-AGR-PUMP,Paid,1,1,2135.94,2135.94,9707.17,9707.17,1,0,0,0
2024-11,Agriculture And Water Pumping,EL DORADO,R-AGR-PUMP,Past Due,1,1,1754.48,1754.48,8294.36,8294.36,0,0,1,0
2024-11,Agriculture And Water Pumping,FRESNO,R-AGR-PUMP,Exception,2,2,0.0,,0.0,,0,0,0,2
2024-11,Agriculture And Water Pumping,FRESNO,R-AGR-PUMP,Generated,3,3,7081.9,2360.63,31618.15,10539.38,0,3,0,0
2024-11,Agriculture And Water Pumping,FRESNO,R-AGR-PUMP,Paid,5,5,9594.66,1918.93,43729.89,8745.98,5,0,0,0
2024-11,Agriculture And Water Pumping,KERN,R-AGR-PUMP,Exception,2,2,0.0,,19949.61,9974.81,0,0,0,2
2024-11,Agriculture And Water Pumping,KERN,R-AGR-PUMP,Generated,2,2,5298.16,2649.08,23215.4,11607.7,0,2,0,0
2024-11,Agriculture And Water Pumping,KERN,R-AGR-PUMP,Paid,10,10,28849.86,2884.99,124327.56,12432.76,10,0,0,0
2024-11,Agriculture And Water Pumping,KINGS,R-AGR-PUMP,Exception,1,1,0.0,,17203.11,17203.11,0,0,0,1
2024-11,Agriculture And Water Pumping,KINGS,R-AGR-PUMP,Paid,1,1,1154.36,1154.36,5396.79,5396.79,1,0,0,0
2024-11,Agriculture And Water Pumping,MERCED,R-AGR-PUMP,Paid,4,4,6724.83,1681.21,31242.02,7810.51,4,0,0,0
2024-11,Agriculture And Water Pumping,MERCED,R-AGR-PUMP,Past Due,1,1,1168.18,1168.18,5465.89,5465.89,0,0,1,0
2024-11,Agriculture And Water Pumping,MONTEREY,R-AGR-PUMP,Generated,2,2,3248.64,1624.32,15256.69,7628.34,0,2,0,0
2024-11,Agriculture And Water Pumping,MONTEREY,R-AGR-PUMP,Paid,2,2,6423.47,3211.73,27383.22,13691.61,2,0,0,0
2024-11,Agriculture And Water Pumping,NEVADA,R-AGR-PUMP,Paid,1,1,3674.77,3674.77,15406.56,15406.56,1,0,0,0
2024-11,Agriculture And Water Pumping,PLACER,R-AGR-PUMP,Exception,1,1,0.0,,0.0,,0,0,0,1
2024-11,Agriculture And Water Pumping,PLACER,R-AGR-PUMP,Paid,4,4,10500.8,2625.2,46077.02,11519.26,4,0,0,0
2024-11,Agriculture And Water Pumping,SAN FRANCISCO,R-AGR-PUMP,Generated,4,4,12010.45,3002.61,51668.33,12917.08,0,4,0,0
2024-11,Agriculture And Water Pumping,SAN FRANCISCO,R-AGR-PUMP,Paid,6,6,24323.51,4053.92,100617.04,16769.51,6,0,0,0
2024-11,Agriculture And Water Pumping,SAN FRANCISCO,R-AGR-PUMP,Past Due,1,1,2090.8,2090.8,9540.01,9540.01,0,0,1,0
2024-11,Agriculture And Water Pumping,SAN JOAQUIN,R-AGR-PUMP,Paid,7,7,15571.44,2224.49,69608.64,9944.09,7,0,0,0
2024-11,Agriculture And Water Pumping,SAN JOAQUIN,R-AGR-PUMP,Past Due,3,3,11147.39,3715.8,46649.86,15549.95,0,0,3,0
2024-11,Agriculture And Water Pumping,SAN LUIS OBISPO,R-AGR-PUMP,Paid,1,1,2293.5,2293.5,10290.73,10290.73,1,0,0,0
2024-11,Agriculture And Water Pumping,SAN MATEO,R-AGR-PUMP,Generated,1,1,2180.19,2180.19,9871.06,9871.06,0,1,0,0
2024-11,Agriculture And Water Pumping,SAN MATEO,R-AGR-PUMP,Paid,5,5,11580.31,2316.06,51842.17,10368.43,5,0,0,0
2024-11,Agriculture And Water Pumping,SANTA BARBARA,R-AGR-PUMP,Paid,2,2,5512.98,2756.49,23285.77,11642.89,2,0,0,0
2024-11,Agriculture And Water Pumping,SANTA CLARA,R-AGR-PUMP,Generated,5,5,11690.79,2338.16,51657.48,10331.5,0,5,0,0
2024-11,Agriculture And Water Pumping,SANTA CLARA,R-AGR-PUMP,Paid,14,14,36803.69,2628.84,159704.37,11407.45,14,0,0,0
2024-11,Agriculture And Water Pumping,SANTA CLARA,R-AGR-PUMP,Past Due,2,2,3196.84,1598.42,15234.16,7617.08,0,0,2,0
2024-11,Agriculture And Water Pumping,SANTA CRUZ,R-AGR-PUMP,Paid,2,2,4745.44,2372.72,21168.3,10584.15,2,0,0,0
2024-11,Agriculture And Water Pumping,SHASTA,R-AGR-PUMP,Paid,1,1,2238.5,2238.5,10087.03,10087.03,1,0,0,0
2024-11,Agriculture And Water Pumping,SOLANO,R-AGR-PUMP,Paid,3,3,6526.64,2175.55,29263.13,9754.38,3,0,0,0
2024-11,Agriculture And Water Pumping,SOLANO,R-AGR-PUMP,Past Due,1,1,2096.31,2096.31,9560.41,9560.41,0,0,1,0
2024-11,Agriculture And Water Pumping,SUTTER,R-AGR-PUMP,Generated,1,1,1840.53,1840.53,8613.08,8613.08,0,1,0,0
2024-11,Agriculture And Water Pumping,TUOLUMNE,R-AGR-PUMP,Paid,2,2,4867.27,2433.64,21619.52,10809.76,2,0,0,0
2024-11,Agriculture And Water Pumping,YOLO,R-AGR-PUMP,Paid,3,3,8152.56,2717.52,35583.56,11861.19,3,0,0,0
2024-11,Commercial,ALAMEDA,R-COM-GEN,Exception,7,7,0.0,,22229.62,4445.92,0,0,0,7
2024-11,Commercial,ALAMEDA,R-COM-GEN,Generated,9,9,11821.32,1313.48,43055.21,4783.91,0,9,0,0
2024-11,Commercial,ALAMEDA,R-COM-GEN,Paid,47,47,56637.92,1205.06,207978.71,4425.08,47,0,0,0
2024-11,Commercial,ALAMEDA,R-COM-GEN,Past Due,5,5,4697.75,939.55,17881.43,3576.29,0,0,5,0
2024-11,Commercial,AMADOR,R-COM-GEN,Generated,1,1,1320.42,1320.42,4823.92,4823.92,0,1,0,0
2024-11,Commercial,AMADOR,R-COM-GEN,Paid,2,2,1443.37,721.68,5622.61,2811.31,2,0,0,0
2024-11,Commercial,BUTTE,R-COM-GEN,Generated,5,5,5094.0,1018.8,19120.59,3824.12,0,5,0,0
2024-11,Commercial,BUTTE,R-COM-GEN,Paid,7,7,9326.9,1332.41,33890.87,4841.55,7,0,0,0
2024-11,Commercial,CALAVERAS,R-COM-GEN,Paid,2,2,1483.15,741.58,5718.66,2859.33,2,0,0,0
2024-11,Commercial,CALAVERAS,R-COM-GEN,Past Due,1,1,1270.08,1270.08,4661.54,4661.54,0,0,1,0
2024-11,Commercial,COLUSA,R-COM-GEN,Paid,1,1,1356.15,1356.15,4939.18,4939.18,1,0,0,0
2024-11,Commercial,CONTRA COSTA,R-COM-GEN,Exception,2,2,0.0,,9006.45,4503.23,0,0,0,2
2024-11,Commercial,CONTRA COSTA,R-COM-GEN,Generated,10,10,11955.37,1195.54,44142.15,4414.22,0,10,0,0
2024-11,Commercial,CONTRA COSTA,R-COM-GEN,Paid,34,34,36434.47,1071.6,135517.32,3985.8,34,0,0,0
2024-11,Commercial,CONTRA COSTA,R-COM-GEN,Past Due,2,2,2088.38,1044.19,7858.79,3929.39,0,0,2,0
2024-11,Commercial,EL DORADO,R-COM-GEN,Paid,7,7,8784.55,1254.94,32288.9,4612.7,7,0,0,0
2024-11,Commercial,FRESNO,R-COM-GEN,Exception,3,3,0.0,,0.0,,0,0,0,3
2024-11,Commercial,FRESNO,R-COM-GEN,Generated,9,9,9729.37,1081.04,36232.54,4025.84,0,9,0,0
2024-11,Commercial,FRESNO,R-COM-GEN,Paid,28,28,27939.96,997.86,104823.05,3743.68,28,0,0,0
2024-11,Commercial,FRESNO,R-COM-GEN,Past Due,5,5,5061.62,1012.32,19024.07,3804.81,0,0,5,0
2024-11,Commercial,GLENN,R-COM-GEN,Exception,1,1,0.0,,5217.05,5217.05,0,0,0,1
2024-11,Commercial,GLENN,R-COM-GEN,Generated,1,1,821.04,821.04,3213.02,3213.02,0,1,0,0
2024-11,Commercial,GLENN,R-COM-GEN,Paid,2,2,2159.24,1079.62,8094.3,4047.15,2,0,0,0
2024-11,Commercial,HUMBOLDT,R-COM-GEN,Exception,2,2,0.0,,5417.21,5417.21,0,0,0,2
2024-11,Commercial,HUMBOLDT,R-COM-GEN,Generated,2,2,1777.61,888.81,6863.25,3431.63,0,2,0,0
2024-11,Commercial,HUMBOLDT,R-COM-GEN,Paid,1,1,792.73,792.73,3121.71,3121.71,1,0,0,0
2024-11,Commercial,KERN,R-COM-GEN,Exception,4,4,0.0,,9172.26,4586.13,0,0,0,4
2024-11,Commercial,KERN,R-COM-GEN,Generated,15,15,16575.54,1105.04,61504.87,4100.32,0,15,0,0
2024-11,Commercial,KERN,R-COM-GEN,Paid,56,56,57350.6,1024.12,214491.69,3830.21,56,0,0,0
2024-11,Commercial,KERN,R-COM-GEN,Past Due,8,8,10622.28,1327.79,38612.13,4826.52,0,0,8,0
2024-11,Commercial,KINGS,R-COM-GEN,Exception,1,1,0.0,,0.0,,0,0,0,1
2024-11,Commercial,KINGS,R-COM-GEN,Generated,2,2,2455.09,1227.55,9048.66,4524.33,0,2,0,0
2024-11,Commercial,KINGS,R-COM-GEN,Paid,3,3,3090.63,1030.21,11663.32,3887.77,3,0,0,0
2024-11,Commercial,KINGS,R-COM-GEN,Past Due,1,1,1499.56,1499.56,5401.81,5401.81,0,0,1,0
2024-11,Commercial,LAKE,R-COM-GEN,Paid,1,1,482.75,482.75,1865.63,1865.63,1,0,0,0
2024-11,Commercial,MADERA,R-COM-GEN,Exception,2,2,0.0,,5413.47,2706.73,0,0,0,2
2024-11,Commercial,MADERA,R-COM-GEN,Generated,2,2,1895.9,947.95,7201.9,3600.95,0,2,0,0
2024-11,Commercial,MADERA,R-COM-GEN,Paid,5,5,3691.19,738.24,14473.22,2894.64,5,0,0,0
2024-11,Commercial,MARIN,R-COM-GEN,Paid,5,5,5748.43,1149.69,21140.41,4228.08,5,0,0,0
2024-11,Commercial,MARIPOSA,R-COM-GEN,Paid,1,1,676.16,676.16,2671.51,2671.51,1,0,0,0
2024-11,Commercial,MENDOCINO,R-COM-GEN,Generated,1,1,1141.4,1141.4,4246.45,4246.45,0,1,0,0
2024-11,Commercial,MENDOCINO,R-COM-GEN,Paid,3,3,2582.35,860.78,9970.66,3323.55,3,0,0,0
2024-11,Commercial,MERCED,R-COM-GEN,Exception,2,2,0.0,,2345.37,2345.37,0,0,0,2
2024-11,Commercial,MERCED,R-COM-GEN,Generated,6,6,5535.63,922.61,21108.02,3518.0,0,6,0,0
2024-11,Commercial,MERCED,R-COM-GEN,Paid,8,8,8875.21,1109.4,32957.75,4119.72,8,0,0,0
2024-11,Commercial,MERCED,R-COM-GEN,Past Due,2,2,1327.05,663.52,5187.86,2593.93,0,0,2,0
2024-11,Commercial,MONTEREY,R-COM-GEN,Generated,6,6,7875.55,1312.59,28748.16,4791.36,0,6,0,0
2024-11,Commercial,MONTEREY,R-COM-GEN,Paid,9,9,7353.41,817.05,27833.69,3092.63,9,0,0,0
2024-11,Commercial,MONTEREY,R-COM-GEN,Past Due,1,1,918.6,918.6,3527.73,3527.73,0,0,1,0
2024-11,Commercial,NAPA,R-COM-GEN,Exception,1,1,0.0,,0.0,,0,0,0,1
2024-11,Commercial,NAPA,R-COM-GEN,Generated,2,2,2572.78,1286.39,9428.33,4714.16,0,2,0,0
2024-11,Commercial,NAPA,R-COM-GEN,Paid,2,2,1918.55,959.27,7317.92,3658.96,2,0,0,0
2024-11,Commercial,NEVADA,R-COM-GEN,Exception,1,1,0.0,,5632.11,5632.11,0,0,0,1
2024-11,Commercial,NEVADA,R-COM-GEN,Generated,3,3,3467.66,1155.89,12879.55,4293.18,0,3,0,0
2024-11,Commercial,NEVADA,R-COM-GEN,Paid,3,3,2906.13,968.71,10855.19,3618.4,3,0,0,0
2024-11,Commercial,PLACER,R-COM-GEN,Exception,3,3,0.0,,3163.42,3163.42,0,0,0,3
2024-11,Commercial,PLACER,R-COM-GEN,Generated,6,6,6209.81,1034.97,23321.3,3886.88,0,6,0,0
2024-11,Commercial,PLACER,R-COM-GEN,Paid,10,10,9194.12,919.41,34535.72,3453.57,10,0,0,0
2024-11,Commercial,PLACER,R-COM-GEN,Past Due,2,2,3498.15,1749.08,12413.38,6206.69,0,0,2,0
2024-11,Commercial,PLUMAS,R-COM-GEN,Exception,1,1,0.0,,0.0,,0,0,0,1
2024-11,Commercial,PLUMAS,R-COM-GEN,Generated,1,1,1001.71,1001.71,3795.83,3795.83,0,1,0,0
2024-11,Commercial,PLUMAS,R-COM-GEN,Paid,2,2,3222.03,1611.01,11522.68,5761.34,2,0,0,0
2024-11,Commercial,SAN FRANCISCO,R-COM-GEN,Generated,5,5,6085.31,1217.06,22452.59,4490.52,0,5,0,0
2024-11,Commercial,SAN FRANCISCO,R-COM-GEN,Paid,23,23,25603.96,1113.22,94653.6,4115.37,23,0,0,0
2024-11,Commercial,SAN FRANCISCO,R-COM-GEN,Past Due,6,6,6406.38,1067.73,23796.29,3966.05,0,0,6,0
2024-11,Commercial,SAN JOAQUIN,R-COM-GEN,Exception,2,2,0.0,,0.0,,0,0,0,2
2024-11,Commercial,SAN JOAQUIN,R-COM-GEN,Generated,5,5,6230.35,1246.07,22920.48,4584.1,0,5,0,0
2024-11,Commercial,SAN JOAQUIN,R-COM-GEN,Paid,27,27,28841.48,1068.2,107321.7,3974.88,27,0,0,0
2024-11,Commercial,SAN JOAQUIN,R-COM-GEN,Past Due,1,1,1432.97,1432.97,5187.0,5187.0,0,0,1,0
2024-11,Commercial,SAN LUIS OBISPO,R-COM-GEN,Generated,4,4,4933.9,1233.47,17950.18,4487.55,0,4,0,0
2024-11,Commercial,SAN LUIS OBISPO,R-COM-GEN,Paid,6,6,5465.7,910.95,20797.86,3466.31,6,0,0,0
2024-11,Commercial,SAN LUIS OBISPO,R-COM-GEN,Past Due,2,2,1735.0,867.5,6659.36,3329.68,0,0,2,0
2024-11,Commercial,SAN MATEO,R-COM-GEN,Generated,7,7,7520.06,1074.29,27861.93,3980.28,0,7,0,0
2024-11,Commercial,SAN MATEO,R-COM-GEN,Paid,15,15,15066.61,1004.44,56554.51,3770.3,15,0,0,0
2024-11,Commercial,SAN MATEO,R-COM-GEN,Past Due,2,2,2525.23,1262.62,9274.94,4637.47,0,0,2,0
2024-11,Commercial,SANTA BARBARA,R-COM-GEN,Exception,1,1,0.0,,3072.35,3072.35,0,0,0,1
2024-11,Commercial,SANTA BARBARA,R-COM-GEN,Generated,1,1,630.71,630.71,2482.12,2482.12,0,1,0,0
2024-11,Commercial,SANTA BARBARA,R-COM-GEN,Paid,11,11,11175.47,1015.95,41912.5,3810.23,11,0,0,0
2024-11,Commercial,SANTA CLARA,R-COM-GEN,Exception,11,11,0.0,,21612.9,3602.15,0,0,0,11
2024-11,Commercial,SANTA CLARA,R-COM-GEN,Generated,18,18,19199.83,1066.66,71281.75,3960.1,0,18,0,0
2024-11,Commercial,SANTA CLARA,R-COM-GEN,Paid,56,56,56273.08,1004.88,211461.87,3776.1,56,0,0,0
2024-11,Commercial,SANTA CLARA,R-COM-GEN,Past Due,8,8,8281.9,1035.24,31163.83,3895.48,0,0,8,0
2024-11,Commercial,SANTA CRUZ,R-COM-GEN,Generated,1,1,1448.16,1448.16,5235.99,5235.99,0,1,0,0
2024-11,Commercial,SANTA CRUZ,R-COM-GEN,Paid,3,3,2961.64,987.21,11009.37,3669.79,3,0,0,0
2024-11,Commercial,SHASTA,R-COM-GEN,Generated,1,1,810.63,810.63,3179.44,3179.44,0,1,0,0
2024-11,Commercial,SHASTA,R-COM-GEN,Paid,8,8,8186.17,1023.27,30628.76,3828.6,8,0,0,0
2024-11,Commercial,SOLANO,R-COM-GEN,Exception,1,1,0.0,,4717.97,4717.97,0,0,0,1
2024-11,Commercial,SOLANO,R-COM-GEN,Generated,2,2,1798.99,899.5,6715.44,3357.72,0,2,0,0
2024-11,Commercial,SOLANO,R-COM-GEN,Paid,8,8,8852.31,1106.54,32810.75,4101.34,8,0,0,0
2024-11,Commercial,SONOMA,R-COM-GEN,Generated,3,3,4844.56,1614.85,17321.13,5773.71,0,3,0,0
2024-11,Commercial,SONOMA,R-COM-GEN,Paid,9,9,7610.47,845.61,29023.95,3224.88,9,0,0,0
2024-11,Commercial,SONOMA,R-COM-GEN,Past Due,1,1,735.16,735.16,2917.32,2917.32,0,0,1,0
2024-11,Commercial,SUTTER,R-COM-GEN,Paid,6,6,5941.79,990.3,22367.59,3727.93,6,0,0,0
2024-11,Commercial,TUOLUMNE,R-COM-GEN,Exception,1,1,0.0,,6893.12,6893.12,0,0,0,1
2024-11,Commercial,TUOLUMNE,R-COM-GEN,Generated,1,1,2023.42,2023.42,7091.69,7091.69,0,1,0,0
2024-11,Commercial,TUOLUMNE,R-COM-GEN,Paid,4,4,5625.35,1406.34,20404.35,5101.09,4,0,0,0
2024-11,Commercial,YOLO,R-COM-GEN,Generated,1,1,932.53,932.53,3572.67,3572.67,0,1,0,0
2024-11,Commercial,YOLO,R-COM-GEN,Paid,6,6,7963.49,1327.25,29075.78,4845.96,6,0,0,0
2024-11,Commercial,YOLO,R-COM-GEN,Past Due,2,2,2233.31,1116.65,8127.92,4063.96,0,0,2,0
2024-11,Commercial,YUBA,R-COM-GEN,Exception,1,1,0.0,,3052.47,3052.47,0,0,0,1
2024-11,Commercial,YUBA,R-COM-GEN,Generated,1,1,1208.48,1208.48,4462.85,4462.85,0,1,0,0
2024-11,Commercial,YUBA,R-COM-GEN,Past Due,1,1,434.59,434.59,1664.97,1664.97,0,0,1,0
2024-11,Industrial,ALAMEDA,R-IND-GEN,Exception,1,1,0.0,,35152.11,35152.11,0,0,0,1
2024-11,Industrial,ALAMEDA,R-IND-GEN,Generated,4,4,39925.1,9981.27,190567.02,47641.76,0,4,0,0
2024-11,Industrial,ALAMEDA,R-IND-GEN,Paid,8,8,76140.29,9517.54,367806.06,45975.76,8,0,0,0
2024-11,Industrial,ALAMEDA,R-IND-GEN,Past Due,1,1,6768.09,6768.09,34658.72,34658.72,0,0,1,0
2024-11,Industrial,BUTTE,R-IND-GEN,Paid,1,1,11626.66,11626.66,54902.77,54902.77,1,0,0,0
2024-11,Industrial,CALAVERAS,R-IND-GEN,Exception,1,1,0.0,,25288.03,25288.03,0,0,0,1
2024-11,Industrial,CONTRA COSTA,R-IND-GEN,Generated,3,3,19002.69,6334.23,97208.78,32402.93,0,3,0,0
2024-11,Industrial,CONTRA COSTA,R-IND-GEN,Paid,3,3,17579.57,5859.86,90395.34,30131.78,3,0,0,0
2024-11,Industrial,EL DORADO,R-IND-GEN,Paid,1,1,8963.74,8963.74,43807.25,43807.25,1,0,0,0
2024-11,Industrial,FRESNO,R-IND-GEN,Exception,2,2,0.0,,88005.27,44002.63,0,0,0,2
2024-11,Industrial,FRESNO,R-IND-GEN,Paid,7,7,55989.87,7998.55,277967.09,39709.58,7,0,0,0
2024-11,Industrial,HUMBOLDT,R-IND-GEN,Exception,2,2,0.0,,30205.37,30205.37,0,0,0,2
2024-11,Industrial,KERN,R-IND-GEN,Exception,3,3,0.0,,120334.65,40111.55,0,0,0,3
2024-11,Industrial,KERN,R-IND-GEN,Generated,4,4,27591.27,6897.82,136887.34,34221.83,0,4,0,0
2024-11,Industrial,KERN,R-IND-GEN,Paid,11,11,81865.38,7442.31,403272.11,36661.1,11,0,0,0
2024-11,Industrial,KERN,R-IND-GEN,Past Due,3,3,18810.0,6270.0,96362.62,32120.87,0,0,3,0
2024-11,Industrial,KINGS,R-IND-GEN,Generated,1,1,3478.02,3478.02,17933.44,17933.44,0,1,0,0
2024-11,Industrial,KINGS,R-IND-GEN,Paid,2,2,12331.24,6165.62,63540.48,31770.24,2,0,0,0
2024-11,Industrial,LAKE,R-IND-GEN,Paid,1,1,6872.24,6872.24,35092.65,35092.65,1,0,0,0
2024-11,Industrial,MADERA,R-IND-GEN,Paid,1,1,5749.08,5749.08,30412.85,30412.85,1,0,0,0
2024-11,Industrial,MARIN,R-IND-GEN,Exception,2,2,0.0,,0.0,,0,0,0,2
2024-11,Industrial,MERCED,R-IND-GEN,Generated,1,1,7485.87,7485.87,37649.47,37649.47,0,1,0,0
2024-11,Industrial,MONTEREY,R-IND-GEN,Paid,1,1,7308.67,7308.67,36911.13,36911.13,1,0,0,0
2024-11,Industrial,NEVADA,R-IND-GEN,Paid,1,1,4902.67,4902.67,25848.14,25848.14,1,0,0,0
2024-11,Industrial,PLACER,R-IND-GEN,Exception,1,1,0.0,,0.0,,0,0,0,1
2024-11,Industrial,PLACER,R-IND-GEN,Paid,2,2,16268.34,8134.17,80701.41,40350.71,2,0,0,0
2024-11,Industrial,PLACER,R-IND-GEN,Past Due,2,2,15451.45,7725.73,77297.71,38648.86,0,0,2,0
2024-11,Industrial,PLUMAS,R-IND-GEN,Paid,1,1,6228.52,6228.52,32410.49,32410.49,1,0,0,0
2024-11,Industrial,SAN FRANCISCO,R-IND-GEN,Exception,1,1,0.0,,57001.12,57001.12,0,0,0,1
2024-11,Industrial,SAN FRANCISCO,R-IND-GEN,Paid,1,1,6001.11,6001.11,31462.94,31462.94,1,0,0,0
2024-11,Industrial,SAN JOAQUIN,R-IND-GEN,Exception,2,2,0.0,,23343.3,23343.3,0,0,0,2
2024-11,Industrial,SAN JOAQUIN,R-IND-GEN,Generated,2,2,18461.05,9230.52,89837.73,44918.86,0,2,0,0
2024-11,Industrial,SAN JOAQUIN,R-IND-GEN,Paid,3,3,18582.78,6194.26,94923.15,31641.05,3,0,0,0
2024-11,Industrial,SAN LUIS OBISPO,R-IND-GEN,Paid,3,3,26521.65,8840.55,129881.85,43293.95,3,0,0,0
2024-11,Industrial,SAN MATEO,R-IND-GEN,Generated,2,2,10500.9,5250.45,55560.57,27780.28,0,2,0,0
2024-11,Industrial,SAN MATEO,R-IND-GEN,Paid,4,4,40913.83,10228.46,196307.61,49076.9,4,0,0,0
2024-11,Industrial,SANTA BARBARA,R-IND-GEN,Exception,1,1,0.0,,0.0,,0,0,0,1
2024-11,Industrial,SANTA BARBARA,R-IND-GEN,Paid,3,3,22412.81,7470.94,111934.17,37311.39,3,0,0,0
2024-11,Industrial,SANTA CLARA,R-IND-GEN,Exception,2,2,0.0,,0.0,,0,0,0,2
2024-11,Industrial,SANTA CLARA,R-IND-GEN,Generated,4,4,31081.58,7770.4,154016.12,38504.03,0,4,0,0
2024-11,Industrial,SANTA CLARA,R-IND-GEN,Paid,11,11,102404.5,9309.5,497469.07,45224.46,11,0,0,0
2024-11,Industrial,SANTA CLARA,R-IND-GEN,Past Due,2,2,37562.33,18781.17,169426.39,84713.2,0,0,2,0
2024-11,Industrial,SHASTA,R-IND-GEN,Paid,3,3,14781.4,4927.13,77952.23,25984.08,3,0,0,0
2024-11,Industrial,SOLANO,R-IND-GEN,Exception,1,1,0.0,,40525.62,40525.62,0,0,0,1
2024-11,Industrial,SOLANO,R-IND-GEN,Paid,1,1,6180.01,6180.01,32208.38,32208.38,1,0,0,0
2024-11,Industrial,SONOMA,R-IND-GEN,Generated,1,1,4971.26,4971.26,26229.24,26229.24,0,1,0,0
2024-11,Industrial,SONOMA,R-IND-GEN,Paid,1,1,8514.8,8514.8,41936.67,41936.67,1,0,0,0
2024-11,Industrial,YOLO,R-IND-GEN,Paid,3,3,22732.03,7577.34,111613.14,37204.38,3,0,0,0
2024-11,Industrial,YOLO,R-IND-GEN,Past Due,1,1,14408.22,14408.22,66492.58,66492.58,0,0,1,0
2024-11,Mining,ALAMEDA,R-MIN-GEN,Paid,1,1,2778.64,2778.64,15168.48,15168.48,1,0,0,0
2024-11,Mining,CONTRA COSTA,R-MIN-GEN,Paid,2,2,11290.6,5645.3,60866.4,30433.2,2,0,0,0
2024-11,Mining,FRESNO,R-MIN-GEN,Exception,1,1,0.0,,37593.67,37593.67,0,0,0,1
2024-11,Mining,FRESNO,R-MIN-GEN,Generated,2,2,14223.08,7111.54,74160.88,37080.44,0,2,0,0
2024-11,Mining,KERN,R-MIN-GEN,Paid,4,4,22526.94,5631.74,121134.97,30283.74,4,0,0,0
2024-11,Mining,NEVADA,R-MIN-GEN,Paid,1,1,6328.45,6328.45,33538.43,33538.43,1,0,0,0
2024-11,Mining,SAN FRANCISCO,R-MIN-GEN,Past Due,1,1,8816.56,8816.56,44848.0,44848.0,0,0,1,0
2024-11,Mining,SAN JOAQUIN,R-MIN-GEN,Paid,2,2,17775.51,8887.76,90343.24,45171.62,2,0,0,0
2024-11,Mining,SAN LUIS OBISPO,R-MIN-GEN,Paid,1,1,12337.65,12337.65,60852.94,60852.94,1,0,0,0
2024-11,Mining,SANTA CLARA,R-MIN-GEN,Exception,1,1,0.0,,45191.62,45191.62,0,0,0,1
2024-11,Mining,SANTA CLARA,R-MIN-GEN,Paid,6,6,35279.87,5879.98,188446.14,31407.69,6,0,0,0
2024-11,Mining,SONOMA,R-MIN-GEN,Paid,2,2,8935.02,4467.51,49732.73,24866.36,2,0,0,0
2024-11,Mining,YOLO,R-MIN-GEN,Paid,1,1,4240.85,4240.85,23769.72,23769.72,1,0,0,0
2024-11,Residential,ALAMEDA,R-RES-TOU,Exception,40,40,0.0,,13318.3,475.65,0,0,0,40
2024-11,Residential,ALAMEDA,R-RES-TOU,Generated,61,61,8636.98,141.59,28125.68,461.08,0,61,0,0
2024-11,Residential,ALAMEDA,R-RES-TOU,Paid,289,289,44904.84,155.38,146193.45,505.86,289,0,0,0
2024-11,Residential,ALAMEDA,R-RES-TOU,Past Due,26,26,4129.27,158.82,13192.31,507.4,0,0,26,0
2024-11,Residential,AMADOR,R-RES-TOU,Exception,1,1,0.0,,397.45,397.45,0,0,0,1
2024-11,Residential,AMADOR,R-RES-TOU,Generated,2,2,199.03,99.52,648.26,324.13,0,2,0,0
2024-11,Residential,AMADOR,R-RES-TOU,Paid,12,12,1859.5,154.96,6065.37,505.45,12,0,0,0
2024-11,Residential,AMADOR,R-RES-TOU,Past Due,1,1,308.28,308.28,948.01,948.01,0,0,1,0
2024-11,Residential,BUTTE,R-RES-TOU,Exception,3,3,0.0,,655.58,327.79,0,0,0,3
2024-11,Residential,BUTTE,R-RES-TOU,Generated,9,9,1571.85,174.65,5005.98,556.22,0,9,0,0
2024-11,Residential,BUTTE,R-RES-TOU,Paid,30,30,4232.98,141.1,13804.19,460.14,30,0,0,0
2024-11,Residential,BUTTE,R-RES-TOU,Past Due,5,5,729.15,145.83,2418.66,483.73,0,0,5,0
2024-11,Residential,CALAVERAS,R-RES-TOU,Exception,1,1,0.0,,284.41,284.41,0,0,0,1
2024-11,Residential,CALAVERAS,R-RES-TOU,Generated,3,3,568.15,189.38,1826.24,608.75,0,3,0,0
2024-11,Residential,CALAVERAS,R-RES-TOU,Paid,10,10,1645.14,164.51,5322.53,532.25,10,0,0,0
2024-11,Residential,CALAVERAS,R-RES-TOU,Past Due,1,1,290.79,290.79,899.43,899.43,0,0,1,0
2024-11,Residential,COLUSA,R-RES-TOU,Exception,2,2,0.0,,460.09,460.09,0,0,0,2
2024-11,Residential,COLUSA,R-RES-TOU,Generated,1,1,200.46,200.46,648.49,648.49,0,1,0,0
2024-11,Residential,COLUSA,R-RES-TOU,Paid,6,6,1008.15,168.03,3291.8,548.63,6,0,0,0
2024-11,Residential,COLUSA,R-RES-TOU,Past Due,1,1,89.6,89.6,287.39,287.39,0,0,1,0
2024-11,Residential,CONTRA COSTA,R-RES-TOU,Exception,32,32,0.0,,13002.41,464.37,0,0,0,32
2024-11,Residential,CONTRA COSTA,R-RES-TOU,Generated,55,55,8280.67,150.56,26855.39,488.28,0,55,0,0
2024-11,Residential,CONTRA COSTA,R-RES-TOU,Paid,185,185,28975.67,156.63,94033.94,508.29,185,0,0,0
2024-11,Residential,CONTRA COSTA,R-RES-TOU,Past Due,18,18,2771.82,153.99,9082.8,504.6,0,0,18,0
2024-11,Residential,EL DORADO,R-RES-TOU,Exception,5,5,0.0,,1119.73,373.24,0,0,0,5
2024-11,Residential,EL DORADO,R-RES-TOU,Generated,9,9,1392.38,154.71,4588.08,509.79,0,9,0,0
2024-11,Residential,EL DORADO,R-RES-TOU,Paid,24,24,3583.63,149.32,11610.05,483.75,24,0,0,0
2024-11,Residential,EL DORADO,R-RES-TOU,Past Due,3,3,544.4,181.47,1719.05,573.02,0,0,3,0
2024-11,Residential,FRESNO,R-RES-TOU,Exception,17,17,0.0,,4796.97,399.75,0,0,0,17
2024-11,Residential,FRESNO,R-RES-TOU,Generated,47,47,6920.21,147.24,22691.71,482.8,0,47,0,0
2024-11,Residential,FRESNO,R-RES-TOU,Paid,183,183,30329.8,165.74,98164.9,536.42,183,0,0,0
2024-11,Residential,FRESNO,R-RES-TOU,Past Due,24,24,3591.83,149.66,11741.83,489.24,0,0,24,0
2024-11,Residential,GLENN,R-RES-TOU,Exception,1,1,0.0,,338.42,338.42,0,0,0,1
2024-11,Residential,GLENN,R-RES-TOU,Generated,2,2,240.91,120.45,803.18,401.59,0,2,0,0
2024-11,Residential,GLENN,R-RES-TOU,Paid,10,10,1568.82,156.88,5007.75,500.77,10,0,0,0
2024-11,Residential,GLENN,R-RES-TOU,Past Due,1,1,223.51,223.51,712.54,712.54,0,0,1,0
2024-11,Residential,HUMBOLDT,R-RES-TOU,Exception,1,1,0.0,,0.0,,0,0,0,1
2024-11,Residential,HUMBOLDT,R-RES-TOU,Generated,5,5,703.8,140.76,2325.9,465.18,0,5,0,0
2024-11,Residential,HUMBOLDT,R-RES-TOU,Paid,16,16,2491.17,155.7,8119.86,507.49,16,0,0,0
2024-11,Residential,HUMBOLDT,R-RES-TOU,Past Due,2,2,230.5,115.25,763.54,381.77,0,0,2,0
2024-11,Residential,KERN,R-RES-TOU,Exception,50,50,0.0,,17721.55,506.33,0,0,0,50
2024-11,Residential,KERN,R-RES-TOU,Generated,107,107,15887.32,148.48,51868.27,484.75,0,107,0,0
2024-11,Residential,KERN,R-RES-TOU,Paid,404,404,60568.3,149.92,197486.56,488.83,404,0,0,0
2024-11,Residential,KERN,R-RES-TOU,Past Due,38,38,5614.83,147.76,18234.25,479.85,0,0,38,0
2024-11,Residential,KINGS,R-RES-TOU,Exception,5,5,0.0,,2084.14,521.03,0,0,0,5
2024-11,Residential,KINGS,R-RES-TOU,Generated,8,8,1055.95,131.99,3480.74,435.09,0,8,0,0
2024-11,Residential,KINGS,R-RES-TOU,Paid,41,41,6517.63,158.97,21092.25,514.45,41,0,0,0
2024-11,Residential,KINGS,R-RES-TOU,Past Due,4,4,632.86,158.22,2066.41,516.6,0,0,4,0
2024-11,Residential,LAKE,R-RES-TOU,Exception,2,2,0.0,,833.67,416.84,0,0,0,2
2024-11,Residential,LAKE,R-RES-TOU,Generated,4,4,583.34,145.83,1929.13,482.28,0,4,0,0
2024-11,Residential,LAKE,R-RES-TOU,Paid,8,8,1305.01,163.13,4250.71,531.34,8,0,0,0
2024-11,Residential,LAKE,R-RES-TOU,Past Due,1,1,110.9,110.9,366.29,366.29,0,0,1,0
2024-11,Residential,MADERA,R-RES-TOU,Exception,4,4,0.0,,1780.84,445.21,0,0,0,4
2024-11,Residential,MADERA,R-RES-TOU,Generated,7,7,926.0,132.29,3042.84,434.69,0,7,0,0
2024-11,Residential,MADERA,R-RES-TOU,Paid,36,36,5693.23,158.15,18333.52,509.26,36,0,0,0
2024-11,Residential,MADERA,R-RES-TOU,Past Due,2,2,293.23,146.62,966.19,483.09,0,0,2,0
2024-11,Residential,MARIN,R-RES-TOU,Exception,4,4,0.0,,704.81,352.4,0,0,0,4
2024-11,Residential,MARIN,R-RES-TOU,Generated,7,7,1042.16,148.88,3432.85,490.41,0,7,0,0
2024-11,Residential,MARIN,R-RES-TOU,Paid,32,32,4914.48,153.58,16039.53,501.24,32,0,0,0
2024-11,Residential,MARIN,R-RES-TOU,Past Due,3,3,437.15,145.72,1472.8,490.93,0,0,3,0
2024-11,Residential,MARIPOSA,R-RES-TOU,Paid,3,3,423.39,141.13,1421.55,473.85,3,0,0,0
2024-11,Residential,MENDOCINO,R-RES-TOU,Exception,3,3,0.0,,1337.06,445.69,0,0,0,3
2024-11,Residential,MENDOCINO,R-RES-TOU,Generated,1,1,226.08,226.08,719.68,719.68,0,1,0,0
2024-11,Residential,MENDOCINO,R-RES-TOU,Paid,16,16,2585.58,161.6,8396.29,524.77,16,0,0,0
2024-11,Residential,MERCED,R-RES-TOU,Exception,8,8,0.0,,4031.09,575.87,0,0,0,8
2024-11,Residential,MERCED,R-RES-TOU,Generated,25,25,3529.88,141.2,11669.47,466.78,0,25,0,0
2024-11,Residential,MERCED,R-RES-TOU,Paid,77,77,11671.02,151.57,37980.47,493.25,77,0,0,0
2024-11,Residential,MERCED,R-RES-TOU,Past Due,8,8,1069.57,133.7,3455.46,431.93,0,0,8,0
2024-11,Residential,MONTEREY,R-RES-TOU,Exception,10,10,0.0,,3526.72,503.82,0,0,0,10
2024-11,Residential,MONTEREY,R-RES-TOU,Generated,15,15,2032.86,135.52,6677.48,445.17,0,15,0,0
2024-11,Residential,MONTEREY,R-RES-TOU,Paid,54,54,7489.91,138.7,24476.38,453.27,54,0,0,0
2024-11,Residential,MONTEREY,R-RES-TOU,Past Due,2,2,348.42,174.21,1151.16,575.58,0,0,2,0
2024-11,Residential,NAPA,R-RES-TOU,Exception,6,6,0.0,,1030.89,343.63,0,0,0,6
2024-11,Residential,NAPA,R-RES-TOU,Generated,11,11,1673.92,152.17,5499.59,499.96,0,11,0,0
2024-11,Residential,NAPA,R-RES-TOU,Paid,25,25,4222.44,168.9,13718.41,548.74,25,0,0,0
2024-11,Residential,NAPA,R-RES-TOU,Past Due,2,2,206.39,103.19,675.53,337.76,0,0,2,0
2024-11,Residential,NEVADA,R-RES-TOU,Exception,3,3,0.0,,584.54,292.27,0,0,0,3
2024-11,Residential,NEVADA,R-RES-TOU,Generated,3,3,396.86,132.29,1322.94,440.98,0,3,0,0
2024-11,Residential,NEVADA,R-RES-TOU,Paid,15,15,2343.91,156.26,7567.78,504.52,15,0,0,0
2024-11,Residential,NEVADA,R-RES-TOU,Past Due,2,2,442.2,221.1,1365.83,682.91,0,0,2,0
2024-11,Residential,PLACER,R-RES-TOU,Exception,19,19,0.0,,7260.97,518.64,0,0,0,19
2024-11,Residential,PLACER,R-RES-TOU,Generated,18,18,2971.48,165.08,9612.19,534.01,0,18,0,0
2024-11,Residential,PLACER,R-RES-TOU,Paid,67,67,10232.15,152.72,33367.49,498.02,67,0,0,0
2024-11,Residential,PLACER,R-RES-TOU,Past Due,8,8,1559.46,194.93,4928.86,616.11,0,0,8,0
2024-11,Residential,PLUMAS,R-RES-TOU,Generated,3,3,457.69,152.56,1517.92,505.97,0,3,0,0
2024-11,Residential,PLUMAS,R-RES-TOU,Paid,3,3,343.51,114.5,1128.63,376.21,3,0,0,0
2024-11,Residential,SAN FRANCISCO,R-RES-TOU,Exception,14,14,0.0,,5090.84,565.65,0,0,0,14
2024-11,Residential,SAN FRANCISCO,R-RES-TOU,Generated,35,35,5289.22,151.12,17228.49,492.24,0,35,0,0
2024-11,Residential,SAN FRANCISCO,R-RES-TOU,Paid,118,118,17807.99,150.92,57894.1,490.63,118,0,0,0
2024-11,Residential,SAN FRANCISCO,R-RES-TOU,Past Due,10,10,1363.56,136.36,4552.7,455.27,0,0,10,0
2024-11,Residential,SAN JOAQUIN,R-RES-TOU,Exception,21,21,0.0,,5012.66,417.72,0,0,0,21
2024-11,Residential,SAN JOAQUIN,R-RES-TOU,Generated,31,31,4900.82,158.09,15916.32,513.43,0,31,0,0
2024-11,Residential,SAN JOAQUIN,R-RES-TOU,Paid,125,125,18582.87,148.66,60375.94,483.01,125,0,0,0
2024-11,Residential,SAN JOAQUIN,R-RES-TOU,Past Due,16,16,2843.57,177.72,9127.88,570.49,0,0,16,0
2024-11,Residential,SAN LUIS OBISPO,R-RES-TOU,Exception,7,7,0.0,,1745.84,581.95,0,0,0,7
2024-11,Residential,SAN LUIS OBISPO,R-RES-TOU,Generated,3,3,484.06,161.35,1612.66,537.55,0,3,0,0
2024-11,Residential,SAN LUIS OBISPO,R-RES-TOU,Paid,44,44,6691.46,152.08,21823.36,495.99,44,0,0,0
2024-11,Residential,SAN LUIS OBISPO,R-RES-TOU,Past Due,2,2,369.89,184.94,1154.74,577.37,0,0,2,0
2024-11,Residential,SAN MATEO,R-RES-TOU,Exception,19,19,0.0,,5922.45,455.57,0,0,0,19
2024-11,Residential,SAN MATEO,R-RES-TOU,Generated,25,25,3772.04,150.88,12205.91,488.24,0,25,0,0
2024-11,Residential,SAN MATEO,R-RES-TOU,Paid,93,93,13350.94,143.56,43835.12,471.35,93,0,0,0
2024-11,Residential,SAN MATEO,R-RES-TOU,Past Due,9,9,1551.28,172.36,5097.43,566.38,0,0,9,0
2024-11,Residential,SANTA BARBARA,R-RES-TOU,Exception,8,8,0.0,,2891.59,578.32,0,0,0,8
2024-11,Residential,SANTA BARBARA,R-RES-TOU,Generated,18,18,2984.13,165.78,9676.55,537.59,0,18,0,0
2024-11,Residential,SANTA BARBARA,R-RES-TOU,Paid,54,54,7962.96,147.46,25981.15,481.13,54,0,0,0
2024-11,Residential,SANTA BARBARA,R-RES-TOU,Past Due,7,7,1255.46,179.35,4057.19,579.6,0,0,7,0
2024-11,Residential,SANTA CLARA,R-RES-TOU,Exception,67,67,0.0,,16831.06,467.53,0,0,0,67
2024-11,Residential,SANTA CLARA,R-RES-TOU,Generated,108,108,16771.98,155.3,54719.83,506.67,0,108,0,0
2024-11,Residential,SANTA CLARA,R-RES-TOU,Paid,412,412,63908.08,155.12,208122.65,505.15,412,0,0,0
2024-11,Residential,SANTA CLARA,R-RES-TOU,Past Due,33,33,4669.56,141.5,15204.29,460.74,0,0,33,0
2024-11,Residential,SANTA CRUZ,R-RES-TOU,Exception,3,3,0.0,,785.13,392.56,0,0,0,3
2024-11,Residential,SANTA CRUZ,R-RES-TOU,Generated,6,6,997.6,166.27,3298.52,549.75,0,6,0,0
2024-11,Residential,SANTA CRUZ,R-RES-TOU,Paid,24,24,4099.03,170.79,13268.37,552.85,24,0,0,0
2024-11,Residential,SANTA CRUZ,R-RES-TOU,Past Due,2,2,292.38,146.19,981.19,490.6,0,0,2,0
2024-11,Residential,SHASTA,R-RES-TOU,Exception,2,2,0.0,,489.27,489.27,0,0,0,2
2024-11,Residential,SHASTA,R-RES-TOU,Generated,7,7,901.63,128.8,2972.39,424.63,0,7,0,0
2024-11,Residential,SHASTA,R-RES-TOU,Paid,23,23,3321.06,144.39,10936.15,475.48,23,0,0,0
2024-11,Residential,SHASTA,R-RES-TOU,Past Due,4,4,825.86,206.47,2646.16,661.54,0,0,4,0
2024-11,Residential,SOLANO,R-RES-TOU,Exception,4,4,0.0,,859.09,429.54,0,0,0,4
2024-11,Residential,SOLANO,R-RES-TOU,Generated,24,24,3585.73,149.41,11675.5,486.48,0,24,0,0
2024-11,Residential,SOLANO,R-RES-TOU,Paid,70,70,11454.22,163.63,36712.55,524.47,70,0,0,0
2024-11,Residential,SOLANO,R-RES-TOU,Past Due,4,4,468.8,117.2,1497.43,374.36,0,0,4,0
2024-11,Residential,SONOMA,R-RES-TOU,Exception,8,8,0.0,,2577.03,429.51,0,0,0,8
2024-11,Residential,SONOMA,R-RES-TOU,Generated,22,22,3459.79,157.26,11313.43,514.25,0,22,0,0
2024-11,Residential,SONOMA,R-RES-TOU,Paid,52,52,7088.95,136.33,23305.5,448.18,52,0,0,0
2024-11,Residential,SONOMA,R-RES-TOU,Past Due,2,2,305.94,152.97,999.14,499.57,0,0,2,0
2024-11,Residential,SUTTER,R-RES-TOU,Exception,5,5,0.0,,1529.61,509.87,0,0,0,5
2024-11,Residential,SUTTER,R-RES-TOU,Generated,2,2,248.37,124.19,831.0,415.5,0,2,0,0
2024-11,Residential,SUTTER,R-RES-TOU,Paid,17,17,2794.0,164.35,8943.12,526.07,17,0,0,0
2024-11,Residential,SUTTER,R-RES-TOU,Past Due,2,2,361.87,180.94,1188.55,594.27,0,0,2,0
2024-11,Residential,TUOLUMNE,R-RES-TOU,Exception,1,1,0.0,,652.91,652.91,0,0,0,1
2024-11,Residential,TUOLUMNE,R-RES-TOU,Generated,2,2,340.26,170.13,1128.5,564.25,0,2,0,0
2024-11,Residential,TUOLUMNE,R-RES-TOU,Paid,16,16,2519.0,157.44,8176.08,511.0,16,0,0,0
2024-11,Residential,TUOLUMNE,R-RES-TOU,Past Due,1,1,119.26,119.26,397.26,397.26,0,0,1,0
2024-11,Residential,YOLO,R-RES-TOU,Exception,5,5,0.0,,1801.17,450.29,0,0,0,5
2024-11,Residential,YOLO,R-RES-TOU,Generated,8,8,1230.62,153.83,3980.63,497.58,0,8,0,0
2024-11,Residential,YOLO,R-RES-TOU,Paid,37,37,5809.46,157.01,18823.77,508.75,37,0,0,0
2024-11,Residential,YOLO,R-RES-TOU,Past Due,2,2,297.61,148.81,971.34,485.67,0,0,2,0
2024-11,Residential,YUBA,R-RES-TOU,Exception,1,1,0.0,,693.69,693.69,0,0,0,1
2024-11,Residential,YUBA,R-RES-TOU,Generated,4,4,647.6,161.9,2147.55,536.89,0,4,0,0
2024-11,Residential,YUBA,R-RES-TOU,Paid,11,11,1703.88,154.9,5577.91,507.08,11,0,0,0
2024-11,Residential,YUBA,R-RES-TOU,Past Due,4,4,851.92,212.98,2706.94,676.74,0,0,4,0
2024-11,Streetlighting,ALAMEDA,R-STLIGHT,Generated,1,1,292.72,292.72,1435.35,1435.35,0,1,0,0
2024-11,Streetlighting,ALAMEDA,R-STLIGHT,Paid,5,5,2543.14,508.63,12146.93,2429.39,5,0,0,0
2024-11,Streetlighting,CONTRA COSTA,R-STLIGHT,Paid,1,1,349.68,349.68,1735.17,1735.17,1,0,0,0
2024-11,Streetlighting,FRESNO,R-STLIGHT,Exception,1,1,0.0,,5497.54,5497.54,0,0,0,1
2024-11,Streetlighting,FRESNO,R-STLIGHT,Paid,1,1,254.13,254.13,1232.25,1232.25,1,0,0,0
2024-11,Streetlighting,KERN,R-STLIGHT,Paid,2,2,1005.32,502.66,4822.26,2411.13,2,0,0,0
2024-11,Streetlighting,NEVADA,R-STLIGHT,Paid,1,1,711.66,711.66,3298.57,3298.57,1,0,0,0
2024-11,Streetlighting,PLACER,R-STLIGHT,Paid,1,1,614.03,614.03,2891.78,2891.78,1,0,0,0
2024-11,Streetlighting,SAN FRANCISCO,R-STLIGHT,Generated,1,1,416.57,416.57,2069.06,2069.06,0,1,0,0
2024-11,Streetlighting,SAN JOAQUIN,R-STLIGHT,Exception,1,1,0.0,,3984.69,3984.69,0,0,0,1
2024-11,Streetlighting,SAN JOAQUIN,R-STLIGHT,Generated,1,1,530.42,530.42,2543.43,2543.43,0,1,0,0
2024-11,Streetlighting,SAN JOAQUIN,R-STLIGHT,Paid,1,1,453.35,453.35,2222.3,2222.3,1,0,0,0
2024-11,Streetlighting,SANTA CLARA,R-STLIGHT,Generated,2,2,865.09,432.55,4213.44,2106.72,0,2,0,0
2024-11,Streetlighting,SANTA CLARA,R-STLIGHT,Paid,3,3,1480.32,493.44,7168.0,2389.33,3,0,0,0
2024-11,Streetlighting,SOLANO,R-STLIGHT,Paid,2,2,1621.8,810.9,7424.14,3712.07,2,0,0,0
2024-11,"Transportation, Communications, & Utilities",ALAMEDA,R-TCU-GEN,Generated,1,1,1177.85,1177.85,4899.3,4899.3,0,1,0,0
2024-11,"Transportation, Communications, & Utilities",ALAMEDA,R-TCU-GEN,Paid,5,5,17901.51,3580.3,74153.44,14830.69,5,0,0,0
2024-11,"Transportation, Communications, & Utilities",BUTTE,R-TCU-GEN,Exception,1,1,0.0,,0.0,,0,0,0,1
2024-11,"Transportation, Communications, & Utilities",BUTTE,R-TCU-GEN,Paid,1,1,4164.18,4164.18,16910.97,16910.97,1,0,0,0
2024-11,"Transportation, Communications, & Utilities",CONTRA COSTA,R-TCU-GEN,Generated,2,2,5722.54,2861.27,24329.79,12164.9,0,2,0,0
2024-11,"Transportation, Communications, & Utilities",CONTRA COSTA,R-TCU-GEN,Paid,4,4,21458.17,5364.54,84200.57,21050.14,4,0,0,0
2024-11,"Transportation, Communications, & Utilities",FRESNO,R-TCU-GEN,Paid,5,5,22521.55,4504.31,90419.14,18083.83,5,0,0,0
2024-11,"Transportation, Communications, & Utilities",FRESNO,R-TCU-GEN,Past Due,1,1,3020.63,3020.63,12967.69,12967.69,0,0,1,0
2024-11,"Transportation, Communications, & Utilities",KERN,R-TCU-GEN,Exception,1,1,0.0,,0.0,,0,0,0,1
2024-11,"Transportation, Communications, & Utilities",KERN,R-TCU-GEN,Generated,1,1,4426.2,4426.2,17814.49,17814.49,0,1,0,0
2024-11,"Transportation, Communications, & Utilities",KERN,R-TCU-GEN,Paid,4,4,13705.65,3426.41,57305.25,14326.31,4,0,0,0
2024-11,"Transportation, Communications, & Utilities",MADERA,R-TCU-GEN,Past Due,1,1,2127.21,2127.21,9214.58,9214.58,0,0,1,0
2024-11,"Transportation, Communications, & Utilities",MENDOCINO,R-TCU-GEN,Paid,1,1,2619.07,2619.07,11450.34,11450.34,1,0,0,0
2024-11,"Transportation, Communications, & Utilities",MERCED,R-TCU-GEN,Paid,1,1,3776.1,3776.1,15572.75,15572.75,1,0,0,0
2024-11,"Transportation, Communications, & Utilities",MONTEREY,R-TCU-GEN,Generated,1,1,3454.11,3454.11,14462.44,14462.44,0,1,0,0
2024-11,"Transportation, Communications, & Utilities",MONTEREY,R-TCU-GEN,Past Due,1,1,6913.19,6913.19,26390.3,26390.3,0,0,1,0
2024-11,"Transportation, Communications, & Utilities",PLACER,R-TCU-GEN,Generated,2,2,6939.73,3469.86,28524.96,14262.48,0,2,0,0
2024-11,"Transportation, Communications, & Utilities",PLACER,R-TCU-GEN,Paid,1,1,2889.41,2889.41,12515.2,12515.2,1,0,0,0
2024-11,"Transportation, Communications, & Utilities",SAN FRANCISCO,R-TCU-GEN,Generated,2,2,8276.46,4138.23,33237.04,16618.52,0,2,0,0
2024-11,"Transportation, Communications, & Utilities",SAN FRANCISCO,R-TCU-GEN,Paid,1,1,3330.03,3330.03,14034.58,14034.58,1,0,0,0
2024-11,"Transportation, Communications, & Utilities",SAN JOAQUIN,R-TCU-GEN,Generated,1,1,2533.86,2533.86,11062.99,11062.99,0,1,0,0
2024-11,"Transportation, Communications, & Utilities",SAN JOAQUIN,R-TCU-GEN,Paid,2,2,15348.51,7674.26,58029.37,29014.69,2,0,0,0
2024-11,"Transportation, Communications, & Utilities",SAN LUIS OBISPO,R-TCU-GEN,Past Due,1,1,3033.74,3033.74,13012.91,13012.91,0,0,1,0
2024-11,"Transportation, Communications, & Utilities",SAN MATEO,R-TCU-GEN,Exception,1,1,0.0,,22110.82,22110.82,0,0,0,1
2024-11,"Transportation, Communications, & Utilities",SAN MATEO,R-TCU-GEN,Paid,5,5,16897.77,3379.55,70238.02,14047.6,5,0,0,0
2024-11,"Transportation, Communications, & Utilities",SANTA BARBARA,R-TCU-GEN,Paid,2,2,5189.3,2594.65,21981.78,10990.89,2,0,0,0
2024-11,"Transportation, Communications, & Utilities",SANTA CLARA,R-TCU-GEN,Exception,3,3,0.0,,27740.04,13870.02,0,0,0,3
2024-11,"Transportation, Communications, & Utilities",SANTA CLARA,R-TCU-GEN,Generated,1,1,3563.56,3563.56,14839.85,14839.85,0,1,0,0
2024-11,"Transportation, Communications, & Utilities",SANTA CLARA,R-TCU-GEN,Paid,13,13,50824.2,3909.55,207282.0,15944.77,13,0,0,0
2024-11,"Transportation, Communications, & Utilities",SANTA CLARA,R-TCU-GEN,Past Due,1,1,3152.91,3152.91,13423.82,13423.82,0,0,1,0
2024-11,"Transportation, Communications, & Utilities",SANTA CRUZ,R-TCU-GEN,Past Due,1,1,4483.34,4483.34,18011.5,18011.5,0,0,1,0
2024-11,"Transportation, Communications, & Utilities",SHASTA,R-TCU-GEN,Paid,1,1,5780.85,5780.85,22485.7,22485.7,1,0,0,0
2024-11,"Transportation, Communications, & Utilities",SHASTA,R-TCU-GEN,Past Due,1,1,3229.04,3229.04,13686.36,13686.36,0,0,1,0
2024-12,Agriculture And Water Pumping,ALAMEDA,R-AGR-PUMP,Exception,2,2,0.0,,35170.08,17585.04,0,0,0,2
2024-12,Agriculture And Water Pumping,ALAMEDA,R-AGR-PUMP,Generated,1,1,1484.33,1484.33,7046.65,7046.65,0,1,0,0
2024-12,Agriculture And Water Pumping,ALAMEDA,R-AGR-PUMP,Paid,11,11,36556.61,3323.33,154418.6,14038.05,11,0,0,0
2024-12,Agriculture And Water Pumping,AMADOR,R-AGR-PUMP,Paid,1,1,2041.28,2041.28,9356.6,9356.6,1,0,0,0
2024-12,Agriculture And Water Pumping,BUTTE,R-AGR-PUMP,Paid,1,1,2811.16,2811.16,12207.99,12207.99,1,0,0,0
2024-12,Agriculture And Water Pumping,CONTRA COSTA,R-AGR-PUMP,Exception,2,2,0.0,,14900.67,14900.67,0,0,0,2
2024-12,Agriculture And Water Pumping,CONTRA COSTA,R-AGR-PUMP,Generated,2,2,6094.73,3047.36,26165.64,13082.82,0,2,0,0
2024-12,Agriculture And Water Pumping,CONTRA COSTA,R-AGR-PUMP,Paid,10,10,25746.01,2574.6,113229.16,11322.92,10,0,0,0
2024-12,Agriculture And Water Pumping,EL DORADO,R-AGR-PUMP,Paid,1,1,2443.31,2443.31,10845.6,10845.6,1,0,0,0
2024-12,Agriculture And Water Pumping,EL DORADO,R-AGR-PUMP,Past Due,1,1,2450.77,2450.77,10873.22,10873.22,0,0,1,0
2024-12,Agriculture And Water Pumping,FRESNO,R-AGR-PUMP,Generated,6,6,15435.15,2572.53,67545.44,11257.57,0,6,0,0
2024-12,Agriculture And Water Pumping,FRESNO,R-AGR-PUMP,Paid,3,3,7304.13,2434.71,32441.22,10813.74,3,0,0,0
2024-12,Agriculture And Water Pumping,FRESNO,R-AGR-PUMP,Past Due,1,1,1671.08,1671.08,7980.42,7980.42,0,0,1,0
2024-12,Agriculture And Water Pumping,KERN,R-AGR-PUMP,Exception,2,2,0.0,,21532.22,10766.11,0,0,0,2
2024-12,Agriculture And Water Pumping,KERN,R-AGR-PUMP,Generated,2,2,5703.21,2851.61,24715.59,12357.8,0,2,0,0
2024-12,Agriculture And Water Pumping,KERN,R-AGR-PUMP,Paid,7,7,29175.65,4167.95,120299.53,17185.65,7,0,0,0
2024-12,Agriculture And Water Pumping,KERN,R-AGR-PUMP,Past Due,3,3,9372.58,3124.19,40102.15,13367.38,0,0,3,0
2024-12,Agriculture And Water Pumping,KINGS,R-AGR-PUMP,Exception,1,1,0.0,,20058.72,20058.72,0,0,0,1
2024-12,Agriculture And Water Pumping,KINGS,R-AGR-PUMP,Paid,1,1,1346.69,1346.69,6358.44,6358.44,1,0,0,0
2024-12,Agriculture And Water Pumping,MERCED,R-AGR-PUMP,Generated,2,2,4847.53,2423.77,21546.41,10773.2,0,2,0,0
2024-12,Agriculture And Water Pumping,MERCED,R-AGR-PUMP,Paid,2,2,3700.96,1850.48,17291.0,8645.5,2,0,0,0
2024-12,Agriculture And Water Pumping,MERCED,R-AGR-PUMP,Past Due,1,1,1878.1,1878.1,8752.24,8752.24,0,0,1,0
2024-12,Agriculture And Water Pumping,MONTEREY,R-AGR-PUMP,Paid,3,3,10864.6,3621.53,45628.13,15209.38,3,0,0,0
2024-12,Agriculture And Water Pumping,MONTEREY,R-AGR-PUMP,Past Due,1,1,1683.32,1683.32,8030.81,8030.81,0,0,1,0
2024-12,Agriculture And Water Pumping,NEVADA,R-AGR-PUMP,Generated,1,1,5016.13,5016.13,20374.57,20374.57,0,1,0,0
2024-12,Agriculture And Water Pumping,PLACER,R-AGR-PUMP,Paid,4,4,12701.01,3175.25,53812.82,13453.2,4,0,0,0
2024-12,Agriculture And Water Pumping,PLACER,R-AGR-PUMP,Past Due,1,1,2379.62,2379.62,10609.69,10609.69,0,0,1,0
2024-12,Agriculture And Water Pumping,SAN FRANCISCO,R-AGR-PUMP,Generated,1,1,5664.74,5664.74,22776.81,22776.81,0,1,0,0
2024-12,Agriculture And Water Pumping,SAN FRANCISCO,R-AGR-PUMP,Paid,10,10,36579.17,3657.92,153441.34,15344.13,10,0,0,0
2024-12,Agriculture And Water Pumping,SAN JOAQUIN,R-AGR-PUMP,Generated,1,1,1733.36,1733.36,8216.16,8216.16,0,1,0,0
2024-12,Agriculture And Water Pumping,SAN JOAQUIN,R-AGR-PUMP,Paid,9,9,30269.88,3363.32,128225.94,14247.33,9,0,0,0
2024-12,Agriculture And Water Pumping,SAN LUIS OBISPO,R-AGR-PUMP,Paid,1,1,2427.73,2427.73,10787.89,10787.89,1,0,0,0
2024-12,Agriculture And Water Pumping,SAN MATEO,R-AGR-PUMP,Paid,6,6,16642.53,2773.75,72416.77,12069.46,6,0,0,0
2024-12,Agriculture And Water Pumping,SANTA BARBARA,R-AGR-PUMP,Paid,2,2,6786.66,3393.33,28054.32,14027.16,2,0,0,0
2024-12,Agriculture And Water Pumping,SANTA CLARA,R-AGR-PUMP,Generated,3,3,8856.78,2952.26,38191.77,12730.59,0,3,0,0
2024-12,Agriculture And Water Pumping,SANTA CLARA,R-AGR-PUMP,Paid,18,18,49877.28,2770.96,216046.71,12002.59,18,0,0,0
2024-12,Agriculture And Water Pumping,SANTA CRUZ,R-AGR-PUMP,Paid,2,2,6398.92,3199.46,27292.31,13646.15,2,0,0,0
2024-12,Agriculture And Water Pumping,SHASTA,R-AGR-PUMP,Past Due,1,1,3145.92,3145.92,13447.87,13447.87,0,0,1,0
2024-12,Agriculture And Water Pumping,SOLANO,R-AGR-PUMP,Generated,2,2,5210.36,2605.18,22890.22,11445.11,0,2,0,0
2024-12,Agriculture And Water Pumping,SOLANO,R-AGR-PUMP,Paid,1,1,2313.43,2313.43,10364.56,10364.56,1,0,0,0
2024-12,Agriculture And Water Pumping,SOLANO,R-AGR-PUMP,Past Due,1,1,2685.91,2685.91,11744.12,11744.12,0,0,1,0
2024-12,Agriculture And Water Pumping,SUTTER,R-AGR-PUMP,Paid,1,1,2934.88,2934.88,12666.21,12666.21,1,0,0,0
2024-12,Agriculture And Water Pumping,TUOLUMNE,R-AGR-PUMP,Generated,1,1,2384.61,2384.61,10628.19,10628.19,0,1,0,0
2024-12,Agriculture And Water Pumping,TUOLUMNE,R-AGR-PUMP,Paid,1,1,2549.68,2549.68,11239.54,11239.54,1,0,0,0
2024-12,Agriculture And Water Pumping,YOLO,R-AGR-PUMP,Paid,3,3,9477.42,3159.14,40490.44,13496.81,3,0,0,0
2024-12,Commercial,ALAMEDA,R-COM-GEN,Exception,7,7,0.0,,28018.27,5603.65,0,0,0,7
2024-12,Commercial,ALAMEDA,R-COM-GEN,Generated,7,7,8163.15,1166.16,30189.97,4312.85,0,7,0,0
2024-12,Commercial,ALAMEDA,R-COM-GEN,Paid,51,51,78377.9,1536.82,281333.34,5516.34,51,0,0,0
2024-12,Commercial,ALAMEDA,R-COM-GEN,Past Due,3,3,2784.13,928.04,10659.06,3553.02,0,0,3,0
2024-12,Commercial,AMADOR,R-COM-GEN,Paid,2,2,1983.83,991.91,7528.48,3764.24,2,0,0,0
2024-12,Commercial,AMADOR,R-COM-GEN,Past Due,1,1,1911.73,1911.73,6731.39,6731.39,0,0,1,0
2024-12,Commercial,BUTTE,R-COM-GEN,Generated,2,2,4485.95,2242.98,15599.85,7799.92,0,2,0,0
2024-12,Commercial,BUTTE,R-COM-GEN,Paid,9,9,12035.14,1337.24,43817.19,4868.58,9,0,0,0
2024-12,Commercial,BUTTE,R-COM-GEN,Past Due,1,1,1393.98,1393.98,5061.22,5061.22,0,0,1,0
2024-12,Commercial,CALAVERAS,R-COM-GEN,Generated,1,1,722.23,722.23,2863.47,2863.47,0,1,0,0
2024-12,Commercial,CALAVERAS,R-COM-GEN,Paid,2,2,3053.74,1526.87,10979.81,5489.91,2,0,0,0
2024-12,Commercial,COLUSA,R-COM-GEN,Past Due,1,1,1692.92,1692.92,6025.56,6025.56,0,0,1,0
2024-12,Commercial,CONTRA COSTA,R-COM-GEN,Exception,3,3,0.0,,10876.8,5438.4,0,0,0,3
2024-12,Commercial,CONTRA COSTA,R-COM-GEN,Generated,17,17,23681.22,1393.01,85762.45,5044.85,0,17,0,0
2024-12,Commercial,CONTRA COSTA,R-COM-GEN,Paid,26,26,35422.45,1362.4,128747.33,4951.82,26,0,0,0
2024-12,Commercial,CONTRA COSTA,R-COM-GEN,Past Due,2,2,1871.08,935.54,7164.78,3582.39,0,0,2,0
2024-12,Commercial,EL DORADO,R-COM-GEN,Generated,2,2,1994.16,997.08,7561.82,3780.91,0,2,0,0
2024-12,Commercial,EL DORADO,R-COM-GEN,Paid,4,4,6204.05,1551.01,22271.15,5567.79,4,0,0,0
2024-12,Commercial,EL DORADO,R-COM-GEN,Past Due,1,1,1127.68,1127.68,4202.2,4202.2,0,0,1,0
2024-12,Commercial,FRESNO,R-COM-GEN,Generated,14,14,16281.27,1162.95,59836.77,4274.06,0,14,0,0
2024-12,Commercial,FRESNO,R-COM-GEN,Paid,29,29,35613.5,1228.05,130997.59,4517.16,29,0,0,0
2024-12,Commercial,FRESNO,R-COM-GEN,Past Due,2,2,3155.93,1577.97,11309.47,5654.74,0,0,2,0
2024-12,Commercial,GLENN,R-COM-GEN,Exception,1,1,0.0,,5878.64,5878.64,0,0,0,1
2024-12,Commercial,GLENN,R-COM-GEN,Generated,2,2,2017.04,1008.52,7635.63,3817.82,0,2,0,0
2024-12,Commercial,GLENN,R-COM-GEN,Paid,1,1,1769.99,1769.99,6274.15,6274.15,1,0,0,0
2024-12,Commercial,HUMBOLDT,R-COM-GEN,Exception,1,1,0.0,,6904.43,6904.43,0,0,0,1
2024-12,Commercial,HUMBOLDT,R-COM-GEN,Paid,4,4,4320.2,1080.05,16194.17,4048.54,4,0,0,0
2024-12,Commercial,KERN,R-COM-GEN,Exception,3,3,0.0,,12154.72,6077.36,0,0,0,3
2024-12,Commercial,KERN,R-COM-GEN,Generated,17,17,25098.47,1476.38,90326.43,5313.32,0,17,0,0
2024-12,Commercial,KERN,R-COM-GEN,Paid,56,56,66741.98,1191.82,246003.22,4392.91,56,0,0,0
2024-12,Commercial,KERN,R-COM-GEN,Past Due,7,7,10944.58,1563.51,39256.67,5608.1,0,0,7,0
2024-12,Commercial,KINGS,R-COM-GEN,Generated,1,1,1977.46,1977.46,6943.41,6943.41,0,1,0,0
2024-12,Commercial,KINGS,R-COM-GEN,Paid,6,6,7344.46,1224.08,27078.89,4513.15,6,0,0,0
2024-12,Commercial,LAKE,R-COM-GEN,Paid,1,1,717.71,717.71,2844.61,2844.61,1,0,0,0
2024-12,Commercial,MADERA,R-COM-GEN,Exception,2,2,0.0,,5936.73,2968.36,0,0,0,2
2024-12,Commercial,MADERA,R-COM-GEN,Generated,1,1,781.23,781.23,3084.62,3084.62,0,1,0,0
2024-12,Commercial,MADERA,R-COM-GEN,Paid,6,6,6794.01,1132.34,25245.38,4207.56,6,0,0,0
2024-12,Commercial,MARIN,R-COM-GEN,Exception,1,1,0.0,,0.0,,0,0,0,1
2024-12,Commercial,MARIN,R-COM-GEN,Generated,1,1,2327.04,2327.04,8071.1,8071.1,0,1,0,0
2024-12,Commercial,MARIN,R-COM-GEN,Paid,3,3,3082.61,1027.54,11578.18,3859.39,3,0,0,0
2024-12,Commercial,MARIPOSA,R-COM-GEN,Paid,1,1,1088.1,1088.1,4074.5,4074.5,1,0,0,0
2024-12,Commercial,MENDOCINO,R-COM-GEN,Generated,2,2,2583.48,1291.74,9462.84,4731.42,0,2,0,0
2024-12,Commercial,MENDOCINO,R-COM-GEN,Paid,2,2,2128.04,1064.02,7993.68,3996.84,2,0,0,0
2024-12,Commercial,MERCED,R-COM-GEN,Exception,1,1,0.0,,3611.71,3611.71,0,0,0,1
2024-12,Commercial,MERCED,R-COM-GEN,Generated,2,2,1877.06,938.53,7116.76,3558.38,0,2,0,0
2024-12,Commercial,MERCED,R-COM-GEN,Paid,15,15,18942.63,1262.84,69572.94,4638.2,15,0,0,0
2024-12,Commercial,MONTEREY,R-COM-GEN,Generated,6,6,6947.78,1157.96,25642.82,4273.8,0,6,0,0
2024-12,Commercial,MONTEREY,R-COM-GEN,Paid,9,9,12548.77,1394.31,45300.55,5033.39,9,0,0,0
2024-12,Commercial,MONTEREY,R-COM-GEN,Past Due,1,1,1080.52,1080.52,4050.07,4050.07,0,0,1,0
2024-12,Commercial,NAPA,R-COM-GEN,Paid,4,4,6935.15,1733.79,24629.5,6157.38,4,0,0,0
2024-12,Commercial,NAPA,R-COM-GEN,Past Due,1,1,1360.4,1360.4,4952.89,4952.89,0,0,1,0
2024-12,Commercial,NEVADA,R-COM-GEN,Exception,1,1,0.0,,5997.7,5997.7,0,0,0,1
2024-12,Commercial,NEVADA,R-COM-GEN,Generated,1,1,1273.14,1273.14,4671.43,4671.43,0,1,0,0
2024-12,Commercial,NEVADA,R-COM-GEN,Paid,2,2,2615.45,1307.72,9436.4,4718.2,2,0,0,0
2024-12,Commercial,NEVADA,R-COM-GEN,Past Due,3,3,3369.23,1123.08,12562.04,4187.35,0,0,3,0
2024-12,Commercial,PLACER,R-COM-GEN,Exception,2,2,0.0,,6113.27,3056.64,0,0,0,2
2024-12,Commercial,PLACER,R-COM-GEN,Generated,2,2,1848.21,924.11,7069.96,3534.98,0,2,0,0
2024-12,Commercial,PLACER,R-COM-GEN,Paid,14,14,20768.34,1483.45,74696.24,5335.45,14,0,0,0
2024-12,Commercial,PLACER,R-COM-GEN,Past Due,3,3,2832.79,944.26,10571.78,3523.93,0,0,3,0
2024-12,Commercial,PLUMAS,R-COM-GEN,Paid,4,4,6476.54,1619.13,23150.1,5787.52,4,0,0,0
2024-12,Commercial,SAN FRANCISCO,R-COM-GEN,Generated,5,5,7890.87,1578.17,28277.01,5655.4,0,5,0,0
2024-12,Commercial,SAN FRANCISCO,R-COM-GEN,Paid,27,27,35446.34,1312.83,128921.98,4774.89,27,0,0,0
2024-12,Commercial,SAN FRANCISCO,R-COM-GEN,Past Due,2,2,2018.24,1009.12,7388.35,3694.18,0,0,2,0
2024-12,Commercial,SAN JOAQUIN,R-COM-GEN,Exception,1,1,0.0,,0.0,,0,0,0,1
2024-12,Commercial,SAN JOAQUIN,R-COM-GEN,Generated,9,9,12977.71,1441.97,46944.21,5216.02,0,9,0,0
2024-12,Commercial,SAN JOAQUIN,R-COM-GEN,Paid,24,24,32461.29,1352.55,117920.11,4913.34,24,0,0,0
2024-12,Commercial,SAN JOAQUIN,R-COM-GEN,Past Due,1,1,1645.56,1645.56,5872.76,5872.76,0,0,1,0
2024-12,Commercial,SAN LUIS OBISPO,R-COM-GEN,Exception,1,1,0.0,,0.0,,0,0,0,1
2024-12,Commercial,SAN LUIS OBISPO,R-COM-GEN,Generated,2,2,2553.68,1276.84,9072.21,4536.11,0,2,0,0
2024-12,Commercial,SAN LUIS OBISPO,R-COM-GEN,Paid,7,7,7760.45,1108.64,28948.13,4135.45,7,0,0,0
2024-12,Commercial,SAN LUIS OBISPO,R-COM-GEN,Past Due,2,2,2498.86,1249.43,9189.88,4594.94,0,0,2,0
2024-12,Commercial,SAN MATEO,R-COM-GEN,Generated,5,5,7308.19,1461.64,26226.89,5245.38,0,5,0,0
2024-12,Commercial,SAN MATEO,R-COM-GEN,Paid,15,15,19117.55,1274.5,70033.89,4668.93,15,0,0,0
2024-12,Commercial,SAN MATEO,R-COM-GEN,Past Due,4,4,3710.28,927.57,14110.14,3527.53,0,0,4,0
2024-12,Commercial,SANTA BARBARA,R-COM-GEN,Exception,1,1,0.0,,4222.36,4222.36,0,0,0,1
2024-12,Commercial,SANTA BARBARA,R-COM-GEN,Generated,2,2,1518.18,759.09,5799.93,2899.97,0,2,0,0
2024-12,Commercial,SANTA BARBARA,R-COM-GEN,Paid,10,10,12040.0,1204.0,44483.82,4448.38,10,0,0,0
2024-12,Commercial,SANTA CLARA,R-COM-GEN,Exception,8,8,0.0,,26287.6,3755.37,0,0,0,8
2024-12,Commercial,SANTA CLARA,R-COM-GEN,Generated,26,26,34052.7,1309.72,124318.2,4781.47,0,26,0,0
2024-12,Commercial,SANTA CLARA,R-COM-GEN,Paid,51,51,65689.26,1288.02,240404.16,4713.81,51,0,0,0
2024-12,Commercial,SANTA CLARA,R-COM-GEN,Past Due,8,8,9259.87,1157.48,34386.68,4298.34,0,0,8,0
2024-12,Commercial,SANTA CRUZ,R-COM-GEN,Paid,3,3,4465.28,1488.43,16097.67,5365.89,3,0,0,0
2024-12,Commercial,SANTA CRUZ,R-COM-GEN,Past Due,1,1,854.8,854.8,3321.94,3321.94,0,0,1,0
2024-12,Commercial,SHASTA,R-COM-GEN,Paid,9,9,10511.73,1167.97,38781.26,4309.03,9,0,0,0
2024-12,Commercial,SOLANO,R-COM-GEN,Exception,1,1,0.0,,5104.7,5104.7,0,0,0,1
2024-12,Commercial,SOLANO,R-COM-GEN,Generated,3,3,4158.58,1386.19,15108.34,5036.11,0,3,0,0
2024-12,Commercial,SOLANO,R-COM-GEN,Paid,6,6,5934.29,989.05,22398.47,3733.08,6,0,0,0
2024-12,Commercial,SOLANO,R-COM-GEN,Past Due,1,1,2565.86,2565.86,8841.47,8841.47,0,0,1,0
2024-12,Commercial,SONOMA,R-COM-GEN,Generated,2,2,1671.1,835.55,6505.32,3252.66,0,2,0,0
2024-12,Commercial,SONOMA,R-COM-GEN,Paid,7,7,9213.64,1316.23,33673.01,4810.43,7,0,0,0
2024-12,Commercial,SONOMA,R-COM-GEN,Past Due,4,4,3760.34,940.09,14284.47,3571.12,0,0,4,0
2024-12,Commercial,SUTTER,R-COM-GEN,Generated,1,1,1780.28,1780.28,6307.34,6307.34,0,1,0,0
2024-12,Commercial,SUTTER,R-COM-GEN,Paid,4,4,3119.57,779.89,12193.99,3048.5,4,0,0,0
2024-12,Commercial,SUTTER,R-COM-GEN,Past Due,1,1,1638.53,1638.53,5850.09,5850.09,0,0,1,0
2024-12,Commercial,TUOLUMNE,R-COM-GEN,Exception,1,1,0.0,,8331.76,8331.76,0,0,0,1
2024-12,Commercial,TUOLUMNE,R-COM-GEN,Paid,5,5,7688.43,1537.69,27623.99,5524.8,5,0,0,0
2024-12,Commercial,YOLO,R-COM-GEN,Generated,3,3,5392.89,1797.63,19089.98,6363.33,0,3,0,0
2024-12,Commercial,YOLO,R-COM-GEN,Paid,6,6,8831.18,1471.86,31866.05,5311.01,6,0,0,0
2024-12,Commercial,YUBA,R-COM-GEN,Exception,1,1,0.0,,3553.59,3553.59,0,0,0,1
2024-12,Commercial,YUBA,R-COM-GEN,Paid,2,2,2042.56,1021.28,7422.76,3711.38,2,0,0,0
2024-12,Industrial,ALAMEDA,R-IND-GEN,Exception,3,3,0.0,,55868.7,55868.7,0,0,0,3
2024-12,Industrial,ALAMEDA,R-IND-GEN,Generated,3,3,42046.4,14015.47,194568.38,64856.13,0,3,0,0
2024-12,Industrial,ALAMEDA,R-IND-GEN,Paid,7,7,77970.67,11138.67,370086.06,52869.44,7,0,0,0
2024-12,Industrial,ALAMEDA,R-IND-GEN,Past Due,1,1,19280.32,19280.32,86792.98,86792.98,0,0,1,0
2024-12,Industrial,BUTTE,R-IND-GEN,Paid,1,1,12638.39,12638.39,59118.3,59118.3,1,0,0,0
2024-12,Industrial,CALAVERAS,R-IND-GEN,Exception,1,1,0.0,,22296.75,22296.75,0,0,0,1
2024-12,Industrial,CONTRA COSTA,R-IND-GEN,Generated,1,1,8851.22,8851.22,43338.4,43338.4,0,1,0,0
2024-12,Industrial,CONTRA COSTA,R-IND-GEN,Paid,5,5,43884.27,8776.85,214474.4,42894.88,5,0,0,0
2024-12,Industrial,EL DORADO,R-IND-GEN,Generated,1,1,10151.02,10151.02,48754.23,48754.23,0,1,0,0
2024-12,Industrial,FRESNO,R-IND-GEN,Exception,2,2,0.0,,116749.21,58374.6,0,0,0,2
2024-12,Industrial,FRESNO,R-IND-GEN,Generated,2,2,26793.01,13396.5,124554.21,62277.1,0,2,0,0
2024-12,Industrial,FRESNO,R-IND-GEN,Paid,5,5,39782.95,7956.59,195057.82,39011.56,5,0,0,0
2024-12,Industrial,HUMBOLDT,R-IND-GEN,Exception,1,1,0.0,,37881.85,37881.85,0,0,0,1
2024-12,Industrial,HUMBOLDT,R-IND-GEN,Past Due,1,1,10367.23,10367.23,49655.14,49655.14,0,0,1,0
2024-12,Industrial,KERN,R-IND-GEN,Exception,4,4,0.0,,139235.21,46411.74,0,0,0,4
2024-12,Industrial,KERN,R-IND-GEN,Generated,3,3,31555.62,10518.54,150856.76,50285.59,0,3,0,0
2024-12,Industrial,KERN,R-IND-GEN,Paid,9,9,85543.74,9504.86,413259.06,45917.67,9,0,0,0
2024-12,Industrial,KERN,R-IND-GEN,Past Due,5,5,37194.31,7438.86,184894.04,36978.81,0,0,5,0
2024-12,Industrial,KINGS,R-IND-GEN,Paid,3,3,19197.12,6399.04,96762.43,32254.14,3,0,0,0
2024-12,Industrial,LAKE,R-IND-GEN,Paid,1,1,10606.94,10606.94,50653.9,50653.9,1,0,0,0
2024-12,Industrial,MADERA,R-IND-GEN,Paid,1,1,7349.72,7349.72,37082.16,37082.16,1,0,0,0
2024-12,Industrial,MARIN,R-IND-GEN,Paid,1,1,17895.1,17895.1,81021.25,81021.25,1,0,0,0
2024-12,Industrial,MARIN,R-IND-GEN,Past Due,1,1,11638.67,11638.67,54952.81,54952.81,0,0,1,0
2024-12,Industrial,MERCED,R-IND-GEN,Paid,1,1,9408.45,9408.45,45660.21,45660.21,1,0,0,0
2024-12,Industrial,MONTEREY,R-IND-GEN,Paid,1,1,9062.77,9062.77,44219.89,44219.89,1,0,0,0
2024-12,Industrial,NEVADA,R-IND-GEN,Generated,1,1,6559.05,6559.05,33787.71,33787.71,0,1,0,0
2024-12,Industrial,PLACER,R-IND-GEN,Paid,5,5,56796.28,11359.26,268942.83,53788.57,5,0,0,0
2024-12,Industrial,PLUMAS,R-IND-GEN,Paid,1,1,7494.36,7494.36,37684.84,37684.84,1,0,0,0
2024-12,Industrial,SAN FRANCISCO,R-IND-GEN,Exception,1,1,0.0,,78093.53,78093.53,0,0,0,1
2024-12,Industrial,SAN FRANCISCO,R-IND-GEN,Generated,1,1,8873.3,8873.3,43430.42,43430.42,0,1,0,0
2024-12,Industrial,SAN JOAQUIN,R-IND-GEN,Exception,1,1,0.0,,22190.66,22190.66,0,0,0,1
2024-12,Industrial,SAN JOAQUIN,R-IND-GEN,Generated,2,2,18831.56,9415.78,91381.5,45690.75,0,2,0,0
2024-12,Industrial,SAN JOAQUIN,R-IND-GEN,Paid,4,4,36984.13,9246.03,179933.9,44983.47,4,0,0,0
2024-12,Industrial,SAN LUIS OBISPO,R-IND-GEN,Generated,1,1,10908.35,10908.35,51909.81,51909.81,0,1,0,0
2024-12,Industrial,SAN LUIS OBISPO,R-IND-GEN,Paid,2,2,23309.41,11654.71,110039.24,55019.62,2,0,0,0
2024-12,Industrial,SAN MATEO,R-IND-GEN,Generated,1,1,15378.63,15378.63,70535.95,70535.95,0,1,0,0
2024-12,Industrial,SAN MATEO,R-IND-GEN,Paid,5,5,47353.31,9470.66,227590.66,45518.13,5,0,0,0
2024-12,Industrial,SANTA BARBARA,R-IND-GEN,Exception,1,1,0.0,,0.0,,0,0,0,1
2024-12,Industrial,SANTA BARBARA,R-IND-GEN,Paid,2,2,20543.66,10271.83,97710.08,48855.04,2,0,0,0
2024-12,Industrial,SANTA BARBARA,R-IND-GEN,Past Due,1,1,5709.59,5709.59,30248.28,30248.28,0,0,1,0
2024-12,Industrial,SANTA CLARA,R-IND-GEN,Exception,1,1,0.0,,53725.6,53725.6,0,0,0,1
2024-12,Industrial,SANTA CLARA,R-IND-GEN,Generated,2,2,25733.41,12866.71,120139.17,60069.58,0,2,0,0
2024-12,Industrial,SANTA CLARA,R-IND-GEN,Paid,16,16,198037.23,12377.33,928488.42,58030.53,16,0,0,0
2024-12,Industrial,SHASTA,R-IND-GEN,Generated,1,1,5460.05,5460.05,28944.74,28944.74,0,1,0,0
2024-12,Industrial,SHASTA,R-IND-GEN,Paid,2,2,10222.55,5111.27,54014.18,27007.09,2,0,0,0
2024-12,Industrial,SOLANO,R-IND-GEN,Exception,1,1,0.0,,0.0,,0,0,0,1
2024-12,Industrial,SOLANO,R-IND-GEN,Paid,1,1,8984.59,8984.59,43894.13,43894.13,1,0,0,0
2024-12,Industrial,SONOMA,R-IND-GEN,Generated,1,1,5033.11,5033.11,26572.85,26572.85,0,1,0,0
2024-12,Industrial,SONOMA,R-IND-GEN,Paid,1,1,9955.27,9955.27,47938.64,47938.64,1,0,0,0
2024-12,Industrial,YOLO,R-IND-GEN,Generated,1,1,21554.68,21554.68,96269.5,96269.5,0,1,0,0
2024-12,Industrial,YOLO,R-IND-GEN,Paid,3,3,31865.91,10621.97,150965.48,50321.83,3,0,0,0
2024-12,Mining,ALAMEDA,R-MIN-GEN,Paid,1,1,3107.05,3107.05,17100.27,17100.27,1,0,0,0
2024-12,Mining,CONTRA COSTA,R-MIN-GEN,Paid,2,2,14463.41,7231.7,75288.23,37644.12,2,0,0,0
2024-12,Mining,FRESNO,R-MIN-GEN,Exception,1,1,0.0,,59466.48,59466.48,0,0,0,1
2024-12,Mining,FRESNO,R-MIN-GEN,Paid,2,2,16362.81,8181.41,83921.83,41960.92,2,0,0,0
2024-12,Mining,KERN,R-MIN-GEN,Generated,1,1,6922.6,6922.6,36239.09,36239.09,0,1,0,0
2024-12,Mining,KERN,R-MIN-GEN,Paid,2,2,12430.06,6215.03,66045.74,33022.87,2,0,0,0
2024-12,Mining,KERN,R-MIN-GEN,Past Due,1,1,8463.59,8463.59,43243.6,43243.6,0,0,1,0
2024-12,Mining,NEVADA,R-MIN-GEN,Paid,1,1,10857.06,10857.06,54123.01,54123.01,1,0,0,0
2024-12,Mining,SAN FRANCISCO,R-MIN-GEN,Generated,1,1,15224.19,15224.19,73973.57,73973.57,0,1,0,0
2024-12,Mining,SAN JOAQUIN,R-MIN-GEN,Paid,2,2,22906.86,11453.43,113667.56,56833.78,2,0,0,0
2024-12,Mining,SAN LUIS OBISPO,R-MIN-GEN,Generated,1,1,9768.38,9768.38,49174.45,49174.45,0,1,0,0
2024-12,Mining,SANTA CLARA,R-MIN-GEN,Exception,2,2,0.0,,43953.03,43953.03,0,0,0,2
2024-12,Mining,SANTA CLARA,R-MIN-GEN,Generated,2,2,16468.76,8234.38,84403.44,42201.72,0,2,0,0
2024-12,Mining,SANTA CLARA,R-MIN-GEN,Paid,3,3,19729.88,6576.63,103999.47,34666.49,3,0,0,0
2024-12,Mining,SONOMA,R-MIN-GEN,Paid,2,2,11266.47,5633.24,60756.67,30378.33,2,0,0,0
2024-12,Mining,YOLO,R-MIN-GEN,Paid,1,1,6156.49,6156.49,32756.77,32756.77,1,0,0,0
2024-12,Residential,ALAMEDA,R-RES-TOU,Exception,39,39,0.0,,15341.89,590.07,0,0,0,39
2024-12,Residential,ALAMEDA,R-RES-TOU,Generated,78,78,13263.14,170.04,43118.48,552.8,0,78,0,0
2024-12,Residential,ALAMEDA,R-RES-TOU,Paid,270,270,51610.68,191.15,165587.41,613.29,270,0,0,0
2024-12,Residential,ALAMEDA,R-RES-TOU,Past Due,29,29,5313.6,183.23,17071.8,588.68,0,0,29,0
2024-12,Residential,AMADOR,R-RES-TOU,Exception,2,2,0.0,,374.41,374.41,0,0,0,2
2024-12,Residential,AMADOR,R-RES-TOU,Generated,3,3,754.59,251.53,2313.57,771.19,0,3,0,0
2024-12,Residential,AMADOR,R-RES-TOU,Paid,10,10,1682.53,168.25,5500.62,550.06,10,0,0,0
2024-12,Residential,AMADOR,R-RES-TOU,Past Due,1,1,148.47,148.47,504.09,504.09,0,0,1,0
2024-12,Residential,BUTTE,R-RES-TOU,Exception,3,3,0.0,,1607.85,535.95,0,0,0,3
2024-12,Residential,BUTTE,R-RES-TOU,Generated,8,8,1486.49,185.81,4705.96,588.25,0,8,0,0
2024-12,Residential,BUTTE,R-RES-TOU,Paid,34,34,5952.2,175.06,19213.46,565.1,34,0,0,0
2024-12,Residential,BUTTE,R-RES-TOU,Past Due,2,2,427.46,213.73,1323.8,661.9,0,0,2,0
2024-12,Residential,CALAVERAS,R-RES-TOU,Exception,3,3,0.0,,362.01,362.01,0,0,0,3
2024-12,Residential,CALAVERAS,R-RES-TOU,Generated,2,2,561.59,280.79,1743.29,871.64,0,2,0,0
2024-12,Residential,CALAVERAS,R-RES-TOU,Paid,9,9,1911.63,212.4,6079.54,675.5,9,0,0,0
2024-12,Residential,CALAVERAS,R-RES-TOU,Past Due,1,1,183.69,183.69,601.93,601.93,0,0,1,0
2024-12,Residential,COLUSA,R-RES-TOU,Exception,1,1,0.0,,422.81,422.81,0,0,0,1
2024-12,Residential,COLUSA,R-RES-TOU,Generated,2,2,398.91,199.45,1291.42,645.71,0,2,0,0
2024-12,Residential,COLUSA,R-RES-TOU,Paid,7,7,1203.84,171.98,3885.06,555.01,7,0,0,0
2024-12,Residential,CONTRA COSTA,R-RES-TOU,Exception,35,35,0.0,,15928.47,568.87,0,0,0,35
2024-12,Residential,CONTRA COSTA,R-RES-TOU,Generated,44,44,8408.96,191.11,26856.58,610.38,0,44,0,0
2024-12,Residential,CONTRA COSTA,R-RES-TOU,Paid,190,190,35800.67,188.42,114725.03,603.82,190,0,0,0
2024-12,Residential,CONTRA COSTA,R-RES-TOU,Past Due,21,21,3957.41,188.45,12742.58,606.79,0,0,21,0
2024-12,Residential,EL DORADO,R-RES-TOU,Exception,4,4,0.0,,1550.77,516.92,0,0,0,4
2024-12,Residential,EL DORADO,R-RES-TOU,Generated,4,4,533.47,133.37,1759.06,439.76,0,4,0,0
2024-12,Residential,EL DORADO,R-RES-TOU,Paid,29,29,5780.01,199.31,18476.18,637.11,29,0,0,0
2024-12,Residential,EL DORADO,R-RES-TOU,Past Due,4,4,678.12,169.53,2243.61,560.9,0,0,4,0
2024-12,Residential,FRESNO,R-RES-TOU,Exception,17,17,0.0,,5642.86,512.99,0,0,0,17
2024-12,Residential,FRESNO,R-RES-TOU,Generated,46,46,9253.79,201.17,29617.22,643.85,0,46,0,0
2024-12,Residential,FRESNO,R-RES-TOU,Paid,187,187,36351.87,194.4,116386.38,622.39,187,0,0,0
2024-12,Residential,FRESNO,R-RES-TOU,Past Due,21,21,4427.5,210.83,14049.41,669.02,0,0,21,0
2024-12,Residential,GLENN,R-RES-TOU,Exception,2,2,0.0,,513.24,513.24,0,0,0,2
2024-12,Residential,GLENN,R-RES-TOU,Generated,1,1,358.79,358.79,1088.3,1088.3,0,1,0,0
2024-12,Residential,GLENN,R-RES-TOU,Paid,10,10,1783.12,178.31,5790.09,579.01,10,0,0,0
2024-12,Residential,GLENN,R-RES-TOU,Past Due,1,1,117.46,117.46,390.6,390.6,0,0,1,0
2024-12,Residential,HUMBOLDT,R-RES-TOU,Generated,4,4,1010.08,252.52,3110.95,777.74,0,4,0,0
2024-12,Residential,HUMBOLDT,R-RES-TOU,Paid,18,18,2983.94,165.77,9739.29,541.07,18,0,0,0
2024-12,Residential,HUMBOLDT,R-RES-TOU,Past Due,2,2,396.32,198.16,1284.22,642.11,0,0,2,0
2024-12,Residential,KERN,R-RES-TOU,Exception,53,53,0.0,,21051.15,601.46,0,0,0,53
2024-12,Residential,KERN,R-RES-TOU,Generated,107,107,18837.4,176.05,60799.05,568.22,0,107,0,0
2024-12,Residential,KERN,R-RES-TOU,Paid,387,387,70637.12,182.52,227483.65,587.81,387,0,0,0
2024-12,Residential,KERN,R-RES-TOU,Past Due,52,52,10019.28,192.68,32322.91,621.59,0,0,52,0
2024-12,Residential,KINGS,R-RES-TOU,Exception,7,7,0.0,,3212.46,642.49,0,0,0,7
2024-12,Residential,KINGS,R-RES-TOU,Generated,7,7,1466.88,209.55,4680.77,668.68,0,7,0,0
2024-12,Residential,KINGS,R-RES-TOU,Paid,42,42,7831.26,186.46,25133.78,598.42,42,0,0,0
2024-12,Residential,KINGS,R-RES-TOU,Past Due,2,2,414.81,207.41,1321.75,660.88,0,0,2,0
2024-12,Residential,LAKE,R-RES-TOU,Exception,2,2,0.0,,851.61,425.8,0,0,0,2
2024-12,Residential,LAKE,R-RES-TOU,Generated,1,1,147.54,147.54,501.49,501.49,0,1,0,0
2024-12,Residential,LAKE,R-RES-TOU,Paid,12,12,2202.46,183.54,7081.96,590.16,12,0,0,0
2024-12,Residential,MADERA,R-RES-TOU,Exception,4,4,0.0,,1720.15,430.04,0,0,0,4
2024-12,Residential,MADERA,R-RES-TOU,Generated,7,7,1252.76,178.97,4073.8,581.97,0,7,0,0
2024-12,Residential,MADERA,R-RES-TOU,Paid,33,33,5896.9,178.69,18965.25,574.7,33,0,0,0
2024-12,Residential,MADERA,R-RES-TOU,Past Due,5,5,950.98,190.2,2998.02,599.6,0,0,5,0
2024-12,Residential,MARIN,R-RES-TOU,Exception,3,3,0.0,,957.04,478.52,0,0,0,3
2024-12,Residential,MARIN,R-RES-TOU,Generated,14,14,2825.03,201.79,9003.38,643.1,0,14,0,0
2024-12,Residential,MARIN,R-RES-TOU,Paid,28,28,5154.76,184.1,16650.26,594.65,28,0,0,0
2024-12,Residential,MARIN,R-RES-TOU,Past Due,1,1,154.75,154.75,521.54,521.54,0,0,1,0
2024-12,Residential,MARIPOSA,R-RES-TOU,Generated,3,3,646.75,215.58,2071.52,690.51,0,3,0,0
2024-12,Residential,MENDOCINO,R-RES-TOU,Exception,4,4,0.0,,1607.31,535.77,0,0,0,4
2024-12,Residential,MENDOCINO,R-RES-TOU,Generated,2,2,398.61,199.31,1279.92,639.96,0,2,0,0
2024-12,Residential,MENDOCINO,R-RES-TOU,Paid,14,14,2639.89,188.56,8487.97,606.28,14,0,0,0
2024-12,Residential,MERCED,R-RES-TOU,Exception,10,10,0.0,,4635.09,662.16,0,0,0,10
2024-12,Residential,MERCED,R-RES-TOU,Generated,22,22,4270.77,194.13,13691.08,622.32,0,22,0,0
2024-12,Residential,MERCED,R-RES-TOU,Paid,76,76,13219.47,173.94,42945.07,565.07,76,0,0,0
2024-12,Residential,MERCED,R-RES-TOU,Past Due,10,10,1724.52,172.45,5609.75,560.98,0,0,10,0
2024-12,Residential,MONTEREY,R-RES-TOU,Exception,8,8,0.0,,4261.16,532.64,0,0,0,8
2024-12,Residential,MONTEREY,R-RES-TOU,Generated,22,22,3817.51,173.52,12295.83,558.9,0,22,0,0
2024-12,Residential,MONTEREY,R-RES-TOU,Paid,47,47,8073.57,171.78,26147.8,556.34,47,0,0,0
2024-12,Residential,MONTEREY,R-RES-TOU,Past Due,4,4,778.6,194.65,2508.27,627.07,0,0,4,0
2024-12,Residential,NAPA,R-RES-TOU,Exception,5,5,0.0,,1182.3,394.1,0,0,0,5
2024-12,Residential,NAPA,R-RES-TOU,Generated,8,8,1624.01,203.0,5208.02,651.0,0,8,0,0
2024-12,Residential,NAPA,R-RES-TOU,Paid,28,28,5646.96,201.68,18077.33,645.62,28,0,0,0
2024-12,Residential,NAPA,R-RES-TOU,Past Due,3,3,462.23,154.08,1518.0,506.0,0,0,3,0
2024-12,Residential,NEVADA,R-RES-TOU,Exception,3,3,0.0,,702.24,351.12,0,0,0,3
2024-12,Residential,NEVADA,R-RES-TOU,Generated,4,4,790.49,197.62,2529.25,632.31,0,4,0,0
2024-12,Residential,NEVADA,R-RES-TOU,Paid,13,13,2458.01,189.08,7922.82,609.45,13,0,0,0
2024-12,Residential,NEVADA,R-RES-TOU,Past Due,3,3,744.69,248.23,2343.58,781.19,0,0,3,0
2024-12,Residential,PLACER,R-RES-TOU,Exception,15,15,0.0,,8686.97,620.5,0,0,0,15
2024-12,Residential,PLACER,R-RES-TOU,Generated,17,17,3719.83,218.81,11755.53,691.5,0,17,0,0
2024-12,Residential,PLACER,R-RES-TOU,Paid,66,66,11944.27,180.97,38481.51,583.05,66,0,0,0
2024-12,Residential,PLACER,R-RES-TOU,Past Due,14,14,2857.34,204.1,9086.45,649.03,0,0,14,0
2024-12,Residential,PLUMAS,R-RES-TOU,Generated,1,1,199.25,199.25,645.13,645.13,0,1,0,0
2024-12,Residential,PLUMAS,R-RES-TOU,Paid,4,4,533.07,133.27,1746.04,436.51,4,0,0,0
2024-12,Residential,PLUMAS,R-RES-TOU,Past Due,1,1,244.67,244.67,771.31,771.31,0,0,1,0
2024-12,Residential,SAN FRANCISCO,R-RES-TOU,Exception,12,12,0.0,,6019.86,668.87,0,0,0,12
2024-12,Residential,SAN FRANCISCO,R-RES-TOU,Generated,30,30,4973.36,165.78,16237.38,541.25,0,30,0,0
2024-12,Residential,SAN FRANCISCO,R-RES-TOU,Paid,125,125,24041.25,192.33,76814.84,614.52,125,0,0,0
2024-12,Residential,SAN FRANCISCO,R-RES-TOU,Past Due,10,10,1802.77,180.28,5905.27,590.53,0,0,10,0
2024-12,Residential,SAN JOAQUIN,R-RES-TOU,Exception,17,17,0.0,,6872.81,528.68,0,0,0,17
2024-12,Residential,SAN JOAQUIN,R-RES-TOU,Generated,40,40,6800.36,170.01,22028.2,550.71,0,40,0,0
2024-12,Residential,SAN JOAQUIN,R-RES-TOU,Paid,122,122,22688.78,185.97,73009.29,598.44,122,0,0,0
2024-12,Residential,SAN JOAQUIN,R-RES-TOU,Past Due,14,14,2640.61,188.62,8379.07,598.5,0,0,14,0
2024-12,Residential,SAN LUIS OBISPO,R-RES-TOU,Exception,4,4,0.0,,2194.01,731.34,0,0,0,4
2024-12,Residential,SAN LUIS OBISPO,R-RES-TOU,Generated,10,10,1729.34,172.93,5621.32,562.13,0,10,0,0
2024-12,Residential,SAN LUIS OBISPO,R-RES-TOU,Paid,38,38,6765.84,178.05,21934.83,577.23,38,0,0,0
2024-12,Residential,SAN LUIS OBISPO,R-RES-TOU,Past Due,4,4,917.35,229.34,2914.84,728.71,0,0,4,0
2024-12,Residential,SAN MATEO,R-RES-TOU,Exception,17,17,0.0,,6925.22,532.71,0,0,0,17
2024-12,Residential,SAN MATEO,R-RES-TOU,Generated,29,29,5640.07,194.49,18106.97,624.38,0,29,0,0
2024-12,Residential,SAN MATEO,R-RES-TOU,Paid,87,87,15381.16,176.79,49561.76,569.68,87,0,0,0
2024-12,Residential,SAN MATEO,R-RES-TOU,Past Due,13,13,2285.74,175.83,7493.5,576.42,0,0,13,0
2024-12,Residential,SANTA BARBARA,R-RES-TOU,Exception,6,6,0.0,,3408.7,681.74,0,0,0,6
2024-12,Residential,SANTA BARBARA,R-RES-TOU,Generated,16,16,2707.69,169.23,8858.21,553.64,0,16,0,0
2024-12,Residential,SANTA BARBARA,R-RES-TOU,Paid,58,58,11560.2,199.31,36839.23,635.16,58,0,0,0
2024-12,Residential,SANTA BARBARA,R-RES-TOU,Past Due,7,7,1167.35,166.76,3823.12,546.16,0,0,7,0
2024-12,Residential,SANTA CLARA,R-RES-TOU,Exception,54,54,0.0,,20055.82,573.02,0,0,0,54
2024-12,Residential,SANTA CLARA,R-RES-TOU,Generated,121,121,22043.41,182.18,71107.42,587.66,0,121,0,0
2024-12,Residential,SANTA CLARA,R-RES-TOU,Paid,398,398,74050.52,186.06,238156.27,598.38,398,0,0,0
2024-12,Residential,SANTA CLARA,R-RES-TOU,Past Due,47,47,8976.82,191.0,28830.81,613.42,0,0,47,0
2024-12,Residential,SANTA CRUZ,R-RES-TOU,Exception,3,3,0.0,,984.42,492.21,0,0,0,3
2024-12,Residential,SANTA CRUZ,R-RES-TOU,Generated,6,6,1543.73,257.29,4838.17,806.36,0,6,0,0
2024-12,Residential,SANTA CRUZ,R-RES-TOU,Paid,22,22,4063.69,184.71,13092.34,595.11,22,0,0,0
2024-12,Residential,SANTA CRUZ,R-RES-TOU,Past Due,4,4,775.15,193.79,2504.46,626.12,0,0,4,0
2024-12,Residential,SHASTA,R-RES-TOU,Exception,1,1,0.0,,605.15,605.15,0,0,0,1
2024-12,Residential,SHASTA,R-RES-TOU,Generated,5,5,919.15,183.83,2908.13,581.63,0,5,0,0
2024-12,Residential,SHASTA,R-RES-TOU,Paid,24,24,4010.66,167.11,13145.76,547.74,24,0,0,0
2024-12,Residential,SHASTA,R-RES-TOU,Past Due,6,6,1631.0,271.83,5080.55,846.76,0,0,6,0
2024-12,Residential,SOLANO,R-RES-TOU,Exception,7,7,0.0,,1538.04,512.68,0,0,0,7
2024-12,Residential,SOLANO,R-RES-TOU,Generated,24,24,4998.29,208.26,15718.65,654.94,0,24,0,0
2024-12,Residential,SOLANO,R-RES-TOU,Paid,62,62,11383.04,183.6,36701.31,591.96,62,0,0,0
2024-12,Residential,SOLANO,R-RES-TOU,Past Due,9,9,1599.87,177.76,5101.17,566.8,0,0,9,0
2024-12,Residential,SONOMA,R-RES-TOU,Exception,8,8,0.0,,2915.25,485.88,0,0,0,8
2024-12,Residential,SONOMA,R-RES-TOU,Generated,21,21,3666.32,174.59,11938.91,568.52,0,21,0,0
2024-12,Residential,SONOMA,R-RES-TOU,Paid,48,48,8370.78,174.39,27037.49,563.28,48,0,0,0
2024-12,Residential,SONOMA,R-RES-TOU,Past Due,7,7,1266.37,180.91,4116.79,588.11,0,0,7,0
2024-12,Residential,SUTTER,R-RES-TOU,Exception,4,4,0.0,,2036.84,678.95,0,0,0,4
2024-12,Residential,SUTTER,R-RES-TOU,Generated,6,6,1012.71,168.78,3272.39,545.4,0,6,0,0
2024-12,Residential,SUTTER,R-RES-TOU,Paid,13,13,2741.68,210.9,8701.95,669.38,13,0,0,0
2024-12,Residential,SUTTER,R-RES-TOU,Past Due,3,3,873.27,291.09,2699.83,899.94,0,0,3,0
2024-12,Residential,TUOLUMNE,R-RES-TOU,Exception,1,1,0.0,,634.55,634.55,0,0,0,1
2024-12,Residential,TUOLUMNE,R-RES-TOU,Generated,3,3,779.6,259.87,2426.93,808.98,0,3,0,0
2024-12,Residential,TUOLUMNE,R-RES-TOU,Paid,15,15,2594.16,172.94,8330.07,555.34,15,0,0,0
2024-12,Residential,TUOLUMNE,R-RES-TOU,Past Due,1,1,133.77,133.77,451.0,451.0,0,0,1,0
2024-12,Residential,YOLO,R-RES-TOU,Exception,9,9,0.0,,2140.57,535.14,0,0,0,9
2024-12,Residential,YOLO,R-RES-TOU,Generated,10,10,1743.19,174.32,5703.99,570.4,0,10,0,0
2024-12,Residential,YOLO,R-RES-TOU,Paid,31,31,6101.04,196.81,19438.0,627.03,31,0,0,0
2024-12,Residential,YOLO,R-RES-TOU,Past Due,2,2,434.46,217.23,1368.11,684.06,0,0,2,0
2024-12,Residential,YUBA,R-RES-TOU,Exception,1,1,0.0,,1022.36,1022.36,0,0,0,1
2024-12,Residential,YUBA,R-RES-TOU,Generated,1,1,149.58,149.58,507.17,507.17,0,1,0,0
2024-12,Residential,YUBA,R-RES-TOU,Paid,15,15,3245.59,216.37,10306.33,687.09,15,0,0,0
2024-12,Residential,YUBA,R-RES-TOU,Past Due,3,3,535.84,178.61,1763.47,587.82,0,0,3,0
2024-12,Streetlighting,ALAMEDA,R-STLIGHT,Generated,1,1,482.34,482.34,2343.1,2343.1,0,1,0,0
2024-12,Streetlighting,ALAMEDA,R-STLIGHT,Paid,4,4,2256.64,564.16,10655.84,2663.96,4,0,0,0
2024-12,Streetlighting,ALAMEDA,R-STLIGHT,Past Due,1,1,479.54,479.54,2331.41,2331.41,0,0,1,0
2024-12,Streetlighting,CONTRA COSTA,R-STLIGHT,Paid,1,1,470.67,470.67,2294.44,2294.44,1,0,0,0
2024-12,Streetlighting,FRESNO,R-STLIGHT,Exception,1,1,0.0,,5690.43,5690.43,0,0,0,1
2024-12,Streetlighting,FRESNO,R-STLIGHT,Paid,1,1,343.04,343.04,1700.22,1700.22,1,0,0,0
2024-12,Streetlighting,KERN,R-STLIGHT,Paid,2,2,1410.62,705.31,6544.25,3272.13,2,0,0,0
2024-12,Streetlighting,NEVADA,R-STLIGHT,Generated,1,1,857.78,857.78,3907.42,3907.42,0,1,0,0
2024-12,Streetlighting,PLACER,R-STLIGHT,Past Due,1,1,658.15,658.15,3075.64,3075.64,0,0,1,0
2024-12,Streetlighting,SAN FRANCISCO,R-STLIGHT,Paid,1,1,447.22,447.22,2196.76,2196.76,1,0,0,0
2024-12,Streetlighting,SAN JOAQUIN,R-STLIGHT,Exception,1,1,0.0,,6325.94,6325.94,0,0,0,1
2024-12,Streetlighting,SAN JOAQUIN,R-STLIGHT,Generated,1,1,820.19,820.19,3750.78,3750.78,0,1,0,0
2024-12,Streetlighting,SAN JOAQUIN,R-STLIGHT,Paid,1,1,526.88,526.88,2528.68,2528.68,1,0,0,0
2024-12,Streetlighting,SANTA CLARA,R-STLIGHT,Paid,4,4,3092.92,773.23,14220.52,3555.13,4,0,0,0
2024-12,Streetlighting,SANTA CLARA,R-STLIGHT,Past Due,1,1,724.08,724.08,3350.35,3350.35,0,0,1,0
2024-12,Streetlighting,SOLANO,R-STLIGHT,Generated,2,2,2014.82,1007.41,9061.74,4530.87,0,2,0,0
2024-12,"Transportation, Communications, & Utilities",ALAMEDA,R-TCU-GEN,Generated,2,2,8994.86,4497.43,36120.23,18060.11,0,2,0,0
2024-12,"Transportation, Communications, & Utilities",ALAMEDA,R-TCU-GEN,Paid,4,4,18090.05,4522.51,71211.11,17802.78,4,0,0,0
2024-12,"Transportation, Communications, & Utilities",BUTTE,R-TCU-GEN,Paid,2,2,12831.58,6415.79,49350.28,24675.14,2,0,0,0
2024-12,"Transportation, Communications, & Utilities",CONTRA COSTA,R-TCU-GEN,Generated,3,3,18852.78,6284.26,72664.76,24221.59,0,3,0,0
2024-12,"Transportation, Communications, & Utilities",CONTRA COSTA,R-TCU-GEN,Paid,3,3,11395.62,3798.54,46950.43,15650.14,3,0,0,0
2024-12,"Transportation, Communications, & Utilities",FRESNO,R-TCU-GEN,Generated,1,1,5798.26,5798.26,22545.74,22545.74,0,1,0,0
2024-12,"Transportation, Communications, & Utilities",FRESNO,R-TCU-GEN,Paid,5,5,25526.9,5105.38,100782.39,20156.48,5,0,0,0
2024-12,"Transportation, Communications, & Utilities",KERN,R-TCU-GEN,Generated,2,2,8507.11,4253.56,34438.31,17219.15,0,2,0,0
2024-12,"Transportation, Communications, & Utilities",KERN,R-TCU-GEN,Paid,3,3,16732.1,5577.37,64990.44,21663.48,3,0,0,0
2024-12,"Transportation, Communications, & Utilities",KERN,R-TCU-GEN,Past Due,1,1,4251.22,4251.22,17211.1,17211.1,0,0,1,0
2024-12,"Transportation, Communications, & Utilities",MADERA,R-TCU-GEN,Paid,1,1,2920.26,2920.26,12621.58,12621.58,1,0,0,0
2024-12,"Transportation, Communications, & Utilities",MENDOCINO,R-TCU-GEN,Paid,1,1,3769.7,3769.7,15550.68,15550.68,1,0,0,0
2024-12,"Transportation, Communications, & Utilities",MERCED,R-TCU-GEN,Paid,1,1,3927.05,3927.05,16093.29,16093.29,1,0,0,0
2024-12,"Transportation, Communications, & Utilities",MONTEREY,R-TCU-GEN,Generated,1,1,4876.01,4876.01,19365.54,19365.54,0,1,0,0
2024-12,"Transportation, Communications, & Utilities",MONTEREY,R-TCU-GEN,Paid,1,1,6749.97,6749.97,25827.48,25827.48,1,0,0,0
2024-12,"Transportation, Communications, & Utilities",PLACER,R-TCU-GEN,Paid,3,3,11196.45,3732.15,46263.62,15421.21,3,0,0,0
2024-12,"Transportation, Communications, & Utilities",SAN FRANCISCO,R-TCU-GEN,Paid,2,2,9368.98,4684.49,37410.27,18705.14,2,0,0,0
2024-12,"Transportation, Communications, & Utilities",SAN FRANCISCO,R-TCU-GEN,Past Due,1,1,10404.71,10404.71,38430.02,38430.02,0,0,1,0
2024-12,"Transportation, Communications, & Utilities",SAN JOAQUIN,R-TCU-GEN,Generated,1,1,12279.05,12279.05,44893.26,44893.26,0,1,0,0
2024-12,"Transportation, Communications, & Utilities",SAN JOAQUIN,R-TCU-GEN,Paid,2,2,9765.14,4882.57,38700.0,19350.0,2,0,0,0
2024-12,"Transportation, Communications, & Utilities",SAN LUIS OBISPO,R-TCU-GEN,Paid,1,1,4145.04,4145.04,16844.97,16844.97,1,0,0,0
2024-12,"Transportation, Communications, & Utilities",SAN MATEO,R-TCU-GEN,Exception,1,1,0.0,,20359.32,20359.32,0,0,0,1
2024-12,"Transportation, Communications, & Utilities",SAN MATEO,R-TCU-GEN,Generated,1,1,2740.04,2740.04,12000.15,12000.15,0,1,0,0
2024-12,"Transportation, Communications, & Utilities",SAN MATEO,R-TCU-GEN,Paid,4,4,16708.87,4177.22,67557.11,16889.28,4,0,0,0
2024-12,"Transportation, Communications, & Utilities",SANTA BARBARA,R-TCU-GEN,Paid,2,2,6348.89,3174.44,26412.67,13206.33,2,0,0,0
2024-12,"Transportation, Communications, & Utilities",SANTA CLARA,R-TCU-GEN,Exception,3,3,0.0,,35399.26,17699.63,0,0,0,3
2024-12,"Transportation, Communications, & Utilities",SANTA CLARA,R-TCU-GEN,Generated,7,7,35723.34,5103.33,141045.95,20149.42,0,7,0,0
2024-12,"Transportation, Communications, & Utilities",SANTA CLARA,R-TCU-GEN,Paid,5,5,20980.55,4196.11,84547.79,16909.56,5,0,0,0
2024-12,"Transportation, Communications, & Utilities",SANTA CLARA,R-TCU-GEN,Past Due,3,3,19346.58,6448.86,74367.51,24789.17,0,0,3,0
2024-12,"Transportation, Communications, & Utilities",SANTA CRUZ,R-TCU-GEN,Generated,1,1,7970.43,7970.43,30035.98,30035.98,0,1,0,0
2024-12,"Transportation, Communications, & Utilities",SHASTA,R-TCU-GEN,Generated,1,1,3592.88,3592.88,14940.98,14940.98,0,1,0,0
2024-12,"Transportation, Communications, & Utilities",SHASTA,R-TCU-GEN,Paid,1,1,6235.62,6235.62,24053.85,24053.85,1,0,0,0
