billing_cycle_id,customer_segment,county,request_type,priority,request_status,service_request_count,affected_accounts,open_requests,in_progress_requests,closed_requests,cancelled_requests,critical_requests,high_priority_requests,medium_priority_requests,low_priority_requests
2024-01,Agriculture And Water Pumping,ALAMEDA,Account Status Review,Medium,Open,1,1,1,0,0,0,0,0,1,0
2024-01,Agriculture And Water Pumping,KERN,High Bill Inquiry,Critical,Closed,1,1,0,0,1,0,1,0,0,0
2024-01,Agriculture And Water Pumping,KERN,Meter Data Investigation,Medium,Closed,1,1,0,0,1,0,0,0,1,0
2024-01,Agriculture And Water Pumping,MONTEREY,High Bill Inquiry,Low,Closed,1,1,0,0,1,0,0,0,0,1
2024-01,Agriculture And Water Pumping,SAN JOAQUIN,Missing Read Investigation,Medium,Open,1,1,1,0,0,0,0,0,1,0
2024-01,Agriculture And Water Pumping,SAN LUIS OBISPO,Outage Follow Up,High,Closed,1,1,0,0,1,0,0,1,0,0
2024-01,Agriculture And Water Pumping,SANTA CRUZ,Outage Follow Up,High,Closed,1,1,0,0,1,0,0,1,0,0
2024-01,Commercial,ALAMEDA,Account Status Review,Low,Open,1,1,1,0,0,0,0,0,0,1
2024-01,Commercial,ALAMEDA,High Bill Inquiry,Low,Closed,1,1,0,0,1,0,0,0,0,1
2024-01,Commercial,ALAMEDA,Missing Read Investigation,Low,Open,1,1,1,0,0,0,0,0,0,1
2024-01,Commercial,FRESNO,Meter Data Investigation,High,Closed,1,1,0,0,1,0,0,1,0,0
2024-01,Commercial,FRESNO,Missing Read Investigation,High,Closed,1,1,0,0,1,0,0,1,0,0
2024-01,Commercial,KERN,Account Status Review,High,Closed,1,1,0,0,1,0,0,1,0,0
2024-01,Commercial,KERN,Meter Data Investigation,Low,Closed,1,1,0,0,1,0,0,0,0,1
2024-01,Commercial,KERN,Missing Read Investigation,Low,Open,1,1,1,0,0,0,0,0,0,1
2024-01,Commercial,MADERA,Missing Read Investigation,High,In Progress,1,1,0,1,0,0,0,1,0,0
2024-01,Commercial,MERCED,Account Status Review,Medium,Closed,1,1,0,0,1,0,0,0,1,0
2024-01,Commercial,MERCED,Outage Follow Up,Medium,In Progress,1,1,0,1,0,0,0,0,1,0
2024-01,Commercial,NEVADA,Account Status Review,Medium,Open,1,1,1,0,0,0,0,0,1,0
2024-01,Commercial,PLACER,High Bill Inquiry,High,In Progress,1,1,0,1,0,0,0,1,0,0
2024-01,Commercial,SAN JOAQUIN,Meter Data Investigation,High,Open,1,1,1,0,0,0,0,1,0,0
2024-01,Commercial,SANTA BARBARA,High Bill Inquiry,Low,Closed,1,1,0,0,1,0,0,0,0,1
2024-01,Commercial,SANTA CLARA,Account Status Review,Medium,Cancelled,1,1,0,0,0,1,0,0,1,0
2024-01,Commercial,SANTA CLARA,Account Status Review,Medium,Closed,1,1,0,0,1,0,0,0,1,0
2024-01,Commercial,SANTA CLARA,Account Status Review,Medium,In Progress,2,2,0,2,0,0,0,0,2,0
2024-01,Commercial,SANTA CLARA,High Bill Inquiry,Medium,Closed,1,1,0,0,1,0,0,0,1,0
2024-01,Commercial,SANTA CLARA,Meter Data Investigation,High,Open,1,1,1,0,0,0,0,1,0,0
2024-01,Commercial,SANTA CLARA,Missing Read Investigation,Medium,Closed,1,1,0,0,1,0,0,0,1,0
2024-01,Commercial,SANTA CLARA,Missing Read Investigation,Medium,Open,1,1,1,0,0,0,0,0,1,0
2024-01,Commercial,SANTA CLARA,Outage Follow Up,Medium,Closed,1,1,0,0,1,0,0,0,1,0
2024-01,Commercial,SOLANO,Account Status Review,Medium,Closed,1,1,0,0,1,0,0,0,1,0
2024-01,Commercial,TUOLUMNE,Outage Follow Up,Medium,Closed,1,1,0,0,1,0,0,0,1,0
2024-01,Commercial,YUBA,Account Status Review,Medium,In Progress,1,1,0,1,0,0,0,0,1,0
2024-01,Industrial,FRESNO,Account Status Review,Medium,Open,1,1,1,0,0,0,0,0,1,0
2024-01,Industrial,KERN,Account Status Review,Low,In Progress,1,1,0,1,0,0,0,0,0,1
2024-01,Industrial,SAN FRANCISCO,Account Status Review,Low,In Progress,1,1,0,1,0,0,0,0,0,1
2024-01,Industrial,SAN JOAQUIN,Account Status Review,Medium,Closed,1,1,0,0,1,0,0,0,1,0
2024-01,Industrial,SOLANO,Account Status Review,Medium,In Progress,1,1,0,1,0,0,0,0,1,0
2024-01,Mining,FRESNO,Account Status Review,Low,Closed,1,1,0,0,1,0,0,0,0,1
2024-01,Mining,SANTA CLARA,Account Status Review,Medium,Closed,1,1,0,0,1,0,0,0,1,0
2024-01,Residential,ALAMEDA,Account Status Review,High,Closed,2,2,0,0,2,0,0,2,0,0
2024-01,Residential,ALAMEDA,Account Status Review,High,In Progress,1,1,0,1,0,0,0,1,0,0
2024-01,Residential,ALAMEDA,Account Status Review,Low,Closed,1,1,0,0,1,0,0,0,0,1
2024-01,Residential,ALAMEDA,Account Status Review,Low,In Progress,2,2,0,2,0,0,0,0,0,2
2024-01,Residential,ALAMEDA,Account Status Review,Low,Open,1,1,1,0,0,0,0,0,0,1
2024-01,Residential,ALAMEDA,Account Status Review,Medium,Closed,4,4,0,0,4,0,0,0,4,0
2024-01,Residential,ALAMEDA,Meter Data Investigation,High,Open,1,1,1,0,0,0,0,1,0,0
2024-01,Residential,ALAMEDA,Meter Data Investigation,Low,Closed,1,1,0,0,1,0,0,0,0,1
2024-01,Residential,ALAMEDA,Missing Read Investigation,High,Open,1,1,1,0,0,0,0,1,0,0
2024-01,Residential,ALAMEDA,Missing Read Investigation,Medium,Closed,1,1,0,0,1,0,0,0,1,0
2024-01,Residential,ALAMEDA,Missing Read Investigation,Medium,In Progress,1,1,0,1,0,0,0,0,1,0
2024-01,Residential,ALAMEDA,Outage Follow Up,Medium,In Progress,1,1,0,1,0,0,0,0,1,0
2024-01,Residential,ALAMEDA,Rate Plan Change,Medium,Closed,1,1,0,0,1,0,0,0,1,0
2024-01,Residential,BUTTE,Account Status Review,Low,Closed,1,1,0,0,1,0,0,0,0,1
2024-01,Residential,BUTTE,Account Status Review,Low,In Progress,1,1,0,1,0,0,0,0,0,1
2024-01,Residential,CONTRA COSTA,Account Status Review,Low,Closed,5,5,0,0,5,0,0,0,0,5
2024-01,Residential,CONTRA COSTA,Account Status Review,Low,In Progress,1,1,0,1,0,0,0,0,0,1
2024-01,Residential,CONTRA COSTA,Account Status Review,Low,Open,1,1,1,0,0,0,0,0,0,1
2024-01,Residential,CONTRA COSTA,Account Status Review,Medium,Closed,4,4,0,0,4,0,0,0,4,0
2024-01,Residential,CONTRA COSTA,Account Status Review,Medium,In Progress,1,1,0,1,0,0,0,0,1,0
2024-01,Residential,CONTRA COSTA,Account Status Review,Medium,Open,3,3,3,0,0,0,0,0,3,0
2024-01,Residential,CONTRA COSTA,Missing Read Investigation,High,Closed,1,1,0,0,1,0,0,1,0,0
2024-01,Residential,CONTRA COSTA,Outage Follow Up,Low,Closed,1,1,0,0,1,0,0,0,0,1
2024-01,Residential,CONTRA COSTA,Outage Follow Up,Medium,In Progress,1,1,0,1,0,0,0,0,1,0
2024-01,Residential,EL DORADO,Account Status Review,Low,In Progress,1,1,0,1,0,0,0,0,0,1
2024-01,Residential,EL DORADO,Missing Read Investigation,Medium,Closed,1,1,0,0,1,0,0,0,1,0
2024-01,Residential,FRESNO,Account Status Review,High,Open,2,2,2,0,0,0,0,2,0,0
2024-01,Residential,FRESNO,Account Status Review,Medium,Closed,1,1,0,0,1,0,0,0,1,0
2024-01,Residential,FRESNO,Account Status Review,Medium,In Progress,1,1,0,1,0,0,0,0,1,0
2024-01,Residential,FRESNO,Account Status Review,Medium,Open,2,2,2,0,0,0,0,0,2,0
2024-01,Residential,FRESNO,Meter Issue,Low,Open,1,1,1,0,0,0,0,0,0,1
2024-01,Residential,FRESNO,Outage Follow Up,Medium,Closed,1,1,0,0,1,0,0,0,1,0
2024-01,Residential,FRESNO,Rate Plan Change,High,In Progress,1,1,0,1,0,0,0,1,0,0
2024-01,Residential,FRESNO,Rate Plan Change,Low,Closed,1,1,0,0,1,0,0,0,0,1
2024-01,Residential,GLENN,Account Status Review,Medium,Closed,1,1,0,0,1,0,0,0,1,0
2024-01,Residential,KERN,Account Status Review,High,Closed,3,3,0,0,3,0,0,3,0,0
2024-01,Residential,KERN,Account Status Review,High,In Progress,1,1,0,1,0,0,0,1,0,0
2024-01,Residential,KERN,Account Status Review,Low,Closed,2,2,0,0,2,0,0,0,0,2
2024-01,Residential,KERN,Account Status Review,Medium,Closed,5,5,0,0,5,0,0,0,5,0
2024-01,Residential,KERN,Account Status Review,Medium,In Progress,1,1,0,1,0,0,0,0,1,0
2024-01,Residential,KERN,Account Status Review,Medium,Open,4,4,4,0,0,0,0,0,4,0
2024-01,Residential,KERN,High Bill Inquiry,High,Closed,1,1,0,0,1,0,0,1,0,0
2024-01,Residential,KERN,High Bill Inquiry,Medium,Cancelled,1,1,0,0,0,1,0,0,1,0
2024-01,Residential,KERN,High Bill Inquiry,Medium,In Progress,1,1,0,1,0,0,0,0,1,0
2024-01,Residential,KERN,Meter Data Investigation,High,Cancelled,1,1,0,0,0,1,0,1,0,0
2024-01,Residential,KERN,Meter Data Investigation,Low,Closed,1,1,0,0,1,0,0,0,0,1
2024-01,Residential,KERN,Meter Data Investigation,Medium,Closed,2,2,0,0,2,0,0,0,2,0
2024-01,Residential,KERN,Meter Data Investigation,Medium,Open,1,1,1,0,0,0,0,0,1,0
2024-01,Residential,KERN,Missing Read Investigation,High,Open,2,2,2,0,0,0,0,2,0,0
2024-01,Residential,KERN,Missing Read Investigation,Low,Closed,2,2,0,0,2,0,0,0,0,2
2024-01,Residential,KERN,Missing Read Investigation,Low,In Progress,1,1,0,1,0,0,0,0,0,1
2024-01,Residential,KERN,Missing Read Investigation,Low,Open,1,1,1,0,0,0,0,0,0,1
2024-01,Residential,KERN,Missing Read Investigation,Medium,Closed,1,1,0,0,1,0,0,0,1,0
2024-01,Residential,KERN,Outage Follow Up,Low,Closed,1,1,0,0,1,0,0,0,0,1
2024-01,Residential,KERN,Outage Follow Up,Medium,Open,1,1,1,0,0,0,0,0,1,0
2024-01,Residential,KINGS,Account Status Review,High,Closed,1,1,0,0,1,0,0,1,0,0
2024-01,Residential,KINGS,Account Status Review,Medium,Closed,1,1,0,0,1,0,0,0,1,0
2024-01,Residential,KINGS,Account Status Review,Medium,Open,1,1,1,0,0,0,0,0,1,0
2024-01,Residential,KINGS,Missing Read Investigation,Low,Closed,1,1,0,0,1,0,0,0,0,1
2024-01,Residential,KINGS,Outage Follow Up,Medium,In Progress,1,1,0,1,0,0,0,0,1,0
2024-01,Residential,LAKE,Meter Data Investigation,Medium,Closed,1,1,0,0,1,0,0,0,1,0
2024-01,Residential,MADERA,Account Status Review,Medium,Closed,1,1,0,0,1,0,0,0,1,0
2024-01,Residential,MADERA,Account Status Review,Medium,Open,1,1,1,0,0,0,0,0,1,0
2024-01,Residential,MARIN,Account Status Review,Medium,Open,1,1,1,0,0,0,0,0,1,0
2024-01,Residential,MARIN,Missing Read Investigation,Low,Closed,1,1,0,0,1,0,0,0,0,1
2024-01,Residential,MERCED,Account Status Review,High,Closed,1,1,0,0,1,0,0,1,0,0
2024-01,Residential,MERCED,Account Status Review,Low,Closed,1,1,0,0,1,0,0,0,0,1
2024-01,Residential,MERCED,Account Status Review,Low,Open,1,1,1,0,0,0,0,0,0,1
2024-01,Residential,MERCED,Account Status Review,Medium,Closed,1,1,0,0,1,0,0,0,1,0
2024-01,Residential,MERCED,Account Status Review,Medium,In Progress,1,1,0,1,0,0,0,0,1,0
2024-01,Residential,MERCED,Meter Issue,Medium,Closed,1,1,0,0,1,0,0,0,1,0
2024-01,Residential,MERCED,Meter Issue,Medium,Open,1,1,1,0,0,0,0,0,1,0
2024-01,Residential,MERCED,Missing Read Investigation,Critical,Closed,1,1,0,0,1,0,1,0,0,0
2024-01,Residential,MERCED,Missing Read Investigation,Medium,Closed,1,1,0,0,1,0,0,0,1,0
2024-01,Residential,MERCED,Missing Read Investigation,Medium,In Progress,1,1,0,1,0,0,0,0,1,0
2024-01,Residential,MONTEREY,Account Status Review,High,Open,1,1,1,0,0,0,0,1,0,0
2024-01,Residential,MONTEREY,Account Status Review,Low,Cancelled,1,1,0,0,0,1,0,0,0,1
2024-01,Residential,MONTEREY,Account Status Review,Medium,Cancelled,1,1,0,0,0,1,0,0,1,0
2024-01,Residential,MONTEREY,Account Status Review,Medium,Closed,2,2,0,0,2,0,0,0,2,0
2024-01,Residential,MONTEREY,Meter Data Investigation,Medium,Closed,1,1,0,0,1,0,0,0,1,0
2024-01,Residential,NAPA,Account Status Review,High,Closed,1,1,0,0,1,0,0,1,0,0
2024-01,Residential,NAPA,Account Status Review,Low,Open,1,1,1,0,0,0,0,0,0,1
2024-01,Residential,NEVADA,Missing Read Investigation,Critical,Open,1,1,1,0,0,0,1,0,0,0
2024-01,Residential,PLACER,Account Status Review,Critical,Closed,1,1,0,0,1,0,1,0,0,0
2024-01,Residential,PLACER,Account Status Review,Critical,Open,2,2,2,0,0,0,2,0,0,0
2024-01,Residential,PLACER,Account Status Review,Low,Closed,1,1,0,0,1,0,0,0,0,1
2024-01,Residential,PLACER,Account Status Review,Medium,Cancelled,1,1,0,0,0,1,0,0,1,0
2024-01,Residential,PLACER,Account Status Review,Medium,Closed,2,2,0,0,2,0,0,0,2,0
2024-01,Residential,PLACER,Account Status Review,Medium,Open,1,1,1,0,0,0,0,0,1,0
2024-01,Residential,PLACER,Missing Read Investigation,Medium,Open,1,1,1,0,0,0,0,0,1,0
2024-01,Residential,PLUMAS,High Bill Inquiry,Low,In Progress,1,1,0,1,0,0,0,0,0,1
2024-01,Residential,SAN FRANCISCO,Account Status Review,High,In Progress,1,1,0,1,0,0,0,1,0,0
2024-01,Residential,SAN FRANCISCO,Account Status Review,Low,Closed,1,1,0,0,1,0,0,0,0,1
2024-01,Residential,SAN FRANCISCO,Account Status Review,Medium,Closed,2,2,0,0,2,0,0,0,2,0
2024-01,Residential,SAN FRANCISCO,Account Status Review,Medium,In Progress,1,1,0,1,0,0,0,0,1,0
2024-01,Residential,SAN FRANCISCO,Missing Read Investigation,Low,Closed,1,1,0,0,1,0,0,0,0,1
2024-01,Residential,SAN FRANCISCO,Outage Follow Up,High,Closed,1,1,0,0,1,0,0,1,0,0
2024-01,Residential,SAN FRANCISCO,Outage Follow Up,High,In Progress,1,1,0,1,0,0,0,1,0,0
2024-01,Residential,SAN JOAQUIN,Account Status Review,Low,In Progress,1,1,0,1,0,0,0,0,0,1
2024-01,Residential,SAN JOAQUIN,Account Status Review,Medium,Closed,3,3,0,0,3,0,0,0,3,0
2024-01,Residential,SAN JOAQUIN,Meter Issue,Low,Closed,1,1,0,0,1,0,0,0,0,1
2024-01,Residential,SAN JOAQUIN,Missing Read Investigation,High,Closed,1,1,0,0,1,0,0,1,0,0
2024-01,Residential,SAN JOAQUIN,Missing Read Investigation,Low,Closed,1,1,0,0,1,0,0,0,0,1
2024-01,Residential,SAN LUIS OBISPO,Account Status Review,Low,Closed,1,1,0,0,1,0,0,0,0,1
2024-01,Residential,SAN LUIS OBISPO,Account Status Review,Medium,Closed,1,1,0,0,1,0,0,0,1,0
2024-01,Residential,SAN MATEO,Account Status Review,High,Closed,1,1,0,0,1,0,0,1,0,0
2024-01,Residential,SAN MATEO,Account Status Review,High,In Progress,1,1,0,1,0,0,0,1,0,0
2024-01,Residential,SAN MATEO,Account Status Review,Medium,Cancelled,1,1,0,0,0,1,0,0,1,0
2024-01,Residential,SAN MATEO,Account Status Review,Medium,Closed,1,1,0,0,1,0,0,0,1,0
2024-01,Residential,SAN MATEO,Account Status Review,Medium,In Progress,1,1,0,1,0,0,0,0,1,0
2024-01,Residential,SAN MATEO,Missing Read Investigation,High,In Progress,1,1,0,1,0,0,0,1,0,0
2024-01,Residential,SAN MATEO,Missing Read Investigation,Medium,Closed,2,2,0,0,2,0,0,0,2,0
2024-01,Residential,SAN MATEO,Missing Read Investigation,Medium,In Progress,1,1,0,1,0,0,0,0,1,0
2024-01,Residential,SAN MATEO,Outage Follow Up,Medium,Closed,1,1,0,0,1,0,0,0,1,0
2024-01,Residential,SANTA BARBARA,Account Status Review,Critical,In Progress,1,1,0,1,0,0,1,0,0,0
2024-01,Residential,SANTA BARBARA,Missing Read Investigation,Medium,Cancelled,1,1,0,0,0,1,0,0,1,0
2024-01,Residential,SANTA CLARA,Account Status Review,High,Closed,3,3,0,0,3,0,0,3,0,0
2024-01,Residential,SANTA CLARA,Account Status Review,Low,Closed,3,3,0,0,3,0,0,0,0,3
2024-01,Residential,SANTA CLARA,Account Status Review,Low,In Progress,1,1,0,1,0,0,0,0,0,1
2024-01,Residential,SANTA CLARA,Account Status Review,Medium,Closed,5,5,0,0,5,0,0,0,5,0
2024-01,Residential,SANTA CLARA,Account Status Review,Medium,In Progress,2,2,0,2,0,0,0,0,2,0
2024-01,Residential,SANTA CLARA,Account Status Review,Medium,Open,1,1,1,0,0,0,0,0,1,0
2024-01,Residential,SANTA CLARA,High Bill Inquiry,Medium,Closed,1,1,0,0,1,0,0,0,1,0
2024-01,Residential,SANTA CLARA,Meter Data Investigation,High,Closed,1,1,0,0,1,0,0,1,0,0
2024-01,Residential,SANTA CLARA,Meter Data Investigation,Low,Closed,1,1,0,0,1,0,0,0,0,1
2024-01,Residential,SANTA CLARA,Meter Data Investigation,Medium,Closed,1,1,0,0,1,0,0,0,1,0
2024-01,Residential,SANTA CLARA,Meter Data Investigation,Medium,Open,1,1,1,0,0,0,0,0,1,0
2024-01,Residential,SANTA CLARA,Missing Read Investigation,High,Closed,1,1,0,0,1,0,0,1,0,0
2024-01,Residential,SANTA CLARA,Missing Read Investigation,High,In Progress,1,1,0,1,0,0,0,1,0,0
2024-01,Residential,SANTA CLARA,Missing Read Investigation,Low,Closed,2,2,0,0,2,0,0,0,0,2
2024-01,Residential,SANTA CLARA,Missing Read Investigation,Medium,In Progress,2,2,0,2,0,0,0,0,2,0
2024-01,Residential,SANTA CLARA,Missing Read Investigation,Medium,Open,1,1,1,0,0,0,0,0,1,0
2024-01,Residential,SANTA CLARA,Outage Follow Up,Medium,Closed,1,1,0,0,1,0,0,0,1,0
2024-01,Residential,SANTA CRUZ,Account Status Review,High,In Progress,1,1,0,1,0,0,0,1,0,0
2024-01,Residential,SANTA CRUZ,Account Status Review,High,Open,1,1,1,0,0,0,0,1,0,0
2024-01,Residential,SHASTA,Account Status Review,Low,Open,1,1,1,0,0,0,0,0,0,1
2024-01,Residential,SHASTA,Meter Data Investigation,High,Closed,1,1,0,0,1,0,0,1,0,0
2024-01,Residential,SHASTA,Missing Read Investigation,Low,Closed,1,1,0,0,1,0,0,0,0,1
2024-01,Residential,SOLANO,Account Status Review,High,Closed,1,1,0,0,1,0,0,1,0,0
2024-01,Residential,SOLANO,Account Status Review,Medium,Open,1,1,1,0,0,0,0,0,1,0
2024-01,Residential,SOLANO,Missing Read Investigation,Low,Closed,1,1,0,0,1,0,0,0,0,1
2024-01,Residential,SOLANO,Missing Read Investigation,Medium,In Progress,1,1,0,1,0,0,0,0,1,0
2024-01,Residential,SONOMA,Account Status Review,Critical,Closed,1,1,0,0,1,0,1,0,0,0
2024-01,Residential,SONOMA,Account Status Review,Low,In Progress,1,1,0,1,0,0,0,0,0,1
2024-01,Residential,SONOMA,Account Status Review,Medium,Closed,1,1,0,0,1,0,0,0,1,0
2024-01,Residential,SUTTER,Outage Follow Up,Low,Closed,1,1,0,0,1,0,0,0,0,1
2024-01,Residential,TUOLUMNE,Account Status Review,High,Closed,1,1,0,0,1,0,0,1,0,0
2024-01,Streetlighting,KERN,Meter Issue,Medium,In Progress,1,1,0,1,0,0,0,0,1,0
2024-01,Streetlighting,SAN JOAQUIN,Account Status Review,High,Closed,1,1,0,0,1,0,0,1,0,0
2024-01,"Transportation, Communications, & Utilities",SAN MATEO,Account Status Review,Medium,Open,1,1,1,0,0,0,0,0,1,0
2024-01,"Transportation, Communications, & Utilities",SANTA CLARA,Account Status Review,Low,Closed,1,1,0,0,1,0,0,0,0,1
2024-01,"Transportation, Communications, & Utilities",SANTA CLARA,Account Status Review,Medium,Closed,1,1,0,0,1,0,0,0,1,0
2024-02,Agriculture And Water Pumping,ALAMEDA,Account Status Review,Medium,Closed,1,1,0,0,1,0,0,0,1,0
2024-02,Agriculture And Water Pumping,ALAMEDA,Missing Read Investigation,Medium,Cancelled,1,1,0,0,0,1,0,0,1,0
2024-02,Agriculture And Water Pumping,FRESNO,Meter Issue,Low,Closed,1,1,0,0,1,0,0,0,0,1
2024-02,Agriculture And Water Pumping,KERN,Account Status Review,Low,Open,1,1,1,0,0,0,0,0,0,1
2024-02,Agriculture And Water Pumping,KERN,Account Status Review,Medium,In Progress,1,1,0,1,0,0,0,0,1,0
2024-02,Agriculture And Water Pumping,KINGS,Account Status Review,Medium,Closed,1,1,0,0,1,0,0,0,1,0
2024-02,Agriculture And Water Pumping,MERCED,Rate Plan Change,Low,Closed,1,1,0,0,1,0,0,0,0,1
2024-02,Commercial,ALAMEDA,Account Status Review,Low,Closed,2,2,0,0,2,0,0,0,0,2
2024-02,Commercial,ALAMEDA,Account Status Review,Low,Open,2,2,2,0,0,0,0,0,0,2
2024-02,Commercial,ALAMEDA,Account Status Review,Medium,Cancelled,1,1,0,0,0,1,0,0,1,0
2024-02,Commercial,ALAMEDA,Meter Data Investigation,Low,Open,1,1,1,0,0,0,0,0,0,1
2024-02,Commercial,ALAMEDA,Rate Plan Change,High,Closed,1,1,0,0,1,0,0,1,0,0
2024-02,Commercial,CONTRA COSTA,Account Status Review,Low,Closed,1,1,0,0,1,0,0,0,0,1
2024-02,Commercial,EL DORADO,Rate Plan Change,Low,In Progress,1,1,0,1,0,0,0,0,0,1
2024-02,Commercial,FRESNO,Meter Issue,Low,Closed,1,1,0,0,1,0,0,0,0,1
2024-02,Commercial,GLENN,Missing Read Investigation,High,In Progress,1,1,0,1,0,0,0,1,0,0
2024-02,Commercial,HUMBOLDT,Account Status Review,Low,In Progress,1,1,0,1,0,0,0,0,0,1
2024-02,Commercial,KERN,Account Status Review,Low,Closed,1,1,0,0,1,0,0,0,0,1
2024-02,Commercial,KERN,Account Status Review,Medium,Closed,1,1,0,0,1,0,0,0,1,0
2024-02,Commercial,KERN,Missing Read Investigation,Critical,In Progress,1,1,0,1,0,0,1,0,0,0
2024-02,Commercial,KERN,Missing Read Investigation,Low,Closed,1,1,0,0,1,0,0,0,0,1
2024-02,Commercial,KERN,Missing Read Investigation,Low,Open,1,1,1,0,0,0,0,0,0,1
2024-02,Commercial,KERN,Missing Read Investigation,Medium,Closed,1,1,0,0,1,0,0,0,1,0
2024-02,Commercial,MADERA,Account Status Review,Low,Closed,1,1,0,0,1,0,0,0,0,1
2024-02,Commercial,MERCED,Account Status Review,Medium,Open,1,1,1,0,0,0,0,0,1,0
2024-02,Commercial,MERCED,Meter Data Investigation,Critical,Closed,1,1,0,0,1,0,1,0,0,0
2024-02,Commercial,PLACER,Account Status Review,Medium,In Progress,1,1,0,1,0,0,0,0,1,0
2024-02,Commercial,SANTA BARBARA,Account Status Review,Low,Closed,1,1,0,0,1,0,0,0,0,1
2024-02,Commercial,SANTA CLARA,Account Status Review,High,Closed,1,1,0,0,1,0,0,1,0,0
2024-02,Commercial,SANTA CLARA,Account Status Review,Medium,Closed,1,1,0,0,1,0,0,0,1,0
2024-02,Commercial,SANTA CLARA,Account Status Review,Medium,In Progress,3,3,0,3,0,0,0,0,3,0
2024-02,Commercial,SANTA CLARA,High Bill Inquiry,Medium,Closed,1,1,0,0,1,0,0,0,1,0
2024-02,Commercial,SANTA CLARA,Meter Data Investigation,Low,In Progress,1,1,0,1,0,0,0,0,0,1
2024-02,Commercial,SANTA CLARA,Missing Read Investigation,Critical,Open,1,1,1,0,0,0,1,0,0,0
2024-02,Commercial,SANTA CLARA,Outage Follow Up,Medium,Open,1,1,1,0,0,0,0,0,1,0
2024-02,Commercial,SHASTA,Outage Follow Up,Medium,Closed,1,1,0,0,1,0,0,0,1,0
2024-02,Commercial,TUOLUMNE,Account Status Review,Low,In Progress,1,1,0,1,0,0,0,0,0,1
2024-02,Industrial,ALAMEDA,Account Status Review,Low,Closed,1,1,0,0,1,0,0,0,0,1
2024-02,Industrial,CALAVERAS,Account Status Review,Medium,Closed,1,1,0,0,1,0,0,0,1,0
2024-02,Industrial,CONTRA COSTA,Meter Issue,Medium,Open,1,1,1,0,0,0,0,0,1,0
2024-02,Industrial,FRESNO,Account Status Review,Medium,Closed,1,1,0,0,1,0,0,0,1,0
2024-02,Industrial,HUMBOLDT,Account Status Review,High,Open,1,1,1,0,0,0,0,1,0,0
2024-02,Industrial,KERN,Account Status Review,Medium,Open,1,1,1,0,0,0,0,0,1,0
2024-02,Industrial,KERN,Rate Plan Change,Medium,In Progress,1,1,0,1,0,0,0,0,1,0
2024-02,Industrial,PLACER,High Bill Inquiry,Medium,Cancelled,1,1,0,0,0,1,0,0,1,0
2024-02,Industrial,SAN FRANCISCO,Account Status Review,Medium,In Progress,1,1,0,1,0,0,0,0,1,0
2024-02,Industrial,SAN JOAQUIN,Account Status Review,Medium,Closed,1,1,0,0,1,0,0,0,1,0
2024-02,Mining,KERN,Meter Data Investigation,Medium,Open,1,1,1,0,0,0,0,0,1,0
2024-02,Residential,ALAMEDA,Account Status Review,Critical,In Progress,1,1,0,1,0,0,1,0,0,0
2024-02,Residential,ALAMEDA,Account Status Review,High,Closed,3,3,0,0,3,0,0,3,0,0
2024-02,Residential,ALAMEDA,Account Status Review,High,In Progress,2,2,0,2,0,0,0,2,0,0
2024-02,Residential,ALAMEDA,Account Status Review,High,Open,1,1,1,0,0,0,0,1,0,0
2024-02,Residential,ALAMEDA,Account Status Review,Low,Closed,1,1,0,0,1,0,0,0,0,1
2024-02,Residential,ALAMEDA,Account Status Review,Low,Open,2,2,2,0,0,0,0,0,0,2
2024-02,Residential,ALAMEDA,Account Status Review,Medium,Closed,5,5,0,0,5,0,0,0,5,0
2024-02,Residential,ALAMEDA,Account Status Review,Medium,Open,3,3,3,0,0,0,0,0,3,0
2024-02,Residential,ALAMEDA,High Bill Inquiry,Medium,Closed,1,1,0,0,1,0,0,0,1,0
2024-02,Residential,ALAMEDA,High Bill Inquiry,Medium,Open,1,1,1,0,0,0,0,0,1,0
2024-02,Residential,ALAMEDA,Meter Data Investigation,High,Closed,1,1,0,0,1,0,0,1,0,0
2024-02,Residential,ALAMEDA,Meter Data Investigation,Medium,Closed,1,1,0,0,1,0,0,0,1,0
2024-02,Residential,ALAMEDA,Missing Read Investigation,Critical,Open,1,1,1,0,0,0,1,0,0,0
2024-02,Residential,ALAMEDA,Missing Read Investigation,Medium,Closed,1,1,0,0,1,0,0,0,1,0
2024-02,Residential,AMADOR,Account Status Review,High,Closed,1,1,0,0,1,0,0,1,0,0
2024-02,Residential,BUTTE,Account Status Review,Low,In Progress,1,1,0,1,0,0,0,0,0,1
2024-02,Residential,BUTTE,Missing Read Investigation,Low,Closed,1,1,0,0,1,0,0,0,0,1
2024-02,Residential,CALAVERAS,Account Status Review,Critical,Closed,1,1,0,0,1,0,1,0,0,0
2024-02,Residential,COLUSA,Account Status Review,High,Closed,1,1,0,0,1,0,0,1,0,0
2024-02,Residential,CONTRA COSTA,Account Status Review,Critical,Open,1,1,1,0,0,0,1,0,0,0
2024-02,Residential,CONTRA COSTA,Account Status Review,High,Closed,2,2,0,0,2,0,0,2,0,0
2024-02,Residential,CONTRA COSTA,Account Status Review,High,In Progress,1,1,0,1,0,0,0,1,0,0
2024-02,Residential,CONTRA COSTA,Account Status Review,High,Open,1,1,1,0,0,0,0,1,0,0
2024-02,Residential,CONTRA COSTA,Account Status Review,Low,Cancelled,1,1,0,0,0,1,0,0,0,1
2024-02,Residential,CONTRA COSTA,Account Status Review,Low,Closed,2,2,0,0,2,0,0,0,0,2
2024-02,Residential,CONTRA COSTA,Account Status Review,Low,In Progress,2,2,0,2,0,0,0,0,0,2
2024-02,Residential,CONTRA COSTA,Account Status Review,Low,Open,2,2,2,0,0,0,0,0,0,2
2024-02,Residential,CONTRA COSTA,Account Status Review,Medium,Cancelled,1,1,0,0,0,1,0,0,1,0
2024-02,Residential,CONTRA COSTA,Account Status Review,Medium,Closed,4,4,0,0,4,0,0,0,4,0
2024-02,Residential,CONTRA COSTA,Account Status Review,Medium,In Progress,1,1,0,1,0,0,0,0,1,0
2024-02,Residential,CONTRA COSTA,High Bill Inquiry,High,Open,1,1,1,0,0,0,0,1,0,0
2024-02,Residential,CONTRA COSTA,Meter Issue,Low,Closed,1,1,0,0,1,0,0,0,0,1
2024-02,Residential,CONTRA COSTA,Missing Read Investigation,High,Closed,1,1,0,0,1,0,0,1,0,0
2024-02,Residential,CONTRA COSTA,Missing Read Investigation,Low,In Progress,1,1,0,1,0,0,0,0,0,1
2024-02,Residential,CONTRA COSTA,Missing Read Investigation,Low,Open,1,1,1,0,0,0,0,0,0,1
2024-02,Residential,CONTRA COSTA,Missing Read Investigation,Medium,Open,1,1,1,0,0,0,0,0,1,0
2024-02,Residential,CONTRA COSTA,Rate Plan Change,High,Closed,1,1,0,0,1,0,0,1,0,0
2024-02,Residential,EL DORADO,Account Status Review,High,Cancelled,1,1,0,0,0,1,0,1,0,0
2024-02,Residential,EL DORADO,Account Status Review,High,Closed,1,1,0,0,1,0,0,1,0,0
2024-02,Residential,EL DORADO,Account Status Review,Low,Closed,1,1,0,0,1,0,0,0,0,1
2024-02,Residential,FRESNO,Account Status Review,Critical,Closed,1,1,0,0,1,0,1,0,0,0
2024-02,Residential,FRESNO,Account Status Review,High,Closed,1,1,0,0,1,0,0,1,0,0
2024-02,Residential,FRESNO,Account Status Review,Low,Closed,1,1,0,0,1,0,0,0,0,1
2024-02,Residential,FRESNO,Account Status Review,Low,Open,1,1,1,0,0,0,0,0,0,1
2024-02,Residential,FRESNO,Account Status Review,Medium,Closed,2,2,0,0,2,0,0,0,2,0
2024-02,Residential,FRESNO,Meter Data Investigation,Critical,In Progress,1,1,0,1,0,0,1,0,0,0
2024-02,Residential,FRESNO,Meter Data Investigation,Low,Closed,1,1,0,0,1,0,0,0,0,1
2024-02,Residential,FRESNO,Outage Follow Up,Low,Closed,1,1,0,0,1,0,0,0,0,1
2024-02,Residential,GLENN,Account Status Review,Medium,Open,1,1,1,0,0,0,0,0,1,0
2024-02,Residential,HUMBOLDT,Missing Read Investigation,Medium,In Progress,1,1,0,1,0,0,0,0,1,0
2024-02,Residential,KERN,Account Status Review,High,Closed,1,1,0,0,1,0,0,1,0,0
2024-02,Residential,KERN,Account Status Review,High,In Progress,1,1,0,1,0,0,0,1,0,0
2024-02,Residential,KERN,Account Status Review,High,Open,3,3,3,0,0,0,0,3,0,0
2024-02,Residential,KERN,Account Status Review,Low,Closed,2,2,0,0,2,0,0,0,0,2
2024-02,Residential,KERN,Account Status Review,Low,Open,1,1,1,0,0,0,0,0,0,1
2024-02,Residential,KERN,Account Status Review,Medium,Closed,2,2,0,0,2,0,0,0,2,0
2024-02,Residential,KERN,Account Status Review,Medium,In Progress,4,4,0,4,0,0,0,0,4,0
2024-02,Residential,KERN,High Bill Inquiry,Low,Open,1,1,1,0,0,0,0,0,0,1
2024-02,Residential,KERN,High Bill Inquiry,Medium,Closed,1,1,0,0,1,0,0,0,1,0
2024-02,Residential,KERN,High Bill Inquiry,Medium,Open,1,1,1,0,0,0,0,0,1,0
2024-02,Residential,KERN,Meter Data Investigation,High,Open,1,1,1,0,0,0,0,1,0,0
2024-02,Residential,KERN,Meter Data Investigation,Low,Closed,1,1,0,0,1,0,0,0,0,1
2024-02,Residential,KERN,Meter Data Investigation,Medium,Cancelled,1,1,0,0,0,1,0,0,1,0
2024-02,Residential,KERN,Meter Issue,Low,In Progress,1,1,0,1,0,0,0,0,0,1
2024-02,Residential,KERN,Missing Read Investigation,Low,Closed,2,2,0,0,2,0,0,0,0,2
2024-02,Residential,KERN,Missing Read Investigation,Low,In Progress,1,1,0,1,0,0,0,0,0,1
2024-02,Residential,KERN,Missing Read Investigation,Medium,In Progress,1,1,0,1,0,0,0,0,1,0
2024-02,Residential,KERN,Outage Follow Up,Low,Closed,2,2,0,0,2,0,0,0,0,2
2024-02,Residential,KERN,Outage Follow Up,Medium,Closed,3,3,0,0,3,0,0,0,3,0
2024-02,Residential,KINGS,Account Status Review,Critical,Cancelled,1,1,0,0,0,1,1,0,0,0
2024-02,Residential,KINGS,Account Status Review,Medium,Closed,1,1,0,0,1,0,0,0,1,0
2024-02,Residential,KINGS,Missing Read Investigation,Low,Closed,1,1,0,0,1,0,0,0,0,1
2024-02,Residential,MADERA,Account Status Review,Low,Closed,1,1,0,0,1,0,0,0,0,1
2024-02,Residential,MADERA,Missing Read Investigation,High,Closed,1,1,0,0,1,0,0,1,0,0
2024-02,Residential,MARIN,Meter Data Investigation,Low,In Progress,1,1,0,1,0,0,0,0,0,1
2024-02,Residential,MARIN,Missing Read Investigation,Medium,Closed,1,1,0,0,1,0,0,0,1,0
2024-02,Residential,MENDOCINO,Account Status Review,High,Cancelled,1,1,0,0,0,1,0,1,0,0
2024-02,Residential,MERCED,Account Status Review,Low,Open,1,1,1,0,0,0,0,0,0,1
2024-02,Residential,MERCED,Account Status Review,Medium,Closed,1,1,0,0,1,0,0,0,1,0
2024-02,Residential,MERCED,Meter Data Investigation,Critical,Cancelled,1,1,0,0,0,1,1,0,0,0
2024-02,Residential,MERCED,Missing Read Investigation,High,Open,1,1,1,0,0,0,0,1,0,0
2024-02,Residential,MERCED,Outage Follow Up,High,Closed,1,1,0,0,1,0,0,1,0,0
2024-02,Residential,MERCED,Outage Follow Up,High,Open,1,1,1,0,0,0,0,1,0,0
2024-02,Residential,MONTEREY,Account Status Review,Low,Closed,1,1,0,0,1,0,0,0,0,1
2024-02,Residential,MONTEREY,Account Status Review,Low,Open,1,1,1,0,0,0,0,0,0,1
2024-02,Residential,MONTEREY,Account Status Review,Medium,Closed,1,1,0,0,1,0,0,0,1,0
2024-02,Residential,MONTEREY,Missing Read Investigation,Medium,In Progress,1,1,0,1,0,0,0,0,1,0
2024-02,Residential,MONTEREY,Rate Plan Change,Low,Open,1,1,1,0,0,0,0,0,0,1
2024-02,Residential,NAPA,Account Status Review,High,Closed,1,1,0,0,1,0,0,1,0,0
2024-02,Residential,NAPA,Account Status Review,Low,Open,1,1,1,0,0,0,0,0,0,1
2024-02,Residential,NAPA,Missing Read Investigation,High,Closed,1,1,0,0,1,0,0,1,0,0
2024-02,Residential,NAPA,Missing Read Investigation,Medium,Closed,1,1,0,0,1,0,0,0,1,0
2024-02,Residential,NEVADA,Account Status Review,High,Closed,1,1,0,0,1,0,0,1,0,0
2024-02,Residential,NEVADA,Account Status Review,High,Open,1,1,1,0,0,0,0,1,0,0
2024-02,Residential,PLACER,Account Status Review,Critical,Closed,1,1,0,0,1,0,1,0,0,0
2024-02,Residential,PLACER,Account Status Review,Medium,Closed,1,1,0,0,1,0,0,0,1,0
2024-02,Residential,PLACER,Account Status Review,Medium,Open,1,1,1,0,0,0,0,0,1,0
2024-02,Residential,PLACER,Missing Read Investigation,High,Closed,1,1,0,0,1,0,0,1,0,0
2024-02,Residential,PLACER,Missing Read Investigation,Medium,Cancelled,1,1,0,0,0,1,0,0,1,0
2024-02,Residential,PLACER,Rate Plan Change,Medium,In Progress,1,1,0,1,0,0,0,0,1,0
2024-02,Residential,PLACER,Rate Plan Change,Medium,Open,1,1,1,0,0,0,0,0,1,0
2024-02,Residential,SAN FRANCISCO,Account Status Review,High,Closed,2,2,0,0,2,0,0,2,0,0
2024-02,Residential,SAN FRANCISCO,Account Status Review,Low,In Progress,1,1,0,1,0,0,0,0,0,1
2024-02,Residential,SAN FRANCISCO,Account Status Review,Medium,Closed,2,2,0,0,2,0,0,0,2,0
2024-02,Residential,SAN FRANCISCO,Account Status Review,Medium,Open,1,1,1,0,0,0,0,0,1,0
2024-02,Residential,SAN JOAQUIN,Account Status Review,Critical,Closed,2,2,0,0,2,0,2,0,0,0
2024-02,Residential,SAN JOAQUIN,Account Status Review,High,Closed,1,1,0,0,1,0,0,1,0,0
2024-02,Residential,SAN JOAQUIN,Account Status Review,Low,In Progress,1,1,0,1,0,0,0,0,0,1
2024-02,Residential,SAN JOAQUIN,Account Status Review,Medium,Closed,1,1,0,0,1,0,0,0,1,0
2024-02,Residential,SAN JOAQUIN,High Bill Inquiry,Low,Open,1,1,1,0,0,0,0,0,0,1
2024-02,Residential,SAN JOAQUIN,Meter Data Investigation,Medium,Closed,1,1,0,0,1,0,0,0,1,0
2024-02,Residential,SAN JOAQUIN,Rate Plan Change,Low,Closed,1,1,0,0,1,0,0,0,0,1
2024-02,Residential,SAN LUIS OBISPO,Account Status Review,Low,Closed,1,1,0,0,1,0,0,0,0,1
2024-02,Residential,SAN LUIS OBISPO,Account Status Review,Medium,Closed,1,1,0,0,1,0,0,0,1,0
2024-02,Residential,SAN MATEO,Account Status Review,High,Closed,1,1,0,0,1,0,0,1,0,0
2024-02,Residential,SAN MATEO,Account Status Review,High,Open,1,1,1,0,0,0,0,1,0,0
2024-02,Residential,SAN MATEO,Account Status Review,Low,In Progress,1,1,0,1,0,0,0,0,0,1
2024-02,Residential,SAN MATEO,Account Status Review,Medium,Closed,1,1,0,0,1,0,0,0,1,0
2024-02,Residential,SAN MATEO,Account Status Review,Medium,In Progress,1,1,0,1,0,0,0,0,1,0
2024-02,Residential,SAN MATEO,Meter Data Investigation,High,Closed,1,1,0,0,1,0,0,1,0,0
2024-02,Residential,SAN MATEO,Missing Read Investigation,Low,Open,1,1,1,0,0,0,0,0,0,1
2024-02,Residential,SANTA BARBARA,Account Status Review,Medium,Closed,3,3,0,0,3,0,0,0,3,0
2024-02,Residential,SANTA BARBARA,Missing Read Investigation,Medium,Closed,1,1,0,0,1,0,0,0,1,0
2024-02,Residential,SANTA CLARA,Account Status Review,Critical,Closed,1,1,0,0,1,0,1,0,0,0
2024-02,Residential,SANTA CLARA,Account Status Review,High,Closed,2,2,0,0,2,0,0,2,0,0
2024-02,Residential,SANTA CLARA,Account Status Review,High,Open,2,2,2,0,0,0,0,2,0,0
2024-02,Residential,SANTA CLARA,Account Status Review,Low,Closed,2,2,0,0,2,0,0,0,0,2
2024-02,Residential,SANTA CLARA,Account Status Review,Low,In Progress,1,1,0,1,0,0,0,0,0,1
2024-02,Residential,SANTA CLARA,Account Status Review,Medium,Closed,4,4,0,0,4,0,0,0,4,0
2024-02,Residential,SANTA CLARA,Account Status Review,Medium,Open,1,1,1,0,0,0,0,0,1,0
2024-02,Residential,SANTA CLARA,High Bill Inquiry,High,In Progress,1,1,0,1,0,0,0,1,0,0
2024-02,Residential,SANTA CLARA,Meter Data Investigation,Low,In Progress,1,1,0,1,0,0,0,0,0,1
2024-02,Residential,SANTA CLARA,Meter Data Investigation,Low,Open,1,1,1,0,0,0,0,0,0,1
2024-02,Residential,SANTA CLARA,Meter Data Investigation,Medium,Closed,3,3,0,0,3,0,0,0,3,0
2024-02,Residential,SANTA CLARA,Missing Read Investigation,Medium,Open,3,3,3,0,0,0,0,0,3,0
2024-02,Residential,SANTA CLARA,Outage Follow Up,High,Closed,1,1,0,0,1,0,0,1,0,0
2024-02,Residential,SANTA CLARA,Rate Plan Change,Medium,Closed,1,1,0,0,1,0,0,0,1,0
2024-02,Residential,SANTA CRUZ,Account Status Review,Low,Closed,1,1,0,0,1,0,0,0,0,1
2024-02,Residential,SHASTA,Missing Read Investigation,High,In Progress,1,1,0,1,0,0,0,1,0,0
2024-02,Residential,SOLANO,High Bill Inquiry,Medium,Closed,2,2,0,0,2,0,0,0,2,0
2024-02,Residential,SOLANO,Meter Data Investigation,Medium,Closed,1,1,0,0,1,0,0,0,1,0
2024-02,Residential,SOLANO,Missing Read Investigation,Medium,Closed,1,1,0,0,1,0,0,0,1,0
2024-02,Residential,SONOMA,Account Status Review,Low,Closed,2,2,0,0,2,0,0,0,0,2
2024-02,Residential,SONOMA,Account Status Review,Medium,Closed,1,1,0,0,1,0,0,0,1,0
2024-02,Residential,SONOMA,Account Status Review,Medium,In Progress,1,1,0,1,0,0,0,0,1,0
2024-02,Residential,SONOMA,Meter Data Investigation,High,Closed,1,1,0,0,1,0,0,1,0,0
2024-02,Residential,SONOMA,Missing Read Investigation,Low,Closed,1,1,0,0,1,0,0,0,0,1
2024-02,Residential,SUTTER,Account Status Review,High,Open,1,1,1,0,0,0,0,1,0,0
2024-02,Residential,TUOLUMNE,Account Status Review,Medium,Closed,1,1,0,0,1,0,0,0,1,0
2024-02,Residential,TUOLUMNE,Missing Read Investigation,Low,Cancelled,1,1,0,0,0,1,0,0,0,1
2024-02,Residential,YOLO,Account Status Review,High,Closed,2,2,0,0,2,0,0,2,0,0
2024-02,Residential,YOLO,Account Status Review,Low,Open,1,1,1,0,0,0,0,0,0,1
2024-02,Residential,YOLO,Account Status Review,Medium,Closed,1,1,0,0,1,0,0,0,1,0
2024-02,Streetlighting,FRESNO,Account Status Review,Medium,Open,1,1,1,0,0,0,0,0,1,0
2024-02,"Transportation, Communications, & Utilities",KERN,Meter Data Investigation,High,Closed,1,1,0,0,1,0,0,1,0,0
2024-02,"Transportation, Communications, & Utilities",SANTA CLARA,Account Status Review,Critical,Closed,1,1,0,0,1,0,1,0,0,0
2024-03,Agriculture And Water Pumping,ALAMEDA,Account Status Review,High,Closed,1,1,0,0,1,0,0,1,0,0
2024-03,Agriculture And Water Pumping,ALAMEDA,Outage Follow Up,Low,Closed,1,1,0,0,1,0,0,0,0,1
2024-03,Agriculture And Water Pumping,ALAMEDA,Outage Follow Up,Medium,Open,1,1,1,0,0,0,0,0,1,0
2024-03,Agriculture And Water Pumping,CONTRA COSTA,Account Status Review,Medium,Closed,1,1,0,0,1,0,0,0,1,0
2024-03,Agriculture And Water Pumping,KERN,Account Status Review,Low,Closed,1,1,0,0,1,0,0,0,0,1
2024-03,Agriculture And Water Pumping,KINGS,Account Status Review,Medium,Closed,1,1,0,0,1,0,0,0,1,0
2024-03,Agriculture And Water Pumping,KINGS,Rate Plan Change,Medium,Closed,1,1,0,0,1,0,0,0,1,0
2024-03,Agriculture And Water Pumping,SAN FRANCISCO,Outage Follow Up,Medium,Closed,1,1,0,0,1,0,0,0,1,0
2024-03,Agriculture And Water Pumping,SOLANO,High Bill Inquiry,Medium,Closed,1,1,0,0,1,0,0,0,1,0
2024-03,Commercial,ALAMEDA,Account Status Review,Low,Closed,1,1,0,0,1,0,0,0,0,1
2024-03,Commercial,ALAMEDA,Account Status Review,Medium,Open,1,1,1,0,0,0,0,0,1,0
2024-03,Commercial,CONTRA COSTA,Account Status Review,Low,Cancelled,1,1,0,0,0,1,0,0,0,1
2024-03,Commercial,CONTRA COSTA,Missing Read Investigation,Medium,Closed,1,1,0,0,1,0,0,0,1,0
2024-03,Commercial,CONTRA COSTA,Rate Plan Change,Medium,Closed,1,1,0,0,1,0,0,0,1,0
2024-03,Commercial,FRESNO,Missing Read Investigation,High,Closed,1,1,0,0,1,0,0,1,0,0
2024-03,Commercial,FRESNO,Rate Plan Change,Medium,Open,1,1,1,0,0,0,0,0,1,0
2024-03,Commercial,KERN,Meter Data Investigation,Low,Closed,1,1,0,0,1,0,0,0,0,1
2024-03,Commercial,KERN,Meter Issue,Medium,Closed,1,1,0,0,1,0,0,0,1,0
2024-03,Commercial,KERN,Outage Follow Up,Medium,Closed,1,1,0,0,1,0,0,0,1,0
2024-03,Commercial,MADERA,Account Status Review,Medium,In Progress,1,1,0,1,0,0,0,0,1,0
2024-03,Commercial,NAPA,Missing Read Investigation,Medium,Closed,1,1,0,0,1,0,0,0,1,0
2024-03,Commercial,PLACER,Account Status Review,Low,Closed,1,1,0,0,1,0,0,0,0,1
2024-03,Commercial,PLUMAS,Rate Plan Change,Low,Open,1,1,1,0,0,0,0,0,0,1
2024-03,Commercial,SAN FRANCISCO,Missing Read Investigation,Low,Cancelled,1,1,0,0,0,1,0,0,0,1
2024-03,Commercial,SAN JOAQUIN,High Bill Inquiry,Medium,Open,1,1,1,0,0,0,0,0,1,0
2024-03,Commercial,SAN JOAQUIN,Rate Plan Change,Medium,Closed,1,1,0,0,1,0,0,0,1,0
2024-03,Commercial,SANTA CLARA,Account Status Review,Medium,In Progress,1,1,0,1,0,0,0,0,1,0
2024-03,Commercial,SANTA CLARA,Outage Follow Up,Critical,In Progress,1,1,0,1,0,0,1,0,0,0
2024-03,Commercial,SANTA CLARA,Outage Follow Up,High,Closed,1,1,0,0,1,0,0,1,0,0
2024-03,Commercial,SOLANO,Account Status Review,High,Open,1,1,1,0,0,0,0,1,0,0
2024-03,Commercial,TUOLUMNE,Account Status Review,Medium,In Progress,1,1,0,1,0,0,0,0,1,0
2024-03,Industrial,FRESNO,Account Status Review,High,In Progress,1,1,0,1,0,0,0,1,0,0
2024-03,Industrial,HUMBOLDT,Account Status Review,Medium,Closed,1,1,0,0,1,0,0,0,1,0
2024-03,Industrial,KERN,Account Status Review,Low,Open,1,1,1,0,0,0,0,0,0,1
2024-03,Industrial,KERN,Account Status Review,Medium,Closed,1,1,0,0,1,0,0,0,1,0
2024-03,Industrial,SAN FRANCISCO,Account Status Review,Low,Open,1,1,1,0,0,0,0,0,0,1
2024-03,Industrial,SAN JOAQUIN,Account Status Review,Critical,Closed,1,1,0,0,1,0,1,0,0,0
2024-03,Industrial,SAN MATEO,High Bill Inquiry,High,In Progress,1,1,0,1,0,0,0,1,0,0
2024-03,Industrial,SANTA CLARA,Account Status Review,Low,In Progress,1,1,0,1,0,0,0,0,0,1
2024-03,Mining,FRESNO,Account Status Review,Medium,Open,1,1,1,0,0,0,0,0,1,0
2024-03,Mining,KERN,Outage Follow Up,Low,Open,1,1,1,0,0,0,0,0,0,1
2024-03,Mining,SAN JOAQUIN,High Bill Inquiry,Low,Closed,1,1,0,0,1,0,0,0,0,1
2024-03,Residential,ALAMEDA,Account Status Review,Critical,Closed,1,1,0,0,1,0,1,0,0,0
2024-03,Residential,ALAMEDA,Account Status Review,High,Cancelled,1,1,0,0,0,1,0,1,0,0
2024-03,Residential,ALAMEDA,Account Status Review,High,Closed,2,2,0,0,2,0,0,2,0,0
2024-03,Residential,ALAMEDA,Account Status Review,Low,Closed,4,4,0,0,4,0,0,0,0,4
2024-03,Residential,ALAMEDA,Account Status Review,Low,In Progress,1,1,0,1,0,0,0,0,0,1
2024-03,Residential,ALAMEDA,Account Status Review,Low,Open,1,1,1,0,0,0,0,0,0,1
2024-03,Residential,ALAMEDA,Account Status Review,Medium,Closed,1,1,0,0,1,0,0,0,1,0
2024-03,Residential,ALAMEDA,Meter Data Investigation,High,Closed,1,1,0,0,1,0,0,1,0,0
2024-03,Residential,ALAMEDA,Meter Data Investigation,Medium,Closed,2,2,0,0,2,0,0,0,2,0
2024-03,Residential,ALAMEDA,Meter Issue,Low,Closed,1,1,0,0,1,0,0,0,0,1
2024-03,Residential,ALAMEDA,Missing Read Investigation,High,Closed,2,2,0,0,2,0,0,2,0,0
2024-03,Residential,ALAMEDA,Missing Read Investigation,Low,In Progress,1,1,0,1,0,0,0,0,0,1
2024-03,Residential,ALAMEDA,Missing Read Investigation,Medium,Closed,2,2,0,0,2,0,0,0,2,0
2024-03,Residential,ALAMEDA,Rate Plan Change,High,In Progress,1,1,0,1,0,0,0,1,0,0
2024-03,Residential,BUTTE,Meter Data Investigation,Medium,Closed,1,1,0,0,1,0,0,0,1,0
2024-03,Residential,CALAVERAS,Account Status Review,High,Closed,1,1,0,0,1,0,0,1,0,0
2024-03,Residential,CONTRA COSTA,Account Status Review,High,Closed,1,1,0,0,1,0,0,1,0,0
2024-03,Residential,CONTRA COSTA,Account Status Review,High,In Progress,1,1,0,1,0,0,0,1,0,0
2024-03,Residential,CONTRA COSTA,Account Status Review,High,Open,3,3,3,0,0,0,0,3,0,0
2024-03,Residential,CONTRA COSTA,Account Status Review,Low,Closed,2,2,0,0,2,0,0,0,0,2
2024-03,Residential,CONTRA COSTA,Account Status Review,Medium,Cancelled,1,1,0,0,0,1,0,0,1,0
2024-03,Residential,CONTRA COSTA,Account Status Review,Medium,Closed,5,5,0,0,5,0,0,0,5,0
2024-03,Residential,CONTRA COSTA,Account Status Review,Medium,In Progress,1,1,0,1,0,0,0,0,1,0
2024-03,Residential,CONTRA COSTA,Account Status Review,Medium,Open,1,1,1,0,0,0,0,0,1,0
2024-03,Residential,CONTRA COSTA,Meter Data Investigation,High,Open,1,1,1,0,0,0,0,1,0,0
2024-03,Residential,CONTRA COSTA,Missing Read Investigation,High,Closed,1,1,0,0,1,0,0,1,0,0
2024-03,Residential,CONTRA COSTA,Missing Read Investigation,Medium,Closed,1,1,0,0,1,0,0,0,1,0
2024-03,Residential,CONTRA COSTA,Missing Read Investigation,Medium,Open,3,3,3,0,0,0,0,0,3,0
2024-03,Residential,EL DORADO,Account Status Review,Low,Closed,1,1,0,0,1,0,0,0,0,1
2024-03,Residential,FRESNO,Account Status Review,High,Closed,2,2,0,0,2,0,0,2,0,0
2024-03,Residential,FRESNO,Account Status Review,Low,Closed,3,3,0,0,3,0,0,0,0,3
2024-03,Residential,FRESNO,Account Status Review,Low,In Progress,1,1,0,1,0,0,0,0,0,1
2024-03,Residential,FRESNO,Meter Data Investigation,Medium,Closed,1,1,0,0,1,0,0,0,1,0
2024-03,Residential,FRESNO,Missing Read Investigation,High,Closed,1,1,0,0,1,0,0,1,0,0
2024-03,Residential,FRESNO,Missing Read Investigation,High,Open,1,1,1,0,0,0,0,1,0,0
2024-03,Residential,FRESNO,Missing Read Investigation,Low,Closed,1,1,0,0,1,0,0,0,0,1
2024-03,Residential,FRESNO,Missing Read Investigation,Medium,Closed,2,2,0,0,2,0,0,0,2,0
2024-03,Residential,FRESNO,Outage Follow Up,Low,Closed,1,1,0,0,1,0,0,0,0,1
2024-03,Residential,GLENN,Account Status Review,Medium,Open,1,1,1,0,0,0,0,0,1,0
2024-03,Residential,GLENN,High Bill Inquiry,Medium,Closed,1,1,0,0,1,0,0,0,1,0
2024-03,Residential,KERN,Account Status Review,Critical,Cancelled,1,1,0,0,0,1,1,0,0,0
2024-03,Residential,KERN,Account Status Review,Critical,Closed,1,1,0,0,1,0,1,0,0,0
2024-03,Residential,KERN,Account Status Review,Critical,Open,1,1,1,0,0,0,1,0,0,0
2024-03,Residential,KERN,Account Status Review,High,Closed,1,1,0,0,1,0,0,1,0,0
2024-03,Residential,KERN,Account Status Review,Low,Closed,4,4,0,0,4,0,0,0,0,4
2024-03,Residential,KERN,Account Status Review,Low,Open,3,3,3,0,0,0,0,0,0,3
2024-03,Residential,KERN,Account Status Review,Medium,Closed,6,6,0,0,6,0,0,0,6,0
2024-03,Residential,KERN,Account Status Review,Medium,In Progress,2,2,0,2,0,0,0,0,2,0
2024-03,Residential,KERN,Account Status Review,Medium,Open,1,1,1,0,0,0,0,0,1,0
2024-03,Residential,KERN,High Bill Inquiry,Low,Closed,1,1,0,0,1,0,0,0,0,1
2024-03,Residential,KERN,High Bill Inquiry,Medium,Closed,1,1,0,0,1,0,0,0,1,0
2024-03,Residential,KERN,Meter Data Investigation,Low,Closed,1,1,0,0,1,0,0,0,0,1
2024-03,Residential,KERN,Meter Issue,Low,Cancelled,1,1,0,0,0,1,0,0,0,1
2024-03,Residential,KERN,Meter Issue,Medium,Closed,1,1,0,0,1,0,0,0,1,0
2024-03,Residential,KERN,Missing Read Investigation,High,In Progress,2,2,0,2,0,0,0,2,0,0
2024-03,Residential,KERN,Missing Read Investigation,Low,Closed,1,1,0,0,1,0,0,0,0,1
2024-03,Residential,KERN,Rate Plan Change,High,In Progress,1,1,0,1,0,0,0,1,0,0
2024-03,Residential,KERN,Rate Plan Change,Medium,Closed,1,1,0,0,1,0,0,0,1,0
2024-03,Residential,KINGS,Account Status Review,High,Closed,1,1,0,0,1,0,0,1,0,0
2024-03,Residential,KINGS,Outage Follow Up,Low,In Progress,1,1,0,1,0,0,0,0,0,1
2024-03,Residential,MADERA,Account Status Review,High,Open,1,1,1,0,0,0,0,1,0,0
2024-03,Residential,MADERA,Account Status Review,Medium,Closed,1,1,0,0,1,0,0,0,1,0
2024-03,Residential,MADERA,Account Status Review,Medium,In Progress,1,1,0,1,0,0,0,0,1,0
2024-03,Residential,MADERA,High Bill Inquiry,Low,Open,1,1,1,0,0,0,0,0,0,1
2024-03,Residential,MARIN,Account Status Review,Critical,Closed,1,1,0,0,1,0,1,0,0,0
2024-03,Residential,MENDOCINO,Account Status Review,Low,Closed,2,2,0,0,2,0,0,0,0,2
2024-03,Residential,MENDOCINO,Account Status Review,Low,In Progress,1,1,0,1,0,0,0,0,0,1
2024-03,Residential,MERCED,Account Status Review,Medium,Closed,1,1,0,0,1,0,0,0,1,0
2024-03,Residential,MONTEREY,Account Status Review,High,Closed,1,1,0,0,1,0,0,1,0,0
2024-03,Residential,MONTEREY,Account Status Review,Low,Closed,1,1,0,0,1,0,0,0,0,1
2024-03,Residential,MONTEREY,Account Status Review,Medium,Open,1,1,1,0,0,0,0,0,1,0
2024-03,Residential,MONTEREY,Rate Plan Change,Medium,Closed,1,1,0,0,1,0,0,0,1,0
2024-03,Residential,NAPA,Account Status Review,Critical,Open,1,1,1,0,0,0,1,0,0,0
2024-03,Residential,NAPA,Account Status Review,High,Cancelled,1,1,0,0,0,1,0,1,0,0
2024-03,Residential,PLACER,Account Status Review,High,Closed,1,1,0,0,1,0,0,1,0,0
2024-03,Residential,PLACER,Account Status Review,High,Open,1,1,1,0,0,0,0,1,0,0
2024-03,Residential,PLACER,Account Status Review,Low,Closed,1,1,0,0,1,0,0,0,0,1
2024-03,Residential,PLACER,Account Status Review,Low,In Progress,1,1,0,1,0,0,0,0,0,1
2024-03,Residential,PLACER,Account Status Review,Medium,Closed,2,2,0,0,2,0,0,0,2,0
2024-03,Residential,PLACER,High Bill Inquiry,Low,Closed,1,1,0,0,1,0,0,0,0,1
2024-03,Residential,PLACER,Meter Issue,High,Closed,1,1,0,0,1,0,0,1,0,0
2024-03,Residential,PLACER,Outage Follow Up,Medium,In Progress,2,2,0,2,0,0,0,0,2,0
2024-03,Residential,SAN FRANCISCO,Account Status Review,High,Closed,1,1,0,0,1,0,0,1,0,0
2024-03,Residential,SAN FRANCISCO,Account Status Review,Low,Open,1,1,1,0,0,0,0,0,0,1
2024-03,Residential,SAN FRANCISCO,Account Status Review,Medium,Closed,1,1,0,0,1,0,0,0,1,0
2024-03,Residential,SAN FRANCISCO,Account Status Review,Medium,Open,1,1,1,0,0,0,0,0,1,0
2024-03,Residential,SAN FRANCISCO,Meter Data Investigation,Medium,Closed,1,1,0,0,1,0,0,0,1,0
2024-03,Residential,SAN FRANCISCO,Meter Issue,Low,Closed,1,1,0,0,1,0,0,0,0,1
2024-03,Residential,SAN FRANCISCO,Missing Read Investigation,Medium,Closed,1,1,0,0,1,0,0,0,1,0
2024-03,Residential,SAN FRANCISCO,Outage Follow Up,Medium,Closed,1,1,0,0,1,0,0,0,1,0
2024-03,Residential,SAN JOAQUIN,Account Status Review,Critical,Open,1,1,1,0,0,0,1,0,0,0
2024-03,Residential,SAN JOAQUIN,Account Status Review,High,Closed,2,2,0,0,2,0,0,2,0,0
2024-03,Residential,SAN JOAQUIN,Account Status Review,Low,Cancelled,1,1,0,0,0,1,0,0,0,1
2024-03,Residential,SAN JOAQUIN,Account Status Review,Low,Closed,2,2,0,0,2,0,0,0,0,2
2024-03,Residential,SAN JOAQUIN,Account Status Review,Low,Open,1,1,1,0,0,0,0,0,0,1
2024-03,Residential,SAN JOAQUIN,Account Status Review,Medium,In Progress,1,1,0,1,0,0,0,0,1,0
2024-03,Residential,SAN JOAQUIN,Missing Read Investigation,Medium,Open,1,1,1,0,0,0,0,0,1,0
2024-03,Residential,SAN LUIS OBISPO,Account Status Review,High,Closed,1,1,0,0,1,0,0,1,0,0
2024-03,Residential,SAN LUIS OBISPO,Missing Read Investigation,Low,Closed,1,1,0,0,1,0,0,0,0,1
2024-03,Residential,SAN MATEO,Account Status Review,High,Closed,1,1,0,0,1,0,0,1,0,0
2024-03,Residential,SAN MATEO,Account Status Review,High,Open,2,2,2,0,0,0,0,2,0,0
2024-03,Residential,SAN MATEO,Account Status Review,Medium,Closed,2,2,0,0,2,0,0,0,2,0
2024-03,Residential,SAN MATEO,Account Status Review,Medium,Open,1,1,1,0,0,0,0,0,1,0
2024-03,Residential,SAN MATEO,High Bill Inquiry,Medium,Open,1,1,1,0,0,0,0,0,1,0
2024-03,Residential,SAN MATEO,Meter Data Investigation,Medium,Closed,1,1,0,0,1,0,0,0,1,0
2024-03,Residential,SAN MATEO,Missing Read Investigation,Low,Closed,1,1,0,0,1,0,0,0,0,1
2024-03,Residential,SAN MATEO,Rate Plan Change,Low,Cancelled,1,1,0,0,0,1,0,0,0,1
2024-03,Residential,SAN MATEO,Rate Plan Change,Low,Open,1,1,1,0,0,0,0,0,0,1
2024-03,Residential,SANTA BARBARA,Missing Read Investigation,Low,Cancelled,1,1,0,0,0,1,0,0,0,1
2024-03,Residential,SANTA BARBARA,Outage Follow Up,Medium,Closed,1,1,0,0,1,0,0,0,1,0
2024-03,Residential,SANTA BARBARA,Rate Plan Change,Low,Closed,1,1,0,0,1,0,0,0,0,1
2024-03,Residential,SANTA CLARA,Account Status Review,Critical,Closed,1,1,0,0,1,0,1,0,0,0
2024-03,Residential,SANTA CLARA,Account Status Review,High,Closed,1,1,0,0,1,0,0,1,0,0
2024-03,Residential,SANTA CLARA,Account Status Review,High,Open,1,1,1,0,0,0,0,1,0,0
2024-03,Residential,SANTA CLARA,Account Status Review,Low,Closed,3,3,0,0,3,0,0,0,0,3
2024-03,Residential,SANTA CLARA,Account Status Review,Low,In Progress,1,1,0,1,0,0,0,0,0,1
2024-03,Residential,SANTA CLARA,Account Status Review,Low,Open,1,1,1,0,0,0,0,0,0,1
2024-03,Residential,SANTA CLARA,Account Status Review,Medium,Cancelled,1,1,0,0,0,1,0,0,1,0
2024-03,Residential,SANTA CLARA,Account Status Review,Medium,Closed,4,4,0,0,4,0,0,0,4,0
2024-03,Residential,SANTA CLARA,Account Status Review,Medium,Open,1,1,1,0,0,0,0,0,1,0
2024-03,Residential,SANTA CLARA,High Bill Inquiry,Low,In Progress,1,1,0,1,0,0,0,0,0,1
2024-03,Residential,SANTA CLARA,Meter Data Investigation,High,Closed,2,2,0,0,2,0,0,2,0,0
2024-03,Residential,SANTA CLARA,Meter Issue,Medium,Open,1,1,1,0,0,0,0,0,1,0
2024-03,Residential,SANTA CLARA,Missing Read Investigation,High,Closed,1,1,0,0,1,0,0,1,0,0
2024-03,Residential,SANTA CLARA,Missing Read Investigation,High,In Progress,1,1,0,1,0,0,0,1,0,0
2024-03,Residential,SANTA CLARA,Missing Read Investigation,Low,Closed,1,1,0,0,1,0,0,0,0,1
2024-03,Residential,SANTA CLARA,Missing Read Investigation,Medium,In Progress,1,1,0,1,0,0,0,0,1,0
2024-03,Residential,SANTA CLARA,Rate Plan Change,High,Closed,2,2,0,0,2,0,0,2,0,0
2024-03,Residential,SANTA CLARA,Rate Plan Change,Medium,Open,1,1,1,0,0,0,0,0,1,0
2024-03,Residential,SANTA CRUZ,Missing Read Investigation,Medium,Closed,1,1,0,0,1,0,0,0,1,0
2024-03,Residential,SHASTA,Account Status Review,High,Closed,1,1,0,0,1,0,0,1,0,0
2024-03,Residential,SOLANO,Account Status Review,Low,In Progress,1,1,0,1,0,0,0,0,0,1
2024-03,Residential,SOLANO,Account Status Review,Medium,Closed,1,1,0,0,1,0,0,0,1,0
2024-03,Residential,SOLANO,High Bill Inquiry,Medium,Open,1,1,1,0,0,0,0,0,1,0
2024-03,Residential,SOLANO,Missing Read Investigation,Medium,Closed,2,2,0,0,2,0,0,0,2,0
2024-03,Residential,SOLANO,Missing Read Investigation,Medium,In Progress,1,1,0,1,0,0,0,0,1,0
2024-03,Residential,SONOMA,Account Status Review,Critical,Open,1,1,1,0,0,0,1,0,0,0
2024-03,Residential,SONOMA,Account Status Review,High,Cancelled,1,1,0,0,0,1,0,1,0,0
2024-03,Residential,SONOMA,Account Status Review,High,Closed,1,1,0,0,1,0,0,1,0,0
2024-03,Residential,SONOMA,Account Status Review,Low,Open,1,1,1,0,0,0,0,0,0,1
2024-03,Residential,SUTTER,Account Status Review,Medium,Closed,1,1,0,0,1,0,0,0,1,0
2024-03,Residential,SUTTER,Account Status Review,Medium,Open,1,1,1,0,0,0,0,0,1,0
2024-03,Residential,SUTTER,Meter Data Investigation,Low,Closed,1,1,0,0,1,0,0,0,0,1
2024-03,Residential,TUOLUMNE,Missing Read Investigation,Low,Closed,1,1,0,0,1,0,0,0,0,1
2024-03,Residential,YOLO,Account Status Review,Medium,Closed,1,1,0,0,1,0,0,0,1,0
2024-03,Streetlighting,FRESNO,Account Status Review,Medium,Open,1,1,1,0,0,0,0,0,1,0
2024-03,"Transportation, Communications, & Utilities",SAN MATEO,Account Status Review,Low,Closed,1,1,0,0,1,0,0,0,0,1
2024-03,"Transportation, Communications, & Utilities",SANTA CLARA,High Bill Inquiry,High,Cancelled,1,1,0,0,0,1,0,1,0,0
2024-03,"Transportation, Communications, & Utilities",SANTA CLARA,Rate Plan Change,High,In Progress,1,1,0,1,0,0,0,1,0,0
2024-04,Agriculture And Water Pumping,ALAMEDA,Account Status Review,Medium,Closed,2,2,0,0,2,0,0,0,2,0
2024-04,Agriculture And Water Pumping,CONTRA COSTA,Account Status Review,Medium,Closed,1,1,0,0,1,0,0,0,1,0
2024-04,Agriculture And Water Pumping,FRESNO,Outage Follow Up,Low,Closed,1,1,0,0,1,0,0,0,0,1
2024-04,Agriculture And Water Pumping,KERN,Account Status Review,Low,Closed,1,1,0,0,1,0,0,0,0,1
2024-04,Agriculture And Water Pumping,KINGS,Missing Read Investigation,Medium,In Progress,1,1,0,1,0,0,0,0,1,0
2024-04,Agriculture And Water Pumping,MERCED,Outage Follow Up,Medium,In Progress,1,1,0,1,0,0,0,0,1,0
2024-04,Agriculture And Water Pumping,TUOLUMNE,High Bill Inquiry,Low,In Progress,1,1,0,1,0,0,0,0,0,1
2024-04,Commercial,ALAMEDA,Account Status Review,Medium,Closed,1,1,0,0,1,0,0,0,1,0
2024-04,Commercial,ALAMEDA,High Bill Inquiry,Medium,Open,1,1,1,0,0,0,0,0,1,0
2024-04,Commercial,BUTTE,Outage Follow Up,Medium,Closed,1,1,0,0,1,0,0,0,1,0
2024-04,Commercial,CONTRA COSTA,Account Status Review,Medium,Closed,1,1,0,0,1,0,0,0,1,0
2024-04,Commercial,CONTRA COSTA,Meter Data Investigation,High,Open,1,1,1,0,0,0,0,1,0,0
2024-04,Commercial,CONTRA COSTA,Missing Read Investigation,High,In Progress,1,1,0,1,0,0,0,1,0,0
2024-04,Commercial,CONTRA COSTA,Missing Read Investigation,Low,Closed,1,1,0,0,1,0,0,0,0,1
2024-04,Commercial,FRESNO,Meter Issue,Low,Open,1,1,1,0,0,0,0,0,0,1
2024-04,Commercial,FRESNO,Missing Read Investigation,Medium,Closed,1,1,0,0,1,0,0,0,1,0
2024-04,Commercial,GLENN,Account Status Review,Medium,Cancelled,1,1,0,0,0,1,0,0,1,0
2024-04,Commercial,KERN,Account Status Review,Medium,Closed,1,1,0,0,1,0,0,0,1,0
2024-04,Commercial,MADERA,Account Status Review,Low,Open,1,1,1,0,0,0,0,0,0,1
2024-04,Commercial,MADERA,Account Status Review,Medium,Closed,1,1,0,0,1,0,0,0,1,0
2024-04,Commercial,MENDOCINO,Missing Read Investigation,Medium,Closed,1,1,0,0,1,0,0,0,1,0
2024-04,Commercial,MERCED,Account Status Review,Medium,Open,1,1,1,0,0,0,0,0,1,0
2024-04,Commercial,MERCED,Meter Data Investigation,Low,Closed,1,1,0,0,1,0,0,0,0,1
2024-04,Commercial,MONTEREY,High Bill Inquiry,Medium,In Progress,1,1,0,1,0,0,0,0,1,0
2024-04,Commercial,PLACER,Account Status Review,Medium,Open,1,1,1,0,0,0,0,0,1,0
2024-04,Commercial,PLACER,Missing Read Investigation,Low,In Progress,1,1,0,1,0,0,0,0,0,1
2024-04,Commercial,SAN JOAQUIN,Missing Read Investigation,Critical,Closed,1,1,0,0,1,0,1,0,0,0
2024-04,Commercial,SAN JOAQUIN,Missing Read Investigation,Low,In Progress,1,1,0,1,0,0,0,0,0,1
2024-04,Commercial,SAN JOAQUIN,Missing Read Investigation,Medium,In Progress,1,1,0,1,0,0,0,0,1,0
2024-04,Commercial,SAN MATEO,Meter Data Investigation,Medium,Open,1,1,1,0,0,0,0,0,1,0
2024-04,Commercial,SAN MATEO,Missing Read Investigation,Low,In Progress,1,1,0,1,0,0,0,0,0,1
2024-04,Commercial,SANTA CLARA,Account Status Review,Critical,Open,1,1,1,0,0,0,1,0,0,0
2024-04,Commercial,SANTA CLARA,Account Status Review,Low,Cancelled,1,1,0,0,0,1,0,0,0,1
2024-04,Commercial,SANTA CLARA,Account Status Review,Medium,Closed,1,1,0,0,1,0,0,0,1,0
2024-04,Commercial,SANTA CLARA,Meter Data Investigation,Critical,Open,1,1,1,0,0,0,1,0,0,0
2024-04,Commercial,SANTA CLARA,Meter Data Investigation,Medium,Closed,1,1,0,0,1,0,0,0,1,0
2024-04,Commercial,SOLANO,Meter Issue,Medium,Closed,1,1,0,0,1,0,0,0,1,0
2024-04,Industrial,ALAMEDA,Account Status Review,Medium,Closed,1,1,0,0,1,0,0,0,1,0
2024-04,Industrial,ALAMEDA,Outage Follow Up,Low,Closed,1,1,0,0,1,0,0,0,0,1
2024-04,Industrial,FRESNO,Account Status Review,Low,Open,1,1,1,0,0,0,0,0,0,1
2024-04,Industrial,FRESNO,Account Status Review,Medium,Closed,1,1,0,0,1,0,0,0,1,0
2024-04,Industrial,KERN,Account Status Review,Low,Closed,1,1,0,0,1,0,0,0,0,1
2024-04,Industrial,KERN,Account Status Review,Medium,Closed,1,1,0,0,1,0,0,0,1,0
2024-04,Industrial,SAN FRANCISCO,Account Status Review,Low,In Progress,1,1,0,1,0,0,0,0,0,1
2024-04,Industrial,SANTA CLARA,High Bill Inquiry,Low,Closed,1,1,0,0,1,0,0,0,0,1
2024-04,Industrial,SHASTA,Missing Read Investigation,Medium,Open,1,1,1,0,0,0,0,0,1,0
2024-04,Industrial,SOLANO,Account Status Review,High,Cancelled,1,1,0,0,0,1,0,1,0,0
2024-04,Mining,FRESNO,Account Status Review,Low,In Progress,1,1,0,1,0,0,0,0,0,1
2024-04,Mining,SANTA CLARA,Account Status Review,Medium,In Progress,1,1,0,1,0,0,0,0,1,0
2024-04,Residential,ALAMEDA,Account Status Review,Critical,Closed,2,2,0,0,2,0,2,0,0,0
2024-04,Residential,ALAMEDA,Account Status Review,High,Cancelled,1,1,0,0,0,1,0,1,0,0
2024-04,Residential,ALAMEDA,Account Status Review,High,Closed,1,1,0,0,1,0,0,1,0,0
2024-04,Residential,ALAMEDA,Account Status Review,High,Open,1,1,1,0,0,0,0,1,0,0
2024-04,Residential,ALAMEDA,Account Status Review,Low,Cancelled,2,2,0,0,0,2,0,0,0,2
2024-04,Residential,ALAMEDA,Account Status Review,Medium,Closed,2,2,0,0,2,0,0,0,2,0
2024-04,Residential,ALAMEDA,Account Status Review,Medium,In Progress,2,2,0,2,0,0,0,0,2,0
2024-04,Residential,ALAMEDA,Account Status Review,Medium,Open,1,1,1,0,0,0,0,0,1,0
2024-04,Residential,ALAMEDA,High Bill Inquiry,Low,Closed,1,1,0,0,1,0,0,0,0,1
2024-04,Residential,ALAMEDA,High Bill Inquiry,Medium,Closed,1,1,0,0,1,0,0,0,1,0
2024-04,Residential,ALAMEDA,Meter Data Investigation,Medium,Open,1,1,1,0,0,0,0,0,1,0
2024-04,Residential,ALAMEDA,Meter Issue,Medium,Closed,2,2,0,0,2,0,0,0,2,0
2024-04,Residential,ALAMEDA,Missing Read Investigation,High,Closed,1,1,0,0,1,0,0,1,0,0
2024-04,Residential,ALAMEDA,Missing Read Investigation,High,Open,1,1,1,0,0,0,0,1,0,0
2024-04,Residential,ALAMEDA,Missing Read Investigation,Low,Open,1,1,1,0,0,0,0,0,0,1
2024-04,Residential,ALAMEDA,Missing Read Investigation,Medium,Closed,1,1,0,0,1,0,0,0,1,0
2024-04,Residential,ALAMEDA,Outage Follow Up,Low,Open,1,1,1,0,0,0,0,0,0,1
2024-04,Residential,BUTTE,Account Status Review,Low,Open,1,1,1,0,0,0,0,0,0,1
2024-04,Residential,BUTTE,High Bill Inquiry,Low,Closed,1,1,0,0,1,0,0,0,0,1
2024-04,Residential,COLUSA,Account Status Review,Medium,Closed,1,1,0,0,1,0,0,0,1,0
2024-04,Residential,CONTRA COSTA,Account Status Review,Critical,Cancelled,1,1,0,0,0,1,1,0,0,0
2024-04,Residential,CONTRA COSTA,Account Status Review,High,Closed,2,2,0,0,2,0,0,2,0,0
2024-04,Residential,CONTRA COSTA,Account Status Review,High,In Progress,1,1,0,1,0,0,0,1,0,0
2024-04,Residential,CONTRA COSTA,Account Status Review,Low,Closed,3,3,0,0,3,0,0,0,0,3
2024-04,Residential,CONTRA COSTA,Account Status Review,Medium,Closed,4,4,0,0,4,0,0,0,4,0
2024-04,Residential,CONTRA COSTA,Account Status Review,Medium,In Progress,2,2,0,2,0,0,0,0,2,0
2024-04,Residential,CONTRA COSTA,Account Status Review,Medium,Open,1,1,1,0,0,0,0,0,1,0
2024-04,Residential,CONTRA COSTA,Missing Read Investigation,High,Closed,1,1,0,0,1,0,0,1,0,0
2024-04,Residential,CONTRA COSTA,Outage Follow Up,High,Closed,2,2,0,0,2,0,0,2,0,0
2024-04,Residential,CONTRA COSTA,Outage Follow Up,Low,Cancelled,1,1,0,0,0,1,0,0,0,1
2024-04,Residential,CONTRA COSTA,Outage Follow Up,Low,Closed,1,1,0,0,1,0,0,0,0,1
2024-04,Residential,EL DORADO,Account Status Review,High,Closed,1,1,0,0,1,0,0,1,0,0
2024-04,Residential,EL DORADO,High Bill Inquiry,Medium,Closed,1,1,0,0,1,0,0,0,1,0
2024-04,Residential,EL DORADO,Meter Data Investigation,Medium,Closed,1,1,0,0,1,0,0,0,1,0
2024-04,Residential,EL DORADO,Missing Read Investigation,High,Open,1,1,1,0,0,0,0,1,0,0
2024-04,Residential,EL DORADO,Missing Read Investigation,Low,Closed,1,1,0,0,1,0,0,0,0,1
2024-04,Residential,FRESNO,Account Status Review,High,Closed,2,2,0,0,2,0,0,2,0,0
2024-04,Residential,FRESNO,Account Status Review,High,Open,1,1,1,0,0,0,0,1,0,0
2024-04,Residential,FRESNO,Account Status Review,Medium,Open,1,1,1,0,0,0,0,0,1,0
2024-04,Residential,FRESNO,Meter Data Investigation,Medium,Closed,1,1,0,0,1,0,0,0,1,0
2024-04,Residential,FRESNO,Meter Data Investigation,Medium,Open,1,1,1,0,0,0,0,0,1,0
2024-04,Residential,FRESNO,Meter Issue,Medium,Closed,1,1,0,0,1,0,0,0,1,0
2024-04,Residential,FRESNO,Missing Read Investigation,Low,Closed,1,1,0,0,1,0,0,0,0,1
2024-04,Residential,FRESNO,Missing Read Investigation,Medium,Closed,3,3,0,0,3,0,0,0,3,0
2024-04,Residential,FRESNO,Missing Read Investigation,Medium,Open,1,1,1,0,0,0,0,0,1,0
2024-04,Residential,FRESNO,Outage Follow Up,Low,Closed,1,1,0,0,1,0,0,0,0,1
2024-04,Residential,FRESNO,Outage Follow Up,Medium,Closed,1,1,0,0,1,0,0,0,1,0
2024-04,Residential,GLENN,Account Status Review,Medium,In Progress,1,1,0,1,0,0,0,0,1,0
2024-04,Residential,KERN,Account Status Review,High,Closed,2,2,0,0,2,0,0,2,0,0
2024-04,Residential,KERN,Account Status Review,High,In Progress,1,1,0,1,0,0,0,1,0,0
2024-04,Residential,KERN,Account Status Review,High,Open,3,3,3,0,0,0,0,3,0,0
2024-04,Residential,KERN,Account Status Review,Low,Closed,2,2,0,0,2,0,0,0,0,2
2024-04,Residential,KERN,Account Status Review,Low,Open,1,1,1,0,0,0,0,0,0,1
2024-04,Residential,KERN,Account Status Review,Medium,Closed,4,4,0,0,4,0,0,0,4,0
2024-04,Residential,KERN,Account Status Review,Medium,Open,4,4,4,0,0,0,0,0,4,0
2024-04,Residential,KERN,High Bill Inquiry,Low,Closed,1,1,0,0,1,0,0,0,0,1
2024-04,Residential,KERN,High Bill Inquiry,Medium,Closed,1,1,0,0,1,0,0,0,1,0
2024-04,Residential,KERN,High Bill Inquiry,Medium,Open,1,1,1,0,0,0,0,0,1,0
2024-04,Residential,KERN,Meter Data Investigation,Critical,Closed,1,1,0,0,1,0,1,0,0,0
2024-04,Residential,KERN,Missing Read Investigation,High,In Progress,1,1,0,1,0,0,0,1,0,0
2024-04,Residential,KERN,Missing Read Investigation,Low,Closed,1,1,0,0,1,0,0,0,0,1
2024-04,Residential,KERN,Missing Read Investigation,Medium,Closed,2,2,0,0,2,0,0,0,2,0
2024-04,Residential,KERN,Missing Read Investigation,Medium,Open,1,1,1,0,0,0,0,0,1,0
2024-04,Residential,KERN,Outage Follow Up,Medium,Closed,1,1,0,0,1,0,0,0,1,0
2024-04,Residential,KINGS,Account Status Review,Low,Open,1,1,1,0,0,0,0,0,0,1
2024-04,Residential,KINGS,Meter Data Investigation,Medium,Closed,1,1,0,0,1,0,0,0,1,0
2024-04,Residential,LAKE,Account Status Review,Medium,In Progress,1,1,0,1,0,0,0,0,1,0
2024-04,Residential,MADERA,High Bill Inquiry,High,Closed,1,1,0,0,1,0,0,1,0,0
2024-04,Residential,MADERA,Missing Read Investigation,High,Closed,1,1,0,0,1,0,0,1,0,0
2024-04,Residential,MADERA,Rate Plan Change,Low,Closed,1,1,0,0,1,0,0,0,0,1
2024-04,Residential,MARIN,Account Status Review,Critical,In Progress,1,1,0,1,0,0,1,0,0,0
2024-04,Residential,MARIN,Outage Follow Up,Medium,In Progress,1,1,0,1,0,0,0,0,1,0
2024-04,Residential,MENDOCINO,Account Status Review,High,In Progress,1,1,0,1,0,0,0,1,0,0
2024-04,Residential,MERCED,Account Status Review,Medium,Closed,1,1,0,0,1,0,0,0,1,0
2024-04,Residential,MONTEREY,Account Status Review,Critical,Closed,1,1,0,0,1,0,1,0,0,0
2024-04,Residential,MONTEREY,Account Status Review,Low,Cancelled,1,1,0,0,0,1,0,0,0,1
2024-04,Residential,MONTEREY,Account Status Review,Medium,Closed,1,1,0,0,1,0,0,0,1,0
2024-04,Residential,MONTEREY,Account Status Review,Medium,Open,1,1,1,0,0,0,0,0,1,0
2024-04,Residential,MONTEREY,Meter Data Investigation,High,Open,1,1,1,0,0,0,0,1,0,0
2024-04,Residential,MONTEREY,Meter Data Investigation,Medium,Closed,1,1,0,0,1,0,0,0,1,0
2024-04,Residential,MONTEREY,Outage Follow Up,Medium,In Progress,1,1,0,1,0,0,0,0,1,0
2024-04,Residential,NAPA,Account Status Review,High,Closed,1,1,0,0,1,0,0,1,0,0
2024-04,Residential,NAPA,Missing Read Investigation,Medium,Cancelled,1,1,0,0,0,1,0,0,1,0
2024-04,Residential,NAPA,Outage Follow Up,Low,Closed,1,1,0,0,1,0,0,0,0,1
2024-04,Residential,NEVADA,Missing Read Investigation,High,Open,1,1,1,0,0,0,0,1,0,0
2024-04,Residential,PLACER,Account Status Review,High,Closed,1,1,0,0,1,0,0,1,0,0
2024-04,Residential,PLACER,Account Status Review,Low,Closed,2,2,0,0,2,0,0,0,0,2
2024-04,Residential,PLACER,Account Status Review,Medium,Closed,2,2,0,0,2,0,0,0,2,0
2024-04,Residential,PLACER,High Bill Inquiry,Low,Closed,1,1,0,0,1,0,0,0,0,1
2024-04,Residential,PLACER,Missing Read Investigation,High,Closed,1,1,0,0,1,0,0,1,0,0
2024-04,Residential,PLACER,Rate Plan Change,Medium,Open,1,1,1,0,0,0,0,0,1,0
2024-04,Residential,SAN FRANCISCO,Account Status Review,High,Closed,1,1,0,0,1,0,0,1,0,0
2024-04,Residential,SAN FRANCISCO,Account Status Review,Low,In Progress,1,1,0,1,0,0,0,0,0,1
2024-04,Residential,SAN FRANCISCO,Account Status Review,Medium,Closed,1,1,0,0,1,0,0,0,1,0
2024-04,Residential,SAN FRANCISCO,Account Status Review,Medium,Open,1,1,1,0,0,0,0,0,1,0
2024-04,Residential,SAN FRANCISCO,Meter Data Investigation,High,Closed,1,1,0,0,1,0,0,1,0,0
2024-04,Residential,SAN FRANCISCO,Meter Data Investigation,Medium,Closed,1,1,0,0,1,0,0,0,1,0
2024-04,Residential,SAN FRANCISCO,Missing Read Investigation,Medium,Open,1,1,1,0,0,0,0,0,1,0
2024-04,Residential,SAN FRANCISCO,Outage Follow Up,Low,Closed,1,1,0,0,1,0,0,0,0,1
2024-04,Residential,SAN FRANCISCO,Rate Plan Change,Medium,Open,1,1,1,0,0,0,0,0,1,0
2024-04,Residential,SAN JOAQUIN,Account Status Review,High,Closed,1,1,0,0,1,0,0,1,0,0
2024-04,Residential,SAN JOAQUIN,Account Status Review,Low,Closed,1,1,0,0,1,0,0,0,0,1
2024-04,Residential,SAN JOAQUIN,Account Status Review,Medium,Closed,3,3,0,0,3,0,0,0,3,0
2024-04,Residential,SAN JOAQUIN,Account Status Review,Medium,Open,1,1,1,0,0,0,0,0,1,0
2024-04,Residential,SAN JOAQUIN,Missing Read Investigation,High,Closed,1,1,0,0,1,0,0,1,0,0
2024-04,Residential,SAN JOAQUIN,Rate Plan Change,High,Open,1,1,1,0,0,0,0,1,0,0
2024-04,Residential,SAN LUIS OBISPO,Account Status Review,High,Open,1,1,1,0,0,0,0,1,0,0
2024-04,Residential,SAN LUIS OBISPO,High Bill Inquiry,Low,In Progress,1,1,0,1,0,0,0,0,0,1
2024-04,Residential,SAN MATEO,Account Status Review,High,Closed,1,1,0,0,1,0,0,1,0,0
2024-04,Residential,SAN MATEO,Account Status Review,Low,Closed,2,2,0,0,2,0,0,0,0,2
2024-04,Residential,SAN MATEO,Account Status Review,Low,In Progress,1,1,0,1,0,0,0,0,0,1
2024-04,Residential,SAN MATEO,Account Status Review,Low,Open,1,1,1,0,0,0,0,0,0,1
2024-04,Residential,SAN MATEO,Meter Data Investigation,Medium,Closed,1,1,0,0,1,0,0,0,1,0
2024-04,Residential,SAN MATEO,Missing Read Investigation,High,Closed,1,1,0,0,1,0,0,1,0,0
2024-04,Residential,SAN MATEO,Missing Read Investigation,High,In Progress,1,1,0,1,0,0,0,1,0,0
2024-04,Residential,SAN MATEO,Missing Read Investigation,Medium,Closed,1,1,0,0,1,0,0,0,1,0
2024-04,Residential,SAN MATEO,Missing Read Investigation,Medium,In Progress,1,1,0,1,0,0,0,0,1,0
2024-04,Residential,SAN MATEO,Outage Follow Up,Medium,Closed,1,1,0,0,1,0,0,0,1,0
2024-04,Residential,SANTA BARBARA,Account Status Review,Critical,Cancelled,1,1,0,0,0,1,1,0,0,0
2024-04,Residential,SANTA BARBARA,Account Status Review,Medium,Open,1,1,1,0,0,0,0,0,1,0
2024-04,Residential,SANTA CLARA,Account Status Review,High,Cancelled,1,1,0,0,0,1,0,1,0,0
2024-04,Residential,SANTA CLARA,Account Status Review,High,Closed,2,2,0,0,2,0,0,2,0,0
2024-04,Residential,SANTA CLARA,Account Status Review,Low,Closed,4,4,0,0,4,0,0,0,0,4
2024-04,Residential,SANTA CLARA,Account Status Review,Low,Open,3,3,3,0,0,0,0,0,0,3
2024-04,Residential,SANTA CLARA,Account Status Review,Medium,Closed,7,7,0,0,7,0,0,0,7,0
2024-04,Residential,SANTA CLARA,Account Status Review,Medium,In Progress,1,1,0,1,0,0,0,0,1,0
2024-04,Residential,SANTA CLARA,Account Status Review,Medium,Open,1,1,1,0,0,0,0,0,1,0
2024-04,Residential,SANTA CLARA,High Bill Inquiry,Low,In Progress,1,1,0,1,0,0,0,0,0,1
2024-04,Residential,SANTA CLARA,High Bill Inquiry,Medium,Closed,2,2,0,0,2,0,0,0,2,0
2024-04,Residential,SANTA CLARA,Meter Data Investigation,Low,Closed,1,1,0,0,1,0,0,0,0,1
2024-04,Residential,SANTA CLARA,Meter Data Investigation,Medium,Cancelled,1,1,0,0,0,1,0,0,1,0
2024-04,Residential,SANTA CLARA,Meter Data Investigation,Medium,Closed,2,2,0,0,2,0,0,0,2,0
2024-04,Residential,SANTA CLARA,Meter Data Investigation,Medium,In Progress,1,1,0,1,0,0,0,0,1,0
2024-04,Residential,SANTA CLARA,Meter Issue,Medium,Closed,1,1,0,0,1,0,0,0,1,0
2024-04,Residential,SANTA CLARA,Missing Read Investigation,High,Open,1,1,1,0,0,0,0,1,0,0
2024-04,Residential,SANTA CLARA,Missing Read Investigation,Low,Open,1,1,1,0,0,0,0,0,0,1
2024-04,Residential,SANTA CLARA,Missing Read Investigation,Medium,Closed,1,1,0,0,1,0,0,0,1,0
2024-04,Residential,SANTA CLARA,Missing Read Investigation,Medium,Open,2,2,2,0,0,0,0,0,2,0
2024-04,Residential,SANTA CLARA,Outage Follow Up,High,Closed,1,1,0,0,1,0,0,1,0,0
2024-04,Residential,SANTA CLARA,Outage Follow Up,Low,Closed,1,1,0,0,1,0,0,0,0,1
2024-04,Residential,SANTA CLARA,Outage Follow Up,Medium,Closed,2,2,0,0,2,0,0,0,2,0
2024-04,Residential,SANTA CLARA,Rate Plan Change,High,Closed,1,1,0,0,1,0,0,1,0,0
2024-04,Residential,SANTA CLARA,Rate Plan Change,Low,Open,1,1,1,0,0,0,0,0,0,1
2024-04,Residential,SANTA CLARA,Rate Plan Change,Medium,Closed,1,1,0,0,1,0,0,0,1,0
2024-04,Residential,SANTA CLARA,Rate Plan Change,Medium,Open,1,1,1,0,0,0,0,0,1,0
2024-04,Residential,SHASTA,Account Status Review,Medium,Open,1,1,1,0,0,0,0,0,1,0
2024-04,Residential,SOLANO,Account Status Review,Low,Closed,1,1,0,0,1,0,0,0,0,1
2024-04,Residential,SOLANO,Meter Data Investigation,Medium,In Progress,1,1,0,1,0,0,0,0,1,0
2024-04,Residential,SONOMA,Account Status Review,High,Closed,1,1,0,0,1,0,0,1,0,0
2024-04,Residential,YOLO,Account Status Review,High,Closed,1,1,0,0,1,0,0,1,0,0
2024-04,Residential,YOLO,Missing Read Investigation,High,Closed,1,1,0,0,1,0,0,1,0,0
2024-04,"Transportation, Communications, & Utilities",SAN MATEO,Account Status Review,Medium,Closed,1,1,0,0,1,0,0,0,1,0
2024-05,Agriculture And Water Pumping,ALAMEDA,Account Status Review,Medium,Closed,1,1,0,0,1,0,0,0,1,0
2024-05,Agriculture And Water Pumping,ALAMEDA,Account Status Review,Medium,Open,1,1,1,0,0,0,0,0,1,0
2024-05,Agriculture And Water Pumping,CONTRA COSTA,Account Status Review,Medium,Closed,1,1,0,0,1,0,0,0,1,0
2024-05,Agriculture And Water Pumping,CONTRA COSTA,High Bill Inquiry,Low,Open,1,1,1,0,0,0,0,0,0,1
2024-05,Agriculture And Water Pumping,CONTRA COSTA,Meter Data Investigation,High,Closed,1,1,0,0,1,0,0,1,0,0
2024-05,Agriculture And Water Pumping,KERN,Account Status Review,Low,Open,1,1,1,0,0,0,0,0,0,1
2024-05,Agriculture And Water Pumping,KERN,Account Status Review,Medium,Closed,1,1,0,0,1,0,0,0,1,0
2024-05,Agriculture And Water Pumping,SAN JOAQUIN,Rate Plan Change,Medium,Closed,2,2,0,0,2,0,0,0,2,0
2024-05,Commercial,ALAMEDA,Account Status Review,Medium,Closed,2,2,0,0,2,0,0,0,2,0
2024-05,Commercial,ALAMEDA,Missing Read Investigation,High,Closed,1,1,0,0,1,0,0,1,0,0
2024-05,Commercial,ALAMEDA,Missing Read Investigation,Low,Closed,1,1,0,0,1,0,0,0,0,1
2024-05,Commercial,CALAVERAS,Outage Follow Up,Medium,Closed,1,1,0,0,1,0,0,0,1,0
2024-05,Commercial,CONTRA COSTA,Account Status Review,Low,Closed,1,1,0,0,1,0,0,0,0,1
2024-05,Commercial,EL DORADO,Missing Read Investigation,Medium,Cancelled,1,1,0,0,0,1,0,0,1,0
2024-05,Commercial,HUMBOLDT,Account Status Review,Medium,Closed,1,1,0,0,1,0,0,0,1,0
2024-05,Commercial,KERN,Meter Data Investigation,Low,Closed,1,1,0,0,1,0,0,0,0,1
2024-05,Commercial,KERN,Meter Issue,Medium,Closed,1,1,0,0,1,0,0,0,1,0
2024-05,Commercial,MERCED,Rate Plan Change,Low,Open,1,1,1,0,0,0,0,0,0,1
2024-05,Commercial,MONTEREY,Missing Read Investigation,Low,Open,1,1,1,0,0,0,0,0,0,1
2024-05,Commercial,MONTEREY,Missing Read Investigation,Medium,Closed,1,1,0,0,1,0,0,0,1,0
2024-05,Commercial,NEVADA,Account Status Review,Medium,In Progress,1,1,0,1,0,0,0,0,1,0
2024-05,Commercial,PLACER,Account Status Review,Medium,Closed,1,1,0,0,1,0,0,0,1,0
2024-05,Commercial,SAN JOAQUIN,Meter Data Investigation,High,Open,1,1,1,0,0,0,0,1,0,0
2024-05,Commercial,SAN MATEO,Meter Data Investigation,Medium,Closed,1,1,0,0,1,0,0,0,1,0
2024-05,Commercial,SANTA BARBARA,Account Status Review,Medium,Closed,1,1,0,0,1,0,0,0,1,0
2024-05,Commercial,SANTA CLARA,Account Status Review,Low,In Progress,1,1,0,1,0,0,0,0,0,1
2024-05,Commercial,SANTA CLARA,Meter Data Investigation,Medium,Closed,1,1,0,0,1,0,0,0,1,0
2024-05,Commercial,SANTA CLARA,Meter Data Investigation,Medium,Open,1,1,1,0,0,0,0,0,1,0
2024-05,Commercial,SOLANO,Account Status Review,Critical,Closed,1,1,0,0,1,0,1,0,0,0
2024-05,Commercial,TUOLUMNE,Account Status Review,High,Closed,1,1,0,0,1,0,0,1,0,0
2024-05,Industrial,CALAVERAS,Account Status Review,Medium,Closed,1,1,0,0,1,0,0,0,1,0
2024-05,Industrial,FRESNO,Account Status Review,Low,Cancelled,1,1,0,0,0,1,0,0,0,1
2024-05,Industrial,FRESNO,Account Status Review,Low,Open,1,1,1,0,0,0,0,0,0,1
2024-05,Industrial,HUMBOLDT,Account Status Review,Low,Closed,1,1,0,0,1,0,0,0,0,1
2024-05,Industrial,KERN,Rate Plan Change,Medium,Closed,1,1,0,0,1,0,0,0,1,0
2024-05,Industrial,SAN FRANCISCO,Account Status Review,Medium,Cancelled,1,1,0,0,0,1,0,0,1,0
2024-05,Industrial,SAN MATEO,Meter Data Investigation,High,Closed,1,1,0,0,1,0,0,1,0,0
2024-05,Mining,KERN,Missing Read Investigation,Low,Open,1,1,1,0,0,0,0,0,0,1
2024-05,Residential,ALAMEDA,Account Status Review,High,Cancelled,1,1,0,0,0,1,0,1,0,0
2024-05,Residential,ALAMEDA,Account Status Review,High,Closed,2,2,0,0,2,0,0,2,0,0
2024-05,Residential,ALAMEDA,Account Status Review,High,Open,2,2,2,0,0,0,0,2,0,0
2024-05,Residential,ALAMEDA,Account Status Review,Low,Closed,1,1,0,0,1,0,0,0,0,1
2024-05,Residential,ALAMEDA,Account Status Review,Low,Open,2,2,2,0,0,0,0,0,0,2
2024-05,Residential,ALAMEDA,Account Status Review,Medium,Closed,5,5,0,0,5,0,0,0,5,0
2024-05,Residential,ALAMEDA,Account Status Review,Medium,Open,1,1,1,0,0,0,0,0,1,0
2024-05,Residential,ALAMEDA,Meter Data Investigation,Low,Closed,1,1,0,0,1,0,0,0,0,1
2024-05,Residential,ALAMEDA,Missing Read Investigation,Low,Closed,2,2,0,0,2,0,0,0,0,2
2024-05,Residential,ALAMEDA,Missing Read Investigation,Medium,Closed,2,2,0,0,2,0,0,0,2,0
2024-05,Residential,ALAMEDA,Missing Read Investigation,Medium,Open,1,1,1,0,0,0,0,0,1,0
2024-05,Residential,AMADOR,Account Status Review,Low,Open,1,1,1,0,0,0,0,0,0,1
2024-05,Residential,AMADOR,Meter Issue,Medium,Closed,1,1,0,0,1,0,0,0,1,0
2024-05,Residential,AMADOR,Missing Read Investigation,High,In Progress,1,1,0,1,0,0,0,1,0,0
2024-05,Residential,BUTTE,Account Status Review,Medium,Closed,1,1,0,0,1,0,0,0,1,0
2024-05,Residential,BUTTE,High Bill Inquiry,Medium,In Progress,1,1,0,1,0,0,0,0,1,0
2024-05,Residential,CONTRA COSTA,Account Status Review,High,Closed,1,1,0,0,1,0,0,1,0,0
2024-05,Residential,CONTRA COSTA,Account Status Review,High,In Progress,3,3,0,3,0,0,0,3,0,0
2024-05,Residential,CONTRA COSTA,Account Status Review,High,Open,1,1,1,0,0,0,0,1,0,0
2024-05,Residential,CONTRA COSTA,Account Status Review,Low,Cancelled,1,1,0,0,0,1,0,0,0,1
2024-05,Residential,CONTRA COSTA,Account Status Review,Low,Closed,1,1,0,0,1,0,0,0,0,1
2024-05,Residential,CONTRA COSTA,Account Status Review,Medium,Cancelled,1,1,0,0,0,1,0,0,1,0
2024-05,Residential,CONTRA COSTA,Account Status Review,Medium,Closed,4,4,0,0,4,0,0,0,4,0
2024-05,Residential,CONTRA COSTA,Account Status Review,Medium,In Progress,1,1,0,1,0,0,0,0,1,0
2024-05,Residential,CONTRA COSTA,Meter Data Investigation,Critical,Closed,1,1,0,0,1,0,1,0,0,0
2024-05,Residential,CONTRA COSTA,Meter Data Investigation,Low,Cancelled,1,1,0,0,0,1,0,0,0,1
2024-05,Residential,CONTRA COSTA,Meter Data Investigation,Low,Closed,1,1,0,0,1,0,0,0,0,1
2024-05,Residential,CONTRA COSTA,Meter Data Investigation,Medium,Closed,1,1,0,0,1,0,0,0,1,0
2024-05,Residential,CONTRA COSTA,Missing Read Investigation,Medium,In Progress,1,1,0,1,0,0,0,0,1,0
2024-05,Residential,CONTRA COSTA,Rate Plan Change,Medium,Closed,1,1,0,0,1,0,0,0,1,0
2024-05,Residential,EL DORADO,Account Status Review,Low,Closed,1,1,0,0,1,0,0,0,0,1
2024-05,Residential,EL DORADO,Account Status Review,Low,In Progress,1,1,0,1,0,0,0,0,0,1
2024-05,Residential,FRESNO,Account Status Review,High,Closed,3,3,0,0,3,0,0,3,0,0
2024-05,Residential,FRESNO,Account Status Review,Low,Closed,3,3,0,0,3,0,0,0,0,3
2024-05,Residential,FRESNO,Account Status Review,Low,Open,1,1,1,0,0,0,0,0,0,1
2024-05,Residential,FRESNO,Account Status Review,Medium,In Progress,1,1,0,1,0,0,0,0,1,0
2024-05,Residential,FRESNO,Meter Data Investigation,Medium,In Progress,1,1,0,1,0,0,0,0,1,0
2024-05,Residential,FRESNO,Meter Issue,Low,In Progress,1,1,0,1,0,0,0,0,0,1
2024-05,Residential,FRESNO,Missing Read Investigation,Low,Closed,1,1,0,0,1,0,0,0,0,1
2024-05,Residential,FRESNO,Missing Read Investigation,Medium,Closed,1,1,0,0,1,0,0,0,1,0
2024-05,Residential,FRESNO,Missing Read Investigation,Medium,In Progress,1,1,0,1,0,0,0,0,1,0
2024-05,Residential,FRESNO,Missing Read Investigation,Medium,Open,2,2,2,0,0,0,0,0,2,0
2024-05,Residential,FRESNO,Outage Follow Up,Low,Closed,2,2,0,0,2,0,0,0,0,2
2024-05,Residential,FRESNO,Outage Follow Up,Medium,Closed,2,2,0,0,2,0,0,0,2,0
2024-05,Residential,GLENN,Account Status Review,High,Open,1,1,1,0,0,0,0,1,0,0
2024-05,Residential,KERN,Account Status Review,High,Cancelled,1,1,0,0,0,1,0,1,0,0
2024-05,Residential,KERN,Account Status Review,High,Closed,3,3,0,0,3,0,0,3,0,0
2024-05,Residential,KERN,Account Status Review,High,In Progress,1,1,0,1,0,0,0,1,0,0
2024-05,Residential,KERN,Account Status Review,High,Open,1,1,1,0,0,0,0,1,0,0
2024-05,Residential,KERN,Account Status Review,Low,Closed,5,5,0,0,5,0,0,0,0,5
2024-05,Residential,KERN,Account Status Review,Medium,Cancelled,1,1,0,0,0,1,0,0,1,0
2024-05,Residential,KERN,Account Status Review,Medium,Closed,3,3,0,0,3,0,0,0,3,0
2024-05,Residential,KERN,High Bill Inquiry,Medium,In Progress,1,1,0,1,0,0,0,0,1,0
2024-05,Residential,KERN,Meter Data Investigation,Medium,Closed,2,2,0,0,2,0,0,0,2,0
2024-05,Residential,KERN,Meter Data Investigation,Medium,Open,1,1,1,0,0,0,0,0,1,0
2024-05,Residential,KERN,Meter Issue,Medium,Closed,1,1,0,0,1,0,0,0,1,0
2024-05,Residential,KERN,Missing Read Investigation,Low,Open,1,1,1,0,0,0,0,0,0,1
2024-05,Residential,KERN,Missing Read Investigation,Medium,Closed,3,3,0,0,3,0,0,0,3,0
2024-05,Residential,KERN,Outage Follow Up,Medium,In Progress,1,1,0,1,0,0,0,0,1,0
2024-05,Residential,KERN,Outage Follow Up,Medium,Open,1,1,1,0,0,0,0,0,1,0
2024-05,Residential,KERN,Rate Plan Change,Medium,Closed,1,1,0,0,1,0,0,0,1,0
2024-05,Residential,KINGS,Account Status Review,High,Open,1,1,1,0,0,0,0,1,0,0
2024-05,Residential,KINGS,Account Status Review,Medium,Closed,2,2,0,0,2,0,0,0,2,0
2024-05,Residential,KINGS,Missing Read Investigation,High,Closed,1,1,0,0,1,0,0,1,0,0
2024-05,Residential,MARIN,Account Status Review,Medium,Closed,1,1,0,0,1,0,0,0,1,0
2024-05,Residential,MERCED,Account Status Review,Critical,Cancelled,1,1,0,0,0,1,1,0,0,0
2024-05,Residential,MERCED,Account Status Review,Medium,In Progress,1,1,0,1,0,0,0,0,1,0
2024-05,Residential,MERCED,Account Status Review,Medium,Open,1,1,1,0,0,0,0,0,1,0
2024-05,Residential,MERCED,Meter Data Investigation,Critical,Closed,1,1,0,0,1,0,1,0,0,0
2024-05,Residential,MERCED,Missing Read Investigation,Low,Closed,1,1,0,0,1,0,0,0,0,1
2024-05,Residential,MONTEREY,Account Status Review,Low,Closed,1,1,0,0,1,0,0,0,0,1
2024-05,Residential,MONTEREY,Account Status Review,Low,In Progress,1,1,0,1,0,0,0,0,0,1
2024-05,Residential,MONTEREY,Account Status Review,Medium,Closed,1,1,0,0,1,0,0,0,1,0
2024-05,Residential,MONTEREY,Account Status Review,Medium,In Progress,1,1,0,1,0,0,0,0,1,0
2024-05,Residential,MONTEREY,High Bill Inquiry,Medium,Closed,1,1,0,0,1,0,0,0,1,0
2024-05,Residential,MONTEREY,Meter Data Investigation,Low,Open,1,1,1,0,0,0,0,0,0,1
2024-05,Residential,MONTEREY,Missing Read Investigation,High,In Progress,1,1,0,1,0,0,0,1,0,0
2024-05,Residential,MONTEREY,Missing Read Investigation,Medium,Closed,1,1,0,0,1,0,0,0,1,0
2024-05,Residential,MONTEREY,Outage Follow Up,Low,Closed,1,1,0,0,1,0,0,0,0,1
2024-05,Residential,NAPA,Account Status Review,Medium,Closed,1,1,0,0,1,0,0,0,1,0
2024-05,Residential,PLACER,Account Status Review,High,Closed,1,1,0,0,1,0,0,1,0,0
2024-05,Residential,PLACER,Account Status Review,High,In Progress,2,2,0,2,0,0,0,2,0,0
2024-05,Residential,PLACER,Account Status Review,Low,Cancelled,1,1,0,0,0,1,0,0,0,1
2024-05,Residential,PLACER,Account Status Review,Medium,Closed,3,3,0,0,3,0,0,0,3,0
2024-05,Residential,PLACER,High Bill Inquiry,High,Closed,1,1,0,0,1,0,0,1,0,0
2024-05,Residential,SAN FRANCISCO,Account Status Review,High,Closed,1,1,0,0,1,0,0,1,0,0
2024-05,Residential,SAN FRANCISCO,Account Status Review,Low,Closed,1,1,0,0,1,0,0,0,0,1
2024-05,Residential,SAN FRANCISCO,Account Status Review,Low,In Progress,2,2,0,2,0,0,0,0,0,2
2024-05,Residential,SAN FRANCISCO,Account Status Review,Low,Open,1,1,1,0,0,0,0,0,0,1
2024-05,Residential,SAN FRANCISCO,Account Status Review,Medium,Closed,1,1,0,0,1,0,0,0,1,0
2024-05,Residential,SAN FRANCISCO,High Bill Inquiry,High,Closed,1,1,0,0,1,0,0,1,0,0
2024-05,Residential,SAN FRANCISCO,Meter Issue,Medium,Closed,1,1,0,0,1,0,0,0,1,0
2024-05,Residential,SAN FRANCISCO,Outage Follow Up,Low,In Progress,1,1,0,1,0,0,0,0,0,1
2024-05,Residential,SAN JOAQUIN,Account Status Review,Low,Closed,1,1,0,0,1,0,0,0,0,1
2024-05,Residential,SAN JOAQUIN,Account Status Review,Medium,Cancelled,3,3,0,0,0,3,0,0,3,0
2024-05,Residential,SAN JOAQUIN,Account Status Review,Medium,Open,2,2,2,0,0,0,0,0,2,0
2024-05,Residential,SAN JOAQUIN,Meter Data Investigation,Medium,Open,1,1,1,0,0,0,0,0,1,0
2024-05,Residential,SAN JOAQUIN,Missing Read Investigation,Low,Closed,1,1,0,0,1,0,0,0,0,1
2024-05,Residential,SAN JOAQUIN,Missing Read Investigation,Medium,Open,1,1,1,0,0,0,0,0,1,0
2024-05,Residential,SAN LUIS OBISPO,Account Status Review,Low,Closed,1,1,0,0,1,0,0,0,0,1
2024-05,Residential,SAN LUIS OBISPO,Missing Read Investigation,Low,Closed,1,1,0,0,1,0,0,0,0,1
2024-05,Residential,SAN MATEO,Account Status Review,High,Closed,1,1,0,0,1,0,0,1,0,0
2024-05,Residential,SAN MATEO,Account Status Review,High,Open,1,1,1,0,0,0,0,1,0,0
2024-05,Residential,SAN MATEO,Account Status Review,Medium,Closed,1,1,0,0,1,0,0,0,1,0
2024-05,Residential,SAN MATEO,High Bill Inquiry,High,Closed,1,1,0,0,1,0,0,1,0,0
2024-05,Residential,SAN MATEO,Meter Data Investigation,Medium,Closed,1,1,0,0,1,0,0,0,1,0
2024-05,Residential,SAN MATEO,Missing Read Investigation,Low,Closed,1,1,0,0,1,0,0,0,0,1
2024-05,Residential,SANTA BARBARA,Account Status Review,Low,Closed,1,1,0,0,1,0,0,0,0,1
2024-05,Residential,SANTA BARBARA,Account Status Review,Medium,Closed,1,1,0,0,1,0,0,0,1,0
2024-05,Residential,SANTA CLARA,Account Status Review,High,Cancelled,1,1,0,0,0,1,0,1,0,0
2024-05,Residential,SANTA CLARA,Account Status Review,High,Closed,5,5,0,0,5,0,0,5,0,0
2024-05,Residential,SANTA CLARA,Account Status Review,Low,Cancelled,1,1,0,0,0,1,0,0,0,1
2024-05,Residential,SANTA CLARA,Account Status Review,Low,Closed,2,2,0,0,2,0,0,0,0,2
2024-05,Residential,SANTA CLARA,Account Status Review,Medium,Closed,4,4,0,0,4,0,0,0,4,0
2024-05,Residential,SANTA CLARA,Account Status Review,Medium,Open,1,1,1,0,0,0,0,0,1,0
2024-05,Residential,SANTA CLARA,Meter Data Investigation,High,Closed,1,1,0,0,1,0,0,1,0,0
2024-05,Residential,SANTA CLARA,Meter Data Investigation,Low,Closed,1,1,0,0,1,0,0,0,0,1
2024-05,Residential,SANTA CLARA,Meter Data Investigation,Medium,Closed,1,1,0,0,1,0,0,0,1,0
2024-05,Residential,SANTA CLARA,Meter Issue,Low,Open,1,1,1,0,0,0,0,0,0,1
2024-05,Residential,SANTA CLARA,Missing Read Investigation,High,In Progress,1,1,0,1,0,0,0,1,0,0
2024-05,Residential,SANTA CLARA,Missing Read Investigation,High,Open,1,1,1,0,0,0,0,1,0,0
2024-05,Residential,SANTA CLARA,Missing Read Investigation,Low,Open,1,1,1,0,0,0,0,0,0,1
2024-05,Residential,SANTA CLARA,Missing Read Investigation,Medium,Closed,1,1,0,0,1,0,0,0,1,0
2024-05,Residential,SANTA CLARA,Outage Follow Up,Low,In Progress,1,1,0,1,0,0,0,0,0,1
2024-05,Residential,SANTA CLARA,Rate Plan Change,Medium,In Progress,1,1,0,1,0,0,0,0,1,0
2024-05,Residential,SANTA CRUZ,Account Status Review,Low,In Progress,1,1,0,1,0,0,0,0,0,1
2024-05,Residential,SHASTA,High Bill Inquiry,Medium,Closed,1,1,0,0,1,0,0,0,1,0
2024-05,Residential,SOLANO,Account Status Review,Medium,Open,1,1,1,0,0,0,0,0,1,0
2024-05,Residential,SOLANO,Meter Data Investigation,Low,Closed,1,1,0,0,1,0,0,0,0,1
2024-05,Residential,SONOMA,Account Status Review,High,Open,1,1,1,0,0,0,0,1,0,0
2024-05,Residential,SONOMA,Account Status Review,Low,Closed,1,1,0,0,1,0,0,0,0,1
2024-05,Residential,SONOMA,Missing Read Investigation,Low,Open,1,1,1,0,0,0,0,0,0,1
2024-05,Residential,SUTTER,Account Status Review,High,Closed,1,1,0,0,1,0,0,1,0,0
2024-05,Residential,SUTTER,Outage Follow Up,Medium,Closed,1,1,0,0,1,0,0,0,1,0
2024-05,Residential,TUOLUMNE,Account Status Review,Medium,Closed,1,1,0,0,1,0,0,0,1,0
2024-05,Residential,YOLO,Account Status Review,High,Closed,1,1,0,0,1,0,0,1,0,0
2024-05,Residential,YOLO,Account Status Review,Low,Closed,1,1,0,0,1,0,0,0,0,1
2024-05,Residential,YOLO,Account Status Review,Medium,Closed,1,1,0,0,1,0,0,0,1,0
2024-05,Residential,YOLO,Meter Data Investigation,Low,Open,1,1,1,0,0,0,0,0,0,1
2024-05,Residential,YOLO,Missing Read Investigation,Low,Closed,1,1,0,0,1,0,0,0,0,1
2024-05,Residential,YUBA,Account Status Review,High,Closed,1,1,0,0,1,0,0,1,0,0
2024-05,Streetlighting,SAN JOAQUIN,Account Status Review,Medium,Closed,1,1,0,0,1,0,0,0,1,0
2024-05,"Transportation, Communications, & Utilities",SAN MATEO,Account Status Review,Medium,Closed,1,1,0,0,1,0,0,0,1,0
2024-05,"Transportation, Communications, & Utilities",SANTA CLARA,Account Status Review,Medium,Closed,1,1,0,0,1,0,0,0,1,0
2024-05,"Transportation, Communications, & Utilities",SANTA CLARA,Missing Read Investigation,Medium,Closed,1,1,0,0,1,0,0,0,1,0
2024-06,Agriculture And Water Pumping,ALAMEDA,Account Status Review,High,In Progress,1,1,0,1,0,0,0,1,0,0
2024-06,Agriculture And Water Pumping,KERN,Account Status Review,High,Open,1,1,1,0,0,0,0,1,0,0
2024-06,Agriculture And Water Pumping,KERN,Meter Issue,Low,Closed,1,1,0,0,1,0,0,0,0,1
2024-06,Agriculture And Water Pumping,NEVADA,High Bill Inquiry,Low,Closed,1,1,0,0,1,0,0,0,0,1
2024-06,Agriculture And Water Pumping,PLACER,Meter Data Investigation,Medium,In Progress,1,1,0,1,0,0,0,0,1,0
2024-06,Agriculture And Water Pumping,SAN MATEO,Outage Follow Up,Medium,Closed,1,1,0,0,1,0,0,0,1,0
2024-06,Commercial,ALAMEDA,Account Status Review,High,In Progress,1,1,0,1,0,0,0,1,0,0
2024-06,Commercial,ALAMEDA,Missing Read Investigation,High,Open,1,1,1,0,0,0,0,1,0,0
2024-06,Commercial,CONTRA COSTA,Account Status Review,Low,Closed,1,1,0,0,1,0,0,0,0,1
2024-06,Commercial,CONTRA COSTA,Account Status Review,Medium,Open,1,1,1,0,0,0,0,0,1,0
2024-06,Commercial,CONTRA COSTA,Missing Read Investigation,Medium,Closed,1,1,0,0,1,0,0,0,1,0
2024-06,Commercial,FRESNO,Missing Read Investigation,High,Closed,1,1,0,0,1,0,0,1,0,0
2024-06,Commercial,HUMBOLDT,Account Status Review,Medium,Closed,1,1,0,0,1,0,0,0,1,0
2024-06,Commercial,KERN,Account Status Review,Medium,Closed,1,1,0,0,1,0,0,0,1,0
2024-06,Commercial,KERN,Meter Data Investigation,Low,Closed,1,1,0,0,1,0,0,0,0,1
2024-06,Commercial,KERN,Missing Read Investigation,Medium,Closed,2,2,0,0,2,0,0,0,2,0
2024-06,Commercial,KERN,Missing Read Investigation,Medium,In Progress,1,1,0,1,0,0,0,0,1,0
2024-06,Commercial,KINGS,Missing Read Investigation,Medium,Closed,1,1,0,0,1,0,0,0,1,0
2024-06,Commercial,MADERA,Account Status Review,Medium,Cancelled,1,1,0,0,0,1,0,0,1,0
2024-06,Commercial,MADERA,Outage Follow Up,Medium,In Progress,1,1,0,1,0,0,0,0,1,0
2024-06,Commercial,MERCED,Account Status Review,Medium,Closed,1,1,0,0,1,0,0,0,1,0
2024-06,Commercial,MERCED,Rate Plan Change,Medium,Closed,1,1,0,0,1,0,0,0,1,0
2024-06,Commercial,NEVADA,Account Status Review,Low,Open,1,1,1,0,0,0,0,0,0,1
2024-06,Commercial,PLACER,Account Status Review,High,Closed,1,1,0,0,1,0,0,1,0,0
2024-06,Commercial,PLACER,Missing Read Investigation,Low,Closed,1,1,0,0,1,0,0,0,0,1
2024-06,Commercial,SAN FRANCISCO,Missing Read Investigation,Medium,Closed,1,1,0,0,1,0,0,0,1,0
2024-06,Commercial,SAN JOAQUIN,Rate Plan Change,High,In Progress,1,1,0,1,0,0,0,1,0,0
2024-06,Commercial,SAN LUIS OBISPO,High Bill Inquiry,Medium,Closed,1,1,0,0,1,0,0,0,1,0
2024-06,Commercial,SAN LUIS OBISPO,Meter Data Investigation,Medium,Closed,1,1,0,0,1,0,0,0,1,0
2024-06,Commercial,SANTA BARBARA,Missing Read Investigation,Medium,Closed,1,1,0,0,1,0,0,0,1,0
2024-06,Commercial,SANTA CLARA,Account Status Review,High,Open,1,1,1,0,0,0,0,1,0,0
2024-06,Commercial,SANTA CLARA,Account Status Review,Low,Closed,1,1,0,0,1,0,0,0,0,1
2024-06,Commercial,SANTA CLARA,Account Status Review,Medium,Closed,2,2,0,0,2,0,0,0,2,0
2024-06,Commercial,SANTA CLARA,Account Status Review,Medium,Open,1,1,1,0,0,0,0,0,1,0
2024-06,Commercial,SANTA CLARA,Missing Read Investigation,Low,Open,1,1,1,0,0,0,0,0,0,1
2024-06,Commercial,SOLANO,Account Status Review,High,In Progress,1,1,0,1,0,0,0,1,0,0
2024-06,Commercial,TUOLUMNE,Account Status Review,Medium,Closed,1,1,0,0,1,0,0,0,1,0
2024-06,Industrial,KERN,Account Status Review,Low,In Progress,1,1,0,1,0,0,0,0,0,1
2024-06,Industrial,KERN,Account Status Review,Low,Open,1,1,1,0,0,0,0,0,0,1
2024-06,Industrial,KERN,Account Status Review,Medium,Closed,1,1,0,0,1,0,0,0,1,0
2024-06,Industrial,PLACER,Missing Read Investigation,Low,Closed,1,1,0,0,1,0,0,0,0,1
2024-06,Industrial,SAN MATEO,High Bill Inquiry,Medium,Open,1,1,1,0,0,0,0,0,1,0
2024-06,Industrial,SANTA CLARA,High Bill Inquiry,Low,Closed,1,1,0,0,1,0,0,0,0,1
2024-06,Industrial,SANTA CLARA,Meter Data Investigation,Critical,Closed,1,1,0,0,1,0,1,0,0,0
2024-06,Industrial,SOLANO,Account Status Review,High,Closed,1,1,0,0,1,0,0,1,0,0
2024-06,Mining,FRESNO,Account Status Review,Low,Closed,1,1,0,0,1,0,0,0,0,1
2024-06,Residential,ALAMEDA,Account Status Review,Critical,Open,1,1,1,0,0,0,1,0,0,0
2024-06,Residential,ALAMEDA,Account Status Review,High,Open,1,1,1,0,0,0,0,1,0,0
2024-06,Residential,ALAMEDA,Account Status Review,Low,Cancelled,1,1,0,0,0,1,0,0,0,1
2024-06,Residential,ALAMEDA,Account Status Review,Low,Closed,3,3,0,0,3,0,0,0,0,3
2024-06,Residential,ALAMEDA,Account Status Review,Low,Open,1,1,1,0,0,0,0,0,0,1
2024-06,Residential,ALAMEDA,Account Status Review,Medium,Closed,1,1,0,0,1,0,0,0,1,0
2024-06,Residential,ALAMEDA,Account Status Review,Medium,In Progress,2,2,0,2,0,0,0,0,2,0
2024-06,Residential,ALAMEDA,High Bill Inquiry,Medium,Cancelled,1,1,0,0,0,1,0,0,1,0
2024-06,Residential,ALAMEDA,Meter Data Investigation,Low,In Progress,1,1,0,1,0,0,0,0,0,1
2024-06,Residential,ALAMEDA,Meter Data Investigation,Medium,Closed,1,1,0,0,1,0,0,0,1,0
2024-06,Residential,ALAMEDA,Meter Data Investigation,Medium,In Progress,1,1,0,1,0,0,0,0,1,0
2024-06,Residential,ALAMEDA,Meter Issue,High,Closed,1,1,0,0,1,0,0,1,0,0
2024-06,Residential,ALAMEDA,Missing Read Investigation,Low,Closed,2,2,0,0,2,0,0,0,0,2
2024-06,Residential,ALAMEDA,Missing Read Investigation,Medium,In Progress,1,1,0,1,0,0,0,0,1,0
2024-06,Residential,ALAMEDA,Missing Read Investigation,Medium,Open,1,1,1,0,0,0,0,0,1,0
2024-06,Residential,ALAMEDA,Outage Follow Up,Low,Closed,1,1,0,0,1,0,0,0,0,1
2024-06,Residential,ALAMEDA,Outage Follow Up,Low,Open,1,1,1,0,0,0,0,0,0,1
2024-06,Residential,ALAMEDA,Rate Plan Change,Critical,Open,1,1,1,0,0,0,1,0,0,0
2024-06,Residential,ALAMEDA,Rate Plan Change,Medium,Closed,1,1,0,0,1,0,0,0,1,0
2024-06,Residential,AMADOR,Account Status Review,Medium,Closed,1,1,0,0,1,0,0,0,1,0
2024-06,Residential,BUTTE,Account Status Review,Low,Closed,1,1,0,0,1,0,0,0,0,1
2024-06,Residential,BUTTE,Account Status Review,Low,Open,1,1,1,0,0,0,0,0,0,1
2024-06,Residential,CALAVERAS,Meter Issue,Low,Open,1,1,1,0,0,0,0,0,0,1
2024-06,Residential,CALAVERAS,Missing Read Investigation,Medium,Closed,1,1,0,0,1,0,0,0,1,0
2024-06,Residential,COLUSA,Account Status Review,Medium,Open,1,1,1,0,0,0,0,0,1,0
2024-06,Residential,CONTRA COSTA,Account Status Review,High,Closed,5,5,0,0,5,0,0,5,0,0
2024-06,Residential,CONTRA COSTA,Account Status Review,Low,Closed,1,1,0,0,1,0,0,0,0,1
2024-06,Residential,CONTRA COSTA,Account Status Review,Low,In Progress,1,1,0,1,0,0,0,0,0,1
2024-06,Residential,CONTRA COSTA,Account Status Review,Medium,Cancelled,1,1,0,0,0,1,0,0,1,0
2024-06,Residential,CONTRA COSTA,Account Status Review,Medium,Closed,3,3,0,0,3,0,0,0,3,0
2024-06,Residential,CONTRA COSTA,Account Status Review,Medium,In Progress,2,2,0,2,0,0,0,0,2,0
2024-06,Residential,CONTRA COSTA,High Bill Inquiry,Low,Open,1,1,1,0,0,0,0,0,0,1
2024-06,Residential,CONTRA COSTA,High Bill Inquiry,Medium,Closed,2,2,0,0,2,0,0,0,2,0
2024-06,Residential,CONTRA COSTA,High Bill Inquiry,Medium,Open,1,1,1,0,0,0,0,0,1,0
2024-06,Residential,CONTRA COSTA,Meter Data Investigation,Medium,Closed,1,1,0,0,1,0,0,0,1,0
2024-06,Residential,CONTRA COSTA,Missing Read Investigation,High,Closed,1,1,0,0,1,0,0,1,0,0
2024-06,Residential,CONTRA COSTA,Missing Read Investigation,High,Open,1,1,1,0,0,0,0,1,0,0
2024-06,Residential,CONTRA COSTA,Rate Plan Change,High,In Progress,1,1,0,1,0,0,0,1,0,0
2024-06,Residential,EL DORADO,Account Status Review,High,Open,1,1,1,0,0,0,0,1,0,0
2024-06,Residential,EL DORADO,Meter Issue,High,Closed,1,1,0,0,1,0,0,1,0,0
2024-06,Residential,FRESNO,Account Status Review,High,Cancelled,1,1,0,0,0,1,0,1,0,0
2024-06,Residential,FRESNO,Account Status Review,High,Open,1,1,1,0,0,0,0,1,0,0
2024-06,Residential,FRESNO,Account Status Review,Low,In Progress,1,1,0,1,0,0,0,0,0,1
2024-06,Residential,FRESNO,Account Status Review,Medium,Open,1,1,1,0,0,0,0,0,1,0
2024-06,Residential,FRESNO,Meter Data Investigation,High,Cancelled,1,1,0,0,0,1,0,1,0,0
2024-06,Residential,FRESNO,Meter Data Investigation,Low,In Progress,1,1,0,1,0,0,0,0,0,1
2024-06,Residential,FRESNO,Meter Data Investigation,Medium,Closed,1,1,0,0,1,0,0,0,1,0
2024-06,Residential,FRESNO,Meter Data Investigation,Medium,In Progress,1,1,0,1,0,0,0,0,1,0
2024-06,Residential,FRESNO,Meter Issue,Low,Closed,2,2,0,0,2,0,0,0,0,2
2024-06,Residential,FRESNO,Missing Read Investigation,Medium,Closed,1,1,0,0,1,0,0,0,1,0
2024-06,Residential,FRESNO,Outage Follow Up,Medium,Open,1,1,1,0,0,0,0,0,1,0
2024-06,Residential,FRESNO,Rate Plan Change,Low,Closed,1,1,0,0,1,0,0,0,0,1
2024-06,Residential,GLENN,Account Status Review,Medium,Closed,1,1,0,0,1,0,0,0,1,0
2024-06,Residential,KERN,Account Status Review,Critical,Closed,1,1,0,0,1,0,1,0,0,0
2024-06,Residential,KERN,Account Status Review,High,Closed,1,1,0,0,1,0,0,1,0,0
2024-06,Residential,KERN,Account Status Review,Low,Closed,2,2,0,0,2,0,0,0,0,2
2024-06,Residential,KERN,Account Status Review,Low,Open,1,1,1,0,0,0,0,0,0,1
2024-06,Residential,KERN,Account Status Review,Medium,Closed,7,7,0,0,7,0,0,0,7,0
2024-06,Residential,KERN,Account Status Review,Medium,In Progress,1,1,0,1,0,0,0,0,1,0
2024-06,Residential,KERN,High Bill Inquiry,Medium,Closed,1,1,0,0,1,0,0,0,1,0
2024-06,Residential,KERN,Missing Read Investigation,Low,Closed,3,3,0,0,3,0,0,0,0,3
2024-06,Residential,KERN,Missing Read Investigation,Medium,Closed,2,2,0,0,2,0,0,0,2,0
2024-06,Residential,KERN,Missing Read Investigation,Medium,In Progress,1,1,0,1,0,0,0,0,1,0
2024-06,Residential,KERN,Missing Read Investigation,Medium,Open,2,2,2,0,0,0,0,0,2,0
2024-06,Residential,KERN,Outage Follow Up,Low,Closed,1,1,0,0,1,0,0,0,0,1
2024-06,Residential,KERN,Outage Follow Up,Medium,Closed,1,1,0,0,1,0,0,0,1,0
2024-06,Residential,KINGS,Account Status Review,Critical,Closed,1,1,0,0,1,0,1,0,0,0
2024-06,Residential,KINGS,Account Status Review,Low,Closed,1,1,0,0,1,0,0,0,0,1
2024-06,Residential,KINGS,Account Status Review,Medium,Closed,1,1,0,0,1,0,0,0,1,0
2024-06,Residential,LAKE,Account Status Review,Medium,In Progress,1,1,0,1,0,0,0,0,1,0
2024-06,Residential,MADERA,Account Status Review,Low,Open,1,1,1,0,0,0,0,0,0,1
2024-06,Residential,MADERA,Meter Data Investigation,Low,Open,1,1,1,0,0,0,0,0,0,1
2024-06,Residential,MADERA,Missing Read Investigation,High,Open,1,1,1,0,0,0,0,1,0,0
2024-06,Residential,MENDOCINO,Account Status Review,Medium,In Progress,1,1,0,1,0,0,0,0,1,0
2024-06,Residential,MERCED,Account Status Review,High,Cancelled,1,1,0,0,0,1,0,1,0,0
2024-06,Residential,MERCED,Meter Data Investigation,Medium,In Progress,1,1,0,1,0,0,0,0,1,0
2024-06,Residential,MERCED,Meter Issue,Low,Cancelled,1,1,0,0,0,1,0,0,0,1
2024-06,Residential,MERCED,Meter Issue,Medium,Open,1,1,1,0,0,0,0,0,1,0
2024-06,Residential,MERCED,Missing Read Investigation,High,Open,1,1,1,0,0,0,0,1,0,0
2024-06,Residential,MONTEREY,Account Status Review,High,Closed,1,1,0,0,1,0,0,1,0,0
2024-06,Residential,MONTEREY,Account Status Review,Low,Closed,2,2,0,0,2,0,0,0,0,2
2024-06,Residential,MONTEREY,Account Status Review,Medium,In Progress,1,1,0,1,0,0,0,0,1,0
2024-06,Residential,MONTEREY,Meter Data Investigation,Medium,In Progress,1,1,0,1,0,0,0,0,1,0
2024-06,Residential,MONTEREY,Meter Data Investigation,Medium,Open,1,1,1,0,0,0,0,0,1,0
2024-06,Residential,MONTEREY,Missing Read Investigation,Medium,Closed,1,1,0,0,1,0,0,0,1,0
2024-06,Residential,NAPA,Account Status Review,Medium,Closed,1,1,0,0,1,0,0,0,1,0
2024-06,Residential,NAPA,Outage Follow Up,Low,Cancelled,1,1,0,0,0,1,0,0,0,1
2024-06,Residential,NEVADA,Account Status Review,Low,Open,1,1,1,0,0,0,0,0,0,1
2024-06,Residential,PLACER,Account Status Review,High,Cancelled,1,1,0,0,0,1,0,1,0,0
2024-06,Residential,PLACER,Account Status Review,High,Closed,1,1,0,0,1,0,0,1,0,0
2024-06,Residential,PLACER,Account Status Review,Low,Closed,1,1,0,0,1,0,0,0,0,1
2024-06,Residential,PLACER,Account Status Review,Medium,Closed,2,2,0,0,2,0,0,0,2,0
2024-06,Residential,PLACER,Account Status Review,Medium,In Progress,2,2,0,2,0,0,0,0,2,0
2024-06,Residential,PLACER,Missing Read Investigation,High,Closed,1,1,0,0,1,0,0,1,0,0
2024-06,Residential,PLACER,Rate Plan Change,High,Open,1,1,1,0,0,0,0,1,0,0
2024-06,Residential,PLUMAS,High Bill Inquiry,Medium,Closed,1,1,0,0,1,0,0,0,1,0
2024-06,Residential,PLUMAS,Meter Data Investigation,High,Closed,1,1,0,0,1,0,0,1,0,0
2024-06,Residential,SAN FRANCISCO,Account Status Review,High,Cancelled,1,1,0,0,0,1,0,1,0,0
2024-06,Residential,SAN FRANCISCO,Account Status Review,High,Open,2,2,2,0,0,0,0,2,0,0
2024-06,Residential,SAN FRANCISCO,Account Status Review,Medium,Closed,2,2,0,0,2,0,0,0,2,0
2024-06,Residential,SAN FRANCISCO,Meter Data Investigation,Low,Cancelled,1,1,0,0,0,1,0,0,0,1
2024-06,Residential,SAN FRANCISCO,Meter Data Investigation,Low,Closed,1,1,0,0,1,0,0,0,0,1
2024-06,Residential,SAN FRANCISCO,Missing Read Investigation,Critical,Closed,1,1,0,0,1,0,1,0,0,0
2024-06,Residential,SAN FRANCISCO,Missing Read Investigation,Low,In Progress,1,1,0,1,0,0,0,0,0,1
2024-06,Residential,SAN FRANCISCO,Missing Read Investigation,Medium,Closed,1,1,0,0,1,0,0,0,1,0
2024-06,Residential,SAN JOAQUIN,Account Status Review,High,Closed,1,1,0,0,1,0,0,1,0,0
2024-06,Residential,SAN JOAQUIN,Account Status Review,Low,Closed,1,1,0,0,1,0,0,0,0,1
2024-06,Residential,SAN JOAQUIN,Account Status Review,Medium,Cancelled,1,1,0,0,0,1,0,0,1,0
2024-06,Residential,SAN JOAQUIN,Account Status Review,Medium,Closed,1,1,0,0,1,0,0,0,1,0
2024-06,Residential,SAN JOAQUIN,Account Status Review,Medium,Open,1,1,1,0,0,0,0,0,1,0
2024-06,Residential,SAN JOAQUIN,Meter Data Investigation,High,In Progress,1,1,0,1,0,0,0,1,0,0
2024-06,Residential,SAN JOAQUIN,Missing Read Investigation,Medium,Closed,1,1,0,0,1,0,0,0,1,0
2024-06,Residential,SAN LUIS OBISPO,Meter Data Investigation,Medium,Closed,1,1,0,0,1,0,0,0,1,0
2024-06,Residential,SAN LUIS OBISPO,Missing Read Investigation,High,Cancelled,1,1,0,0,0,1,0,1,0,0
2024-06,Residential,SAN LUIS OBISPO,Missing Read Investigation,High,In Progress,1,1,0,1,0,0,0,1,0,0
2024-06,Residential,SAN MATEO,Account Status Review,Low,Closed,3,3,0,0,3,0,0,0,0,3
2024-06,Residential,SAN MATEO,Account Status Review,Low,In Progress,1,1,0,1,0,0,0,0,0,1
2024-06,Residential,SAN MATEO,Account Status Review,Low,Open,2,2,2,0,0,0,0,0,0,2
2024-06,Residential,SAN MATEO,Account Status Review,Medium,Closed,1,1,0,0,1,0,0,0,1,0
2024-06,Residential,SAN MATEO,High Bill Inquiry,Medium,Closed,1,1,0,0,1,0,0,0,1,0
2024-06,Residential,SAN MATEO,Meter Data Investigation,Low,In Progress,1,1,0,1,0,0,0,0,0,1
2024-06,Residential,SAN MATEO,Meter Issue,Low,Open,1,1,1,0,0,0,0,0,0,1
2024-06,Residential,SAN MATEO,Missing Read Investigation,Medium,Closed,2,2,0,0,2,0,0,0,2,0
2024-06,Residential,SANTA BARBARA,Account Status Review,Low,Closed,2,2,0,0,2,0,0,0,0,2
2024-06,Residential,SANTA BARBARA,Account Status Review,Medium,Closed,1,1,0,0,1,0,0,0,1,0
2024-06,Residential,SANTA BARBARA,Missing Read Investigation,Medium,In Progress,1,1,0,1,0,0,0,0,1,0
2024-06,Residential,SANTA CLARA,Account Status Review,High,Closed,2,2,0,0,2,0,0,2,0,0
2024-06,Residential,SANTA CLARA,Account Status Review,High,Open,2,2,2,0,0,0,0,2,0,0
2024-06,Residential,SANTA CLARA,Account Status Review,Low,Cancelled,1,1,0,0,0,1,0,0,0,1
2024-06,Residential,SANTA CLARA,Account Status Review,Low,In Progress,3,3,0,3,0,0,0,0,0,3
2024-06,Residential,SANTA CLARA,Account Status Review,Low,Open,1,1,1,0,0,0,0,0,0,1
2024-06,Residential,SANTA CLARA,Account Status Review,Medium,Closed,5,5,0,0,5,0,0,0,5,0
2024-06,Residential,SANTA CLARA,Account Status Review,Medium,In Progress,2,2,0,2,0,0,0,0,2,0
2024-06,Residential,SANTA CLARA,Account Status Review,Medium,Open,4,4,4,0,0,0,0,0,4,0
2024-06,Residential,SANTA CLARA,Meter Data Investigation,Low,Closed,3,3,0,0,3,0,0,0,0,3
2024-06,Residential,SANTA CLARA,Meter Data Investigation,Medium,Open,1,1,1,0,0,0,0,0,1,0
2024-06,Residential,SANTA CLARA,Meter Issue,Medium,Closed,1,1,0,0,1,0,0,0,1,0
2024-06,Residential,SANTA CLARA,Meter Issue,Medium,Open,1,1,1,0,0,0,0,0,1,0
2024-06,Residential,SANTA CLARA,Missing Read Investigation,High,In Progress,1,1,0,1,0,0,0,1,0,0
2024-06,Residential,SANTA CLARA,Missing Read Investigation,Low,Closed,1,1,0,0,1,0,0,0,0,1
2024-06,Residential,SANTA CLARA,Missing Read Investigation,Low,Open,1,1,1,0,0,0,0,0,0,1
2024-06,Residential,SANTA CLARA,Missing Read Investigation,Medium,Closed,3,3,0,0,3,0,0,0,3,0
2024-06,Residential,SANTA CRUZ,Missing Read Investigation,High,In Progress,1,1,0,1,0,0,0,1,0,0
2024-06,Residential,SOLANO,Meter Data Investigation,Medium,In Progress,2,2,0,2,0,0,0,0,2,0
2024-06,Residential,SOLANO,Missing Read Investigation,Low,Closed,1,1,0,0,1,0,0,0,0,1
2024-06,Residential,SOLANO,Missing Read Investigation,Medium,Closed,1,1,0,0,1,0,0,0,1,0
2024-06,Residential,SOLANO,Rate Plan Change,Medium,Closed,1,1,0,0,1,0,0,0,1,0
2024-06,Residential,SONOMA,Account Status Review,Low,Closed,1,1,0,0,1,0,0,0,0,1
2024-06,Residential,SONOMA,Account Status Review,Medium,Closed,1,1,0,0,1,0,0,0,1,0
2024-06,Residential,SONOMA,Meter Data Investigation,Medium,Cancelled,1,1,0,0,0,1,0,0,1,0
2024-06,Residential,SONOMA,Missing Read Investigation,High,Closed,1,1,0,0,1,0,0,1,0,0
2024-06,Residential,SUTTER,Account Status Review,Critical,Open,1,1,1,0,0,0,1,0,0,0
2024-06,Residential,SUTTER,Account Status Review,High,Closed,1,1,0,0,1,0,0,1,0,0
2024-06,Residential,TUOLUMNE,Account Status Review,Medium,Closed,1,1,0,0,1,0,0,0,1,0
2024-06,Residential,TUOLUMNE,Missing Read Investigation,Low,Closed,1,1,0,0,1,0,0,0,0,1
2024-06,Residential,YOLO,Account Status Review,Low,In Progress,1,1,0,1,0,0,0,0,0,1
2024-06,Residential,YOLO,Account Status Review,Medium,Closed,2,2,0,0,2,0,0,0,2,0
2024-06,"Transportation, Communications, & Utilities",ALAMEDA,Meter Data Investigation,Medium,Closed,1,1,0,0,1,0,0,0,1,0
2024-06,"Transportation, Communications, & Utilities",SANTA CLARA,Account Status Review,Medium,In Progress,1,1,0,1,0,0,0,0,1,0
2024-07,Agriculture And Water Pumping,ALAMEDA,Account Status Review,Low,Closed,1,1,0,0,1,0,0,0,0,1
2024-07,Agriculture And Water Pumping,CONTRA COSTA,Account Status Review,Medium,Closed,1,1,0,0,1,0,0,0,1,0
2024-07,Agriculture And Water Pumping,KERN,Account Status Review,Low,Closed,1,1,0,0,1,0,0,0,0,1
2024-07,Agriculture And Water Pumping,KERN,Account Status Review,Medium,In Progress,1,1,0,1,0,0,0,0,1,0
2024-07,Agriculture And Water Pumping,KINGS,Account Status Review,Medium,Closed,1,1,0,0,1,0,0,0,1,0
2024-07,Agriculture And Water Pumping,SAN FRANCISCO,Meter Data Investigation,Low,In Progress,1,1,0,1,0,0,0,0,0,1
2024-07,Commercial,ALAMEDA,Account Status Review,High,In Progress,2,2,0,2,0,0,0,2,0,0
2024-07,Commercial,ALAMEDA,Meter Data Investigation,Low,Open,1,1,1,0,0,0,0,0,0,1
2024-07,Commercial,ALAMEDA,Missing Read Investigation,Medium,Cancelled,1,1,0,0,0,1,0,0,1,0
2024-07,Commercial,ALAMEDA,Missing Read Investigation,Medium,Closed,1,1,0,0,1,0,0,0,1,0
2024-07,Commercial,BUTTE,Missing Read Investigation,Low,Closed,1,1,0,0,1,0,0,0,0,1
2024-07,Commercial,CONTRA COSTA,Account Status Review,High,Open,1,1,1,0,0,0,0,1,0,0
2024-07,Commercial,CONTRA COSTA,Account Status Review,Medium,Open,1,1,1,0,0,0,0,0,1,0
2024-07,Commercial,EL DORADO,Missing Read Investigation,Medium,Closed,1,1,0,0,1,0,0,0,1,0
2024-07,Commercial,GLENN,Account Status Review,Medium,Closed,1,1,0,0,1,0,0,0,1,0
2024-07,Commercial,KERN,Account Status Review,Low,Closed,1,1,0,0,1,0,0,0,0,1
2024-07,Commercial,KERN,Account Status Review,Medium,In Progress,1,1,0,1,0,0,0,0,1,0
2024-07,Commercial,KERN,Missing Read Investigation,Low,Closed,1,1,0,0,1,0,0,0,0,1
2024-07,Commercial,MADERA,Account Status Review,Medium,Cancelled,1,1,0,0,0,1,0,0,1,0
2024-07,Commercial,MADERA,Meter Issue,High,Closed,1,1,0,0,1,0,0,1,0,0
2024-07,Commercial,MADERA,Outage Follow Up,Medium,Open,1,1,1,0,0,0,0,0,1,0
2024-07,Commercial,MERCED,Account Status Review,Critical,Open,1,1,1,0,0,0,1,0,0,0
2024-07,Commercial,MONTEREY,Missing Read Investigation,Low,In Progress,1,1,0,1,0,0,0,0,0,1
2024-07,Commercial,PLACER,Account Status Review,Medium,Closed,1,1,0,0,1,0,0,0,1,0
2024-07,Commercial,SAN JOAQUIN,High Bill Inquiry,High,Closed,1,1,0,0,1,0,0,1,0,0
2024-07,Commercial,SAN MATEO,Missing Read Investigation,Medium,Closed,1,1,0,0,1,0,0,0,1,0
2024-07,Commercial,SANTA BARBARA,Account Status Review,High,In Progress,1,1,0,1,0,0,0,1,0,0
2024-07,Commercial,SANTA CLARA,Account Status Review,High,Cancelled,1,1,0,0,0,1,0,1,0,0
2024-07,Commercial,SANTA CLARA,Account Status Review,Medium,Closed,2,2,0,0,2,0,0,0,2,0
2024-07,Commercial,SANTA CLARA,Account Status Review,Medium,In Progress,1,1,0,1,0,0,0,0,1,0
2024-07,Commercial,SOLANO,Missing Read Investigation,High,Closed,1,1,0,0,1,0,0,1,0,0
2024-07,Commercial,SONOMA,Missing Read Investigation,Medium,In Progress,1,1,0,1,0,0,0,0,1,0
2024-07,Industrial,CALAVERAS,Account Status Review,Low,Closed,1,1,0,0,1,0,0,0,0,1
2024-07,Industrial,FRESNO,Meter Issue,Medium,Closed,1,1,0,0,1,0,0,0,1,0
2024-07,Industrial,KERN,Account Status Review,High,Cancelled,1,1,0,0,0,1,0,1,0,0
2024-07,Industrial,KERN,Account Status Review,Low,Closed,1,1,0,0,1,0,0,0,0,1
2024-07,Industrial,SAN FRANCISCO,Account Status Review,Low,Open,1,1,1,0,0,0,0,0,0,1
2024-07,Industrial,SAN JOAQUIN,Account Status Review,Medium,Closed,1,1,0,0,1,0,0,0,1,0
2024-07,Industrial,SAN MATEO,Missing Read Investigation,Low,Closed,1,1,0,0,1,0,0,0,0,1
2024-07,Mining,FRESNO,Account Status Review,Low,Closed,1,1,0,0,1,0,0,0,0,1
2024-07,Mining,SANTA CLARA,Account Status Review,High,Closed,1,1,0,0,1,0,0,1,0,0
2024-07,Residential,ALAMEDA,Account Status Review,Critical,Cancelled,1,1,0,0,0,1,1,0,0,0
2024-07,Residential,ALAMEDA,Account Status Review,Critical,Closed,1,1,0,0,1,0,1,0,0,0
2024-07,Residential,ALAMEDA,Account Status Review,High,Cancelled,1,1,0,0,0,1,0,1,0,0
2024-07,Residential,ALAMEDA,Account Status Review,High,Closed,1,1,0,0,1,0,0,1,0,0
2024-07,Residential,ALAMEDA,Account Status Review,High,Open,1,1,1,0,0,0,0,1,0,0
2024-07,Residential,ALAMEDA,Account Status Review,Low,Closed,2,2,0,0,2,0,0,0,0,2
2024-07,Residential,ALAMEDA,Account Status Review,Medium,Cancelled,1,1,0,0,0,1,0,0,1,0
2024-07,Residential,ALAMEDA,Account Status Review,Medium,Closed,5,5,0,0,5,0,0,0,5,0
2024-07,Residential,ALAMEDA,Account Status Review,Medium,In Progress,1,1,0,1,0,0,0,0,1,0
2024-07,Residential,ALAMEDA,High Bill Inquiry,Medium,Closed,1,1,0,0,1,0,0,0,1,0
2024-07,Residential,ALAMEDA,Meter Data Investigation,Low,Closed,1,1,0,0,1,0,0,0,0,1
2024-07,Residential,ALAMEDA,Missing Read Investigation,Low,In Progress,1,1,0,1,0,0,0,0,0,1
2024-07,Residential,ALAMEDA,Missing Read Investigation,Medium,Closed,3,3,0,0,3,0,0,0,3,0
2024-07,Residential,ALAMEDA,Rate Plan Change,Low,Closed,1,1,0,0,1,0,0,0,0,1
2024-07,Residential,BUTTE,Meter Data Investigation,High,Closed,1,1,0,0,1,0,0,1,0,0
2024-07,Residential,CONTRA COSTA,Account Status Review,High,Closed,1,1,0,0,1,0,0,1,0,0
2024-07,Residential,CONTRA COSTA,Account Status Review,Low,Closed,4,4,0,0,4,0,0,0,0,4
2024-07,Residential,CONTRA COSTA,Account Status Review,Low,In Progress,3,3,0,3,0,0,0,0,0,3
2024-07,Residential,CONTRA COSTA,Account Status Review,Medium,Closed,3,3,0,0,3,0,0,0,3,0
2024-07,Residential,CONTRA COSTA,Account Status Review,Medium,In Progress,1,1,0,1,0,0,0,0,1,0
2024-07,Residential,CONTRA COSTA,Account Status Review,Medium,Open,3,3,3,0,0,0,0,0,3,0
2024-07,Residential,CONTRA COSTA,High Bill Inquiry,High,Closed,1,1,0,0,1,0,0,1,0,0
2024-07,Residential,CONTRA COSTA,Missing Read Investigation,Medium,Open,1,1,1,0,0,0,0,0,1,0
2024-07,Residential,CONTRA COSTA,Outage Follow Up,High,In Progress,1,1,0,1,0,0,0,1,0,0
2024-07,Residential,CONTRA COSTA,Outage Follow Up,Medium,Closed,1,1,0,0,1,0,0,0,1,0
2024-07,Residential,CONTRA COSTA,Outage Follow Up,Medium,In Progress,1,1,0,1,0,0,0,0,1,0
2024-07,Residential,CONTRA COSTA,Rate Plan Change,Critical,Closed,1,1,0,0,1,0,1,0,0,0
2024-07,Residential,CONTRA COSTA,Rate Plan Change,Medium,Closed,1,1,0,0,1,0,0,0,1,0
2024-07,Residential,EL DORADO,Account Status Review,Low,In Progress,1,1,0,1,0,0,0,0,0,1
2024-07,Residential,FRESNO,Account Status Review,Critical,Closed,1,1,0,0,1,0,1,0,0,0
2024-07,Residential,FRESNO,Account Status Review,High,Closed,1,1,0,0,1,0,0,1,0,0
2024-07,Residential,FRESNO,Account Status Review,Low,Cancelled,1,1,0,0,0,1,0,0,0,1
2024-07,Residential,FRESNO,Account Status Review,Low,Closed,1,1,0,0,1,0,0,0,0,1
2024-07,Residential,FRESNO,Account Status Review,Medium,Closed,3,3,0,0,3,0,0,0,3,0
2024-07,Residential,FRESNO,High Bill Inquiry,Low,In Progress,1,1,0,1,0,0,0,0,0,1
2024-07,Residential,FRESNO,Meter Data Investigation,High,Cancelled,1,1,0,0,0,1,0,1,0,0
2024-07,Residential,FRESNO,Meter Data Investigation,Medium,Cancelled,1,1,0,0,0,1,0,0,1,0
2024-07,Residential,FRESNO,Meter Issue,Medium,Closed,1,1,0,0,1,0,0,0,1,0
2024-07,Residential,FRESNO,Missing Read Investigation,Low,Closed,1,1,0,0,1,0,0,0,0,1
2024-07,Residential,FRESNO,Missing Read Investigation,Medium,Closed,1,1,0,0,1,0,0,0,1,0
2024-07,Residential,FRESNO,Outage Follow Up,High,Closed,1,1,0,0,1,0,0,1,0,0
2024-07,Residential,FRESNO,Outage Follow Up,High,Open,1,1,1,0,0,0,0,1,0,0
2024-07,Residential,KERN,Account Status Review,Critical,Cancelled,1,1,0,0,0,1,1,0,0,0
2024-07,Residential,KERN,Account Status Review,Critical,Closed,1,1,0,0,1,0,1,0,0,0
2024-07,Residential,KERN,Account Status Review,High,Closed,3,3,0,0,3,0,0,3,0,0
2024-07,Residential,KERN,Account Status Review,High,In Progress,1,1,0,1,0,0,0,1,0,0
2024-07,Residential,KERN,Account Status Review,Low,Closed,4,4,0,0,4,0,0,0,0,4
2024-07,Residential,KERN,Account Status Review,Medium,Closed,2,2,0,0,2,0,0,0,2,0
2024-07,Residential,KERN,Account Status Review,Medium,In Progress,2,2,0,2,0,0,0,0,2,0
2024-07,Residential,KERN,Meter Data Investigation,Critical,Open,1,1,1,0,0,0,1,0,0,0
2024-07,Residential,KERN,Meter Data Investigation,High,Cancelled,1,1,0,0,0,1,0,1,0,0
2024-07,Residential,KERN,Meter Data Investigation,Low,In Progress,1,1,0,1,0,0,0,0,0,1
2024-07,Residential,KERN,Meter Data Investigation,Low,Open,1,1,1,0,0,0,0,0,0,1
2024-07,Residential,KERN,Meter Issue,Low,Closed,2,2,0,0,2,0,0,0,0,2
2024-07,Residential,KERN,Meter Issue,Medium,Cancelled,1,1,0,0,0,1,0,0,1,0
2024-07,Residential,KERN,Meter Issue,Medium,Open,1,1,1,0,0,0,0,0,1,0
2024-07,Residential,KERN,Missing Read Investigation,Low,Open,1,1,1,0,0,0,0,0,0,1
2024-07,Residential,KERN,Missing Read Investigation,Medium,Closed,2,2,0,0,2,0,0,0,2,0
2024-07,Residential,KERN,Missing Read Investigation,Medium,Open,2,2,2,0,0,0,0,0,2,0
2024-07,Residential,KERN,Outage Follow Up,Critical,Closed,1,1,0,0,1,0,1,0,0,0
2024-07,Residential,KERN,Outage Follow Up,High,Closed,1,1,0,0,1,0,0,1,0,0
2024-07,Residential,KERN,Outage Follow Up,Low,Closed,1,1,0,0,1,0,0,0,0,1
2024-07,Residential,KINGS,Account Status Review,High,Cancelled,1,1,0,0,0,1,0,1,0,0
2024-07,Residential,KINGS,Account Status Review,Medium,Closed,1,1,0,0,1,0,0,0,1,0
2024-07,Residential,KINGS,Outage Follow Up,Low,Closed,1,1,0,0,1,0,0,0,0,1
2024-07,Residential,LAKE,Account Status Review,High,Open,1,1,1,0,0,0,0,1,0,0
2024-07,Residential,LAKE,Account Status Review,Medium,Open,1,1,1,0,0,0,0,0,1,0
2024-07,Residential,LAKE,Rate Plan Change,Low,Closed,1,1,0,0,1,0,0,0,0,1
2024-07,Residential,MADERA,Account Status Review,High,Open,1,1,1,0,0,0,0,1,0,0
2024-07,Residential,MADERA,High Bill Inquiry,High,Closed,1,1,0,0,1,0,0,1,0,0
2024-07,Residential,MENDOCINO,Account Status Review,High,In Progress,1,1,0,1,0,0,0,1,0,0
2024-07,Residential,MENDOCINO,Account Status Review,Low,Closed,1,1,0,0,1,0,0,0,0,1
2024-07,Residential,MENDOCINO,Account Status Review,Medium,Closed,1,1,0,0,1,0,0,0,1,0
2024-07,Residential,MERCED,Account Status Review,Low,Closed,1,1,0,0,1,0,0,0,0,1
2024-07,Residential,MERCED,Account Status Review,Medium,Closed,1,1,0,0,1,0,0,0,1,0
2024-07,Residential,MERCED,Account Status Review,Medium,In Progress,1,1,0,1,0,0,0,0,1,0
2024-07,Residential,MERCED,Account Status Review,Medium,Open,1,1,1,0,0,0,0,0,1,0
2024-07,Residential,MERCED,Meter Data Investigation,Medium,In Progress,1,1,0,1,0,0,0,0,1,0
2024-07,Residential,MERCED,Missing Read Investigation,Medium,Closed,2,2,0,0,2,0,0,0,2,0
2024-07,Residential,MERCED,Outage Follow Up,High,Closed,1,1,0,0,1,0,0,1,0,0
2024-07,Residential,MONTEREY,Account Status Review,Critical,Closed,1,1,0,0,1,0,1,0,0,0
2024-07,Residential,MONTEREY,Account Status Review,Low,Closed,1,1,0,0,1,0,0,0,0,1
2024-07,Residential,MONTEREY,Account Status Review,Low,Open,1,1,1,0,0,0,0,0,0,1
2024-07,Residential,MONTEREY,Account Status Review,Medium,Closed,1,1,0,0,1,0,0,0,1,0
2024-07,Residential,MONTEREY,High Bill Inquiry,Low,In Progress,1,1,0,1,0,0,0,0,0,1
2024-07,Residential,MONTEREY,Meter Data Investigation,Low,Closed,1,1,0,0,1,0,0,0,0,1
2024-07,Residential,MONTEREY,Meter Data Investigation,Medium,Closed,1,1,0,0,1,0,0,0,1,0
2024-07,Residential,MONTEREY,Meter Issue,High,Closed,1,1,0,0,1,0,0,1,0,0
2024-07,Residential,NEVADA,Account Status Review,High,Closed,1,1,0,0,1,0,0,1,0,0
2024-07,Residential,NEVADA,Account Status Review,High,Open,1,1,1,0,0,0,0,1,0,0
2024-07,Residential,PLACER,Account Status Review,High,Closed,1,1,0,0,1,0,0,1,0,0
2024-07,Residential,PLACER,Account Status Review,High,In Progress,1,1,0,1,0,0,0,1,0,0
2024-07,Residential,PLACER,Account Status Review,Low,Closed,3,3,0,0,3,0,0,0,0,3
2024-07,Residential,PLACER,Account Status Review,Low,In Progress,1,1,0,1,0,0,0,0,0,1
2024-07,Residential,PLACER,Account Status Review,Low,Open,1,1,1,0,0,0,0,0,0,1
2024-07,Residential,PLACER,Account Status Review,Medium,Closed,1,1,0,0,1,0,0,0,1,0
2024-07,Residential,PLACER,Account Status Review,Medium,In Progress,1,1,0,1,0,0,0,0,1,0
2024-07,Residential,PLACER,Account Status Review,Medium,Open,1,1,1,0,0,0,0,0,1,0
2024-07,Residential,PLACER,Meter Data Investigation,Medium,In Progress,1,1,0,1,0,0,0,0,1,0
2024-07,Residential,PLACER,Outage Follow Up,High,In Progress,1,1,0,1,0,0,0,1,0,0
2024-07,Residential,PLACER,Outage Follow Up,Medium,Closed,1,1,0,0,1,0,0,0,1,0
2024-07,Residential,SAN FRANCISCO,Account Status Review,Critical,Closed,1,1,0,0,1,0,1,0,0,0
2024-07,Residential,SAN FRANCISCO,Account Status Review,Low,In Progress,1,1,0,1,0,0,0,0,0,1
2024-07,Residential,SAN FRANCISCO,Account Status Review,Medium,Closed,1,1,0,0,1,0,0,0,1,0
2024-07,Residential,SAN FRANCISCO,Account Status Review,Medium,In Progress,1,1,0,1,0,0,0,0,1,0
2024-07,Residential,SAN FRANCISCO,Meter Data Investigation,High,Open,1,1,1,0,0,0,0,1,0,0
2024-07,Residential,SAN FRANCISCO,Meter Data Investigation,Low,Open,1,1,1,0,0,0,0,0,0,1
2024-07,Residential,SAN FRANCISCO,Missing Read Investigation,Low,Cancelled,1,1,0,0,0,1,0,0,0,1
2024-07,Residential,SAN FRANCISCO,Missing Read Investigation,Medium,Closed,1,1,0,0,1,0,0,0,1,0
2024-07,Residential,SAN FRANCISCO,Outage Follow Up,Low,Closed,1,1,0,0,1,0,0,0,0,1
2024-07,Residential,SAN FRANCISCO,Rate Plan Change,Medium,In Progress,1,1,0,1,0,0,0,0,1,0
2024-07,Residential,SAN JOAQUIN,Account Status Review,High,Closed,3,3,0,0,3,0,0,3,0,0
2024-07,Residential,SAN JOAQUIN,Account Status Review,Low,Closed,1,1,0,0,1,0,0,0,0,1
2024-07,Residential,SAN JOAQUIN,Account Status Review,Medium,Closed,2,2,0,0,2,0,0,0,2,0
2024-07,Residential,SAN JOAQUIN,Account Status Review,Medium,Open,1,1,1,0,0,0,0,0,1,0
2024-07,Residential,SAN JOAQUIN,Meter Data Investigation,Low,Closed,1,1,0,0,1,0,0,0,0,1
2024-07,Residential,SAN JOAQUIN,Missing Read Investigation,High,Closed,1,1,0,0,1,0,0,1,0,0
2024-07,Residential,SAN JOAQUIN,Missing Read Investigation,High,In Progress,2,2,0,2,0,0,0,2,0,0
2024-07,Residential,SAN JOAQUIN,Missing Read Investigation,Medium,Cancelled,1,1,0,0,0,1,0,0,1,0
2024-07,Residential,SAN JOAQUIN,Missing Read Investigation,Medium,Closed,2,2,0,0,2,0,0,0,2,0
2024-07,Residential,SAN LUIS OBISPO,Account Status Review,Low,Closed,1,1,0,0,1,0,0,0,0,1
2024-07,Residential,SAN MATEO,Account Status Review,High,Closed,1,1,0,0,1,0,0,1,0,0
2024-07,Residential,SAN MATEO,Account Status Review,Low,Closed,1,1,0,0,1,0,0,0,0,1
2024-07,Residential,SAN MATEO,Account Status Review,Medium,Closed,2,2,0,0,2,0,0,0,2,0
2024-07,Residential,SAN MATEO,Account Status Review,Medium,In Progress,1,1,0,1,0,0,0,0,1,0
2024-07,Residential,SAN MATEO,Account Status Review,Medium,Open,1,1,1,0,0,0,0,0,1,0
2024-07,Residential,SAN MATEO,Meter Data Investigation,High,Closed,1,1,0,0,1,0,0,1,0,0
2024-07,Residential,SAN MATEO,Meter Data Investigation,Low,Closed,1,1,0,0,1,0,0,0,0,1
2024-07,Residential,SAN MATEO,Outage Follow Up,Low,In Progress,1,1,0,1,0,0,0,0,0,1
2024-07,Residential,SAN MATEO,Outage Follow Up,Medium,In Progress,1,1,0,1,0,0,0,0,1,0
2024-07,Residential,SANTA BARBARA,Account Status Review,Low,Cancelled,1,1,0,0,0,1,0,0,0,1
2024-07,Residential,SANTA BARBARA,High Bill Inquiry,High,In Progress,1,1,0,1,0,0,0,1,0,0
2024-07,Residential,SANTA BARBARA,High Bill Inquiry,Low,Closed,1,1,0,0,1,0,0,0,0,1
2024-07,Residential,SANTA BARBARA,High Bill Inquiry,Low,In Progress,1,1,0,1,0,0,0,0,0,1
2024-07,Residential,SANTA CLARA,Account Status Review,Critical,Closed,1,1,0,0,1,0,1,0,0,0
2024-07,Residential,SANTA CLARA,Account Status Review,High,Cancelled,1,1,0,0,0,1,0,1,0,0
2024-07,Residential,SANTA CLARA,Account Status Review,High,In Progress,2,2,0,2,0,0,0,2,0,0
2024-07,Residential,SANTA CLARA,Account Status Review,Low,Closed,4,4,0,0,4,0,0,0,0,4
2024-07,Residential,SANTA CLARA,Account Status Review,Low,In Progress,1,1,0,1,0,0,0,0,0,1
2024-07,Residential,SANTA CLARA,Account Status Review,Low,Open,3,3,3,0,0,0,0,0,0,3
2024-07,Residential,SANTA CLARA,Account Status Review,Medium,Cancelled,1,1,0,0,0,1,0,0,1,0
2024-07,Residential,SANTA CLARA,Account Status Review,Medium,Closed,4,4,0,0,4,0,0,0,4,0
2024-07,Residential,SANTA CLARA,Account Status Review,Medium,In Progress,1,1,0,1,0,0,0,0,1,0
2024-07,Residential,SANTA CLARA,High Bill Inquiry,Medium,In Progress,1,1,0,1,0,0,0,0,1,0
2024-07,Residential,SANTA CLARA,Meter Data Investigation,High,Open,2,2,2,0,0,0,0,2,0,0
2024-07,Residential,SANTA CLARA,Meter Data Investigation,Medium,Closed,1,1,0,0,1,0,0,0,1,0
2024-07,Residential,SANTA CLARA,Meter Issue,Medium,Open,1,1,1,0,0,0,0,0,1,0
2024-07,Residential,SANTA CLARA,Missing Read Investigation,Medium,Closed,1,1,0,0,1,0,0,0,1,0
2024-07,Residential,SANTA CLARA,Missing Read Investigation,Medium,In Progress,1,1,0,1,0,0,0,0,1,0
2024-07,Residential,SANTA CLARA,Missing Read Investigation,Medium,Open,1,1,1,0,0,0,0,0,1,0
2024-07,Residential,SANTA CLARA,Outage Follow Up,High,Closed,1,1,0,0,1,0,0,1,0,0
2024-07,Residential,SANTA CLARA,Outage Follow Up,Medium,Closed,1,1,0,0,1,0,0,0,1,0
2024-07,Residential,SANTA CLARA,Outage Follow Up,Medium,In Progress,1,1,0,1,0,0,0,0,1,0
2024-07,Residential,SANTA CLARA,Rate Plan Change,Medium,In Progress,1,1,0,1,0,0,0,0,1,0
2024-07,Residential,SANTA CRUZ,Account Status Review,Medium,Closed,1,1,0,0,1,0,0,0,1,0
2024-07,Residential,SANTA CRUZ,Meter Issue,High,Closed,1,1,0,0,1,0,0,1,0,0
2024-07,Residential,SANTA CRUZ,Rate Plan Change,Low,In Progress,1,1,0,1,0,0,0,0,0,1
2024-07,Residential,SOLANO,Account Status Review,Medium,Closed,1,1,0,0,1,0,0,0,1,0
2024-07,Residential,SOLANO,High Bill Inquiry,Low,Closed,1,1,0,0,1,0,0,0,0,1
2024-07,Residential,SOLANO,Missing Read Investigation,Medium,Closed,1,1,0,0,1,0,0,0,1,0
2024-07,Residential,SOLANO,Missing Read Investigation,Medium,Open,1,1,1,0,0,0,0,0,1,0
2024-07,Residential,SONOMA,Account Status Review,Low,Closed,1,1,0,0,1,0,0,0,0,1
2024-07,Residential,SONOMA,Account Status Review,Low,In Progress,1,1,0,1,0,0,0,0,0,1
2024-07,Residential,SONOMA,Account Status Review,Medium,Open,1,1,1,0,0,0,0,0,1,0
2024-07,Residential,SONOMA,Outage Follow Up,High,Open,1,1,1,0,0,0,0,1,0,0
2024-07,Residential,SUTTER,Account Status Review,Medium,Closed,1,1,0,0,1,0,0,0,1,0
2024-07,Residential,SUTTER,Account Status Review,Medium,Open,1,1,1,0,0,0,0,0,1,0
2024-07,Residential,YOLO,Account Status Review,Critical,Closed,1,1,0,0,1,0,1,0,0,0
2024-07,Residential,YOLO,Account Status Review,Medium,Closed,3,3,0,0,3,0,0,0,3,0
2024-07,Residential,YOLO,Missing Read Investigation,High,Closed,1,1,0,0,1,0,0,1,0,0
2024-07,Residential,YUBA,High Bill Inquiry,Medium,Closed,1,1,0,0,1,0,0,0,1,0
2024-07,Residential,YUBA,Meter Issue,Medium,Closed,1,1,0,0,1,0,0,0,1,0
2024-07,"Transportation, Communications, & Utilities",SAN JOAQUIN,Meter Data Investigation,Low,Closed,1,1,0,0,1,0,0,0,0,1
2024-07,"Transportation, Communications, & Utilities",SAN MATEO,Account Status Review,High,Open,1,1,1,0,0,0,0,1,0,0
2024-08,Agriculture And Water Pumping,ALAMEDA,Account Status Review,Medium,Open,1,1,1,0,0,0,0,0,1,0
2024-08,Agriculture And Water Pumping,CONTRA COSTA,Rate Plan Change,High,Closed,1,1,0,0,1,0,0,1,0,0
2024-08,Agriculture And Water Pumping,KERN,Account Status Review,Low,Closed,1,1,0,0,1,0,0,0,0,1
2024-08,Agriculture And Water Pumping,KERN,Account Status Review,Medium,Closed,1,1,0,0,1,0,0,0,1,0
2024-08,Agriculture And Water Pumping,KERN,Meter Data Investigation,Medium,Closed,1,1,0,0,1,0,0,0,1,0
2024-08,Agriculture And Water Pumping,KERN,Missing Read Investigation,Low,Closed,1,1,0,0,1,0,0,0,0,1
2024-08,Agriculture And Water Pumping,SAN JOAQUIN,Missing Read Investigation,Medium,Open,1,1,1,0,0,0,0,0,1,0
2024-08,Commercial,ALAMEDA,Account Status Review,High,Closed,1,1,0,0,1,0,0,1,0,0
2024-08,Commercial,ALAMEDA,Account Status Review,Low,Closed,2,2,0,0,2,0,0,0,0,2
2024-08,Commercial,ALAMEDA,Account Status Review,Medium,Cancelled,1,1,0,0,0,1,0,0,1,0
2024-08,Commercial,BUTTE,Meter Data Investigation,Medium,Closed,1,1,0,0,1,0,0,0,1,0
2024-08,Commercial,CONTRA COSTA,Account Status Review,Critical,Closed,1,1,0,0,1,0,1,0,0,0
2024-08,Commercial,CONTRA COSTA,Account Status Review,Medium,Closed,1,1,0,0,1,0,0,0,1,0
2024-08,Commercial,CONTRA COSTA,Outage Follow Up,High,Closed,1,1,0,0,1,0,0,1,0,0
2024-08,Commercial,GLENN,Account Status Review,Medium,Open,1,1,1,0,0,0,0,0,1,0
2024-08,Commercial,HUMBOLDT,Account Status Review,Medium,Closed,1,1,0,0,1,0,0,0,1,0
2024-08,Commercial,HUMBOLDT,Meter Data Investigation,High,Closed,1,1,0,0,1,0,0,1,0,0
2024-08,Commercial,KERN,Account Status Review,Low,Closed,1,1,0,0,1,0,0,0,0,1
2024-08,Commercial,KERN,Meter Data Investigation,Medium,Open,1,1,1,0,0,0,0,0,1,0
2024-08,Commercial,KERN,Rate Plan Change,Low,Closed,1,1,0,0,1,0,0,0,0,1
2024-08,Commercial,MADERA,Account Status Review,Low,Closed,1,1,0,0,1,0,0,0,0,1
2024-08,Commercial,MADERA,Account Status Review,Medium,Closed,1,1,0,0,1,0,0,0,1,0
2024-08,Commercial,MADERA,Missing Read Investigation,Low,Closed,1,1,0,0,1,0,0,0,0,1
2024-08,Commercial,NEVADA,Account Status Review,Low,Cancelled,1,1,0,0,0,1,0,0,0,1
2024-08,Commercial,PLACER,Account Status Review,High,Open,1,1,1,0,0,0,0,1,0,0
2024-08,Commercial,PLACER,Missing Read Investigation,Low,Closed,1,1,0,0,1,0,0,0,0,1
2024-08,Commercial,PLACER,Outage Follow Up,Low,Closed,1,1,0,0,1,0,0,0,0,1
2024-08,Commercial,SAN JOAQUIN,Missing Read Investigation,Low,Closed,1,1,0,0,1,0,0,0,0,1
2024-08,Commercial,SAN LUIS OBISPO,Rate Plan Change,Medium,Closed,1,1,0,0,1,0,0,0,1,0
2024-08,Commercial,SAN MATEO,Missing Read Investigation,Low,Open,1,1,1,0,0,0,0,0,0,1
2024-08,Commercial,SANTA BARBARA,Account Status Review,Medium,In Progress,1,1,0,1,0,0,0,0,1,0
2024-08,Commercial,SANTA CLARA,Account Status Review,Medium,Open,2,2,2,0,0,0,0,0,2,0
2024-08,Industrial,ALAMEDA,Account Status Review,Critical,Closed,1,1,0,0,1,0,1,0,0,0
2024-08,Industrial,ALAMEDA,Missing Read Investigation,Low,In Progress,1,1,0,1,0,0,0,0,0,1
2024-08,Industrial,CALAVERAS,Account Status Review,High,Open,1,1,1,0,0,0,0,1,0,0
2024-08,Industrial,FRESNO,Account Status Review,High,Open,1,1,1,0,0,0,0,1,0,0
2024-08,Industrial,FRESNO,Account Status Review,Medium,Closed,1,1,0,0,1,0,0,0,1,0
2024-08,Industrial,KERN,Account Status Review,Low,Closed,1,1,0,0,1,0,0,0,0,1
2024-08,Industrial,SAN FRANCISCO,Account Status Review,Medium,Cancelled,1,1,0,0,0,1,0,0,1,0
2024-08,Industrial,SANTA CLARA,Missing Read Investigation,Medium,Closed,1,1,0,0,1,0,0,0,1,0
2024-08,Industrial,SOLANO,High Bill Inquiry,Low,Closed,1,1,0,0,1,0,0,0,0,1
2024-08,Mining,SANTA CLARA,Account Status Review,Medium,In Progress,1,1,0,1,0,0,0,0,1,0
2024-08,Residential,ALAMEDA,Account Status Review,Critical,Closed,1,1,0,0,1,0,1,0,0,0
2024-08,Residential,ALAMEDA,Account Status Review,Critical,In Progress,1,1,0,1,0,0,1,0,0,0
2024-08,Residential,ALAMEDA,Account Status Review,Critical,Open,1,1,1,0,0,0,1,0,0,0
2024-08,Residential,ALAMEDA,Account Status Review,High,Closed,1,1,0,0,1,0,0,1,0,0
2024-08,Residential,ALAMEDA,Account Status Review,Low,Cancelled,1,1,0,0,0,1,0,0,0,1
2024-08,Residential,ALAMEDA,Account Status Review,Low,Closed,1,1,0,0,1,0,0,0,0,1
2024-08,Residential,ALAMEDA,Account Status Review,Low,In Progress,1,1,0,1,0,0,0,0,0,1
2024-08,Residential,ALAMEDA,Account Status Review,Low,Open,3,3,3,0,0,0,0,0,0,3
2024-08,Residential,ALAMEDA,Account Status Review,Medium,Closed,3,3,0,0,3,0,0,0,3,0
2024-08,Residential,ALAMEDA,Account Status Review,Medium,In Progress,3,3,0,3,0,0,0,0,3,0
2024-08,Residential,ALAMEDA,High Bill Inquiry,Low,Open,1,1,1,0,0,0,0,0,0,1
2024-08,Residential,ALAMEDA,Meter Data Investigation,Low,Closed,1,1,0,0,1,0,0,0,0,1
2024-08,Residential,ALAMEDA,Meter Data Investigation,Medium,Closed,1,1,0,0,1,0,0,0,1,0
2024-08,Residential,ALAMEDA,Missing Read Investigation,Medium,Closed,1,1,0,0,1,0,0,0,1,0
2024-08,Residential,ALAMEDA,Missing Read Investigation,Medium,In Progress,1,1,0,1,0,0,0,0,1,0
2024-08,Residential,AMADOR,Account Status Review,Low,Open,1,1,1,0,0,0,0,0,0,1
2024-08,Residential,AMADOR,Meter Data Investigation,Low,Closed,1,1,0,0,1,0,0,0,0,1
2024-08,Residential,BUTTE,Account Status Review,Medium,Open,1,1,1,0,0,0,0,0,1,0
2024-08,Residential,CONTRA COSTA,Account Status Review,Critical,Cancelled,1,1,0,0,0,1,1,0,0,0
2024-08,Residential,CONTRA COSTA,Account Status Review,High,Closed,1,1,0,0,1,0,0,1,0,0
2024-08,Residential,CONTRA COSTA,Account Status Review,High,In Progress,1,1,0,1,0,0,0,1,0,0
2024-08,Residential,CONTRA COSTA,Account Status Review,Low,Closed,2,2,0,0,2,0,0,0,0,2
2024-08,Residential,CONTRA COSTA,Account Status Review,Medium,Closed,5,5,0,0,5,0,0,0,5,0
2024-08,Residential,CONTRA COSTA,Account Status Review,Medium,Open,1,1,1,0,0,0,0,0,1,0
2024-08,Residential,CONTRA COSTA,High Bill Inquiry,Medium,Closed,1,1,0,0,1,0,0,0,1,0
2024-08,Residential,CONTRA COSTA,Meter Issue,Low,Closed,1,1,0,0,1,0,0,0,0,1
2024-08,Residential,CONTRA COSTA,Missing Read Investigation,High,Open,1,1,1,0,0,0,0,1,0,0
2024-08,Residential,CONTRA COSTA,Missing Read Investigation,Low,In Progress,1,1,0,1,0,0,0,0,0,1
2024-08,Residential,CONTRA COSTA,Missing Read Investigation,Low,Open,1,1,1,0,0,0,0,0,0,1
2024-08,Residential,CONTRA COSTA,Missing Read Investigation,Medium,Closed,1,1,0,0,1,0,0,0,1,0
2024-08,Residential,CONTRA COSTA,Missing Read Investigation,Medium,Open,1,1,1,0,0,0,0,0,1,0
2024-08,Residential,CONTRA COSTA,Outage Follow Up,Critical,In Progress,1,1,0,1,0,0,1,0,0,0
2024-08,Residential,EL DORADO,Account Status Review,Medium,Closed,1,1,0,0,1,0,0,0,1,0
2024-08,Residential,FRESNO,Account Status Review,High,Closed,2,2,0,0,2,0,0,2,0,0
2024-08,Residential,FRESNO,Account Status Review,High,Open,1,1,1,0,0,0,0,1,0,0
2024-08,Residential,FRESNO,Account Status Review,Low,Cancelled,1,1,0,0,0,1,0,0,0,1
2024-08,Residential,FRESNO,Account Status Review,Medium,Closed,1,1,0,0,1,0,0,0,1,0
2024-08,Residential,FRESNO,Account Status Review,Medium,In Progress,1,1,0,1,0,0,0,0,1,0
2024-08,Residential,FRESNO,Missing Read Investigation,Low,In Progress,1,1,0,1,0,0,0,0,0,1
2024-08,Residential,FRESNO,Missing Read Investigation,Low,Open,1,1,1,0,0,0,0,0,0,1
2024-08,Residential,FRESNO,Missing Read Investigation,Medium,Closed,1,1,0,0,1,0,0,0,1,0
2024-08,Residential,FRESNO,Outage Follow Up,High,Closed,1,1,0,0,1,0,0,1,0,0
2024-08,Residential,KERN,Account Status Review,High,Cancelled,1,1,0,0,0,1,0,1,0,0
2024-08,Residential,KERN,Account Status Review,High,Closed,2,2,0,0,2,0,0,2,0,0
2024-08,Residential,KERN,Account Status Review,High,In Progress,1,1,0,1,0,0,0,1,0,0
2024-08,Residential,KERN,Account Status Review,Low,Open,1,1,1,0,0,0,0,0,0,1
2024-08,Residential,KERN,Account Status Review,Medium,Closed,2,2,0,0,2,0,0,0,2,0
2024-08,Residential,KERN,Account Status Review,Medium,In Progress,1,1,0,1,0,0,0,0,1,0
2024-08,Residential,KERN,Account Status Review,Medium,Open,1,1,1,0,0,0,0,0,1,0
2024-08,Residential,KERN,High Bill Inquiry,High,Closed,1,1,0,0,1,0,0,1,0,0
2024-08,Residential,KERN,High Bill Inquiry,Medium,In Progress,1,1,0,1,0,0,0,0,1,0
2024-08,Residential,KERN,Meter Data Investigation,Low,In Progress,1,1,0,1,0,0,0,0,0,1
2024-08,Residential,KERN,Meter Data Investigation,Low,Open,1,1,1,0,0,0,0,0,0,1
2024-08,Residential,KERN,Meter Data Investigation,Medium,Closed,2,2,0,0,2,0,0,0,2,0
2024-08,Residential,KERN,Meter Data Investigation,Medium,Open,1,1,1,0,0,0,0,0,1,0
2024-08,Residential,KERN,Meter Issue,Low,Open,1,1,1,0,0,0,0,0,0,1
2024-08,Residential,KERN,Missing Read Investigation,High,Open,1,1,1,0,0,0,0,1,0,0
2024-08,Residential,KERN,Missing Read Investigation,Medium,Closed,2,2,0,0,2,0,0,0,2,0
2024-08,Residential,KERN,Outage Follow Up,High,Closed,1,1,0,0,1,0,0,1,0,0
2024-08,Residential,KERN,Outage Follow Up,Medium,Closed,1,1,0,0,1,0,0,0,1,0
2024-08,Residential,KERN,Rate Plan Change,Low,In Progress,1,1,0,1,0,0,0,0,0,1
2024-08,Residential,KINGS,Account Status Review,High,Closed,1,1,0,0,1,0,0,1,0,0
2024-08,Residential,KINGS,Account Status Review,Low,Closed,2,2,0,0,2,0,0,0,0,2
2024-08,Residential,KINGS,Account Status Review,Medium,Closed,1,1,0,0,1,0,0,0,1,0
2024-08,Residential,KINGS,High Bill Inquiry,Low,In Progress,1,1,0,1,0,0,0,0,0,1
2024-08,Residential,KINGS,Missing Read Investigation,Medium,Open,1,1,1,0,0,0,0,0,1,0
2024-08,Residential,LAKE,Account Status Review,Medium,Closed,1,1,0,0,1,0,0,0,1,0
2024-08,Residential,MADERA,Account Status Review,Low,Open,1,1,1,0,0,0,0,0,0,1
2024-08,Residential,MADERA,Account Status Review,Medium,Closed,1,1,0,0,1,0,0,0,1,0
2024-08,Residential,MADERA,Missing Read Investigation,High,Closed,1,1,0,0,1,0,0,1,0,0
2024-08,Residential,MARIN,Account Status Review,Low,Open,1,1,1,0,0,0,0,0,0,1
2024-08,Residential,MARIN,Account Status Review,Medium,Closed,1,1,0,0,1,0,0,0,1,0
2024-08,Residential,MARIN,Missing Read Investigation,Medium,Open,1,1,1,0,0,0,0,0,1,0
2024-08,Residential,MENDOCINO,Account Status Review,Low,Closed,1,1,0,0,1,0,0,0,0,1
2024-08,Residential,MENDOCINO,Missing Read Investigation,Medium,Closed,1,1,0,0,1,0,0,0,1,0
2024-08,Residential,MERCED,Account Status Review,Critical,Closed,1,1,0,0,1,0,1,0,0,0
2024-08,Residential,MERCED,Account Status Review,High,Closed,1,1,0,0,1,0,0,1,0,0
2024-08,Residential,MERCED,Account Status Review,Medium,Closed,3,3,0,0,3,0,0,0,3,0
2024-08,Residential,MERCED,Missing Read Investigation,Medium,Closed,1,1,0,0,1,0,0,0,1,0
2024-08,Residential,MONTEREY,Account Status Review,Medium,Closed,1,1,0,0,1,0,0,0,1,0
2024-08,Residential,MONTEREY,Account Status Review,Medium,In Progress,1,1,0,1,0,0,0,0,1,0
2024-08,Residential,MONTEREY,Account Status Review,Medium,Open,1,1,1,0,0,0,0,0,1,0
2024-08,Residential,MONTEREY,Missing Read Investigation,Medium,Closed,1,1,0,0,1,0,0,0,1,0
2024-08,Residential,MONTEREY,Outage Follow Up,Medium,Closed,1,1,0,0,1,0,0,0,1,0
2024-08,Residential,NAPA,Account Status Review,Medium,Open,1,1,1,0,0,0,0,0,1,0
2024-08,Residential,NEVADA,Account Status Review,Low,Closed,1,1,0,0,1,0,0,0,0,1
2024-08,Residential,PLACER,Account Status Review,High,Closed,1,1,0,0,1,0,0,1,0,0
2024-08,Residential,PLACER,Account Status Review,High,Open,2,2,2,0,0,0,0,2,0,0
2024-08,Residential,PLACER,Account Status Review,Low,Closed,1,1,0,0,1,0,0,0,0,1
2024-08,Residential,PLACER,Missing Read Investigation,Medium,In Progress,1,1,0,1,0,0,0,0,1,0
2024-08,Residential,SAN FRANCISCO,Account Status Review,Critical,Closed,1,1,0,0,1,0,1,0,0,0
2024-08,Residential,SAN FRANCISCO,Account Status Review,High,Closed,1,1,0,0,1,0,0,1,0,0
2024-08,Residential,SAN FRANCISCO,Account Status Review,High,Open,1,1,1,0,0,0,0,1,0,0
2024-08,Residential,SAN FRANCISCO,Account Status Review,Low,Open,1,1,1,0,0,0,0,0,0,1
2024-08,Residential,SAN FRANCISCO,Account Status Review,Medium,Closed,2,2,0,0,2,0,0,0,2,0
2024-08,Residential,SAN FRANCISCO,Meter Data Investigation,Medium,Closed,1,1,0,0,1,0,0,0,1,0
2024-08,Residential,SAN FRANCISCO,Missing Read Investigation,Low,Closed,1,1,0,0,1,0,0,0,0,1
2024-08,Residential,SAN FRANCISCO,Outage Follow Up,Medium,Closed,1,1,0,0,1,0,0,0,1,0
2024-08,Residential,SAN JOAQUIN,Account Status Review,Critical,In Progress,1,1,0,1,0,0,1,0,0,0
2024-08,Residential,SAN JOAQUIN,Account Status Review,Low,Closed,1,1,0,0,1,0,0,0,0,1
2024-08,Residential,SAN JOAQUIN,High Bill Inquiry,Low,Open,1,1,1,0,0,0,0,0,0,1
2024-08,Residential,SAN JOAQUIN,Outage Follow Up,Low,In Progress,1,1,0,1,0,0,0,0,0,1
2024-08,Residential,SAN JOAQUIN,Outage Follow Up,Medium,Open,1,1,1,0,0,0,0,0,1,0
2024-08,Residential,SAN MATEO,Account Status Review,Medium,Cancelled,1,1,0,0,0,1,0,0,1,0
2024-08,Residential,SAN MATEO,Account Status Review,Medium,Closed,5,5,0,0,5,0,0,0,5,0
2024-08,Residential,SAN MATEO,Account Status Review,Medium,Open,2,2,2,0,0,0,0,0,2,0
2024-08,Residential,SAN MATEO,Missing Read Investigation,Low,Closed,1,1,0,0,1,0,0,0,0,1
2024-08,Residential,SAN MATEO,Missing Read Investigation,Medium,In Progress,1,1,0,1,0,0,0,0,1,0
2024-08,Residential,SAN MATEO,Outage Follow Up,Medium,Closed,1,1,0,0,1,0,0,0,1,0
2024-08,Residential,SANTA BARBARA,Account Status Review,Critical,Open,1,1,1,0,0,0,1,0,0,0
2024-08,Residential,SANTA BARBARA,Account Status Review,Low,In Progress,1,1,0,1,0,0,0,0,0,1
2024-08,Residential,SANTA BARBARA,Account Status Review,Medium,Closed,1,1,0,0,1,0,0,0,1,0
2024-08,Residential,SANTA BARBARA,Meter Data Investigation,Low,Closed,1,1,0,0,1,0,0,0,0,1
2024-08,Residential,SANTA BARBARA,Missing Read Investigation,Low,Open,1,1,1,0,0,0,0,0,0,1
2024-08,Residential,SANTA BARBARA,Missing Read Investigation,Medium,Closed,1,1,0,0,1,0,0,0,1,0
2024-08,Residential,SANTA BARBARA,Rate Plan Change,Low,Closed,1,1,0,0,1,0,0,0,0,1
2024-08,Residential,SANTA CLARA,Account Status Review,High,Closed,4,4,0,0,4,0,0,4,0,0
2024-08,Residential,SANTA CLARA,Account Status Review,High,In Progress,1,1,0,1,0,0,0,1,0,0
2024-08,Residential,SANTA CLARA,Account Status Review,Low,Closed,1,1,0,0,1,0,0,0,0,1
2024-08,Residential,SANTA CLARA,Account Status Review,Low,In Progress,2,2,0,2,0,0,0,0,0,2
2024-08,Residential,SANTA CLARA,Account Status Review,Low,Open,1,1,1,0,0,0,0,0,0,1
2024-08,Residential,SANTA CLARA,Account Status Review,Medium,Closed,4,4,0,0,4,0,0,0,4,0
2024-08,Residential,SANTA CLARA,Account Status Review,Medium,In Progress,4,4,0,4,0,0,0,0,4,0
2024-08,Residential,SANTA CLARA,High Bill Inquiry,Medium,Open,1,1,1,0,0,0,0,0,1,0
2024-08,Residential,SANTA CLARA,Meter Issue,Low,Closed,1,1,0,0,1,0,0,0,0,1
2024-08,Residential,SANTA CLARA,Missing Read Investigation,High,Closed,1,1,0,0,1,0,0,1,0,0
2024-08,Residential,SANTA CLARA,Missing Read Investigation,Low,Closed,2,2,0,0,2,0,0,0,0,2
2024-08,Residential,SANTA CLARA,Missing Read Investigation,Medium,Closed,3,3,0,0,3,0,0,0,3,0
2024-08,Residential,SANTA CLARA,Outage Follow Up,Low,Closed,1,1,0,0,1,0,0,0,0,1
2024-08,Residential,SANTA CRUZ,Account Status Review,High,Closed,1,1,0,0,1,0,0,1,0,0
2024-08,Residential,SHASTA,Account Status Review,High,Closed,1,1,0,0,1,0,0,1,0,0
2024-08,Residential,SHASTA,Missing Read Investigation,High,Open,1,1,1,0,0,0,0,1,0,0
2024-08,Residential,SOLANO,Account Status Review,High,Closed,1,1,0,0,1,0,0,1,0,0
2024-08,Residential,SOLANO,Account Status Review,Low,Closed,1,1,0,0,1,0,0,0,0,1
2024-08,Residential,SOLANO,Account Status Review,Medium,Open,1,1,1,0,0,0,0,0,1,0
2024-08,Residential,SOLANO,High Bill Inquiry,Medium,In Progress,1,1,0,1,0,0,0,0,1,0
2024-08,Residential,SOLANO,Rate Plan Change,Low,In Progress,1,1,0,1,0,0,0,0,0,1
2024-08,Residential,SONOMA,Account Status Review,High,Closed,1,1,0,0,1,0,0,1,0,0
2024-08,Residential,SONOMA,Account Status Review,Medium,Closed,2,2,0,0,2,0,0,0,2,0
2024-08,Residential,SONOMA,Meter Data Investigation,Medium,Open,1,1,1,0,0,0,0,0,1,0
2024-08,Residential,SONOMA,Missing Read Investigation,Low,Closed,1,1,0,0,1,0,0,0,0,1
2024-08,Residential,SONOMA,Outage Follow Up,Low,Closed,1,1,0,0,1,0,0,0,0,1
2024-08,Residential,SUTTER,Missing Read Investigation,Low,Closed,1,1,0,0,1,0,0,0,0,1
2024-08,Residential,TUOLUMNE,Account Status Review,Medium,Closed,1,1,0,0,1,0,0,0,1,0
2024-08,Residential,YOLO,Account Status Review,High,Closed,1,1,0,0,1,0,0,1,0,0
2024-08,Residential,YOLO,Account Status Review,Medium,Closed,1,1,0,0,1,0,0,0,1,0
2024-08,Residential,YOLO,Outage Follow Up,Medium,Open,1,1,1,0,0,0,0,0,1,0
2024-08,Residential,YUBA,Account Status Review,High,Open,1,1,1,0,0,0,0,1,0,0
2024-08,Streetlighting,FRESNO,Outage Follow Up,Medium,Open,1,1,1,0,0,0,0,0,1,0
2024-09,Agriculture And Water Pumping,ALAMEDA,Account Status Review,High,Closed,1,1,0,0,1,0,0,1,0,0
2024-09,Agriculture And Water Pumping,ALAMEDA,Account Status Review,Low,Open,1,1,1,0,0,0,0,0,0,1
2024-09,Agriculture And Water Pumping,ALAMEDA,Meter Data Investigation,High,In Progress,1,1,0,1,0,0,0,1,0,0
2024-09,Agriculture And Water Pumping,CONTRA COSTA,Account Status Review,Medium,In Progress,1,1,0,1,0,0,0,0,1,0
2024-09,Agriculture And Water Pumping,FRESNO,Missing Read Investigation,Medium,Closed,1,1,0,0,1,0,0,0,1,0
2024-09,Agriculture And Water Pumping,KERN,Account Status Review,High,In Progress,1,1,0,1,0,0,0,1,0,0
2024-09,Agriculture And Water Pumping,PLACER,Meter Data Investigation,Medium,Closed,1,1,0,0,1,0,0,0,1,0
2024-09,Agriculture And Water Pumping,SAN FRANCISCO,Meter Issue,Medium,Open,1,1,1,0,0,0,0,0,1,0
2024-09,Agriculture And Water Pumping,SAN JOAQUIN,Missing Read Investigation,Low,In Progress,1,1,0,1,0,0,0,0,0,1
2024-09,Agriculture And Water Pumping,SANTA CLARA,Missing Read Investigation,Medium,In Progress,1,1,0,1,0,0,0,0,1,0
2024-09,Commercial,ALAMEDA,Account Status Review,Medium,Cancelled,1,1,0,0,0,1,0,0,1,0
2024-09,Commercial,ALAMEDA,Meter Data Investigation,High,In Progress,1,1,0,1,0,0,0,1,0,0
2024-09,Commercial,ALAMEDA,Missing Read Investigation,High,In Progress,1,1,0,1,0,0,0,1,0,0
2024-09,Commercial,ALAMEDA,Outage Follow Up,High,Open,1,1,1,0,0,0,0,1,0,0
2024-09,Commercial,CONTRA COSTA,Account Status Review,Medium,Closed,1,1,0,0,1,0,0,0,1,0
2024-09,Commercial,KERN,Account Status Review,Medium,Open,1,1,1,0,0,0,0,0,1,0
2024-09,Commercial,KERN,High Bill Inquiry,Low,In Progress,1,1,0,1,0,0,0,0,0,1
2024-09,Commercial,KERN,Meter Data Investigation,Medium,In Progress,1,1,0,1,0,0,0,0,1,0
2024-09,Commercial,MADERA,Account Status Review,High,Closed,1,1,0,0,1,0,0,1,0,0
2024-09,Commercial,MADERA,Account Status Review,Low,Closed,1,1,0,0,1,0,0,0,0,1
2024-09,Commercial,MERCED,Account Status Review,High,Closed,1,1,0,0,1,0,0,1,0,0
2024-09,Commercial,PLACER,Account Status Review,Low,Closed,1,1,0,0,1,0,0,0,0,1
2024-09,Commercial,PLACER,Account Status Review,Medium,Open,1,1,1,0,0,0,0,0,1,0
2024-09,Commercial,PLACER,Meter Data Investigation,High,Closed,1,1,0,0,1,0,0,1,0,0
2024-09,Commercial,SAN FRANCISCO,Missing Read Investigation,High,Open,1,1,1,0,0,0,0,1,0,0
2024-09,Commercial,SANTA BARBARA,Missing Read Investigation,High,Open,1,1,1,0,0,0,0,1,0,0
2024-09,Commercial,SANTA CLARA,Account Status Review,High,Closed,1,1,0,0,1,0,0,1,0,0
2024-09,Commercial,SANTA CLARA,Account Status Review,Medium,Closed,2,2,0,0,2,0,0,0,2,0
2024-09,Commercial,SANTA CLARA,Missing Read Investigation,High,In Progress,1,1,0,1,0,0,0,1,0,0
2024-09,Commercial,SHASTA,Meter Data Investigation,Critical,Open,1,1,1,0,0,0,1,0,0,0
2024-09,Commercial,SONOMA,Rate Plan Change,Low,Closed,1,1,0,0,1,0,0,0,0,1
2024-09,Commercial,YOLO,Rate Plan Change,Low,Closed,1,1,0,0,1,0,0,0,0,1
2024-09,Industrial,ALAMEDA,Account Status Review,Low,Closed,1,1,0,0,1,0,0,0,0,1
2024-09,Industrial,CALAVERAS,Account Status Review,Medium,In Progress,1,1,0,1,0,0,0,0,1,0
2024-09,Industrial,CONTRA COSTA,Rate Plan Change,High,Closed,1,1,0,0,1,0,0,1,0,0
2024-09,Industrial,FRESNO,Account Status Review,Medium,Closed,1,1,0,0,1,0,0,0,1,0
2024-09,Industrial,HUMBOLDT,Account Status Review,Low,Closed,1,1,0,0,1,0,0,0,0,1
2024-09,Industrial,KERN,Account Status Review,Low,Closed,2,2,0,0,2,0,0,0,0,2
2024-09,Industrial,KERN,Meter Data Investigation,High,In Progress,1,1,0,1,0,0,0,1,0,0
2024-09,Industrial,SAN JOAQUIN,Account Status Review,Medium,Open,1,1,1,0,0,0,0,0,1,0
2024-09,Industrial,SANTA CLARA,Missing Read Investigation,Low,Closed,1,1,0,0,1,0,0,0,0,1
2024-09,Industrial,SANTA CLARA,Outage Follow Up,High,Open,1,1,1,0,0,0,0,1,0,0
2024-09,Mining,KERN,Meter Data Investigation,High,Closed,1,1,0,0,1,0,0,1,0,0
2024-09,Mining,SANTA CLARA,Account Status Review,Medium,Closed,1,1,0,0,1,0,0,0,1,0
2024-09,Residential,ALAMEDA,Account Status Review,Critical,Closed,1,1,0,0,1,0,1,0,0,0
2024-09,Residential,ALAMEDA,Account Status Review,Critical,In Progress,1,1,0,1,0,0,1,0,0,0
2024-09,Residential,ALAMEDA,Account Status Review,High,Cancelled,1,1,0,0,0,1,0,1,0,0
2024-09,Residential,ALAMEDA,Account Status Review,High,Closed,1,1,0,0,1,0,0,1,0,0
2024-09,Residential,ALAMEDA,Account Status Review,Low,Closed,2,2,0,0,2,0,0,0,0,2
2024-09,Residential,ALAMEDA,Account Status Review,Low,In Progress,1,1,0,1,0,0,0,0,0,1
2024-09,Residential,ALAMEDA,Account Status Review,Low,Open,2,2,2,0,0,0,0,0,0,2
2024-09,Residential,ALAMEDA,Account Status Review,Medium,Closed,1,1,0,0,1,0,0,0,1,0
2024-09,Residential,ALAMEDA,Account Status Review,Medium,In Progress,1,1,0,1,0,0,0,0,1,0
2024-09,Residential,ALAMEDA,High Bill Inquiry,High,Open,1,1,1,0,0,0,0,1,0,0
2024-09,Residential,ALAMEDA,High Bill Inquiry,Medium,Cancelled,1,1,0,0,0,1,0,0,1,0
2024-09,Residential,ALAMEDA,Outage Follow Up,Medium,Open,1,1,1,0,0,0,0,0,1,0
2024-09,Residential,ALAMEDA,Rate Plan Change,Medium,In Progress,1,1,0,1,0,0,0,0,1,0
2024-09,Residential,AMADOR,Meter Issue,Low,Cancelled,1,1,0,0,0,1,0,0,0,1
2024-09,Residential,BUTTE,Account Status Review,Low,In Progress,1,1,0,1,0,0,0,0,0,1
2024-09,Residential,BUTTE,Meter Data Investigation,Medium,Closed,1,1,0,0,1,0,0,0,1,0
2024-09,Residential,CALAVERAS,Account Status Review,Low,Open,1,1,1,0,0,0,0,0,0,1
2024-09,Residential,COLUSA,Account Status Review,Medium,Closed,1,1,0,0,1,0,0,0,1,0
2024-09,Residential,CONTRA COSTA,Account Status Review,High,Open,1,1,1,0,0,0,0,1,0,0
2024-09,Residential,CONTRA COSTA,Account Status Review,Low,In Progress,2,2,0,2,0,0,0,0,0,2
2024-09,Residential,CONTRA COSTA,Account Status Review,Low,Open,1,1,1,0,0,0,0,0,0,1
2024-09,Residential,CONTRA COSTA,Account Status Review,Medium,Closed,1,1,0,0,1,0,0,0,1,0
2024-09,Residential,CONTRA COSTA,Account Status Review,Medium,In Progress,1,1,0,1,0,0,0,0,1,0
2024-09,Residential,CONTRA COSTA,Account Status Review,Medium,Open,4,4,4,0,0,0,0,0,4,0
2024-09,Residential,CONTRA COSTA,High Bill Inquiry,High,Closed,1,1,0,0,1,0,0,1,0,0
2024-09,Residential,CONTRA COSTA,Meter Data Investigation,Low,Closed,1,1,0,0,1,0,0,0,0,1
2024-09,Residential,CONTRA COSTA,Meter Issue,Low,Cancelled,1,1,0,0,0,1,0,0,0,1
2024-09,Residential,CONTRA COSTA,Missing Read Investigation,Critical,Closed,1,1,0,0,1,0,1,0,0,0
2024-09,Residential,CONTRA COSTA,Missing Read Investigation,Low,Closed,1,1,0,0,1,0,0,0,0,1
2024-09,Residential,CONTRA COSTA,Missing Read Investigation,Medium,Open,1,1,1,0,0,0,0,0,1,0
2024-09,Residential,CONTRA COSTA,Rate Plan Change,High,Cancelled,1,1,0,0,0,1,0,1,0,0
2024-09,Residential,EL DORADO,Account Status Review,High,Closed,1,1,0,0,1,0,0,1,0,0
2024-09,Residential,FRESNO,Account Status Review,High,Closed,1,1,0,0,1,0,0,1,0,0
2024-09,Residential,FRESNO,Account Status Review,Low,Closed,2,2,0,0,2,0,0,0,0,2
2024-09,Residential,FRESNO,Account Status Review,Medium,Closed,1,1,0,0,1,0,0,0,1,0
2024-09,Residential,FRESNO,Meter Data Investigation,Medium,Closed,1,1,0,0,1,0,0,0,1,0
2024-09,Residential,FRESNO,Meter Issue,High,In Progress,1,1,0,1,0,0,0,1,0,0
2024-09,Residential,FRESNO,Outage Follow Up,High,Closed,1,1,0,0,1,0,0,1,0,0
2024-09,Residential,FRESNO,Outage Follow Up,Low,Closed,1,1,0,0,1,0,0,0,0,1
2024-09,Residential,GLENN,Account Status Review,Medium,Open,1,1,1,0,0,0,0,0,1,0
2024-09,Residential,KERN,Account Status Review,Critical,Closed,1,1,0,0,1,0,1,0,0,0
2024-09,Residential,KERN,Account Status Review,Low,Cancelled,1,1,0,0,0,1,0,0,0,1
2024-09,Residential,KERN,Account Status Review,Low,Closed,6,6,0,0,6,0,0,0,0,6
2024-09,Residential,KERN,Account Status Review,Low,In Progress,1,1,0,1,0,0,0,0,0,1
2024-09,Residential,KERN,Account Status Review,Low,Open,1,1,1,0,0,0,0,0,0,1
2024-09,Residential,KERN,Account Status Review,Medium,Cancelled,1,1,0,0,0,1,0,0,1,0
2024-09,Residential,KERN,Account Status Review,Medium,Closed,1,1,0,0,1,0,0,0,1,0
2024-09,Residential,KERN,Account Status Review,Medium,Open,1,1,1,0,0,0,0,0,1,0
2024-09,Residential,KERN,High Bill Inquiry,Low,Closed,2,2,0,0,2,0,0,0,0,2
2024-09,Residential,KERN,Meter Data Investigation,Critical,Open,1,1,1,0,0,0,1,0,0,0
2024-09,Residential,KERN,Meter Data Investigation,Medium,Cancelled,1,1,0,0,0,1,0,0,1,0
2024-09,Residential,KERN,Meter Data Investigation,Medium,Closed,1,1,0,0,1,0,0,0,1,0
2024-09,Residential,KERN,Meter Data Investigation,Medium,Open,1,1,1,0,0,0,0,0,1,0
2024-09,Residential,KERN,Meter Issue,Medium,Closed,1,1,0,0,1,0,0,0,1,0
2024-09,Residential,KERN,Missing Read Investigation,High,In Progress,1,1,0,1,0,0,0,1,0,0
2024-09,Residential,KERN,Missing Read Investigation,High,Open,1,1,1,0,0,0,0,1,0,0
2024-09,Residential,KERN,Missing Read Investigation,Low,Open,2,2,2,0,0,0,0,0,0,2
2024-09,Residential,KERN,Missing Read Investigation,Medium,Open,1,1,1,0,0,0,0,0,1,0
2024-09,Residential,KERN,Outage Follow Up,Medium,Closed,1,1,0,0,1,0,0,0,1,0
2024-09,Residential,KERN,Rate Plan Change,Low,Closed,1,1,0,0,1,0,0,0,0,1
2024-09,Residential,KINGS,Account Status Review,High,Open,1,1,1,0,0,0,0,1,0,0
2024-09,Residential,KINGS,Account Status Review,Low,Closed,1,1,0,0,1,0,0,0,0,1
2024-09,Residential,MADERA,Account Status Review,Low,Closed,1,1,0,0,1,0,0,0,0,1
2024-09,Residential,MADERA,Meter Data Investigation,Low,Closed,1,1,0,0,1,0,0,0,0,1
2024-09,Residential,MENDOCINO,Account Status Review,Medium,Closed,2,2,0,0,2,0,0,0,2,0
2024-09,Residential,MERCED,Account Status Review,Critical,Closed,1,1,0,0,1,0,1,0,0,0
2024-09,Residential,MERCED,Account Status Review,High,Closed,1,1,0,0,1,0,0,1,0,0
2024-09,Residential,MERCED,Account Status Review,Low,Closed,1,1,0,0,1,0,0,0,0,1
2024-09,Residential,MERCED,Account Status Review,Medium,Closed,1,1,0,0,1,0,0,0,1,0
2024-09,Residential,MERCED,Missing Read Investigation,Low,Closed,1,1,0,0,1,0,0,0,0,1
2024-09,Residential,MERCED,Rate Plan Change,Low,In Progress,1,1,0,1,0,0,0,0,0,1
2024-09,Residential,MONTEREY,Account Status Review,Low,Cancelled,1,1,0,0,0,1,0,0,0,1
2024-09,Residential,MONTEREY,Account Status Review,Low,Closed,1,1,0,0,1,0,0,0,0,1
2024-09,Residential,MONTEREY,Account Status Review,Medium,Closed,1,1,0,0,1,0,0,0,1,0
2024-09,Residential,MONTEREY,Account Status Review,Medium,Open,2,2,2,0,0,0,0,0,2,0
2024-09,Residential,NAPA,Account Status Review,High,Closed,1,1,0,0,1,0,0,1,0,0
2024-09,Residential,NAPA,Account Status Review,Low,Closed,1,1,0,0,1,0,0,0,0,1
2024-09,Residential,NAPA,Meter Data Investigation,High,Open,1,1,1,0,0,0,0,1,0,0
2024-09,Residential,NAPA,Meter Issue,Medium,Open,1,1,1,0,0,0,0,0,1,0
2024-09,Residential,NEVADA,Account Status Review,Medium,Open,1,1,1,0,0,0,0,0,1,0
2024-09,Residential,PLACER,Account Status Review,High,Cancelled,1,1,0,0,0,1,0,1,0,0
2024-09,Residential,PLACER,Account Status Review,High,Closed,1,1,0,0,1,0,0,1,0,0
2024-09,Residential,PLACER,Account Status Review,High,In Progress,1,1,0,1,0,0,0,1,0,0
2024-09,Residential,PLACER,Account Status Review,Low,In Progress,1,1,0,1,0,0,0,0,0,1
2024-09,Residential,PLACER,Account Status Review,Low,Open,1,1,1,0,0,0,0,0,0,1
2024-09,Residential,PLACER,Account Status Review,Medium,Closed,1,1,0,0,1,0,0,0,1,0
2024-09,Residential,PLACER,High Bill Inquiry,Low,Cancelled,1,1,0,0,0,1,0,0,0,1
2024-09,Residential,PLACER,Meter Data Investigation,High,Open,1,1,1,0,0,0,0,1,0,0
2024-09,Residential,PLACER,Missing Read Investigation,Low,Closed,1,1,0,0,1,0,0,0,0,1
2024-09,Residential,PLACER,Missing Read Investigation,Medium,Closed,1,1,0,0,1,0,0,0,1,0
2024-09,Residential,SAN FRANCISCO,Account Status Review,Critical,Closed,1,1,0,0,1,0,1,0,0,0
2024-09,Residential,SAN FRANCISCO,Account Status Review,Low,Closed,1,1,0,0,1,0,0,0,0,1
2024-09,Residential,SAN FRANCISCO,Account Status Review,Medium,Closed,2,2,0,0,2,0,0,0,2,0
2024-09,Residential,SAN FRANCISCO,Account Status Review,Medium,In Progress,1,1,0,1,0,0,0,0,1,0
2024-09,Residential,SAN FRANCISCO,Meter Data Investigation,Low,Cancelled,1,1,0,0,0,1,0,0,0,1
2024-09,Residential,SAN JOAQUIN,Account Status Review,Low,Closed,3,3,0,0,3,0,0,0,0,3
2024-09,Residential,SAN JOAQUIN,Account Status Review,Low,In Progress,2,2,0,2,0,0,0,0,0,2
2024-09,Residential,SAN JOAQUIN,Account Status Review,Medium,Closed,2,2,0,0,2,0,0,0,2,0
2024-09,Residential,SAN JOAQUIN,High Bill Inquiry,High,Closed,1,1,0,0,1,0,0,1,0,0
2024-09,Residential,SAN JOAQUIN,Meter Data Investigation,Medium,Cancelled,1,1,0,0,0,1,0,0,1,0
2024-09,Residential,SAN JOAQUIN,Meter Data Investigation,Medium,Closed,1,1,0,0,1,0,0,0,1,0
2024-09,Residential,SAN JOAQUIN,Missing Read Investigation,High,Open,1,1,1,0,0,0,0,1,0,0
2024-09,Residential,SAN JOAQUIN,Missing Read Investigation,Medium,Open,1,1,1,0,0,0,0,0,1,0
2024-09,Residential,SAN JOAQUIN,Outage Follow Up,Medium,Closed,1,1,0,0,1,0,0,0,1,0
2024-09,Residential,SAN LUIS OBISPO,Account Status Review,Critical,Cancelled,1,1,0,0,0,1,1,0,0,0
2024-09,Residential,SAN LUIS OBISPO,Account Status Review,Low,Closed,1,1,0,0,1,0,0,0,0,1
2024-09,Residential,SAN LUIS OBISPO,Account Status Review,Medium,Closed,1,1,0,0,1,0,0,0,1,0
2024-09,Residential,SAN LUIS OBISPO,Missing Read Investigation,Medium,In Progress,1,1,0,1,0,0,0,0,1,0
2024-09,Residential,SAN MATEO,Account Status Review,Low,Closed,2,2,0,0,2,0,0,0,0,2
2024-09,Residential,SAN MATEO,Account Status Review,Low,In Progress,1,1,0,1,0,0,0,0,0,1
2024-09,Residential,SAN MATEO,Account Status Review,Low,Open,1,1,1,0,0,0,0,0,0,1
2024-09,Residential,SAN MATEO,Account Status Review,Medium,Closed,2,2,0,0,2,0,0,0,2,0
2024-09,Residential,SAN MATEO,Account Status Review,Medium,In Progress,1,1,0,1,0,0,0,0,1,0
2024-09,Residential,SAN MATEO,Missing Read Investigation,Medium,Closed,1,1,0,0,1,0,0,0,1,0
2024-09,Residential,SANTA BARBARA,Account Status Review,High,Closed,2,2,0,0,2,0,0,2,0,0
2024-09,Residential,SANTA BARBARA,Account Status Review,Medium,Closed,1,1,0,0,1,0,0,0,1,0
2024-09,Residential,SANTA BARBARA,Rate Plan Change,Low,Open,1,1,1,0,0,0,0,0,0,1
2024-09,Residential,SANTA CLARA,Account Status Review,Critical,In Progress,1,1,0,1,0,0,1,0,0,0
2024-09,Residential,SANTA CLARA,Account Status Review,High,Closed,2,2,0,0,2,0,0,2,0,0
2024-09,Residential,SANTA CLARA,Account Status Review,High,Open,1,1,1,0,0,0,0,1,0,0
2024-09,Residential,SANTA CLARA,Account Status Review,Low,Closed,3,3,0,0,3,0,0,0,0,3
2024-09,Residential,SANTA CLARA,Account Status Review,Low,In Progress,1,1,0,1,0,0,0,0,0,1
2024-09,Residential,SANTA CLARA,Account Status Review,Low,Open,3,3,3,0,0,0,0,0,0,3
2024-09,Residential,SANTA CLARA,Account Status Review,Medium,Cancelled,1,1,0,0,0,1,0,0,1,0
2024-09,Residential,SANTA CLARA,Account Status Review,Medium,Closed,3,3,0,0,3,0,0,0,3,0
2024-09,Residential,SANTA CLARA,Account Status Review,Medium,In Progress,2,2,0,2,0,0,0,0,2,0
2024-09,Residential,SANTA CLARA,Account Status Review,Medium,Open,1,1,1,0,0,0,0,0,1,0
2024-09,Residential,SANTA CLARA,High Bill Inquiry,Critical,Open,2,2,2,0,0,0,2,0,0,0
2024-09,Residential,SANTA CLARA,High Bill Inquiry,High,Open,1,1,1,0,0,0,0,1,0,0
2024-09,Residential,SANTA CLARA,Meter Data Investigation,High,Closed,1,1,0,0,1,0,0,1,0,0
2024-09,Residential,SANTA CLARA,Meter Data Investigation,High,In Progress,1,1,0,1,0,0,0,1,0,0
2024-09,Residential,SANTA CLARA,Meter Data Investigation,Medium,Closed,1,1,0,0,1,0,0,0,1,0
2024-09,Residential,SANTA CLARA,Meter Data Investigation,Medium,Open,1,1,1,0,0,0,0,0,1,0
2024-09,Residential,SANTA CLARA,Meter Issue,Medium,Closed,1,1,0,0,1,0,0,0,1,0
2024-09,Residential,SANTA CLARA,Missing Read Investigation,Critical,Open,1,1,1,0,0,0,1,0,0,0
2024-09,Residential,SANTA CLARA,Missing Read Investigation,High,Closed,1,1,0,0,1,0,0,1,0,0
2024-09,Residential,SANTA CLARA,Missing Read Investigation,Low,Closed,3,3,0,0,3,0,0,0,0,3
2024-09,Residential,SANTA CLARA,Missing Read Investigation,Medium,Closed,1,1,0,0,1,0,0,0,1,0
2024-09,Residential,SANTA CLARA,Outage Follow Up,Medium,Open,1,1,1,0,0,0,0,0,1,0
2024-09,Residential,SANTA CLARA,Rate Plan Change,Critical,Open,1,1,1,0,0,0,1,0,0,0
2024-09,Residential,SANTA CLARA,Rate Plan Change,Low,Closed,1,1,0,0,1,0,0,0,0,1
2024-09,Residential,SOLANO,Account Status Review,High,Cancelled,1,1,0,0,0,1,0,1,0,0
2024-09,Residential,SOLANO,Account Status Review,Low,Open,1,1,1,0,0,0,0,0,0,1
2024-09,Residential,SOLANO,Account Status Review,Medium,Closed,1,1,0,0,1,0,0,0,1,0
2024-09,Residential,SOLANO,Missing Read Investigation,Low,In Progress,1,1,0,1,0,0,0,0,0,1
2024-09,Residential,SOLANO,Missing Read Investigation,Medium,Closed,2,2,0,0,2,0,0,0,2,0
2024-09,Residential,SOLANO,Outage Follow Up,Medium,Closed,1,1,0,0,1,0,0,0,1,0
2024-09,Residential,SONOMA,Account Status Review,Medium,Closed,1,1,0,0,1,0,0,0,1,0
2024-09,Residential,SONOMA,Meter Data Investigation,Low,In Progress,1,1,0,1,0,0,0,0,0,1
2024-09,Residential,SONOMA,Rate Plan Change,Medium,Closed,1,1,0,0,1,0,0,0,1,0
2024-09,Residential,SONOMA,Rate Plan Change,Medium,Open,1,1,1,0,0,0,0,0,1,0
2024-09,Residential,SUTTER,Account Status Review,High,Closed,1,1,0,0,1,0,0,1,0,0
2024-09,Residential,SUTTER,Account Status Review,Low,Closed,1,1,0,0,1,0,0,0,0,1
2024-09,Residential,TUOLUMNE,Account Status Review,Low,Closed,1,1,0,0,1,0,0,0,0,1
2024-09,Residential,YOLO,Account Status Review,Low,Closed,1,1,0,0,1,0,0,0,0,1
2024-09,Residential,YOLO,Account Status Review,Low,Open,1,1,1,0,0,0,0,0,0,1
2024-09,Residential,YOLO,Account Status Review,Medium,In Progress,1,1,0,1,0,0,0,0,1,0
2024-09,Residential,YUBA,Meter Data Investigation,High,Closed,1,1,0,0,1,0,0,1,0,0
2024-09,Streetlighting,FRESNO,Account Status Review,Medium,Closed,1,1,0,0,1,0,0,0,1,0
2024-09,Streetlighting,PLACER,Meter Data Investigation,Medium,In Progress,1,1,0,1,0,0,0,0,1,0
2024-09,"Transportation, Communications, & Utilities",FRESNO,Missing Read Investigation,Medium,In Progress,1,1,0,1,0,0,0,0,1,0
2024-09,"Transportation, Communications, & Utilities",SAN LUIS OBISPO,Missing Read Investigation,Medium,Open,1,1,1,0,0,0,0,0,1,0
2024-09,"Transportation, Communications, & Utilities",SANTA CLARA,Account Status Review,Low,Closed,1,1,0,0,1,0,0,0,0,1
2024-10,Agriculture And Water Pumping,ALAMEDA,Account Status Review,Low,Closed,1,1,0,0,1,0,0,0,0,1
2024-10,Agriculture And Water Pumping,ALAMEDA,Account Status Review,Medium,Closed,1,1,0,0,1,0,0,0,1,0
2024-10,Agriculture And Water Pumping,BUTTE,Missing Read Investigation,Low,Closed,1,1,0,0,1,0,0,0,0,1
2024-10,Agriculture And Water Pumping,CONTRA COSTA,Account Status Review,Medium,Closed,1,1,0,0,1,0,0,0,1,0
2024-10,Agriculture And Water Pumping,CONTRA COSTA,Missing Read Investigation,High,Closed,1,1,0,0,1,0,0,1,0,0
2024-10,Agriculture And Water Pumping,KERN,Account Status Review,High,Open,1,1,1,0,0,0,0,1,0,0
2024-10,Agriculture And Water Pumping,KINGS,Account Status Review,Medium,Closed,1,1,0,0,1,0,0,0,1,0
2024-10,Agriculture And Water Pumping,SAN JOAQUIN,Meter Data Investigation,Low,Open,1,1,1,0,0,0,0,0,0,1
2024-10,Agriculture And Water Pumping,SAN LUIS OBISPO,Missing Read Investigation,Medium,Closed,1,1,0,0,1,0,0,0,1,0
2024-10,Commercial,ALAMEDA,Account Status Review,Low,Closed,1,1,0,0,1,0,0,0,0,1
2024-10,Commercial,ALAMEDA,Account Status Review,Low,Open,1,1,1,0,0,0,0,0,0,1
2024-10,Commercial,ALAMEDA,High Bill Inquiry,High,Closed,1,1,0,0,1,0,0,1,0,0
2024-10,Commercial,ALAMEDA,Meter Data Investigation,Critical,Closed,1,1,0,0,1,0,1,0,0,0
2024-10,Commercial,ALAMEDA,Missing Read Investigation,Medium,In Progress,1,1,0,1,0,0,0,0,1,0
2024-10,Commercial,CONTRA COSTA,Account Status Review,Low,Closed,1,1,0,0,1,0,0,0,0,1
2024-10,Commercial,CONTRA COSTA,Account Status Review,Medium,Open,1,1,1,0,0,0,0,0,1,0
2024-10,Commercial,CONTRA COSTA,Meter Data Investigation,High,Closed,1,1,0,0,1,0,0,1,0,0
2024-10,Commercial,CONTRA COSTA,Meter Data Investigation,Low,Open,1,1,1,0,0,0,0,0,0,1
2024-10,Commercial,FRESNO,Missing Read Investigation,High,Closed,1,1,0,0,1,0,0,1,0,0
2024-10,Commercial,GLENN,Account Status Review,Low,Closed,1,1,0,0,1,0,0,0,0,1
2024-10,Commercial,HUMBOLDT,Account Status Review,Medium,Closed,1,1,0,0,1,0,0,0,1,0
2024-10,Commercial,KERN,Account Status Review,Critical,Closed,1,1,0,0,1,0,1,0,0,0
2024-10,Commercial,KERN,Meter Data Investigation,Critical,Open,1,1,1,0,0,0,1,0,0,0
2024-10,Commercial,MADERA,Account Status Review,Low,Closed,1,1,0,0,1,0,0,0,0,1
2024-10,Commercial,MERCED,Account Status Review,Medium,Closed,1,1,0,0,1,0,0,0,1,0
2024-10,Commercial,MERCED,Rate Plan Change,High,Closed,1,1,0,0,1,0,0,1,0,0
2024-10,Commercial,NAPA,Rate Plan Change,Medium,In Progress,1,1,0,1,0,0,0,0,1,0
2024-10,Commercial,NEVADA,Account Status Review,High,Closed,1,1,0,0,1,0,0,1,0,0
2024-10,Commercial,NEVADA,Outage Follow Up,High,In Progress,1,1,0,1,0,0,0,1,0,0
2024-10,Commercial,PLACER,Account Status Review,High,Open,1,1,1,0,0,0,0,1,0,0
2024-10,Commercial,SANTA BARBARA,Account Status Review,High,Closed,1,1,0,0,1,0,0,1,0,0
2024-10,Commercial,SANTA BARBARA,Outage Follow Up,Medium,Closed,1,1,0,0,1,0,0,0,1,0
2024-10,Commercial,SANTA CLARA,Account Status Review,Medium,Closed,1,1,0,0,1,0,0,0,1,0
2024-10,Commercial,SANTA CLARA,Account Status Review,Medium,Open,1,1,1,0,0,0,0,0,1,0
2024-10,Commercial,SANTA CLARA,High Bill Inquiry,Medium,Closed,1,1,0,0,1,0,0,0,1,0
2024-10,Commercial,SANTA CLARA,Meter Data Investigation,Low,Open,1,1,1,0,0,0,0,0,0,1
2024-10,Commercial,SANTA CLARA,Outage Follow Up,Low,Closed,1,1,0,0,1,0,0,0,0,1
2024-10,Commercial,SOLANO,Account Status Review,Medium,Open,1,1,1,0,0,0,0,0,1,0
2024-10,Commercial,YUBA,Account Status Review,Low,Closed,1,1,0,0,1,0,0,0,0,1
2024-10,Industrial,ALAMEDA,Meter Issue,Medium,Closed,1,1,0,0,1,0,0,0,1,0
2024-10,Industrial,CALAVERAS,Account Status Review,Critical,Closed,1,1,0,0,1,0,1,0,0,0
2024-10,Industrial,FRESNO,Account Status Review,High,Closed,1,1,0,0,1,0,0,1,0,0
2024-10,Industrial,KERN,Account Status Review,Low,Open,1,1,1,0,0,0,0,0,0,1
2024-10,Industrial,PLACER,Outage Follow Up,Medium,Closed,1,1,0,0,1,0,0,0,1,0
2024-10,Industrial,SANTA CLARA,High Bill Inquiry,Low,Open,1,1,1,0,0,0,0,0,0,1
2024-10,Mining,FRESNO,Account Status Review,Medium,Open,1,1,1,0,0,0,0,0,1,0
2024-10,Residential,ALAMEDA,Account Status Review,Critical,Open,2,2,2,0,0,0,2,0,0,0
2024-10,Residential,ALAMEDA,Account Status Review,High,In Progress,1,1,0,1,0,0,0,1,0,0
2024-10,Residential,ALAMEDA,Account Status Review,High,Open,1,1,1,0,0,0,0,1,0,0
2024-10,Residential,ALAMEDA,Account Status Review,Low,Closed,1,1,0,0,1,0,0,0,0,1
2024-10,Residential,ALAMEDA,Account Status Review,Low,In Progress,1,1,0,1,0,0,0,0,0,1
2024-10,Residential,ALAMEDA,Account Status Review,Low,Open,1,1,1,0,0,0,0,0,0,1
2024-10,Residential,ALAMEDA,Account Status Review,Medium,Closed,4,4,0,0,4,0,0,0,4,0
2024-10,Residential,ALAMEDA,Account Status Review,Medium,In Progress,4,4,0,4,0,0,0,0,4,0
2024-10,Residential,ALAMEDA,High Bill Inquiry,High,Closed,1,1,0,0,1,0,0,1,0,0
2024-10,Residential,ALAMEDA,High Bill Inquiry,Low,Closed,1,1,0,0,1,0,0,0,0,1
2024-10,Residential,ALAMEDA,Meter Data Investigation,Low,Closed,1,1,0,0,1,0,0,0,0,1
2024-10,Residential,ALAMEDA,Meter Data Investigation,Medium,Closed,2,2,0,0,2,0,0,0,2,0
2024-10,Residential,ALAMEDA,Meter Issue,Medium,Open,1,1,1,0,0,0,0,0,1,0
2024-10,Residential,ALAMEDA,Missing Read Investigation,Low,Closed,1,1,0,0,1,0,0,0,0,1
2024-10,Residential,ALAMEDA,Outage Follow Up,Low,Closed,1,1,0,0,1,0,0,0,0,1
2024-10,Residential,ALAMEDA,Rate Plan Change,Medium,Closed,1,1,0,0,1,0,0,0,1,0
2024-10,Residential,AMADOR,Account Status Review,Low,Open,1,1,1,0,0,0,0,0,0,1
2024-10,Residential,BUTTE,Account Status Review,Critical,In Progress,1,1,0,1,0,0,1,0,0,0
2024-10,Residential,BUTTE,Account Status Review,Medium,Open,1,1,1,0,0,0,0,0,1,0
2024-10,Residential,BUTTE,Meter Data Investigation,High,Closed,1,1,0,0,1,0,0,1,0,0
2024-10,Residential,BUTTE,Missing Read Investigation,Low,Closed,1,1,0,0,1,0,0,0,0,1
2024-10,Residential,BUTTE,Outage Follow Up,Low,Open,1,1,1,0,0,0,0,0,0,1
2024-10,Residential,CALAVERAS,Meter Data Investigation,Medium,Closed,1,1,0,0,1,0,0,0,1,0
2024-10,Residential,CALAVERAS,Missing Read Investigation,High,Closed,1,1,0,0,1,0,0,1,0,0
2024-10,Residential,CALAVERAS,Missing Read Investigation,Medium,In Progress,1,1,0,1,0,0,0,0,1,0
2024-10,Residential,CONTRA COSTA,Account Status Review,High,Closed,1,1,0,0,1,0,0,1,0,0
2024-10,Residential,CONTRA COSTA,Account Status Review,High,Open,2,2,2,0,0,0,0,2,0,0
2024-10,Residential,CONTRA COSTA,Account Status Review,Low,Closed,1,1,0,0,1,0,0,0,0,1
2024-10,Residential,CONTRA COSTA,Account Status Review,Low,Open,1,1,1,0,0,0,0,0,0,1
2024-10,Residential,CONTRA COSTA,Account Status Review,Medium,Cancelled,1,1,0,0,0,1,0,0,1,0
2024-10,Residential,CONTRA COSTA,Account Status Review,Medium,Closed,6,6,0,0,6,0,0,0,6,0
2024-10,Residential,CONTRA COSTA,Account Status Review,Medium,Open,2,2,2,0,0,0,0,0,2,0
2024-10,Residential,CONTRA COSTA,High Bill Inquiry,High,In Progress,1,1,0,1,0,0,0,1,0,0
2024-10,Residential,CONTRA COSTA,Meter Data Investigation,High,Open,1,1,1,0,0,0,0,1,0,0
2024-10,Residential,CONTRA COSTA,Meter Issue,Low,Closed,1,1,0,0,1,0,0,0,0,1
2024-10,Residential,CONTRA COSTA,Missing Read Investigation,Low,Closed,1,1,0,0,1,0,0,0,0,1
2024-10,Residential,CONTRA COSTA,Missing Read Investigation,Medium,In Progress,1,1,0,1,0,0,0,0,1,0
2024-10,Residential,CONTRA COSTA,Outage Follow Up,Critical,Closed,1,1,0,0,1,0,1,0,0,0
2024-10,Residential,CONTRA COSTA,Rate Plan Change,Medium,Cancelled,1,1,0,0,0,1,0,0,1,0
2024-10,Residential,CONTRA COSTA,Rate Plan Change,Medium,Closed,1,1,0,0,1,0,0,0,1,0
2024-10,Residential,EL DORADO,Account Status Review,Medium,Closed,1,1,0,0,1,0,0,0,1,0
2024-10,Residential,FRESNO,Account Status Review,Low,Closed,2,2,0,0,2,0,0,0,0,2
2024-10,Residential,FRESNO,Account Status Review,Low,Open,2,2,2,0,0,0,0,0,0,2
2024-10,Residential,FRESNO,Account Status Review,Medium,Cancelled,1,1,0,0,0,1,0,0,1,0
2024-10,Residential,FRESNO,Account Status Review,Medium,Closed,1,1,0,0,1,0,0,0,1,0
2024-10,Residential,FRESNO,Account Status Review,Medium,Open,2,2,2,0,0,0,0,0,2,0
2024-10,Residential,FRESNO,High Bill Inquiry,Low,Closed,1,1,0,0,1,0,0,0,0,1
2024-10,Residential,FRESNO,Meter Data Investigation,High,In Progress,1,1,0,1,0,0,0,1,0,0
2024-10,Residential,FRESNO,Meter Data Investigation,Low,Closed,1,1,0,0,1,0,0,0,0,1
2024-10,Residential,FRESNO,Meter Data Investigation,Medium,In Progress,1,1,0,1,0,0,0,0,1,0
2024-10,Residential,FRESNO,Meter Issue,Low,Closed,1,1,0,0,1,0,0,0,0,1
2024-10,Residential,FRESNO,Missing Read Investigation,Medium,Closed,1,1,0,0,1,0,0,0,1,0
2024-10,Residential,FRESNO,Outage Follow Up,High,Closed,1,1,0,0,1,0,0,1,0,0
2024-10,Residential,FRESNO,Outage Follow Up,Low,Closed,1,1,0,0,1,0,0,0,0,1
2024-10,Residential,GLENN,Missing Read Investigation,Medium,Closed,1,1,0,0,1,0,0,0,1,0
2024-10,Residential,KERN,Account Status Review,Critical,Open,1,1,1,0,0,0,1,0,0,0
2024-10,Residential,KERN,Account Status Review,High,Cancelled,1,1,0,0,0,1,0,1,0,0
2024-10,Residential,KERN,Account Status Review,High,Closed,1,1,0,0,1,0,0,1,0,0
2024-10,Residential,KERN,Account Status Review,High,In Progress,1,1,0,1,0,0,0,1,0,0
2024-10,Residential,KERN,Account Status Review,High,Open,1,1,1,0,0,0,0,1,0,0
2024-10,Residential,KERN,Account Status Review,Low,Closed,3,3,0,0,3,0,0,0,0,3
2024-10,Residential,KERN,Account Status Review,Low,In Progress,1,1,0,1,0,0,0,0,0,1
2024-10,Residential,KERN,Account Status Review,Medium,Closed,5,5,0,0,5,0,0,0,5,0
2024-10,Residential,KERN,Account Status Review,Medium,Open,1,1,1,0,0,0,0,0,1,0
2024-10,Residential,KERN,High Bill Inquiry,High,Closed,1,1,0,0,1,0,0,1,0,0
2024-10,Residential,KERN,High Bill Inquiry,Medium,Open,1,1,1,0,0,0,0,0,1,0
2024-10,Residential,KERN,Meter Data Investigation,Medium,In Progress,1,1,0,1,0,0,0,0,1,0
2024-10,Residential,KERN,Meter Issue,Critical,Closed,1,1,0,0,1,0,1,0,0,0
2024-10,Residential,KERN,Missing Read Investigation,Critical,In Progress,1,1,0,1,0,0,1,0,0,0
2024-10,Residential,KERN,Missing Read Investigation,High,Open,1,1,1,0,0,0,0,1,0,0
2024-10,Residential,KERN,Missing Read Investigation,Low,Closed,1,1,0,0,1,0,0,0,0,1
2024-10,Residential,KERN,Missing Read Investigation,Low,In Progress,1,1,0,1,0,0,0,0,0,1
2024-10,Residential,KERN,Missing Read Investigation,Low,Open,1,1,1,0,0,0,0,0,0,1
2024-10,Residential,KERN,Missing Read Investigation,Medium,Closed,2,2,0,0,2,0,0,0,2,0
2024-10,Residential,KERN,Missing Read Investigation,Medium,Open,1,1,1,0,0,0,0,0,1,0
2024-10,Residential,KERN,Outage Follow Up,High,Open,1,1,1,0,0,0,0,1,0,0
2024-10,Residential,KERN,Outage Follow Up,Low,In Progress,1,1,0,1,0,0,0,0,0,1
2024-10,Residential,KERN,Rate Plan Change,High,Closed,1,1,0,0,1,0,0,1,0,0
2024-10,Residential,KERN,Rate Plan Change,Medium,Open,1,1,1,0,0,0,0,0,1,0
2024-10,Residential,KINGS,Account Status Review,Medium,Closed,1,1,0,0,1,0,0,0,1,0
2024-10,Residential,KINGS,Account Status Review,Medium,Open,1,1,1,0,0,0,0,0,1,0
2024-10,Residential,LAKE,Account Status Review,Low,In Progress,1,1,0,1,0,0,0,0,0,1
2024-10,Residential,LAKE,Account Status Review,Medium,Closed,1,1,0,0,1,0,0,0,1,0
2024-10,Residential,MADERA,Account Status Review,Medium,Closed,1,1,0,0,1,0,0,0,1,0
2024-10,Residential,MADERA,Account Status Review,Medium,Open,1,1,1,0,0,0,0,0,1,0
2024-10,Residential,MARIN,Account Status Review,Medium,Closed,1,1,0,0,1,0,0,0,1,0
2024-10,Residential,MENDOCINO,Account Status Review,Low,In Progress,1,1,0,1,0,0,0,0,0,1
2024-10,Residential,MERCED,Account Status Review,Low,Cancelled,1,1,0,0,0,1,0,0,0,1
2024-10,Residential,MERCED,Account Status Review,Low,Closed,1,1,0,0,1,0,0,0,0,1
2024-10,Residential,MERCED,Account Status Review,Medium,Closed,1,1,0,0,1,0,0,0,1,0
2024-10,Residential,MONTEREY,Account Status Review,Critical,Open,1,1,1,0,0,0,1,0,0,0
2024-10,Residential,MONTEREY,Account Status Review,High,Closed,1,1,0,0,1,0,0,1,0,0
2024-10,Residential,MONTEREY,Account Status Review,Medium,Closed,2,2,0,0,2,0,0,0,2,0
2024-10,Residential,MONTEREY,Missing Read Investigation,High,Closed,1,1,0,0,1,0,0,1,0,0
2024-10,Residential,NAPA,Account Status Review,Low,Closed,1,1,0,0,1,0,0,0,0,1
2024-10,Residential,NAPA,Account Status Review,Low,In Progress,1,1,0,1,0,0,0,0,0,1
2024-10,Residential,NAPA,Account Status Review,Medium,Closed,1,1,0,0,1,0,0,0,1,0
2024-10,Residential,NAPA,Account Status Review,Medium,In Progress,1,1,0,1,0,0,0,0,1,0
2024-10,Residential,NAPA,Outage Follow Up,Low,Closed,1,1,0,0,1,0,0,0,0,1
2024-10,Residential,NAPA,Outage Follow Up,Low,In Progress,1,1,0,1,0,0,0,0,0,1
2024-10,Residential,NAPA,Rate Plan Change,Low,Closed,1,1,0,0,1,0,0,0,0,1
2024-10,Residential,NEVADA,Account Status Review,Low,Closed,1,1,0,0,1,0,0,0,0,1
2024-10,Residential,NEVADA,Account Status Review,Medium,Open,1,1,1,0,0,0,0,0,1,0
2024-10,Residential,NEVADA,High Bill Inquiry,Low,Open,1,1,1,0,0,0,0,0,0,1
2024-10,Residential,PLACER,Account Status Review,High,Closed,2,2,0,0,2,0,0,2,0,0
2024-10,Residential,PLACER,Account Status Review,High,Open,1,1,1,0,0,0,0,1,0,0
2024-10,Residential,PLACER,Account Status Review,Low,Closed,2,2,0,0,2,0,0,0,0,2
2024-10,Residential,PLACER,Account Status Review,Low,In Progress,1,1,0,1,0,0,0,0,0,1
2024-10,Residential,PLACER,Account Status Review,Medium,Cancelled,1,1,0,0,0,1,0,0,1,0
2024-10,Residential,PLACER,Account Status Review,Medium,Closed,2,2,0,0,2,0,0,0,2,0
2024-10,Residential,PLACER,Account Status Review,Medium,In Progress,1,1,0,1,0,0,0,0,1,0
2024-10,Residential,PLACER,Missing Read Investigation,High,Open,1,1,1,0,0,0,0,1,0,0
2024-10,Residential,PLACER,Missing Read Investigation,Low,In Progress,1,1,0,1,0,0,0,0,0,1
2024-10,Residential,PLACER,Outage Follow Up,Medium,Closed,1,1,0,0,1,0,0,0,1,0
2024-10,Residential,SAN FRANCISCO,Account Status Review,High,Closed,2,2,0,0,2,0,0,2,0,0
2024-10,Residential,SAN FRANCISCO,Account Status Review,Low,Closed,1,1,0,0,1,0,0,0,0,1
2024-10,Residential,SAN FRANCISCO,Account Status Review,Low,Open,1,1,1,0,0,0,0,0,0,1
2024-10,Residential,SAN FRANCISCO,Meter Data Investigation,Low,Closed,1,1,0,0,1,0,0,0,0,1
2024-10,Residential,SAN FRANCISCO,Meter Data Investigation,Medium,Closed,1,1,0,0,1,0,0,0,1,0
2024-10,Residential,SAN JOAQUIN,Account Status Review,High,In Progress,1,1,0,1,0,0,0,1,0,0
2024-10,Residential,SAN JOAQUIN,Account Status Review,Low,Closed,1,1,0,0,1,0,0,0,0,1
2024-10,Residential,SAN JOAQUIN,Account Status Review,Medium,Closed,2,2,0,0,2,0,0,0,2,0
2024-10,Residential,SAN JOAQUIN,Account Status Review,Medium,In Progress,1,1,0,1,0,0,0,0,1,0
2024-10,Residential,SAN JOAQUIN,High Bill Inquiry,High,Closed,1,1,0,0,1,0,0,1,0,0
2024-10,Residential,SAN JOAQUIN,High Bill Inquiry,Medium,Cancelled,1,1,0,0,0,1,0,0,1,0
2024-10,Residential,SAN JOAQUIN,Missing Read Investigation,Medium,Closed,2,2,0,0,2,0,0,0,2,0
2024-10,Residential,SAN LUIS OBISPO,Account Status Review,High,Closed,1,1,0,0,1,0,0,1,0,0
2024-10,Residential,SAN LUIS OBISPO,Account Status Review,Medium,Closed,1,1,0,0,1,0,0,0,1,0
2024-10,Residential,SAN MATEO,Account Status Review,High,Closed,1,1,0,0,1,0,0,1,0,0
2024-10,Residential,SAN MATEO,Account Status Review,High,Open,2,2,2,0,0,0,0,2,0,0
2024-10,Residential,SAN MATEO,Account Status Review,Medium,Closed,2,2,0,0,2,0,0,0,2,0
2024-10,Residential,SAN MATEO,Account Status Review,Medium,Open,1,1,1,0,0,0,0,0,1,0
2024-10,Residential,SAN MATEO,High Bill Inquiry,Medium,Closed,1,1,0,0,1,0,0,0,1,0
2024-10,Residential,SAN MATEO,High Bill Inquiry,Medium,Open,1,1,1,0,0,0,0,0,1,0
2024-10,Residential,SAN MATEO,Meter Issue,Critical,Closed,1,1,0,0,1,0,1,0,0,0
2024-10,Residential,SAN MATEO,Missing Read Investigation,Medium,Open,1,1,1,0,0,0,0,0,1,0
2024-10,Residential,SANTA BARBARA,Account Status Review,Low,In Progress,1,1,0,1,0,0,0,0,0,1
2024-10,Residential,SANTA BARBARA,Account Status Review,Low,Open,1,1,1,0,0,0,0,0,0,1
2024-10,Residential,SANTA BARBARA,Meter Data Investigation,Critical,Closed,1,1,0,0,1,0,1,0,0,0
2024-10,Residential,SANTA BARBARA,Meter Data Investigation,Low,Closed,1,1,0,0,1,0,0,0,0,1
2024-10,Residential,SANTA CLARA,Account Status Review,High,Closed,1,1,0,0,1,0,0,1,0,0
2024-10,Residential,SANTA CLARA,Account Status Review,High,In Progress,1,1,0,1,0,0,0,1,0,0
2024-10,Residential,SANTA CLARA,Account Status Review,Low,Cancelled,1,1,0,0,0,1,0,0,0,1
2024-10,Residential,SANTA CLARA,Account Status Review,Low,In Progress,1,1,0,1,0,0,0,0,0,1
2024-10,Residential,SANTA CLARA,Account Status Review,Low,Open,2,2,2,0,0,0,0,0,0,2
2024-10,Residential,SANTA CLARA,Account Status Review,Medium,Closed,3,3,0,0,3,0,0,0,3,0
2024-10,Residential,SANTA CLARA,Account Status Review,Medium,Open,1,1,1,0,0,0,0,0,1,0
2024-10,Residential,SANTA CLARA,High Bill Inquiry,High,Closed,1,1,0,0,1,0,0,1,0,0
2024-10,Residential,SANTA CLARA,High Bill Inquiry,Low,Closed,1,1,0,0,1,0,0,0,0,1
2024-10,Residential,SANTA CLARA,High Bill Inquiry,Low,Open,1,1,1,0,0,0,0,0,0,1
2024-10,Residential,SANTA CLARA,Meter Data Investigation,High,Closed,1,1,0,0,1,0,0,1,0,0
2024-10,Residential,SANTA CLARA,Meter Data Investigation,Low,In Progress,1,1,0,1,0,0,0,0,0,1
2024-10,Residential,SANTA CLARA,Meter Issue,Low,Closed,1,1,0,0,1,0,0,0,0,1
2024-10,Residential,SANTA CLARA,Meter Issue,Low,In Progress,1,1,0,1,0,0,0,0,0,1
2024-10,Residential,SANTA CLARA,Meter Issue,Medium,Closed,1,1,0,0,1,0,0,0,1,0
2024-10,Residential,SANTA CLARA,Meter Issue,Medium,In Progress,1,1,0,1,0,0,0,0,1,0
2024-10,Residential,SANTA CLARA,Missing Read Investigation,Low,Open,1,1,1,0,0,0,0,0,0,1
2024-10,Residential,SANTA CLARA,Missing Read Investigation,Medium,Closed,3,3,0,0,3,0,0,0,3,0
2024-10,Residential,SANTA CLARA,Outage Follow Up,Critical,Closed,1,1,0,0,1,0,1,0,0,0
2024-10,Residential,SANTA CLARA,Rate Plan Change,Medium,Open,1,1,1,0,0,0,0,0,1,0
2024-10,Residential,SANTA CRUZ,Account Status Review,Medium,Closed,1,1,0,0,1,0,0,0,1,0
2024-10,Residential,SHASTA,High Bill Inquiry,Medium,Closed,1,1,0,0,1,0,0,0,1,0
2024-10,Residential,SOLANO,Account Status Review,Critical,Closed,1,1,0,0,1,0,1,0,0,0
2024-10,Residential,SOLANO,Account Status Review,Low,Closed,1,1,0,0,1,0,0,0,0,1
2024-10,Residential,SOLANO,Account Status Review,Medium,Closed,1,1,0,0,1,0,0,0,1,0
2024-10,Residential,SOLANO,High Bill Inquiry,Low,Open,1,1,1,0,0,0,0,0,0,1
2024-10,Residential,SOLANO,Meter Data Investigation,Medium,In Progress,1,1,0,1,0,0,0,0,1,0
2024-10,Residential,SOLANO,Outage Follow Up,Low,Closed,1,1,0,0,1,0,0,0,0,1
2024-10,Residential,SOLANO,Outage Follow Up,Medium,In Progress,1,1,0,1,0,0,0,0,1,0
2024-10,Residential,SONOMA,Account Status Review,High,Closed,1,1,0,0,1,0,0,1,0,0
2024-10,Residential,SONOMA,Meter Data Investigation,Low,Closed,1,1,0,0,1,0,0,0,0,1
2024-10,Residential,SONOMA,Missing Read Investigation,Medium,In Progress,2,2,0,2,0,0,0,0,2,0
2024-10,Residential,SUTTER,Account Status Review,High,In Progress,1,1,0,1,0,0,0,1,0,0
2024-10,Residential,SUTTER,Account Status Review,Low,In Progress,1,1,0,1,0,0,0,0,0,1
2024-10,Residential,TUOLUMNE,Outage Follow Up,Medium,Closed,1,1,0,0,1,0,0,0,1,0
2024-10,Residential,YOLO,Account Status Review,High,Closed,1,1,0,0,1,0,0,1,0,0
2024-10,Residential,YOLO,Account Status Review,Low,Closed,1,1,0,0,1,0,0,0,0,1
2024-10,Residential,YUBA,Account Status Review,Low,Open,1,1,1,0,0,0,0,0,0,1
2024-10,Streetlighting,FRESNO,Account Status Review,Low,Cancelled,1,1,0,0,0,1,0,0,0,1
2024-10,"Transportation, Communications, & Utilities",ALAMEDA,Meter Data Investigation,High,Closed,1,1,0,0,1,0,0,1,0,0
2024-10,"Transportation, Communications, & Utilities",CONTRA COSTA,Meter Issue,Medium,Closed,1,1,0,0,1,0,0,0,1,0
2024-10,"Transportation, Communications, & Utilities",SANTA CLARA,Account Status Review,High,In Progress,1,1,0,1,0,0,0,1,0,0
2024-10,"Transportation, Communications, & Utilities",SANTA CLARA,Account Status Review,Low,Closed,1,1,0,0,1,0,0,0,0,1
2024-11,Agriculture And Water Pumping,CONTRA COSTA,Account Status Review,Low,Closed,1,1,0,0,1,0,0,0,0,1
2024-11,Agriculture And Water Pumping,KERN,Account Status Review,High,In Progress,1,1,0,1,0,0,0,1,0,0
2024-11,Agriculture And Water Pumping,KINGS,Account Status Review,High,Closed,1,1,0,0,1,0,0,1,0,0
2024-11,Agriculture And Water Pumping,PLACER,Missing Read Investigation,Medium,Closed,1,1,0,0,1,0,0,0,1,0
2024-11,Commercial,ALAMEDA,Account Status Review,Low,Closed,1,1,0,0,1,0,0,0,0,1
2024-11,Commercial,ALAMEDA,Account Status Review,Medium,Cancelled,1,1,0,0,0,1,0,0,1,0
2024-11,Commercial,ALAMEDA,Meter Data Investigation,Medium,Closed,1,1,0,0,1,0,0,0,1,0
2024-11,Commercial,ALAMEDA,Missing Read Investigation,Medium,In Progress,1,1,0,1,0,0,0,0,1,0
2024-11,Commercial,CONTRA COSTA,Account Status Review,High,Closed,1,1,0,0,1,0,0,1,0,0
2024-11,Commercial,CONTRA COSTA,High Bill Inquiry,Medium,Closed,1,1,0,0,1,0,0,0,1,0
2024-11,Commercial,CONTRA COSTA,Outage Follow Up,Low,In Progress,1,1,0,1,0,0,0,0,0,1
2024-11,Commercial,CONTRA COSTA,Outage Follow Up,Low,Open,1,1,1,0,0,0,0,0,0,1
2024-11,Commercial,FRESNO,Meter Data Investigation,Medium,Closed,1,1,0,0,1,0,0,0,1,0
2024-11,Commercial,HUMBOLDT,Account Status Review,Low,Cancelled,1,1,0,0,0,1,0,0,0,1
2024-11,Commercial,HUMBOLDT,Meter Data Investigation,Low,Closed,1,1,0,0,1,0,0,0,0,1
2024-11,Commercial,KERN,Account Status Review,Low,In Progress,1,1,0,1,0,0,0,0,0,1
2024-11,Commercial,KERN,Missing Read Investigation,Medium,Closed,1,1,0,0,1,0,0,0,1,0
2024-11,Commercial,KERN,Rate Plan Change,High,Closed,1,1,0,0,1,0,0,1,0,0
2024-11,Commercial,KINGS,Missing Read Investigation,Medium,Open,1,1,1,0,0,0,0,0,1,0
2024-11,Commercial,MADERA,Account Status Review,Medium,In Progress,1,1,0,1,0,0,0,0,1,0
2024-11,Commercial,MERCED,Account Status Review,Critical,Closed,1,1,0,0,1,0,1,0,0,0
2024-11,Commercial,MERCED,High Bill Inquiry,Low,Open,1,1,1,0,0,0,0,0,0,1
2024-11,Commercial,NAPA,Missing Read Investigation,Medium,Open,1,1,1,0,0,0,0,0,1,0
2024-11,Commercial,PLACER,Account Status Review,High,Closed,1,1,0,0,1,0,0,1,0,0
2024-11,Commercial,PLACER,Account Status Review,Medium,Closed,1,1,0,0,1,0,0,0,1,0
2024-11,Commercial,PLACER,Missing Read Investigation,Medium,Cancelled,1,1,0,0,0,1,0,0,1,0
2024-11,Commercial,PLACER,Outage Follow Up,Medium,Closed,1,1,0,0,1,0,0,0,1,0
2024-11,Commercial,SAN JOAQUIN,Meter Data Investigation,Medium,In Progress,1,1,0,1,0,0,0,0,1,0
2024-11,Commercial,SAN JOAQUIN,Missing Read Investigation,Low,In Progress,1,1,0,1,0,0,0,0,0,1
2024-11,Commercial,SAN JOAQUIN,Rate Plan Change,Critical,Closed,1,1,0,0,1,0,1,0,0,0
2024-11,Commercial,SAN MATEO,High Bill Inquiry,Medium,Closed,1,1,0,0,1,0,0,0,1,0
2024-11,Commercial,SANTA BARBARA,Account Status Review,Medium,In Progress,1,1,0,1,0,0,0,0,1,0
2024-11,Commercial,SANTA CLARA,Account Status Review,High,Closed,1,1,0,0,1,0,0,1,0,0
2024-11,Commercial,SANTA CLARA,Account Status Review,Low,Closed,1,1,0,0,1,0,0,0,0,1
2024-11,Commercial,SANTA CLARA,Account Status Review,Medium,Cancelled,1,1,0,0,0,1,0,0,1,0
2024-11,Commercial,SANTA CLARA,Account Status Review,Medium,Open,1,1,1,0,0,0,0,0,1,0
2024-11,Commercial,SANTA CLARA,High Bill Inquiry,Medium,Open,1,1,1,0,0,0,0,0,1,0
2024-11,Commercial,SANTA CLARA,Meter Issue,Medium,Closed,1,1,0,0,1,0,0,0,1,0
2024-11,Commercial,SANTA CLARA,Missing Read Investigation,Medium,Cancelled,1,1,0,0,0,1,0,0,1,0
2024-11,Commercial,SANTA CLARA,Missing Read Investigation,Medium,Closed,1,1,0,0,1,0,0,0,1,0
2024-11,Industrial,ALAMEDA,Account Status Review,High,Closed,1,1,0,0,1,0,0,1,0,0
2024-11,Industrial,CALAVERAS,Account Status Review,Medium,Open,1,1,1,0,0,0,0,0,1,0
2024-11,Industrial,FRESNO,Account Status Review,Medium,Closed,1,1,0,0,1,0,0,0,1,0
2024-11,Industrial,KERN,Account Status Review,Low,Cancelled,1,1,0,0,0,1,0,0,0,1
2024-11,Industrial,KERN,High Bill Inquiry,Medium,Closed,1,1,0,0,1,0,0,0,1,0
2024-11,Industrial,MARIN,Missing Read Investigation,Medium,Open,1,1,1,0,0,0,0,0,1,0
2024-11,Industrial,SAN JOAQUIN,Account Status Review,High,Closed,1,1,0,0,1,0,0,1,0,0
2024-11,Industrial,SAN JOAQUIN,Missing Read Investigation,Medium,Closed,1,1,0,0,1,0,0,0,1,0
2024-11,Industrial,SANTA BARBARA,Missing Read Investigation,Low,Open,1,1,1,0,0,0,0,0,0,1
2024-11,Industrial,SANTA CLARA,Missing Read Investigation,Medium,Open,1,1,1,0,0,0,0,0,1,0
2024-11,Mining,FRESNO,Account Status Review,Low,Cancelled,1,1,0,0,0,1,0,0,0,1
2024-11,Mining,SANTA CLARA,Account Status Review,Medium,Closed,1,1,0,0,1,0,0,0,1,0
2024-11,Residential,ALAMEDA,Account Status Review,High,Closed,1,1,0,0,1,0,0,1,0,0
2024-11,Residential,ALAMEDA,Account Status Review,High,In Progress,1,1,0,1,0,0,0,1,0,0
2024-11,Residential,ALAMEDA,Account Status Review,High,Open,1,1,1,0,0,0,0,1,0,0
2024-11,Residential,ALAMEDA,Account Status Review,Low,In Progress,1,1,0,1,0,0,0,0,0,1
2024-11,Residential,ALAMEDA,Account Status Review,Medium,Closed,3,3,0,0,3,0,0,0,3,0
2024-11,Residential,ALAMEDA,Account Status Review,Medium,Open,3,3,3,0,0,0,0,0,3,0
2024-11,Residential,ALAMEDA,High Bill Inquiry,Low,In Progress,1,1,0,1,0,0,0,0,0,1
2024-11,Residential,ALAMEDA,Meter Data Investigation,High,Open,1,1,1,0,0,0,0,1,0,0
2024-11,Residential,ALAMEDA,Meter Data Investigation,Low,Closed,1,1,0,0,1,0,0,0,0,1
2024-11,Residential,ALAMEDA,Meter Data Investigation,Medium,Closed,1,1,0,0,1,0,0,0,1,0
2024-11,Residential,ALAMEDA,Meter Data Investigation,Medium,Open,1,1,1,0,0,0,0,0,1,0
2024-11,Residential,ALAMEDA,Meter Issue,Critical,Closed,1,1,0,0,1,0,1,0,0,0
2024-11,Residential,ALAMEDA,Missing Read Investigation,High,In Progress,1,1,0,1,0,0,0,1,0,0
2024-11,Residential,ALAMEDA,Missing Read Investigation,Medium,Cancelled,1,1,0,0,0,1,0,0,1,0
2024-11,Residential,AMADOR,Account Status Review,Critical,Closed,1,1,0,0,1,0,1,0,0,0
2024-11,Residential,BUTTE,Account Status Review,Medium,Cancelled,1,1,0,0,0,1,0,0,1,0
2024-11,Residential,BUTTE,Account Status Review,Medium,Closed,1,1,0,0,1,0,0,0,1,0
2024-11,Residential,CALAVERAS,Account Status Review,Medium,Cancelled,1,1,0,0,0,1,0,0,1,0
2024-11,Residential,COLUSA,Missing Read Investigation,Low,Closed,1,1,0,0,1,0,0,0,0,1
2024-11,Residential,CONTRA COSTA,Account Status Review,High,Open,1,1,1,0,0,0,0,1,0,0
2024-11,Residential,CONTRA COSTA,Account Status Review,Low,Closed,4,4,0,0,4,0,0,0,0,4
2024-11,Residential,CONTRA COSTA,Account Status Review,Low,In Progress,1,1,0,1,0,0,0,0,0,1
2024-11,Residential,CONTRA COSTA,Account Status Review,Low,Open,1,1,1,0,0,0,0,0,0,1
2024-11,Residential,CONTRA COSTA,Account Status Review,Medium,Closed,1,1,0,0,1,0,0,0,1,0
2024-11,Residential,CONTRA COSTA,Account Status Review,Medium,In Progress,1,1,0,1,0,0,0,0,1,0
2024-11,Residential,CONTRA COSTA,Account Status Review,Medium,Open,2,2,2,0,0,0,0,0,2,0
2024-11,Residential,CONTRA COSTA,High Bill Inquiry,Medium,Open,1,1,1,0,0,0,0,0,1,0
2024-11,Residential,CONTRA COSTA,Meter Issue,Medium,Open,1,1,1,0,0,0,0,0,1,0
2024-11,Residential,CONTRA COSTA,Missing Read Investigation,Medium,Closed,1,1,0,0,1,0,0,0,1,0
2024-11,Residential,CONTRA COSTA,Missing Read Investigation,Medium,In Progress,2,2,0,2,0,0,0,0,2,0
2024-11,Residential,EL DORADO,Account Status Review,High,Closed,1,1,0,0,1,0,0,1,0,0
2024-11,Residential,EL DORADO,Account Status Review,Low,Closed,1,1,0,0,1,0,0,0,0,1
2024-11,Residential,EL DORADO,Missing Read Investigation,Medium,Closed,1,1,0,0,1,0,0,0,1,0
2024-11,Residential,FRESNO,Account Status Review,High,Closed,1,1,0,0,1,0,0,1,0,0
2024-11,Residential,FRESNO,Account Status Review,Low,Closed,1,1,0,0,1,0,0,0,0,1
2024-11,Residential,FRESNO,Account Status Review,Low,Open,1,1,1,0,0,0,0,0,0,1
2024-11,Residential,FRESNO,Account Status Review,Medium,Closed,1,1,0,0,1,0,0,0,1,0
2024-11,Residential,FRESNO,Account Status Review,Medium,Open,1,1,1,0,0,0,0,0,1,0
2024-11,Residential,FRESNO,High Bill Inquiry,Low,Cancelled,1,1,0,0,0,1,0,0,0,1
2024-11,Residential,FRESNO,High Bill Inquiry,Low,In Progress,1,1,0,1,0,0,0,0,0,1
2024-11,Residential,FRESNO,Missing Read Investigation,High,Closed,1,1,0,0,1,0,0,1,0,0
2024-11,Residential,FRESNO,Outage Follow Up,Medium,Closed,1,1,0,0,1,0,0,0,1,0
2024-11,Residential,GLENN,Account Status Review,Low,Closed,1,1,0,0,1,0,0,0,0,1
2024-11,Residential,HUMBOLDT,Missing Read Investigation,Medium,Closed,1,1,0,0,1,0,0,0,1,0
2024-11,Residential,KERN,Account Status Review,Critical,Closed,1,1,0,0,1,0,1,0,0,0
2024-11,Residential,KERN,Account Status Review,Critical,Open,1,1,1,0,0,0,1,0,0,0
2024-11,Residential,KERN,Account Status Review,High,Closed,2,2,0,0,2,0,0,2,0,0
2024-11,Residential,KERN,Account Status Review,High,In Progress,1,1,0,1,0,0,0,1,0,0
2024-11,Residential,KERN,Account Status Review,High,Open,1,1,1,0,0,0,0,1,0,0
2024-11,Residential,KERN,Account Status Review,Low,Cancelled,1,1,0,0,0,1,0,0,0,1
2024-11,Residential,KERN,Account Status Review,Low,Closed,5,5,0,0,5,0,0,0,0,5
2024-11,Residential,KERN,Account Status Review,Low,Open,1,1,1,0,0,0,0,0,0,1
2024-11,Residential,KERN,Account Status Review,Medium,Closed,3,3,0,0,3,0,0,0,3,0
2024-11,Residential,KERN,Account Status Review,Medium,In Progress,2,2,0,2,0,0,0,0,2,0
2024-11,Residential,KERN,Account Status Review,Medium,Open,1,1,1,0,0,0,0,0,1,0
2024-11,Residential,KERN,High Bill Inquiry,Medium,Cancelled,1,1,0,0,0,1,0,0,1,0
2024-11,Residential,KERN,High Bill Inquiry,Medium,Closed,3,3,0,0,3,0,0,0,3,0
2024-11,Residential,KERN,Meter Data Investigation,High,Open,1,1,1,0,0,0,0,1,0,0
2024-11,Residential,KERN,Meter Data Investigation,Low,Open,1,1,1,0,0,0,0,0,0,1
2024-11,Residential,KERN,Meter Issue,Medium,Closed,1,1,0,0,1,0,0,0,1,0
2024-11,Residential,KERN,Missing Read Investigation,High,Closed,2,2,0,0,2,0,0,2,0,0
2024-11,Residential,KERN,Missing Read Investigation,Medium,Closed,1,1,0,0,1,0,0,0,1,0
2024-11,Residential,KERN,Outage Follow Up,Low,Closed,1,1,0,0,1,0,0,0,0,1
2024-11,Residential,KERN,Rate Plan Change,Critical,Closed,1,1,0,0,1,0,1,0,0,0
2024-11,Residential,KINGS,High Bill Inquiry,Low,Open,1,1,1,0,0,0,0,0,0,1
2024-11,Residential,LAKE,Account Status Review,Low,In Progress,1,1,0,1,0,0,0,0,0,1
2024-11,Residential,MARIN,Missing Read Investigation,Low,Closed,1,1,0,0,1,0,0,0,0,1
2024-11,Residential,MARIN,Missing Read Investigation,Medium,Closed,1,1,0,0,1,0,0,0,1,0
2024-11,Residential,MERCED,Account Status Review,Critical,Closed,1,1,0,0,1,0,1,0,0,0
2024-11,Residential,MERCED,Account Status Review,High,Open,1,1,1,0,0,0,0,1,0,0
2024-11,Residential,MERCED,Account Status Review,Low,Closed,1,1,0,0,1,0,0,0,0,1
2024-11,Residential,MERCED,Account Status Review,Medium,Closed,1,1,0,0,1,0,0,0,1,0
2024-11,Residential,MERCED,Outage Follow Up,High,Cancelled,1,1,0,0,0,1,0,1,0,0
2024-11,Residential,MERCED,Rate Plan Change,Medium,In Progress,1,1,0,1,0,0,0,0,1,0
2024-11,Residential,MONTEREY,Account Status Review,Medium,Closed,1,1,0,0,1,0,0,0,1,0
2024-11,Residential,MONTEREY,Account Status Review,Medium,Open,1,1,1,0,0,0,0,0,1,0
2024-11,Residential,NAPA,Account Status Review,High,Closed,1,1,0,0,1,0,0,1,0,0
2024-11,Residential,NAPA,Account Status Review,Medium,Closed,1,1,0,0,1,0,0,0,1,0
2024-11,Residential,NAPA,Missing Read Investigation,Medium,In Progress,1,1,0,1,0,0,0,0,1,0
2024-11,Residential,NAPA,Missing Read Investigation,Medium,Open,1,1,1,0,0,0,0,0,1,0
2024-11,Residential,NEVADA,Account Status Review,High,Closed,1,1,0,0,1,0,0,1,0,0
2024-11,Residential,NEVADA,Account Status Review,Medium,Closed,1,1,0,0,1,0,0,0,1,0
2024-11,Residential,NEVADA,Missing Read Investigation,Critical,Closed,1,1,0,0,1,0,1,0,0,0
2024-11,Residential,NEVADA,Outage Follow Up,Low,Open,1,1,1,0,0,0,0,0,0,1
2024-11,Residential,PLACER,Account Status Review,Critical,Open,1,1,1,0,0,0,1,0,0,0
2024-11,Residential,PLACER,Account Status Review,High,Closed,1,1,0,0,1,0,0,1,0,0
2024-11,Residential,PLACER,Account Status Review,Low,Closed,1,1,0,0,1,0,0,0,0,1
2024-11,Residential,PLACER,Account Status Review,Medium,Closed,4,4,0,0,4,0,0,0,4,0
2024-11,Residential,PLACER,Account Status Review,Medium,In Progress,1,1,0,1,0,0,0,0,1,0
2024-11,Residential,PLACER,Missing Read Investigation,Low,Open,1,1,1,0,0,0,0,0,0,1
2024-11,Residential,SAN FRANCISCO,Account Status Review,High,Cancelled,1,1,0,0,0,1,0,1,0,0
2024-11,Residential,SAN FRANCISCO,Account Status Review,Low,Closed,1,1,0,0,1,0,0,0,0,1
2024-11,Residential,SAN FRANCISCO,Account Status Review,Low,In Progress,1,1,0,1,0,0,0,0,0,1
2024-11,Residential,SAN FRANCISCO,Meter Data Investigation,High,Closed,1,1,0,0,1,0,0,1,0,0
2024-11,Residential,SAN FRANCISCO,Meter Data Investigation,Low,Closed,1,1,0,0,1,0,0,0,0,1
2024-11,Residential,SAN FRANCISCO,Missing Read Investigation,Medium,In Progress,1,1,0,1,0,0,0,0,1,0
2024-11,Residential,SAN FRANCISCO,Missing Read Investigation,Medium,Open,1,1,1,0,0,0,0,0,1,0
2024-11,Residential,SAN JOAQUIN,Account Status Review,High,Open,2,2,2,0,0,0,0,2,0,0
2024-11,Residential,SAN JOAQUIN,Account Status Review,Low,In Progress,1,1,0,1,0,0,0,0,0,1
2024-11,Residential,SAN JOAQUIN,Account Status Review,Medium,Closed,1,1,0,0,1,0,0,0,1,0
2024-11,Residential,SAN JOAQUIN,Account Status Review,Medium,Open,1,1,1,0,0,0,0,0,1,0
2024-11,Residential,SAN JOAQUIN,Meter Data Investigation,High,Closed,1,1,0,0,1,0,0,1,0,0
2024-11,Residential,SAN JOAQUIN,Meter Data Investigation,Medium,Closed,1,1,0,0,1,0,0,0,1,0
2024-11,Residential,SAN JOAQUIN,Missing Read Investigation,Low,Closed,1,1,0,0,1,0,0,0,0,1
2024-11,Residential,SAN JOAQUIN,Missing Read Investigation,Medium,Closed,1,1,0,0,1,0,0,0,1,0
2024-11,Residential,SAN JOAQUIN,Missing Read Investigation,Medium,Open,1,1,1,0,0,0,0,0,1,0
2024-11,Residential,SAN JOAQUIN,Rate Plan Change,High,Closed,1,1,0,0,1,0,0,1,0,0
2024-11,Residential,SAN JOAQUIN,Rate Plan Change,Medium,Open,1,1,1,0,0,0,0,0,1,0
2024-11,Residential,SAN LUIS OBISPO,Account Status Review,Critical,In Progress,1,1,0,1,0,0,1,0,0,0
2024-11,Residential,SAN LUIS OBISPO,Account Status Review,Low,Closed,1,1,0,0,1,0,0,0,0,1
2024-11,Residential,SAN LUIS OBISPO,Missing Read Investigation,High,In Progress,1,1,0,1,0,0,0,1,0,0
2024-11,Residential,SAN LUIS OBISPO,Missing Read Investigation,Medium,Closed,1,1,0,0,1,0,0,0,1,0
2024-11,Residential,SAN MATEO,Account Status Review,Critical,Closed,1,1,0,0,1,0,1,0,0,0
2024-11,Residential,SAN MATEO,Account Status Review,Critical,In Progress,1,1,0,1,0,0,1,0,0,0
2024-11,Residential,SAN MATEO,Account Status Review,High,Open,1,1,1,0,0,0,0,1,0,0
2024-11,Residential,SAN MATEO,Account Status Review,Low,Cancelled,1,1,0,0,0,1,0,0,0,1
2024-11,Residential,SAN MATEO,Account Status Review,Low,Open,1,1,1,0,0,0,0,0,0,1
2024-11,Residential,SAN MATEO,Account Status Review,Medium,In Progress,1,1,0,1,0,0,0,0,1,0
2024-11,Residential,SAN MATEO,Meter Data Investigation,Medium,Cancelled,1,1,0,0,0,1,0,0,1,0
2024-11,Residential,SAN MATEO,Meter Data Investigation,Medium,Closed,1,1,0,0,1,0,0,0,1,0
2024-11,Residential,SAN MATEO,Missing Read Investigation,High,In Progress,1,1,0,1,0,0,0,1,0,0
2024-11,Residential,SAN MATEO,Missing Read Investigation,Low,In Progress,1,1,0,1,0,0,0,0,0,1
2024-11,Residential,SAN MATEO,Missing Read Investigation,Medium,Closed,1,1,0,0,1,0,0,0,1,0
2024-11,Residential,SANTA BARBARA,Account Status Review,Critical,In Progress,1,1,0,1,0,0,1,0,0,0
2024-11,Residential,SANTA BARBARA,Meter Data Investigation,Critical,Cancelled,1,1,0,0,0,1,1,0,0,0
2024-11,Residential,SANTA BARBARA,Meter Data Investigation,Low,In Progress,1,1,0,1,0,0,0,0,0,1
2024-11,Residential,SANTA CLARA,Account Status Review,Critical,Cancelled,1,1,0,0,0,1,1,0,0,0
2024-11,Residential,SANTA CLARA,Account Status Review,Critical,Closed,1,1,0,0,1,0,1,0,0,0
2024-11,Residential,SANTA CLARA,Account Status Review,High,Closed,3,3,0,0,3,0,0,3,0,0
2024-11,Residential,SANTA CLARA,Account Status Review,High,Open,1,1,1,0,0,0,0,1,0,0
2024-11,Residential,SANTA CLARA,Account Status Review,Low,Closed,3,3,0,0,3,0,0,0,0,3
2024-11,Residential,SANTA CLARA,Account Status Review,Low,In Progress,3,3,0,3,0,0,0,0,0,3
2024-11,Residential,SANTA CLARA,Account Status Review,Low,Open,2,2,2,0,0,0,0,0,0,2
2024-11,Residential,SANTA CLARA,Account Status Review,Medium,Closed,5,5,0,0,5,0,0,0,5,0
2024-11,Residential,SANTA CLARA,Account Status Review,Medium,In Progress,2,2,0,2,0,0,0,0,2,0
2024-11,Residential,SANTA CLARA,High Bill Inquiry,Medium,In Progress,1,1,0,1,0,0,0,0,1,0
2024-11,Residential,SANTA CLARA,Meter Data Investigation,High,Closed,2,2,0,0,2,0,0,2,0,0
2024-11,Residential,SANTA CLARA,Meter Data Investigation,High,In Progress,1,1,0,1,0,0,0,1,0,0
2024-11,Residential,SANTA CLARA,Meter Data Investigation,Low,Closed,1,1,0,0,1,0,0,0,0,1
2024-11,Residential,SANTA CLARA,Meter Data Investigation,Low,Open,1,1,1,0,0,0,0,0,0,1
2024-11,Residential,SANTA CLARA,Meter Data Investigation,Medium,Closed,1,1,0,0,1,0,0,0,1,0
2024-11,Residential,SANTA CLARA,Meter Data Investigation,Medium,Open,1,1,1,0,0,0,0,0,1,0
2024-11,Residential,SANTA CLARA,Meter Issue,High,Closed,1,1,0,0,1,0,0,1,0,0
2024-11,Residential,SANTA CLARA,Missing Read Investigation,High,Cancelled,1,1,0,0,0,1,0,1,0,0
2024-11,Residential,SANTA CLARA,Missing Read Investigation,High,Closed,1,1,0,0,1,0,0,1,0,0
2024-11,Residential,SANTA CLARA,Missing Read Investigation,High,In Progress,1,1,0,1,0,0,0,1,0,0
2024-11,Residential,SANTA CLARA,Missing Read Investigation,High,Open,1,1,1,0,0,0,0,1,0,0
2024-11,Residential,SANTA CLARA,Missing Read Investigation,Low,Open,1,1,1,0,0,0,0,0,0,1
2024-11,Residential,SANTA CLARA,Missing Read Investigation,Medium,Closed,3,3,0,0,3,0,0,0,3,0
2024-11,Residential,SANTA CLARA,Missing Read Investigation,Medium,Open,1,1,1,0,0,0,0,0,1,0
2024-11,Residential,SANTA CLARA,Outage Follow Up,Low,In Progress,1,1,0,1,0,0,0,0,0,1
2024-11,Residential,SANTA CLARA,Rate Plan Change,Critical,In Progress,1,1,0,1,0,0,1,0,0,0
2024-11,Residential,SANTA CLARA,Rate Plan Change,High,In Progress,1,1,0,1,0,0,0,1,0,0
2024-11,Residential,SANTA CRUZ,Meter Data Investigation,Medium,Open,1,1,1,0,0,0,0,0,1,0
2024-11,Residential,SHASTA,Account Status Review,Medium,Closed,1,1,0,0,1,0,0,0,1,0
2024-11,Residential,SOLANO,Account Status Review,Medium,Open,1,1,1,0,0,0,0,0,1,0
2024-11,Residential,SOLANO,Missing Read Investigation,Low,Open,1,1,1,0,0,0,0,0,0,1
2024-11,Residential,SONOMA,Account Status Review,Low,Closed,1,1,0,0,1,0,0,0,0,1
2024-11,Residential,SONOMA,Account Status Review,Medium,Closed,1,1,0,0,1,0,0,0,1,0
2024-11,Residential,SONOMA,Account Status Review,Medium,Open,1,1,1,0,0,0,0,0,1,0
2024-11,Residential,SUTTER,Account Status Review,Low,Closed,1,1,0,0,1,0,0,0,0,1
2024-11,Residential,SUTTER,Account Status Review,Medium,Cancelled,1,1,0,0,0,1,0,0,1,0
2024-11,Residential,SUTTER,Missing Read Investigation,Critical,Closed,1,1,0,0,1,0,1,0,0,0
2024-11,Residential,SUTTER,Missing Read Investigation,High,In Progress,1,1,0,1,0,0,0,1,0,0
2024-11,Residential,YOLO,Account Status Review,Medium,Closed,1,1,0,0,1,0,0,0,1,0
2024-11,Residential,YOLO,Account Status Review,Medium,In Progress,1,1,0,1,0,0,0,0,1,0
2024-11,Residential,YOLO,Missing Read Investigation,High,Closed,1,1,0,0,1,0,0,1,0,0
2024-11,Residential,YUBA,Account Status Review,Low,Closed,1,1,0,0,1,0,0,0,0,1
2024-11,"Transportation, Communications, & Utilities",BUTTE,Missing Read Investigation,Medium,Open,1,1,1,0,0,0,0,0,1,0
2024-11,"Transportation, Communications, & Utilities",MONTEREY,Outage Follow Up,Medium,Cancelled,1,1,0,0,0,1,0,0,1,0
2024-11,"Transportation, Communications, & Utilities",SAN MATEO,Account Status Review,Medium,Open,1,1,1,0,0,0,0,0,1,0
2024-11,"Transportation, Communications, & Utilities",SANTA CLARA,Account Status Review,Medium,Closed,2,2,0,0,2,0,0,0,2,0
2024-12,Agriculture And Water Pumping,ALAMEDA,Account Status Review,Medium,Closed,1,1,0,0,1,0,0,0,1,0
2024-12,Agriculture And Water Pumping,CONTRA COSTA,Account Status Review,Medium,Cancelled,1,1,0,0,0,1,0,0,1,0
2024-12,Agriculture And Water Pumping,KERN,Account Status Review,Critical,Closed,1,1,0,0,1,0,1,0,0,0
2024-12,Agriculture And Water Pumping,KINGS,Account Status Review,Low,Closed,1,1,0,0,1,0,0,0,0,1
2024-12,Commercial,ALAMEDA,Account Status Review,Critical,In Progress,1,1,0,1,0,0,1,0,0,0
2024-12,Commercial,ALAMEDA,Account Status Review,Low,Closed,1,1,0,0,1,0,0,0,0,1
2024-12,Commercial,ALAMEDA,Account Status Review,Low,In Progress,1,1,0,1,0,0,0,0,0,1
2024-12,Commercial,ALAMEDA,Meter Data Investigation,Low,Open,1,1,1,0,0,0,0,0,0,1
2024-12,Commercial,CONTRA COSTA,Missing Read Investigation,Critical,In Progress,1,1,0,1,0,0,1,0,0,0
2024-12,Commercial,CONTRA COSTA,Outage Follow Up,Critical,Closed,1,1,0,0,1,0,1,0,0,0
2024-12,Commercial,GLENN,Account Status Review,Medium,Closed,1,1,0,0,1,0,0,0,1,0
2024-12,Commercial,HUMBOLDT,Account Status Review,Low,Open,1,1,1,0,0,0,0,0,0,1
2024-12,Commercial,KERN,Account Status Review,Low,Closed,1,1,0,0,1,0,0,0,0,1
2024-12,Commercial,KERN,Account Status Review,Medium,Closed,1,1,0,0,1,0,0,0,1,0
2024-12,Commercial,MADERA,Account Status Review,Medium,Closed,1,1,0,0,1,0,0,0,1,0
2024-12,Commercial,MARIN,Missing Read Investigation,Low,Closed,1,1,0,0,1,0,0,0,0,1
2024-12,Commercial,MERCED,Account Status Review,Medium,Closed,1,1,0,0,1,0,0,0,1,0
2024-12,Commercial,PLACER,Account Status Review,Medium,Closed,1,1,0,0,1,0,0,0,1,0
2024-12,Commercial,SAN JOAQUIN,Meter Issue,Medium,Cancelled,1,1,0,0,0,1,0,0,1,0
2024-12,Commercial,SAN JOAQUIN,Outage Follow Up,Low,Open,1,1,1,0,0,0,0,0,0,1
2024-12,Commercial,SAN MATEO,High Bill Inquiry,High,Closed,1,1,0,0,1,0,0,1,0,0
2024-12,Commercial,SANTA CLARA,Account Status Review,Medium,Closed,1,1,0,0,1,0,0,0,1,0
2024-12,Commercial,SANTA CLARA,Account Status Review,Medium,Open,2,2,2,0,0,0,0,0,2,0
2024-12,Commercial,SANTA CLARA,High Bill Inquiry,Low,In Progress,1,1,0,1,0,0,0,0,0,1
2024-12,Commercial,SANTA CRUZ,High Bill Inquiry,Low,Closed,1,1,0,0,1,0,0,0,0,1
2024-12,Commercial,SOLANO,Account Status Review,Medium,Open,1,1,1,0,0,0,0,0,1,0
2024-12,Commercial,TUOLUMNE,Account Status Review,Medium,In Progress,1,1,0,1,0,0,0,0,1,0
2024-12,Industrial,ALAMEDA,Meter Data Investigation,Medium,Closed,1,1,0,0,1,0,0,0,1,0
2024-12,Industrial,CALAVERAS,Account Status Review,High,Cancelled,1,1,0,0,0,1,0,1,0,0
2024-12,Industrial,FRESNO,Account Status Review,Medium,Closed,1,1,0,0,1,0,0,0,1,0
2024-12,Industrial,HUMBOLDT,Account Status Review,Medium,In Progress,1,1,0,1,0,0,0,0,1,0
2024-12,Industrial,KERN,Missing Read Investigation,High,Closed,1,1,0,0,1,0,0,1,0,0
2024-12,Industrial,SAN FRANCISCO,Account Status Review,Medium,In Progress,1,1,0,1,0,0,0,0,1,0
2024-12,Industrial,SAN JOAQUIN,Account Status Review,Low,Closed,1,1,0,0,1,0,0,0,0,1
2024-12,Industrial,SAN JOAQUIN,Outage Follow Up,Medium,Open,1,1,1,0,0,0,0,0,1,0
2024-12,Industrial,SANTA BARBARA,Meter Data Investigation,Medium,Closed,1,1,0,0,1,0,0,0,1,0
2024-12,Industrial,SOLANO,Account Status Review,Medium,Closed,1,1,0,0,1,0,0,0,1,0
2024-12,Mining,SANTA CLARA,Account Status Review,Low,Open,1,1,1,0,0,0,0,0,0,1
2024-12,Residential,ALAMEDA,Account Status Review,High,In Progress,1,1,0,1,0,0,0,1,0,0
2024-12,Residential,ALAMEDA,Account Status Review,Low,Closed,4,4,0,0,4,0,0,0,0,4
2024-12,Residential,ALAMEDA,Account Status Review,Medium,Closed,3,3,0,0,3,0,0,0,3,0
2024-12,Residential,ALAMEDA,Account Status Review,Medium,In Progress,1,1,0,1,0,0,0,0,1,0
2024-12,Residential,ALAMEDA,Account Status Review,Medium,Open,1,1,1,0,0,0,0,0,1,0
2024-12,Residential,ALAMEDA,High Bill Inquiry,Low,Open,1,1,1,0,0,0,0,0,0,1
2024-12,Residential,ALAMEDA,Meter Data Investigation,Low,Open,1,1,1,0,0,0,0,0,0,1
2024-12,Residential,ALAMEDA,Meter Data Investigation,Medium,Closed,1,1,0,0,1,0,0,0,1,0
2024-12,Residential,ALAMEDA,Meter Issue,Low,Open,1,1,1,0,0,0,0,0,0,1
2024-12,Residential,ALAMEDA,Missing Read Investigation,Critical,Closed,1,1,0,0,1,0,1,0,0,0
2024-12,Residential,ALAMEDA,Missing Read Investigation,Low,Closed,1,1,0,0,1,0,0,0,0,1
2024-12,Residential,ALAMEDA,Missing Read Investigation,Medium,Closed,1,1,0,0,1,0,0,0,1,0
2024-12,Residential,ALAMEDA,Outage Follow Up,Medium,Closed,3,3,0,0,3,0,0,0,3,0
2024-12,Residential,ALAMEDA,Outage Follow Up,Medium,In Progress,1,1,0,1,0,0,0,0,1,0
2024-12,Residential,AMADOR,Missing Read Investigation,Medium,Closed,1,1,0,0,1,0,0,0,1,0
2024-12,Residential,BUTTE,Account Status Review,High,Closed,1,1,0,0,1,0,0,1,0,0
2024-12,Residential,BUTTE,Account Status Review,Medium,Closed,1,1,0,0,1,0,0,0,1,0
2024-12,Residential,CALAVERAS,Meter Data Investigation,High,Closed,1,1,0,0,1,0,0,1,0,0
2024-12,Residential,CALAVERAS,Meter Data Investigation,High,In Progress,1,1,0,1,0,0,0,1,0,0
2024-12,Residential,COLUSA,Account Status Review,Medium,In Progress,1,1,0,1,0,0,0,0,1,0
2024-12,Residential,CONTRA COSTA,Account Status Review,Critical,Closed,1,1,0,0,1,0,1,0,0,0
2024-12,Residential,CONTRA COSTA,Account Status Review,Critical,Open,1,1,1,0,0,0,1,0,0,0
2024-12,Residential,CONTRA COSTA,Account Status Review,High,Closed,3,3,0,0,3,0,0,3,0,0
2024-12,Residential,CONTRA COSTA,Account Status Review,Low,Cancelled,1,1,0,0,0,1,0,0,0,1
2024-12,Residential,CONTRA COSTA,Account Status Review,Low,Closed,2,2,0,0,2,0,0,0,0,2
2024-12,Residential,CONTRA COSTA,Account Status Review,Medium,Closed,2,2,0,0,2,0,0,0,2,0
2024-12,Residential,CONTRA COSTA,Account Status Review,Medium,In Progress,1,1,0,1,0,0,0,0,1,0
2024-12,Residential,CONTRA COSTA,Account Status Review,Medium,Open,2,2,2,0,0,0,0,0,2,0
2024-12,Residential,CONTRA COSTA,High Bill Inquiry,High,In Progress,1,1,0,1,0,0,0,1,0,0
2024-12,Residential,CONTRA COSTA,High Bill Inquiry,Low,Closed,1,1,0,0,1,0,0,0,0,1
2024-12,Residential,CONTRA COSTA,High Bill Inquiry,Low,Open,1,1,1,0,0,0,0,0,0,1
2024-12,Residential,CONTRA COSTA,Meter Data Investigation,Low,Open,1,1,1,0,0,0,0,0,0,1
2024-12,Residential,CONTRA COSTA,Meter Data Investigation,Medium,Open,1,1,1,0,0,0,0,0,1,0
2024-12,Residential,CONTRA COSTA,Meter Issue,Medium,Closed,1,1,0,0,1,0,0,0,1,0
2024-12,Residential,CONTRA COSTA,Missing Read Investigation,Medium,Open,1,1,1,0,0,0,0,0,1,0
2024-12,Residential,EL DORADO,Account Status Review,High,In Progress,1,1,0,1,0,0,0,1,0,0
2024-12,Residential,FRESNO,Account Status Review,Critical,Open,1,1,1,0,0,0,1,0,0,0
2024-12,Residential,FRESNO,Account Status Review,Low,Closed,1,1,0,0,1,0,0,0,0,1
2024-12,Residential,FRESNO,Account Status Review,Low,Open,1,1,1,0,0,0,0,0,0,1
2024-12,Residential,FRESNO,Account Status Review,Medium,Closed,1,1,0,0,1,0,0,0,1,0
2024-12,Residential,FRESNO,Account Status Review,Medium,Open,2,2,2,0,0,0,0,0,2,0
2024-12,Residential,FRESNO,Meter Data Investigation,Medium,Open,1,1,1,0,0,0,0,0,1,0
2024-12,Residential,FRESNO,Missing Read Investigation,High,Closed,1,1,0,0,1,0,0,1,0,0
2024-12,Residential,FRESNO,Missing Read Investigation,Medium,In Progress,1,1,0,1,0,0,0,0,1,0
2024-12,Residential,FRESNO,Outage Follow Up,Low,Cancelled,1,1,0,0,0,1,0,0,0,1
2024-12,Residential,FRESNO,Rate Plan Change,High,Open,1,1,1,0,0,0,0,1,0,0
2024-12,Residential,GLENN,Account Status Review,Low,Cancelled,1,1,0,0,0,1,0,0,0,1
2024-12,Residential,GLENN,Missing Read Investigation,Low,Closed,1,1,0,0,1,0,0,0,0,1
2024-12,Residential,HUMBOLDT,High Bill Inquiry,High,Open,1,1,1,0,0,0,0,1,0,0
2024-12,Residential,KERN,Account Status Review,Critical,Closed,1,1,0,0,1,0,1,0,0,0
2024-12,Residential,KERN,Account Status Review,High,Closed,1,1,0,0,1,0,0,1,0,0
2024-12,Residential,KERN,Account Status Review,Low,Cancelled,1,1,0,0,0,1,0,0,0,1
2024-12,Residential,KERN,Account Status Review,Low,Closed,6,6,0,0,6,0,0,0,0,6
2024-12,Residential,KERN,Account Status Review,Low,Open,1,1,1,0,0,0,0,0,0,1
2024-12,Residential,KERN,Account Status Review,Medium,Cancelled,1,1,0,0,0,1,0,0,1,0
2024-12,Residential,KERN,Account Status Review,Medium,Closed,3,3,0,0,3,0,0,0,3,0
2024-12,Residential,KERN,Account Status Review,Medium,In Progress,3,3,0,3,0,0,0,0,3,0
2024-12,Residential,KERN,Account Status Review,Medium,Open,2,2,2,0,0,0,0,0,2,0
2024-12,Residential,KERN,Meter Data Investigation,Critical,Closed,1,1,0,0,1,0,1,0,0,0
2024-12,Residential,KERN,Meter Data Investigation,High,Closed,1,1,0,0,1,0,0,1,0,0
2024-12,Residential,KERN,Meter Data Investigation,Low,Closed,1,1,0,0,1,0,0,0,0,1
2024-12,Residential,KERN,Meter Data Investigation,Medium,Closed,2,2,0,0,2,0,0,0,2,0
2024-12,Residential,KERN,Missing Read Investigation,Critical,Open,1,1,1,0,0,0,1,0,0,0
2024-12,Residential,KERN,Missing Read Investigation,Low,Closed,1,1,0,0,1,0,0,0,0,1
2024-12,Residential,KERN,Missing Read Investigation,Low,Open,1,1,1,0,0,0,0,0,0,1
2024-12,Residential,KERN,Missing Read Investigation,Medium,Cancelled,1,1,0,0,0,1,0,0,1,0
2024-12,Residential,KERN,Missing Read Investigation,Medium,Open,1,1,1,0,0,0,0,0,1,0
2024-12,Residential,KERN,Outage Follow Up,Medium,Cancelled,1,1,0,0,0,1,0,0,1,0
2024-12,Residential,KERN,Rate Plan Change,Low,In Progress,1,1,0,1,0,0,0,0,0,1
2024-12,Residential,KINGS,Account Status Review,Medium,Closed,1,1,0,0,1,0,0,0,1,0
2024-12,Residential,KINGS,Account Status Review,Medium,Open,3,3,3,0,0,0,0,0,3,0
2024-12,Residential,KINGS,Missing Read Investigation,Medium,Open,1,1,1,0,0,0,0,0,1,0
2024-12,Residential,KINGS,Outage Follow Up,Low,Closed,1,1,0,0,1,0,0,0,0,1
2024-12,Residential,MADERA,Account Status Review,Low,Closed,2,2,0,0,2,0,0,0,0,2
2024-12,Residential,MADERA,Account Status Review,Low,In Progress,1,1,0,1,0,0,0,0,0,1
2024-12,Residential,MADERA,Account Status Review,Medium,In Progress,1,1,0,1,0,0,0,0,1,0
2024-12,Residential,MARIN,Account Status Review,Medium,In Progress,1,1,0,1,0,0,0,0,1,0
2024-12,Residential,MARIN,Meter Data Investigation,Low,Closed,1,1,0,0,1,0,0,0,0,1
2024-12,Residential,MARIN,Outage Follow Up,Low,Closed,1,1,0,0,1,0,0,0,0,1
2024-12,Residential,MENDOCINO,Account Status Review,Medium,Closed,1,1,0,0,1,0,0,0,1,0
2024-12,Residential,MENDOCINO,Missing Read Investigation,Medium,Open,1,1,1,0,0,0,0,0,1,0
2024-12,Residential,MERCED,Account Status Review,Critical,Closed,1,1,0,0,1,0,1,0,0,0
2024-12,Residential,MERCED,Account Status Review,High,Closed,1,1,0,0,1,0,0,1,0,0
2024-12,Residential,MERCED,Account Status Review,Medium,Closed,2,2,0,0,2,0,0,0,2,0
2024-12,Residential,MERCED,Account Status Review,Medium,In Progress,1,1,0,1,0,0,0,0,1,0
2024-12,Residential,MERCED,Missing Read Investigation,High,Closed,1,1,0,0,1,0,0,1,0,0
2024-12,Residential,MONTEREY,Account Status Review,High,Cancelled,1,1,0,0,0,1,0,1,0,0
2024-12,Residential,MONTEREY,Account Status Review,Low,Closed,1,1,0,0,1,0,0,0,0,1
2024-12,Residential,MONTEREY,Account Status Review,Low,Open,1,1,1,0,0,0,0,0,0,1
2024-12,Residential,NAPA,Account Status Review,Medium,Cancelled,1,1,0,0,0,1,0,0,1,0
2024-12,Residential,NAPA,Account Status Review,Medium,In Progress,1,1,0,1,0,0,0,0,1,0
2024-12,Residential,NAPA,Missing Read Investigation,Low,Closed,1,1,0,0,1,0,0,0,0,1
2024-12,Residential,PLACER,Account Status Review,High,In Progress,1,1,0,1,0,0,0,1,0,0
2024-12,Residential,PLACER,Account Status Review,Low,Closed,3,3,0,0,3,0,0,0,0,3
2024-12,Residential,PLACER,Account Status Review,Medium,Cancelled,1,1,0,0,0,1,0,0,1,0
2024-12,Residential,PLACER,Account Status Review,Medium,Closed,2,2,0,0,2,0,0,0,2,0
2024-12,Residential,PLACER,Account Status Review,Medium,In Progress,1,1,0,1,0,0,0,0,1,0
2024-12,Residential,PLACER,Account Status Review,Medium,Open,1,1,1,0,0,0,0,0,1,0
2024-12,Residential,PLACER,Outage Follow Up,Medium,Closed,1,1,0,0,1,0,0,0,1,0
2024-12,Residential,SAN FRANCISCO,Account Status Review,High,In Progress,1,1,0,1,0,0,0,1,0,0
2024-12,Residential,SAN FRANCISCO,Account Status Review,Low,Closed,1,1,0,0,1,0,0,0,0,1
2024-12,Residential,SAN FRANCISCO,Account Status Review,Medium,Closed,1,1,0,0,1,0,0,0,1,0
2024-12,Residential,SAN FRANCISCO,Account Status Review,Medium,Open,1,1,1,0,0,0,0,0,1,0
2024-12,Residential,SAN FRANCISCO,Meter Data Investigation,High,Closed,1,1,0,0,1,0,0,1,0,0
2024-12,Residential,SAN FRANCISCO,Missing Read Investigation,High,In Progress,1,1,0,1,0,0,0,1,0,0
2024-12,Residential,SAN FRANCISCO,Outage Follow Up,High,Closed,1,1,0,0,1,0,0,1,0,0
2024-12,Residential,SAN FRANCISCO,Rate Plan Change,High,Cancelled,1,1,0,0,0,1,0,1,0,0
2024-12,Residential,SAN FRANCISCO,Rate Plan Change,Medium,Open,1,1,1,0,0,0,0,0,1,0
2024-12,Residential,SAN JOAQUIN,Account Status Review,High,Cancelled,1,1,0,0,0,1,0,1,0,0
2024-12,Residential,SAN JOAQUIN,Account Status Review,High,Closed,1,1,0,0,1,0,0,1,0,0
2024-12,Residential,SAN JOAQUIN,Account Status Review,High,In Progress,1,1,0,1,0,0,0,1,0,0
2024-12,Residential,SAN JOAQUIN,Account Status Review,High,Open,1,1,1,0,0,0,0,1,0,0
2024-12,Residential,SAN JOAQUIN,Account Status Review,Low,Open,1,1,1,0,0,0,0,0,0,1
2024-12,Residential,SAN JOAQUIN,Account Status Review,Medium,Cancelled,1,1,0,0,0,1,0,0,1,0
2024-12,Residential,SAN JOAQUIN,Missing Read Investigation,Medium,In Progress,1,1,0,1,0,0,0,0,1,0
2024-12,Residential,SAN JOAQUIN,Outage Follow Up,Medium,Closed,1,1,0,0,1,0,0,0,1,0
2024-12,Residential,SAN LUIS OBISPO,Account Status Review,Low,In Progress,1,1,0,1,0,0,0,0,0,1
2024-12,Residential,SAN MATEO,Account Status Review,Critical,Closed,1,1,0,0,1,0,1,0,0,0
2024-12,Residential,SAN MATEO,Account Status Review,Critical,In Progress,1,1,0,1,0,0,1,0,0,0
2024-12,Residential,SAN MATEO,Account Status Review,High,Closed,1,1,0,0,1,0,0,1,0,0
2024-12,Residential,SAN MATEO,Account Status Review,Low,Closed,3,3,0,0,3,0,0,0,0,3
2024-12,Residential,SAN MATEO,Account Status Review,Medium,Open,1,1,1,0,0,0,0,0,1,0
2024-12,Residential,SANTA BARBARA,Account Status Review,Critical,Closed,1,1,0,0,1,0,1,0,0,0
2024-12,Residential,SANTA BARBARA,Account Status Review,Medium,Closed,1,1,0,0,1,0,0,0,1,0
2024-12,Residential,SANTA BARBARA,Meter Issue,Low,Closed,1,1,0,0,1,0,0,0,0,1
2024-12,Residential,SANTA BARBARA,Rate Plan Change,Low,Closed,1,1,0,0,1,0,0,0,0,1
2024-12,Residential,SANTA CLARA,Account Status Review,Critical,In Progress,1,1,0,1,0,0,1,0,0,0
2024-12,Residential,SANTA CLARA,Account Status Review,High,Closed,5,5,0,0,5,0,0,5,0,0
2024-12,Residential,SANTA CLARA,Account Status Review,Low,Closed,2,2,0,0,2,0,0,0,0,2
2024-12,Residential,SANTA CLARA,Account Status Review,Low,In Progress,1,1,0,1,0,0,0,0,0,1
2024-12,Residential,SANTA CLARA,Account Status Review,Low,Open,1,1,1,0,0,0,0,0,0,1
2024-12,Residential,SANTA CLARA,Account Status Review,Medium,Closed,4,4,0,0,4,0,0,0,4,0
2024-12,Residential,SANTA CLARA,Account Status Review,Medium,Open,3,3,3,0,0,0,0,0,3,0
2024-12,Residential,SANTA CLARA,High Bill Inquiry,Low,Closed,1,1,0,0,1,0,0,0,0,1
2024-12,Residential,SANTA CLARA,High Bill Inquiry,Medium,Closed,3,3,0,0,3,0,0,0,3,0
2024-12,Residential,SANTA CLARA,Meter Data Investigation,High,Closed,2,2,0,0,2,0,0,2,0,0
2024-12,Residential,SANTA CLARA,Meter Data Investigation,Low,Closed,1,1,0,0,1,0,0,0,0,1
2024-12,Residential,SANTA CLARA,Meter Data Investigation,Medium,Closed,1,1,0,0,1,0,0,0,1,0
2024-12,Residential,SANTA CLARA,Missing Read Investigation,Critical,Closed,1,1,0,0,1,0,1,0,0,0
2024-12,Residential,SANTA CLARA,Missing Read Investigation,Low,Closed,2,2,0,0,2,0,0,0,0,2
2024-12,Residential,SANTA CLARA,Missing Read Investigation,Medium,Closed,1,1,0,0,1,0,0,0,1,0
2024-12,Residential,SANTA CLARA,Missing Read Investigation,Medium,In Progress,1,1,0,1,0,0,0,0,1,0
2024-12,Residential,SOLANO,Account Status Review,Critical,In Progress,1,1,0,1,0,0,1,0,0,0
2024-12,Residential,SOLANO,Account Status Review,Low,Closed,1,1,0,0,1,0,0,0,0,1
2024-12,Residential,SOLANO,High Bill Inquiry,High,Open,1,1,1,0,0,0,0,1,0,0
2024-12,Residential,SOLANO,Missing Read Investigation,Low,Closed,1,1,0,0,1,0,0,0,0,1
2024-12,Residential,SOLANO,Missing Read Investigation,Medium,Closed,1,1,0,0,1,0,0,0,1,0
2024-12,Residential,SOLANO,Outage Follow Up,Low,Closed,1,1,0,0,1,0,0,0,0,1
2024-12,Residential,SOLANO,Outage Follow Up,Medium,In Progress,1,1,0,1,0,0,0,0,1,0
2024-12,Residential,SONOMA,Account Status Review,High,In Progress,1,1,0,1,0,0,0,1,0,0
2024-12,Residential,SONOMA,Account Status Review,Low,In Progress,2,2,0,2,0,0,0,0,0,2
2024-12,Residential,SONOMA,Meter Data Investigation,Medium,Open,1,1,1,0,0,0,0,0,1,0
2024-12,Residential,SUTTER,Account Status Review,Medium,Closed,2,2,0,0,2,0,0,0,2,0
2024-12,Residential,YOLO,Account Status Review,Low,Closed,1,1,0,0,1,0,0,0,0,1
2024-12,Residential,YOLO,Account Status Review,Medium,Closed,1,1,0,0,1,0,0,0,1,0
2024-12,Residential,YOLO,Missing Read Investigation,Low,Cancelled,1,1,0,0,0,1,0,0,0,1
2024-12,Residential,YOLO,Missing Read Investigation,Low,Closed,1,1,0,0,1,0,0,0,0,1
2024-12,Residential,YUBA,Account Status Review,Low,Closed,1,1,0,0,1,0,0,0,0,1
2024-12,Streetlighting,SAN JOAQUIN,Account Status Review,Medium,Closed,1,1,0,0,1,0,0,0,1,0
2024-12,"Transportation, Communications, & Utilities",SANTA CLARA,Missing Read Investigation,High,Closed,1,1,0,0,1,0,0,1,0,0
